<?xml version="1.0" encoding="UTF-8"?>

<verses>
  <verse>
    <verseIdArabic>١</verseIdArabic>
    <verseId>1</verseId>
    <chapterId>100</chapterId>
    <textIndopak>وَٱلۡعَٰدِيَٰتِ ضَبۡحٗا</textIndopak>
    <translations>
      <translation>
        <author>King Fahad Quran Complex</author>
        <text>Demi kuda perang yang berlari kencang dengan terengah-engah,</text>
      </translation>
    </translations>
    <rules>[{"start": 18, "end": 20, "rule_id": 1}]</rules>
  </verse>
  <verse>
    <verseIdArabic>٢</verseIdArabic>
    <verseId>2</verseId>
    <chapterId>100</chapterId>
    <textIndopak>فَٱلۡمُورِيَٰتِ قَدۡحٗا</textIndopak>
    <translations>
      <translation>
        <author>King Fahad Quran Complex</author>
        <text>dan kuda yang mencetuskan api dengan pukulan (kuku kakinya),</text>
      </translation>
    </translations>
    <rules>[{"start": 18, "end": 20, "rule_id": 1}]</rules>
  </verse>
  <verse>
    <verseIdArabic>٣</verseIdArabic>
    <verseId>3</verseId>
    <chapterId>100</chapterId>
    <textIndopak>فَٱلۡمُغِيرَٰتِ صُبۡحٗا</textIndopak>
    <translations>
      <translation>
        <author>King Fahad Quran Complex</author>
        <text>dan kuda yang menyerang dengan tiba-tiba di waktu pagi,</text>
      </translation>
    </translations>
    <rules>[{"start": 18, "end": 20, "rule_id": 1}]</rules>
  </verse>
  <verse>
    <verseIdArabic>٤</verseIdArabic>
    <verseId>4</verseId>
    <chapterId>100</chapterId>
    <textIndopak>فَأَثَرۡنَ بِهِۦ نَقۡعٗا</textIndopak>
    <translations>
      <translation>
        <author>King Fahad Quran Complex</author>
        <text>maka ia menerbangkan debu,</text>
      </translation>
    </translations>
    <rules>[{"start": 19, "end": 21, "rule_id": 1}]</rules>
  </verse>
  <verse>
    <verseIdArabic>٥</verseIdArabic>
    <verseId>5</verseId>
    <chapterId>100</chapterId>
    <textIndopak>فَوَسَطۡنَ بِهِۦ جَمۡعًا</textIndopak>
    <translations>
      <translation>
        <author>King Fahad Quran Complex</author>
        <text>dan menyerbu ke tengah-tengah kumpulan musuh,</text>
      </translation>
    </translations>
    <rules>[{"start": 6, "end": 8, "rule_id": 1}]</rules>
  </verse>
  <verse>
    <verseIdArabic>٦</verseIdArabic>
    <verseId>6</verseId>
    <chapterId>100</chapterId>
    <textIndopak>إِنَّ ٱلۡإِنسَٰنَ لِرَبِّهِۦ لَكَنُودٞ</textIndopak>
    <translations>
      <translation>
        <author>King Fahad Quran Complex</author>
        <text>sesungguhnya manusia itu sangat ingkar tidak berterima kasih kepada Tuhan-nya,</text>
      </translation>
    </translations>
    <rules>[{"start": 2, "end": 5, "rule_id": 0}, {"start": 36, "end": 38, "rule_id": 1}, {"start": 11, "end": 15, "rule_id": 6}]</rules>
  </verse>
  <verse>
    <verseIdArabic>٧</verseIdArabic>
    <verseId>7</verseId>
    <chapterId>100</chapterId>
    <textIndopak>وَإِنَّهُۥ عَلَىٰ ذَٰلِكَ لَشَهِيدٞ</textIndopak>
    <translations>
      <translation>
        <author>King Fahad Quran Complex</author>
        <text>dan sesungguhnya manusia itu menyaksikan (sendiri) keingkarannya,</text>
      </translation>
    </translations>
    <rules>[{"start": 4, "end": 7, "rule_id": 0}, {"start": 33, "end": 35, "rule_id": 1}]</rules>
  </verse>
  <verse>
    <verseIdArabic>٨</verseIdArabic>
    <verseId>8</verseId>
    <chapterId>100</chapterId>
    <textIndopak>وَإِنَّهُۥ لِحُبِّ ٱلۡخَيۡرِ لَشَدِيدٌ</textIndopak>
    <translations>
      <translation>
        <author>King Fahad Quran Complex</author>
        <text>dan sesungguhnya dia sangat bakhil karena cintanya kepada harta.</text>
      </translation>
    </translations>
    <rules>[{"start": 4, "end": 7, "rule_id": 0}, {"start": 36, "end": 38, "rule_id": 1}]</rules>
  </verse>
  <verse>
    <verseIdArabic>٩</verseIdArabic>
    <verseId>9</verseId>
    <chapterId>100</chapterId>
    <textIndopak>۞ أَفَلَا يَعۡلَمُ إِذَا بُعۡثِرَ مَا فِي ٱلۡقُبُورِ</textIndopak>
    <translations>
      <translation>
        <author>King Fahad Quran Complex</author>
        <text>Maka apakah dia tidak mengetahui apabila dibangkitkan apa yang ada di dalam kubur,</text>
      </translation>
    </translations>
  </verse>
  <verse>
    <verseIdArabic>١٠</verseIdArabic>
    <verseId>10</verseId>
    <chapterId>100</chapterId>
    <textIndopak>وَحُصِّلَ مَا فِي ٱلصُّدُورِ</textIndopak>
    <translations>
      <translation>
        <author>King Fahad Quran Complex</author>
        <text>dan dilahirkan apa yang ada di dalam dada,</text>
      </translation>
    </translations>
  </verse>
  <verse>
    <verseIdArabic>١١</verseIdArabic>
    <verseId>11</verseId>
    <chapterId>100</chapterId>
    <textIndopak>إِنَّ رَبَّهُم بِهِمۡ يَوۡمَئِذٖ لَّخَبِيرُۢ</textIndopak>
    <translations>
      <translation>
        <author>King Fahad Quran Complex</author>
        <text>sesungguhnya Tuhan mereka pada hari itu Maha Mengetahui keadaan mereka.</text>
      </translation>
    </translations>
    <rules>[{"start": 2, "end": 5, "rule_id": 0}, {"start": 30, "end": 36, "rule_id": 5}, {"start": 13, "end": 17, "rule_id": 7}]</rules>
  </verse>
</verses>
