<?xml version="1.0" encoding="UTF-8"?>

<verses>
  <verse>
    <verseIdArabic>١</verseIdArabic>
    <verseId>1</verseId>
    <chapterId>101</chapterId>
    <textIndopak>ٱلۡقَارِعَةُ</textIndopak>
    <translations>
      <translation>
        <author>King Fahad Quran Complex</author>
        <text>Hari kiamat,</text>
      </translation>
    </translations>
  </verse>
  <verse>
    <verseIdArabic>٢</verseIdArabic>
    <verseId>2</verseId>
    <chapterId>101</chapterId>
    <textIndopak>مَا ٱلۡقَارِعَةُ</textIndopak>
    <translations>
      <translation>
        <author>King Fahad Quran Complex</author>
        <text>apakah hari kiamat itu?</text>
      </translation>
    </translations>
  </verse>
  <verse>
    <verseIdArabic>٣</verseIdArabic>
    <verseId>3</verseId>
    <chapterId>101</chapterId>
    <textIndopak>وَمَآ أَدۡرَىٰكَ مَا ٱلۡقَارِعَةُ</textIndopak>
    <translations>
      <translation>
        <author>King Fahad Quran Complex</author>
        <text>Tahukah kamu apakah hari kiamat itu?</text>
      </translation>
    </translations>
    <rules>[{"start": 9, "end": 11, "rule_id": 1}]</rules>
  </verse>
  <verse>
    <verseIdArabic>٤</verseIdArabic>
    <verseId>4</verseId>
    <chapterId>101</chapterId>
    <textIndopak>يَوۡمَ يَكُونُ ٱلنَّاسُ كَٱلۡفَرَاشِ ٱلۡمَبۡثُوثِ</textIndopak>
    <translations>
      <translation>
        <author>King Fahad Quran Complex</author>
        <text>Pada hari itu manusia adalah seperti kupu-kupu yang bertebaran,</text>
      </translation>
    </translations>
    <rules>[{"start": 17, "end": 20, "rule_id": 0}, {"start": 42, "end": 44, "rule_id": 1}]</rules>
  </verse>
  <verse>
    <verseIdArabic>٥</verseIdArabic>
    <verseId>5</verseId>
    <chapterId>101</chapterId>
    <textIndopak>وَتَكُونُ ٱلۡجِبَالُ كَٱلۡعِهۡنِ ٱلۡمَنفُوشِ</textIndopak>
    <translations>
      <translation>
        <author>King Fahad Quran Complex</author>
        <text>dan gunung-gunung adalah seperti bulu yang dihambur-hamburkan.</text>
      </translation>
    </translations>
    <rules>[{"start": 38, "end": 41, "rule_id": 6}]</rules>
  </verse>
  <verse>
    <verseIdArabic>٦</verseIdArabic>
    <verseId>6</verseId>
    <chapterId>101</chapterId>
    <textIndopak>فَأَمَّا مَن ثَقُلَتۡ مَوَٰزِينُهُۥ</textIndopak>
    <translations>
      <translation>
        <author>King Fahad Quran Complex</author>
        <text>Dan adapun orang-orang yang berat timbangan (kebaikan)nya,</text>
      </translation>
    </translations>
    <rules>[{"start": 4, "end": 7, "rule_id": 0}, {"start": 11, "end": 15, "rule_id": 6}]</rules>
  </verse>
  <verse>
    <verseIdArabic>٧</verseIdArabic>
    <verseId>7</verseId>
    <chapterId>101</chapterId>
    <textIndopak>فَهُوَ فِي عِيشَةٖ رَّاضِيَةٖ</textIndopak>
    <translations>
      <translation>
        <author>King Fahad Quran Complex</author>
        <text>maka dia berada dalam kehidupan yang memuaskan.</text>
      </translation>
    </translations>
    <rules>[{"start": 16, "end": 22, "rule_id": 5}]</rules>
  </verse>
  <verse>
    <verseIdArabic>٨</verseIdArabic>
    <verseId>8</verseId>
    <chapterId>101</chapterId>
    <textIndopak>وَأَمَّا مَنۡ خَفَّتۡ مَوَٰزِينُهُۥ</textIndopak>
    <translations>
      <translation>
        <author>King Fahad Quran Complex</author>
        <text>Dan adapun orang-orang yang ringan timbangan (kebaikan)nya,</text>
      </translation>
    </translations>
    <rules>[{"start": 4, "end": 7, "rule_id": 0}]</rules>
  </verse>
  <verse>
    <verseIdArabic>٩</verseIdArabic>
    <verseId>9</verseId>
    <chapterId>101</chapterId>
    <textIndopak>فَأُمُّهُۥ هَاوِيَةٞ</textIndopak>
    <translations>
      <translation>
        <author>King Fahad Quran Complex</author>
        <text>maka tempat kembalinya adalah neraka Hāwiyah.</text>
      </translation>
    </translations>
    <rules>[{"start": 4, "end": 7, "rule_id": 0}]</rules>
  </verse>
  <verse>
    <verseIdArabic>١٠</verseIdArabic>
    <verseId>10</verseId>
    <chapterId>101</chapterId>
    <textIndopak>وَمَآ أَدۡرَىٰكَ مَا هِيَهۡ</textIndopak>
    <translations>
      <translation>
        <author>King Fahad Quran Complex</author>
        <text>Tahukah kamu apakah neraka Hāwiyah itu?</text>
      </translation>
    </translations>
    <rules>[{"start": 9, "end": 11, "rule_id": 1}]</rules>
  </verse>
  <verse>
    <verseIdArabic>١١</verseIdArabic>
    <verseId>11</verseId>
    <chapterId>101</chapterId>
    <textIndopak>نَارٌ حَامِيَةُۢ</textIndopak>
    <translations>
      <translation>
        <author>King Fahad Quran Complex</author>
        <text>(Yaitu) api yang sangat panas.</text>
      </translation>
    </translations>
  </verse>
</verses>
