<?xml version="1.0" encoding="UTF-8"?>

<verses>
  <verse>
    <verseIdArabic>١</verseIdArabic>
    <verseId>1</verseId>
    <chapterId>102</chapterId>
    <textIndopak>أَلۡهَىٰكُمُ ٱلتَّكَاثُرُ</textIndopak>
    <translations>
      <translation>
        <author>King Fahad Quran Complex</author>
        <text>Bermegah-megahan telah melalaikan kamu,</text>
      </translation>
    </translations>
  </verse>
  <verse>
    <verseIdArabic>٢</verseIdArabic>
    <verseId>2</verseId>
    <chapterId>102</chapterId>
    <textIndopak>حَتَّىٰ زُرۡتُمُ ٱلۡمَقَابِرَ</textIndopak>
    <translations>
      <translation>
        <author>King Fahad Quran Complex</author>
        <text>sampai kamu masuk ke dalam kubur.</text>
      </translation>
    </translations>
  </verse>
  <verse>
    <verseIdArabic>٣</verseIdArabic>
    <verseId>3</verseId>
    <chapterId>102</chapterId>
    <textIndopak>كـَلَّا سَوۡفَ تَعۡلَمُونَ</textIndopak>
    <translations>
      <translation>
        <author>King Fahad Quran Complex</author>
        <text>Janganlah begitu, kelak kamu akan mengetahui (akibat perbuatanmu itu),</text>
      </translation>
    </translations>
  </verse>
  <verse>
    <verseIdArabic>٤</verseIdArabic>
    <verseId>4</verseId>
    <chapterId>102</chapterId>
    <textIndopak>ثُمَّ كـَلَّا سَوۡفَ تَعۡلَمُونَ</textIndopak>
    <translations>
      <translation>
        <author>King Fahad Quran Complex</author>
        <text>dan janganlah begitu, kelak kamu akan mengetahui.</text>
      </translation>
    </translations>
    <rules>[{"start": 2, "end": 5, "rule_id": 0}]</rules>
  </verse>
  <verse>
    <verseIdArabic>٥</verseIdArabic>
    <verseId>5</verseId>
    <chapterId>102</chapterId>
    <textIndopak>كـَلَّا لَوۡ تَعۡلَمُونَ عِلۡمَ ٱلۡيَقِينِ</textIndopak>
    <translations>
      <translation>
        <author>King Fahad Quran Complex</author>
        <text>Janganlah begitu, jika kamu mengetahui dengan pengetahuan yang yakin,</text>
      </translation>
    </translations>
  </verse>
  <verse>
    <verseIdArabic>٦</verseIdArabic>
    <verseId>6</verseId>
    <chapterId>102</chapterId>
    <textIndopak>لَتَرَوُنَّ ٱلۡجَحِيمَ</textIndopak>
    <translations>
      <translation>
        <author>King Fahad Quran Complex</author>
        <text>niscaya kamu benar-benar akan melihat neraka Jaḥīm,</text>
      </translation>
    </translations>
    <rules>[{"start": 8, "end": 11, "rule_id": 0}]</rules>
  </verse>
  <verse>
    <verseIdArabic>٧</verseIdArabic>
    <verseId>7</verseId>
    <chapterId>102</chapterId>
    <textIndopak>ثُمَّ لَتَرَوُنَّهَا عَيۡنَ ٱلۡيَقِينِ</textIndopak>
    <translations>
      <translation>
        <author>King Fahad Quran Complex</author>
        <text>dan sesungguhnya kamu benar-benar akan melihatnya dengan ainul yakin.</text>
      </translation>
    </translations>
    <rules>[{"start": 2, "end": 5, "rule_id": 0}, {"start": 14, "end": 17, "rule_id": 0}]</rules>
  </verse>
  <verse>
    <verseIdArabic>٨</verseIdArabic>
    <verseId>8</verseId>
    <chapterId>102</chapterId>
    <textIndopak>ثُمَّ لَتُسۡـَٔلُنَّ يَوۡمَئِذٍ عَنِ ٱلنَّعِيمِ</textIndopak>
    <translations>
      <translation>
        <author>King Fahad Quran Complex</author>
        <text>kemudian kamu pasti akan ditanyai pada hari itu tentang kenikmatan (yang kamu megah-megahkan di dunia itu).</text>
      </translation>
    </translations>
    <rules>[{"start": 2, "end": 5, "rule_id": 0}, {"start": 17, "end": 20, "rule_id": 0}, {"start": 39, "end": 42, "rule_id": 0}]</rules>
  </verse>
</verses>
