<?xml version="1.0" encoding="UTF-8"?>

<verses>
  <verse>
    <verseIdArabic>١</verseIdArabic>
    <verseId>1</verseId>
    <chapterId>103</chapterId>
    <textIndopak>وَٱلۡعَصۡرِ</textIndopak>
    <translations>
      <translation>
        <author>King Fahad Quran Complex</author>
        <text>Demi masa.</text>
      </translation>
    </translations>
  </verse>
  <verse>
    <verseIdArabic>٢</verseIdArabic>
    <verseId>2</verseId>
    <chapterId>103</chapterId>
    <textIndopak>إِنَّ ٱلۡإِنسَٰنَ لَفِي خُسۡرٍ</textIndopak>
    <translations>
      <translation>
        <author>King Fahad Quran Complex</author>
        <text>Sesungguhnya manusia itu benar-benar dalam kerugian,</text>
      </translation>
    </translations>
    <rules>[{"start": 2, "end": 5, "rule_id": 0}, {"start": 11, "end": 15, "rule_id": 6}]</rules>
  </verse>
  <verse>
    <verseIdArabic>٣</verseIdArabic>
    <verseId>3</verseId>
    <chapterId>103</chapterId>
    <textIndopak>إِلَّا ٱلَّذِينَ ءَامَنُواْ وَعَمِلُواْ ٱلصَّٰلِحَٰتِ وَتَوَاصَوۡاْ بِٱلۡحَقِّ وَتَوَاصَوۡاْ بِٱلصَّبۡرِ</textIndopak>
    <translations>
      <translation>
        <author>King Fahad Quran Complex</author>
        <text>kecuali orang-orang yang beriman dan mengerjakan amal saleh, dan nasihat menasihati supaya mentaati kebenaran, dan nasihat menasihati supaya menetapi kesabaran.</text>
      </translation>
    </translations>
    <rules>[{"start": 100, "end": 102, "rule_id": 1}]</rules>
  </verse>
</verses>
