<?xml version="1.0" encoding="UTF-8"?>

<verses>
  <verse>
    <verseIdArabic>١</verseIdArabic>
    <verseId>1</verseId>
    <chapterId>106</chapterId>
    <textIndopak>لِإِيلَٰفِ قُرَيۡشٍ</textIndopak>
    <translations>
      <translation>
        <author>King Fahad Quran Complex</author>
        <text>Karena kebiasaan orang-orang Quraisy,</text>
      </translation>
    </translations>
  </verse>
  <verse>
    <verseIdArabic>٢</verseIdArabic>
    <verseId>2</verseId>
    <chapterId>106</chapterId>
    <textIndopak>إِۦلَٰفِهِمۡ رِحۡلَةَ ٱلشِّتَآءِ وَٱلصَّيۡفِ</textIndopak>
    <translations>
      <translation>
        <author>King Fahad Quran Complex</author>
        <text>(yaitu) kebiasaan mereka bepergian pada musim dingin dan musim panas.</text>
      </translation>
    </translations>
  </verse>
  <verse>
    <verseIdArabic>٣</verseIdArabic>
    <verseId>3</verseId>
    <chapterId>106</chapterId>
    <textIndopak>فَلۡيَعۡبُدُواْ رَبَّ هَٰذَا ٱلۡبَيۡتِ</textIndopak>
    <translations>
      <translation>
        <author>King Fahad Quran Complex</author>
        <text>Maka hendaklah mereka menyembah Tuhan pemilik rumah ini (Kakbah).</text>
      </translation>
    </translations>
  </verse>
  <verse>
    <verseIdArabic>٤</verseIdArabic>
    <verseId>4</verseId>
    <chapterId>106</chapterId>
    <textIndopak>ٱلَّذِيٓ أَطۡعَمَهُم مِّن جُوعٖ وَءَامَنَهُم مِّنۡ خَوۡفِۭ</textIndopak>
    <translations>
      <translation>
        <author>King Fahad Quran Complex</author>
        <text>Yang telah memberi makanan kepada mereka untuk menghilangkan lapar dan mengamankan mereka dari ketakutan.</text>
      </translation>
    </translations>
    <rules>[{"start": 21, "end": 24, "rule_id": 0}, {"start": 45, "end": 48, "rule_id": 0}, {"start": 11, "end": 13, "rule_id": 1}, {"start": 29, "end": 34, "rule_id": 3}, {"start": 19, "end": 24, "rule_id": 4}, {"start": 43, "end": 48, "rule_id": 4}, {"start": 24, "end": 28, "rule_id": 6}]</rules>
  </verse>
</verses>
