<?xml version="1.0" encoding="UTF-8"?>

<verses>
  <verse>
    <verseIdArabic>١</verseIdArabic>
    <verseId>1</verseId>
    <chapterId>107</chapterId>
    <textIndopak>أَرَءَيۡتَ ٱلَّذِي يُكَذِّبُ بِٱلدِّينِ</textIndopak>
    <translations>
      <translation>
        <author>King Fahad Quran Complex</author>
        <text>Tahukah kamu (orang) yang mendustakan agama?</text>
      </translation>
    </translations>
  </verse>
  <verse>
    <verseIdArabic>٢</verseIdArabic>
    <verseId>2</verseId>
    <chapterId>107</chapterId>
    <textIndopak>فَذَٰلِكَ ٱلَّذِي يَدُعُّ ٱلۡيَتِيمَ</textIndopak>
    <translations>
      <translation>
        <author>King Fahad Quran Complex</author>
        <text>Itulah orang yang menghardik anak yatim,</text>
      </translation>
    </translations>
  </verse>
  <verse>
    <verseIdArabic>٣</verseIdArabic>
    <verseId>3</verseId>
    <chapterId>107</chapterId>
    <textIndopak>وَلَا يَحُضُّ عَلَىٰ طَعَامِ ٱلۡمِسۡكِينِ</textIndopak>
    <translations>
      <translation>
        <author>King Fahad Quran Complex</author>
        <text>dan tidak menganjurkan memberi makan orang miskin.</text>
      </translation>
    </translations>
  </verse>
  <verse>
    <verseIdArabic>٤</verseIdArabic>
    <verseId>4</verseId>
    <chapterId>107</chapterId>
    <textIndopak>فَوَيۡلٞ لِّلۡمُصَلِّينَ</textIndopak>
    <translations>
      <translation>
        <author>King Fahad Quran Complex</author>
        <text>Maka kecelakaanlah bagi orang-orang yang salat,</text>
      </translation>
    </translations>
    <rules>[{"start": 6, "end": 12, "rule_id": 5}]</rules>
  </verse>
  <verse>
    <verseIdArabic>٥</verseIdArabic>
    <verseId>5</verseId>
    <chapterId>107</chapterId>
    <textIndopak>ٱلَّذِينَ هُمۡ عَن صَلَاتِهِمۡ سَاهُونَ</textIndopak>
    <translations>
      <translation>
        <author>King Fahad Quran Complex</author>
        <text>(yaitu) orang-orang yang lalai dari salatnya,</text>
      </translation>
    </translations>
    <rules>[{"start": 17, "end": 21, "rule_id": 6}]</rules>
  </verse>
  <verse>
    <verseIdArabic>٦</verseIdArabic>
    <verseId>6</verseId>
    <chapterId>107</chapterId>
    <textIndopak>ٱلَّذِينَ هُمۡ يُرَآءُونَ</textIndopak>
    <translations>
      <translation>
        <author>King Fahad Quran Complex</author>
        <text>orang-orang yang berbuat ria,</text>
      </translation>
    </translations>
  </verse>
  <verse>
    <verseIdArabic>٧</verseIdArabic>
    <verseId>7</verseId>
    <chapterId>107</chapterId>
    <textIndopak>وَيَمۡنَعُونَ ٱلۡمَاعُونَ</textIndopak>
    <translations>
      <translation>
        <author>King Fahad Quran Complex</author>
        <text>dan enggan (menolong dengan) barang berguna.</text>
      </translation>
    </translations>
  </verse>
</verses>
