<?xml version="1.0" encoding="UTF-8"?>

<verses>
  <verse>
    <verseIdArabic>١</verseIdArabic>
    <verseId>1</verseId>
    <chapterId>108</chapterId>
    <textIndopak>إِنَّآ أَعۡطَيۡنَٰكَ ٱلۡكَوۡثَرَ</textIndopak>
    <translations>
      <translation>
        <author>King Fahad Quran Complex</author>
        <text>Sesungguhnya Kami telah memberikan kepadamu sebuah sungai di surga.</text>
      </translation>
    </translations>
    <rules>[{"start": 2, "end": 5, "rule_id": 0}]</rules>
  </verse>
  <verse>
    <verseIdArabic>٢</verseIdArabic>
    <verseId>2</verseId>
    <chapterId>108</chapterId>
    <textIndopak>فَصَلِّ لِرَبِّكَ وَٱنۡحَرۡ</textIndopak>
    <translations>
      <translation>
        <author>King Fahad Quran Complex</author>
        <text>Maka dirikanlah salat karena Tuhan-mu dan berkurbanlah.</text>
      </translation>
    </translations>
  </verse>
  <verse>
    <verseIdArabic>٣</verseIdArabic>
    <verseId>3</verseId>
    <chapterId>108</chapterId>
    <textIndopak>إِنَّ شَانِئَكَ هُوَ ٱلۡأَبۡتَرُ</textIndopak>
    <translations>
      <translation>
        <author>King Fahad Quran Complex</author>
        <text>Sesungguhnya orang-orang yang membenci kamu, dialah yang terputus.</text>
      </translation>
    </translations>
    <rules>[{"start": 2, "end": 5, "rule_id": 0}, {"start": 26, "end": 28, "rule_id": 1}]</rules>
  </verse>
</verses>
