<?xml version="1.0" encoding="UTF-8"?>

<verses>
  <verse>
    <verseIdArabic>١</verseIdArabic>
    <verseId>1</verseId>
    <chapterId>109</chapterId>
    <textIndopak>قُلۡ يَٰٓأَيُّهَا ٱلۡكَٰفِرُونَ</textIndopak>
    <translations>
      <translation>
        <author>King Fahad Quran Complex</author>
        <text>Katakanlah, "Hai orang-orang kafir,</text>
      </translation>
    </translations>
  </verse>
  <verse>
    <verseIdArabic>٢</verseIdArabic>
    <verseId>2</verseId>
    <chapterId>109</chapterId>
    <textIndopak>لَآ أَعۡبُدُ مَا تَعۡبُدُونَ</textIndopak>
    <translations>
      <translation>
        <author>King Fahad Quran Complex</author>
        <text>Aku tidak akan menyembah apa yang kamu sembah.</text>
      </translation>
    </translations>
  </verse>
  <verse>
    <verseIdArabic>٣</verseIdArabic>
    <verseId>3</verseId>
    <chapterId>109</chapterId>
    <textIndopak>وَلَآ أَنتُمۡ عَٰبِدُونَ مَآ أَعۡبُدُ</textIndopak>
    <translations>
      <translation>
        <author>King Fahad Quran Complex</author>
        <text>Dan kamu bukan penyembah Tuhan yang aku sembah.</text>
      </translation>
    </translations>
    <rules>[{"start": 37, "end": 39, "rule_id": 1}, {"start": 9, "end": 12, "rule_id": 6}]</rules>
  </verse>
  <verse>
    <verseIdArabic>٤</verseIdArabic>
    <verseId>4</verseId>
    <chapterId>109</chapterId>
    <textIndopak>وَلَآ أَنَا۠ عَابِدٞ مَّا عَبَدتُّمۡ</textIndopak>
    <translations>
      <translation>
        <author>King Fahad Quran Complex</author>
        <text>Dan aku tidak pernah menjadi penyembah apa yang kamu sembah,</text>
      </translation>
    </translations>
    <rules>[{"start": 22, "end": 25, "rule_id": 0}, {"start": 19, "end": 25, "rule_id": 3}]</rules>
  </verse>
  <verse>
    <verseIdArabic>٥</verseIdArabic>
    <verseId>5</verseId>
    <chapterId>109</chapterId>
    <textIndopak>وَلَآ أَنتُمۡ عَٰبِدُونَ مَآ أَعۡبُدُ</textIndopak>
    <translations>
      <translation>
        <author>King Fahad Quran Complex</author>
        <text>dan kamu tidak pernah (pula) menjadi penyembah Tuhan yang aku sembah.</text>
      </translation>
    </translations>
    <rules>[{"start": 37, "end": 39, "rule_id": 1}, {"start": 9, "end": 12, "rule_id": 6}]</rules>
  </verse>
  <verse>
    <verseIdArabic>٦</verseIdArabic>
    <verseId>6</verseId>
    <chapterId>109</chapterId>
    <textIndopak>لَكُمۡ دِينُكُمۡ وَلِيَ دِينِ</textIndopak>
    <translations>
      <translation>
        <author>King Fahad Quran Complex</author>
        <text>Untukmulah agamamu dan untukkulah agamaku".</text>
      </translation>
    </translations>
  </verse>
</verses>
