<?xml version="1.0" encoding="UTF-8"?>

<verses>
  <verse>
    <verseIdArabic>١</verseIdArabic>
    <verseId>1</verseId>
    <chapterId>111</chapterId>
    <textIndopak>تَبَّتۡ يَدَآ أَبِي لَهَبٖ وَتَبَّ</textIndopak>
    <translations>
      <translation>
        <author>King Fahad Quran Complex</author>
        <text>Binasalah kedua tangan Abu Lahab dan sesungguhnya dia akan binasa.</text>
      </translation>
    </translations>
    <rules>[{"start": 32, "end": 35, "rule_id": 1}, {"start": 25, "end": 30, "rule_id": 3}]</rules>
  </verse>
  <verse>
    <verseIdArabic>٢</verseIdArabic>
    <verseId>2</verseId>
    <chapterId>111</chapterId>
    <textIndopak>مَآ أَغۡنَىٰ عَنۡهُ مَالُهُۥ وَمَا كَسَبَ</textIndopak>
    <translations>
      <translation>
        <author>King Fahad Quran Complex</author>
        <text>Tidaklah berfaedah kepadanya harta bendanya dan apa yang ia usahakan.</text>
      </translation>
    </translations>
    <rules>[{"start": 40, "end": 42, "rule_id": 1}]</rules>
  </verse>
  <verse>
    <verseIdArabic>٣</verseIdArabic>
    <verseId>3</verseId>
    <chapterId>111</chapterId>
    <textIndopak>سَيَصۡلَىٰ نَارٗا ذَاتَ لَهَبٖ</textIndopak>
    <translations>
      <translation>
        <author>King Fahad Quran Complex</author>
        <text>Kelak dia akan masuk ke dalam api yang bergejolak.</text>
      </translation>
    </translations>
    <rules>[{"start": 28, "end": 30, "rule_id": 1}]</rules>
  </verse>
  <verse>
    <verseIdArabic>٤</verseIdArabic>
    <verseId>4</verseId>
    <chapterId>111</chapterId>
    <textIndopak>وَٱمۡرَأَتُهُۥ حَمَّالَةَ ٱلۡحَطَبِ</textIndopak>
    <translations>
      <translation>
        <author>King Fahad Quran Complex</author>
        <text>Dan (begitu pula) istrinya, pembawa kayu bakar.</text>
      </translation>
    </translations>
    <rules>[{"start": 17, "end": 20, "rule_id": 0}, {"start": 33, "end": 35, "rule_id": 1}]</rules>
  </verse>
  <verse>
    <verseIdArabic>٥</verseIdArabic>
    <verseId>5</verseId>
    <chapterId>111</chapterId>
    <textIndopak>فِي جِيدِهَا حَبۡلٞ مِّن مَّسَدِۭ</textIndopak>
    <translations>
      <translation>
        <author>King Fahad Quran Complex</author>
        <text>Yang di lehernya ada tali dari sabut.</text>
      </translation>
    </translations>
    <rules>[{"start": 20, "end": 23, "rule_id": 0}, {"start": 25, "end": 28, "rule_id": 0}, {"start": 15, "end": 17, "rule_id": 1}, {"start": 30, "end": 33, "rule_id": 1}, {"start": 23, "end": 28, "rule_id": 3}, {"start": 17, "end": 23, "rule_id": 3}]</rules>
  </verse>
</verses>
