<?xml version="1.0" encoding="UTF-8"?>

<verses>
  <verse>
    <verseIdArabic>١</verseIdArabic>
    <verseId>1</verseId>
    <chapterId>112</chapterId>
    <textIndopak>قُلۡ هُوَ ٱللَّهُ أَحَدٌ</textIndopak>
    <translations>
      <translation>
        <author>King Fahad Quran Complex</author>
        <text>Katakanlah, "Dia-lah Allah, Yang Maha Esa.</text>
      </translation>
    </translations>
    <rules>[{"start": 22, "end": 24, "rule_id": 1}]</rules>
  </verse>
  <verse>
    <verseIdArabic>٢</verseIdArabic>
    <verseId>2</verseId>
    <chapterId>112</chapterId>
    <textIndopak>ٱللَّهُ ٱلصَّمَدُ</textIndopak>
    <translations>
      <translation>
        <author>King Fahad Quran Complex</author>
        <text>Allah adalah Tuhan yang bergantung kepada-Nya segala sesuatu.</text>
      </translation>
    </translations>
    <rules>[{"start": 15, "end": 17, "rule_id": 1}]</rules>
  </verse>
  <verse>
    <verseIdArabic>٣</verseIdArabic>
    <verseId>3</verseId>
    <chapterId>112</chapterId>
    <textIndopak>لَمۡ يَلِدۡ وَلَمۡ يُولَدۡ</textIndopak>
    <translations>
      <translation>
        <author>King Fahad Quran Complex</author>
        <text>Dia tiada beranak dan tiada pula diperanakkan,</text>
      </translation>
    </translations>
    <rules>[{"start": 9, "end": 11, "rule_id": 1}, {"start": 24, "end": 26, "rule_id": 1}]</rules>
  </verse>
  <verse>
    <verseIdArabic>٤</verseIdArabic>
    <verseId>4</verseId>
    <chapterId>112</chapterId>
    <textIndopak>وَلَمۡ يَكُن لَّهُۥ كُفُوًا أَحَدُۢ</textIndopak>
    <translations>
      <translation>
        <author>King Fahad Quran Complex</author>
        <text>dan tidak ada seorang pun yang setara dengan Dia".</text>
      </translation>
    </translations>
    <rules>[{"start": 32, "end": 35, "rule_id": 1}, {"start": 11, "end": 16, "rule_id": 5}]</rules>
  </verse>
</verses>
