<?xml version="1.0" encoding="UTF-8"?>

<verses>
  <verse>
    <verseIdArabic>١</verseIdArabic>
    <verseId>1</verseId>
    <chapterId>13</chapterId>
    <textIndopak>الٓمٓرۚ تِلۡكَ ءَايَٰتُ ٱلۡكِتَٰبِۗ وَٱلَّذِيٓ أُنزِلَ إِلَيۡكَ مِن رَّبِّكَ ٱلۡحَقُّ وَلَٰكِنَّ أَكۡثَرَ ٱلنَّاسِ لَا يُؤۡمِنُونَ</textIndopak>
    <translations>
      <translation>
        <author>King Fahad Quran Complex</author>
        <text>Alif Lām Mīm Rā . Ini adalah ayat-ayat Alkitab (Al-Qur`ān). Dan Kitab yang diturunkan kepadamu daripada Tuhan-mu itu adalah benar, akan tetapi kebanyakan manusia tidak beriman (kepadanya).</text>
      </translation>
    </translations>
    <rules>[{"start": 95, "end": 98, "rule_id": 0}, {"start": 110, "end": 113, "rule_id": 0}, {"start": 68, "end": 73, "rule_id": 5}, {"start": 51, "end": 54, "rule_id": 6}]</rules>
  </verse>
  <verse>
    <verseIdArabic>٢</verseIdArabic>
    <verseId>2</verseId>
    <chapterId>13</chapterId>
    <textIndopak>ٱللَّهُ ٱلَّذِي رَفَعَ ٱلسَّمَٰوَٰتِ بِغَيۡرِ عَمَدٖ تَرَوۡنَهَاۖ ثُمَّ ٱسۡتَوَىٰ عَلَى ٱلۡعَرۡشِۖ وَسَخَّرَ ٱلشَّمۡسَ وَٱلۡقَمَرَۖ كُلّٞ يَجۡرِي لِأَجَلٖ مُّسَمّٗىۚ يُدَبِّرُ ٱلۡأَمۡرَ يُفَصِّلُ ٱلۡأٓيَٰتِ لَعَلَّكُم بِلِقَآءِ رَبِّكُمۡ تُوقِنُونَ</textIndopak>
    <translations>
      <translation>
        <author>King Fahad Quran Complex</author>
        <text>Allah-lah Yang meninggikan langit tanpa tiang (sebagaimana) yang kamu lihat, kemudian Dia bersemayam di atas arasy dan menundukkan matahari dan bulan. Masing-masing beredar hingga waktu yang ditentukan. Allah mengatur urusan (makhluk-Nya), menjelaskan tanda-tanda (kebesaran-Nya) supaya kamu meyakini pertemuan(mu) dengan Tuhan-mu.</text>
      </translation>
    </translations>
    <rules>[{"start": 69, "end": 72, "rule_id": 0}, {"start": 158, "end": 161, "rule_id": 0}, {"start": 163, "end": 166, "rule_id": 0}, {"start": 143, "end": 145, "rule_id": 1}, {"start": 137, "end": 143, "rule_id": 3}, {"start": 155, "end": 161, "rule_id": 3}, {"start": 50, "end": 55, "rule_id": 6}, {"start": 221, "end": 225, "rule_id": 7}]</rules>
  </verse>
  <verse>
    <verseIdArabic>٣</verseIdArabic>
    <verseId>3</verseId>
    <chapterId>13</chapterId>
    <textIndopak>وَهُوَ ٱلَّذِي مَدَّ ٱلۡأَرۡضَ وَجَعَلَ فِيهَا رَوَٰسِيَ وَأَنۡهَٰرٗاۖ وَمِن كُلِّ ٱلثَّمَرَٰتِ جَعَلَ فِيهَا زَوۡجَيۡنِ ٱثۡنَيۡنِۖ يُغۡشِي ٱلَّيۡلَ ٱلنَّهَارَۚ إِنَّ فِي ذَٰلِكَ لَأٓيَٰتٖ لِّقَوۡمٖ يَتَفَكَّرُونَ</textIndopak>
    <translations>
      <translation>
        <author>King Fahad Quran Complex</author>
        <text>Dan Dia-lah Tuhan yang membentangkan bumi dan menjadikan gunung-gunung dan sungai-sungai padanya. Dan menjadikan padanya semua buah-buahan berpasang-pasangan , Allah menutupkan malam kepada siang. Sesungguhnya pada yang demikian itu terdapat tanda-tanda (kebesaran Allah) bagi kaum yang memikirkan.</text>
      </translation>
    </translations>
    <rules>[{"start": 153, "end": 156, "rule_id": 0}, {"start": 166, "end": 169, "rule_id": 0}, {"start": 66, "end": 74, "rule_id": 3}, {"start": 200, "end": 205, "rule_id": 3}, {"start": 190, "end": 196, "rule_id": 5}, {"start": 76, "end": 80, "rule_id": 6}]</rules>
  </verse>
  <verse>
    <verseIdArabic>٤</verseIdArabic>
    <verseId>4</verseId>
    <chapterId>13</chapterId>
    <textIndopak>وَفِي ٱلۡأَرۡضِ قِطَعٞ مُّتَجَٰوِرَٰتٞ وَجَنَّٰتٞ مِّنۡ أَعۡنَٰبٖ وَزَرۡعٞ وَنَخِيلٞ صِنۡوَانٞ وَغَيۡرُ صِنۡوَانٖ يُسۡقَىٰ بِمَآءٖ وَٰحِدٖ وَنُفَضِّلُ بَعۡضَهَا عَلَىٰ بَعۡضٖ فِي ٱلۡأُكُلِۚ إِنَّ فِي ذَٰلِكَ لَأٓيَٰتٖ لِّقَوۡمٖ يَعۡقِلُونَ</textIndopak>
    <translations>
      <translation>
        <author>King Fahad Quran Complex</author>
        <text>Dan di bumi ini terdapat bagian-bagian yang berdampingan dan kebun-kebun anggur, tanaman-tanaman dan pohon kurma yang bercabang, dan yang tidak bercabang disirami dengan air yang sama. Kami melebihkan sebagian tanam-tanaman itu atas sebagian yang lain tentang rasanya. Sesungguhnya pada yang demikian itu terdapat tanda-tanda (kebesaran Allah) bagi kaum yang berpikir.</text>
      </translation>
    </translations>
    <rules>[{"start": 23, "end": 26, "rule_id": 0}, {"start": 43, "end": 47, "rule_id": 0}, {"start": 50, "end": 53, "rule_id": 0}, {"start": 194, "end": 197, "rule_id": 0}, {"start": 20, "end": 26, "rule_id": 3}, {"start": 36, "end": 41, "rule_id": 3}, {"start": 47, "end": 53, "rule_id": 3}, {"start": 63, "end": 68, "rule_id": 3}, {"start": 72, "end": 77, "rule_id": 3}, {"start": 92, "end": 97, "rule_id": 3}, {"start": 111, "end": 116, "rule_id": 3}, {"start": 129, "end": 135, "rule_id": 3}, {"start": 137, "end": 142, "rule_id": 3}, {"start": 228, "end": 233, "rule_id": 3}, {"start": 218, "end": 224, "rule_id": 5}, {"start": 82, "end": 87, "rule_id": 6}, {"start": 173, "end": 178, "rule_id": 6}]</rules>
  </verse>
  <verse>
    <verseIdArabic>٥</verseIdArabic>
    <verseId>5</verseId>
    <chapterId>13</chapterId>
    <textIndopak>۞ وَإِن تَعۡجَبۡ فَعَجَبٞ قَوۡلُهُمۡ أَءِذَا كُنَّا تُرَٰبًا أَءِنَّا لَفِي خَلۡقٖ جَدِيدٍۗ أُوْلَٰٓئِكَ ٱلَّذِينَ كَفَرُواْ بِرَبِّهِمۡۖ وَأُوْلَٰٓئِكَ ٱلۡأَغۡلَٰلُ فِيٓ أَعۡنَاقِهِمۡۖ وَأُوْلَٰٓئِكَ أَصۡحَٰبُ ٱلنَّارِۖ هُمۡ فِيهَا خَٰلِدُونَ</textIndopak>
    <translations>
      <translation>
        <author>King Fahad Quran Complex</author>
        <text>Dan jika (ada sesuatu) yang kamu herankan, maka yang patut mengherankan adalah ucapan mereka, "Apabila kami telah menjadi tanah, apakah kami sesungguhnya akan (dikembalikan) menjadi makhluk yang baru?" Orang-orang itulah yang kafir kepada Tuhan-nya dan orang-orang itulah (yang dilekatkan) belenggu di lehernya; mereka itulah penghuni neraka; mereka kekal di dalamnya.</text>
      </translation>
    </translations>
    <rules>[{"start": 47, "end": 50, "rule_id": 0}, {"start": 65, "end": 68, "rule_id": 0}, {"start": 216, "end": 219, "rule_id": 0}, {"start": 14, "end": 16, "rule_id": 1}, {"start": 6, "end": 10, "rule_id": 6}, {"start": 23, "end": 28, "rule_id": 6}, {"start": 80, "end": 85, "rule_id": 6}]</rules>
  </verse>
  <verse>
    <verseIdArabic>٦</verseIdArabic>
    <verseId>6</verseId>
    <chapterId>13</chapterId>
    <textIndopak>وَيَسۡتَعۡجِلُونَكَ بِٱلسَّيِّئَةِ قَبۡلَ ٱلۡحَسَنَةِ وَقَدۡ خَلَتۡ مِن قَبۡلِهِمُ ٱلۡمَثُلَٰتُۗ وَإِنَّ رَبَّكَ لَذُو مَغۡفِرَةٖ لِّلنَّاسِ عَلَىٰ ظُلۡمِهِمۡۖ وَإِنَّ رَبَّكَ لَشَدِيدُ ٱلۡعِقَابِ</textIndopak>
    <translations>
      <translation>
        <author>King Fahad Quran Complex</author>
        <text>Mereka meminta kepadamu supaya disegerakan (datangnya) siksa, sebelum (mereka meminta) kebaikan , padahal telah terjadi bermacam-macam contoh siksa sebelum mereka. Sesungguhnya Tuhan-mu benar-benar mempunyai ampunan (yang luas) bagi manusia sekali pun mereka zalim dan sesungguhnya Tuhan-mu benar-benar sangat keras siksanya.</text>
      </translation>
    </translations>
    <rules>[{"start": 102, "end": 105, "rule_id": 0}, {"start": 135, "end": 138, "rule_id": 0}, {"start": 166, "end": 169, "rule_id": 0}, {"start": 37, "end": 39, "rule_id": 1}, {"start": 58, "end": 60, "rule_id": 1}, {"start": 74, "end": 76, "rule_id": 1}, {"start": 196, "end": 198, "rule_id": 1}, {"start": 128, "end": 134, "rule_id": 5}, {"start": 70, "end": 74, "rule_id": 6}]</rules>
  </verse>
  <verse>
    <verseIdArabic>٧</verseIdArabic>
    <verseId>7</verseId>
    <chapterId>13</chapterId>
    <textIndopak>وَيَقُولُ ٱلَّذِينَ كَفَرُواْ لَوۡلَآ أُنزِلَ عَلَيۡهِ ءَايَةٞ مِّن رَّبِّهِۦٓۗ إِنَّمَآ أَنتَ مُنذِرٞۖ وَلِكُلِّ قَوۡمٍ هَادٍ</textIndopak>
    <translations>
      <translation>
        <author>King Fahad Quran Complex</author>
        <text>Orang-orang yang kafir berkata, "Mengapa tidak diturunkan kepadanya (Muhammad) suatu tanda (kebesaran) dari Tuhan-nya?" Sesungguhnya kamu hanyalah seorang pemberi peringatan dan bagi tiap-tiap kaum ada orang yang memberi petunjuk.</text>
      </translation>
    </translations>
    <rules>[{"start": 64, "end": 67, "rule_id": 0}, {"start": 84, "end": 87, "rule_id": 0}, {"start": 128, "end": 130, "rule_id": 1}, {"start": 61, "end": 67, "rule_id": 3}, {"start": 103, "end": 110, "rule_id": 3}, {"start": 67, "end": 72, "rule_id": 5}, {"start": 41, "end": 44, "rule_id": 6}, {"start": 94, "end": 97, "rule_id": 6}, {"start": 100, "end": 103, "rule_id": 6}]</rules>
  </verse>
  <verse>
    <verseIdArabic>٨</verseIdArabic>
    <verseId>8</verseId>
    <chapterId>13</chapterId>
    <textIndopak>ٱللَّهُ يَعۡلَمُ مَا تَحۡمِلُ كُلُّ أُنثَىٰ وَمَا تَغِيضُ ٱلۡأَرۡحَامُ وَمَا تَزۡدَادُۚ وَكُلُّ شَيۡءٍ عِندَهُۥ بِمِقۡدَارٍ</textIndopak>
    <translations>
      <translation>
        <author>King Fahad Quran Complex</author>
        <text>Allah mengetahui apa yang dikandung oleh setiap perempuan dan kandungan rahim yang kurang sempurna dan yang bertambah. Dan segala sesuatu pada sisi-Nya ada ukurannya.</text>
      </translation>
    </translations>
    <rules>[{"start": 117, "end": 119, "rule_id": 1}, {"start": 38, "end": 41, "rule_id": 6}, {"start": 106, "end": 109, "rule_id": 6}]</rules>
  </verse>
  <verse>
    <verseIdArabic>٩</verseIdArabic>
    <verseId>9</verseId>
    <chapterId>13</chapterId>
    <textIndopak>عَٰلِمُ ٱلۡغَيۡبِ وَٱلشَّهَٰدَةِ ٱلۡكَبِيرُ ٱلۡمُتَعَالِ</textIndopak>
    <translations>
      <translation>
        <author>King Fahad Quran Complex</author>
        <text>Yang mengetahui semua yang gaib dan yang tampak; Yang Maha Besar lagi Maha Tinggi.</text>
      </translation>
    </translations>
  </verse>
  <verse>
    <verseIdArabic>١٠</verseIdArabic>
    <verseId>10</verseId>
    <chapterId>13</chapterId>
    <textIndopak>سَوَآءٞ مِّنكُم مَّنۡ أَسَرَّ ٱلۡقَوۡلَ وَمَن جَهَرَ بِهِۦ وَمَنۡ هُوَ مُسۡتَخۡفِۭ بِٱلَّيۡلِ وَسَارِبُۢ بِٱلنَّهَارِ</textIndopak>
    <translations>
      <translation>
        <author>King Fahad Quran Complex</author>
        <text>Sama saja (bagi Tuhan), siapa di antaramu yang merahasiakan ucapannya dan siapa yang berterus-terang dengan ucapan itu dan siapa yang bersembunyi pada malam hari dan yang berjalan (menampakkan diri) pada siang hari.</text>
      </translation>
    </translations>
    <rules>[{"start": 9, "end": 12, "rule_id": 0}, {"start": 17, "end": 20, "rule_id": 0}, {"start": 110, "end": 113, "rule_id": 0}, {"start": 80, "end": 86, "rule_id": 2}, {"start": 102, "end": 108, "rule_id": 2}, {"start": 6, "end": 12, "rule_id": 3}, {"start": 15, "end": 20, "rule_id": 4}, {"start": 12, "end": 15, "rule_id": 6}, {"start": 45, "end": 49, "rule_id": 6}]</rules>
  </verse>
  <verse>
    <verseIdArabic>١١</verseIdArabic>
    <verseId>11</verseId>
    <chapterId>13</chapterId>
    <textIndopak>لَهُۥ مُعَقِّبَٰتٞ مِّنۢ بَيۡنِ يَدَيۡهِ وَمِنۡ خَلۡفِهِۦ يَحۡفَظُونَهُۥ مِنۡ أَمۡرِ ٱللَّهِۗ إِنَّ ٱللَّهَ لَا يُغَيِّرُ مَا بِقَوۡمٍ حَتَّىٰ يُغَيِّرُواْ مَا بِأَنفُسِهِمۡۗ وَإِذَآ أَرَادَ ٱللَّهُ بِقَوۡمٖ سُوٓءٗا فَلَا مَرَدَّ لَهُۥۚ وَمَا لَهُم مِّن دُونِهِۦ مِن وَالٍ</textIndopak>
    <translations>
      <translation>
        <author>King Fahad Quran Complex</author>
        <text>Bagi manusia ada malaikat-malaikat yang selalu mengikutinya bergiliran, di muka dan di belakangnya, mereka menjaganya atas perintah Allah . Sesungguhnya Allah tidak mengubah keadaan sesuatu kaum sehingga mereka mengubah keadaan yang ada pada diri mereka sendiri. Dan apabila Allah menghendaki keburukan terhadap sesuatu kaum, maka tak ada yang dapat menolaknya dan sekali-kali tak ada pelindung bagi mereka selain Dia.</text>
      </translation>
    </translations>
    <rules>[{"start": 19, "end": 22, "rule_id": 0}, {"start": 97, "end": 100, "rule_id": 0}, {"start": 253, "end": 256, "rule_id": 0}, {"start": 22, "end": 27, "rule_id": 2}, {"start": 269, "end": 273, "rule_id": 3}, {"start": 16, "end": 22, "rule_id": 3}, {"start": 251, "end": 256, "rule_id": 4}, {"start": 165, "end": 168, "rule_id": 6}, {"start": 256, "end": 260, "rule_id": 6}, {"start": 208, "end": 213, "rule_id": 6}]</rules>
  </verse>
  <verse>
    <verseIdArabic>١٢</verseIdArabic>
    <verseId>12</verseId>
    <chapterId>13</chapterId>
    <textIndopak>هُوَ ٱلَّذِي يُرِيكُمُ ٱلۡبَرۡقَ خَوۡفٗا وَطَمَعٗا وَيُنشِئُ ٱلسَّحَابَ ٱلثِّقَالَ</textIndopak>
    <translations>
      <translation>
        <author>King Fahad Quran Complex</author>
        <text>Dia-lah Tuhan yang memperlihatkan kilat kepadamu untuk menimbulkan ketakutan dan harapan dan Dia mengadakan awan mendung.</text>
      </translation>
    </translations>
    <rules>[{"start": 37, "end": 43, "rule_id": 3}, {"start": 47, "end": 53, "rule_id": 3}, {"start": 55, "end": 58, "rule_id": 6}]</rules>
  </verse>
  <verse>
    <verseIdArabic>١٣</verseIdArabic>
    <verseId>13</verseId>
    <chapterId>13</chapterId>
    <textIndopak>وَيُسَبِّحُ ٱلرَّعۡدُ بِحَمۡدِهِۦ وَٱلۡمَلَٰٓئِكَةُ مِنۡ خِيفَتِهِۦ وَيُرۡسِلُ ٱلصَّوَٰعِقَ فَيُصِيبُ بِهَا مَن يَشَآءُ وَهُمۡ يُجَٰدِلُونَ فِي ٱللَّهِ وَهُوَ شَدِيدُ ٱلۡمِحَالِ</textIndopak>
    <translations>
      <translation>
        <author>King Fahad Quran Complex</author>
        <text>Dan guruh itu bertasbih dengan memuji Allah, (demikian pula) para malaikat karena takut kepada-Nya dan Allah melepaskan halilintar, lalu menimpakannya kepada siapa yang Dia kehendaki dan mereka berbantah-bantahan tentang Allah dan Dia-lah Tuhan Yang Maha keras siksa-Nya.</text>
      </translation>
    </translations>
    <rules>[{"start": 110, "end": 114, "rule_id": 3}]</rules>
  </verse>
  <verse>
    <verseIdArabic>١٤</verseIdArabic>
    <verseId>14</verseId>
    <chapterId>13</chapterId>
    <textIndopak>لَهُۥ دَعۡوَةُ ٱلۡحَقِّۚ وَٱلَّذِينَ يَدۡعُونَ مِن دُونِهِۦ لَا يَسۡتَجِيبُونَ لَهُم بِشَيۡءٍ إِلَّا كَبَٰسِطِ كَفَّيۡهِ إِلَى ٱلۡمَآءِ لِيَبۡلُغَ فَاهُ وَمَا هُوَ بِبَٰلِغِهِۦۚ وَمَا دُعَآءُ ٱلۡكَٰفِرِينَ إِلَّا فِي ضَلَٰلٖ</textIndopak>
    <translations>
      <translation>
        <author>King Fahad Quran Complex</author>
        <text>Hanya bagi Allah-lah (hak mengabulkan) doa yang benar. Dan berhala-berhala yang mereka sembah selain Allah tidak dapat memperkenankan sesuatu pun bagi mereka, melainkan seperti orang yang membukakan kedua telapak tangannya ke dalam air supaya sampai air ke mulutnya, padahal air itu tidak dapat sampai ke mulutnya . Dan doa (ibadat) orang-orang kafir itu hanyalah sia-sia belaka.</text>
      </translation>
    </translations>
    <rules>[{"start": 40, "end": 42, "rule_id": 1}, {"start": 142, "end": 144, "rule_id": 1}, {"start": 50, "end": 54, "rule_id": 6}, {"start": 84, "end": 88, "rule_id": 7}]</rules>
  </verse>
  <verse>
    <verseIdArabic>١٥</verseIdArabic>
    <verseId>15</verseId>
    <chapterId>13</chapterId>
    <textIndopak>وَلِلَّهِۤ يَسۡجُدُۤ مَن فِي ٱلسَّمَٰوَٰتِ وَٱلۡأَرۡضِ طَوۡعٗا وَكَرۡهٗا وَظِلَٰلُهُم بِٱلۡغُدُوِّ وَٱلۡأٓصَالِ۩</textIndopak>
    <translations>
      <translation>
        <author>King Fahad Quran Complex</author>
        <text>Hanya kepada Allah-lah sujud (patuh) segala apa yang di langit dan di bumi, baik dengan kemauan sendiri ataupun terpaksa (dan sujud pula) bayang-bayangnya di waktu pagi dan petang hari.</text>
      </translation>
    </translations>
    <rules>[{"start": 57, "end": 63, "rule_id": 3}, {"start": 67, "end": 73, "rule_id": 3}, {"start": 21, "end": 25, "rule_id": 6}, {"start": 82, "end": 86, "rule_id": 7}]</rules>
  </verse>
  <verse>
    <verseIdArabic>١٦</verseIdArabic>
    <verseId>16</verseId>
    <chapterId>13</chapterId>
    <textIndopak>قُلۡ مَن رَّبُّ ٱلسَّمَٰوَٰتِ وَٱلۡأَرۡضِ قُلِ ٱللَّهُۚ قُلۡ أَفَٱتَّخَذۡتُم مِّن دُونِهِۦٓ أَوۡلِيَآءَ لَا يَمۡلِكُونَ لِأَنفُسِهِمۡ نَفۡعٗا وَلَا ضَرّٗاۚ قُلۡ هَلۡ يَسۡتَوِي ٱلۡأَعۡمَىٰ وَٱلۡبَصِيرُ أَمۡ هَلۡ تَسۡتَوِي ٱلظُّلُمَٰتُ وَٱلنُّورُۗ أَمۡ جَعَلُواْ لِلَّهِ شُرَكَآءَ خَلَقُواْ كَخَلۡقِهِۦ فَتَشَٰبَهَ ٱلۡخَلۡقُ عَلَيۡهِمۡۚ قُلِ ٱللَّهُ خَٰلِقُ كُلِّ شَيۡءٖ وَهُوَ ٱلۡوَٰحِدُ ٱلۡقَهَّٰرُ</textIndopak>
    <translations>
      <translation>
        <author>King Fahad Quran Complex</author>
        <text>Katakanlah, "Siapakah Tuhan langit dan bumi?" Jawabnya, "Allah". Katakanlah, "Maka patutkah kamu mengambil pelindung-pelindungmu dari selain Allah, padahal mereka tidak menguasai kemanfaatan dan tidak (pula) kemudaratan bagi diri mereka sendiri?" Katakanlah, "Adakah sama orang buta dan yang dapat melihat atau samakah gelap gulita dan terang benderang; apakah mereka menjadikan beberapa sekutu bagi Allah yang dapat menciptakan seperti ciptaan-Nya sehingga kedua ciptaan itu serupa menurut pandangan mereka?" Katakanlah, "Allah adalah Pencipta segala sesuatu dan Dia-lah Tuhan Yang Maha Esa lagi Maha Perkasa".</text>
      </translation>
    </translations>
    <rules>[{"start": 78, "end": 81, "rule_id": 0}, {"start": 241, "end": 244, "rule_id": 0}, {"start": 140, "end": 146, "rule_id": 3}, {"start": 372, "end": 377, "rule_id": 3}, {"start": 76, "end": 81, "rule_id": 4}, {"start": 7, "end": 12, "rule_id": 5}, {"start": 81, "end": 85, "rule_id": 6}, {"start": 126, "end": 129, "rule_id": 6}]</rules>
  </verse>
  <verse>
    <verseIdArabic>١٧</verseIdArabic>
    <verseId>17</verseId>
    <chapterId>13</chapterId>
    <textIndopak>أَنزَلَ مِنَ ٱلسَّمَآءِ مَآءٗ فَسَالَتۡ أَوۡدِيَةُۢ بِقَدَرِهَا فَٱحۡتَمَلَ ٱلسَّيۡلُ زَبَدٗا رَّابِيٗاۖ وَمِمَّا يُوقِدُونَ عَلَيۡهِ فِي ٱلنَّارِ ٱبۡتِغَآءَ حِلۡيَةٍ أَوۡ مَتَٰعٖ زَبَدٞ مِّثۡلُهُۥۚ كَذَٰلِكَ يَضۡرِبُ ٱللَّهُ ٱلۡحَقَّ وَٱلۡبَٰطِلَۚ فَأَمَّا ٱلزَّبَدُ فَيَذۡهَبُ جُفَآءٗۖ وَأَمَّا مَا يَنفَعُ ٱلنَّاسَ فَيَمۡكُثُ فِي ٱلۡأَرۡضِۚ كَذَٰلِكَ يَضۡرِبُ ٱللَّهُ ٱلۡأَمۡثَالَ</textIndopak>
    <translations>
      <translation>
        <author>King Fahad Quran Complex</author>
        <text>Allah telah menurunkan air (hujan) dari langit, maka mengalirlah air di lembah-lembah menurut ukurannya, maka arus itu membawa buih yang mengambang. Dan dari apa (logam) yang mereka lebur dalam api untuk membuat perhiasan atau alat-alat, ada (pula) buihnya seperti buih arus itu. Demikianlah Allah membuat perumpamaan (bagi) yang benar dan yang batil. Adapun buih itu akan hilang sebagai sesuatu yang tak ada harganya; adapun yang memberi manfaat kepada manusia, maka ia tetap di bumi. Demikianlah Allah membuat perumpamaan-perumpamaan .</text>
      </translation>
    </translations>
    <rules>[{"start": 112, "end": 115, "rule_id": 0}, {"start": 143, "end": 146, "rule_id": 0}, {"start": 191, "end": 194, "rule_id": 0}, {"start": 259, "end": 262, "rule_id": 0}, {"start": 300, "end": 303, "rule_id": 0}, {"start": 319, "end": 322, "rule_id": 0}, {"start": 151, "end": 153, "rule_id": 1}, {"start": 50, "end": 56, "rule_id": 2}, {"start": 188, "end": 194, "rule_id": 3}, {"start": 291, "end": 298, "rule_id": 3}, {"start": 92, "end": 99, "rule_id": 5}, {"start": 2, "end": 5, "rule_id": 6}, {"start": 311, "end": 314, "rule_id": 6}, {"start": 29, "end": 34, "rule_id": 6}, {"start": 181, "end": 186, "rule_id": 6}]</rules>
  </verse>
  <verse>
    <verseIdArabic>١٨</verseIdArabic>
    <verseId>18</verseId>
    <chapterId>13</chapterId>
    <textIndopak>لِلَّذِينَ ٱسۡتَجَابُواْ لِرَبِّهِمُ ٱلۡحُسۡنَىٰۚ وَٱلَّذِينَ لَمۡ يَسۡتَجِيبُواْ لَهُۥ لَوۡ أَنَّ لَهُم مَّا فِي ٱلۡأَرۡضِ جَمِيعٗا وَمِثۡلَهُۥ مَعَهُۥ لَٱفۡتَدَوۡاْ بِهِۦٓۚ أُوْلَٰٓئِكَ لَهُمۡ سُوٓءُ ٱلۡحِسَابِ وَمَأۡوَىٰهُمۡ جَهَنَّمُۖ وَبِئۡسَ ٱلۡمِهَادُ</textIndopak>
    <translations>
      <translation>
        <author>King Fahad Quran Complex</author>
        <text>Bagi orang-orang yang memenuhi seruan Tuhan-nya, (disediakan) pembalasan yang baik. Dan orang-orang yang tidak memenuhi seruan Tuhan, sekiranya mereka mempunyai semua (kekayaan) yang ada di bumi dan (ditambah) sebanyak isi bumi itu lagi besertanya, niscaya mereka akan menebus dirinya dengan kekayaan itu. Orang-orang itu disediakan baginya hisab yang buruk dan tempat kediaman mereka ialah Jahanam dan itulah seburuk-buruk tempat kediaman.</text>
      </translation>
    </translations>
    <rules>[{"start": 96, "end": 99, "rule_id": 0}, {"start": 106, "end": 109, "rule_id": 0}, {"start": 234, "end": 237, "rule_id": 0}, {"start": 259, "end": 261, "rule_id": 1}, {"start": 130, "end": 136, "rule_id": 3}, {"start": 104, "end": 109, "rule_id": 4}]</rules>
  </verse>
  <verse>
    <verseIdArabic>١٩</verseIdArabic>
    <verseId>19</verseId>
    <chapterId>13</chapterId>
    <textIndopak>۞ أَفَمَن يَعۡلَمُ أَنَّمَآ أُنزِلَ إِلَيۡكَ مِن رَّبِّكَ ٱلۡحَقُّ كَمَنۡ هُوَ أَعۡمَىٰٓۚ إِنَّمَا يَتَذَكَّرُ أُوْلُواْ ٱلۡأَلۡبَٰبِ</textIndopak>
    <translations>
      <translation>
        <author>King Fahad Quran Complex</author>
        <text>Adakah orang yang mengetahui bahwasanya apa yang diturunkan kepadamu dari Tuhan-mu itu benar sama dengan orang yang buta? Hanyalah orang-orang yang berakal saja yang dapat mengambil pelajaran,</text>
      </translation>
    </translations>
    <rules>[{"start": 21, "end": 24, "rule_id": 0}, {"start": 94, "end": 97, "rule_id": 0}, {"start": 133, "end": 135, "rule_id": 1}, {"start": 8, "end": 12, "rule_id": 3}, {"start": 48, "end": 53, "rule_id": 5}, {"start": 31, "end": 34, "rule_id": 6}]</rules>
  </verse>
  <verse>
    <verseIdArabic>٢٠</verseIdArabic>
    <verseId>20</verseId>
    <chapterId>13</chapterId>
    <textIndopak>ٱلَّذِينَ يُوفُونَ بِعَهۡدِ ٱللَّهِ وَلَا يَنقُضُونَ ٱلۡمِيثَٰقَ</textIndopak>
    <translations>
      <translation>
        <author>King Fahad Quran Complex</author>
        <text>(yaitu) orang-orang yang memenuhi janji Allah dan tidak merusak perjanjian,</text>
      </translation>
    </translations>
    <rules>[{"start": 62, "end": 64, "rule_id": 1}, {"start": 44, "end": 47, "rule_id": 6}]</rules>
  </verse>
  <verse>
    <verseIdArabic>٢١</verseIdArabic>
    <verseId>21</verseId>
    <chapterId>13</chapterId>
    <textIndopak>وَٱلَّذِينَ يَصِلُونَ مَآ أَمَرَ ٱللَّهُ بِهِۦٓ أَن يُوصَلَ وَيَخۡشَوۡنَ رَبَّهُمۡ وَيَخَافُونَ سُوٓءَ ٱلۡحِسَابِ</textIndopak>
    <translations>
      <translation>
        <author>King Fahad Quran Complex</author>
        <text>dan orang-orang yang menghubungkan apa-apa yang Allah perintahkan supaya dihubungkan , dan mereka takut kepada Tuhan-nya dan takut kepada hisab yang buruk.</text>
      </translation>
    </translations>
    <rules>[{"start": 112, "end": 114, "rule_id": 1}, {"start": 51, "end": 55, "rule_id": 3}]</rules>
  </verse>
  <verse>
    <verseIdArabic>٢٢</verseIdArabic>
    <verseId>22</verseId>
    <chapterId>13</chapterId>
    <textIndopak>وَٱلَّذِينَ صَبَرُواْ ٱبۡتِغَآءَ وَجۡهِ رَبِّهِمۡ وَأَقَامُواْ ٱلصَّلَوٰةَ وَأَنفَقُواْ مِمَّا رَزَقۡنَٰهُمۡ سِرّٗا وَعَلَانِيَةٗ وَيَدۡرَءُونَ بِٱلۡحَسَنَةِ ٱلسَّيِّئَةَ أُوْلَٰٓئِكَ لَهُمۡ عُقۡبَى ٱلدَّارِ</textIndopak>
    <translations>
      <translation>
        <author>King Fahad Quran Complex</author>
        <text>Dan orang-orang yang sabar karena mencari keridaan Tuhan-nya, mendirikan salat, dan menafkahkan sebagian rezeki yang Kami berikan kepada mereka secara sembunyi atau terang-terangan serta menolak kejahatan dengan kebaikan; orang-orang itulah yang mendapat tempat kesudahan (yang baik),</text>
      </translation>
    </translations>
    <rules>[{"start": 91, "end": 94, "rule_id": 0}, {"start": 23, "end": 25, "rule_id": 1}, {"start": 36, "end": 38, "rule_id": 1}, {"start": 100, "end": 102, "rule_id": 1}, {"start": 135, "end": 137, "rule_id": 1}, {"start": 194, "end": 196, "rule_id": 1}, {"start": 112, "end": 119, "rule_id": 3}, {"start": 128, "end": 133, "rule_id": 3}, {"start": 80, "end": 83, "rule_id": 6}]</rules>
  </verse>
  <verse>
    <verseIdArabic>٢٣</verseIdArabic>
    <verseId>23</verseId>
    <chapterId>13</chapterId>
    <textIndopak>جَنَّٰتُ عَدۡنٖ يَدۡخُلُونَهَا وَمَن صَلَحَ مِنۡ ءَابَآئِهِمۡ وَأَزۡوَٰجِهِمۡ وَذُرِّيَّٰتِهِمۡۖ وَٱلۡمَلَٰٓئِكَةُ يَدۡخُلُونَ عَلَيۡهِم مِّن كُلِّ بَابٖ</textIndopak>
    <translations>
      <translation>
        <author>King Fahad Quran Complex</author>
        <text>(yaitu) surga ʻAdn yang mereka masuk ke dalamnya bersama-sama dengan orang-orang yang saleh dari bapak-bapaknya, istri-istrinya, dan anak cucunya, sedang malaikat-malaikat masuk ke tempat-tempat mereka dari semua pintu;</text>
      </translation>
    </translations>
    <rules>[{"start": 2, "end": 6, "rule_id": 0}, {"start": 139, "end": 142, "rule_id": 0}, {"start": 11, "end": 13, "rule_id": 1}, {"start": 18, "end": 20, "rule_id": 1}, {"start": 119, "end": 121, "rule_id": 1}, {"start": 153, "end": 155, "rule_id": 1}, {"start": 13, "end": 18, "rule_id": 3}, {"start": 137, "end": 142, "rule_id": 4}, {"start": 35, "end": 39, "rule_id": 6}, {"start": 142, "end": 146, "rule_id": 6}]</rules>
  </verse>
  <verse>
    <verseIdArabic>٢٤</verseIdArabic>
    <verseId>24</verseId>
    <chapterId>13</chapterId>
    <textIndopak>سَلَٰمٌ عَلَيۡكُم بِمَا صَبَرۡتُمۡۚ فَنِعۡمَ عُقۡبَى ٱلدَّارِ</textIndopak>
    <translations>
      <translation>
        <author>King Fahad Quran Complex</author>
        <text>(sambil mengucapkan), "Salāmun ʻalaikum bimā ṣabartum ". Maka alangkah baiknya tempat kesudahan itu.</text>
      </translation>
    </translations>
    <rules>[{"start": 48, "end": 50, "rule_id": 1}, {"start": 16, "end": 20, "rule_id": 7}]</rules>
  </verse>
  <verse>
    <verseIdArabic>٢٥</verseIdArabic>
    <verseId>25</verseId>
    <chapterId>13</chapterId>
    <textIndopak>وَٱلَّذِينَ يَنقُضُونَ عَهۡدَ ٱللَّهِ مِنۢ بَعۡدِ مِيثَٰقِهِۦ وَيَقۡطَعُونَ مَآ أَمَرَ ٱللَّهُ بِهِۦٓ أَن يُوصَلَ وَيُفۡسِدُونَ فِي ٱلۡأَرۡضِ أُوْلَٰٓئِكَ لَهُمُ ٱللَّعۡنَةُ وَلَهُمۡ سُوٓءُ ٱلدَّارِ</textIndopak>
    <translations>
      <translation>
        <author>King Fahad Quran Complex</author>
        <text>Orang-orang yang merusak janji Allah setelah diikrarkan dengan teguh dan memutuskan apa-apa yang Allah perintahkan supaya dihubungkan dan mengadakan kerusakan di bumi; orang-orang itulah yang memperoleh kutukan dan bagi mereka tempat kediaman yang buruk (Jahanam).</text>
      </translation>
    </translations>
    <rules>[{"start": 66, "end": 68, "rule_id": 1}, {"start": 40, "end": 45, "rule_id": 2}, {"start": 105, "end": 109, "rule_id": 3}, {"start": 14, "end": 17, "rule_id": 6}]</rules>
  </verse>
  <verse>
    <verseIdArabic>٢٦</verseIdArabic>
    <verseId>26</verseId>
    <chapterId>13</chapterId>
    <textIndopak>ٱللَّهُ يَبۡسُطُ ٱلرِّزۡقَ لِمَن يَشَآءُ وَيَقۡدِرُۚ وَفَرِحُواْ بِٱلۡحَيَوٰةِ ٱلدُّنۡيَا وَمَا ٱلۡحَيَوٰةُ ٱلدُّنۡيَا فِي ٱلۡأٓخِرَةِ إِلَّا مَتَٰعٞ</textIndopak>
    <translations>
      <translation>
        <author>King Fahad Quran Complex</author>
        <text>Allah meluaskan rezeki dan menyempitkannya bagi siapa yang Dia kehendaki. Mereka bergembira dengan kehidupan di dunia, padahal kehidupan dunia itu (dibanding dengan) kehidupan akhirat hanyalah kesenangan (yang sedikit).</text>
      </translation>
    </translations>
    <rules>[{"start": 10, "end": 12, "rule_id": 1}, {"start": 46, "end": 48, "rule_id": 1}, {"start": 31, "end": 35, "rule_id": 3}]</rules>
  </verse>
  <verse>
    <verseIdArabic>٢٧</verseIdArabic>
    <verseId>27</verseId>
    <chapterId>13</chapterId>
    <textIndopak>وَيَقُولُ ٱلَّذِينَ كَفَرُواْ لَوۡلَآ أُنزِلَ عَلَيۡهِ ءَايَةٞ مِّن رَّبِّهِۦۚ قُلۡ إِنَّ ٱللَّهَ يُضِلُّ مَن يَشَآءُ وَيَهۡدِيٓ إِلَيۡهِ مَنۡ أَنَابَ</textIndopak>
    <translations>
      <translation>
        <author>King Fahad Quran Complex</author>
        <text>Orang-orang kafir berkata, "Mengapa tidak diturunkan kepadanya (Muhammad) tanda (mukjizat) dari Tuhan-nya?" Katakanlah, "Sesungguhnya Allah menyesatkan siapa yang Dia kehendaki dan menunjuki orang-orang yang bertobat kepada-Nya",</text>
      </translation>
    </translations>
    <rules>[{"start": 64, "end": 67, "rule_id": 0}, {"start": 88, "end": 91, "rule_id": 0}, {"start": 151, "end": 153, "rule_id": 1}, {"start": 110, "end": 114, "rule_id": 3}, {"start": 61, "end": 67, "rule_id": 3}, {"start": 67, "end": 72, "rule_id": 5}, {"start": 41, "end": 44, "rule_id": 6}]</rules>
  </verse>
  <verse>
    <verseIdArabic>٢٨</verseIdArabic>
    <verseId>28</verseId>
    <chapterId>13</chapterId>
    <textIndopak>ٱلَّذِينَ ءَامَنُواْ وَتَطۡمَئِنُّ قُلُوبُهُم بِذِكۡرِ ٱللَّهِۗ أَلَا بِذِكۡرِ ٱللَّهِ تَطۡمَئِنُّ ٱلۡقُلُوبُ</textIndopak>
    <translations>
      <translation>
        <author>King Fahad Quran Complex</author>
        <text>(yaitu) orang-orang yang beriman dan hati mereka manjadi tenteram dengan mengingat Allah. Ingatlah, hanya dengan mengingati Allah-lah hati menjadi tenteram.</text>
      </translation>
    </translations>
    <rules>[{"start": 31, "end": 34, "rule_id": 0}, {"start": 96, "end": 99, "rule_id": 0}, {"start": 25, "end": 27, "rule_id": 1}, {"start": 90, "end": 92, "rule_id": 1}, {"start": 108, "end": 110, "rule_id": 1}, {"start": 44, "end": 48, "rule_id": 7}]</rules>
  </verse>
  <verse>
    <verseIdArabic>٢٩</verseIdArabic>
    <verseId>29</verseId>
    <chapterId>13</chapterId>
    <textIndopak>ٱلَّذِينَ ءَامَنُواْ وَعَمِلُواْ ٱلصَّٰلِحَٰتِ طُوبَىٰ لَهُمۡ وَحُسۡنُ مَـَٔابٖ</textIndopak>
    <translations>
      <translation>
        <author>King Fahad Quran Complex</author>
        <text>Orang-orang yang beriman dan beramal saleh bagi mereka kebahagiaan dan tempat kembali yang baik.</text>
      </translation>
    </translations>
    <rules>[{"start": 77, "end": 79, "rule_id": 1}]</rules>
  </verse>
  <verse>
    <verseIdArabic>٣٠</verseIdArabic>
    <verseId>30</verseId>
    <chapterId>13</chapterId>
    <textIndopak>كَذَٰلِكَ أَرۡسَلۡنَٰكَ فِيٓ أُمَّةٖ قَدۡ خَلَتۡ مِن قَبۡلِهَآ أُمَمٞ لِّتَتۡلُوَاْ عَلَيۡهِمُ ٱلَّذِيٓ أَوۡحَيۡنَآ إِلَيۡكَ وَهُمۡ يَكۡفُرُونَ بِٱلرَّحۡمَٰنِۚ قُلۡ هُوَ رَبِّي لَآ إِلَٰهَ إِلَّا هُوَ عَلَيۡهِ تَوَكَّلۡتُ وَإِلَيۡهِ مَتَابِ</textIndopak>
    <translations>
      <translation>
        <author>King Fahad Quran Complex</author>
        <text>Demikianlah, Kami telah mengutus kamu pada suatu umat yang sungguh telah berlalu beberapa umat sebelumnya supaya kamu membacakan kepada mereka (Al-Qur`ān) yang Kami wahyukan kepadamu, padahal mereka kafir kepada Tuhan Yang Maha Pemurah. Katakanlah, "Dia-lah Tuhan-ku tidak ada Tuhan (yang berhak disembah) selain Dia; hanya kepada-Nya aku bertawakal dan hanya kepada-Nya aku bertobat".</text>
      </translation>
    </translations>
    <rules>[{"start": 31, "end": 34, "rule_id": 0}, {"start": 39, "end": 41, "rule_id": 1}, {"start": 55, "end": 57, "rule_id": 1}, {"start": 242, "end": 244, "rule_id": 1}, {"start": 68, "end": 74, "rule_id": 5}, {"start": 51, "end": 55, "rule_id": 6}, {"start": 34, "end": 39, "rule_id": 6}]</rules>
  </verse>
  <verse>
    <verseIdArabic>٣١</verseIdArabic>
    <verseId>31</verseId>
    <chapterId>13</chapterId>
    <textIndopak>وَلَوۡ أَنَّ قُرۡءَانٗا سُيِّرَتۡ بِهِ ٱلۡجِبَالُ أَوۡ قُطِّعَتۡ بِهِ ٱلۡأَرۡضُ أَوۡ كُلِّمَ بِهِ ٱلۡمَوۡتَىٰۗ بَل لِّلَّهِ ٱلۡأَمۡرُ جَمِيعًاۗ أَفَلَمۡ يَاْيۡـَٔسِ ٱلَّذِينَ ءَامَنُوٓاْ أَن لَّوۡ يَشَآءُ ٱللَّهُ لَهَدَى ٱلنَّاسَ جَمِيعٗاۗ وَلَا يَزَالُ ٱلَّذِينَ كَفَرُواْ تُصِيبُهُم بِمَا صَنَعُواْ قَارِعَةٌ أَوۡ تَحُلُّ قَرِيبٗا مِّن دَارِهِمۡ حَتَّىٰ يَأۡتِيَ وَعۡدُ ٱللَّهِۚ إِنَّ ٱللَّهَ لَا يُخۡلِفُ ٱلۡمِيعَادَ</textIndopak>
    <translations>
      <translation>
        <author>King Fahad Quran Complex</author>
        <text>Dan sekiranya ada suatu bacaan (kitab suci) yang dengan bacaan itu gunung-gunung dapat digoncangkan atau bumi jadi terbelah atau oleh karenanya orang-orang yang sudah mati dapat berbicara, (tentu Al-Qur`ān itulah dia) . Sebenarnya segala urusan itu adalah kepunyaan Allah. Maka tidakkah orang-orang yang beriman itu mengetahui bahwa seandainya Allah menghendaki (semua manusia beriman), tentu Allah memberi petunjuk kepada manusia semuanya. Dan orang-orang yang kafir senantiasa ditimpa bencana disebabkan perbuatan mereka sendiri atau bencana itu terjadi dekat tempat kediaman mereka sehingga datanglah janji Allah. Sesungguhnya Allah tidak menyalahi janji.</text>
      </translation>
    </translations>
    <rules>[{"start": 9, "end": 12, "rule_id": 0}, {"start": 226, "end": 229, "rule_id": 0}, {"start": 337, "end": 340, "rule_id": 0}, {"start": 388, "end": 391, "rule_id": 0}, {"start": 422, "end": 424, "rule_id": 1}, {"start": 333, "end": 340, "rule_id": 3}, {"start": 191, "end": 196, "rule_id": 5}, {"start": 340, "end": 344, "rule_id": 6}, {"start": 287, "end": 291, "rule_id": 7}]</rules>
  </verse>
  <verse>
    <verseIdArabic>٣٢</verseIdArabic>
    <verseId>32</verseId>
    <chapterId>13</chapterId>
    <textIndopak>وَلَقَدِ ٱسۡتُهۡزِئَ بِرُسُلٖ مِّن قَبۡلِكَ فَأَمۡلَيۡتُ لِلَّذِينَ كَفَرُواْ ثُمَّ أَخَذۡتُهُمۡۖ فَكَيۡفَ كَانَ عِقَابِ</textIndopak>
    <translations>
      <translation>
        <author>King Fahad Quran Complex</author>
        <text>Dan sesungguhnya telah diperolok-olokkan beberapa rasul sebelum kamu, maka Aku beri tangguh kepada orang-orang kafir itu, kemudian Aku binasakan mereka. Alangkah hebatnya siksaan-Ku itu!</text>
      </translation>
    </translations>
    <rules>[{"start": 30, "end": 33, "rule_id": 0}, {"start": 80, "end": 83, "rule_id": 0}, {"start": 37, "end": 39, "rule_id": 1}, {"start": 119, "end": 121, "rule_id": 1}, {"start": 27, "end": 33, "rule_id": 3}, {"start": 33, "end": 37, "rule_id": 6}]</rules>
  </verse>
  <verse>
    <verseIdArabic>٣٣</verseIdArabic>
    <verseId>33</verseId>
    <chapterId>13</chapterId>
    <textIndopak>أَفَمَنۡ هُوَ قَآئِمٌ عَلَىٰ كُلِّ نَفۡسِۭ بِمَا كَسَبَتۡۗ وَجَعَلُواْ لِلَّهِ شُرَكَآءَ قُلۡ سَمُّوهُمۡۚ أَمۡ تُنَبِّـُٔونَهُۥ بِمَا لَا يَعۡلَمُ فِي ٱلۡأَرۡضِ أَم بِظَٰهِرٖ مِّنَ ٱلۡقَوۡلِۗ بَلۡ زُيِّنَ لِلَّذِينَ كَفَرُواْ مَكۡرُهُمۡ وَصُدُّواْ عَنِ ٱلسَّبِيلِۗ وَمَن يُضۡلِلِ ٱللَّهُ فَمَا لَهُۥ مِنۡ هَادٖ</textIndopak>
    <translations>
      <translation>
        <author>King Fahad Quran Complex</author>
        <text>Maka apakah Tuhan yang menjaga setiap diri terhadap apa yang diperbuatnya (sama dengan yang tidak demikian sifatnya)? Mereka menjadikan beberapa sekutu bagi Allah. Katakanlah, "Sebutkanlah sifat-sifat mereka itu". Atau apakah kamu hendak memberitakan kepada Allah apa yang tidak diketahui-Nya di bumi atau kamu mengatakan (tentang hal itu) sekadar perkataan pada lahirnya saja. Sebenarnya, orang-orang kafir itu dijadikan (oleh setan) memandang baik tipu daya mereka dan dihalanginya dari jalan (yang benar). Dan barang siapa yang disesatkan Allah, maka baginya tak ada seorang pun yang akan memberi petunjuk.</text>
      </translation>
    </translations>
    <rules>[{"start": 99, "end": 102, "rule_id": 0}, {"start": 179, "end": 182, "rule_id": 0}, {"start": 314, "end": 316, "rule_id": 1}, {"start": 40, "end": 46, "rule_id": 2}, {"start": 275, "end": 279, "rule_id": 3}, {"start": 176, "end": 182, "rule_id": 3}, {"start": 167, "end": 171, "rule_id": 7}]</rules>
  </verse>
  <verse>
    <verseIdArabic>٣٤</verseIdArabic>
    <verseId>34</verseId>
    <chapterId>13</chapterId>
    <textIndopak>لَّهُمۡ عَذَابٞ فِي ٱلۡحَيَوٰةِ ٱلدُّنۡيَاۖ وَلَعَذَابُ ٱلۡأٓخِرَةِ أَشَقُّۖ وَمَا لَهُم مِّنَ ٱللَّهِ مِن وَاقٖ</textIndopak>
    <translations>
      <translation>
        <author>King Fahad Quran Complex</author>
        <text>Bagi mereka azab dalam kehidupan dunia dan sesungguhnya azab akhirat adalah lebih keras dan tak ada bagi mereka seorang pelindung pun dari (azab) Allah.</text>
      </translation>
    </translations>
    <rules>[{"start": 92, "end": 95, "rule_id": 0}, {"start": 113, "end": 115, "rule_id": 1}, {"start": 108, "end": 112, "rule_id": 3}, {"start": 90, "end": 95, "rule_id": 4}, {"start": 13, "end": 18, "rule_id": 6}]</rules>
  </verse>
  <verse>
    <verseIdArabic>٣٥</verseIdArabic>
    <verseId>35</verseId>
    <chapterId>13</chapterId>
    <textIndopak>۞ مَّثَلُ ٱلۡجَنَّةِ ٱلَّتِي وُعِدَ ٱلۡمُتَّقُونَۖ تَجۡرِي مِن تَحۡتِهَا ٱلۡأَنۡهَٰرُۖ أُكُلُهَا دَآئِمٞ وَظِلُّهَاۚ تِلۡكَ عُقۡبَى ٱلَّذِينَ ٱتَّقَواْۚ وَّعُقۡبَى ٱلۡكَٰفِرِينَ ٱلنَّارُ</textIndopak>
    <translations>
      <translation>
        <author>King Fahad Quran Complex</author>
        <text>Perumpamaan surga yang dijanjikan kepada orang-orang yang takwa ialah (seperti taman), mengalir sungai-sungai di dalamnya; buahnya tak henti-henti sedang naungannya (demikian pula). Itulah tempat kesudahan bagi orang-orang yang bertakwa, sedang tempat kesudahan bagi orang-orang kafir ialah neraka.</text>
      </translation>
    </translations>
    <rules>[{"start": 2, "end": 5, "rule_id": 0}, {"start": 15, "end": 18, "rule_id": 0}, {"start": 185, "end": 188, "rule_id": 0}, {"start": 54, "end": 56, "rule_id": 1}, {"start": 130, "end": 132, "rule_id": 1}, {"start": 163, "end": 165, "rule_id": 1}, {"start": 105, "end": 110, "rule_id": 3}, {"start": 62, "end": 66, "rule_id": 6}]</rules>
  </verse>
  <verse>
    <verseIdArabic>٣٦</verseIdArabic>
    <verseId>36</verseId>
    <chapterId>13</chapterId>
    <textIndopak>وَٱلَّذِينَ ءَاتَيۡنَٰهُمُ ٱلۡكِتَٰبَ يَفۡرَحُونَ بِمَآ أُنزِلَ إِلَيۡكَۖ وَمِنَ ٱلۡأَحۡزَابِ مَن يُنكِرُ بَعۡضَهُۥۚ قُلۡ إِنَّمَآ أُمِرۡتُ أَنۡ أَعۡبُدَ ٱللَّهَ وَلَآ أُشۡرِكَ بِهِۦٓۚ إِلَيۡهِ أَدۡعُواْ وَإِلَيۡهِ مَـَٔابِ</textIndopak>
    <translations>
      <translation>
        <author>King Fahad Quran Complex</author>
        <text>Orang-orang yang telah Kami berikan kitab kepada mereka bergembira dengan kitab yang diturunkan kepadamu dan di antara golongan-golongan (Yahudi dan Nasrani) yang bersekutu, ada yang mengingkari sebagiannya. Katakanlah, "Sesungguhnya aku hanya diperintah untuk menyembah Allah dan tidak mempersekutukan sesuatu pun dengan Dia. Hanya kepada-Nya aku seru (manusia) dan hanya kepada-Nya aku kembali".</text>
      </translation>
    </translations>
    <rules>[{"start": 127, "end": 130, "rule_id": 0}, {"start": 202, "end": 204, "rule_id": 1}, {"start": 227, "end": 229, "rule_id": 1}, {"start": 98, "end": 102, "rule_id": 3}, {"start": 59, "end": 62, "rule_id": 6}, {"start": 102, "end": 105, "rule_id": 6}]</rules>
  </verse>
  <verse>
    <verseIdArabic>٣٧</verseIdArabic>
    <verseId>37</verseId>
    <chapterId>13</chapterId>
    <textIndopak>وَكَذَٰلِكَ أَنزَلۡنَٰهُ حُكۡمًا عَرَبِيّٗاۚ وَلَئِنِ ٱتَّبَعۡتَ أَهۡوَآءَهُم بَعۡدَ مَا جَآءَكَ مِنَ ٱلۡعِلۡمِ مَا لَكَ مِنَ ٱللَّهِ مِن وَلِيّٖ وَلَا وَاقٖ</textIndopak>
    <translations>
      <translation>
        <author>King Fahad Quran Complex</author>
        <text>Dan demikianlah, Kami telah menurunkan Al-Qur`ān itu sebagai peraturan (yang benar) dalam bahasa Arab . Dan seandainya kamu mengikuti hawa nafsu mereka setelah datang pengetahuan kepadamu, maka sekali-kali tidak ada pelindung dan pemelihara bagimu terhadap (siksa) Allah.</text>
      </translation>
    </translations>
    <rules>[{"start": 157, "end": 159, "rule_id": 1}, {"start": 138, "end": 142, "rule_id": 3}, {"start": 144, "end": 150, "rule_id": 3}, {"start": 14, "end": 17, "rule_id": 6}, {"start": 78, "end": 82, "rule_id": 7}]</rules>
  </verse>
  <verse>
    <verseIdArabic>٣٨</verseIdArabic>
    <verseId>38</verseId>
    <chapterId>13</chapterId>
    <textIndopak>وَلَقَدۡ أَرۡسَلۡنَا رُسُلٗا مِّن قَبۡلِكَ وَجَعَلۡنَا لَهُمۡ أَزۡوَٰجٗا وَذُرِّيَّةٗۚ وَمَا كَانَ لِرَسُولٍ أَن يَأۡتِيَ بِـَٔايَةٍ إِلَّا بِإِذۡنِ ٱللَّهِۗ لِكُلِّ أَجَلٖ كِتَابٞ</textIndopak>
    <translations>
      <translation>
        <author>King Fahad Quran Complex</author>
        <text>Dan sesungguhnya Kami telah mengutus beberapa rasul sebelum kamu dan Kami memberikan kepada mereka istri-istri dan keturunan. Dan tidak ada hak bagi seorang rasul mendatangkan sesuatu ayat (mukjizat) melainkan dengan izin Allah. Bagi tiap-tiap masa ada Kitab (yang tertentu) .</text>
      </translation>
    </translations>
    <rules>[{"start": 29, "end": 32, "rule_id": 0}, {"start": 6, "end": 8, "rule_id": 1}, {"start": 36, "end": 38, "rule_id": 1}, {"start": 180, "end": 182, "rule_id": 1}, {"start": 112, "end": 116, "rule_id": 3}, {"start": 25, "end": 32, "rule_id": 3}, {"start": 69, "end": 75, "rule_id": 3}, {"start": 32, "end": 36, "rule_id": 6}, {"start": 172, "end": 177, "rule_id": 6}]</rules>
  </verse>
  <verse>
    <verseIdArabic>٣٩</verseIdArabic>
    <verseId>39</verseId>
    <chapterId>13</chapterId>
    <textIndopak>يَمۡحُواْ ٱللَّهُ مَا يَشَآءُ وَيُثۡبِتُۖ وَعِندَهُۥٓ أُمُّ ٱلۡكِتَٰبِ</textIndopak>
    <translations>
      <translation>
        <author>King Fahad Quran Complex</author>
        <text>Allah menghapuskan apa yang Dia kehendaki dan menetapkan (apa yang Dia kehendaki) dan di sisi-Nya-lah terdapat Ummul-Kitāb (Lawḥ Maḥfūẓ).</text>
      </translation>
    </translations>
    <rules>[{"start": 58, "end": 61, "rule_id": 0}, {"start": 70, "end": 72, "rule_id": 1}, {"start": 48, "end": 51, "rule_id": 6}]</rules>
  </verse>
  <verse>
    <verseIdArabic>٤٠</verseIdArabic>
    <verseId>40</verseId>
    <chapterId>13</chapterId>
    <textIndopak>وَإِن مَّا نُرِيَنَّكَ بَعۡضَ ٱلَّذِي نَعِدُهُمۡ أَوۡ نَتَوَفَّيَنَّكَ فَإِنَّمَا عَلَيۡكَ ٱلۡبَلَٰغُ وَعَلَيۡنَا ٱلۡحِسَابُ</textIndopak>
    <translations>
      <translation>
        <author>King Fahad Quran Complex</author>
        <text>Dan jika Kami perlihatkan kepadamu sebagian (siksa) yang Kami ancamkan kepada mereka atau Kami wafatkan kamu (hal itu tidak penting bagimu) karena sesungguhnya tugasmu hanya menyampaikan saja, sedang Kami-lah yang menghisab amalan mereka.</text>
      </translation>
    </translations>
    <rules>[{"start": 6, "end": 9, "rule_id": 0}, {"start": 17, "end": 20, "rule_id": 0}, {"start": 65, "end": 68, "rule_id": 0}, {"start": 75, "end": 78, "rule_id": 0}, {"start": 122, "end": 124, "rule_id": 1}, {"start": 4, "end": 9, "rule_id": 3}]</rules>
  </verse>
  <verse>
    <verseIdArabic>٤١</verseIdArabic>
    <verseId>41</verseId>
    <chapterId>13</chapterId>
    <textIndopak>أَوَلَمۡ يَرَوۡاْ أَنَّا نَأۡتِي ٱلۡأَرۡضَ نَنقُصُهَا مِنۡ أَطۡرَافِهَاۚ وَٱللَّهُ يَحۡكُمُ لَا مُعَقِّبَ لِحُكۡمِهِۦۚ وَهُوَ سَرِيعُ ٱلۡحِسَابِ</textIndopak>
    <translations>
      <translation>
        <author>King Fahad Quran Complex</author>
        <text>Dan apakah mereka tidak melihat bahwa sesungguhnya Kami mendatangi daerah-daerah (orang-orang kafir), lalu Kami kurangi daerah-daerah itu (sedikit demi sedikit) dari tepi-tepinya? Dan Allah menetapkan hukum (menurut kehendak-Nya), tidak ada yang dapat menolak ketetapan-Nya dan Dia-lah Yang Maha cepat hisab-Nya.</text>
      </translation>
    </translations>
    <rules>[{"start": 20, "end": 23, "rule_id": 0}, {"start": 61, "end": 63, "rule_id": 1}, {"start": 144, "end": 146, "rule_id": 1}, {"start": 45, "end": 48, "rule_id": 6}]</rules>
  </verse>
  <verse>
    <verseIdArabic>٤٢</verseIdArabic>
    <verseId>42</verseId>
    <chapterId>13</chapterId>
    <textIndopak>وَقَدۡ مَكَرَ ٱلَّذِينَ مِن قَبۡلِهِمۡ فَلِلَّهِ ٱلۡمَكۡرُ جَمِيعٗاۖ يَعۡلَمُ مَا تَكۡسِبُ كُلُّ نَفۡسٖۗ وَسَيَعۡلَمُ ٱلۡكُفَّٰرُ لِمَنۡ عُقۡبَى ٱلدَّارِ</textIndopak>
    <translations>
      <translation>
        <author>King Fahad Quran Complex</author>
        <text>Dan sungguh orang-orang kafir yang sebelum mereka (kafir Mekah) telah mengadakan tipu daya, tetapi semua tipu daya itu adalah dalam kekuasaan Allah. Dia mengetahui apa yang diusahakan oleh setiap diri dan orang-orang kafir akan mengetahui untuk siapa tempat kesudahan (yang baik) itu.</text>
      </translation>
    </translations>
    <rules>[{"start": 4, "end": 6, "rule_id": 1}, {"start": 30, "end": 32, "rule_id": 1}, {"start": 141, "end": 143, "rule_id": 1}, {"start": 64, "end": 72, "rule_id": 3}, {"start": 26, "end": 30, "rule_id": 6}]</rules>
  </verse>
  <verse>
    <verseIdArabic>٤٣</verseIdArabic>
    <verseId>43</verseId>
    <chapterId>13</chapterId>
    <textIndopak>وَيَقُولُ ٱلَّذِينَ كَفَرُواْ لَسۡتَ مُرۡسَلٗاۚ قُلۡ كَفَىٰ بِٱللَّهِ شَهِيدَۢا بَيۡنِي وَبَيۡنَكُمۡ وَمَنۡ عِندَهُۥ عِلۡمُ ٱلۡكِتَٰبِ</textIndopak>
    <translations>
      <translation>
        <author>King Fahad Quran Complex</author>
        <text>Berkatalah orang-orang kafir, "Kamu bukan seorang yang dijadikan rasul". Katakanlah, "Cukuplah Allah menjadi saksi antaraku dan kamu dan antara orang yang mempunyai ilmu Alkitab" .</text>
      </translation>
    </translations>
    <rules>[{"start": 133, "end": 135, "rule_id": 1}, {"start": 111, "end": 114, "rule_id": 6}]</rules>
  </verse>
</verses>
