<?xml version="1.0" encoding="UTF-8"?>

<verses>
  <verse>
    <verseIdArabic>١</verseIdArabic>
    <verseId>1</verseId>
    <chapterId>15</chapterId>
    <textIndopak>الٓرۚ تِلۡكَ ءَايَٰتُ ٱلۡكِتَٰبِ وَقُرۡءَانٖ مُّبِينٖ</textIndopak>
    <translations>
      <translation>
        <author>King Fahad Quran Complex</author>
        <text>Alif Lām Rā. (surah) ini adalah (sebagian dari) ayat-ayat Alkitab (yang sempurna), yaitu (ayat-ayat) Al-Qur`ān yang memberi penjelasan.</text>
      </translation>
    </translations>
    <rules>[{"start": 46, "end": 49, "rule_id": 0}, {"start": 43, "end": 49, "rule_id": 3}]</rules>
  </verse>
  <verse>
    <verseIdArabic>٢</verseIdArabic>
    <verseId>2</verseId>
    <chapterId>15</chapterId>
    <textIndopak>رُّبَمَا يَوَدُّ ٱلَّذِينَ كَفَرُواْ لَوۡ كَانُواْ مُسۡلِمِينَ</textIndopak>
    <translations>
      <translation>
        <author>King Fahad Quran Complex</author>
        <text>Orang-orang yang kafir itu seringkali (nanti di akhirat) menginginkan kiranya mereka dahulu (di dunia) menjadi orang-orang muslim.</text>
      </translation>
    </translations>
  </verse>
  <verse>
    <verseIdArabic>٣</verseIdArabic>
    <verseId>3</verseId>
    <chapterId>15</chapterId>
    <textIndopak>ذَرۡهُمۡ يَأۡكُلُواْ وَيَتَمَتَّعُواْ وَيُلۡهِهِمُ ٱلۡأَمَلُۖ فَسَوۡفَ يَعۡلَمُونَ</textIndopak>
    <translations>
      <translation>
        <author>King Fahad Quran Complex</author>
        <text>Biarkanlah mereka (di dunia ini) makan dan bersenang-senang dan dilalaikan oleh angan-angan (kosong), maka kelak mereka akan mengetahui (akibat perbuatan mereka).</text>
      </translation>
    </translations>
  </verse>
  <verse>
    <verseIdArabic>٤</verseIdArabic>
    <verseId>4</verseId>
    <chapterId>15</chapterId>
    <textIndopak>وَمَآ أَهۡلَكۡنَا مِن قَرۡيَةٍ إِلَّا وَلَهَا كِتَابٞ مَّعۡلُومٞ</textIndopak>
    <translations>
      <translation>
        <author>King Fahad Quran Complex</author>
        <text>Dan Kami tiada membinasakan sesuatu negeri pun, melainkan ada baginya ketentuan masa yang telah ditetapkan.</text>
      </translation>
    </translations>
    <rules>[{"start": 55, "end": 58, "rule_id": 0}, {"start": 52, "end": 58, "rule_id": 3}, {"start": 21, "end": 25, "rule_id": 6}]</rules>
  </verse>
  <verse>
    <verseIdArabic>٥</verseIdArabic>
    <verseId>5</verseId>
    <chapterId>15</chapterId>
    <textIndopak>مَّا تَسۡبِقُ مِنۡ أُمَّةٍ أَجَلَهَا وَمَا يَسۡتَـٔۡخِرُونَ</textIndopak>
    <translations>
      <translation>
        <author>King Fahad Quran Complex</author>
        <text>Tidak ada suatu umat pun yang dapat mendahului ajalnya dan tidak (pula) dapat mengundurkan(nya).</text>
      </translation>
    </translations>
    <rules>[{"start": 0, "end": 3, "rule_id": 0}, {"start": 21, "end": 24, "rule_id": 0}]</rules>
  </verse>
  <verse>
    <verseIdArabic>٦</verseIdArabic>
    <verseId>6</verseId>
    <chapterId>15</chapterId>
    <textIndopak>وَقَالُواْ يَٰٓأَيُّهَا ٱلَّذِي نُزِّلَ عَلَيۡهِ ٱلذِّكۡرُ إِنَّكَ لَمَجۡنُونٞ</textIndopak>
    <translations>
      <translation>
        <author>King Fahad Quran Complex</author>
        <text>Mereka berkata, "Hai orang yang diturunkan Al-Qur`ān kepadanya, sesungguhnya kamu benar-benar orang yang gila .</text>
      </translation>
    </translations>
    <rules>[{"start": 61, "end": 64, "rule_id": 0}, {"start": 71, "end": 73, "rule_id": 1}]</rules>
  </verse>
  <verse>
    <verseIdArabic>٧</verseIdArabic>
    <verseId>7</verseId>
    <chapterId>15</chapterId>
    <textIndopak>لَّوۡمَا تَأۡتِينَا بِٱلۡمَلَٰٓئِكَةِ إِن كُنتَ مِنَ ٱلصَّٰدِقِينَ</textIndopak>
    <translations>
      <translation>
        <author>King Fahad Quran Complex</author>
        <text>Mengapa kamu tidak mendatangkan malaikat kepada kami, jika kamu termasuk orang-orang yang benar?"</text>
      </translation>
    </translations>
    <rules>[{"start": 41, "end": 45, "rule_id": 6}, {"start": 45, "end": 48, "rule_id": 6}]</rules>
  </verse>
  <verse>
    <verseIdArabic>٨</verseIdArabic>
    <verseId>8</verseId>
    <chapterId>15</chapterId>
    <textIndopak>مَا نُنَزِّلُ ٱلۡمَلَٰٓئِكَةَ إِلَّا بِٱلۡحَقِّ وَمَا كَانُوٓاْ إِذٗا مُّنظَرِينَ</textIndopak>
    <translations>
      <translation>
        <author>King Fahad Quran Complex</author>
        <text>Kami tidak menurunkan malaikat, melainkan dengan benar (untuk membawa azab) dan tiadalah mereka ketika itu diberi tangguh.</text>
      </translation>
    </translations>
    <rules>[{"start": 70, "end": 73, "rule_id": 0}, {"start": 66, "end": 73, "rule_id": 3}, {"start": 73, "end": 76, "rule_id": 6}]</rules>
  </verse>
  <verse>
    <verseIdArabic>٩</verseIdArabic>
    <verseId>9</verseId>
    <chapterId>15</chapterId>
    <textIndopak>إِنَّا نَحۡنُ نَزَّلۡنَا ٱلذِّكۡرَ وَإِنَّا لَهُۥ لَحَٰفِظُونَ</textIndopak>
    <translations>
      <translation>
        <author>King Fahad Quran Complex</author>
        <text>Sesungguhnya Kami-lah yang menurunkan Al-Qur`ān dan sesungguhnya Kami benar-benar memeliharanya .</text>
      </translation>
    </translations>
    <rules>[{"start": 2, "end": 5, "rule_id": 0}, {"start": 39, "end": 42, "rule_id": 0}]</rules>
  </verse>
  <verse>
    <verseIdArabic>١٠</verseIdArabic>
    <verseId>10</verseId>
    <chapterId>15</chapterId>
    <textIndopak>وَلَقَدۡ أَرۡسَلۡنَا مِن قَبۡلِكَ فِي شِيَعِ ٱلۡأَوَّلِينَ</textIndopak>
    <translations>
      <translation>
        <author>King Fahad Quran Complex</author>
        <text>Dan sesungguhnya Kami telah mengutus (beberapa rasul) sebelum kamu kepada umat-umat yang terdahulu.</text>
      </translation>
    </translations>
    <rules>[{"start": 6, "end": 8, "rule_id": 1}, {"start": 27, "end": 29, "rule_id": 1}, {"start": 23, "end": 27, "rule_id": 6}]</rules>
  </verse>
  <verse>
    <verseIdArabic>١١</verseIdArabic>
    <verseId>11</verseId>
    <chapterId>15</chapterId>
    <textIndopak>وَمَا يَأۡتِيهِم مِّن رَّسُولٍ إِلَّا كَانُواْ بِهِۦ يَسۡتَهۡزِءُونَ</textIndopak>
    <translations>
      <translation>
        <author>King Fahad Quran Complex</author>
        <text>Dan tidak datang seorang rasul pun kepada mereka, melainkan mereka selalu memperolok-olokkannya.</text>
      </translation>
    </translations>
    <rules>[{"start": 17, "end": 20, "rule_id": 0}, {"start": 15, "end": 20, "rule_id": 4}, {"start": 20, "end": 25, "rule_id": 5}]</rules>
  </verse>
  <verse>
    <verseIdArabic>١٢</verseIdArabic>
    <verseId>12</verseId>
    <chapterId>15</chapterId>
    <textIndopak>كَذَٰلِكَ نَسۡلُكُهُۥ فِي قُلُوبِ ٱلۡمُجۡرِمِينَ</textIndopak>
    <translations>
      <translation>
        <author>King Fahad Quran Complex</author>
        <text>Demikianlah, Kami mamasukkan (rasa ingkar dan memperolok-olokkan itu) ke dalam hati orang-orang yang berdosa (orang-orang kafir),</text>
      </translation>
    </translations>
    <rules>[{"start": 39, "end": 41, "rule_id": 1}]</rules>
  </verse>
  <verse>
    <verseIdArabic>١٣</verseIdArabic>
    <verseId>13</verseId>
    <chapterId>15</chapterId>
    <textIndopak>لَا يُؤۡمِنُونَ بِهِۦ وَقَدۡ خَلَتۡ سُنَّةُ ٱلۡأَوَّلِينَ</textIndopak>
    <translations>
      <translation>
        <author>King Fahad Quran Complex</author>
        <text>mereka tidak beriman kepadanya (Al-Qur`ān) dan sesungguhnya telah berlalu sunatullah terhadap orang-orang dahulu .</text>
      </translation>
    </translations>
    <rules>[{"start": 40, "end": 43, "rule_id": 0}, {"start": 28, "end": 30, "rule_id": 1}]</rules>
  </verse>
  <verse>
    <verseIdArabic>١٤</verseIdArabic>
    <verseId>14</verseId>
    <chapterId>15</chapterId>
    <textIndopak>وَلَوۡ فَتَحۡنَا عَلَيۡهِم بَابٗا مِّنَ ٱلسَّمَآءِ فَظَلُّواْ فِيهِ يَعۡرُجُونَ</textIndopak>
    <translations>
      <translation>
        <author>King Fahad Quran Complex</author>
        <text>Dan jika seandainya Kami membukakan kepada mereka salah satu dari (pintu-pintu) langit, lalu mereka terus-menerus naik ke atasnya,</text>
      </translation>
    </translations>
    <rules>[{"start": 34, "end": 37, "rule_id": 0}, {"start": 30, "end": 37, "rule_id": 3}, {"start": 25, "end": 29, "rule_id": 7}]</rules>
  </verse>
  <verse>
    <verseIdArabic>١٥</verseIdArabic>
    <verseId>15</verseId>
    <chapterId>15</chapterId>
    <textIndopak>لَقَالُوٓاْ إِنَّمَا سُكِّرَتۡ أَبۡصَٰرُنَا بَلۡ نَحۡنُ قَوۡمٞ مَّسۡحُورُونَ</textIndopak>
    <translations>
      <translation>
        <author>King Fahad Quran Complex</author>
        <text>tentulah mereka berkata, "Sesungguhnya pandangan kamilah yang dikaburkan, bahkan kami adalah orang orang yang kena sihir".</text>
      </translation>
    </translations>
    <rules>[{"start": 14, "end": 17, "rule_id": 0}, {"start": 63, "end": 66, "rule_id": 0}, {"start": 33, "end": 35, "rule_id": 1}, {"start": 60, "end": 66, "rule_id": 3}]</rules>
  </verse>
  <verse>
    <verseIdArabic>١٦</verseIdArabic>
    <verseId>16</verseId>
    <chapterId>15</chapterId>
    <textIndopak>وَلَقَدۡ جَعَلۡنَا فِي ٱلسَّمَآءِ بُرُوجٗا وَزَيَّنَّٰهَا لِلنَّٰظِرِينَ</textIndopak>
    <translations>
      <translation>
        <author>King Fahad Quran Complex</author>
        <text>Dan sesungguhnya Kami telah menciptakan gugusan bintang-bintang (di langit) dan Kami telah menghiasi langit itu bagi orang-orang yang memandang(nya),</text>
      </translation>
    </translations>
    <rules>[{"start": 51, "end": 55, "rule_id": 0}, {"start": 62, "end": 66, "rule_id": 0}, {"start": 6, "end": 8, "rule_id": 1}, {"start": 40, "end": 46, "rule_id": 3}]</rules>
  </verse>
  <verse>
    <verseIdArabic>١٧</verseIdArabic>
    <verseId>17</verseId>
    <chapterId>15</chapterId>
    <textIndopak>وَحَفِظۡنَٰهَا مِن كُلِّ شَيۡطَٰنٖ رَّجِيمٍ</textIndopak>
    <translations>
      <translation>
        <author>King Fahad Quran Complex</author>
        <text>dan Kami menjaganya dari tiap-tiap setan yang terkutuk,</text>
      </translation>
    </translations>
    <rules>[{"start": 32, "end": 38, "rule_id": 5}, {"start": 17, "end": 21, "rule_id": 6}]</rules>
  </verse>
  <verse>
    <verseIdArabic>١٨</verseIdArabic>
    <verseId>18</verseId>
    <chapterId>15</chapterId>
    <textIndopak>إِلَّا مَنِ ٱسۡتَرَقَ ٱلسَّمۡعَ فَأَتۡبَعَهُۥ شِهَابٞ مُّبِينٞ</textIndopak>
    <translations>
      <translation>
        <author>King Fahad Quran Complex</author>
        <text>kecuali setan yang mencuri-curi (berita) yang dapat didengar (dari malaikat), lalu dia dikejar oleh semburan api yang terang.</text>
      </translation>
    </translations>
    <rules>[{"start": 54, "end": 57, "rule_id": 0}, {"start": 51, "end": 57, "rule_id": 3}]</rules>
  </verse>
  <verse>
    <verseIdArabic>١٩</verseIdArabic>
    <verseId>19</verseId>
    <chapterId>15</chapterId>
    <textIndopak>وَٱلۡأَرۡضَ مَدَدۡنَٰهَا وَأَلۡقَيۡنَا فِيهَا رَوَٰسِيَ وَأَنۢبَتۡنَا فِيهَا مِن كُلِّ شَيۡءٖ مَّوۡزُونٖ</textIndopak>
    <translations>
      <translation>
        <author>King Fahad Quran Complex</author>
        <text>Dan Kami telah menghamparkan bumi dan menjadikan padanya gunung-gunung dan Kami tumbuhkan padanya segala sesuatu menurut ukuran.</text>
      </translation>
    </translations>
    <rules>[{"start": 94, "end": 97, "rule_id": 0}, {"start": 16, "end": 18, "rule_id": 1}, {"start": 60, "end": 64, "rule_id": 2}, {"start": 91, "end": 97, "rule_id": 3}, {"start": 79, "end": 83, "rule_id": 6}]</rules>
  </verse>
  <verse>
    <verseIdArabic>٢٠</verseIdArabic>
    <verseId>20</verseId>
    <chapterId>15</chapterId>
    <textIndopak>وَجَعَلۡنَا لَكُمۡ فِيهَا مَعَٰيِشَ وَمَن لَّسۡتُمۡ لَهُۥ بِرَٰزِقِينَ</textIndopak>
    <translations>
      <translation>
        <author>King Fahad Quran Complex</author>
        <text>Dan Kami telah menjadikan untukmu di bumi keperluan-keperluan hidup dan (Kami menciptakan pula) makhluk-makhluk yang kamu sekali-kali bukan pemberi rezeki kepadanya.</text>
      </translation>
    </translations>
    <rules>[{"start": 40, "end": 45, "rule_id": 5}]</rules>
  </verse>
  <verse>
    <verseIdArabic>٢١</verseIdArabic>
    <verseId>21</verseId>
    <chapterId>15</chapterId>
    <textIndopak>وَإِن مِّن شَيۡءٍ إِلَّا عِندَنَا خَزَآئِنُهُۥ وَمَا نُنَزِّلُهُۥٓ إِلَّا بِقَدَرٖ مَّعۡلُومٖ</textIndopak>
    <translations>
      <translation>
        <author>King Fahad Quran Complex</author>
        <text>Dan tidak ada sesuatu pun, melainkan pada sisi Kami-lah khazanahnya dan Kami tidak menurunkannya, melainkan dengan ukuran yang tertentu.</text>
      </translation>
    </translations>
    <rules>[{"start": 6, "end": 9, "rule_id": 0}, {"start": 84, "end": 87, "rule_id": 0}, {"start": 4, "end": 9, "rule_id": 3}, {"start": 81, "end": 87, "rule_id": 3}, {"start": 9, "end": 13, "rule_id": 6}, {"start": 27, "end": 30, "rule_id": 6}]</rules>
  </verse>
  <verse>
    <verseIdArabic>٢٢</verseIdArabic>
    <verseId>22</verseId>
    <chapterId>15</chapterId>
    <textIndopak>وَأَرۡسَلۡنَا ٱلرِّيَٰحَ لَوَٰقِحَ فَأَنزَلۡنَا مِنَ ٱلسَّمَآءِ مَآءٗ فَأَسۡقَيۡنَٰكُمُوهُ وَمَآ أَنتُمۡ لَهُۥ بِخَٰزِنِينَ</textIndopak>
    <translations>
      <translation>
        <author>King Fahad Quran Complex</author>
        <text>Dan Kami telah meniupkan angin untuk mengawinkan (tumbuh-tumbuhan) dan Kami turunkan hujan dari langit, lalu Kami beri minum kamu dengan air itu dan sekali-kali bukanlah kamu yang menyimpannya.</text>
      </translation>
    </translations>
    <rules>[{"start": 39, "end": 42, "rule_id": 6}, {"start": 102, "end": 105, "rule_id": 6}, {"start": 69, "end": 74, "rule_id": 6}]</rules>
  </verse>
  <verse>
    <verseIdArabic>٢٣</verseIdArabic>
    <verseId>23</verseId>
    <chapterId>15</chapterId>
    <textIndopak>وَإِنَّا لَنَحۡنُ نُحۡيِۦ وَنُمِيتُ وَنَحۡنُ ٱلۡوَٰرِثُونَ</textIndopak>
    <translations>
      <translation>
        <author>King Fahad Quran Complex</author>
        <text>Dan sesungguhnya benar-benar Kami-lah yang menghidupkan dan mematikan dan Kami (pulalah) yang mewarisi.</text>
      </translation>
    </translations>
    <rules>[{"start": 4, "end": 7, "rule_id": 0}]</rules>
  </verse>
  <verse>
    <verseIdArabic>٢٤</verseIdArabic>
    <verseId>24</verseId>
    <chapterId>15</chapterId>
    <textIndopak>وَلَقَدۡ عَلِمۡنَا ٱلۡمُسۡتَقۡدِمِينَ مِنكُمۡ وَلَقَدۡ عَلِمۡنَا ٱلۡمُسۡتَـٔۡخِرِينَ</textIndopak>
    <translations>
      <translation>
        <author>King Fahad Quran Complex</author>
        <text>Dan sesungguhnya Kami telah mengetahui orang-orang yang terdahulu daripada-mu dan sesungguhnya Kami mengetahui pula orang-orang yang terkemudian (daripadamu).</text>
      </translation>
    </translations>
    <rules>[{"start": 6, "end": 8, "rule_id": 1}, {"start": 28, "end": 30, "rule_id": 1}, {"start": 52, "end": 54, "rule_id": 1}, {"start": 40, "end": 43, "rule_id": 6}]</rules>
  </verse>
  <verse>
    <verseIdArabic>٢٥</verseIdArabic>
    <verseId>25</verseId>
    <chapterId>15</chapterId>
    <textIndopak>وَإِنَّ رَبَّكَ هُوَ يَحۡشُرُهُمۡۚ إِنَّهُۥ حَكِيمٌ عَلِيمٞ</textIndopak>
    <translations>
      <translation>
        <author>King Fahad Quran Complex</author>
        <text>Sesungguhnya Tuhan-mu, Dia-lah yang akan menghimpunkan mereka. Sesungguhnya Dia adalah Maha Bijaksana lagi Maha Mengetahui.</text>
      </translation>
    </translations>
    <rules>[{"start": 4, "end": 7, "rule_id": 0}, {"start": 38, "end": 41, "rule_id": 0}]</rules>
  </verse>
  <verse>
    <verseIdArabic>٢٦</verseIdArabic>
    <verseId>26</verseId>
    <chapterId>15</chapterId>
    <textIndopak>وَلَقَدۡ خَلَقۡنَا ٱلۡإِنسَٰنَ مِن صَلۡصَٰلٖ مِّنۡ حَمَإٖ مَّسۡنُونٖ</textIndopak>
    <translations>
      <translation>
        <author>King Fahad Quran Complex</author>
        <text>Dan sesungguhnya Kami telah menciptakan manusia (Adam) dari tanah liat kering (yang berasal) dari lumpur hitam yang diberi bentuk.</text>
      </translation>
    </translations>
    <rules>[{"start": 45, "end": 48, "rule_id": 0}, {"start": 58, "end": 61, "rule_id": 0}, {"start": 6, "end": 8, "rule_id": 1}, {"start": 13, "end": 15, "rule_id": 1}, {"start": 42, "end": 48, "rule_id": 3}, {"start": 55, "end": 61, "rule_id": 3}, {"start": 24, "end": 28, "rule_id": 6}, {"start": 33, "end": 37, "rule_id": 6}]</rules>
  </verse>
  <verse>
    <verseIdArabic>٢٧</verseIdArabic>
    <verseId>27</verseId>
    <chapterId>15</chapterId>
    <textIndopak>وَٱلۡجَآنَّ خَلَقۡنَٰهُ مِن قَبۡلُ مِن نَّارِ ٱلسَّمُومِ</textIndopak>
    <translations>
      <translation>
        <author>King Fahad Quran Complex</author>
        <text>Dan Kami telah menciptakan jin sebelum (Adam) dari api yang sangat panas.</text>
      </translation>
    </translations>
    <rules>[{"start": 9, "end": 12, "rule_id": 0}, {"start": 40, "end": 43, "rule_id": 0}, {"start": 17, "end": 19, "rule_id": 1}, {"start": 31, "end": 33, "rule_id": 1}, {"start": 38, "end": 43, "rule_id": 3}, {"start": 27, "end": 31, "rule_id": 6}]</rules>
  </verse>
  <verse>
    <verseIdArabic>٢٨</verseIdArabic>
    <verseId>28</verseId>
    <chapterId>15</chapterId>
    <textIndopak>وَإِذۡ قَالَ رَبُّكَ لِلۡمَلَٰٓئِكَةِ إِنِّي خَٰلِقُۢ بَشَرٗا مِّن صَلۡصَٰلٖ مِّنۡ حَمَإٖ مَّسۡنُونٖ</textIndopak>
    <translations>
      <translation>
        <author>King Fahad Quran Complex</author>
        <text>Dan (ingatlah) ketika Tuhan-mu berfirman kepada para malaikat, "Sesungguhnya Aku akan menciptakan seorang manusia dari tanah liat kering (yang berasal) dari lumpur hitam yang diberi bentuk.</text>
      </translation>
    </translations>
    <rules>[{"start": 40, "end": 43, "rule_id": 0}, {"start": 62, "end": 65, "rule_id": 0}, {"start": 77, "end": 80, "rule_id": 0}, {"start": 90, "end": 93, "rule_id": 0}, {"start": 50, "end": 56, "rule_id": 2}, {"start": 58, "end": 65, "rule_id": 3}, {"start": 74, "end": 80, "rule_id": 3}, {"start": 87, "end": 93, "rule_id": 3}, {"start": 65, "end": 69, "rule_id": 6}]</rules>
  </verse>
  <verse>
    <verseIdArabic>٢٩</verseIdArabic>
    <verseId>29</verseId>
    <chapterId>15</chapterId>
    <textIndopak>فَإِذَا سَوَّيۡتُهُۥ وَنَفَخۡتُ فِيهِ مِن رُّوحِي فَقَعُواْ لَهُۥ سَٰجِدِينَ</textIndopak>
    <translations>
      <translation>
        <author>King Fahad Quran Complex</author>
        <text>Maka apabila Aku telah menyempurnakan kejadiannya dan telah meniupkan ke dalamnya roh (ciptaan)-Ku, maka tunduklah kamu kepadanya dengan bersujud .</text>
      </translation>
    </translations>
    <rules>[{"start": 40, "end": 45, "rule_id": 5}]</rules>
  </verse>
  <verse>
    <verseIdArabic>٣٠</verseIdArabic>
    <verseId>30</verseId>
    <chapterId>15</chapterId>
    <textIndopak>فَسَجَدَ ٱلۡمَلَٰٓئِكَةُ كُلُّهُمۡ أَجۡمَعُونَ</textIndopak>
    <translations>
      <translation>
        <author>King Fahad Quran Complex</author>
        <text>Maka bersujudlah para malaikat itu semuanya bersama-sama,</text>
      </translation>
    </translations>
    <rules>[{"start": 37, "end": 39, "rule_id": 1}]</rules>
  </verse>
  <verse>
    <verseIdArabic>٣١</verseIdArabic>
    <verseId>31</verseId>
    <chapterId>15</chapterId>
    <textIndopak>إِلَّآ إِبۡلِيسَ أَبَىٰٓ أَن يَكُونَ مَعَ ٱلسَّٰجِدِينَ</textIndopak>
    <translations>
      <translation>
        <author>King Fahad Quran Complex</author>
        <text>kecuali iblis. Ia enggan ikut besama-sama (malaikat) yang sujud itu.</text>
      </translation>
    </translations>
    <rules>[{"start": 10, "end": 12, "rule_id": 1}, {"start": 28, "end": 32, "rule_id": 3}]</rules>
  </verse>
  <verse>
    <verseIdArabic>٣٢</verseIdArabic>
    <verseId>32</verseId>
    <chapterId>15</chapterId>
    <textIndopak>قَالَ يَٰٓإِبۡلِيسُ مَا لَكَ أَلَّا تَكُونَ مَعَ ٱلسَّٰجِدِينَ</textIndopak>
    <translations>
      <translation>
        <author>King Fahad Quran Complex</author>
        <text>Allah berfirman, "Hai iblis, apa sebabnya kamu tidak (ikut sujud) bersama-sama mereka yang sujud itu?"</text>
      </translation>
    </translations>
    <rules>[{"start": 12, "end": 14, "rule_id": 1}]</rules>
  </verse>
  <verse>
    <verseIdArabic>٣٣</verseIdArabic>
    <verseId>33</verseId>
    <chapterId>15</chapterId>
    <textIndopak>قَالَ لَمۡ أَكُن لِّأَسۡجُدَ لِبَشَرٍ خَلَقۡتَهُۥ مِن صَلۡصَٰلٖ مِّنۡ حَمَإٖ مَّسۡنُونٖ</textIndopak>
    <translations>
      <translation>
        <author>King Fahad Quran Complex</author>
        <text>Berkata Iblis, "Aku sekali-kali tidak akan sujud kepada manusia yang Engkau telah menciptakannya dari tanah liat kering (yang berasal) dari lumpur hitam yang diberi bentuk"</text>
      </translation>
    </translations>
    <rules>[{"start": 64, "end": 67, "rule_id": 0}, {"start": 77, "end": 80, "rule_id": 0}, {"start": 42, "end": 44, "rule_id": 1}, {"start": 61, "end": 67, "rule_id": 3}, {"start": 74, "end": 80, "rule_id": 3}, {"start": 15, "end": 20, "rule_id": 5}, {"start": 52, "end": 56, "rule_id": 6}]</rules>
  </verse>
  <verse>
    <verseIdArabic>٣٤</verseIdArabic>
    <verseId>34</verseId>
    <chapterId>15</chapterId>
    <textIndopak>قَالَ فَٱخۡرُجۡ مِنۡهَا فَإِنَّكَ رَجِيمٞ</textIndopak>
    <translations>
      <translation>
        <author>King Fahad Quran Complex</author>
        <text>Allah berfirman, "Keluarlah dari surga karena sesungguhnya kamu terkutuk,</text>
      </translation>
    </translations>
    <rules>[{"start": 28, "end": 31, "rule_id": 0}, {"start": 13, "end": 15, "rule_id": 1}]</rules>
  </verse>
  <verse>
    <verseIdArabic>٣٥</verseIdArabic>
    <verseId>35</verseId>
    <chapterId>15</chapterId>
    <textIndopak>وَإِنَّ عَلَيۡكَ ٱللَّعۡنَةَ إِلَىٰ يَوۡمِ ٱلدِّينِ</textIndopak>
    <translations>
      <translation>
        <author>King Fahad Quran Complex</author>
        <text>dan sesungguhnya kutukan itu tetap menimpamu sampai hari kiamat".</text>
      </translation>
    </translations>
    <rules>[{"start": 4, "end": 7, "rule_id": 0}]</rules>
  </verse>
  <verse>
    <verseIdArabic>٣٦</verseIdArabic>
    <verseId>36</verseId>
    <chapterId>15</chapterId>
    <textIndopak>قَالَ رَبِّ فَأَنظِرۡنِيٓ إِلَىٰ يَوۡمِ يُبۡعَثُونَ</textIndopak>
    <translations>
      <translation>
        <author>King Fahad Quran Complex</author>
        <text>Berkata iblis, "Ya Tuhan-ku, (kalau begitu) maka beri tangguhlah kepadaku sampai hari (manusia) dibangkitkan" .</text>
      </translation>
    </translations>
    <rules>[{"start": 42, "end": 44, "rule_id": 1}, {"start": 16, "end": 19, "rule_id": 6}]</rules>
  </verse>
  <verse>
    <verseIdArabic>٣٧</verseIdArabic>
    <verseId>37</verseId>
    <chapterId>15</chapterId>
    <textIndopak>قَالَ فَإِنَّكَ مِنَ ٱلۡمُنظَرِينَ</textIndopak>
    <translations>
      <translation>
        <author>King Fahad Quran Complex</author>
        <text>Allah berfirman, "(Kalau begitu) maka sesungguhnya kamu termasuk orang-orang yang diberi tangguh,</text>
      </translation>
    </translations>
    <rules>[{"start": 10, "end": 13, "rule_id": 0}, {"start": 26, "end": 29, "rule_id": 6}]</rules>
  </verse>
  <verse>
    <verseIdArabic>٣٨</verseIdArabic>
    <verseId>38</verseId>
    <chapterId>15</chapterId>
    <textIndopak>إِلَىٰ يَوۡمِ ٱلۡوَقۡتِ ٱلۡمَعۡلُومِ</textIndopak>
    <translations>
      <translation>
        <author>King Fahad Quran Complex</author>
        <text>sampai hari (suatu) waktu yang telah ditentukan ".</text>
      </translation>
    </translations>
    <rules>[{"start": 19, "end": 21, "rule_id": 1}]</rules>
  </verse>
  <verse>
    <verseIdArabic>٣٩</verseIdArabic>
    <verseId>39</verseId>
    <chapterId>15</chapterId>
    <textIndopak>قَالَ رَبِّ بِمَآ أَغۡوَيۡتَنِي لَأُزَيِّنَنَّ لَهُمۡ فِي ٱلۡأَرۡضِ وَلَأُغۡوِيَنَّهُمۡ أَجۡمَعِينَ</textIndopak>
    <translations>
      <translation>
        <author>King Fahad Quran Complex</author>
        <text>Iblis berkata, "Ya Tuhan-ku, oleh sebab Engkau telah memutuskan bahwa aku sesat, pasti aku akan menjadikan mereka memandang baik (perbuatan maksiat) di muka bumi dan pasti aku akan menyesatkan mereka semuanya,</text>
      </translation>
    </translations>
    <rules>[{"start": 44, "end": 47, "rule_id": 0}, {"start": 81, "end": 84, "rule_id": 0}, {"start": 91, "end": 93, "rule_id": 1}]</rules>
  </verse>
  <verse>
    <verseIdArabic>٤٠</verseIdArabic>
    <verseId>40</verseId>
    <chapterId>15</chapterId>
    <textIndopak>إِلَّا عِبَادَكَ مِنۡهُمُ ٱلۡمُخۡلَصِينَ</textIndopak>
    <translations>
      <translation>
        <author>King Fahad Quran Complex</author>
        <text>kecuali hamba-hamba Engkau yang mukhlis di antara mereka".</text>
      </translation>
    </translations>
  </verse>
  <verse>
    <verseIdArabic>٤١</verseIdArabic>
    <verseId>41</verseId>
    <chapterId>15</chapterId>
    <textIndopak>قَالَ هَٰذَا صِرَٰطٌ عَلَيَّ مُسۡتَقِيمٌ</textIndopak>
    <translations>
      <translation>
        <author>King Fahad Quran Complex</author>
        <text>Allah berfirman, "Ini adalah jalan yang lurus; kewajiban Aku-lah (menjaganya) .</text>
      </translation>
    </translations>
  </verse>
  <verse>
    <verseIdArabic>٤٢</verseIdArabic>
    <verseId>42</verseId>
    <chapterId>15</chapterId>
    <textIndopak>إِنَّ عِبَادِي لَيۡسَ لَكَ عَلَيۡهِمۡ سُلۡطَٰنٌ إِلَّا مَنِ ٱتَّبَعَكَ مِنَ ٱلۡغَاوِينَ</textIndopak>
    <translations>
      <translation>
        <author>King Fahad Quran Complex</author>
        <text>Sesungguhnya hamba-hamba-Ku tidak ada kekuasaan bagimu terhadap mereka, kecuali orang-orang yang mengikut kamu, yaitu orang-orang yang sesat.</text>
      </translation>
    </translations>
    <rules>[{"start": 2, "end": 5, "rule_id": 0}]</rules>
  </verse>
  <verse>
    <verseIdArabic>٤٣</verseIdArabic>
    <verseId>43</verseId>
    <chapterId>15</chapterId>
    <textIndopak>وَإِنَّ جَهَنَّمَ لَمَوۡعِدُهُمۡ أَجۡمَعِينَ</textIndopak>
    <translations>
      <translation>
        <author>King Fahad Quran Complex</author>
        <text>Dan sesungguhnya Jahanam itu benar-benar tempat yang telah diancamkan kepada mereka (pengikut-pengikut setan) semuanya.</text>
      </translation>
    </translations>
    <rules>[{"start": 4, "end": 7, "rule_id": 0}, {"start": 12, "end": 15, "rule_id": 0}, {"start": 35, "end": 37, "rule_id": 1}]</rules>
  </verse>
  <verse>
    <verseIdArabic>٤٤</verseIdArabic>
    <verseId>44</verseId>
    <chapterId>15</chapterId>
    <textIndopak>لَهَا سَبۡعَةُ أَبۡوَٰبٖ لِّكُلِّ بَابٖ مِّنۡهُمۡ جُزۡءٞ مَّقۡسُومٌ</textIndopak>
    <translations>
      <translation>
        <author>King Fahad Quran Complex</author>
        <text>Jahanam itu mempunyai tujuh pintu. Tiap-tiap pintu (telah ditetapkan) untuk golongan yang tertentu dari mereka.</text>
      </translation>
    </translations>
    <rules>[{"start": 40, "end": 43, "rule_id": 0}, {"start": 57, "end": 60, "rule_id": 0}, {"start": 8, "end": 10, "rule_id": 1}, {"start": 17, "end": 19, "rule_id": 1}, {"start": 60, "end": 62, "rule_id": 1}, {"start": 37, "end": 43, "rule_id": 3}, {"start": 54, "end": 60, "rule_id": 3}, {"start": 22, "end": 28, "rule_id": 5}]</rules>
  </verse>
  <verse>
    <verseIdArabic>٤٥</verseIdArabic>
    <verseId>45</verseId>
    <chapterId>15</chapterId>
    <textIndopak>إِنَّ ٱلۡمُتَّقِينَ فِي جَنَّٰتٖ وَعُيُونٍ</textIndopak>
    <translations>
      <translation>
        <author>King Fahad Quran Complex</author>
        <text>Sesungguhnya orang-orang yang bertakwa itu berada dalam surga (taman-taman) dan (di dekat) mata air-mata air (yang mengalir).</text>
      </translation>
    </translations>
    <rules>[{"start": 2, "end": 5, "rule_id": 0}, {"start": 26, "end": 30, "rule_id": 0}, {"start": 30, "end": 35, "rule_id": 3}]</rules>
  </verse>
  <verse>
    <verseIdArabic>٤٦</verseIdArabic>
    <verseId>46</verseId>
    <chapterId>15</chapterId>
    <textIndopak>ٱدۡخُلُوهَا بِسَلَٰمٍ ءَامِنِينَ</textIndopak>
    <translations>
      <translation>
        <author>King Fahad Quran Complex</author>
        <text>(Dikatakan kepada mereka), "Masuklah ke dalamnya dengan sejahtera lagi aman ".</text>
      </translation>
    </translations>
    <rules>[{"start": 1, "end": 3, "rule_id": 1}]</rules>
  </verse>
  <verse>
    <verseIdArabic>٤٧</verseIdArabic>
    <verseId>47</verseId>
    <chapterId>15</chapterId>
    <textIndopak>وَنَزَعۡنَا مَا فِي صُدُورِهِم مِّنۡ غِلٍّ إِخۡوَٰنًا عَلَىٰ سُرُرٖ مُّتَقَٰبِلِينَ</textIndopak>
    <translations>
      <translation>
        <author>King Fahad Quran Complex</author>
        <text>Dan Kami lenyapkan segala rasa dendam yang berada dalam hati mereka, sedang mereka merasa bersaudara duduk berhadap-hadapan di atas dipan-dipan.</text>
      </translation>
    </translations>
    <rules>[{"start": 31, "end": 34, "rule_id": 0}, {"start": 68, "end": 71, "rule_id": 0}, {"start": 65, "end": 71, "rule_id": 3}, {"start": 29, "end": 34, "rule_id": 4}]</rules>
  </verse>
  <verse>
    <verseIdArabic>٤٨</verseIdArabic>
    <verseId>48</verseId>
    <chapterId>15</chapterId>
    <textIndopak>لَا يَمَسُّهُمۡ فِيهَا نَصَبٞ وَمَا هُم مِّنۡهَا بِمُخۡرَجِينَ</textIndopak>
    <translations>
      <translation>
        <author>King Fahad Quran Complex</author>
        <text>Mereka tidak merasa lelah di dalamnya dan mereka sekali-kali tidak akan dikeluarkan daripadanya.</text>
      </translation>
    </translations>
    <rules>[{"start": 40, "end": 43, "rule_id": 0}, {"start": 27, "end": 32, "rule_id": 3}, {"start": 38, "end": 43, "rule_id": 4}]</rules>
  </verse>
  <verse>
    <verseIdArabic>٤٩</verseIdArabic>
    <verseId>49</verseId>
    <chapterId>15</chapterId>
    <textIndopak>۞ نَبِّئۡ عِبَادِيٓ أَنِّيٓ أَنَا ٱلۡغَفُورُ ٱلرَّحِيمُ</textIndopak>
    <translations>
      <translation>
        <author>King Fahad Quran Complex</author>
        <text>Kabarkanlah kepada hamba-hamba-Ku bahwa sesungguhnya Aku-lah Yang Maha Pengampun lagi Maha Penyayang,</text>
      </translation>
    </translations>
    <rules>[{"start": 22, "end": 25, "rule_id": 0}]</rules>
  </verse>
  <verse>
    <verseIdArabic>٥٠</verseIdArabic>
    <verseId>50</verseId>
    <chapterId>15</chapterId>
    <textIndopak>وَأَنَّ عَذَابِي هُوَ ٱلۡعَذَابُ ٱلۡأَلِيمُ</textIndopak>
    <translations>
      <translation>
        <author>King Fahad Quran Complex</author>
        <text>dan bahwa sesungguhnya azab-Ku adalah azab yang sangat pedih.</text>
      </translation>
    </translations>
    <rules>[{"start": 4, "end": 7, "rule_id": 0}]</rules>
  </verse>
  <verse>
    <verseIdArabic>٥١</verseIdArabic>
    <verseId>51</verseId>
    <chapterId>15</chapterId>
    <textIndopak>وَنَبِّئۡهُمۡ عَن ضَيۡفِ إِبۡرَٰهِيمَ</textIndopak>
    <translations>
      <translation>
        <author>King Fahad Quran Complex</author>
        <text>Dan kabarkanlah kepada mereka tentang tamu-tamu Ibrāhīm .</text>
      </translation>
    </translations>
    <rules>[{"start": 27, "end": 29, "rule_id": 1}, {"start": 16, "end": 20, "rule_id": 6}]</rules>
  </verse>
  <verse>
    <verseIdArabic>٥٢</verseIdArabic>
    <verseId>52</verseId>
    <chapterId>15</chapterId>
    <textIndopak>إِذۡ دَخَلُواْ عَلَيۡهِ فَقَالُواْ سَلَٰمٗا قَالَ إِنَّا مِنكُمۡ وَجِلُونَ</textIndopak>
    <translations>
      <translation>
        <author>King Fahad Quran Complex</author>
        <text>Ketika mereka masuk ke tempatnya, lalu mereka mengucapkan, "Salām". Berkata Ibrāhīm, "Sesungguhnya kami merasa takut kepadamu".</text>
      </translation>
    </translations>
    <rules>[{"start": 52, "end": 55, "rule_id": 0}, {"start": 59, "end": 62, "rule_id": 6}]</rules>
  </verse>
  <verse>
    <verseIdArabic>٥٣</verseIdArabic>
    <verseId>53</verseId>
    <chapterId>15</chapterId>
    <textIndopak>قَالُواْ لَا تَوۡجَلۡ إِنَّا نُبَشِّرُكَ بِغُلَٰمٍ عَلِيمٖ</textIndopak>
    <translations>
      <translation>
        <author>King Fahad Quran Complex</author>
        <text>Mereka berkata, "Janganlah kamu merasa takut, sesungguhnya kami memberi kabar gembira kepadamu dengan (kelahiran seorang) anak laki-laki (yang akan menjadi) orang yang alim ".</text>
      </translation>
    </translations>
    <rules>[{"start": 24, "end": 27, "rule_id": 0}]</rules>
  </verse>
  <verse>
    <verseIdArabic>٥٤</verseIdArabic>
    <verseId>54</verseId>
    <chapterId>15</chapterId>
    <textIndopak>قَالَ أَبَشَّرۡتُمُونِي عَلَىٰٓ أَن مَّسَّنِيَ ٱلۡكِبَرُ فَبِمَ تُبَشِّرُونَ</textIndopak>
    <translations>
      <translation>
        <author>King Fahad Quran Complex</author>
        <text>Berkata Ibrāhīm, "Apakah kamu memberi kabar gembira kepadaku padahal usiaku telah lanjut, maka dengan cara bagaimanakah (terlaksananya) berita gembira yang kamu kabarkan ini?"</text>
      </translation>
    </translations>
    <rules>[{"start": 36, "end": 39, "rule_id": 0}, {"start": 34, "end": 39, "rule_id": 3}]</rules>
  </verse>
  <verse>
    <verseIdArabic>٥٥</verseIdArabic>
    <verseId>55</verseId>
    <chapterId>15</chapterId>
    <textIndopak>قَالُواْ بَشَّرۡنَٰكَ بِٱلۡحَقِّ فَلَا تَكُن مِّنَ ٱلۡقَٰنِطِينَ</textIndopak>
    <translations>
      <translation>
        <author>King Fahad Quran Complex</author>
        <text>Mereka menjawab, "Kami menyampaikan kabar gembira kepadamu dengan benar, maka janganlah kamu termasuk orang-orang yang berputus asa".</text>
      </translation>
    </translations>
    <rules>[{"start": 45, "end": 48, "rule_id": 0}, {"start": 43, "end": 48, "rule_id": 3}]</rules>
  </verse>
  <verse>
    <verseIdArabic>٥٦</verseIdArabic>
    <verseId>56</verseId>
    <chapterId>15</chapterId>
    <textIndopak>قَالَ وَمَن يَقۡنَطُ مِن رَّحۡمَةِ رَبِّهِۦٓ إِلَّا ٱلضَّآلُّونَ</textIndopak>
    <translations>
      <translation>
        <author>King Fahad Quran Complex</author>
        <text>Ibrāhīm berkata, "Tidak ada orang yang berputus asa dari rahmat Tuhan-nya, kecuali orang-orang yang sesat".</text>
      </translation>
    </translations>
    <rules>[{"start": 14, "end": 16, "rule_id": 1}, {"start": 10, "end": 14, "rule_id": 3}, {"start": 23, "end": 28, "rule_id": 5}]</rules>
  </verse>
  <verse>
    <verseIdArabic>٥٧</verseIdArabic>
    <verseId>57</verseId>
    <chapterId>15</chapterId>
    <textIndopak>قَالَ فَمَا خَطۡبُكُمۡ أَيُّهَا ٱلۡمُرۡسَلُونَ</textIndopak>
    <translations>
      <translation>
        <author>King Fahad Quran Complex</author>
        <text>Berkata (pula) Ibrāhīm, "Apakah urusanmu yang penting (selain itu), hai para utusan?"</text>
      </translation>
    </translations>
    <rules>[{"start": 14, "end": 16, "rule_id": 1}]</rules>
  </verse>
  <verse>
    <verseIdArabic>٥٨</verseIdArabic>
    <verseId>58</verseId>
    <chapterId>15</chapterId>
    <textIndopak>قَالُوٓاْ إِنَّآ أُرۡسِلۡنَآ إِلَىٰ قَوۡمٖ مُّجۡرِمِينَ</textIndopak>
    <translations>
      <translation>
        <author>King Fahad Quran Complex</author>
        <text>Mereka menjawab, "Kami sesungguhnya diutus kepada kaum yang berdosa,</text>
      </translation>
    </translations>
    <rules>[{"start": 12, "end": 15, "rule_id": 0}, {"start": 45, "end": 48, "rule_id": 0}, {"start": 48, "end": 50, "rule_id": 1}, {"start": 42, "end": 48, "rule_id": 3}]</rules>
  </verse>
  <verse>
    <verseIdArabic>٥٩</verseIdArabic>
    <verseId>59</verseId>
    <chapterId>15</chapterId>
    <textIndopak>إِلَّآ ءَالَ لُوطٍ إِنَّا لَمُنَجُّوهُمۡ أَجۡمَعِينَ</textIndopak>
    <translations>
      <translation>
        <author>King Fahad Quran Complex</author>
        <text>kecuali Lūṭ beserta pengikut-pengikutnya. Sesungguhnya Kami akan menyelamatkan mereka semuanya,</text>
      </translation>
    </translations>
    <rules>[{"start": 22, "end": 25, "rule_id": 0}, {"start": 44, "end": 46, "rule_id": 1}]</rules>
  </verse>
  <verse>
    <verseIdArabic>٦٠</verseIdArabic>
    <verseId>60</verseId>
    <chapterId>15</chapterId>
    <textIndopak>إِلَّا ٱمۡرَأَتَهُۥ قَدَّرۡنَآ إِنَّهَا لَمِنَ ٱلۡغَٰبِرِينَ</textIndopak>
    <translations>
      <translation>
        <author>King Fahad Quran Complex</author>
        <text>kecuali istrinya, Kami telah menentukan bahwa sesungguhnya ia itu termasuk orang-orang yang tertinggal (bersama-sama dengan orang kafir lainnya)".</text>
      </translation>
    </translations>
    <rules>[{"start": 36, "end": 39, "rule_id": 0}]</rules>
  </verse>
  <verse>
    <verseIdArabic>٦١</verseIdArabic>
    <verseId>61</verseId>
    <chapterId>15</chapterId>
    <textIndopak>فَلَمَّا جَآءَ ءَالَ لُوطٍ ٱلۡمُرۡسَلُونَ</textIndopak>
    <translations>
      <translation>
        <author>King Fahad Quran Complex</author>
        <text>Maka tatkala para utusan itu datang kepada kaum Lūṭ beserta pengikut-pengikutnya.</text>
      </translation>
    </translations>
    <rules>[{"start": 4, "end": 7, "rule_id": 0}]</rules>
  </verse>
  <verse>
    <verseIdArabic>٦٢</verseIdArabic>
    <verseId>62</verseId>
    <chapterId>15</chapterId>
    <textIndopak>قَالَ إِنَّكُمۡ قَوۡمٞ مُّنكَرُونَ</textIndopak>
    <translations>
      <translation>
        <author>King Fahad Quran Complex</author>
        <text>ia berkata, "Sesungguhnya kamu adalah orang-orang yang tidak dikenal".</text>
      </translation>
    </translations>
    <rules>[{"start": 8, "end": 11, "rule_id": 0}, {"start": 23, "end": 26, "rule_id": 0}, {"start": 20, "end": 26, "rule_id": 3}, {"start": 26, "end": 29, "rule_id": 6}]</rules>
  </verse>
  <verse>
    <verseIdArabic>٦٣</verseIdArabic>
    <verseId>63</verseId>
    <chapterId>15</chapterId>
    <textIndopak>قَالُواْ بَلۡ جِئۡنَٰكَ بِمَا كَانُواْ فِيهِ يَمۡتَرُونَ</textIndopak>
    <translations>
      <translation>
        <author>King Fahad Quran Complex</author>
        <text>Para utusan menjawab, "Sebenarnya kami ini datang kepadamu dengan membawa azab yang selalu mereka dustakan.</text>
      </translation>
    </translations>
  </verse>
  <verse>
    <verseIdArabic>٦٤</verseIdArabic>
    <verseId>64</verseId>
    <chapterId>15</chapterId>
    <textIndopak>وَأَتَيۡنَٰكَ بِٱلۡحَقِّ وَإِنَّا لَصَٰدِقُونَ</textIndopak>
    <translations>
      <translation>
        <author>King Fahad Quran Complex</author>
        <text>Dan kami datang kepadamu membawa kebenaran dan sesungguhnya kami betul-betul orang-orang benar.</text>
      </translation>
    </translations>
    <rules>[{"start": 29, "end": 32, "rule_id": 0}]</rules>
  </verse>
  <verse>
    <verseIdArabic>٦٥</verseIdArabic>
    <verseId>65</verseId>
    <chapterId>15</chapterId>
    <textIndopak>فَأَسۡرِ بِأَهۡلِكَ بِقِطۡعٖ مِّنَ ٱلَّيۡلِ وَٱتَّبِعۡ أَدۡبَٰرَهُمۡ وَلَا يَلۡتَفِتۡ مِنكُمۡ أَحَدٞ وَٱمۡضُواْ حَيۡثُ تُؤۡمَرُونَ</textIndopak>
    <translations>
      <translation>
        <author>King Fahad Quran Complex</author>
        <text>Maka pergilah kamu di akhir malam dengan membawa keluargamu dan ikutilah mereka dari belakang dan janganlah seorang pun di antara kamu menoleh ke belakang dan teruskanlah perjalanan ke tempat yang diperintahkan kepadamu".</text>
      </translation>
    </translations>
    <rules>[{"start": 29, "end": 32, "rule_id": 0}, {"start": 24, "end": 26, "rule_id": 1}, {"start": 57, "end": 59, "rule_id": 1}, {"start": 26, "end": 32, "rule_id": 3}, {"start": 98, "end": 103, "rule_id": 3}, {"start": 88, "end": 91, "rule_id": 6}]</rules>
  </verse>
  <verse>
    <verseIdArabic>٦٦</verseIdArabic>
    <verseId>66</verseId>
    <chapterId>15</chapterId>
    <textIndopak>وَقَضَيۡنَآ إِلَيۡهِ ذَٰلِكَ ٱلۡأَمۡرَ أَنَّ دَابِرَ هَٰٓؤُلَآءِ مَقۡطُوعٞ مُّصۡبِحِينَ</textIndopak>
    <translations>
      <translation>
        <author>King Fahad Quran Complex</author>
        <text>Dan telah Kami wahyukan kepadanya (Lūṭ) perkara itu, yaitu bahwa mereka akan ditumpas habis pada waktu subuh.</text>
      </translation>
    </translations>
    <rules>[{"start": 42, "end": 45, "rule_id": 0}, {"start": 77, "end": 80, "rule_id": 0}, {"start": 69, "end": 71, "rule_id": 1}, {"start": 74, "end": 80, "rule_id": 3}]</rules>
  </verse>
  <verse>
    <verseIdArabic>٦٧</verseIdArabic>
    <verseId>67</verseId>
    <chapterId>15</chapterId>
    <textIndopak>وَجَآءَ أَهۡلُ ٱلۡمَدِينَةِ يَسۡتَبۡشِرُونَ</textIndopak>
    <translations>
      <translation>
        <author>King Fahad Quran Complex</author>
        <text>Dan datanglah penduduk kota itu (ke rumah Lūṭ) dengan gembira (karena) kedatangan tamu-tamu itu .</text>
      </translation>
    </translations>
    <rules>[{"start": 35, "end": 37, "rule_id": 1}]</rules>
  </verse>
  <verse>
    <verseIdArabic>٦٨</verseIdArabic>
    <verseId>68</verseId>
    <chapterId>15</chapterId>
    <textIndopak>قَالَ إِنَّ هَٰٓؤُلَآءِ ضَيۡفِي فَلَا تَفۡضَحُونِ</textIndopak>
    <translations>
      <translation>
        <author>King Fahad Quran Complex</author>
        <text>Lūṭ berkata, "Sesungguhnya mereka adalah tamuku, maka janganlah kamu memberi malu (kepadaku),</text>
      </translation>
    </translations>
    <rules>[{"start": 8, "end": 11, "rule_id": 0}]</rules>
  </verse>
  <verse>
    <verseIdArabic>٦٩</verseIdArabic>
    <verseId>69</verseId>
    <chapterId>15</chapterId>
    <textIndopak>وَٱتَّقُواْ ٱللَّهَ وَلَا تُخۡزُونِ</textIndopak>
    <translations>
      <translation>
        <author>King Fahad Quran Complex</author>
        <text>dan bertakwalah kepada Allah dan janganlah kamu membuat aku terhina".</text>
      </translation>
    </translations>
  </verse>
  <verse>
    <verseIdArabic>٧٠</verseIdArabic>
    <verseId>70</verseId>
    <chapterId>15</chapterId>
    <textIndopak>قَالُوٓاْ أَوَلَمۡ نَنۡهَكَ عَنِ ٱلۡعَٰلَمِينَ</textIndopak>
    <translations>
      <translation>
        <author>King Fahad Quran Complex</author>
        <text>Mereka berkata, "Dan bukankah kami telah melarangmu dari (melindungi) manusia ?"</text>
      </translation>
    </translations>
  </verse>
  <verse>
    <verseIdArabic>٧١</verseIdArabic>
    <verseId>71</verseId>
    <chapterId>15</chapterId>
    <textIndopak>قَالَ هَٰٓؤُلَآءِ بَنَاتِيٓ إِن كُنتُمۡ فَٰعِلِينَ</textIndopak>
    <translations>
      <translation>
        <author>King Fahad Quran Complex</author>
        <text>Lūṭ berkata, "Inilah putri-putri (negeri) ku (kawinlah dengan mereka), jika kamu hendak berbuat (secara yang halal)".</text>
      </translation>
    </translations>
    <rules>[{"start": 31, "end": 35, "rule_id": 6}, {"start": 35, "end": 38, "rule_id": 6}]</rules>
  </verse>
  <verse>
    <verseIdArabic>٧٢</verseIdArabic>
    <verseId>72</verseId>
    <chapterId>15</chapterId>
    <textIndopak>لَعَمۡرُكَ إِنَّهُمۡ لَفِي سَكۡرَتِهِمۡ يَعۡمَهُونَ</textIndopak>
    <translations>
      <translation>
        <author>King Fahad Quran Complex</author>
        <text>(Allah berfirman), "Demi umurmu (Muhammad), sesungguhnya mereka terombang-ambing di dalam kemabukan (kesesatan)".</text>
      </translation>
    </translations>
    <rules>[{"start": 13, "end": 16, "rule_id": 0}]</rules>
  </verse>
  <verse>
    <verseIdArabic>٧٣</verseIdArabic>
    <verseId>73</verseId>
    <chapterId>15</chapterId>
    <textIndopak>فَأَخَذَتۡهُمُ ٱلصَّيۡحَةُ مُشۡرِقِينَ</textIndopak>
    <translations>
      <translation>
        <author>King Fahad Quran Complex</author>
        <text>Maka mereka dibinasakan oleh suara keras yang mengguntur ketika matahari akan terbit.</text>
      </translation>
    </translations>
  </verse>
  <verse>
    <verseIdArabic>٧٤</verseIdArabic>
    <verseId>74</verseId>
    <chapterId>15</chapterId>
    <textIndopak>فَجَعَلۡنَا عَٰلِيَهَا سَافِلَهَا وَأَمۡطَرۡنَا عَلَيۡهِمۡ حِجَارَةٗ مِّن سِجِّيلٍ</textIndopak>
    <translations>
      <translation>
        <author>King Fahad Quran Complex</author>
        <text>Maka Kami jadikan bagian atas kota itu terbalik ke bawah dan Kami hujani mereka dengan batu dari tanah yang keras.</text>
      </translation>
    </translations>
    <rules>[{"start": 69, "end": 72, "rule_id": 0}, {"start": 66, "end": 72, "rule_id": 3}, {"start": 72, "end": 76, "rule_id": 6}]</rules>
  </verse>
  <verse>
    <verseIdArabic>٧٥</verseIdArabic>
    <verseId>75</verseId>
    <chapterId>15</chapterId>
    <textIndopak>إِنَّ فِي ذَٰلِكَ لَأٓيَٰتٖ لِّلۡمُتَوَسِّمِينَ</textIndopak>
    <translations>
      <translation>
        <author>King Fahad Quran Complex</author>
        <text>Sesungguhnya pada yang demikian itu benar-benar terdapat tanda-tanda (kekuasaan Kami) bagi orang-orang yang memperhatikan tanda-tanda.</text>
      </translation>
    </translations>
    <rules>[{"start": 2, "end": 5, "rule_id": 0}, {"start": 26, "end": 32, "rule_id": 5}]</rules>
  </verse>
  <verse>
    <verseIdArabic>٧٦</verseIdArabic>
    <verseId>76</verseId>
    <chapterId>15</chapterId>
    <textIndopak>وَإِنَّهَا لَبِسَبِيلٖ مُّقِيمٍ</textIndopak>
    <translations>
      <translation>
        <author>King Fahad Quran Complex</author>
        <text>Dan sesungguhnya kota itu benar-benar terletak di jalan yang masih tetap (dilalui manusia).</text>
      </translation>
    </translations>
    <rules>[{"start": 4, "end": 7, "rule_id": 0}, {"start": 23, "end": 26, "rule_id": 0}, {"start": 20, "end": 26, "rule_id": 3}]</rules>
  </verse>
  <verse>
    <verseIdArabic>٧٧</verseIdArabic>
    <verseId>77</verseId>
    <chapterId>15</chapterId>
    <textIndopak>إِنَّ فِي ذَٰلِكَ لَأٓيَةٗ لِّلۡمُؤۡمِنِينَ</textIndopak>
    <translations>
      <translation>
        <author>King Fahad Quran Complex</author>
        <text>Sesungguhnya pada yang demikian itu benar-benar terdapat tanda-tanda (kekuasaan Allah) bagi orang-orang yang beriman.</text>
      </translation>
    </translations>
    <rules>[{"start": 2, "end": 5, "rule_id": 0}, {"start": 25, "end": 31, "rule_id": 5}]</rules>
  </verse>
  <verse>
    <verseIdArabic>٧٨</verseIdArabic>
    <verseId>78</verseId>
    <chapterId>15</chapterId>
    <textIndopak>وَإِن كَانَ أَصۡحَٰبُ ٱلۡأَيۡكَةِ لَظَٰلِمِينَ</textIndopak>
    <translations>
      <translation>
        <author>King Fahad Quran Complex</author>
        <text>Dan sesungguhnya adalah penduduk Aikah itu benar-benar kaum yang zalim,</text>
      </translation>
    </translations>
    <rules>[{"start": 4, "end": 8, "rule_id": 6}]</rules>
  </verse>
  <verse>
    <verseIdArabic>٧٩</verseIdArabic>
    <verseId>79</verseId>
    <chapterId>15</chapterId>
    <textIndopak>فَٱنتَقَمۡنَا مِنۡهُمۡ وَإِنَّهُمَا لَبِإِمَامٖ مُّبِينٖ</textIndopak>
    <translations>
      <translation>
        <author>King Fahad Quran Complex</author>
        <text>maka Kami membinasakan mereka. Dan sesungguhnya kedua kota itu benar-benar terletak di jalan umum yang terang.</text>
      </translation>
    </translations>
    <rules>[{"start": 27, "end": 30, "rule_id": 0}, {"start": 48, "end": 51, "rule_id": 0}, {"start": 45, "end": 51, "rule_id": 3}, {"start": 3, "end": 6, "rule_id": 6}]</rules>
  </verse>
  <verse>
    <verseIdArabic>٨٠</verseIdArabic>
    <verseId>80</verseId>
    <chapterId>15</chapterId>
    <textIndopak>وَلَقَدۡ كَذَّبَ أَصۡحَٰبُ ٱلۡحِجۡرِ ٱلۡمُرۡسَلِينَ</textIndopak>
    <translations>
      <translation>
        <author>King Fahad Quran Complex</author>
        <text>Dan sesungguhnya penduduk-penduduk Kota Al-Ḥijr telah mendustakan rasul-rasul ,</text>
      </translation>
    </translations>
    <rules>[{"start": 6, "end": 8, "rule_id": 1}, {"start": 32, "end": 34, "rule_id": 1}]</rules>
  </verse>
  <verse>
    <verseIdArabic>٨١</verseIdArabic>
    <verseId>81</verseId>
    <chapterId>15</chapterId>
    <textIndopak>وَءَاتَيۡنَٰهُمۡ ءَايَٰتِنَا فَكَانُواْ عَنۡهَا مُعۡرِضِينَ</textIndopak>
    <translations>
      <translation>
        <author>King Fahad Quran Complex</author>
        <text>dan Kami telah mendatangkan kepada mereka tanda-tanda (kekuasaan) Kami, tetapi mereka selalu berpaling daripadanya,</text>
      </translation>
    </translations>
  </verse>
  <verse>
    <verseIdArabic>٨٢</verseIdArabic>
    <verseId>82</verseId>
    <chapterId>15</chapterId>
    <textIndopak>وَكَانُواْ يَنۡحِتُونَ مِنَ ٱلۡجِبَالِ بُيُوتًا ءَامِنِينَ</textIndopak>
    <translations>
      <translation>
        <author>King Fahad Quran Complex</author>
        <text>dan mereka memahat rumah-rumah dari gunung-gunung batu (yang didiami) dengan aman.</text>
      </translation>
    </translations>
  </verse>
  <verse>
    <verseIdArabic>٨٣</verseIdArabic>
    <verseId>83</verseId>
    <chapterId>15</chapterId>
    <textIndopak>فَأَخَذَتۡهُمُ ٱلصَّيۡحَةُ مُصۡبِحِينَ</textIndopak>
    <translations>
      <translation>
        <author>King Fahad Quran Complex</author>
        <text>Maka mereka dibinasakan oleh suara keras yang mengguntur pada waktu pagi ,</text>
      </translation>
    </translations>
  </verse>
  <verse>
    <verseIdArabic>٨٤</verseIdArabic>
    <verseId>84</verseId>
    <chapterId>15</chapterId>
    <textIndopak>فَمَآ أَغۡنَىٰ عَنۡهُم مَّا كَانُواْ يَكۡسِبُونَ</textIndopak>
    <translations>
      <translation>
        <author>King Fahad Quran Complex</author>
        <text>maka tak dapat menolong mereka, apa yang telah mereka usahakan.</text>
      </translation>
    </translations>
    <rules>[{"start": 24, "end": 27, "rule_id": 0}, {"start": 22, "end": 27, "rule_id": 4}]</rules>
  </verse>
  <verse>
    <verseIdArabic>٨٥</verseIdArabic>
    <verseId>85</verseId>
    <chapterId>15</chapterId>
    <textIndopak>وَمَا خَلَقۡنَا ٱلسَّمَٰوَٰتِ وَٱلۡأَرۡضَ وَمَا بَيۡنَهُمَآ إِلَّا بِٱلۡحَقِّۗ وَإِنَّ ٱلسَّاعَةَ لَأٓتِيَةٞۖ فَٱصۡفَحِ ٱلصَّفۡحَ ٱلۡجَمِيلَ</textIndopak>
    <translations>
      <translation>
        <author>King Fahad Quran Complex</author>
        <text>Dan tidaklah Kami ciptakan langit dan bumi dan apa yang ada di antara keduanya, melainkan dengan benar. Dan sesungguhnya saat (kiamat) itu pasti akan datang, maka maafkanlah (mereka) dengan cara yang baik.</text>
      </translation>
    </translations>
    <rules>[{"start": 85, "end": 88, "rule_id": 0}, {"start": 10, "end": 12, "rule_id": 1}]</rules>
  </verse>
  <verse>
    <verseIdArabic>٨٦</verseIdArabic>
    <verseId>86</verseId>
    <chapterId>15</chapterId>
    <textIndopak>إِنَّ رَبَّكَ هُوَ ٱلۡخَلَّٰقُ ٱلۡعَلِيمُ</textIndopak>
    <translations>
      <translation>
        <author>King Fahad Quran Complex</author>
        <text>Sesungguhnya Tuhan-mu, Dia-lah Yang Maha Pencipta lagi Maha Mengetahui.</text>
      </translation>
    </translations>
    <rules>[{"start": 2, "end": 5, "rule_id": 0}]</rules>
  </verse>
  <verse>
    <verseIdArabic>٨٧</verseIdArabic>
    <verseId>87</verseId>
    <chapterId>15</chapterId>
    <textIndopak>وَلَقَدۡ ءَاتَيۡنَٰكَ سَبۡعٗا مِّنَ ٱلۡمَثَانِي وَٱلۡقُرۡءَانَ ٱلۡعَظِيمَ</textIndopak>
    <translations>
      <translation>
        <author>King Fahad Quran Complex</author>
        <text>Dan sesungguhnya Kami telah berikan kepadamu tujuh ayat yang dibaca berulang-ulang dan Al-Qur`ān yang agung.</text>
      </translation>
    </translations>
    <rules>[{"start": 30, "end": 33, "rule_id": 0}, {"start": 6, "end": 8, "rule_id": 1}, {"start": 24, "end": 26, "rule_id": 1}, {"start": 26, "end": 33, "rule_id": 3}]</rules>
  </verse>
  <verse>
    <verseIdArabic>٨٨</verseIdArabic>
    <verseId>88</verseId>
    <chapterId>15</chapterId>
    <textIndopak>لَا تَمُدَّنَّ عَيۡنَيۡكَ إِلَىٰ مَا مَتَّعۡنَا بِهِۦٓ أَزۡوَٰجٗا مِّنۡهُمۡ وَلَا تَحۡزَنۡ عَلَيۡهِمۡ وَٱخۡفِضۡ جَنَاحَكَ لِلۡمُؤۡمِنِينَ</textIndopak>
    <translations>
      <translation>
        <author>King Fahad Quran Complex</author>
        <text>Janganlah sekali-kali kamu menujukan pandanganmu kepada kenikmatan hidup yang telah Kami berikan kepada beberapa golongan di antara mereka, (orang-orang kafir itu) dan janganlah kamu bersedih hati terhadap mereka dan berendahdirilah kamu terhadap orang-orang yang beriman.</text>
      </translation>
    </translations>
    <rules>[{"start": 11, "end": 14, "rule_id": 0}, {"start": 66, "end": 69, "rule_id": 0}, {"start": 62, "end": 69, "rule_id": 3}]</rules>
  </verse>
  <verse>
    <verseIdArabic>٨٩</verseIdArabic>
    <verseId>89</verseId>
    <chapterId>15</chapterId>
    <textIndopak>وَقُلۡ إِنِّيٓ أَنَا ٱلنَّذِيرُ ٱلۡمُبِينُ</textIndopak>
    <translations>
      <translation>
        <author>King Fahad Quran Complex</author>
        <text>Dan katakanlah, "Sesungguhnya aku adalah pemberi peringatan yang menjelaskan".</text>
      </translation>
    </translations>
    <rules>[{"start": 9, "end": 12, "rule_id": 0}, {"start": 23, "end": 26, "rule_id": 0}]</rules>
  </verse>
  <verse>
    <verseIdArabic>٩٠</verseIdArabic>
    <verseId>90</verseId>
    <chapterId>15</chapterId>
    <textIndopak>كَمَآ أَنزَلۡنَا عَلَى ٱلۡمُقۡتَسِمِينَ</textIndopak>
    <translations>
      <translation>
        <author>King Fahad Quran Complex</author>
        <text>Sebagaimana (Kami telah memberi peringatan), Kami telah menurunkan (azab) kepada orang-orang yang membagi-bagi (Kitab Allah) ,</text>
      </translation>
    </translations>
    <rules>[{"start": 29, "end": 31, "rule_id": 1}, {"start": 9, "end": 12, "rule_id": 6}]</rules>
  </verse>
  <verse>
    <verseIdArabic>٩١</verseIdArabic>
    <verseId>91</verseId>
    <chapterId>15</chapterId>
    <textIndopak>ٱلَّذِينَ جَعَلُواْ ٱلۡقُرۡءَانَ عِضِينَ</textIndopak>
    <translations>
      <translation>
        <author>King Fahad Quran Complex</author>
        <text>(yaitu) orang-orang yang telah menjadikan Al-Qur`ān itu terbagi-bagi.</text>
      </translation>
    </translations>
  </verse>
  <verse>
    <verseIdArabic>٩٢</verseIdArabic>
    <verseId>92</verseId>
    <chapterId>15</chapterId>
    <textIndopak>فَوَرَبِّكَ لَنَسۡـَٔلَنَّهُمۡ أَجۡمَعِينَ</textIndopak>
    <translations>
      <translation>
        <author>King Fahad Quran Complex</author>
        <text>Maka demi Tuhan-mu, Kami pasti akan menanyai mereka semua,</text>
      </translation>
    </translations>
    <rules>[{"start": 23, "end": 26, "rule_id": 0}, {"start": 33, "end": 35, "rule_id": 1}]</rules>
  </verse>
  <verse>
    <verseIdArabic>٩٣</verseIdArabic>
    <verseId>93</verseId>
    <chapterId>15</chapterId>
    <textIndopak>عَمَّا كَانُواْ يَعۡمَلُونَ</textIndopak>
    <translations>
      <translation>
        <author>King Fahad Quran Complex</author>
        <text>tentang apa yang telah mereka kerjakan dahulu.</text>
      </translation>
    </translations>
    <rules>[{"start": 2, "end": 5, "rule_id": 0}]</rules>
  </verse>
  <verse>
    <verseIdArabic>٩٤</verseIdArabic>
    <verseId>94</verseId>
    <chapterId>15</chapterId>
    <textIndopak>فَٱصۡدَعۡ بِمَا تُؤۡمَرُ وَأَعۡرِضۡ عَنِ ٱلۡمُشۡرِكِينَ</textIndopak>
    <translations>
      <translation>
        <author>King Fahad Quran Complex</author>
        <text>Maka sampaikanlah olehmu secara terang-terangan segala apa yang diperintahkan (kepadamu) dan berpalinglah dari orang-orang yang musyrik.</text>
      </translation>
    </translations>
  </verse>
  <verse>
    <verseIdArabic>٩٥</verseIdArabic>
    <verseId>95</verseId>
    <chapterId>15</chapterId>
    <textIndopak>إِنَّا كَفَيۡنَٰكَ ٱلۡمُسۡتَهۡزِءِينَ</textIndopak>
    <translations>
      <translation>
        <author>King Fahad Quran Complex</author>
        <text>Sesungguhnya Kami memelihara kamu daripada (kejahatan) orang-orang yang memperolok-olokkan (kamu),</text>
      </translation>
    </translations>
    <rules>[{"start": 2, "end": 5, "rule_id": 0}]</rules>
  </verse>
  <verse>
    <verseIdArabic>٩٦</verseIdArabic>
    <verseId>96</verseId>
    <chapterId>15</chapterId>
    <textIndopak>ٱلَّذِينَ يَجۡعَلُونَ مَعَ ٱللَّهِ إِلَٰهًا ءَاخَرَۚ فَسَوۡفَ يَعۡلَمُونَ</textIndopak>
    <translations>
      <translation>
        <author>King Fahad Quran Complex</author>
        <text>(yaitu) orang-orang yang menganggap adanya tuhan yang lain di samping Allah, maka mereka kelak akan mengetahui (akibat-akibatnya).</text>
      </translation>
    </translations>
    <rules>[{"start": 12, "end": 14, "rule_id": 1}]</rules>
  </verse>
  <verse>
    <verseIdArabic>٩٧</verseIdArabic>
    <verseId>97</verseId>
    <chapterId>15</chapterId>
    <textIndopak>وَلَقَدۡ نَعۡلَمُ أَنَّكَ يَضِيقُ صَدۡرُكَ بِمَا يَقُولُونَ</textIndopak>
    <translations>
      <translation>
        <author>King Fahad Quran Complex</author>
        <text>Dan Kami sungguh-sungguh mengetahui bahwa dadamu menjadi sempit disebabkan apa yang mereka ucapkan,</text>
      </translation>
    </translations>
    <rules>[{"start": 20, "end": 23, "rule_id": 0}, {"start": 6, "end": 8, "rule_id": 1}, {"start": 36, "end": 38, "rule_id": 1}]</rules>
  </verse>
  <verse>
    <verseIdArabic>٩٨</verseIdArabic>
    <verseId>98</verseId>
    <chapterId>15</chapterId>
    <textIndopak>فَسَبِّحۡ بِحَمۡدِ رَبِّكَ وَكُن مِّنَ ٱلسَّٰجِدِينَ</textIndopak>
    <translations>
      <translation>
        <author>King Fahad Quran Complex</author>
        <text>maka bertasbihlah dengan memuji Tuhan-mu dan jadilah kamu di antara orang-orang yang bersujud (salat),</text>
      </translation>
    </translations>
    <rules>[{"start": 33, "end": 36, "rule_id": 0}, {"start": 31, "end": 36, "rule_id": 3}]</rules>
  </verse>
  <verse>
    <verseIdArabic>٩٩</verseIdArabic>
    <verseId>99</verseId>
    <chapterId>15</chapterId>
    <textIndopak>وَٱعۡبُدۡ رَبَّكَ حَتَّىٰ يَأۡتِيَكَ ٱلۡيَقِينُ</textIndopak>
    <translations>
      <translation>
        <author>King Fahad Quran Complex</author>
        <text>dan sembahlah Tuhan-mu sampai datang kepadamu yang diyakini (ajal).</text>
      </translation>
    </translations>
    <rules>[{"start": 7, "end": 9, "rule_id": 1}]</rules>
  </verse>
</verses>
