<?xml version="1.0" encoding="UTF-8"?>

<verses>
  <verse>
    <verseIdArabic>١</verseIdArabic>
    <verseId>1</verseId>
    <chapterId>19</chapterId>
    <textIndopak>كٓهيعٓصٓ</textIndopak>
    <translations>
      <translation>
        <author>King Fahad Quran Complex</author>
        <text>Kāf Hā Yā ʻAin Ṣād</text>
      </translation>
    </translations>
  </verse>
  <verse>
    <verseIdArabic>٢</verseIdArabic>
    <verseId>2</verseId>
    <chapterId>19</chapterId>
    <textIndopak>ذِكۡرُ رَحۡمَتِ رَبِّكَ عَبۡدَهُۥ زَكَرِيَّآ</textIndopak>
    <translations>
      <translation>
        <author>King Fahad Quran Complex</author>
        <text>(Yang dibacakan ini adalah) penjelasan tentang rahmat Tuhan kamu kepada hamba-Nya, Zakariyyā,</text>
      </translation>
    </translations>
    <rules>[{"start": 26, "end": 28, "rule_id": 1}]</rules>
  </verse>
  <verse>
    <verseIdArabic>٣</verseIdArabic>
    <verseId>3</verseId>
    <chapterId>19</chapterId>
    <textIndopak>إِذۡ نَادَىٰ رَبَّهُۥ نِدَآءً خَفِيّٗا</textIndopak>
    <translations>
      <translation>
        <author>King Fahad Quran Complex</author>
        <text>yaitu tatkala ia berdoa kepada Tuhan-nya dengan suara yang lembut.</text>
      </translation>
    </translations>
    <rules>[{"start": 28, "end": 33, "rule_id": 6}]</rules>
  </verse>
  <verse>
    <verseIdArabic>٤</verseIdArabic>
    <verseId>4</verseId>
    <chapterId>19</chapterId>
    <textIndopak>قَالَ رَبِّ إِنِّي وَهَنَ ٱلۡعَظۡمُ مِنِّي وَٱشۡتَعَلَ ٱلرَّأۡسُ شَيۡبٗا وَلَمۡ أَكُنۢ بِدُعَآئِكَ رَبِّ شَقِيّٗا</textIndopak>
    <translations>
      <translation>
        <author>King Fahad Quran Complex</author>
        <text>Ia berkata, "Ya Tuhan-ku, sesungguhnya tulangku telah lemah dan kepalaku telah ditumbuhi uban dan aku belum pernah kecewa dalam berdoa kepada Engkau, ya Tuhan-ku.</text>
      </translation>
    </translations>
    <rules>[{"start": 14, "end": 17, "rule_id": 0}, {"start": 38, "end": 41, "rule_id": 0}, {"start": 84, "end": 89, "rule_id": 2}, {"start": 69, "end": 75, "rule_id": 3}]</rules>
  </verse>
  <verse>
    <verseIdArabic>٥</verseIdArabic>
    <verseId>5</verseId>
    <chapterId>19</chapterId>
    <textIndopak>وَإِنِّي خِفۡتُ ٱلۡمَوَٰلِيَ مِن وَرَآءِي وَكَانَتِ ٱمۡرَأَتِي عَاقِرٗا فَهَبۡ لِي مِن لَّدُنكَ وَلِيّٗا</textIndopak>
    <translations>
      <translation>
        <author>King Fahad Quran Complex</author>
        <text>Dan sesungguhnya aku khawatir terhadap mawālīku sepeninggalku, sedang istriku adalah seorang yang mandul, maka anugerahilah aku dari sisi Engkau seorang putra,</text>
      </translation>
    </translations>
    <rules>[{"start": 4, "end": 7, "rule_id": 0}, {"start": 77, "end": 79, "rule_id": 1}, {"start": 31, "end": 35, "rule_id": 3}, {"start": 86, "end": 91, "rule_id": 5}, {"start": 93, "end": 96, "rule_id": 6}]</rules>
  </verse>
  <verse>
    <verseIdArabic>٦</verseIdArabic>
    <verseId>6</verseId>
    <chapterId>19</chapterId>
    <textIndopak>يَرِثُنِي وَيَرِثُ مِنۡ ءَالِ يَعۡقُوبَۖ وَٱجۡعَلۡهُ رَبِّ رَضِيّٗا</textIndopak>
    <translations>
      <translation>
        <author>King Fahad Quran Complex</author>
        <text>yang akan mewarisi aku dan mewarisi sebagian keluarga Ya`qūb dan jadikanlah ia, ya Tuhan-ku, seorang yang diridai".</text>
      </translation>
    </translations>
    <rules>[{"start": 45, "end": 47, "rule_id": 1}]</rules>
  </verse>
  <verse>
    <verseIdArabic>٧</verseIdArabic>
    <verseId>7</verseId>
    <chapterId>19</chapterId>
    <textIndopak>يَٰزَكَرِيَّآ إِنَّا نُبَشِّرُكَ بِغُلَٰمٍ ٱسۡمُهُۥ يَحۡيَىٰ لَمۡ نَجۡعَل لَّهُۥ مِن قَبۡلُ سَمِيّٗا</textIndopak>
    <translations>
      <translation>
        <author>King Fahad Quran Complex</author>
        <text>Hai Zakariyyā, sesungguhnya Kami memberi kabar gembira kepadamu akan (beroleh) seorang anak yang namanya Yaḥyā, yang sebelumnya Kami belum pernah menciptakan orang yang serupa dengan dia.</text>
      </translation>
    </translations>
    <rules>[{"start": 17, "end": 20, "rule_id": 0}, {"start": 69, "end": 71, "rule_id": 1}, {"start": 88, "end": 90, "rule_id": 1}, {"start": 84, "end": 88, "rule_id": 6}]</rules>
  </verse>
  <verse>
    <verseIdArabic>٨</verseIdArabic>
    <verseId>8</verseId>
    <chapterId>19</chapterId>
    <textIndopak>قَالَ رَبِّ أَنَّىٰ يَكُونُ لِي غُلَٰمٞ وَكَانَتِ ٱمۡرَأَتِي عَاقِرٗا وَقَدۡ بَلَغۡتُ مِنَ ٱلۡكِبَرِ عِتِيّٗا</textIndopak>
    <translations>
      <translation>
        <author>King Fahad Quran Complex</author>
        <text>Zakariyyā berkata, "Ya Tuhan-ku, bagaimana akan ada anak bagiku, padahal istriku adalah seorang yang mandul dan aku (sendiri) sesungguhnya sudah mencapai umur yang sangat tua".</text>
      </translation>
    </translations>
    <rules>[{"start": 14, "end": 17, "rule_id": 0}, {"start": 74, "end": 76, "rule_id": 1}, {"start": 37, "end": 42, "rule_id": 3}, {"start": 66, "end": 72, "rule_id": 3}]</rules>
  </verse>
  <verse>
    <verseIdArabic>٩</verseIdArabic>
    <verseId>9</verseId>
    <chapterId>19</chapterId>
    <textIndopak>قَالَ كَذَٰلِكَ قَالَ رَبُّكَ هُوَ عَلَيَّ هَيِّنٞ وَقَدۡ خَلَقۡتُكَ مِن قَبۡلُ وَلَمۡ تَكُ شَيۡـٔٗا</textIndopak>
    <translations>
      <translation>
        <author>King Fahad Quran Complex</author>
        <text>Tuhan berfirman, "Demikianlah". Tuhan berfirman, "Hal itu adalah mudah bagi-Ku dan sesunguhnya telah Aku ciptakan kamu sebelum itu, padahal kamu (di waktu itu) belum ada sama sekali".</text>
      </translation>
    </translations>
    <rules>[{"start": 55, "end": 57, "rule_id": 1}, {"start": 62, "end": 64, "rule_id": 1}, {"start": 75, "end": 77, "rule_id": 1}, {"start": 48, "end": 53, "rule_id": 3}, {"start": 71, "end": 75, "rule_id": 6}]</rules>
  </verse>
  <verse>
    <verseIdArabic>١٠</verseIdArabic>
    <verseId>10</verseId>
    <chapterId>19</chapterId>
    <textIndopak>قَالَ رَبِّ ٱجۡعَل لِّيٓ ءَايَةٗۖ قَالَ ءَايَتُكَ أَلَّا تُكَلِّمَ ٱلنَّاسَ ثَلَٰثَ لَيَالٖ سَوِيّٗا</textIndopak>
    <translations>
      <translation>
        <author>King Fahad Quran Complex</author>
        <text>Zakariyyā berkata, "Ya Tuhan-ku, berilah aku suatu tanda". Tuhan berfirman, "Tanda bagimu ialah bahwa kamu tidak dapat bercakap-cakap dengan manusia selama tiga malam, padahal kamu sehat".</text>
      </translation>
    </translations>
    <rules>[{"start": 70, "end": 73, "rule_id": 0}, {"start": 13, "end": 15, "rule_id": 1}, {"start": 90, "end": 95, "rule_id": 6}]</rules>
  </verse>
  <verse>
    <verseIdArabic>١١</verseIdArabic>
    <verseId>11</verseId>
    <chapterId>19</chapterId>
    <textIndopak>فَخَرَجَ عَلَىٰ قَوۡمِهِۦ مِنَ ٱلۡمِحۡرَابِ فَأَوۡحَىٰٓ إِلَيۡهِمۡ أَن سَبِّحُواْ بُكۡرَةٗ وَعَشِيّٗا</textIndopak>
    <translations>
      <translation>
        <author>King Fahad Quran Complex</author>
        <text>Maka ia keluar dari mihrab menuju kaumnya, lalu ia memberi isyarat kepada mereka; hendaklah kamu bertasbih di waktu pagi dan petang.</text>
      </translation>
    </translations>
    <rules>[{"start": 88, "end": 93, "rule_id": 3}, {"start": 69, "end": 73, "rule_id": 6}]</rules>
  </verse>
  <verse>
    <verseIdArabic>١٢</verseIdArabic>
    <verseId>12</verseId>
    <chapterId>19</chapterId>
    <textIndopak>يَٰيَحۡيَىٰ خُذِ ٱلۡكِتَٰبَ بِقُوَّةٖۖ وَءَاتَيۡنَٰهُ ٱلۡحُكۡمَ صَبِيّٗا</textIndopak>
    <translations>
      <translation>
        <author>King Fahad Quran Complex</author>
        <text>Hai Yaḥyā, ambillah Alkitab (Taurat) itu dengan sungguh-sungguh. Dan kami berikan kepadanya hikmah selagi ia masih kanak-kanak,</text>
      </translation>
    </translations>
    <rules>[{"start": 35, "end": 42, "rule_id": 3}]</rules>
  </verse>
  <verse>
    <verseIdArabic>١٣</verseIdArabic>
    <verseId>13</verseId>
    <chapterId>19</chapterId>
    <textIndopak>وَحَنَانٗا مِّن لَّدُنَّا وَزَكَوٰةٗۖ وَكَانَ تَقِيّٗا</textIndopak>
    <translations>
      <translation>
        <author>King Fahad Quran Complex</author>
        <text>dan rasa belas kasihan yang mendalam dari sisi Kami dan kesucian (dari dosa). Dan ia adalah seorang yang bertakwa,</text>
      </translation>
    </translations>
    <rules>[{"start": 11, "end": 14, "rule_id": 0}, {"start": 21, "end": 24, "rule_id": 0}, {"start": 7, "end": 14, "rule_id": 3}, {"start": 34, "end": 41, "rule_id": 3}, {"start": 14, "end": 19, "rule_id": 5}]</rules>
  </verse>
  <verse>
    <verseIdArabic>١٤</verseIdArabic>
    <verseId>14</verseId>
    <chapterId>19</chapterId>
    <textIndopak>وَبَرَّۢا بِوَٰلِدَيۡهِ وَلَمۡ يَكُن جَبَّارًا عَصِيّٗا</textIndopak>
    <translations>
      <translation>
        <author>King Fahad Quran Complex</author>
        <text>dan banyak yang berbakti kepada kedua orang tuanya, dan bukanlah ia orang yang sombong lagi durhaka.</text>
      </translation>
    </translations>
    <rules>[{"start": 35, "end": 39, "rule_id": 6}]</rules>
  </verse>
  <verse>
    <verseIdArabic>١٥</verseIdArabic>
    <verseId>15</verseId>
    <chapterId>19</chapterId>
    <textIndopak>وَسَلَٰمٌ عَلَيۡهِ يَوۡمَ وُلِدَ وَيَوۡمَ يَمُوتُ وَيَوۡمَ يُبۡعَثُ حَيّٗا</textIndopak>
    <translations>
      <translation>
        <author>King Fahad Quran Complex</author>
        <text>Kesejahteraan atas dirinya pada hari ia dilahirkan dan pada hari ia meninggal dan pada hari ia dibangkitkan hidup kembali.</text>
      </translation>
    </translations>
    <rules>[{"start": 61, "end": 63, "rule_id": 1}]</rules>
  </verse>
  <verse>
    <verseIdArabic>١٦</verseIdArabic>
    <verseId>16</verseId>
    <chapterId>19</chapterId>
    <textIndopak>وَٱذۡكُرۡ فِي ٱلۡكِتَٰبِ مَرۡيَمَ إِذِ ٱنتَبَذَتۡ مِنۡ أَهۡلِهَا مَكَانٗا شَرۡقِيّٗا</textIndopak>
    <translations>
      <translation>
        <author>King Fahad Quran Complex</author>
        <text>Dan ceritakanlah (kisah) Maryam di dalam Al-Qur`ān, yaitu ketika ia menjauhkan diri dari keluarganya ke suatu tempat di sebelah timur,</text>
      </translation>
    </translations>
    <rules>[{"start": 40, "end": 43, "rule_id": 6}]</rules>
  </verse>
  <verse>
    <verseIdArabic>١٧</verseIdArabic>
    <verseId>17</verseId>
    <chapterId>19</chapterId>
    <textIndopak>فَٱتَّخَذَتۡ مِن دُونِهِمۡ حِجَابٗا فَأَرۡسَلۡنَآ إِلَيۡهَا رُوحَنَا فَتَمَثَّلَ لَهَا بَشَرٗا سَوِيّٗا</textIndopak>
    <translations>
      <translation>
        <author>King Fahad Quran Complex</author>
        <text>maka ia mengadakan tabir (yang melindunginya) dari mereka; lalu, Kami mengutus roh Kami kepadanya, maka ia menjelma di hadapannya (dalam bentuk) manusia yang sempurna.</text>
      </translation>
    </translations>
    <rules>[{"start": 15, "end": 19, "rule_id": 6}]</rules>
  </verse>
  <verse>
    <verseIdArabic>١٨</verseIdArabic>
    <verseId>18</verseId>
    <chapterId>19</chapterId>
    <textIndopak>قَالَتۡ إِنِّيٓ أَعُوذُ بِٱلرَّحۡمَٰنِ مِنكَ إِن كُنتَ تَقِيّٗا</textIndopak>
    <translations>
      <translation>
        <author>King Fahad Quran Complex</author>
        <text>Maryam berkata, "Sesungguhnya aku berlindung daripadamu kepada Tuhan Yang Maha pemurah, jika kamu seorang yang bertakwa".</text>
      </translation>
    </translations>
    <rules>[{"start": 10, "end": 13, "rule_id": 0}, {"start": 41, "end": 44, "rule_id": 6}, {"start": 47, "end": 51, "rule_id": 6}, {"start": 51, "end": 54, "rule_id": 6}]</rules>
  </verse>
  <verse>
    <verseIdArabic>١٩</verseIdArabic>
    <verseId>19</verseId>
    <chapterId>19</chapterId>
    <textIndopak>قَالَ إِنَّمَآ أَنَا۠ رَسُولُ رَبِّكِ لِأَهَبَ لَكِ غُلَٰمٗا زَكِيّٗا</textIndopak>
    <translations>
      <translation>
        <author>King Fahad Quran Complex</author>
        <text>Ia (jibril) berkata, "Sesungguhnya aku ini hanyalah seorang utusan Tuhan-mu untuk memberimu seorang anak laki-laki yang suci".</text>
      </translation>
    </translations>
    <rules>[{"start": 8, "end": 11, "rule_id": 0}]</rules>
  </verse>
  <verse>
    <verseIdArabic>٢٠</verseIdArabic>
    <verseId>20</verseId>
    <chapterId>19</chapterId>
    <textIndopak>قَالَتۡ أَنَّىٰ يَكُونُ لِي غُلَٰمٞ وَلَمۡ يَمۡسَسۡنِي بَشَرٞ وَلَمۡ أَكُ بَغِيّٗا</textIndopak>
    <translations>
      <translation>
        <author>King Fahad Quran Complex</author>
        <text>Maryam berkata, "Bagaimana akan ada bagiku seorang anak laki-laki, sedang tidak pernah seorang manusia pun menyentuhku dan aku bukan (pula) seorang pezina!"</text>
      </translation>
    </translations>
    <rules>[{"start": 10, "end": 13, "rule_id": 0}, {"start": 33, "end": 38, "rule_id": 3}, {"start": 59, "end": 64, "rule_id": 3}]</rules>
  </verse>
  <verse>
    <verseIdArabic>٢١</verseIdArabic>
    <verseId>21</verseId>
    <chapterId>19</chapterId>
    <textIndopak>قَالَ كَذَٰلِكِ قَالَ رَبُّكِ هُوَ عَلَيَّ هَيِّنٞۖ وَلِنَجۡعَلَهُۥٓ ءَايَةٗ لِّلنَّاسِ وَرَحۡمَةٗ مِّنَّاۚ وَكَانَ أَمۡرٗا مَّقۡضِيّٗا</textIndopak>
    <translations>
      <translation>
        <author>King Fahad Quran Complex</author>
        <text>Jibril berkata, "Demikianlah". Tuhan-mu berfirman, "Hal itu adalah mudah bagi-Ku dan agar dapat Kami menjadikannya suatu tanda bagi manusia dan sebagai rahmat dari Kami, dan hal itu adalah suatu perkara yang sudah diputuskan".</text>
      </translation>
    </translations>
    <rules>[{"start": 82, "end": 85, "rule_id": 0}, {"start": 100, "end": 103, "rule_id": 0}, {"start": 103, "end": 106, "rule_id": 0}, {"start": 126, "end": 129, "rule_id": 0}, {"start": 59, "end": 61, "rule_id": 1}, {"start": 129, "end": 131, "rule_id": 1}, {"start": 48, "end": 55, "rule_id": 3}, {"start": 97, "end": 103, "rule_id": 3}, {"start": 122, "end": 129, "rule_id": 3}, {"start": 75, "end": 81, "rule_id": 5}]</rules>
  </verse>
  <verse>
    <verseIdArabic>٢٢</verseIdArabic>
    <verseId>22</verseId>
    <chapterId>19</chapterId>
    <textIndopak>۞ فَحَمَلَتۡهُ فَٱنتَبَذَتۡ بِهِۦ مَكَانٗا قَصِيّٗا</textIndopak>
    <translations>
      <translation>
        <author>King Fahad Quran Complex</author>
        <text>Maka Maryam mengandungnya, lalu ia menyisihkan diri dengan kandungannya itu ke tempat yang jauh.</text>
      </translation>
    </translations>
    <rules>[{"start": 18, "end": 21, "rule_id": 6}]</rules>
  </verse>
  <verse>
    <verseIdArabic>٢٣</verseIdArabic>
    <verseId>23</verseId>
    <chapterId>19</chapterId>
    <textIndopak>فَأَجَآءَهَا ٱلۡمَخَاضُ إِلَىٰ جِذۡعِ ٱلنَّخۡلَةِ قَالَتۡ يَٰلَيۡتَنِي مِتُّ قَبۡلَ هَٰذَا وَكُنتُ نَسۡيٗا مَّنسِيّٗا</textIndopak>
    <translations>
      <translation>
        <author>King Fahad Quran Complex</author>
        <text>Maka rasa sakit akan melahirkan anak memaksa ia (bersandar) pada pangkal pohon kurma, dia berkata, "Aduhai, alangkah baiknya aku mati sebelum ini dan aku menjadi sesuatu yang tidak berarti lagi dilupakan".</text>
      </translation>
    </translations>
    <rules>[{"start": 41, "end": 44, "rule_id": 0}, {"start": 108, "end": 111, "rule_id": 0}, {"start": 80, "end": 82, "rule_id": 1}, {"start": 104, "end": 111, "rule_id": 3}, {"start": 96, "end": 99, "rule_id": 6}, {"start": 111, "end": 114, "rule_id": 6}]</rules>
  </verse>
  <verse>
    <verseIdArabic>٢٤</verseIdArabic>
    <verseId>24</verseId>
    <chapterId>19</chapterId>
    <textIndopak>فَنَادَىٰهَا مِن تَحۡتِهَآ أَلَّا تَحۡزَنِي قَدۡ جَعَلَ رَبُّكِ تَحۡتَكِ سَرِيّٗا</textIndopak>
    <translations>
      <translation>
        <author>King Fahad Quran Complex</author>
        <text>Maka Jibril menyerunya dari tempat yang rendah, "Janganlah kamu bersedih hati, sesungguhnya Tuhan-mu telah menjadikan anak sungai di bawahmu.</text>
      </translation>
    </translations>
    <rules>[{"start": 47, "end": 49, "rule_id": 1}, {"start": 15, "end": 19, "rule_id": 6}]</rules>
  </verse>
  <verse>
    <verseIdArabic>٢٥</verseIdArabic>
    <verseId>25</verseId>
    <chapterId>19</chapterId>
    <textIndopak>وَهُزِّيٓ إِلَيۡكِ بِجِذۡعِ ٱلنَّخۡلَةِ تُسَٰقِطۡ عَلَيۡكِ رُطَبٗا جَنِيّٗا</textIndopak>
    <translations>
      <translation>
        <author>King Fahad Quran Complex</author>
        <text>Dan goyanglah pangkal pohon kurma itu ke arahmu, niscaya pohon itu akan menggugurkan buah kurma yang masak kepadamu,</text>
      </translation>
    </translations>
    <rules>[{"start": 30, "end": 33, "rule_id": 0}, {"start": 47, "end": 49, "rule_id": 1}]</rules>
  </verse>
  <verse>
    <verseIdArabic>٢٦</verseIdArabic>
    <verseId>26</verseId>
    <chapterId>19</chapterId>
    <textIndopak>فَكُلِي وَٱشۡرَبِي وَقَرِّي عَيۡنٗاۖ فَإِمَّا تَرَيِنَّ مِنَ ٱلۡبَشَرِ أَحَدٗا فَقُولِيٓ إِنِّي نَذَرۡتُ لِلرَّحۡمَٰنِ صَوۡمٗا فَلَنۡ أُكَلِّمَ ٱلۡيَوۡمَ إِنسِيّٗا</textIndopak>
    <translations>
      <translation>
        <author>King Fahad Quran Complex</author>
        <text>maka makan, minum, dan bersenang hatilah kamu. Jika kamu melihat seorang manusia, maka katakanlah, "Sesungguhnya aku telah bernazar berpuasa untuk Tuhan Yang Maha Pemurah, maka aku tidak akan berbicara dengan seorang manusia pun pada hari ini".</text>
      </translation>
    </translations>
    <rules>[{"start": 42, "end": 45, "rule_id": 0}, {"start": 53, "end": 56, "rule_id": 0}, {"start": 92, "end": 95, "rule_id": 0}, {"start": 157, "end": 160, "rule_id": 6}]</rules>
  </verse>
  <verse>
    <verseIdArabic>٢٧</verseIdArabic>
    <verseId>27</verseId>
    <chapterId>19</chapterId>
    <textIndopak>فَأَتَتۡ بِهِۦ قَوۡمَهَا تَحۡمِلُهُۥۖ قَالُواْ يَٰمَرۡيَمُ لَقَدۡ جِئۡتِ شَيۡـٔٗا فَرِيّٗا</textIndopak>
    <translations>
      <translation>
        <author>King Fahad Quran Complex</author>
        <text>Maka Maryam membawa anak itu kepada kaumnya dengan menggendongnya. Kaumnya berkata, "Hai Maryam, sesungguhnya kamu telah melakukan sesuatu yang amat mungkar.</text>
      </translation>
    </translations>
    <rules>[{"start": 64, "end": 66, "rule_id": 1}]</rules>
  </verse>
  <verse>
    <verseIdArabic>٢٨</verseIdArabic>
    <verseId>28</verseId>
    <chapterId>19</chapterId>
    <textIndopak>يَٰٓأُخۡتَ هَٰرُونَ مَا كَانَ أَبُوكِ ٱمۡرَأَ سَوۡءٖ وَمَا كَانَتۡ أُمُّكِ بَغِيّٗا</textIndopak>
    <translations>
      <translation>
        <author>King Fahad Quran Complex</author>
        <text>Hai saudara perempuan Hārūn , ayahmu sekali-kali bukanlah seorang yang jahat dan ibumu sekali-kali bukanlah seorang pezina",</text>
      </translation>
    </translations>
    <rules>[{"start": 69, "end": 72, "rule_id": 0}, {"start": 50, "end": 55, "rule_id": 3}]</rules>
  </verse>
  <verse>
    <verseIdArabic>٢٩</verseIdArabic>
    <verseId>29</verseId>
    <chapterId>19</chapterId>
    <textIndopak>فَأَشَارَتۡ إِلَيۡهِۖ قَالُواْ كَيۡفَ نُكَلِّمُ مَن كَانَ فِي ٱلۡمَهۡدِ صَبِيّٗا</textIndopak>
    <translations>
      <translation>
        <author>King Fahad Quran Complex</author>
        <text>maka Maryam menunjuk kepada anaknya. Mereka berkata, "Bagaimana kami akan berbicara dengan anak kecil yang masih di dalam ayunan?"</text>
      </translation>
    </translations>
    <rules>[{"start": 51, "end": 55, "rule_id": 6}]</rules>
  </verse>
  <verse>
    <verseIdArabic>٣٠</verseIdArabic>
    <verseId>30</verseId>
    <chapterId>19</chapterId>
    <textIndopak>قَالَ إِنِّي عَبۡدُ ٱللَّهِ ءَاتَىٰنِيَ ٱلۡكِتَٰبَ وَجَعَلَنِي نَبِيّٗا</textIndopak>
    <translations>
      <translation>
        <author>King Fahad Quran Complex</author>
        <text>Berkata ʻIsa, "Sesungguhnya aku ini hamba Allah, Dia memberiku Alkitab (Injil) dan Dia menjadikan aku seorang nabi,</text>
      </translation>
    </translations>
    <rules>[{"start": 8, "end": 11, "rule_id": 0}, {"start": 15, "end": 17, "rule_id": 1}]</rules>
  </verse>
  <verse>
    <verseIdArabic>٣١</verseIdArabic>
    <verseId>31</verseId>
    <chapterId>19</chapterId>
    <textIndopak>وَجَعَلَنِي مُبَارَكًا أَيۡنَ مَا كُنتُ وَأَوۡصَٰنِي بِٱلصَّلَوٰةِ وَٱلزَّكَوٰةِ مَا دُمۡتُ حَيّٗا</textIndopak>
    <translations>
      <translation>
        <author>King Fahad Quran Complex</author>
        <text>dan Dia menjadikan aku seorang yang diberkati di mana saja aku berada, dan Dia memerintahkan kepadaku (mendirikan) salat dan (menunaikan) zakat selama aku hidup;</text>
      </translation>
    </translations>
    <rules>[{"start": 36, "end": 39, "rule_id": 6}]</rules>
  </verse>
  <verse>
    <verseIdArabic>٣٢</verseIdArabic>
    <verseId>32</verseId>
    <chapterId>19</chapterId>
    <textIndopak>وَبَرَّۢا بِوَٰلِدَتِي وَلَمۡ يَجۡعَلۡنِي جَبَّارٗا شَقِيّٗا</textIndopak>
    <translations>
      <translation>
        <author>King Fahad Quran Complex</author>
        <text>dan berbakti kepada ibuku, dan Dia tidak menjadikan aku seorang yang sombong lagi celaka.</text>
      </translation>
    </translations>
    <rules>[{"start": 32, "end": 34, "rule_id": 1}]</rules>
  </verse>
  <verse>
    <verseIdArabic>٣٣</verseIdArabic>
    <verseId>33</verseId>
    <chapterId>19</chapterId>
    <textIndopak>وَٱلسَّلَٰمُ عَلَيَّ يَوۡمَ وُلِدتُّ وَيَوۡمَ أَمُوتُ وَيَوۡمَ أُبۡعَثُ حَيّٗا</textIndopak>
    <translations>
      <translation>
        <author>King Fahad Quran Complex</author>
        <text>Dan kesejahteraan semoga dilimpahkan kepadaku, pada hari aku dilahirkan, pada hari aku meninggal dan pada hari aku dibangkitkan hidup kembali".</text>
      </translation>
    </translations>
    <rules>[{"start": 65, "end": 67, "rule_id": 1}]</rules>
  </verse>
  <verse>
    <verseIdArabic>٣٤</verseIdArabic>
    <verseId>34</verseId>
    <chapterId>19</chapterId>
    <textIndopak>ذَٰلِكَ عِيسَى ٱبۡنُ مَرۡيَمَۖ قَوۡلَ ٱلۡحَقِّ ٱلَّذِي فِيهِ يَمۡتَرُونَ</textIndopak>
    <translations>
      <translation>
        <author>King Fahad Quran Complex</author>
        <text>Itulah ʻIsa putra Maryam, yang mengatakan perkataan yang benar, yang mereka berbantah-bantahan tentang kebenarannya.</text>
      </translation>
    </translations>
    <rules>[{"start": 16, "end": 18, "rule_id": 1}]</rules>
  </verse>
  <verse>
    <verseIdArabic>٣٥</verseIdArabic>
    <verseId>35</verseId>
    <chapterId>19</chapterId>
    <textIndopak>مَا كَانَ لِلَّهِ أَن يَتَّخِذَ مِن وَلَدٖۖ سُبۡحَٰنَهُۥٓۚ إِذَا قَضَىٰٓ أَمۡرٗا فَإِنَّمَا يَقُولُ لَهُۥ كُن فَيَكُونُ</textIndopak>
    <translations>
      <translation>
        <author>King Fahad Quran Complex</author>
        <text>Tidak layak bagi Allah mempunyai anak, Maha Suci Dia. Apabila Dia telah menetapkan sesuatu, maka Dia hanya berkata kepadanya, "Jadilah", maka jadilah ia.</text>
      </translation>
    </translations>
    <rules>[{"start": 87, "end": 90, "rule_id": 0}, {"start": 47, "end": 49, "rule_id": 1}, {"start": 20, "end": 24, "rule_id": 3}, {"start": 34, "end": 38, "rule_id": 3}, {"start": 110, "end": 114, "rule_id": 6}]</rules>
  </verse>
  <verse>
    <verseIdArabic>٣٦</verseIdArabic>
    <verseId>36</verseId>
    <chapterId>19</chapterId>
    <textIndopak>وَإِنَّ ٱللَّهَ رَبِّي وَرَبُّكُمۡ فَٱعۡبُدُوهُۚ هَٰذَا صِرَٰطٞ مُّسۡتَقِيمٞ</textIndopak>
    <translations>
      <translation>
        <author>King Fahad Quran Complex</author>
        <text>Sesungguhnya Allah adalah Tuhan-ku dan Tuhan-mu, maka sembahIah Dia oleh kamu sekalian. Ini adalah jalan yang lurus.</text>
      </translation>
    </translations>
    <rules>[{"start": 4, "end": 7, "rule_id": 0}, {"start": 65, "end": 68, "rule_id": 0}, {"start": 62, "end": 68, "rule_id": 3}]</rules>
  </verse>
  <verse>
    <verseIdArabic>٣٧</verseIdArabic>
    <verseId>37</verseId>
    <chapterId>19</chapterId>
    <textIndopak>فَٱخۡتَلَفَ ٱلۡأَحۡزَابُ مِنۢ بَيۡنِهِمۡۖ فَوَيۡلٞ لِّلَّذِينَ كَفَرُواْ مِن مَّشۡهَدِ يَوۡمٍ عَظِيمٍ</textIndopak>
    <translations>
      <translation>
        <author>King Fahad Quran Complex</author>
        <text>Maka berselisihlah golongan-golongan (yang ada) di antara mereka . Maka kecelakaanlah bagi orang-orang kafir pada waktu menyaksikan hari yang besar.</text>
      </translation>
    </translations>
    <rules>[{"start": 78, "end": 81, "rule_id": 0}, {"start": 27, "end": 32, "rule_id": 2}, {"start": 76, "end": 81, "rule_id": 3}, {"start": 49, "end": 55, "rule_id": 5}]</rules>
  </verse>
  <verse>
    <verseIdArabic>٣٨</verseIdArabic>
    <verseId>38</verseId>
    <chapterId>19</chapterId>
    <textIndopak>أَسۡمِعۡ بِهِمۡ وَأَبۡصِرۡ يَوۡمَ يَأۡتُونَنَا لَٰكِنِ ٱلظَّٰلِمُونَ ٱلۡيَوۡمَ فِي ضَلَٰلٖ مُّبِينٖ</textIndopak>
    <translations>
      <translation>
        <author>King Fahad Quran Complex</author>
        <text>Alangkah terangnya pendengaran mereka dan alangkah tajamnya penglihatan mereka pada hari mereka datang kepada Kami. Tetapi orang-orang yang zalim pada hari ini (di dunia) berada dalam kesesatan yang nyata.</text>
      </translation>
    </translations>
    <rules>[{"start": 93, "end": 96, "rule_id": 0}, {"start": 20, "end": 22, "rule_id": 1}, {"start": 90, "end": 96, "rule_id": 3}]</rules>
  </verse>
  <verse>
    <verseIdArabic>٣٩</verseIdArabic>
    <verseId>39</verseId>
    <chapterId>19</chapterId>
    <textIndopak>وَأَنذِرۡهُمۡ يَوۡمَ ٱلۡحَسۡرَةِ إِذۡ قُضِيَ ٱلۡأَمۡرُ وَهُمۡ فِي غَفۡلَةٖ وَهُمۡ لَا يُؤۡمِنُونَ</textIndopak>
    <translations>
      <translation>
        <author>King Fahad Quran Complex</author>
        <text>Dan berilah mereka peringatan tentang hari penyesalan, (yaitu) ketika segala perkara telah diputus. Dan mereka dalam kelalaian dan mereka tidak (pula) beriman.</text>
      </translation>
    </translations>
    <rules>[{"start": 72, "end": 77, "rule_id": 3}, {"start": 4, "end": 7, "rule_id": 6}]</rules>
  </verse>
  <verse>
    <verseIdArabic>٤٠</verseIdArabic>
    <verseId>40</verseId>
    <chapterId>19</chapterId>
    <textIndopak>إِنَّا نَحۡنُ نَرِثُ ٱلۡأَرۡضَ وَمَنۡ عَلَيۡهَا وَإِلَيۡنَا يُرۡجَعُونَ</textIndopak>
    <translations>
      <translation>
        <author>King Fahad Quran Complex</author>
        <text>Sesungguhnya Kami mewarisi bumi dan semua orang-orang yang ada di atasnya dan hanya kepada Kamilah mereka dikembalikan.</text>
      </translation>
    </translations>
    <rules>[{"start": 2, "end": 5, "rule_id": 0}]</rules>
  </verse>
  <verse>
    <verseIdArabic>٤١</verseIdArabic>
    <verseId>41</verseId>
    <chapterId>19</chapterId>
    <textIndopak>وَٱذۡكُرۡ فِي ٱلۡكِتَٰبِ إِبۡرَٰهِيمَۚ إِنَّهُۥ كَانَ صِدِّيقٗا نَّبِيًّا</textIndopak>
    <translations>
      <translation>
        <author>King Fahad Quran Complex</author>
        <text>Ceritakanlah (Hai Muhammad) kisah Ibrāhīm di dalam Alkitab (Al-Qur`ān) ini. Sesungguhnya ia adalah seorang yang sangat membenarkan lagi seorang Nabi.</text>
      </translation>
    </translations>
    <rules>[{"start": 42, "end": 45, "rule_id": 0}, {"start": 65, "end": 68, "rule_id": 0}, {"start": 27, "end": 29, "rule_id": 1}, {"start": 61, "end": 68, "rule_id": 3}]</rules>
  </verse>
  <verse>
    <verseIdArabic>٤٢</verseIdArabic>
    <verseId>42</verseId>
    <chapterId>19</chapterId>
    <textIndopak>إِذۡ قَالَ لِأَبِيهِ يَٰٓأَبَتِ لِمَ تَعۡبُدُ مَا لَا يَسۡمَعُ وَلَا يُبۡصِرُ وَلَا يُغۡنِي عَنكَ شَيۡـٔٗا</textIndopak>
    <translations>
      <translation>
        <author>King Fahad Quran Complex</author>
        <text>Ingatlah ketika ia berkata kepada bapaknya, "Wahai bapakku, mengapa kamu menyembah sesuatu yang tidak mendengar, tidak melihat, dan tidak dapat menolong kamu sedikit pun?</text>
      </translation>
    </translations>
    <rules>[{"start": 71, "end": 73, "rule_id": 1}, {"start": 94, "end": 97, "rule_id": 6}]</rules>
  </verse>
  <verse>
    <verseIdArabic>٤٣</verseIdArabic>
    <verseId>43</verseId>
    <chapterId>19</chapterId>
    <textIndopak>يَٰٓأَبَتِ إِنِّي قَدۡ جَآءَنِي مِنَ ٱلۡعِلۡمِ مَا لَمۡ يَأۡتِكَ فَٱتَّبِعۡنِيٓ أَهۡدِكَ صِرَٰطٗا سَوِيّٗا</textIndopak>
    <translations>
      <translation>
        <author>King Fahad Quran Complex</author>
        <text>Wahai bapakku, sesungguhnya telah datang kepadaku sebagian ilmu pengetahuan yang tidak datang kepadamu, maka ikutilah aku, niscaya aku akan menunjukkan kepadamu jalan yang lurus.</text>
      </translation>
    </translations>
    <rules>[{"start": 13, "end": 16, "rule_id": 0}, {"start": 20, "end": 22, "rule_id": 1}]</rules>
  </verse>
  <verse>
    <verseIdArabic>٤٤</verseIdArabic>
    <verseId>44</verseId>
    <chapterId>19</chapterId>
    <textIndopak>يَٰٓأَبَتِ لَا تَعۡبُدِ ٱلشَّيۡطَٰنَۖ إِنَّ ٱلشَّيۡطَٰنَ كَانَ لِلرَّحۡمَٰنِ عَصِيّٗا</textIndopak>
    <translations>
      <translation>
        <author>King Fahad Quran Complex</author>
        <text>Wahai bapakku, janganlah kamu menyembah setan. Sesungguhnya setan itu durhaka kepada Tuhan Yang Maha Pemurah.</text>
      </translation>
    </translations>
    <rules>[{"start": 41, "end": 44, "rule_id": 0}]</rules>
  </verse>
  <verse>
    <verseIdArabic>٤٥</verseIdArabic>
    <verseId>45</verseId>
    <chapterId>19</chapterId>
    <textIndopak>يَٰٓأَبَتِ إِنِّيٓ أَخَافُ أَن يَمَسَّكَ عَذَابٞ مِّنَ ٱلرَّحۡمَٰنِ فَتَكُونَ لِلشَّيۡطَٰنِ وَلِيّٗا</textIndopak>
    <translations>
      <translation>
        <author>King Fahad Quran Complex</author>
        <text>Wahai bapakku, sesungguhnya aku khawatir bahwa kamu akan ditimpa azab dari Tuhan Yang Maha Pemurah, maka kamu menjadi kawan bagi setan".</text>
      </translation>
    </translations>
    <rules>[{"start": 13, "end": 16, "rule_id": 0}, {"start": 49, "end": 52, "rule_id": 0}, {"start": 29, "end": 33, "rule_id": 3}, {"start": 46, "end": 52, "rule_id": 3}]</rules>
  </verse>
  <verse>
    <verseIdArabic>٤٦</verseIdArabic>
    <verseId>46</verseId>
    <chapterId>19</chapterId>
    <textIndopak>قَالَ أَرَاغِبٌ أَنتَ عَنۡ ءَالِهَتِي يَٰٓإِبۡرَٰهِيمُۖ لَئِن لَّمۡ تَنتَهِ لَأَرۡجُمَنَّكَۖ وَٱهۡجُرۡنِي مَلِيّٗا</textIndopak>
    <translations>
      <translation>
        <author>King Fahad Quran Complex</author>
        <text>Berkata bapaknya, "Bencikah kamu kepada tuhan-Tuhan-ku, hai Ibrāhīm? Jika kamu tidak berhenti, maka niscaya kamu akan kurajam dan tinggalkanlah aku buat waktu yang lama".</text>
      </translation>
    </translations>
    <rules>[{"start": 87, "end": 90, "rule_id": 0}, {"start": 44, "end": 46, "rule_id": 1}, {"start": 61, "end": 66, "rule_id": 5}, {"start": 18, "end": 21, "rule_id": 6}, {"start": 71, "end": 74, "rule_id": 6}]</rules>
  </verse>
  <verse>
    <verseIdArabic>٤٧</verseIdArabic>
    <verseId>47</verseId>
    <chapterId>19</chapterId>
    <textIndopak>قَالَ سَلَٰمٌ عَلَيۡكَۖ سَأَسۡتَغۡفِرُ لَكَ رَبِّيٓۖ إِنَّهُۥ كَانَ بِي حَفِيّٗا</textIndopak>
    <translations>
      <translation>
        <author>King Fahad Quran Complex</author>
        <text>Berkata Ibrāhīm, "Semoga keselamatan dilimpahkan kepadamu, aku akan meminta ampun bagimu kepada Tuhan-ku. Sesungguhnya Dia sangat baik kepadaku.</text>
      </translation>
    </translations>
    <rules>[{"start": 57, "end": 60, "rule_id": 0}]</rules>
  </verse>
  <verse>
    <verseIdArabic>٤٨</verseIdArabic>
    <verseId>48</verseId>
    <chapterId>19</chapterId>
    <textIndopak>وَأَعۡتَزِلُكُمۡ وَمَا تَدۡعُونَ مِن دُونِ ٱللَّهِ وَأَدۡعُواْ رَبِّي عَسَىٰٓ أَلَّآ أَكُونَ بِدُعَآءِ رَبِّي شَقِيّٗا</textIndopak>
    <translations>
      <translation>
        <author>King Fahad Quran Complex</author>
        <text>Dan aku akan menjauhkan diri daripadamu dan dari apa yang kamu seru selain Allah dan aku akan berdoa kepada Tuhan-ku, mudah-mudahan aku tidak akan kecewa dengan berdoa kepada Tuhan-ku".</text>
      </translation>
    </translations>
    <rules>[{"start": 25, "end": 27, "rule_id": 1}, {"start": 55, "end": 57, "rule_id": 1}, {"start": 35, "end": 39, "rule_id": 6}]</rules>
  </verse>
  <verse>
    <verseIdArabic>٤٩</verseIdArabic>
    <verseId>49</verseId>
    <chapterId>19</chapterId>
    <textIndopak>فَلَمَّا ٱعۡتَزَلَهُمۡ وَمَا يَعۡبُدُونَ مِن دُونِ ٱللَّهِ وَهَبۡنَا لَهُۥٓ إِسۡحَٰقَ وَيَعۡقُوبَۖ وَكُلّٗا جَعَلۡنَا نَبِيّٗا</textIndopak>
    <translations>
      <translation>
        <author>King Fahad Quran Complex</author>
        <text>Maka ketika Ibrāhīm sudah menjauhkan diri dari mereka dan dari apa yang mereka sembah selain Allah, Kami anugerahkan kepadanya Isḥāq dan Ya`qūb. Dan masing-masingnya, Kami angkat menjadi nabi.</text>
      </translation>
    </translations>
    <rules>[{"start": 4, "end": 7, "rule_id": 0}, {"start": 63, "end": 65, "rule_id": 1}, {"start": 43, "end": 47, "rule_id": 6}]</rules>
  </verse>
  <verse>
    <verseIdArabic>٥٠</verseIdArabic>
    <verseId>50</verseId>
    <chapterId>19</chapterId>
    <textIndopak>وَوَهَبۡنَا لَهُم مِّن رَّحۡمَتِنَا وَجَعَلۡنَا لَهُمۡ لِسَانَ صِدۡقٍ عَلِيّٗا</textIndopak>
    <translations>
      <translation>
        <author>King Fahad Quran Complex</author>
        <text>Dan Kami anugerahkan kepada mereka sebagian dari rahmat Kami dan Kami jadikan mereka buah tutur yang baik lagi tinggi.</text>
      </translation>
    </translations>
    <rules>[{"start": 18, "end": 21, "rule_id": 0}, {"start": 6, "end": 8, "rule_id": 1}, {"start": 65, "end": 67, "rule_id": 1}, {"start": 16, "end": 21, "rule_id": 4}, {"start": 21, "end": 26, "rule_id": 5}]</rules>
  </verse>
  <verse>
    <verseIdArabic>٥١</verseIdArabic>
    <verseId>51</verseId>
    <chapterId>19</chapterId>
    <textIndopak>وَٱذۡكُرۡ فِي ٱلۡكِتَٰبِ مُوسَىٰٓۚ إِنَّهُۥ كَانَ مُخۡلَصٗا وَكَانَ رَسُولٗا نَّبِيّٗا</textIndopak>
    <translations>
      <translation>
        <author>King Fahad Quran Complex</author>
        <text>Dan ceritakanlah (hai Muhammad kepada mereka), kisah Musa di dalam Alkitab (Al-Qur`ān) ini. Sesungguhnya ia adalah seorang yang dipilih dan seorang rasul dan nabi.</text>
      </translation>
    </translations>
    <rules>[{"start": 38, "end": 41, "rule_id": 0}, {"start": 78, "end": 81, "rule_id": 0}, {"start": 57, "end": 63, "rule_id": 3}, {"start": 74, "end": 81, "rule_id": 3}]</rules>
  </verse>
  <verse>
    <verseIdArabic>٥٢</verseIdArabic>
    <verseId>52</verseId>
    <chapterId>19</chapterId>
    <textIndopak>وَنَٰدَيۡنَٰهُ مِن جَانِبِ ٱلطُّورِ ٱلۡأَيۡمَنِ وَقَرَّبۡنَٰهُ نَجِيّٗا</textIndopak>
    <translations>
      <translation>
        <author>King Fahad Quran Complex</author>
        <text>Dan Kami telah memanggilnya dari sebelah kanan Gunung Ṭūr dan Kami telah mendekatkannya kepada Kami di waktu dia munajat (kepada Kami).</text>
      </translation>
    </translations>
    <rules>[{"start": 55, "end": 57, "rule_id": 1}, {"start": 17, "end": 21, "rule_id": 6}]</rules>
  </verse>
  <verse>
    <verseIdArabic>٥٣</verseIdArabic>
    <verseId>53</verseId>
    <chapterId>19</chapterId>
    <textIndopak>وَوَهَبۡنَا لَهُۥ مِن رَّحۡمَتِنَآ أَخَاهُ هَٰرُونَ نَبِيّٗا</textIndopak>
    <translations>
      <translation>
        <author>King Fahad Quran Complex</author>
        <text>Dan Kami telah menganugerahkan kepadanya sebagian rahmat Kami, yaitu saudaranya, Hārūn menjadi seorang nabi.</text>
      </translation>
    </translations>
    <rules>[{"start": 6, "end": 8, "rule_id": 1}, {"start": 20, "end": 25, "rule_id": 5}]</rules>
  </verse>
  <verse>
    <verseIdArabic>٥٤</verseIdArabic>
    <verseId>54</verseId>
    <chapterId>19</chapterId>
    <textIndopak>وَٱذۡكُرۡ فِي ٱلۡكِتَٰبِ إِسۡمَٰعِيلَۚ إِنَّهُۥ كَانَ صَادِقَ ٱلۡوَعۡدِ وَكَانَ رَسُولٗا نَّبِيّٗا</textIndopak>
    <translations>
      <translation>
        <author>King Fahad Quran Complex</author>
        <text>Dan ceritakanlah (hai Muhammad kepada mereka) kisah Ismā`īl (yang tersebut) di dalam Al-Qur`ān. Sesungguhnya ia adalah seorang yang benar janjinya dan dia adalah seorang rasul dan nabi.</text>
      </translation>
    </translations>
    <rules>[{"start": 42, "end": 45, "rule_id": 0}, {"start": 90, "end": 93, "rule_id": 0}, {"start": 86, "end": 93, "rule_id": 3}]</rules>
  </verse>
  <verse>
    <verseIdArabic>٥٥</verseIdArabic>
    <verseId>55</verseId>
    <chapterId>19</chapterId>
    <textIndopak>وَكَانَ يَأۡمُرُ أَهۡلَهُۥ بِٱلصَّلَوٰةِ وَٱلزَّكَوٰةِ وَكَانَ عِندَ رَبِّهِۦ مَرۡضِيّٗا</textIndopak>
    <translations>
      <translation>
        <author>King Fahad Quran Complex</author>
        <text>Dan ia menyuruh ahlinya untuk bersembahyang dan menunaikan zakat dan ia adalah seorang yang diridai di sisi Tuhan-nya.</text>
      </translation>
    </translations>
    <rules>[{"start": 65, "end": 68, "rule_id": 6}]</rules>
  </verse>
  <verse>
    <verseIdArabic>٥٦</verseIdArabic>
    <verseId>56</verseId>
    <chapterId>19</chapterId>
    <textIndopak>وَٱذۡكُرۡ فِي ٱلۡكِتَٰبِ إِدۡرِيسَۚ إِنَّهُۥ كَانَ صِدِّيقٗا نَّبِيّٗا</textIndopak>
    <translations>
      <translation>
        <author>King Fahad Quran Complex</author>
        <text>Dan ceritakanlah (hai Muhammad kepada mereka, kisah) Idrīs (yang tersebut) di dalam Al-Qur`ān. Sesungguhnya ia adalah seorang yang sangat membenarkan dan seorang nabi.</text>
      </translation>
    </translations>
    <rules>[{"start": 39, "end": 42, "rule_id": 0}, {"start": 62, "end": 65, "rule_id": 0}, {"start": 27, "end": 29, "rule_id": 1}, {"start": 58, "end": 65, "rule_id": 3}]</rules>
  </verse>
  <verse>
    <verseIdArabic>٥٧</verseIdArabic>
    <verseId>57</verseId>
    <chapterId>19</chapterId>
    <textIndopak>وَرَفَعۡنَٰهُ مَكَانًا عَلِيًّا</textIndopak>
    <translations>
      <translation>
        <author>King Fahad Quran Complex</author>
        <text>Dan Kami telah mengangkatnya ke martabat yang tinggi.</text>
      </translation>
    </translations>
  </verse>
  <verse>
    <verseIdArabic>٥٨</verseIdArabic>
    <verseId>58</verseId>
    <chapterId>19</chapterId>
    <textIndopak>أُوْلَٰٓئِكَ ٱلَّذِينَ أَنۡعَمَ ٱللَّهُ عَلَيۡهِم مِّنَ ٱلنَّبِيِّـۧنَ مِن ذُرِّيَّةِ ءَادَمَ وَمِمَّنۡ حَمَلۡنَا مَعَ نُوحٖ وَمِن ذُرِّيَّةِ إِبۡرَٰهِيمَ وَإِسۡرَٰٓءِيلَ وَمِمَّنۡ هَدَيۡنَا وَٱجۡتَبَيۡنَآۚ إِذَا تُتۡلَىٰ عَلَيۡهِمۡ ءَايَٰتُ ٱلرَّحۡمَٰنِ خَرُّواْۤ سُجَّدٗاۤ وَبُكِيّٗا۩</textIndopak>
    <translations>
      <translation>
        <author>King Fahad Quran Complex</author>
        <text>Mereka itu adalah orang-orang yang telah diberi nikmat oleh Allah, yaitu para nabi dari keturunan Adam, dan dari orang-orang yang Kami angkat bersama Nūḥ, dan dari keturunan Ibrāhīm dan Isrā`īl, dan dari orang-orang yang telah Kami beri petunjuk, dan telah Kami pilih. Apabila dibacakan ayat-ayat Allah Yang Maha Pemurah kepada mereka, maka mereka menyungkur dengan bersujud dan menangis.</text>
      </translation>
    </translations>
    <rules>[{"start": 50, "end": 53, "rule_id": 0}, {"start": 58, "end": 61, "rule_id": 0}, {"start": 97, "end": 100, "rule_id": 0}, {"start": 174, "end": 177, "rule_id": 0}, {"start": 143, "end": 145, "rule_id": 1}, {"start": 193, "end": 195, "rule_id": 1}, {"start": 121, "end": 126, "rule_id": 3}, {"start": 270, "end": 276, "rule_id": 3}, {"start": 48, "end": 53, "rule_id": 4}, {"start": 72, "end": 76, "rule_id": 6}, {"start": 128, "end": 132, "rule_id": 6}]</rules>
  </verse>
  <verse>
    <verseIdArabic>٥٩</verseIdArabic>
    <verseId>59</verseId>
    <chapterId>19</chapterId>
    <textIndopak>۞ فَخَلَفَ مِنۢ بَعۡدِهِمۡ خَلۡفٌ أَضَاعُواْ ٱلصَّلَوٰةَ وَٱتَّبَعُواْ ٱلشَّهَوَٰتِۖ فَسَوۡفَ يَلۡقَوۡنَ غَيًّا</textIndopak>
    <translations>
      <translation>
        <author>King Fahad Quran Complex</author>
        <text>Maka datanglah sesudah mereka, pengganti (yang jelek) yang menyia-nyiakan salat dan memperturutkan hawa nafsunya, maka mereka kelak akan menemui kesesatan,</text>
      </translation>
    </translations>
    <rules>[{"start": 13, "end": 18, "rule_id": 2}]</rules>
  </verse>
  <verse>
    <verseIdArabic>٦٠</verseIdArabic>
    <verseId>60</verseId>
    <chapterId>19</chapterId>
    <textIndopak>إِلَّا مَن تَابَ وَءَامَنَ وَعَمِلَ صَٰلِحٗا فَأُوْلَٰٓئِكَ يَدۡخُلُونَ ٱلۡجَنَّةَ وَلَا يُظۡلَمُونَ شَيۡـٔٗا</textIndopak>
    <translations>
      <translation>
        <author>King Fahad Quran Complex</author>
        <text>kecuali orang yang bertobat, beriman, dan beramal saleh, maka mereka itu akan masuk surga dan tidak dianiaya (dirugikan) sedikit pun,</text>
      </translation>
    </translations>
    <rules>[{"start": 77, "end": 80, "rule_id": 0}, {"start": 62, "end": 64, "rule_id": 1}, {"start": 9, "end": 13, "rule_id": 6}]</rules>
  </verse>
  <verse>
    <verseIdArabic>٦١</verseIdArabic>
    <verseId>61</verseId>
    <chapterId>19</chapterId>
    <textIndopak>جَنَّٰتِ عَدۡنٍ ٱلَّتِي وَعَدَ ٱلرَّحۡمَٰنُ عِبَادَهُۥ بِٱلۡغَيۡبِۚ إِنَّهُۥ كَانَ وَعۡدُهُۥ مَأۡتِيّٗا</textIndopak>
    <translations>
      <translation>
        <author>King Fahad Quran Complex</author>
        <text>yaitu surga ʻAdn yang telah dijanjikan oleh Tuhan Yang Maha Pemurah kepada hamba-hamba-Nya, sekali pun (surga itu) tidak tampak. Sesungguhnya, janji Allah itu pasti akan ditepati.</text>
      </translation>
    </translations>
    <rules>[{"start": 2, "end": 6, "rule_id": 0}, {"start": 71, "end": 74, "rule_id": 0}, {"start": 11, "end": 13, "rule_id": 1}]</rules>
  </verse>
  <verse>
    <verseIdArabic>٦٢</verseIdArabic>
    <verseId>62</verseId>
    <chapterId>19</chapterId>
    <textIndopak>لَّا يَسۡمَعُونَ فِيهَا لَغۡوًا إِلَّا سَلَٰمٗاۖ وَلَهُمۡ رِزۡقُهُمۡ فِيهَا بُكۡرَةٗ وَعَشِيّٗا</textIndopak>
    <translations>
      <translation>
        <author>King Fahad Quran Complex</author>
        <text>Mereka tidak mendengar perkataan yang tak berguna di dalam surga, kecuali ucapan salam. Bagi mereka rezekinya di surga itu tiap-tiap pagi dan petang.</text>
      </translation>
    </translations>
    <rules>[{"start": 44, "end": 52, "rule_id": 3}, {"start": 83, "end": 88, "rule_id": 3}]</rules>
  </verse>
  <verse>
    <verseIdArabic>٦٣</verseIdArabic>
    <verseId>63</verseId>
    <chapterId>19</chapterId>
    <textIndopak>تِلۡكَ ٱلۡجَنَّةُ ٱلَّتِي نُورِثُ مِنۡ عِبَادِنَا مَن كَانَ تَقِيّٗا</textIndopak>
    <translations>
      <translation>
        <author>King Fahad Quran Complex</author>
        <text>Itulah surga yang akan Kami wariskan kepada hamba-hamba Kami yang selalu bertakwa.</text>
      </translation>
    </translations>
    <rules>[{"start": 12, "end": 15, "rule_id": 0}, {"start": 52, "end": 56, "rule_id": 6}]</rules>
  </verse>
  <verse>
    <verseIdArabic>٦٤</verseIdArabic>
    <verseId>64</verseId>
    <chapterId>19</chapterId>
    <textIndopak>وَمَا نَتَنَزَّلُ إِلَّا بِأَمۡرِ رَبِّكَۖ لَهُۥ مَا بَيۡنَ أَيۡدِينَا وَمَا خَلۡفَنَا وَمَا بَيۡنَ ذَٰلِكَۚ وَمَا كَانَ رَبُّكَ نَسِيّٗا</textIndopak>
    <translations>
      <translation>
        <author>King Fahad Quran Complex</author>
        <text>Dan tidaklah kami (Jibril) turun, kecuali dengan perintah Tuhan-mu. Kepunyaan-Nya-lah apa-apa yang ada di hadapan kita, apa-apa yang ada di belakang kita, dan apa-apa yang ada di antara keduanya, dan tidaklah Tuhan-mu lupa.</text>
      </translation>
    </translations>
  </verse>
  <verse>
    <verseIdArabic>٦٥</verseIdArabic>
    <verseId>65</verseId>
    <chapterId>19</chapterId>
    <textIndopak>رَّبُّ ٱلسَّمَٰوَٰتِ وَٱلۡأَرۡضِ وَمَا بَيۡنَهُمَا فَٱعۡبُدۡهُ وَٱصۡطَبِرۡ لِعِبَٰدَتِهِۦۚ هَلۡ تَعۡلَمُ لَهُۥ سَمِيّٗا</textIndopak>
    <translations>
      <translation>
        <author>King Fahad Quran Complex</author>
        <text>Tuhan (yang menguasai) langit dan bumi dan apa-apa yang ada di antara keduanya, maka sembahlah Dia dan berteguh hatilah dalam beribadat kepada-Nya. Apakah kamu mengetahui ada seorang yang sama dengan Dia (yang patut disembah)?</text>
      </translation>
    </translations>
    <rules>[{"start": 58, "end": 60, "rule_id": 1}]</rules>
  </verse>
  <verse>
    <verseIdArabic>٦٦</verseIdArabic>
    <verseId>66</verseId>
    <chapterId>19</chapterId>
    <textIndopak>وَيَقُولُ ٱلۡإِنسَٰنُ أَءِذَا مَا مِتُّ لَسَوۡفَ أُخۡرَجُ حَيًّا</textIndopak>
    <translations>
      <translation>
        <author>King Fahad Quran Complex</author>
        <text>Dan berkata manusia, "Betulkah apabila aku telah mati bahwa aku sungguh-sungguh akan dibangkitkan menjadi hidup kembali?"</text>
      </translation>
    </translations>
    <rules>[{"start": 15, "end": 19, "rule_id": 6}]</rules>
  </verse>
  <verse>
    <verseIdArabic>٦٧</verseIdArabic>
    <verseId>67</verseId>
    <chapterId>19</chapterId>
    <textIndopak>أَوَلَا يَذۡكُرُ ٱلۡإِنسَٰنُ أَنَّا خَلَقۡنَٰهُ مِن قَبۡلُ وَلَمۡ يَكُ شَيۡـٔٗا</textIndopak>
    <translations>
      <translation>
        <author>King Fahad Quran Complex</author>
        <text>Dan tidakkah manusia itu memikirkan bahwa sesungguhnya Kami telah menciptakannya dahulu, sedang ia tidak ada sama sekali?</text>
      </translation>
    </translations>
    <rules>[{"start": 31, "end": 34, "rule_id": 0}, {"start": 40, "end": 42, "rule_id": 1}, {"start": 54, "end": 56, "rule_id": 1}, {"start": 22, "end": 26, "rule_id": 6}, {"start": 50, "end": 54, "rule_id": 6}]</rules>
  </verse>
  <verse>
    <verseIdArabic>٦٨</verseIdArabic>
    <verseId>68</verseId>
    <chapterId>19</chapterId>
    <textIndopak>فَوَرَبِّكَ لَنَحۡشُرَنَّهُمۡ وَٱلشَّيَٰطِينَ ثُمَّ لَنُحۡضِرَنَّهُمۡ حَوۡلَ جَهَنَّمَ جِثِيّٗا</textIndopak>
    <translations>
      <translation>
        <author>King Fahad Quran Complex</author>
        <text>Demi Tuhan-mu, sesungguhnya akan Kami bangkitkan mereka bersama setan, kemudian akan Kami datangkan mereka ke sekeliling Jahanam dengan berlutut.</text>
      </translation>
    </translations>
    <rules>[{"start": 22, "end": 25, "rule_id": 0}, {"start": 48, "end": 51, "rule_id": 0}, {"start": 62, "end": 65, "rule_id": 0}, {"start": 81, "end": 84, "rule_id": 0}]</rules>
  </verse>
  <verse>
    <verseIdArabic>٦٩</verseIdArabic>
    <verseId>69</verseId>
    <chapterId>19</chapterId>
    <textIndopak>ثُمَّ لَنَنزِعَنَّ مِن كُلِّ شِيعَةٍ أَيُّهُمۡ أَشَدُّ عَلَى ٱلرَّحۡمَٰنِ عِتِيّٗا</textIndopak>
    <translations>
      <translation>
        <author>King Fahad Quran Complex</author>
        <text>Kemudian, pasti akan Kami tarik dari tiap-tiap golongan, siapa di antara mereka yang sangat durhaka kepada Tuhan Yang Maha Pemurah.</text>
      </translation>
    </translations>
    <rules>[{"start": 2, "end": 5, "rule_id": 0}, {"start": 15, "end": 18, "rule_id": 0}, {"start": 10, "end": 13, "rule_id": 6}, {"start": 21, "end": 25, "rule_id": 6}]</rules>
  </verse>
  <verse>
    <verseIdArabic>٧٠</verseIdArabic>
    <verseId>70</verseId>
    <chapterId>19</chapterId>
    <textIndopak>ثُمَّ لَنَحۡنُ أَعۡلَمُ بِٱلَّذِينَ هُمۡ أَوۡلَىٰ بِهَا صِلِيّٗا</textIndopak>
    <translations>
      <translation>
        <author>King Fahad Quran Complex</author>
        <text>Dan kemudian, Kami sungguh lebih mengetahui orang-orang yang seharusnya dimasukkan ke dalam neraka.</text>
      </translation>
    </translations>
    <rules>[{"start": 2, "end": 5, "rule_id": 0}]</rules>
  </verse>
  <verse>
    <verseIdArabic>٧١</verseIdArabic>
    <verseId>71</verseId>
    <chapterId>19</chapterId>
    <textIndopak>وَإِن مِّنكُمۡ إِلَّا وَارِدُهَاۚ كَانَ عَلَىٰ رَبِّكَ حَتۡمٗا مَّقۡضِيّٗا</textIndopak>
    <translations>
      <translation>
        <author>King Fahad Quran Complex</author>
        <text>Dan tidak ada seorang pun darimu, melainkan mendatangi neraka itu. Hal itu bagi Tuhan-mu adalah suatu kemestian yang sudah ditetapkan.</text>
      </translation>
    </translations>
    <rules>[{"start": 6, "end": 9, "rule_id": 0}, {"start": 64, "end": 67, "rule_id": 0}, {"start": 67, "end": 69, "rule_id": 1}, {"start": 4, "end": 9, "rule_id": 3}, {"start": 60, "end": 67, "rule_id": 3}, {"start": 9, "end": 12, "rule_id": 6}]</rules>
  </verse>
  <verse>
    <verseIdArabic>٧٢</verseIdArabic>
    <verseId>72</verseId>
    <chapterId>19</chapterId>
    <textIndopak>ثُمَّ نُنَجِّي ٱلَّذِينَ ٱتَّقَواْ وَّنَذَرُ ٱلظَّٰلِمِينَ فِيهَا جِثِيّٗا</textIndopak>
    <translations>
      <translation>
        <author>King Fahad Quran Complex</author>
        <text>Kemudian, Kami akan menyelamatkan orang-orang yang bertakwa dan membiarkan orang-orang yang zalim di dalam neraka dalam keadaan berlutut.</text>
      </translation>
    </translations>
    <rules>[{"start": 2, "end": 5, "rule_id": 0}]</rules>
  </verse>
  <verse>
    <verseIdArabic>٧٣</verseIdArabic>
    <verseId>73</verseId>
    <chapterId>19</chapterId>
    <textIndopak>وَإِذَا تُتۡلَىٰ عَلَيۡهِمۡ ءَايَٰتُنَا بَيِّنَٰتٖ قَالَ ٱلَّذِينَ كَفَرُواْ لِلَّذِينَ ءَامَنُوٓاْ أَيُّ ٱلۡفَرِيقَيۡنِ خَيۡرٞ مَّقَامٗا وَأَحۡسَنُ نَدِيّٗا</textIndopak>
    <translations>
      <translation>
        <author>King Fahad Quran Complex</author>
        <text>Dan apabila dibacakan kepada mereka ayat-ayat Kami yang terang (maksudnya), niscaya orang-orang yang kafir berkata kepada orang-orang yang beriman, "Manakah di antara kedua golongan (kafir dan mukmin) yang lebih baik tempat tinggalnya dan lebih indah tempat pertemuan(nya)?"</text>
      </translation>
    </translations>
    <rules>[{"start": 128, "end": 131, "rule_id": 0}, {"start": 125, "end": 131, "rule_id": 3}, {"start": 134, "end": 140, "rule_id": 3}, {"start": 48, "end": 53, "rule_id": 6}]</rules>
  </verse>
  <verse>
    <verseIdArabic>٧٤</verseIdArabic>
    <verseId>74</verseId>
    <chapterId>19</chapterId>
    <textIndopak>وَكَمۡ أَهۡلَكۡنَا قَبۡلَهُم مِّن قَرۡنٍ هُمۡ أَحۡسَنُ أَثَٰثٗا وَرِءۡيٗا</textIndopak>
    <translations>
      <translation>
        <author>King Fahad Quran Complex</author>
        <text>Berapa banyak umat yang telah Kami binasakan sebelum mereka , sedang mereka adalah lebih bagus alat rumah tangganya dan lebih sedap dipandang mata.</text>
      </translation>
    </translations>
    <rules>[{"start": 29, "end": 32, "rule_id": 0}, {"start": 21, "end": 23, "rule_id": 1}, {"start": 60, "end": 66, "rule_id": 3}, {"start": 27, "end": 32, "rule_id": 4}, {"start": 32, "end": 36, "rule_id": 6}]</rules>
  </verse>
  <verse>
    <verseIdArabic>٧٥</verseIdArabic>
    <verseId>75</verseId>
    <chapterId>19</chapterId>
    <textIndopak>قُلۡ مَن كَانَ فِي ٱلضَّلَٰلَةِ فَلۡيَمۡدُدۡ لَهُ ٱلرَّحۡمَٰنُ مَدًّاۚ حَتَّىٰٓ إِذَا رَأَوۡاْ مَا يُوعَدُونَ إِمَّا ٱلۡعَذَابَ وَإِمَّا ٱلسَّاعَةَ فَسَيَعۡلَمُونَ مَنۡ هُوَ شَرّٞ مَّكَانٗا وَأَضۡعَفُ جُندٗا</textIndopak>
    <translations>
      <translation>
        <author>King Fahad Quran Complex</author>
        <text>Katakanlah, "Barang siapa yang berada di dalam kesesatan, maka biarlah Tuhan yang Maha Pemurah memperpanjang tempo baginya sehingga apabila mereka telah melihat apa yang diancamkan kepadanya, baik siksa maupun kiamat, maka mereka akan mengetahui siapa yang lebih jelek kedudukannya dan lebih lemah penolong-penolongnya".</text>
      </translation>
    </translations>
    <rules>[{"start": 113, "end": 116, "rule_id": 0}, {"start": 133, "end": 136, "rule_id": 0}, {"start": 181, "end": 184, "rule_id": 0}, {"start": 42, "end": 44, "rule_id": 1}, {"start": 177, "end": 184, "rule_id": 3}, {"start": 187, "end": 193, "rule_id": 3}, {"start": 7, "end": 11, "rule_id": 6}, {"start": 204, "end": 207, "rule_id": 6}]</rules>
  </verse>
  <verse>
    <verseIdArabic>٧٦</verseIdArabic>
    <verseId>76</verseId>
    <chapterId>19</chapterId>
    <textIndopak>وَيَزِيدُ ٱللَّهُ ٱلَّذِينَ ٱهۡتَدَوۡاْ هُدٗىۗ وَٱلۡبَٰقِيَٰتُ ٱلصَّٰلِحَٰتُ خَيۡرٌ عِندَ رَبِّكَ ثَوَابٗا وَخَيۡرٞ مَّرَدًّا</textIndopak>
    <translations>
      <translation>
        <author>King Fahad Quran Complex</author>
        <text>Dan Allah akan menambah petunjuk kepada mereka yang telah mendapat petunjuk. Dan amal-amal saleh yang kekal itu lebih baik pahalanya di sisi Tuhan-mu dan lebih baik kesudahannya.</text>
      </translation>
    </translations>
    <rules>[{"start": 117, "end": 120, "rule_id": 0}, {"start": 104, "end": 110, "rule_id": 3}, {"start": 114, "end": 120, "rule_id": 3}, {"start": 87, "end": 90, "rule_id": 6}]</rules>
  </verse>
  <verse>
    <verseIdArabic>٧٧</verseIdArabic>
    <verseId>77</verseId>
    <chapterId>19</chapterId>
    <textIndopak>أَفَرَءَيۡتَ ٱلَّذِي كَفَرَ بِـَٔايَٰتِنَا وَقَالَ لَأُوتَيَنَّ مَالٗا وَوَلَدًا</textIndopak>
    <translations>
      <translation>
        <author>King Fahad Quran Complex</author>
        <text>Maka, apakah kamu telah melihat orang yang kafir kepada ayat-ayat Kami dan ia mengatakan, "Pasti aku akan diberi harta dan anak".</text>
      </translation>
    </translations>
    <rules>[{"start": 60, "end": 63, "rule_id": 0}, {"start": 67, "end": 73, "rule_id": 3}]</rules>
  </verse>
  <verse>
    <verseIdArabic>٧٨</verseIdArabic>
    <verseId>78</verseId>
    <chapterId>19</chapterId>
    <textIndopak>أَطَّلَعَ ٱلۡغَيۡبَ أَمِ ٱتَّخَذَ عِندَ ٱلرَّحۡمَٰنِ عَهۡدٗا</textIndopak>
    <translations>
      <translation>
        <author>King Fahad Quran Complex</author>
        <text>Adakah ia melihat yang gaib atau ia telah membuat perjanjian di sisi Tuhan Yang Maha Pemurah?,</text>
      </translation>
    </translations>
    <rules>[{"start": 36, "end": 39, "rule_id": 6}]</rules>
  </verse>
  <verse>
    <verseIdArabic>٧٩</verseIdArabic>
    <verseId>79</verseId>
    <chapterId>19</chapterId>
    <textIndopak>كـَلَّاۚ سَنَكۡتُبُ مَا يَقُولُ وَنَمُدُّ لَهُۥ مِنَ ٱلۡعَذَابِ مَدّٗا</textIndopak>
    <translations>
      <translation>
        <author>King Fahad Quran Complex</author>
        <text>sekali-kali tidak, Kami akan menulis apa yang ia katakan dan benar-benar Kami akan memperpanjang azab untuknya,</text>
      </translation>
    </translations>
  </verse>
  <verse>
    <verseIdArabic>٨٠</verseIdArabic>
    <verseId>80</verseId>
    <chapterId>19</chapterId>
    <textIndopak>وَنَرِثُهُۥ مَا يَقُولُ وَيَأۡتِينَا فَرۡدٗا</textIndopak>
    <translations>
      <translation>
        <author>King Fahad Quran Complex</author>
        <text>dan Kami akan mewarisi apa yang ia katakan itu dan ia akan datang kepada Kami dengan seorang diri.</text>
      </translation>
    </translations>
  </verse>
  <verse>
    <verseIdArabic>٨١</verseIdArabic>
    <verseId>81</verseId>
    <chapterId>19</chapterId>
    <textIndopak>وَٱتَّخَذُواْ مِن دُونِ ٱللَّهِ ءَالِهَةٗ لِّيَكُونُواْ لَهُمۡ عِزّٗا</textIndopak>
    <translations>
      <translation>
        <author>King Fahad Quran Complex</author>
        <text>Dan mereka telah mengambil sembahan-sembahan selain Allah agar sembahan-sembahan itu menjadi pelindung bagi mereka.</text>
      </translation>
    </translations>
    <rules>[{"start": 39, "end": 45, "rule_id": 5}, {"start": 16, "end": 20, "rule_id": 6}]</rules>
  </verse>
  <verse>
    <verseIdArabic>٨٢</verseIdArabic>
    <verseId>82</verseId>
    <chapterId>19</chapterId>
    <textIndopak>كـَلَّاۚ سَيَكۡفُرُونَ بِعِبَادَتِهِمۡ وَيَكُونُونَ عَلَيۡهِمۡ ضِدًّا</textIndopak>
    <translations>
      <translation>
        <author>King Fahad Quran Complex</author>
        <text>Sekali-kali tidak. Kelak mereka (sembahan-sembahan) itu akan mengingkari penyembahan (pengikut-pengikutnya) terhadapnya, dan mereka (sembahan-sembahan) itu akan menjadi musuh bagi mereka.</text>
      </translation>
    </translations>
  </verse>
  <verse>
    <verseIdArabic>٨٣</verseIdArabic>
    <verseId>83</verseId>
    <chapterId>19</chapterId>
    <textIndopak>أَلَمۡ تَرَ أَنَّآ أَرۡسَلۡنَا ٱلشَّيَٰطِينَ عَلَى ٱلۡكَٰفِرِينَ تَؤُزُّهُمۡ أَزّٗا</textIndopak>
    <translations>
      <translation>
        <author>King Fahad Quran Complex</author>
        <text>Tidakkah kamu lihat bahwasanya Kami telah mengirim setan-setan itu kepada orang-orang kafir untuk menghasung mereka berbuat maksiat dengan sungguh-sungguh?,</text>
      </translation>
    </translations>
    <rules>[{"start": 14, "end": 17, "rule_id": 0}]</rules>
  </verse>
  <verse>
    <verseIdArabic>٨٤</verseIdArabic>
    <verseId>84</verseId>
    <chapterId>19</chapterId>
    <textIndopak>فَلَا تَعۡجَلۡ عَلَيۡهِمۡۖ إِنَّمَا نَعُدُّ لَهُمۡ عَدّٗا</textIndopak>
    <translations>
      <translation>
        <author>King Fahad Quran Complex</author>
        <text>maka janganlah kamu tergesa-gesa memintakan siksa terhadap mereka karena sesungguhnya Kami hanya menghitung datangnya (hari siksaan) untuk mereka dengan perhitungan yang teliti.</text>
      </translation>
    </translations>
    <rules>[{"start": 30, "end": 33, "rule_id": 0}]</rules>
  </verse>
  <verse>
    <verseIdArabic>٨٥</verseIdArabic>
    <verseId>85</verseId>
    <chapterId>19</chapterId>
    <textIndopak>يَوۡمَ نَحۡشُرُ ٱلۡمُتَّقِينَ إِلَى ٱلرَّحۡمَٰنِ وَفۡدٗا</textIndopak>
    <translations>
      <translation>
        <author>King Fahad Quran Complex</author>
        <text>(Ingatlah) hari (ketika) Kami mengumpulkan orang-orang yang takwa kepada Tuhan Yang Maha Pemurah sebagai perutusan yang terhormat,</text>
      </translation>
    </translations>
  </verse>
  <verse>
    <verseIdArabic>٨٦</verseIdArabic>
    <verseId>86</verseId>
    <chapterId>19</chapterId>
    <textIndopak>وَنَسُوقُ ٱلۡمُجۡرِمِينَ إِلَىٰ جَهَنَّمَ وِرۡدٗا</textIndopak>
    <translations>
      <translation>
        <author>King Fahad Quran Complex</author>
        <text>dan Kami akan menghalau orang-orang yang durhaka ke neraka Jahanam dalam keadaan dahaga.</text>
      </translation>
    </translations>
    <rules>[{"start": 36, "end": 39, "rule_id": 0}, {"start": 15, "end": 17, "rule_id": 1}]</rules>
  </verse>
  <verse>
    <verseIdArabic>٨٧</verseIdArabic>
    <verseId>87</verseId>
    <chapterId>19</chapterId>
    <textIndopak>لَّا يَمۡلِكُونَ ٱلشَّفَٰعَةَ إِلَّا مَنِ ٱتَّخَذَ عِندَ ٱلرَّحۡمَٰنِ عَهۡدٗا</textIndopak>
    <translations>
      <translation>
        <author>King Fahad Quran Complex</author>
        <text>Mereka tidak berhak mendapat syafaat kecuali orang yang telah mengadakan perjanjian di sisi Tuhan Yang Maha Pemurah .</text>
      </translation>
    </translations>
    <rules>[{"start": 53, "end": 56, "rule_id": 6}]</rules>
  </verse>
  <verse>
    <verseIdArabic>٨٨</verseIdArabic>
    <verseId>88</verseId>
    <chapterId>19</chapterId>
    <textIndopak>وَقَالُواْ ٱتَّخَذَ ٱلرَّحۡمَٰنُ وَلَدٗا</textIndopak>
    <translations>
      <translation>
        <author>King Fahad Quran Complex</author>
        <text>Dan mereka berkata, "Tuhan Yang Maha Pemurah mengambil (mempunyai) anak".</text>
      </translation>
    </translations>
  </verse>
  <verse>
    <verseIdArabic>٨٩</verseIdArabic>
    <verseId>89</verseId>
    <chapterId>19</chapterId>
    <textIndopak>لَّقَدۡ جِئۡتُمۡ شَيۡـًٔا إِدّٗا</textIndopak>
    <translations>
      <translation>
        <author>King Fahad Quran Complex</author>
        <text>Sesungguhnya kamu telah mendatangkan sesuatu perkara yang sangat mungkar,</text>
      </translation>
    </translations>
    <rules>[{"start": 5, "end": 7, "rule_id": 1}]</rules>
  </verse>
  <verse>
    <verseIdArabic>٩٠</verseIdArabic>
    <verseId>90</verseId>
    <chapterId>19</chapterId>
    <textIndopak>تَكَادُ ٱلسَّمَٰوَٰتُ يَتَفَطَّرۡنَ مِنۡهُ وَتَنشَقُّ ٱلۡأَرۡضُ وَتَخِرُّ ٱلۡجِبَالُ هَدًّا</textIndopak>
    <translations>
      <translation>
        <author>King Fahad Quran Complex</author>
        <text>hampir-hampir langit pecah karena ucapan itu, dan bumi belah, dan gunung-gunung runtuh</text>
      </translation>
    </translations>
    <rules>[{"start": 47, "end": 50, "rule_id": 6}]</rules>
  </verse>
  <verse>
    <verseIdArabic>٩١</verseIdArabic>
    <verseId>91</verseId>
    <chapterId>19</chapterId>
    <textIndopak>أَن دَعَوۡاْ لِلرَّحۡمَٰنِ وَلَدٗا</textIndopak>
    <translations>
      <translation>
        <author>King Fahad Quran Complex</author>
        <text>karena mereka mendakwakan Allah Yang Maha Pemurah mempunyai anak.</text>
      </translation>
    </translations>
    <rules>[{"start": 2, "end": 6, "rule_id": 6}]</rules>
  </verse>
  <verse>
    <verseIdArabic>٩٢</verseIdArabic>
    <verseId>92</verseId>
    <chapterId>19</chapterId>
    <textIndopak>وَمَا يَنۢبَغِي لِلرَّحۡمَٰنِ أَن يَتَّخِذَ وَلَدًا</textIndopak>
    <translations>
      <translation>
        <author>King Fahad Quran Complex</author>
        <text>Dan tidak layak bagi Tuhan Yang Maha Pemurah mengambil (mempunyai) anak.</text>
      </translation>
    </translations>
    <rules>[{"start": 8, "end": 12, "rule_id": 2}, {"start": 32, "end": 36, "rule_id": 3}]</rules>
  </verse>
  <verse>
    <verseIdArabic>٩٣</verseIdArabic>
    <verseId>93</verseId>
    <chapterId>19</chapterId>
    <textIndopak>إِن كُلُّ مَن فِي ٱلسَّمَٰوَٰتِ وَٱلۡأَرۡضِ إِلَّآ ءَاتِي ٱلرَّحۡمَٰنِ عَبۡدٗا</textIndopak>
    <translations>
      <translation>
        <author>King Fahad Quran Complex</author>
        <text>Tidak ada seorang pun di langit dan di bumi, kecuali akan datang kepada Tuhan Yang Maha Pemurah selaku seorang hamba.</text>
      </translation>
    </translations>
    <rules>[{"start": 74, "end": 76, "rule_id": 1}, {"start": 2, "end": 6, "rule_id": 6}, {"start": 12, "end": 16, "rule_id": 6}]</rules>
  </verse>
  <verse>
    <verseIdArabic>٩٤</verseIdArabic>
    <verseId>94</verseId>
    <chapterId>19</chapterId>
    <textIndopak>لَّقَدۡ أَحۡصَىٰهُمۡ وَعَدَّهُمۡ عَدّٗا</textIndopak>
    <translations>
      <translation>
        <author>King Fahad Quran Complex</author>
        <text>Sesungguhnya Allah telah menentukan jumlah mereka dan menghitung mereka dengan hitungan yang teliti.</text>
      </translation>
    </translations>
    <rules>[{"start": 5, "end": 7, "rule_id": 1}]</rules>
  </verse>
  <verse>
    <verseIdArabic>٩٥</verseIdArabic>
    <verseId>95</verseId>
    <chapterId>19</chapterId>
    <textIndopak>وَكُلُّهُمۡ ءَاتِيهِ يَوۡمَ ٱلۡقِيَٰمَةِ فَرۡدًا</textIndopak>
    <translations>
      <translation>
        <author>King Fahad Quran Complex</author>
        <text>Dan tiap-tiap mereka akan datang kepada Allah pada hari kiamat dengan sendiri-sendiri.</text>
      </translation>
    </translations>
  </verse>
  <verse>
    <verseIdArabic>٩٦</verseIdArabic>
    <verseId>96</verseId>
    <chapterId>19</chapterId>
    <textIndopak>إِنَّ ٱلَّذِينَ ءَامَنُواْ وَعَمِلُواْ ٱلصَّٰلِحَٰتِ سَيَجۡعَلُ لَهُمُ ٱلرَّحۡمَٰنُ وُدّٗا</textIndopak>
    <translations>
      <translation>
        <author>King Fahad Quran Complex</author>
        <text>Sesungguhnya orang-orang yang beriman dan beramal saleh, kelak Allah Yang Maha Pemurah akan menanamkan dalam (hati) mereka rasa kasih sayang.</text>
      </translation>
    </translations>
    <rules>[{"start": 2, "end": 5, "rule_id": 0}, {"start": 57, "end": 59, "rule_id": 1}]</rules>
  </verse>
  <verse>
    <verseIdArabic>٩٧</verseIdArabic>
    <verseId>97</verseId>
    <chapterId>19</chapterId>
    <textIndopak>فَإِنَّمَا يَسَّرۡنَٰهُ بِلِسَانِكَ لِتُبَشِّرَ بِهِ ٱلۡمُتَّقِينَ وَتُنذِرَ بِهِۦ قَوۡمٗا لُّدّٗا</textIndopak>
    <translations>
      <translation>
        <author>King Fahad Quran Complex</author>
        <text>Maka sesungguhnya telah Kami mudahkan Al-Qur`ān itu dengan bahasamu, agar kamu dapat memberi kabar gembira dengan Al-Qur`ān itu kepada orang-orang yang bertakwa, dan agar kamu memberi peringatan dengannya kepada kaum yang membangkang.</text>
      </translation>
    </translations>
    <rules>[{"start": 4, "end": 7, "rule_id": 0}, {"start": 87, "end": 94, "rule_id": 5}, {"start": 71, "end": 74, "rule_id": 6}]</rules>
  </verse>
  <verse>
    <verseIdArabic>٩٨</verseIdArabic>
    <verseId>98</verseId>
    <chapterId>19</chapterId>
    <textIndopak>وَكَمۡ أَهۡلَكۡنَا قَبۡلَهُم مِّن قَرۡنٍ هَلۡ تُحِسُّ مِنۡهُم مِّنۡ أَحَدٍ أَوۡ تَسۡمَعُ لَهُمۡ رِكۡزَۢا</textIndopak>
    <translations>
      <translation>
        <author>King Fahad Quran Complex</author>
        <text>Dan berapa banyak telah Kami binasakan umat-umat sebelum mereka. Adakah kamu melihat seorang pun dari mereka atau kamu dengar suara mereka yang samar-samar?</text>
      </translation>
    </translations>
    <rules>[{"start": 29, "end": 32, "rule_id": 0}, {"start": 62, "end": 65, "rule_id": 0}, {"start": 21, "end": 23, "rule_id": 1}, {"start": 27, "end": 32, "rule_id": 4}, {"start": 60, "end": 65, "rule_id": 4}, {"start": 32, "end": 36, "rule_id": 6}]</rules>
  </verse>
</verses>
