<?xml version="1.0" encoding="UTF-8"?>

<verses>
  <verse>
    <verseIdArabic>١</verseIdArabic>
    <verseId>1</verseId>
    <chapterId>20</chapterId>
    <textIndopak>طه</textIndopak>
    <translations>
      <translation>
        <author>King Fahad Quran Complex</author>
        <text>Ṭāha</text>
      </translation>
    </translations>
  </verse>
  <verse>
    <verseIdArabic>٢</verseIdArabic>
    <verseId>2</verseId>
    <chapterId>20</chapterId>
    <textIndopak>مَآ أَنزَلۡنَا عَلَيۡكَ ٱلۡقُرۡءَانَ لِتَشۡقَىٰٓ</textIndopak>
    <translations>
      <translation>
        <author>King Fahad Quran Complex</author>
        <text>Kami tidak menurunkan Al-Qur`ān ini kepadamu agar kamu menjadi susah;</text>
      </translation>
    </translations>
    <rules>[{"start": 7, "end": 10, "rule_id": 6}]</rules>
  </verse>
  <verse>
    <verseIdArabic>٣</verseIdArabic>
    <verseId>3</verseId>
    <chapterId>20</chapterId>
    <textIndopak>إِلَّا تَذۡكِرَةٗ لِّمَن يَخۡشَىٰ</textIndopak>
    <translations>
      <translation>
        <author>King Fahad Quran Complex</author>
        <text>tetapi sebagai peringatan bagi orang yang takut (kepada Allah),</text>
      </translation>
    </translations>
    <rules>[{"start": 23, "end": 27, "rule_id": 3}, {"start": 15, "end": 21, "rule_id": 5}]</rules>
  </verse>
  <verse>
    <verseIdArabic>٤</verseIdArabic>
    <verseId>4</verseId>
    <chapterId>20</chapterId>
    <textIndopak>تَنزِيلٗا مِّمَّنۡ خَلَقَ ٱلۡأَرۡضَ وَٱلسَّمَٰوَٰتِ ٱلۡعُلَى</textIndopak>
    <translations>
      <translation>
        <author>King Fahad Quran Complex</author>
        <text>yaitu diturunkan dari Allah yang menciptakan bumi dan langit yang tinggi.</text>
      </translation>
    </translations>
    <rules>[{"start": 10, "end": 13, "rule_id": 0}, {"start": 13, "end": 16, "rule_id": 0}, {"start": 6, "end": 13, "rule_id": 3}, {"start": 2, "end": 5, "rule_id": 6}]</rules>
  </verse>
  <verse>
    <verseIdArabic>٥</verseIdArabic>
    <verseId>5</verseId>
    <chapterId>20</chapterId>
    <textIndopak>ٱلرَّحۡمَٰنُ عَلَى ٱلۡعَرۡشِ ٱسۡتَوَىٰ</textIndopak>
    <translations>
      <translation>
        <author>King Fahad Quran Complex</author>
        <text>(Yaitu) Tuhan Yang Maha Pemurah, Yang bersemayam di atas arasy .</text>
      </translation>
    </translations>
  </verse>
  <verse>
    <verseIdArabic>٦</verseIdArabic>
    <verseId>6</verseId>
    <chapterId>20</chapterId>
    <textIndopak>لَهُۥ مَا فِي ٱلسَّمَٰوَٰتِ وَمَا فِي ٱلۡأَرۡضِ وَمَا بَيۡنَهُمَا وَمَا تَحۡتَ ٱلثَّرَىٰ</textIndopak>
    <translations>
      <translation>
        <author>King Fahad Quran Complex</author>
        <text>Kepunyaan-Nya-lah semua yang ada di langit, semua yang di bumi, semua yang di antara keduanya, dan semua yang di bawah tanah.</text>
      </translation>
    </translations>
  </verse>
  <verse>
    <verseIdArabic>٧</verseIdArabic>
    <verseId>7</verseId>
    <chapterId>20</chapterId>
    <textIndopak>وَإِن تَجۡهَرۡ بِٱلۡقَوۡلِ فَإِنَّهُۥ يَعۡلَمُ ٱلسِّرَّ وَأَخۡفَى</textIndopak>
    <translations>
      <translation>
        <author>King Fahad Quran Complex</author>
        <text>Dan jika kamu mengeraskan ucapanmu, maka sesungguhnya Dia mengetahui rahasia dan yang lebih tersembunyi .</text>
      </translation>
    </translations>
    <rules>[{"start": 31, "end": 34, "rule_id": 0}, {"start": 8, "end": 10, "rule_id": 1}, {"start": 4, "end": 8, "rule_id": 6}]</rules>
  </verse>
  <verse>
    <verseIdArabic>٨</verseIdArabic>
    <verseId>8</verseId>
    <chapterId>20</chapterId>
    <textIndopak>ٱللَّهُ لَآ إِلَٰهَ إِلَّا هُوَۖ لَهُ ٱلۡأَسۡمَآءُ ٱلۡحُسۡنَىٰ</textIndopak>
    <translations>
      <translation>
        <author>King Fahad Quran Complex</author>
        <text>Dia-lah Allah, tidak ada Tuhan (yang berhak disembah), melainkan Dia. Dia mempunyai Al -‘Asmā ‘ul ῌusnā (nama-nama yang baik).</text>
      </translation>
    </translations>
  </verse>
  <verse>
    <verseIdArabic>٩</verseIdArabic>
    <verseId>9</verseId>
    <chapterId>20</chapterId>
    <textIndopak>وَهَلۡ أَتَىٰكَ حَدِيثُ مُوسَىٰٓ</textIndopak>
    <translations>
      <translation>
        <author>King Fahad Quran Complex</author>
        <text>Apakah telah sampai kepadamu kisah Musa?</text>
      </translation>
    </translations>
  </verse>
  <verse>
    <verseIdArabic>١٠</verseIdArabic>
    <verseId>10</verseId>
    <chapterId>20</chapterId>
    <textIndopak>إِذۡ رَءَا نَارٗا فَقَالَ لِأَهۡلِهِ ٱمۡكُثُوٓاْ إِنِّيٓ ءَانَسۡتُ نَارٗا لَّعَلِّيٓ ءَاتِيكُم مِّنۡهَا بِقَبَسٍ أَوۡ أَجِدُ عَلَى ٱلنَّارِ هُدٗى</textIndopak>
    <translations>
      <translation>
        <author>King Fahad Quran Complex</author>
        <text>Ketika ia melihat api, lalu berkatalah ia kepada keluarganya, "Tinggallah kamu (di sini), sesungguhnya aku melihat api, mudah-mudahan aku dapat membawa sedikit darinya kepadamu atau aku akan mendapat petunjuk di tempat api itu".</text>
      </translation>
    </translations>
    <rules>[{"start": 51, "end": 54, "rule_id": 0}, {"start": 95, "end": 98, "rule_id": 0}, {"start": 133, "end": 136, "rule_id": 0}, {"start": 93, "end": 98, "rule_id": 4}, {"start": 70, "end": 77, "rule_id": 5}]</rules>
  </verse>
  <verse>
    <verseIdArabic>١١</verseIdArabic>
    <verseId>11</verseId>
    <chapterId>20</chapterId>
    <textIndopak>فَلَمَّآ أَتَىٰهَا نُودِيَ يَٰمُوسَىٰٓ</textIndopak>
    <translations>
      <translation>
        <author>King Fahad Quran Complex</author>
        <text>Maka ketika ia datang ke tempat api itu, ia dipanggil, "Hai Musa.</text>
      </translation>
    </translations>
    <rules>[{"start": 4, "end": 7, "rule_id": 0}]</rules>
  </verse>
  <verse>
    <verseIdArabic>١٢</verseIdArabic>
    <verseId>12</verseId>
    <chapterId>20</chapterId>
    <textIndopak>إِنِّيٓ أَنَا۠ رَبُّكَ فَٱخۡلَعۡ نَعۡلَيۡكَ إِنَّكَ بِٱلۡوَادِ ٱلۡمُقَدَّسِ طُوٗى</textIndopak>
    <translations>
      <translation>
        <author>King Fahad Quran Complex</author>
        <text>Sesungguhnya Aku inilah Tuhan-mu, maka tanggalkanlah kedua terompahmu; sesungguhnya kamu berada di lembah yang suci, Ṭuwā.</text>
      </translation>
    </translations>
    <rules>[{"start": 2, "end": 5, "rule_id": 0}, {"start": 48, "end": 51, "rule_id": 0}]</rules>
  </verse>
  <verse>
    <verseIdArabic>١٣</verseIdArabic>
    <verseId>13</verseId>
    <chapterId>20</chapterId>
    <textIndopak>وَأَنَا ٱخۡتَرۡتُكَ فَٱسۡتَمِعۡ لِمَا يُوحَىٰٓ</textIndopak>
    <translations>
      <translation>
        <author>King Fahad Quran Complex</author>
        <text>Dan Aku telah memilih kamu, maka dengarkanlah apa yang akan diwahyukan (kepadamu).</text>
      </translation>
    </translations>
  </verse>
  <verse>
    <verseIdArabic>١٤</verseIdArabic>
    <verseId>14</verseId>
    <chapterId>20</chapterId>
    <textIndopak>إِنَّنِيٓ أَنَا ٱللَّهُ لَآ إِلَٰهَ إِلَّآ أَنَا۠ فَٱعۡبُدۡنِي وَأَقِمِ ٱلصَّلَوٰةَ لِذِكۡرِيٓ</textIndopak>
    <translations>
      <translation>
        <author>King Fahad Quran Complex</author>
        <text>Sesungguhnya Aku ini adalah Allah, tidak ada Tuhan (yang hak) selain Aku, maka sembahlah Aku dan dirikanlah salat untuk mengingat Aku.</text>
      </translation>
    </translations>
    <rules>[{"start": 2, "end": 5, "rule_id": 0}, {"start": 59, "end": 61, "rule_id": 1}]</rules>
  </verse>
  <verse>
    <verseIdArabic>١٥</verseIdArabic>
    <verseId>15</verseId>
    <chapterId>20</chapterId>
    <textIndopak>إِنَّ ٱلسَّاعَةَ ءَاتِيَةٌ أَكَادُ أُخۡفِيهَا لِتُجۡزَىٰ كُلُّ نَفۡسِۭ بِمَا تَسۡعَىٰ</textIndopak>
    <translations>
      <translation>
        <author>King Fahad Quran Complex</author>
        <text>Sesungguhnya hari kiamat itu akan datang. Aku merahasiakan (waktunya) agar supaya tiap-tiap diri itu dibalas dengan apa yang ia usahakan.</text>
      </translation>
    </translations>
    <rules>[{"start": 2, "end": 5, "rule_id": 0}, {"start": 50, "end": 52, "rule_id": 1}, {"start": 67, "end": 73, "rule_id": 2}]</rules>
  </verse>
  <verse>
    <verseIdArabic>١٦</verseIdArabic>
    <verseId>16</verseId>
    <chapterId>20</chapterId>
    <textIndopak>فَلَا يَصُدَّنَّكَ عَنۡهَا مَن لَّا يُؤۡمِنُ بِهَا وَٱتَّبَعَ هَوَىٰهُ فَتَرۡدَىٰ</textIndopak>
    <translations>
      <translation>
        <author>King Fahad Quran Complex</author>
        <text>Maka sekali-kali janganlah kamu dipalingkan darinya oleh orang yang tidak beriman kepadanya dan oleh orang yang mengikuti hawa nafsunya yang menyebabkan kamu jadi binasa".</text>
      </translation>
    </translations>
    <rules>[{"start": 13, "end": 16, "rule_id": 0}, {"start": 29, "end": 34, "rule_id": 5}]</rules>
  </verse>
  <verse>
    <verseIdArabic>١٧</verseIdArabic>
    <verseId>17</verseId>
    <chapterId>20</chapterId>
    <textIndopak>وَمَا تِلۡكَ بِيَمِينِكَ يَٰمُوسَىٰ</textIndopak>
    <translations>
      <translation>
        <author>King Fahad Quran Complex</author>
        <text>Apakah itu yang di tangan kananmu, hai Musa?</text>
      </translation>
    </translations>
  </verse>
  <verse>
    <verseIdArabic>١٨</verseIdArabic>
    <verseId>18</verseId>
    <chapterId>20</chapterId>
    <textIndopak>قَالَ هِيَ عَصَايَ أَتَوَكَّؤُاْ عَلَيۡهَا وَأَهُشُّ بِهَا عَلَىٰ غَنَمِي وَلِيَ فِيهَا مَـَٔارِبُ أُخۡرَىٰ</textIndopak>
    <translations>
      <translation>
        <author>King Fahad Quran Complex</author>
        <text>Berkata Musa, "Ini adalah tongkatku, aku bertelekan padanya, dan aku pukul (daun) dengannya untuk kambingku, dan bagiku ada lagi keperluan yang lain padanya".</text>
      </translation>
    </translations>
  </verse>
  <verse>
    <verseIdArabic>١٩</verseIdArabic>
    <verseId>19</verseId>
    <chapterId>20</chapterId>
    <textIndopak>قَالَ أَلۡقِهَا يَٰمُوسَىٰ</textIndopak>
    <translations>
      <translation>
        <author>King Fahad Quran Complex</author>
        <text>Allah berfirman, "Lemparkanlah ia, hai Musa!"</text>
      </translation>
    </translations>
  </verse>
  <verse>
    <verseIdArabic>٢٠</verseIdArabic>
    <verseId>20</verseId>
    <chapterId>20</chapterId>
    <textIndopak>فَأَلۡقَىٰهَا فَإِذَا هِيَ حَيَّةٞ تَسۡعَىٰ</textIndopak>
    <translations>
      <translation>
        <author>King Fahad Quran Complex</author>
        <text>Lalu dilemparkannyalah tongkat itu, maka tiba-tiba ia menjadi seekor ular yang merayap dengan cepat.</text>
      </translation>
    </translations>
    <rules>[{"start": 32, "end": 37, "rule_id": 6}]</rules>
  </verse>
  <verse>
    <verseIdArabic>٢١</verseIdArabic>
    <verseId>21</verseId>
    <chapterId>20</chapterId>
    <textIndopak>قَالَ خُذۡهَا وَلَا تَخَفۡۖ سَنُعِيدُهَا سِيرَتَهَا ٱلۡأُولَىٰ</textIndopak>
    <translations>
      <translation>
        <author>King Fahad Quran Complex</author>
        <text>Allah berfirman, "Peganglah ia dan jangan takut, Kami akan mengembalikannya kepada keadaannya semula,</text>
      </translation>
    </translations>
  </verse>
  <verse>
    <verseIdArabic>٢٢</verseIdArabic>
    <verseId>22</verseId>
    <chapterId>20</chapterId>
    <textIndopak>وَٱضۡمُمۡ يَدَكَ إِلَىٰ جَنَاحِكَ تَخۡرُجۡ بَيۡضَآءَ مِنۡ غَيۡرِ سُوٓءٍ ءَايَةً أُخۡرَىٰ</textIndopak>
    <translations>
      <translation>
        <author>King Fahad Quran Complex</author>
        <text>dan kepitkanlah tanganmu ke ketiakmu, niscaya ia ke luar menjadi putih cemerlang tanpa cacat, sebagai mukjizat yang lain (pula),</text>
      </translation>
    </translations>
    <rules>[{"start": 40, "end": 42, "rule_id": 1}]</rules>
  </verse>
  <verse>
    <verseIdArabic>٢٣</verseIdArabic>
    <verseId>23</verseId>
    <chapterId>20</chapterId>
    <textIndopak>لِنُرِيَكَ مِنۡ ءَايَٰتِنَا ٱلۡكُبۡرَى</textIndopak>
    <translations>
      <translation>
        <author>King Fahad Quran Complex</author>
        <text>untuk Kami perlihatkan kepadamu sebagian dari tanda-tanda kekuasaan Kami yang sangat besar,</text>
      </translation>
    </translations>
    <rules>[{"start": 33, "end": 35, "rule_id": 1}]</rules>
  </verse>
  <verse>
    <verseIdArabic>٢٤</verseIdArabic>
    <verseId>24</verseId>
    <chapterId>20</chapterId>
    <textIndopak>ٱذۡهَبۡ إِلَىٰ فِرۡعَوۡنَ إِنَّهُۥ طَغَىٰ</textIndopak>
    <translations>
      <translation>
        <author>King Fahad Quran Complex</author>
        <text>Pergilah kepada Firʻawn ; sesungguhnya ia telah melampaui batas".</text>
      </translation>
    </translations>
    <rules>[{"start": 28, "end": 31, "rule_id": 0}, {"start": 5, "end": 7, "rule_id": 1}]</rules>
  </verse>
  <verse>
    <verseIdArabic>٢٥</verseIdArabic>
    <verseId>25</verseId>
    <chapterId>20</chapterId>
    <textIndopak>قَالَ رَبِّ ٱشۡرَحۡ لِي صَدۡرِي</textIndopak>
    <translations>
      <translation>
        <author>King Fahad Quran Complex</author>
        <text>Berkata Musa, "Ya Tuhan-ku, lapangkanlah untukku dadaku,</text>
      </translation>
    </translations>
    <rules>[{"start": 26, "end": 28, "rule_id": 1}]</rules>
  </verse>
  <verse>
    <verseIdArabic>٢٦</verseIdArabic>
    <verseId>26</verseId>
    <chapterId>20</chapterId>
    <textIndopak>وَيَسِّرۡ لِيٓ أَمۡرِي</textIndopak>
    <translations>
      <translation>
        <author>King Fahad Quran Complex</author>
        <text>dan mudahkanlah untukku urusanku,</text>
      </translation>
    </translations>
  </verse>
  <verse>
    <verseIdArabic>٢٧</verseIdArabic>
    <verseId>27</verseId>
    <chapterId>20</chapterId>
    <textIndopak>وَٱحۡلُلۡ عُقۡدَةٗ مِّن لِّسَانِي</textIndopak>
    <translations>
      <translation>
        <author>King Fahad Quran Complex</author>
        <text>dan lepaskanlah kekakuan dari lidahku,</text>
      </translation>
    </translations>
    <rules>[{"start": 19, "end": 22, "rule_id": 0}, {"start": 12, "end": 14, "rule_id": 1}, {"start": 16, "end": 22, "rule_id": 3}, {"start": 22, "end": 27, "rule_id": 5}]</rules>
  </verse>
  <verse>
    <verseIdArabic>٢٨</verseIdArabic>
    <verseId>28</verseId>
    <chapterId>20</chapterId>
    <textIndopak>يَفۡقَهُواْ قَوۡلِي</textIndopak>
    <translations>
      <translation>
        <author>King Fahad Quran Complex</author>
        <text>supaya mereka mengerti perkataanku,</text>
      </translation>
    </translations>
  </verse>
  <verse>
    <verseIdArabic>٢٩</verseIdArabic>
    <verseId>29</verseId>
    <chapterId>20</chapterId>
    <textIndopak>وَٱجۡعَل لِّي وَزِيرٗا مِّنۡ أَهۡلِي</textIndopak>
    <translations>
      <translation>
        <author>King Fahad Quran Complex</author>
        <text>dan jadikanlah untukku seorang pembantu dari keluargaku,</text>
      </translation>
    </translations>
    <rules>[{"start": 23, "end": 26, "rule_id": 0}, {"start": 3, "end": 5, "rule_id": 1}, {"start": 19, "end": 26, "rule_id": 3}]</rules>
  </verse>
  <verse>
    <verseIdArabic>٣٠</verseIdArabic>
    <verseId>30</verseId>
    <chapterId>20</chapterId>
    <textIndopak>هَٰرُونَ أَخِي</textIndopak>
    <translations>
      <translation>
        <author>King Fahad Quran Complex</author>
        <text>(yaitu) Hārūn, saudaraku,</text>
      </translation>
    </translations>
  </verse>
  <verse>
    <verseIdArabic>٣١</verseIdArabic>
    <verseId>31</verseId>
    <chapterId>20</chapterId>
    <textIndopak>ٱشۡدُدۡ بِهِۦٓ أَزۡرِي</textIndopak>
    <translations>
      <translation>
        <author>King Fahad Quran Complex</author>
        <text>teguhkanlah dengan dia kekuatanku,</text>
      </translation>
    </translations>
    <rules>[{"start": 5, "end": 7, "rule_id": 1}]</rules>
  </verse>
  <verse>
    <verseIdArabic>٣٢</verseIdArabic>
    <verseId>32</verseId>
    <chapterId>20</chapterId>
    <textIndopak>وَأَشۡرِكۡهُ فِيٓ أَمۡرِي</textIndopak>
    <translations>
      <translation>
        <author>King Fahad Quran Complex</author>
        <text>dan jadikankanlah dia sekutu dalam urusanku,</text>
      </translation>
    </translations>
  </verse>
  <verse>
    <verseIdArabic>٣٣</verseIdArabic>
    <verseId>33</verseId>
    <chapterId>20</chapterId>
    <textIndopak>كَيۡ نُسَبِّحَكَ كَثِيرٗا</textIndopak>
    <translations>
      <translation>
        <author>King Fahad Quran Complex</author>
        <text>supaya kami banyak bertasbih kepada Engkau,</text>
      </translation>
    </translations>
  </verse>
  <verse>
    <verseIdArabic>٣٤</verseIdArabic>
    <verseId>34</verseId>
    <chapterId>20</chapterId>
    <textIndopak>وَنَذۡكُرَكَ كَثِيرًا</textIndopak>
    <translations>
      <translation>
        <author>King Fahad Quran Complex</author>
        <text>dan banyak mengingat Engkau.</text>
      </translation>
    </translations>
  </verse>
  <verse>
    <verseIdArabic>٣٥</verseIdArabic>
    <verseId>35</verseId>
    <chapterId>20</chapterId>
    <textIndopak>إِنَّكَ كُنتَ بِنَا بَصِيرٗا</textIndopak>
    <translations>
      <translation>
        <author>King Fahad Quran Complex</author>
        <text>Sesungguhnya Engkau adalah Maha Melihat (keadaan) kami".</text>
      </translation>
    </translations>
    <rules>[{"start": 2, "end": 5, "rule_id": 0}, {"start": 10, "end": 13, "rule_id": 6}]</rules>
  </verse>
  <verse>
    <verseIdArabic>٣٦</verseIdArabic>
    <verseId>36</verseId>
    <chapterId>20</chapterId>
    <textIndopak>قَالَ قَدۡ أُوتِيتَ سُؤۡلَكَ يَٰمُوسَىٰ</textIndopak>
    <translations>
      <translation>
        <author>King Fahad Quran Complex</author>
        <text>Allah berfirman, "Sesungguhnya telah diperkenankan permintaanmu, hai Musa."</text>
      </translation>
    </translations>
    <rules>[{"start": 8, "end": 10, "rule_id": 1}]</rules>
  </verse>
  <verse>
    <verseIdArabic>٣٧</verseIdArabic>
    <verseId>37</verseId>
    <chapterId>20</chapterId>
    <textIndopak>وَلَقَدۡ مَنَنَّا عَلَيۡكَ مَرَّةً أُخۡرَىٰٓ</textIndopak>
    <translations>
      <translation>
        <author>King Fahad Quran Complex</author>
        <text>Dan sesungguhnya Kami telah memberi nikmat kepadamu pada kali yang lain,</text>
      </translation>
    </translations>
    <rules>[{"start": 13, "end": 16, "rule_id": 0}, {"start": 6, "end": 8, "rule_id": 1}]</rules>
  </verse>
  <verse>
    <verseIdArabic>٣٨</verseIdArabic>
    <verseId>38</verseId>
    <chapterId>20</chapterId>
    <textIndopak>إِذۡ أَوۡحَيۡنَآ إِلَىٰٓ أُمِّكَ مَا يُوحَىٰٓ</textIndopak>
    <translations>
      <translation>
        <author>King Fahad Quran Complex</author>
        <text>yaitu ketika Kami mengilhamkan kepada ibumu suatu yang diilhamkan,</text>
      </translation>
    </translations>
    <rules>[{"start": 28, "end": 31, "rule_id": 0}]</rules>
  </verse>
  <verse>
    <verseIdArabic>٣٩</verseIdArabic>
    <verseId>39</verseId>
    <chapterId>20</chapterId>
    <textIndopak>أَنِ ٱقۡذِفِيهِ فِي ٱلتَّابُوتِ فَٱقۡذِفِيهِ فِي ٱلۡيَمِّ فَلۡيُلۡقِهِ ٱلۡيَمُّ بِٱلسَّاحِلِ يَأۡخُذۡهُ عَدُوّٞ لِّي وَعَدُوّٞ لَّهُۥۚ وَأَلۡقَيۡتُ عَلَيۡكَ مَحَبَّةٗ مِّنِّي وَلِتُصۡنَعَ عَلَىٰ عَيۡنِيٓ</textIndopak>
    <translations>
      <translation>
        <author>King Fahad Quran Complex</author>
        <text>Yaitu, Letakkanlah ia (Musa) di dalam peti, kemudian lemparkanlah ia ke sungai (Nil), maka pasti sungai itu membawanya ke tepi supaya diambil oleh (Firʻawn ) musuh-Ku dan musuhnya`. Dan Aku telah melimpahkan kepadamu kasih sayang yang datang dari-Ku dan supaya kamu diasuh di bawah pengawasan-Ku,</text>
      </translation>
    </translations>
    <rules>[{"start": 54, "end": 57, "rule_id": 0}, {"start": 76, "end": 79, "rule_id": 0}, {"start": 168, "end": 171, "rule_id": 0}, {"start": 171, "end": 174, "rule_id": 0}, {"start": 6, "end": 8, "rule_id": 1}, {"start": 35, "end": 37, "rule_id": 1}, {"start": 165, "end": 171, "rule_id": 3}, {"start": 108, "end": 115, "rule_id": 5}, {"start": 123, "end": 130, "rule_id": 5}]</rules>
  </verse>
  <verse>
    <verseIdArabic>٤٠</verseIdArabic>
    <verseId>40</verseId>
    <chapterId>20</chapterId>
    <textIndopak>إِذۡ تَمۡشِيٓ أُخۡتُكَ فَتَقُولُ هَلۡ أَدُلُّكُمۡ عَلَىٰ مَن يَكۡفُلُهُۥۖ فَرَجَعۡنَٰكَ إِلَىٰٓ أُمِّكَ كَيۡ تَقَرَّ عَيۡنُهَا وَلَا تَحۡزَنَۚ وَقَتَلۡتَ نَفۡسٗا فَنَجَّيۡنَٰكَ مِنَ ٱلۡغَمِّ وَفَتَنَّٰكَ فُتُونٗاۚ فَلَبِثۡتَ سِنِينَ فِيٓ أَهۡلِ مَدۡيَنَ ثُمَّ جِئۡتَ عَلَىٰ قَدَرٖ يَٰمُوسَىٰ</textIndopak>
    <translations>
      <translation>
        <author>King Fahad Quran Complex</author>
        <text>(yaitu) ketika saudaramu yang perempuan berjalan, lalu ia berkata kepada (keluarga Firʻawn ), "Bolehkah saya menunjukkan kepadamu orang yang akan memeliharanya?" Maka Kami mengembalikanmu kepada ibumu agar senang hatinya dan tidak berduka cita. Dan kamu pernah membunuh seorang manusia , lalu Kami selamatkan kamu dari kesusahan, dan Kami telah mencobamu dengan beberapa cobaan, maka kamu tinggal beberapa tahun di antara penduduk Madyan , kemudian kamu datang menurut waktu yang ditetapkan hai Musa,</text>
      </translation>
    </translations>
    <rules>[{"start": 99, "end": 102, "rule_id": 0}, {"start": 189, "end": 192, "rule_id": 0}, {"start": 199, "end": 203, "rule_id": 0}, {"start": 259, "end": 262, "rule_id": 0}, {"start": 250, "end": 252, "rule_id": 1}, {"start": 59, "end": 63, "rule_id": 3}, {"start": 281, "end": 287, "rule_id": 3}]</rules>
  </verse>
  <verse>
    <verseIdArabic>٤١</verseIdArabic>
    <verseId>41</verseId>
    <chapterId>20</chapterId>
    <textIndopak>وَٱصۡطَنَعۡتُكَ لِنَفۡسِي</textIndopak>
    <translations>
      <translation>
        <author>King Fahad Quran Complex</author>
        <text>dan Aku telah memilihmu untuk diri-Ku .</text>
      </translation>
    </translations>
  </verse>
  <verse>
    <verseIdArabic>٤٢</verseIdArabic>
    <verseId>42</verseId>
    <chapterId>20</chapterId>
    <textIndopak>ٱذۡهَبۡ أَنتَ وَأَخُوكَ بِـَٔايَٰتِي وَلَا تَنِيَا فِي ذِكۡرِي</textIndopak>
    <translations>
      <translation>
        <author>King Fahad Quran Complex</author>
        <text>Pergilah kamu beserta saudaramu dengan membawa ayat-ayat-Ku, dan janganlah kamu berdua lalai dalam mengingat-Ku;</text>
      </translation>
    </translations>
    <rules>[{"start": 5, "end": 7, "rule_id": 1}, {"start": 10, "end": 13, "rule_id": 6}]</rules>
  </verse>
  <verse>
    <verseIdArabic>٤٣</verseIdArabic>
    <verseId>43</verseId>
    <chapterId>20</chapterId>
    <textIndopak>ٱذۡهَبَآ إِلَىٰ فِرۡعَوۡنَ إِنَّهُۥ طَغَىٰ</textIndopak>
    <translations>
      <translation>
        <author>King Fahad Quran Complex</author>
        <text>Pergilah kamu berdua kepada Firʻawn , sesungguhnya dia telah melampaui batas;</text>
      </translation>
    </translations>
    <rules>[{"start": 30, "end": 33, "rule_id": 0}]</rules>
  </verse>
  <verse>
    <verseIdArabic>٤٤</verseIdArabic>
    <verseId>44</verseId>
    <chapterId>20</chapterId>
    <textIndopak>فَقُولَا لَهُۥ قَوۡلٗا لَّيِّنٗا لَّعَلَّهُۥ يَتَذَكَّرُ أَوۡ يَخۡشَىٰ</textIndopak>
    <translations>
      <translation>
        <author>King Fahad Quran Complex</author>
        <text>maka berbicaralah kamu berdua kepadanya dengan kata-kata yang lemah lembut, mudah-mudahan ia ingat atau takut".</text>
      </translation>
    </translations>
    <rules>[{"start": 19, "end": 26, "rule_id": 5}, {"start": 29, "end": 36, "rule_id": 5}]</rules>
  </verse>
  <verse>
    <verseIdArabic>٤٥</verseIdArabic>
    <verseId>45</verseId>
    <chapterId>20</chapterId>
    <textIndopak>قَالَا رَبَّنَآ إِنَّنَا نَخَافُ أَن يَفۡرُطَ عَلَيۡنَآ أَوۡ أَن يَطۡغَىٰ</textIndopak>
    <translations>
      <translation>
        <author>King Fahad Quran Complex</author>
        <text>Berkatalah mereka berdua, "Ya Tuhan kami, sesungguhnya kami khawatir bahwa ia segera menyiksa kami atau akan bertambah melampaui batas".</text>
      </translation>
    </translations>
    <rules>[{"start": 19, "end": 22, "rule_id": 0}, {"start": 69, "end": 71, "rule_id": 1}, {"start": 36, "end": 40, "rule_id": 3}, {"start": 65, "end": 69, "rule_id": 3}]</rules>
  </verse>
  <verse>
    <verseIdArabic>٤٦</verseIdArabic>
    <verseId>46</verseId>
    <chapterId>20</chapterId>
    <textIndopak>قَالَ لَا تَخَافَآۖ إِنَّنِي مَعَكُمَآ أَسۡمَعُ وَأَرَىٰ</textIndopak>
    <translations>
      <translation>
        <author>King Fahad Quran Complex</author>
        <text>Allah berfirman, "Janganlah kamu berdua khawatir, sesungguhnya Aku beserta kamu berdua, Aku mendengar dan melihat".</text>
      </translation>
    </translations>
    <rules>[{"start": 24, "end": 27, "rule_id": 0}]</rules>
  </verse>
  <verse>
    <verseIdArabic>٤٧</verseIdArabic>
    <verseId>47</verseId>
    <chapterId>20</chapterId>
    <textIndopak>فَأۡتِيَاهُ فَقُولَآ إِنَّا رَسُولَا رَبِّكَ فَأَرۡسِلۡ مَعَنَا بَنِيٓ إِسۡرَٰٓءِيلَ وَلَا تُعَذِّبۡهُمۡۖ قَدۡ جِئۡنَٰكَ بِـَٔايَةٖ مِّن رَّبِّكَۖ وَٱلسَّلَٰمُ عَلَىٰ مَنِ ٱتَّبَعَ ٱلۡهُدَىٰٓ</textIndopak>
    <translations>
      <translation>
        <author>King Fahad Quran Complex</author>
        <text>Maka datanglah kamu berdua kepadanya (Firʻawn ) dan katakanlah, "Sesungguhnya kami berdua adalah utusan Tuhan-mu, maka lepaskanlah Bani Isrā`īl bersama kami dan janganlah kamu menyiksa mereka . Sesungguhnya kami telah datang kepadamu dengan membawa bukti (atas kerasulan kami) dari Tuhan-mu. Dan keselamatan itu dilimpahkan kepada orang yang mengikuti petunjuk.</text>
      </translation>
    </translations>
    <rules>[{"start": 24, "end": 27, "rule_id": 0}, {"start": 134, "end": 137, "rule_id": 0}, {"start": 99, "end": 101, "rule_id": 1}, {"start": 110, "end": 112, "rule_id": 1}, {"start": 131, "end": 137, "rule_id": 3}, {"start": 137, "end": 142, "rule_id": 5}]</rules>
  </verse>
  <verse>
    <verseIdArabic>٤٨</verseIdArabic>
    <verseId>48</verseId>
    <chapterId>20</chapterId>
    <textIndopak>إِنَّا قَدۡ أُوحِيَ إِلَيۡنَآ أَنَّ ٱلۡعَذَابَ عَلَىٰ مَن كَذَّبَ وَتَوَلَّىٰ</textIndopak>
    <translations>
      <translation>
        <author>King Fahad Quran Complex</author>
        <text>Sesungguhnya telah diwahyukan kepada kami bahwa siksa itu (ditimpakan) atas orang-orang yang mendustakan dan berpaling .</text>
      </translation>
    </translations>
    <rules>[{"start": 2, "end": 5, "rule_id": 0}, {"start": 33, "end": 36, "rule_id": 0}, {"start": 9, "end": 11, "rule_id": 1}, {"start": 57, "end": 61, "rule_id": 6}]</rules>
  </verse>
  <verse>
    <verseIdArabic>٤٩</verseIdArabic>
    <verseId>49</verseId>
    <chapterId>20</chapterId>
    <textIndopak>قَالَ فَمَن رَّبُّكُمَا يَٰمُوسَىٰ</textIndopak>
    <translations>
      <translation>
        <author>King Fahad Quran Complex</author>
        <text>Berkata Firʻawn , "Maka siapakah Tuhan-mu berdua, hai Musa? "</text>
      </translation>
    </translations>
    <rules>[{"start": 10, "end": 15, "rule_id": 5}]</rules>
  </verse>
  <verse>
    <verseIdArabic>٥٠</verseIdArabic>
    <verseId>50</verseId>
    <chapterId>20</chapterId>
    <textIndopak>قَالَ رَبُّنَا ٱلَّذِيٓ أَعۡطَىٰ كُلَّ شَيۡءٍ خَلۡقَهُۥ ثُمَّ هَدَىٰ</textIndopak>
    <translations>
      <translation>
        <author>King Fahad Quran Complex</author>
        <text>Musa berkata, "Tuhan kami ialah (Tuhan) yang telah memberikan kepada tiap-tiap sesuatu bentuk kejadiannya, kemudian memberinya petunjuk ."</text>
      </translation>
    </translations>
    <rules>[{"start": 58, "end": 61, "rule_id": 0}]</rules>
  </verse>
  <verse>
    <verseIdArabic>٥١</verseIdArabic>
    <verseId>51</verseId>
    <chapterId>20</chapterId>
    <textIndopak>قَالَ فَمَا بَالُ ٱلۡقُرُونِ ٱلۡأُولَىٰ</textIndopak>
    <translations>
      <translation>
        <author>King Fahad Quran Complex</author>
        <text>Berkata Firʻawn , "Maka bagaimanakah keadaan umat-umat yang dahulu?"</text>
      </translation>
    </translations>
  </verse>
  <verse>
    <verseIdArabic>٥٢</verseIdArabic>
    <verseId>52</verseId>
    <chapterId>20</chapterId>
    <textIndopak>قَالَ عِلۡمُهَا عِندَ رَبِّي فِي كِتَٰبٖۖ لَّا يَضِلُّ رَبِّي وَلَا يَنسَى</textIndopak>
    <translations>
      <translation>
        <author>King Fahad Quran Complex</author>
        <text>Musa menjawab, "Pengetahuan tentang itu ada di sisi Tuhan-ku, di dalam sebuah kitab , Tuhan kami tidak akan salah dan tidak (pula) lupa;</text>
      </translation>
    </translations>
    <rules>[{"start": 38, "end": 46, "rule_id": 5}, {"start": 18, "end": 21, "rule_id": 6}, {"start": 71, "end": 74, "rule_id": 6}]</rules>
  </verse>
  <verse>
    <verseIdArabic>٥٣</verseIdArabic>
    <verseId>53</verseId>
    <chapterId>20</chapterId>
    <textIndopak>ٱلَّذِي جَعَلَ لَكُمُ ٱلۡأَرۡضَ مَهۡدٗا وَسَلَكَ لَكُمۡ فِيهَا سُبُلٗا وَأَنزَلَ مِنَ ٱلسَّمَآءِ مَآءٗ فَأَخۡرَجۡنَا بِهِۦٓ أَزۡوَٰجٗا مِّن نَّبَاتٖ شَتَّىٰ</textIndopak>
    <translations>
      <translation>
        <author>King Fahad Quran Complex</author>
        <text>Yang telah menjadikan bagimu bumi sebagai hamparan, dan Yang telah menjadikan bagimu di bumi itu jalan-jalan, dan menurunkan dari langit air hujan. Maka Kami tumbuhkan dengan air hujan itu berjenis-jenis dari tumbuh-tumbuhan yang bermacam-macam.</text>
      </translation>
    </translations>
    <rules>[{"start": 137, "end": 140, "rule_id": 0}, {"start": 142, "end": 145, "rule_id": 0}, {"start": 113, "end": 115, "rule_id": 1}, {"start": 140, "end": 145, "rule_id": 3}, {"start": 36, "end": 42, "rule_id": 3}, {"start": 67, "end": 73, "rule_id": 3}, {"start": 133, "end": 140, "rule_id": 3}, {"start": 75, "end": 78, "rule_id": 6}, {"start": 102, "end": 107, "rule_id": 6}, {"start": 148, "end": 153, "rule_id": 6}]</rules>
  </verse>
  <verse>
    <verseIdArabic>٥٤</verseIdArabic>
    <verseId>54</verseId>
    <chapterId>20</chapterId>
    <textIndopak>كُلُواْ وَٱرۡعَوۡاْ أَنۡعَٰمَكُمۡۚ إِنَّ فِي ذَٰلِكَ لَأٓيَٰتٖ لِّأُوْلِي ٱلنُّهَىٰ</textIndopak>
    <translations>
      <translation>
        <author>King Fahad Quran Complex</author>
        <text>Makanlah dan gembalakanlah binatang-binatangmu. Sesungguhnya pada yang demikian itu terdapat tanda-tanda kekuasaan Allah bagi orang-orang yang berakal.</text>
      </translation>
    </translations>
    <rules>[{"start": 38, "end": 41, "rule_id": 0}, {"start": 78, "end": 81, "rule_id": 0}, {"start": 62, "end": 68, "rule_id": 5}]</rules>
  </verse>
  <verse>
    <verseIdArabic>٥٥</verseIdArabic>
    <verseId>55</verseId>
    <chapterId>20</chapterId>
    <textIndopak>۞ مِنۡهَا خَلَقۡنَٰكُمۡ وَفِيهَا نُعِيدُكُمۡ وَمِنۡهَا نُخۡرِجُكُمۡ تَارَةً أُخۡرَىٰ</textIndopak>
    <translations>
      <translation>
        <author>King Fahad Quran Complex</author>
        <text>Dari bumi (tanah) itulah Kami menjadikan kamu dan kepadanya Kami akan mengembalikan kamu dan daripadanya Kami akan mengeluarkan kamu pada kali yang lain,</text>
      </translation>
    </translations>
    <rules>[{"start": 14, "end": 16, "rule_id": 1}]</rules>
  </verse>
  <verse>
    <verseIdArabic>٥٦</verseIdArabic>
    <verseId>56</verseId>
    <chapterId>20</chapterId>
    <textIndopak>وَلَقَدۡ أَرَيۡنَٰهُ ءَايَٰتِنَا كُلَّهَا فَكَذَّبَ وَأَبَىٰ</textIndopak>
    <translations>
      <translation>
        <author>King Fahad Quran Complex</author>
        <text>Dan sesungguhnya Kami telah perlihatkan kepadanya ( Firʻawn ) tanda-tanda kekuasaan Kami semuanya maka ia mendustakan dan enggan (menerima kebenaran).</text>
      </translation>
    </translations>
    <rules>[{"start": 6, "end": 8, "rule_id": 1}]</rules>
  </verse>
  <verse>
    <verseIdArabic>٥٧</verseIdArabic>
    <verseId>57</verseId>
    <chapterId>20</chapterId>
    <textIndopak>قَالَ أَجِئۡتَنَا لِتُخۡرِجَنَا مِنۡ أَرۡضِنَا بِسِحۡرِكَ يَٰمُوسَىٰ</textIndopak>
    <translations>
      <translation>
        <author>King Fahad Quran Complex</author>
        <text>Berkata Firʻawn , "Adakah kamu datang kepada kami untuk mengusir kami dari negeri kami (ini) dengan sihirmu, hai Musa?</text>
      </translation>
    </translations>
  </verse>
  <verse>
    <verseIdArabic>٥٨</verseIdArabic>
    <verseId>58</verseId>
    <chapterId>20</chapterId>
    <textIndopak>فَلَنَأۡتِيَنَّكَ بِسِحۡرٖ مِّثۡلِهِۦ فَٱجۡعَلۡ بَيۡنَنَا وَبَيۡنَكَ مَوۡعِدٗا لَّا نُخۡلِفُهُۥ نَحۡنُ وَلَآ أَنتَ مَكَانٗا سُوٗى</textIndopak>
    <translations>
      <translation>
        <author>King Fahad Quran Complex</author>
        <text>Dan kami pun pasti akan mendatangkan (pula) kepadamu sihir semacam itu, maka buatlah suatu waktu untuk pertemuan antara kami dan kamu yang kami tidak akan menyalahinya, dan tidak (pula) kamu di suatu tempat yang pertengahan (letaknya)".</text>
      </translation>
    </translations>
    <rules>[{"start": 12, "end": 15, "rule_id": 0}, {"start": 27, "end": 30, "rule_id": 0}, {"start": 41, "end": 43, "rule_id": 1}, {"start": 24, "end": 30, "rule_id": 3}, {"start": 75, "end": 82, "rule_id": 5}, {"start": 112, "end": 115, "rule_id": 6}]</rules>
  </verse>
  <verse>
    <verseIdArabic>٥٩</verseIdArabic>
    <verseId>59</verseId>
    <chapterId>20</chapterId>
    <textIndopak>قَالَ مَوۡعِدُكُمۡ يَوۡمُ ٱلزِّينَةِ وَأَن يُحۡشَرَ ٱلنَّاسُ ضُحٗى</textIndopak>
    <translations>
      <translation>
        <author>King Fahad Quran Complex</author>
        <text>Berkata Musa, "Waktu untuk pertemuan (kami dengan) kamu itu ialah di hari raya dan hendaklah dikumpulkan manusia pada waktu matahari sepenggalahan naik".</text>
      </translation>
    </translations>
    <rules>[{"start": 54, "end": 57, "rule_id": 0}, {"start": 41, "end": 45, "rule_id": 3}]</rules>
  </verse>
  <verse>
    <verseIdArabic>٦٠</verseIdArabic>
    <verseId>60</verseId>
    <chapterId>20</chapterId>
    <textIndopak>فَتَوَلَّىٰ فِرۡعَوۡنُ فَجَمَعَ كَيۡدَهُۥ ثُمَّ أَتَىٰ</textIndopak>
    <translations>
      <translation>
        <author>King Fahad Quran Complex</author>
        <text>Maka Firʻawn meninggalkan (tempat itu), lalu mengatur tipu dayanya, kemudian dia datang.</text>
      </translation>
    </translations>
    <rules>[{"start": 44, "end": 47, "rule_id": 0}]</rules>
  </verse>
  <verse>
    <verseIdArabic>٦١</verseIdArabic>
    <verseId>61</verseId>
    <chapterId>20</chapterId>
    <textIndopak>قَالَ لَهُم مُّوسَىٰ وَيۡلَكُمۡ لَا تَفۡتَرُواْ عَلَى ٱللَّهِ كَذِبٗا فَيُسۡحِتَكُم بِعَذَابٖۖ وَقَدۡ خَابَ مَنِ ٱفۡتَرَىٰ</textIndopak>
    <translations>
      <translation>
        <author>King Fahad Quran Complex</author>
        <text>Berkata Musa kepada mereka, "Celakalah kamu, janganlah kamu mengada-adakan kedustaan terhadap Allah, maka Dia membinasakan kamu dengan siksa". Dan sesungguhnya telah merugi orang yang mengada-adakan kedustaan.</text>
      </translation>
    </translations>
    <rules>[{"start": 12, "end": 15, "rule_id": 0}, {"start": 100, "end": 102, "rule_id": 1}, {"start": 91, "end": 98, "rule_id": 3}, {"start": 10, "end": 15, "rule_id": 4}, {"start": 82, "end": 86, "rule_id": 7}]</rules>
  </verse>
  <verse>
    <verseIdArabic>٦٢</verseIdArabic>
    <verseId>62</verseId>
    <chapterId>20</chapterId>
    <textIndopak>فَتَنَٰزَعُوٓاْ أَمۡرَهُم بَيۡنَهُمۡ وَأَسَرُّواْ ٱلنَّجۡوَىٰ</textIndopak>
    <translations>
      <translation>
        <author>King Fahad Quran Complex</author>
        <text>Maka mereka berbantah-bantahan tentang urusan mereka di antara mereka dan mereka merahasiakan percakapan (mereka).</text>
      </translation>
    </translations>
    <rules>[{"start": 52, "end": 55, "rule_id": 0}, {"start": 55, "end": 57, "rule_id": 1}, {"start": 24, "end": 28, "rule_id": 7}]</rules>
  </verse>
  <verse>
    <verseIdArabic>٦٣</verseIdArabic>
    <verseId>63</verseId>
    <chapterId>20</chapterId>
    <textIndopak>قَالُوٓاْ إِنۡ هَٰذَٰنِ لَسَٰحِرَٰنِ يُرِيدَانِ أَن يُخۡرِجَاكُم مِّنۡ أَرۡضِكُم بِسِحۡرِهِمَا وَيَذۡهَبَا بِطَرِيقَتِكُمُ ٱلۡمُثۡلَىٰ</textIndopak>
    <translations>
      <translation>
        <author>King Fahad Quran Complex</author>
        <text>Mereka berkata, "Sesungguhnya dua orang ini adalah benar-benar ahli sihir yang hendak mengusir kamu dari negeri kamu dengan sihirnya, dan hendak melenyapkan kedudukan kamu yang utama .</text>
      </translation>
    </translations>
    <rules>[{"start": 65, "end": 68, "rule_id": 0}, {"start": 50, "end": 54, "rule_id": 3}, {"start": 63, "end": 68, "rule_id": 4}, {"start": 79, "end": 83, "rule_id": 7}]</rules>
  </verse>
  <verse>
    <verseIdArabic>٦٤</verseIdArabic>
    <verseId>64</verseId>
    <chapterId>20</chapterId>
    <textIndopak>فَأَجۡمِعُواْ كَيۡدَكُمۡ ثُمَّ ٱئۡتُواْ صَفّٗاۚ وَقَدۡ أَفۡلَحَ ٱلۡيَوۡمَ مَنِ ٱسۡتَعۡلَىٰ</textIndopak>
    <translations>
      <translation>
        <author>King Fahad Quran Complex</author>
        <text>Maka himpunkanlah segala daya (sihir) kamu sekalian, kemudian datanglah dengan berbaris. Dan sesungguhnya beruntunglah orang yang menang pada hari ini .</text>
      </translation>
    </translations>
    <rules>[{"start": 27, "end": 30, "rule_id": 0}, {"start": 4, "end": 6, "rule_id": 1}, {"start": 53, "end": 55, "rule_id": 1}]</rules>
  </verse>
  <verse>
    <verseIdArabic>٦٥</verseIdArabic>
    <verseId>65</verseId>
    <chapterId>20</chapterId>
    <textIndopak>قَالُواْ يَٰمُوسَىٰٓ إِمَّآ أَن تُلۡقِيَ وَإِمَّآ أَن نَّكُونَ أَوَّلَ مَنۡ أَلۡقَىٰ</textIndopak>
    <translations>
      <translation>
        <author>King Fahad Quran Complex</author>
        <text>(Setelah mereka berkumpul) mereka berkata, "Hai Musa (pilihlah), apakah kamu yang melemparkan (dahulu) atau kamikah orang yang mula-mula melemparkan?"</text>
      </translation>
    </translations>
    <rules>[{"start": 23, "end": 26, "rule_id": 0}, {"start": 46, "end": 49, "rule_id": 0}, {"start": 56, "end": 59, "rule_id": 0}, {"start": 54, "end": 59, "rule_id": 3}, {"start": 31, "end": 35, "rule_id": 6}]</rules>
  </verse>
  <verse>
    <verseIdArabic>٦٦</verseIdArabic>
    <verseId>66</verseId>
    <chapterId>20</chapterId>
    <textIndopak>قَالَ بَلۡ أَلۡقُواْۖ فَإِذَا حِبَالُهُمۡ وَعِصِيُّهُمۡ يُخَيَّلُ إِلَيۡهِ مِن سِحۡرِهِمۡ أَنَّهَا تَسۡعَىٰ</textIndopak>
    <translations>
      <translation>
        <author>King Fahad Quran Complex</author>
        <text>Berkata Musa, "Silakan kamu sekalian melemparkan". Maka tiba-tiba, tali-tali dan tongkat-tongkat mereka terbayang kepada Musa seakan-akan ia merayap cepat lantaran sihir mereka.</text>
      </translation>
    </translations>
    <rules>[{"start": 93, "end": 96, "rule_id": 0}, {"start": 78, "end": 82, "rule_id": 6}]</rules>
  </verse>
  <verse>
    <verseIdArabic>٦٧</verseIdArabic>
    <verseId>67</verseId>
    <chapterId>20</chapterId>
    <textIndopak>فَأَوۡجَسَ فِي نَفۡسِهِۦ خِيفَةٗ مُّوسَىٰ</textIndopak>
    <translations>
      <translation>
        <author>King Fahad Quran Complex</author>
        <text>Maka Musa merasa takut dalam hatinya.</text>
      </translation>
    </translations>
    <rules>[{"start": 33, "end": 36, "rule_id": 0}, {"start": 30, "end": 36, "rule_id": 3}]</rules>
  </verse>
  <verse>
    <verseIdArabic>٦٨</verseIdArabic>
    <verseId>68</verseId>
    <chapterId>20</chapterId>
    <textIndopak>قُلۡنَا لَا تَخَفۡ إِنَّكَ أَنتَ ٱلۡأَعۡلَىٰ</textIndopak>
    <translations>
      <translation>
        <author>King Fahad Quran Complex</author>
        <text>Kami berkata, "Janganlah kamu takut, sesungguhnya kamulah yang paling unggul (menang).</text>
      </translation>
    </translations>
    <rules>[{"start": 21, "end": 24, "rule_id": 0}, {"start": 29, "end": 32, "rule_id": 6}]</rules>
  </verse>
  <verse>
    <verseIdArabic>٦٩</verseIdArabic>
    <verseId>69</verseId>
    <chapterId>20</chapterId>
    <textIndopak>وَأَلۡقِ مَا فِي يَمِينِكَ تَلۡقَفۡ مَا صَنَعُوٓاْۖ إِنَّمَا صَنَعُواْ كَيۡدُ سَٰحِرٖۖ وَلَا يُفۡلِحُ ٱلسَّاحِرُ حَيۡثُ أَتَىٰ</textIndopak>
    <translations>
      <translation>
        <author>King Fahad Quran Complex</author>
        <text>Dan lemparkanlah apa yang ada di tangan kananmu, niscaya ia akan menelan apa yang mereka perbuat. "Sesungguhnya apa yang mereka perbuat itu adalah tipu daya tukang sihir (belaka). Dan tidak akan menang tukang sihir itu dari mana saja ia datang".</text>
      </translation>
    </translations>
    <rules>[{"start": 55, "end": 58, "rule_id": 0}, {"start": 84, "end": 91, "rule_id": 3}]</rules>
  </verse>
  <verse>
    <verseIdArabic>٧٠</verseIdArabic>
    <verseId>70</verseId>
    <chapterId>20</chapterId>
    <textIndopak>فَأُلۡقِيَ ٱلسَّحَرَةُ سُجَّدٗا قَالُوٓاْ ءَامَنَّا بِرَبِّ هَٰرُونَ وَمُوسَىٰ</textIndopak>
    <translations>
      <translation>
        <author>King Fahad Quran Complex</author>
        <text>Lalu, tukang-tukang sihir itu tersungkur dengan bersujud, seraya berkata, "Kami telah percaya kepada Tuhan Hārūn dan Musa ".</text>
      </translation>
    </translations>
    <rules>[{"start": 47, "end": 50, "rule_id": 0}]</rules>
  </verse>
  <verse>
    <verseIdArabic>٧١</verseIdArabic>
    <verseId>71</verseId>
    <chapterId>20</chapterId>
    <textIndopak>قَالَ ءَامَنتُمۡ لَهُۥ قَبۡلَ أَنۡ ءَاذَنَ لَكُمۡۖ إِنَّهُۥ لَكَبِيرُكُمُ ٱلَّذِي عَلَّمَكُمُ ٱلسِّحۡرَۖ فَلَأُقَطِّعَنَّ أَيۡدِيَكُمۡ وَأَرۡجُلَكُم مِّنۡ خِلَٰفٖ وَلَأُصَلِّبَنَّكُمۡ فِي جُذُوعِ ٱلنَّخۡلِ وَلَتَعۡلَمُنَّ أَيُّنَآ أَشَدُّ عَذَابٗا وَأَبۡقَىٰ</textIndopak>
    <translations>
      <translation>
        <author>King Fahad Quran Complex</author>
        <text>Berkata Firʻawn , "Apakah kamu telah beriman kepadanya (Musa) sebelum aku memberi izin kepadamu sekalian. Sesungguhnya ia adalah pemimpinmu yang mengajarkan sihir kepadamu sekalian. Maka sesungguhnya aku akan memotong tangan dan kaki kamu sekalian dengan bersilang secara bertimbal balik; dan sesungguhnya aku akan menyalib kamu sekalian pada pangkal pohon kurma; dan sesungguhnya kamu akan mengetahui siapa di antara kita yang lebih pedih dan lebih kekal siksanya".</text>
      </translation>
    </translations>
    <rules>[{"start": 54, "end": 57, "rule_id": 0}, {"start": 120, "end": 123, "rule_id": 0}, {"start": 151, "end": 154, "rule_id": 0}, {"start": 178, "end": 181, "rule_id": 0}, {"start": 200, "end": 203, "rule_id": 0}, {"start": 220, "end": 223, "rule_id": 0}, {"start": 25, "end": 27, "rule_id": 1}, {"start": 255, "end": 257, "rule_id": 1}, {"start": 162, "end": 167, "rule_id": 3}, {"start": 247, "end": 253, "rule_id": 3}, {"start": 149, "end": 154, "rule_id": 4}, {"start": 11, "end": 14, "rule_id": 6}]</rules>
  </verse>
  <verse>
    <verseIdArabic>٧٢</verseIdArabic>
    <verseId>72</verseId>
    <chapterId>20</chapterId>
    <textIndopak>قَالُواْ لَن نُّؤۡثِرَكَ عَلَىٰ مَا جَآءَنَا مِنَ ٱلۡبَيِّنَٰتِ وَٱلَّذِي فَطَرَنَاۖ فَٱقۡضِ مَآ أَنتَ قَاضٍۖ إِنَّمَا تَقۡضِي هَٰذِهِ ٱلۡحَيَوٰةَ ٱلدُّنۡيَآ</textIndopak>
    <translations>
      <translation>
        <author>King Fahad Quran Complex</author>
        <text>Mereka berkata, "Kami sekali-kali tidak akan mengutamakan kamu dari bukti-bukti yang nyata (mukjizat) yang telah datang kepada kami dan dari Tuhan yang telah menciptakan kami; maka putuskanlah apa yang hendak kamu putuskan. Sesungguhnya kamu hanya akan dapat memutuskan pada kehidupan di dunia ini saja.</text>
      </translation>
    </translations>
    <rules>[{"start": 13, "end": 16, "rule_id": 0}, {"start": 116, "end": 119, "rule_id": 0}, {"start": 90, "end": 92, "rule_id": 1}, {"start": 125, "end": 127, "rule_id": 1}, {"start": 11, "end": 16, "rule_id": 3}, {"start": 102, "end": 105, "rule_id": 6}]</rules>
  </verse>
  <verse>
    <verseIdArabic>٧٣</verseIdArabic>
    <verseId>73</verseId>
    <chapterId>20</chapterId>
    <textIndopak>إِنَّآ ءَامَنَّا بِرَبِّنَا لِيَغۡفِرَ لَنَا خَطَٰيَٰنَا وَمَآ أَكۡرَهۡتَنَا عَلَيۡهِ مِنَ ٱلسِّحۡرِۗ وَٱللَّهُ خَيۡرٞ وَأَبۡقَىٰٓ</textIndopak>
    <translations>
      <translation>
        <author>King Fahad Quran Complex</author>
        <text>Sesungguhnya kami telah beriman kepada Tuhan kami, agar Dia mengampuni kesalahan-kesalahan kami dan sihir yang telah kamu paksakan kepada kami melakukannya. Dan Allah lebih baik (pahala-Nya) dan lebih kekal (azab-Nya)".</text>
      </translation>
    </translations>
    <rules>[{"start": 2, "end": 5, "rule_id": 0}, {"start": 13, "end": 16, "rule_id": 0}, {"start": 126, "end": 128, "rule_id": 1}, {"start": 119, "end": 124, "rule_id": 3}]</rules>
  </verse>
  <verse>
    <verseIdArabic>٧٤</verseIdArabic>
    <verseId>74</verseId>
    <chapterId>20</chapterId>
    <textIndopak>إِنَّهُۥ مَن يَأۡتِ رَبَّهُۥ مُجۡرِمٗا فَإِنَّ لَهُۥ جَهَنَّمَ لَا يَمُوتُ فِيهَا وَلَا يَحۡيَىٰ</textIndopak>
    <translations>
      <translation>
        <author>King Fahad Quran Complex</author>
        <text>Sesungguhnya barang siapa datang kepada Tuhan-nya dalam keadaan berdosa, maka sesungguhnya baginya neraka Jahanam. Ia tidak mati di dalamnya dan tidak (pula) hidup.</text>
      </translation>
    </translations>
    <rules>[{"start": 2, "end": 5, "rule_id": 0}, {"start": 43, "end": 46, "rule_id": 0}, {"start": 57, "end": 60, "rule_id": 0}, {"start": 31, "end": 33, "rule_id": 1}, {"start": 11, "end": 15, "rule_id": 3}]</rules>
  </verse>
  <verse>
    <verseIdArabic>٧٥</verseIdArabic>
    <verseId>75</verseId>
    <chapterId>20</chapterId>
    <textIndopak>وَمَن يَأۡتِهِۦ مُؤۡمِنٗا قَدۡ عَمِلَ ٱلصَّٰلِحَٰتِ فَأُوْلَٰٓئِكَ لَهُمُ ٱلدَّرَجَٰتُ ٱلۡعُلَىٰ</textIndopak>
    <translations>
      <translation>
        <author>King Fahad Quran Complex</author>
        <text>Dan barang siapa datang kepada Tuhan-nya dalam keadaan beriman, lagi sungguh-sungguh telah beramal saleh, maka mereka itulah orang-orang yang memperoleh tempat-tempat yang tinggi (mulia),</text>
      </translation>
    </translations>
    <rules>[{"start": 28, "end": 30, "rule_id": 1}, {"start": 4, "end": 8, "rule_id": 3}]</rules>
  </verse>
  <verse>
    <verseIdArabic>٧٦</verseIdArabic>
    <verseId>76</verseId>
    <chapterId>20</chapterId>
    <textIndopak>جَنَّٰتُ عَدۡنٖ تَجۡرِي مِن تَحۡتِهَا ٱلۡأَنۡهَٰرُ خَٰلِدِينَ فِيهَاۚ وَذَٰلِكَ جَزَآءُ مَن تَزَكَّىٰ</textIndopak>
    <translations>
      <translation>
        <author>King Fahad Quran Complex</author>
        <text>(yaitu) surga ʻAdn yang mengalir sungai-sungai di bawahnya, mereka kekal di dalamnya. Dan itu adalah balasan bagi orang yang bersih (dari kekafiran dan kemaksiatan).</text>
      </translation>
    </translations>
    <rules>[{"start": 2, "end": 6, "rule_id": 0}, {"start": 11, "end": 13, "rule_id": 1}, {"start": 18, "end": 20, "rule_id": 1}, {"start": 26, "end": 30, "rule_id": 6}, {"start": 92, "end": 96, "rule_id": 6}, {"start": 13, "end": 18, "rule_id": 6}]</rules>
  </verse>
  <verse>
    <verseIdArabic>٧٧</verseIdArabic>
    <verseId>77</verseId>
    <chapterId>20</chapterId>
    <textIndopak>وَلَقَدۡ أَوۡحَيۡنَآ إِلَىٰ مُوسَىٰٓ أَنۡ أَسۡرِ بِعِبَادِي فَٱضۡرِبۡ لَهُمۡ طَرِيقٗا فِي ٱلۡبَحۡرِ يَبَسٗا لَّا تَخَٰفُ دَرَكٗا وَلَا تَخۡشَىٰ</textIndopak>
    <translations>
      <translation>
        <author>King Fahad Quran Complex</author>
        <text>Dan sesungguhnya telah Kami wahyukan kepada Musa, "Pergilah kamu dengan hamba-hamba-Ku (Bani Isrā`īl) pada malam hari, maka buatlah untuk mereka jalan yang kering di laut itu , kamu tidak usah khawatir akan tersusul dan tidak usah takut (akan tenggelam)".</text>
      </translation>
    </translations>
    <rules>[{"start": 6, "end": 8, "rule_id": 1}, {"start": 68, "end": 70, "rule_id": 1}, {"start": 126, "end": 132, "rule_id": 3}, {"start": 105, "end": 112, "rule_id": 5}]</rules>
  </verse>
  <verse>
    <verseIdArabic>٧٨</verseIdArabic>
    <verseId>78</verseId>
    <chapterId>20</chapterId>
    <textIndopak>فَأَتۡبَعَهُمۡ فِرۡعَوۡنُ بِجُنُودِهِۦ فَغَشِيَهُم مِّنَ ٱلۡيَمِّ مَا غَشِيَهُمۡ</textIndopak>
    <translations>
      <translation>
        <author>King Fahad Quran Complex</author>
        <text>Maka Firʻawn dengan bala tentaranya mengejar mereka, lalu mereka ditutup oleh laut yang menenggelamkan mereka.</text>
      </translation>
    </translations>
    <rules>[{"start": 51, "end": 54, "rule_id": 0}, {"start": 62, "end": 65, "rule_id": 0}, {"start": 49, "end": 54, "rule_id": 4}]</rules>
  </verse>
  <verse>
    <verseIdArabic>٧٩</verseIdArabic>
    <verseId>79</verseId>
    <chapterId>20</chapterId>
    <textIndopak>وَأَضَلَّ فِرۡعَوۡنُ قَوۡمَهُۥ وَمَا هَدَىٰ</textIndopak>
    <translations>
      <translation>
        <author>King Fahad Quran Complex</author>
        <text>Dan Firʻawn telah menyesatkan kaumnya dan tidak memberi petunjuk.</text>
      </translation>
    </translations>
  </verse>
  <verse>
    <verseIdArabic>٨٠</verseIdArabic>
    <verseId>80</verseId>
    <chapterId>20</chapterId>
    <textIndopak>يَٰبَنِيٓ إِسۡرَٰٓءِيلَ قَدۡ أَنجَيۡنَٰكُم مِّنۡ عَدُوِّكُمۡ وَوَٰعَدۡنَٰكُمۡ جَانِبَ ٱلطُّورِ ٱلۡأَيۡمَنَ وَنَزَّلۡنَا عَلَيۡكُمُ ٱلۡمَنَّ وَٱلسَّلۡوَىٰ</textIndopak>
    <translations>
      <translation>
        <author>King Fahad Quran Complex</author>
        <text>Hai Bani Isrā`īl sesungguhnya Kami telah menyelamatkan kamu sekalian dari musuhmu dan Kami telah mengadakan perjanjian dengan kamu sekalian (untuk munajat) di sebelah kanan gunung itu ; dan Kami telah menurunkan kepada kamu sekalian manna dan salwā .</text>
      </translation>
    </translations>
    <rules>[{"start": 43, "end": 46, "rule_id": 0}, {"start": 136, "end": 139, "rule_id": 0}, {"start": 26, "end": 28, "rule_id": 1}, {"start": 68, "end": 70, "rule_id": 1}, {"start": 41, "end": 46, "rule_id": 4}, {"start": 31, "end": 34, "rule_id": 6}]</rules>
  </verse>
  <verse>
    <verseIdArabic>٨١</verseIdArabic>
    <verseId>81</verseId>
    <chapterId>20</chapterId>
    <textIndopak>كُلُواْ مِن طَيِّبَٰتِ مَا رَزَقۡنَٰكُمۡ وَلَا تَطۡغَوۡاْ فِيهِ فَيَحِلَّ عَلَيۡكُمۡ غَضَبِيۖ وَمَن يَحۡلِلۡ عَلَيۡهِ غَضَبِي فَقَدۡ هَوَىٰ</textIndopak>
    <translations>
      <translation>
        <author>King Fahad Quran Complex</author>
        <text>Makanlah di antara rezeki yang baik yang telah Kami berikan kepadamu dan janganlah melampaui batas padanya yang menyebabkan kemurkaan-Ku menimpamu. Dan barang siapa ditimpa oleh kemurkaan-Ku, maka sesungguhnya binasalah ia.</text>
      </translation>
    </translations>
    <rules>[{"start": 31, "end": 33, "rule_id": 1}, {"start": 49, "end": 51, "rule_id": 1}, {"start": 131, "end": 133, "rule_id": 1}, {"start": 99, "end": 103, "rule_id": 3}, {"start": 10, "end": 14, "rule_id": 6}]</rules>
  </verse>
  <verse>
    <verseIdArabic>٨٢</verseIdArabic>
    <verseId>82</verseId>
    <chapterId>20</chapterId>
    <textIndopak>وَإِنِّي لَغَفَّارٞ لِّمَن تَابَ وَءَامَنَ وَعَمِلَ صَٰلِحٗا ثُمَّ ٱهۡتَدَىٰ</textIndopak>
    <translations>
      <translation>
        <author>King Fahad Quran Complex</author>
        <text>Dan sesungguhnya Aku Maha Pengampun bagi orang yang bertobat, beriman, beramal saleh, kemudian tetap di jalan yang benar.</text>
      </translation>
    </translations>
    <rules>[{"start": 4, "end": 7, "rule_id": 0}, {"start": 63, "end": 66, "rule_id": 0}, {"start": 17, "end": 23, "rule_id": 5}, {"start": 25, "end": 29, "rule_id": 6}]</rules>
  </verse>
  <verse>
    <verseIdArabic>٨٣</verseIdArabic>
    <verseId>83</verseId>
    <chapterId>20</chapterId>
    <textIndopak>۞ وَمَآ أَعۡجَلَكَ عَن قَوۡمِكَ يَٰمُوسَىٰ</textIndopak>
    <translations>
      <translation>
        <author>King Fahad Quran Complex</author>
        <text>Mengapa kamu datang lebih cepat daripada kaummu, hai Musa?</text>
      </translation>
    </translations>
    <rules>[{"start": 22, "end": 26, "rule_id": 6}]</rules>
  </verse>
  <verse>
    <verseIdArabic>٨٤</verseIdArabic>
    <verseId>84</verseId>
    <chapterId>20</chapterId>
    <textIndopak>قَالَ هُمۡ أُوْلَآءِ عَلَىٰٓ أَثَرِي وَعَجِلۡتُ إِلَيۡكَ رَبِّ لِتَرۡضَىٰ</textIndopak>
    <translations>
      <translation>
        <author>King Fahad Quran Complex</author>
        <text>Berkata Musa, "Itulah mereka sedang menyusuli aku dan aku bersegera kepada-Mu. Ya Tuhan-ku, agar supaya Engkau rida (kepadaku)".</text>
      </translation>
    </translations>
  </verse>
  <verse>
    <verseIdArabic>٨٥</verseIdArabic>
    <verseId>85</verseId>
    <chapterId>20</chapterId>
    <textIndopak>قَالَ فَإِنَّا قَدۡ فَتَنَّا قَوۡمَكَ مِنۢ بَعۡدِكَ وَأَضَلَّهُمُ ٱلسَّامِرِيُّ</textIndopak>
    <translations>
      <translation>
        <author>King Fahad Quran Complex</author>
        <text>Allah berfirman, "Maka sesungguhnya Kami telah menguji kaummu sesudah kamu tinggalkan dan mereka telah disesatkan oleh As-Sāmirī .</text>
      </translation>
    </translations>
    <rules>[{"start": 10, "end": 13, "rule_id": 0}, {"start": 24, "end": 27, "rule_id": 0}, {"start": 17, "end": 19, "rule_id": 1}, {"start": 40, "end": 45, "rule_id": 2}]</rules>
  </verse>
  <verse>
    <verseIdArabic>٨٦</verseIdArabic>
    <verseId>86</verseId>
    <chapterId>20</chapterId>
    <textIndopak>فَرَجَعَ مُوسَىٰٓ إِلَىٰ قَوۡمِهِۦ غَضۡبَٰنَ أَسِفٗاۚ قَالَ يَٰقَوۡمِ أَلَمۡ يَعِدۡكُمۡ رَبُّكُمۡ وَعۡدًا حَسَنًاۚ أَفَطَالَ عَلَيۡكُمُ ٱلۡعَهۡدُ أَمۡ أَرَدتُّمۡ أَن يَحِلَّ عَلَيۡكُمۡ غَضَبٞ مِّن رَّبِّكُمۡ فَأَخۡلَفۡتُم مَّوۡعِدِي</textIndopak>
    <translations>
      <translation>
        <author>King Fahad Quran Complex</author>
        <text>Kemudian, Musa kembali kepada kaumnya dengan marah dan bersedih hati. Berkata Musa, "Hai kaumku, bukankah Tuhan-mu telah menjanjikan kepadamu suatu janji yang baik? Maka apakah terasa lama masa yang berlalu itu bagimu atau kamu menghendaki agar kemurkaan dari Tuhan-mu menimpamu, lalu kamu melanggar perjanjianmu denganku?".</text>
      </translation>
    </translations>
    <rules>[{"start": 194, "end": 197, "rule_id": 0}, {"start": 224, "end": 227, "rule_id": 0}, {"start": 82, "end": 84, "rule_id": 1}, {"start": 166, "end": 170, "rule_id": 3}, {"start": 191, "end": 197, "rule_id": 3}, {"start": 222, "end": 227, "rule_id": 4}, {"start": 197, "end": 202, "rule_id": 5}]</rules>
  </verse>
  <verse>
    <verseIdArabic>٨٧</verseIdArabic>
    <verseId>87</verseId>
    <chapterId>20</chapterId>
    <textIndopak>قَالُواْ مَآ أَخۡلَفۡنَا مَوۡعِدَكَ بِمَلۡكِنَا وَلَٰكِنَّا حُمِّلۡنَآ أَوۡزَارٗا مِّن زِينَةِ ٱلۡقَوۡمِ فَقَذَفۡنَٰهَا فَكَذَٰلِكَ أَلۡقَى ٱلسَّامِرِيُّ</textIndopak>
    <translations>
      <translation>
        <author>King Fahad Quran Complex</author>
        <text>Mereka berkata, "Kami sekali-kali tidak melanggar perjanjianmu dengan kemauan kami sendiri, tetapi kami disuruh membawa beban-beban dari perhiasan kaum itu, maka kami telah melemparkannya dan demikian pula As-Sāmirī melemparkannya ",</text>
      </translation>
    </translations>
    <rules>[{"start": 56, "end": 59, "rule_id": 0}, {"start": 63, "end": 66, "rule_id": 0}, {"start": 84, "end": 87, "rule_id": 0}, {"start": 80, "end": 87, "rule_id": 3}, {"start": 87, "end": 91, "rule_id": 6}]</rules>
  </verse>
  <verse>
    <verseIdArabic>٨٨</verseIdArabic>
    <verseId>88</verseId>
    <chapterId>20</chapterId>
    <textIndopak>فَأَخۡرَجَ لَهُمۡ عِجۡلٗا جَسَدٗا لَّهُۥ خُوَارٞ فَقَالُواْ هَٰذَآ إِلَٰهُكُمۡ وَإِلَٰهُ مُوسَىٰ فَنَسِيَ</textIndopak>
    <translations>
      <translation>
        <author>King Fahad Quran Complex</author>
        <text>kemudian As-Sāmirī mengeluarkan untuk mereka (dari lubang itu) anak lembu yang bertubuh dan bersuara , maka mereka berkata, "Inilah Tuhan-mu dan Tuhan Musa, tetapi Musa telah lupa".</text>
      </translation>
    </translations>
    <rules>[{"start": 20, "end": 22, "rule_id": 1}, {"start": 30, "end": 37, "rule_id": 5}, {"start": 46, "end": 51, "rule_id": 6}]</rules>
  </verse>
  <verse>
    <verseIdArabic>٨٩</verseIdArabic>
    <verseId>89</verseId>
    <chapterId>20</chapterId>
    <textIndopak>أَفَلَا يَرَوۡنَ أَلَّا يَرۡجِعُ إِلَيۡهِمۡ قَوۡلٗا وَلَا يَمۡلِكُ لَهُمۡ ضَرّٗا وَلَا نَفۡعٗا</textIndopak>
    <translations>
      <translation>
        <author>King Fahad Quran Complex</author>
        <text>Maka apakah mereka tidak memperhatikan bahwa patung anak lembu itu tidak dapat memberi jawaban kepada mereka dan tidak dapat memberi kemudaratan kepada mereka dan tidak (pula) kemanfaatan?</text>
      </translation>
    </translations>
    <rules>[{"start": 48, "end": 54, "rule_id": 3}, {"start": 76, "end": 83, "rule_id": 3}]</rules>
  </verse>
  <verse>
    <verseIdArabic>٩٠</verseIdArabic>
    <verseId>90</verseId>
    <chapterId>20</chapterId>
    <textIndopak>وَلَقَدۡ قَالَ لَهُمۡ هَٰرُونُ مِن قَبۡلُ يَٰقَوۡمِ إِنَّمَا فُتِنتُم بِهِۦۖ وَإِنَّ رَبَّكُمُ ٱلرَّحۡمَٰنُ فَٱتَّبِعُونِي وَأَطِيعُوٓاْ أَمۡرِي</textIndopak>
    <translations>
      <translation>
        <author>King Fahad Quran Complex</author>
        <text>Dan sesungguhnya Hārūn telah berkata kepada mereka sebelumnya, "Hai kaumku, sesungguhnya kamu hanya diberi cobaan dengan anak lembu itu dan sesungguhnya Tuhan-mu ialah (Tuhan) Yang Maha Pemurah, maka ikutilah aku dan taatilah perintahku".</text>
      </translation>
    </translations>
    <rules>[{"start": 54, "end": 57, "rule_id": 0}, {"start": 82, "end": 85, "rule_id": 0}, {"start": 6, "end": 8, "rule_id": 1}, {"start": 37, "end": 39, "rule_id": 1}, {"start": 33, "end": 37, "rule_id": 6}, {"start": 65, "end": 68, "rule_id": 6}, {"start": 68, "end": 72, "rule_id": 7}]</rules>
  </verse>
  <verse>
    <verseIdArabic>٩١</verseIdArabic>
    <verseId>91</verseId>
    <chapterId>20</chapterId>
    <textIndopak>قَالُواْ لَن نَّبۡرَحَ عَلَيۡهِ عَٰكِفِينَ حَتَّىٰ يَرۡجِعَ إِلَيۡنَا مُوسَىٰ</textIndopak>
    <translations>
      <translation>
        <author>King Fahad Quran Complex</author>
        <text>Mereka menjawab, "Kami akan tetap menyembah patung anak lembu ini hingga Musa kembali kepada kami".</text>
      </translation>
    </translations>
    <rules>[{"start": 13, "end": 16, "rule_id": 0}, {"start": 16, "end": 18, "rule_id": 1}, {"start": 11, "end": 16, "rule_id": 3}]</rules>
  </verse>
  <verse>
    <verseIdArabic>٩٢</verseIdArabic>
    <verseId>92</verseId>
    <chapterId>20</chapterId>
    <textIndopak>قَالَ يَٰهَٰرُونُ مَا مَنَعَكَ إِذۡ رَأَيۡتَهُمۡ ضَلُّوٓاْ</textIndopak>
    <translations>
      <translation>
        <author>King Fahad Quran Complex</author>
        <text>Berkata Musa, "Hai Hārūn, apa yang menghalangi kamu ketika kamu melihat mereka telah sesat,</text>
      </translation>
    </translations>
  </verse>
  <verse>
    <verseIdArabic>٩٣</verseIdArabic>
    <verseId>93</verseId>
    <chapterId>20</chapterId>
    <textIndopak>أَلَّا تَتَّبِعَنِۖ أَفَعَصَيۡتَ أَمۡرِي</textIndopak>
    <translations>
      <translation>
        <author>King Fahad Quran Complex</author>
        <text>(sehingga) kamu tidak mengikuti aku? Maka apakah kamu telah (sengaja) mendurhakai perintahku?"</text>
      </translation>
    </translations>
  </verse>
  <verse>
    <verseIdArabic>٩٤</verseIdArabic>
    <verseId>94</verseId>
    <chapterId>20</chapterId>
    <textIndopak>قَالَ يَبۡنَؤُمَّ لَا تَأۡخُذۡ بِلِحۡيَتِي وَلَا بِرَأۡسِيٓۖ إِنِّي خَشِيتُ أَن تَقُولَ فَرَّقۡتَ بَيۡنَ بَنِيٓ إِسۡرَٰٓءِيلَ وَلَمۡ تَرۡقُبۡ قَوۡلِي</textIndopak>
    <translations>
      <translation>
        <author>King Fahad Quran Complex</author>
        <text>Hārūn menjawab, "Hai putra ibuku, janganlah kamu pegang janggutku dan jangan (pula) kepalaku; sesungguhnya aku khawatir bahwa kamu akan berkata (kepadaku), "Kamu telah memecah antara Bani Isrā`īl dan kamu tidak memelihara amanatku".</text>
      </translation>
    </translations>
    <rules>[{"start": 14, "end": 17, "rule_id": 0}, {"start": 64, "end": 67, "rule_id": 0}, {"start": 8, "end": 10, "rule_id": 1}, {"start": 94, "end": 96, "rule_id": 1}, {"start": 140, "end": 142, "rule_id": 1}, {"start": 79, "end": 83, "rule_id": 6}]</rules>
  </verse>
  <verse>
    <verseIdArabic>٩٥</verseIdArabic>
    <verseId>95</verseId>
    <chapterId>20</chapterId>
    <textIndopak>قَالَ فَمَا خَطۡبُكَ يَٰسَٰمِرِيُّ</textIndopak>
    <translations>
      <translation>
        <author>King Fahad Quran Complex</author>
        <text>Berkata Musa, "Apakah yang mendorongmu (berbuat demikian) hai As-Sāmirī ?"</text>
      </translation>
    </translations>
    <rules>[{"start": 14, "end": 16, "rule_id": 1}]</rules>
  </verse>
  <verse>
    <verseIdArabic>٩٦</verseIdArabic>
    <verseId>96</verseId>
    <chapterId>20</chapterId>
    <textIndopak>قَالَ بَصُرۡتُ بِمَا لَمۡ يَبۡصُرُواْ بِهِۦ فَقَبَضۡتُ قَبۡضَةٗ مِّنۡ أَثَرِ ٱلرَّسُولِ فَنَبَذۡتُهَا وَكَذَٰلِكَ سَوَّلَتۡ لِي نَفۡسِي</textIndopak>
    <translations>
      <translation>
        <author>King Fahad Quran Complex</author>
        <text>As-Sāmirī menjawab, "Aku mengetahui sesuatu yang mereka tidak mengetahuinya, maka aku ambil segenggam dari jejak rasul , lalu aku melemparkannya dan demikianlah nafsuku membujukku".</text>
      </translation>
    </translations>
    <rules>[{"start": 64, "end": 67, "rule_id": 0}, {"start": 28, "end": 30, "rule_id": 1}, {"start": 57, "end": 59, "rule_id": 1}, {"start": 61, "end": 67, "rule_id": 3}]</rules>
  </verse>
  <verse>
    <verseIdArabic>٩٧</verseIdArabic>
    <verseId>97</verseId>
    <chapterId>20</chapterId>
    <textIndopak>قَالَ فَٱذۡهَبۡ فَإِنَّ لَكَ فِي ٱلۡحَيَوٰةِ أَن تَقُولَ لَا مِسَاسَۖ وَإِنَّ لَكَ مَوۡعِدٗا لَّن تُخۡلَفَهُۥۖ وَٱنظُرۡ إِلَىٰٓ إِلَٰهِكَ ٱلَّذِي ظَلۡتَ عَلَيۡهِ عَاكِفٗاۖ لَّنُحَرِّقَنَّهُۥ ثُمَّ لَنَنسِفَنَّهُۥ فِي ٱلۡيَمِّ نَسۡفًا</textIndopak>
    <translations>
      <translation>
        <author>King Fahad Quran Complex</author>
        <text>Berkata Musa, "Pergilah kamu, maka sesungguhnya bagimu di dalam kehidupan di dunia ini (hanya dapat) mengatakan, "Janganlah menyentuh (aku) ". Dan sesungguhnya bagimu hukuman (di akhirat) yang kamu sekali-kali tidak dapat menghindarinya, dan lihatlah Tuhan-mu itu yang kamu tetap menyembahnya. Sesungguhnya kami akan membakarnya, kemudian kami sungguh-sungguh akan menghamburkannya ke dalam laut (berupa abu yang berserakan).</text>
      </translation>
    </translations>
    <rules>[{"start": 20, "end": 23, "rule_id": 0}, {"start": 75, "end": 78, "rule_id": 0}, {"start": 187, "end": 190, "rule_id": 0}, {"start": 196, "end": 199, "rule_id": 0}, {"start": 209, "end": 212, "rule_id": 0}, {"start": 225, "end": 228, "rule_id": 0}, {"start": 13, "end": 15, "rule_id": 1}, {"start": 90, "end": 97, "rule_id": 5}, {"start": 169, "end": 178, "rule_id": 5}, {"start": 47, "end": 51, "rule_id": 6}, {"start": 97, "end": 101, "rule_id": 6}, {"start": 116, "end": 119, "rule_id": 6}, {"start": 204, "end": 207, "rule_id": 6}]</rules>
  </verse>
  <verse>
    <verseIdArabic>٩٨</verseIdArabic>
    <verseId>98</verseId>
    <chapterId>20</chapterId>
    <textIndopak>إِنَّمَآ إِلَٰهُكُمُ ٱللَّهُ ٱلَّذِي لَآ إِلَٰهَ إِلَّا هُوَۚ وَسِعَ كُلَّ شَيۡءٍ عِلۡمٗا</textIndopak>
    <translations>
      <translation>
        <author>King Fahad Quran Complex</author>
        <text>Sesungguhnya Tuhan-mu hanyalah Allah yang tidak ada Tuhan (yang berhak disembah) selain Dia. Pengetahuan-Nya meliputi segala sesuatu".</text>
      </translation>
    </translations>
    <rules>[{"start": 2, "end": 5, "rule_id": 0}]</rules>
  </verse>
  <verse>
    <verseIdArabic>٩٩</verseIdArabic>
    <verseId>99</verseId>
    <chapterId>20</chapterId>
    <textIndopak>كَذَٰلِكَ نَقُصُّ عَلَيۡكَ مِنۡ أَنۢبَآءِ مَا قَدۡ سَبَقَۚ وَقَدۡ ءَاتَيۡنَٰكَ مِن لَّدُنَّا ذِكۡرٗا</textIndopak>
    <translations>
      <translation>
        <author>King Fahad Quran Complex</author>
        <text>Demikianlah kami kisahkan kepadamu (Muhammad) sebagian kisah umat yang telah lalu, dan sesungguhnya telah Kami berikan kepadamu dari sisi Kami suatu peringatan (Al-Qur`ān).</text>
      </translation>
    </translations>
    <rules>[{"start": 90, "end": 93, "rule_id": 0}, {"start": 49, "end": 51, "rule_id": 1}, {"start": 65, "end": 67, "rule_id": 1}, {"start": 34, "end": 38, "rule_id": 2}, {"start": 83, "end": 88, "rule_id": 5}]</rules>
  </verse>
  <verse>
    <verseIdArabic>١٠٠</verseIdArabic>
    <verseId>100</verseId>
    <chapterId>20</chapterId>
    <textIndopak>مَّنۡ أَعۡرَضَ عَنۡهُ فَإِنَّهُۥ يَحۡمِلُ يَوۡمَ ٱلۡقِيَٰمَةِ وِزۡرًا</textIndopak>
    <translations>
      <translation>
        <author>King Fahad Quran Complex</author>
        <text>Barang siapa berpaling dari pada Al-Qur`ān , maka sesungguhnya ia akan memikul dosa yang besar di hari kiamat,</text>
      </translation>
    </translations>
    <rules>[{"start": 0, "end": 3, "rule_id": 0}, {"start": 26, "end": 29, "rule_id": 0}]</rules>
  </verse>
  <verse>
    <verseIdArabic>١٠١</verseIdArabic>
    <verseId>101</verseId>
    <chapterId>20</chapterId>
    <textIndopak>خَٰلِدِينَ فِيهِۖ وَسَآءَ لَهُمۡ يَوۡمَ ٱلۡقِيَٰمَةِ حِمۡلٗا</textIndopak>
    <translations>
      <translation>
        <author>King Fahad Quran Complex</author>
        <text>mereka kekal di dalam keadaan itu. Dan amat buruklah dosa itu sebagai beban bagi mereka di hari kiamat,</text>
      </translation>
    </translations>
  </verse>
  <verse>
    <verseIdArabic>١٠٢</verseIdArabic>
    <verseId>102</verseId>
    <chapterId>20</chapterId>
    <textIndopak>يَوۡمَ يُنفَخُ فِي ٱلصُّورِۚ وَنَحۡشُرُ ٱلۡمُجۡرِمِينَ يَوۡمَئِذٖ زُرۡقٗا</textIndopak>
    <translations>
      <translation>
        <author>King Fahad Quran Complex</author>
        <text>(yaitu) di hari (yang di waktu itu) ditiup sangkakala dan Kami akan mengumpulkan pada hari itu orang-orang yang berdosa dengan muka yang biru muram;</text>
      </translation>
    </translations>
    <rules>[{"start": 46, "end": 48, "rule_id": 1}, {"start": 9, "end": 12, "rule_id": 6}, {"start": 64, "end": 69, "rule_id": 6}]</rules>
  </verse>
  <verse>
    <verseIdArabic>١٠٣</verseIdArabic>
    <verseId>103</verseId>
    <chapterId>20</chapterId>
    <textIndopak>يَتَخَٰفَتُونَ بَيۡنَهُمۡ إِن لَّبِثۡتُمۡ إِلَّا عَشۡرٗا</textIndopak>
    <translations>
      <translation>
        <author>King Fahad Quran Complex</author>
        <text>mereka berbisik-bisik di antara mereka, "Kamu tidak berdiam (di dunia), melainkan hanyalah sepuluh (hari)"</text>
      </translation>
    </translations>
    <rules>[{"start": 28, "end": 33, "rule_id": 5}]</rules>
  </verse>
  <verse>
    <verseIdArabic>١٠٤</verseIdArabic>
    <verseId>104</verseId>
    <chapterId>20</chapterId>
    <textIndopak>نَّحۡنُ أَعۡلَمُ بِمَا يَقُولُونَ إِذۡ يَقُولُ أَمۡثَلُهُمۡ طَرِيقَةً إِن لَّبِثۡتُمۡ إِلَّا يَوۡمٗا</textIndopak>
    <translations>
      <translation>
        <author>King Fahad Quran Complex</author>
        <text>Kami lebih mengetahui apa yang mereka katakan ketika berkata orang yang paling lurus jalannya di antara mereka, "Kamu tidak berdiam (di dunia), melainkan hanyalah sehari saja".</text>
      </translation>
    </translations>
    <rules>[{"start": 0, "end": 3, "rule_id": 0}, {"start": 72, "end": 77, "rule_id": 5}]</rules>
  </verse>
  <verse>
    <verseIdArabic>١٠٥</verseIdArabic>
    <verseId>105</verseId>
    <chapterId>20</chapterId>
    <textIndopak>وَيَسۡـَٔلُونَكَ عَنِ ٱلۡجِبَالِ فَقُلۡ يَنسِفُهَا رَبِّي نَسۡفٗا</textIndopak>
    <translations>
      <translation>
        <author>King Fahad Quran Complex</author>
        <text>Dan mereka bertanya kepadamu tentang gunung-gunung, maka katakanlah, "Tuhan-ku akan menghancurkannya (di hari kiamat) sehancur-hancurnya,</text>
      </translation>
    </translations>
    <rules>[{"start": 42, "end": 45, "rule_id": 6}]</rules>
  </verse>
  <verse>
    <verseIdArabic>١٠٦</verseIdArabic>
    <verseId>106</verseId>
    <chapterId>20</chapterId>
    <textIndopak>فَيَذَرُهَا قَاعٗا صَفۡصَفٗا</textIndopak>
    <translations>
      <translation>
        <author>King Fahad Quran Complex</author>
        <text>maka Dia akan menjadikan (bekas) gunung-gunung itu datar sama sekali,</text>
      </translation>
    </translations>
  </verse>
  <verse>
    <verseIdArabic>١٠٧</verseIdArabic>
    <verseId>107</verseId>
    <chapterId>20</chapterId>
    <textIndopak>لَّا تَرَىٰ فِيهَا عِوَجٗا وَلَآ أَمۡتٗا</textIndopak>
    <translations>
      <translation>
        <author>King Fahad Quran Complex</author>
        <text>tidak ada sedikit pun kamu lihat padanya tempat yang rendah dan yang tinggi-tinggi.</text>
      </translation>
    </translations>
    <rules>[{"start": 23, "end": 29, "rule_id": 3}]</rules>
  </verse>
  <verse>
    <verseIdArabic>١٠٨</verseIdArabic>
    <verseId>108</verseId>
    <chapterId>20</chapterId>
    <textIndopak>يَوۡمَئِذٖ يَتَّبِعُونَ ٱلدَّاعِيَ لَا عِوَجَ لَهُۥۖ وَخَشَعَتِ ٱلۡأَصۡوَاتُ لِلرَّحۡمَٰنِ فَلَا تَسۡمَعُ إِلَّا هَمۡسٗا</textIndopak>
    <translations>
      <translation>
        <author>King Fahad Quran Complex</author>
        <text>Pada hari itu, manusia mengikuti (menuju kepada suara) penyeru dengan tidak berbelok-belok dan merendahlah semua suara kepada Tuhan Yang Maha Pemurah, maka kamu tidak mendengar, kecuali bisikan saja.</text>
      </translation>
    </translations>
    <rules>[{"start": 8, "end": 13, "rule_id": 3}]</rules>
  </verse>
  <verse>
    <verseIdArabic>١٠٩</verseIdArabic>
    <verseId>109</verseId>
    <chapterId>20</chapterId>
    <textIndopak>يَوۡمَئِذٖ لَّا تَنفَعُ ٱلشَّفَٰعَةُ إِلَّا مَنۡ أَذِنَ لَهُ ٱلرَّحۡمَٰنُ وَرَضِيَ لَهُۥ قَوۡلٗا</textIndopak>
    <translations>
      <translation>
        <author>King Fahad Quran Complex</author>
        <text>Pada hari itu tidak berguna syafaat , kecuali (syafaat) orang yang Allah Maha Pemurah telah memberi izin kepadanya dan Dia telah meridai perkataannya.</text>
      </translation>
    </translations>
    <rules>[{"start": 8, "end": 14, "rule_id": 5}, {"start": 18, "end": 21, "rule_id": 6}]</rules>
  </verse>
  <verse>
    <verseIdArabic>١١٠</verseIdArabic>
    <verseId>110</verseId>
    <chapterId>20</chapterId>
    <textIndopak>يَعۡلَمُ مَا بَيۡنَ أَيۡدِيهِمۡ وَمَا خَلۡفَهُمۡ وَلَا يُحِيطُونَ بِهِۦ عِلۡمٗا</textIndopak>
    <translations>
      <translation>
        <author>King Fahad Quran Complex</author>
        <text>Dia mengetahui apa yang ada di hadapan mereka dan apa yang ada di belakang mereka, sedang ilmu mereka tidak dapat meliputi ilmu-Nya.</text>
      </translation>
    </translations>
  </verse>
  <verse>
    <verseIdArabic>١١١</verseIdArabic>
    <verseId>111</verseId>
    <chapterId>20</chapterId>
    <textIndopak>۞ وَعَنَتِ ٱلۡوُجُوهُ لِلۡحَيِّ ٱلۡقَيُّومِۖ وَقَدۡ خَابَ مَنۡ حَمَلَ ظُلۡمٗا</textIndopak>
    <translations>
      <translation>
        <author>King Fahad Quran Complex</author>
        <text>Dan tunduklah semua muka (dengan berendah diri) kepada Tuhan Yang Hidup Kekal lagi senantiasa mengurus (makhluk-Nya). Dan sesungguhnya telah merugilah orang yang melakukan kezaliman.</text>
      </translation>
    </translations>
    <rules>[{"start": 50, "end": 52, "rule_id": 1}]</rules>
  </verse>
  <verse>
    <verseIdArabic>١١٢</verseIdArabic>
    <verseId>112</verseId>
    <chapterId>20</chapterId>
    <textIndopak>وَمَن يَعۡمَلۡ مِنَ ٱلصَّٰلِحَٰتِ وَهُوَ مُؤۡمِنٞ فَلَا يَخَافُ ظُلۡمٗا وَلَا هَضۡمٗا</textIndopak>
    <translations>
      <translation>
        <author>King Fahad Quran Complex</author>
        <text>Dan barang siapa mengerjakan amal-amal yang saleh dan ia dalam keadaan beriman, maka ia tidak khawatir akan perlakuan yang tidak adil (terhadapnya) dan tidak (pula) akan pengurangan haknya.</text>
      </translation>
    </translations>
    <rules>[{"start": 4, "end": 8, "rule_id": 3}, {"start": 68, "end": 74, "rule_id": 3}, {"start": 47, "end": 52, "rule_id": 6}]</rules>
  </verse>
  <verse>
    <verseIdArabic>١١٣</verseIdArabic>
    <verseId>113</verseId>
    <chapterId>20</chapterId>
    <textIndopak>وَكَذَٰلِكَ أَنزَلۡنَٰهُ قُرۡءَانًا عَرَبِيّٗا وَصَرَّفۡنَا فِيهِ مِنَ ٱلۡوَعِيدِ لَعَلَّهُمۡ يَتَّقُونَ أَوۡ يُحۡدِثُ لَهُمۡ ذِكۡرٗا</textIndopak>
    <translations>
      <translation>
        <author>King Fahad Quran Complex</author>
        <text>Dan demikianlah Kami menurunkan Al-Qur`ān dalam bahasa Arab dan Kami telah menerangkan dengan berulang kali di dalamnya, sebagian dari ancaman agar mereka bertakwa atau (agar) Al-Qur`ān itu menimbulkan pengajaran bagi mereka.</text>
      </translation>
    </translations>
    <rules>[{"start": 42, "end": 49, "rule_id": 3}, {"start": 14, "end": 17, "rule_id": 6}]</rules>
  </verse>
  <verse>
    <verseIdArabic>١١٤</verseIdArabic>
    <verseId>114</verseId>
    <chapterId>20</chapterId>
    <textIndopak>فَتَعَٰلَى ٱللَّهُ ٱلۡمَلِكُ ٱلۡحَقُّۗ وَلَا تَعۡجَلۡ بِٱلۡقُرۡءَانِ مِن قَبۡلِ أَن يُقۡضَىٰٓ إِلَيۡكَ وَحۡيُهُۥۖ وَقُل رَّبِّ زِدۡنِي عِلۡمٗا</textIndopak>
    <translations>
      <translation>
        <author>King Fahad Quran Complex</author>
        <text>Maka Maha Tinggi Allah, Raja Yang sebenar-benarnya; dan janganlah kamu tergesa-gesa membaca Al-Qur`ān sebelum disempurnakan mewahyukannya kepadamu, dan katakanlah, "Ya Tuhan-ku, tambahkanlah kepadaku ilmu pengetahuan."</text>
      </translation>
    </translations>
    <rules>[{"start": 76, "end": 78, "rule_id": 1}, {"start": 87, "end": 89, "rule_id": 1}, {"start": 131, "end": 133, "rule_id": 1}, {"start": 83, "end": 87, "rule_id": 3}, {"start": 72, "end": 76, "rule_id": 6}]</rules>
  </verse>
  <verse>
    <verseIdArabic>١١٥</verseIdArabic>
    <verseId>115</verseId>
    <chapterId>20</chapterId>
    <textIndopak>وَلَقَدۡ عَهِدۡنَآ إِلَىٰٓ ءَادَمَ مِن قَبۡلُ فَنَسِيَ وَلَمۡ نَجِدۡ لَهُۥ عَزۡمٗا</textIndopak>
    <translations>
      <translation>
        <author>King Fahad Quran Complex</author>
        <text>Dan sesungguhnya telah Kami perintahkan kepada Adam dahulu, maka ia lupa (akan perintah itu) dan tidak Kami dapati padanya kemauan yang kuat.</text>
      </translation>
    </translations>
    <rules>[{"start": 6, "end": 8, "rule_id": 1}, {"start": 13, "end": 15, "rule_id": 1}, {"start": 42, "end": 44, "rule_id": 1}, {"start": 67, "end": 69, "rule_id": 1}, {"start": 38, "end": 42, "rule_id": 6}]</rules>
  </verse>
  <verse>
    <verseIdArabic>١١٦</verseIdArabic>
    <verseId>116</verseId>
    <chapterId>20</chapterId>
    <textIndopak>وَإِذۡ قُلۡنَا لِلۡمَلَٰٓئِكَةِ ٱسۡجُدُواْ لِأٓدَمَ فَسَجَدُوٓاْ إِلَّآ إِبۡلِيسَ أَبَىٰ</textIndopak>
    <translations>
      <translation>
        <author>King Fahad Quran Complex</author>
        <text>Dan (ingatlah) ketika Kami berkata kepada malaikat, "Sujudlah kamu kepada Adam", maka mereka sujud kecuali iblis. Ia membangkang.</text>
      </translation>
    </translations>
    <rules>[{"start": 76, "end": 78, "rule_id": 1}]</rules>
  </verse>
  <verse>
    <verseIdArabic>١١٧</verseIdArabic>
    <verseId>117</verseId>
    <chapterId>20</chapterId>
    <textIndopak>فَقُلۡنَا يَٰٓـَٔادَمُ إِنَّ هَٰذَا عَدُوّٞ لَّكَ وَلِزَوۡجِكَ فَلَا يُخۡرِجَنَّكُمَا مِنَ ٱلۡجَنَّةِ فَتَشۡقَىٰٓ</textIndopak>
    <translations>
      <translation>
        <author>King Fahad Quran Complex</author>
        <text>Maka Kami berkata, "Hai Adam, sesungguhnya ini (iblis) adalah musuh bagimu dan bagi istrimu, maka sekali-kali janganlah sampai ia mengeluarkan kamu berdua dari surga yang menyebabkan kamu menjadi celaka.</text>
      </translation>
    </translations>
    <rules>[{"start": 25, "end": 28, "rule_id": 0}, {"start": 77, "end": 80, "rule_id": 0}, {"start": 96, "end": 99, "rule_id": 0}, {"start": 40, "end": 47, "rule_id": 5}]</rules>
  </verse>
  <verse>
    <verseIdArabic>١١٨</verseIdArabic>
    <verseId>118</verseId>
    <chapterId>20</chapterId>
    <textIndopak>إِنَّ لَكَ أَلَّا تَجُوعَ فِيهَا وَلَا تَعۡرَىٰ</textIndopak>
    <translations>
      <translation>
        <author>King Fahad Quran Complex</author>
        <text>Sesungguhnya kamu tidak akan kelaparan di dalamnya dan tidak akan telanjang,</text>
      </translation>
    </translations>
    <rules>[{"start": 2, "end": 5, "rule_id": 0}]</rules>
  </verse>
  <verse>
    <verseIdArabic>١١٩</verseIdArabic>
    <verseId>119</verseId>
    <chapterId>20</chapterId>
    <textIndopak>وَأَنَّكَ لَا تَظۡمَؤُاْ فِيهَا وَلَا تَضۡحَىٰ</textIndopak>
    <translations>
      <translation>
        <author>King Fahad Quran Complex</author>
        <text>dan sesungguhnya kamu tidak akan merasa dahaga dan tidak (pula) akan ditimpa panas matahari di dalamnya".</text>
      </translation>
    </translations>
    <rules>[{"start": 4, "end": 7, "rule_id": 0}]</rules>
  </verse>
  <verse>
    <verseIdArabic>١٢٠</verseIdArabic>
    <verseId>120</verseId>
    <chapterId>20</chapterId>
    <textIndopak>فَوَسۡوَسَ إِلَيۡهِ ٱلشَّيۡطَٰنُ قَالَ يَٰٓـَٔادَمُ هَلۡ أَدُلُّكَ عَلَىٰ شَجَرَةِ ٱلۡخُلۡدِ وَمُلۡكٖ لَّا يَبۡلَىٰ</textIndopak>
    <translations>
      <translation>
        <author>King Fahad Quran Complex</author>
        <text>Kemudian, setan membisikkan pikiran jahat kepadanya dengan berkata, "Hai Adam, maukah saya tunjukkan kepadamu pohon khuldi dan kerajaan yang tidak akan binasa?"</text>
      </translation>
    </translations>
    <rules>[{"start": 109, "end": 111, "rule_id": 1}, {"start": 99, "end": 105, "rule_id": 5}]</rules>
  </verse>
  <verse>
    <verseIdArabic>١٢١</verseIdArabic>
    <verseId>121</verseId>
    <chapterId>20</chapterId>
    <textIndopak>فَأَكَلَا مِنۡهَا فَبَدَتۡ لَهُمَا سَوۡءَٰتُهُمَا وَطَفِقَا يَخۡصِفَانِ عَلَيۡهِمَا مِن وَرَقِ ٱلۡجَنَّةِۚ وَعَصَىٰٓ ءَادَمُ رَبَّهُۥ فَغَوَىٰ</textIndopak>
    <translations>
      <translation>
        <author>King Fahad Quran Complex</author>
        <text>Maka keduanya memakan dari buah pohon itu, lalu tampaklah bagi keduanya aurat-auratnya dan mulailah keduanya menutupinya dengan daun-daun (yang ada di) surga dan durhakalah Adam kepada Tuhan dan sesatlah ia .</text>
      </translation>
    </translations>
    <rules>[{"start": 100, "end": 103, "rule_id": 0}, {"start": 86, "end": 90, "rule_id": 3}]</rules>
  </verse>
  <verse>
    <verseIdArabic>١٢٢</verseIdArabic>
    <verseId>122</verseId>
    <chapterId>20</chapterId>
    <textIndopak>ثُمَّ ٱجۡتَبَٰهُ رَبُّهُۥ فَتَابَ عَلَيۡهِ وَهَدَىٰ</textIndopak>
    <translations>
      <translation>
        <author>King Fahad Quran Complex</author>
        <text>Kemudian, Tuhan-nya memilihnya, maka Dia menerima tobatnya dan memberinya petunjuk.</text>
      </translation>
    </translations>
    <rules>[{"start": 2, "end": 5, "rule_id": 0}, {"start": 7, "end": 9, "rule_id": 1}]</rules>
  </verse>
  <verse>
    <verseIdArabic>١٢٣</verseIdArabic>
    <verseId>123</verseId>
    <chapterId>20</chapterId>
    <textIndopak>قَالَ ٱهۡبِطَا مِنۡهَا جَمِيعَۢاۖ بَعۡضُكُمۡ لِبَعۡضٍ عَدُوّٞۖ فَإِمَّا يَأۡتِيَنَّكُم مِّنِّي هُدٗى فَمَنِ ٱتَّبَعَ هُدَايَ فَلَا يَضِلُّ وَلَا يَشۡقَىٰ</textIndopak>
    <translations>
      <translation>
        <author>King Fahad Quran Complex</author>
        <text>Allah berfirman, "Turunlah kamu berdua dari surga bersama-sama, sebagian kamu menjadi musuh bagi sebagian yang lain. Maka jika datang kepadamu petunjuk daripada-Ku, lalu barang siapa yang mengikut petunjuk-Ku, ia tidak akan sesat dan tidak akan celaka.</text>
      </translation>
    </translations>
    <rules>[{"start": 69, "end": 72, "rule_id": 0}, {"start": 82, "end": 85, "rule_id": 0}, {"start": 89, "end": 92, "rule_id": 0}, {"start": 92, "end": 95, "rule_id": 0}, {"start": 87, "end": 92, "rule_id": 4}]</rules>
  </verse>
  <verse>
    <verseIdArabic>١٢٤</verseIdArabic>
    <verseId>124</verseId>
    <chapterId>20</chapterId>
    <textIndopak>وَمَنۡ أَعۡرَضَ عَن ذِكۡرِي فَإِنَّ لَهُۥ مَعِيشَةٗ ضَنكٗا وَنَحۡشُرُهُۥ يَوۡمَ ٱلۡقِيَٰمَةِ أَعۡمَىٰ</textIndopak>
    <translations>
      <translation>
        <author>King Fahad Quran Complex</author>
        <text>Dan barang siapa berpaling dari peringatan-Ku, maka sesungguhnya baginya penghidupan yang sempit dan Kami akan menghimpunkannya pada hari kiamat dalam keadaan buta".</text>
      </translation>
    </translations>
    <rules>[{"start": 32, "end": 35, "rule_id": 0}, {"start": 55, "end": 61, "rule_id": 3}, {"start": 18, "end": 22, "rule_id": 6}, {"start": 54, "end": 57, "rule_id": 6}, {"start": 49, "end": 54, "rule_id": 6}]</rules>
  </verse>
  <verse>
    <verseIdArabic>١٢٥</verseIdArabic>
    <verseId>125</verseId>
    <chapterId>20</chapterId>
    <textIndopak>قَالَ رَبِّ لِمَ حَشَرۡتَنِيٓ أَعۡمَىٰ وَقَدۡ كُنتُ بَصِيرٗا</textIndopak>
    <translations>
      <translation>
        <author>King Fahad Quran Complex</author>
        <text>Berkatalah ia, "Ya Tuhan-ku, mengapa Engkau menghimpunkan aku dalam keadaan buta, padahal aku dahulunya adalah seorang yang melihat?"</text>
      </translation>
    </translations>
    <rules>[{"start": 43, "end": 45, "rule_id": 1}, {"start": 48, "end": 51, "rule_id": 6}]</rules>
  </verse>
  <verse>
    <verseIdArabic>١٢٦</verseIdArabic>
    <verseId>126</verseId>
    <chapterId>20</chapterId>
    <textIndopak>قَالَ كَذَٰلِكَ أَتَتۡكَ ءَايَٰتُنَا فَنَسِيتَهَاۖ وَكَذَٰلِكَ ٱلۡيَوۡمَ تُنسَىٰ</textIndopak>
    <translations>
      <translation>
        <author>King Fahad Quran Complex</author>
        <text>Allah berfirman, "Demikianlah, telah datang kepadamu ayat-ayat Kami, maka kamu melupakannya dan begitu (pula) pada hari ini kamu pun dilupakan".</text>
      </translation>
    </translations>
    <rules>[{"start": 76, "end": 79, "rule_id": 6}]</rules>
  </verse>
  <verse>
    <verseIdArabic>١٢٧</verseIdArabic>
    <verseId>127</verseId>
    <chapterId>20</chapterId>
    <textIndopak>وَكَذَٰلِكَ نَجۡزِي مَنۡ أَسۡرَفَ وَلَمۡ يُؤۡمِنۢ بِـَٔايَٰتِ رَبِّهِۦۚ وَلَعَذَابُ ٱلۡأٓخِرَةِ أَشَدُّ وَأَبۡقَىٰٓ</textIndopak>
    <translations>
      <translation>
        <author>King Fahad Quran Complex</author>
        <text>Dan demikianlah Kami membalas orang yang melampaui batas dan tidak percaya kepada ayat-ayat Tuhan-nya. Dan sesungguhnya azab di akhirat itu lebih berat dan lebih kekal.</text>
      </translation>
    </translations>
    <rules>[{"start": 14, "end": 16, "rule_id": 1}, {"start": 110, "end": 112, "rule_id": 1}, {"start": 47, "end": 52, "rule_id": 2}]</rules>
  </verse>
  <verse>
    <verseIdArabic>١٢٨</verseIdArabic>
    <verseId>128</verseId>
    <chapterId>20</chapterId>
    <textIndopak>أَفَلَمۡ يَهۡدِ لَهُمۡ كَمۡ أَهۡلَكۡنَا قَبۡلَهُم مِّنَ ٱلۡقُرُونِ يَمۡشُونَ فِي مَسَٰكِنِهِمۡۚ إِنَّ فِي ذَٰلِكَ لَأٓيَٰتٖ لِّأُوْلِي ٱلنُّهَىٰ</textIndopak>
    <translations>
      <translation>
        <author>King Fahad Quran Complex</author>
        <text>Maka tidakkah menjadi petunjuk bagi mereka (kaum musyrikin) berapa banyaknya Kami membinasakan umat-umat sebelum mereka, padahal mereka berjalan (di bekas-bekas) tempat tinggal umat-umat itu? Sesungguhnya pada yang demikian itu terdapat tanda-tanda bagi orang yang berakal.</text>
      </translation>
    </translations>
    <rules>[{"start": 50, "end": 53, "rule_id": 0}, {"start": 99, "end": 102, "rule_id": 0}, {"start": 139, "end": 142, "rule_id": 0}, {"start": 42, "end": 44, "rule_id": 1}, {"start": 48, "end": 53, "rule_id": 4}, {"start": 123, "end": 129, "rule_id": 5}]</rules>
  </verse>
  <verse>
    <verseIdArabic>١٢٩</verseIdArabic>
    <verseId>129</verseId>
    <chapterId>20</chapterId>
    <textIndopak>وَلَوۡلَا كَلِمَةٞ سَبَقَتۡ مِن رَّبِّكَ لَكَانَ لِزَامٗا وَأَجَلٞ مُّسَمّٗى</textIndopak>
    <translations>
      <translation>
        <author>King Fahad Quran Complex</author>
        <text>Dan sekiranya tidak ada suatu ketetapan dari Allah yang telah terdahulu atau tidak ada ajal yang telah ditentukan, pasti (azab itu) menimpa mereka.</text>
      </translation>
    </translations>
    <rules>[{"start": 67, "end": 70, "rule_id": 0}, {"start": 72, "end": 75, "rule_id": 0}, {"start": 54, "end": 60, "rule_id": 3}, {"start": 64, "end": 70, "rule_id": 3}, {"start": 30, "end": 35, "rule_id": 5}, {"start": 16, "end": 21, "rule_id": 6}]</rules>
  </verse>
  <verse>
    <verseIdArabic>١٣٠</verseIdArabic>
    <verseId>130</verseId>
    <chapterId>20</chapterId>
    <textIndopak>فَٱصۡبِرۡ عَلَىٰ مَا يَقُولُونَ وَسَبِّحۡ بِحَمۡدِ رَبِّكَ قَبۡلَ طُلُوعِ ٱلشَّمۡسِ وَقَبۡلَ غُرُوبِهَاۖ وَمِنۡ ءَانَآيِٕ ٱلَّيۡلِ فَسَبِّحۡ وَأَطۡرَافَ ٱلنَّهَارِ لَعَلَّكَ تَرۡضَىٰ</textIndopak>
    <translations>
      <translation>
        <author>King Fahad Quran Complex</author>
        <text>Maka sabarlah kamu atas apa yang mereka katakan dan bertasbihlah dengan memuji Tuhan-mu, sebelum terbit matahari dan sebelum terbenamnya, dan bertasbih pulalah pada waktu-waktu pada malam hari dan pada waktu-waktu pada siang hari supaya kamu merasa senang.</text>
      </translation>
    </translations>
    <rules>[{"start": 156, "end": 159, "rule_id": 0}, {"start": 61, "end": 63, "rule_id": 1}, {"start": 88, "end": 90, "rule_id": 1}, {"start": 146, "end": 148, "rule_id": 1}]</rules>
  </verse>
  <verse>
    <verseIdArabic>١٣١</verseIdArabic>
    <verseId>131</verseId>
    <chapterId>20</chapterId>
    <textIndopak>وَلَا تَمُدَّنَّ عَيۡنَيۡكَ إِلَىٰ مَا مَتَّعۡنَا بِهِۦٓ أَزۡوَٰجٗا مِّنۡهُمۡ زَهۡرَةَ ٱلۡحَيَوٰةِ ٱلدُّنۡيَا لِنَفۡتِنَهُمۡ فِيهِۚ وَرِزۡقُ رَبِّكَ خَيۡرٞ وَأَبۡقَىٰ</textIndopak>
    <translations>
      <translation>
        <author>King Fahad Quran Complex</author>
        <text>Dan janganlah kamu tujukan kedua matamu kepada apa yang telah Kami berikan kepada golongan-golongan dari mereka sebagai bunga kehidupan dunia untuk Kami cobai mereka dengannya. Dan karunia Tuhan kamu adalah lebih baik dan lebih kekal.</text>
      </translation>
    </translations>
    <rules>[{"start": 13, "end": 16, "rule_id": 0}, {"start": 68, "end": 71, "rule_id": 0}, {"start": 161, "end": 163, "rule_id": 1}, {"start": 64, "end": 71, "rule_id": 3}, {"start": 154, "end": 159, "rule_id": 3}]</rules>
  </verse>
  <verse>
    <verseIdArabic>١٣٢</verseIdArabic>
    <verseId>132</verseId>
    <chapterId>20</chapterId>
    <textIndopak>وَأۡمُرۡ أَهۡلَكَ بِٱلصَّلَوٰةِ وَٱصۡطَبِرۡ عَلَيۡهَاۖ لَا نَسۡـَٔلُكَ رِزۡقٗاۖ نَّحۡنُ نَرۡزُقُكَۗ وَٱلۡعَٰقِبَةُ لِلتَّقۡوَىٰ</textIndopak>
    <translations>
      <translation>
        <author>King Fahad Quran Complex</author>
        <text>Dan perintahkanlah kepada keluargamu mendirikan salat dan bersabarlah kamu dalam mengerjakannya. Kami tidak meminta rezeki kepadamu, Kamilah yang memberi rezeki kepadamu. Dan akibat (yang baik) itu adalah bagi orang yang bertakwa.</text>
      </translation>
    </translations>
    <rules>[{"start": 82, "end": 85, "rule_id": 0}, {"start": 124, "end": 126, "rule_id": 1}, {"start": 76, "end": 85, "rule_id": 3}]</rules>
  </verse>
  <verse>
    <verseIdArabic>١٣٣</verseIdArabic>
    <verseId>133</verseId>
    <chapterId>20</chapterId>
    <textIndopak>وَقَالُواْ لَوۡلَا يَأۡتِينَا بِـَٔايَةٖ مِّن رَّبِّهِۦٓۚ أَوَلَمۡ تَأۡتِهِم بَيِّنَةُ مَا فِي ٱلصُّحُفِ ٱلۡأُولَىٰ</textIndopak>
    <translations>
      <translation>
        <author>King Fahad Quran Complex</author>
        <text>Dan mereka berkata, "Mengapa ia tidak membawa bukti kepada kami dari Tuhan-nya?" Dan apakah belum datang kepada mereka bukti yang nyata dari apa yang tersebut di dalam kitab-kitab yang dahulu?</text>
      </translation>
    </translations>
    <rules>[{"start": 41, "end": 44, "rule_id": 0}, {"start": 38, "end": 44, "rule_id": 3}, {"start": 44, "end": 49, "rule_id": 5}, {"start": 76, "end": 80, "rule_id": 7}]</rules>
  </verse>
  <verse>
    <verseIdArabic>١٣٤</verseIdArabic>
    <verseId>134</verseId>
    <chapterId>20</chapterId>
    <textIndopak>وَلَوۡ أَنَّآ أَهۡلَكۡنَٰهُم بِعَذَابٖ مِّن قَبۡلِهِۦ لَقَالُواْ رَبَّنَا لَوۡلَآ أَرۡسَلۡتَ إِلَيۡنَا رَسُولٗا فَنَتَّبِعَ ءَايَٰتِكَ مِن قَبۡلِ أَن نَّذِلَّ وَنَخۡزَىٰ</textIndopak>
    <translations>
      <translation>
        <author>King Fahad Quran Complex</author>
        <text>Dan sekiranya Kami binasakan mereka dengan suatu azab sebelum Al-Qur`ān itu (diturunkan), tentulah mereka berkata, "Ya Tuhan kami, mengapa tidak Engkau utus seorang rasul kepada kami, lalu kami mengikuti ayat-ayat Engkau sebelum kami menjadi hina dan rendah?"</text>
      </translation>
    </translations>
    <rules>[{"start": 9, "end": 12, "rule_id": 0}, {"start": 40, "end": 43, "rule_id": 0}, {"start": 152, "end": 155, "rule_id": 0}, {"start": 47, "end": 49, "rule_id": 1}, {"start": 143, "end": 145, "rule_id": 1}, {"start": 150, "end": 155, "rule_id": 3}, {"start": 37, "end": 43, "rule_id": 3}, {"start": 43, "end": 47, "rule_id": 6}, {"start": 139, "end": 143, "rule_id": 6}, {"start": 28, "end": 32, "rule_id": 7}]</rules>
  </verse>
  <verse>
    <verseIdArabic>١٣٥</verseIdArabic>
    <verseId>135</verseId>
    <chapterId>20</chapterId>
    <textIndopak>قُلۡ كُلّٞ مُّتَرَبِّصٞ فَتَرَبَّصُواْۖ فَسَتَعۡلَمُونَ مَنۡ أَصۡحَٰبُ ٱلصِّرَٰطِ ٱلسَّوِيِّ وَمَنِ ٱهۡتَدَىٰ</textIndopak>
    <translations>
      <translation>
        <author>King Fahad Quran Complex</author>
        <text>Katakanlah, "Masing-masing (kita) menanti, maka nantikanlah oleh kamu sekalian! Maka kamu kelak akan mengetahui, siapa yang menempuh jalan yang lurus dan siapa yang telah mendapat petunjuk".</text>
      </translation>
    </translations>
    <rules>[{"start": 11, "end": 14, "rule_id": 0}, {"start": 7, "end": 14, "rule_id": 3}, {"start": 21, "end": 26, "rule_id": 6}]</rules>
  </verse>
</verses>
