<?xml version="1.0" encoding="UTF-8"?>

<verses>
  <verse>
    <verseIdArabic>١</verseIdArabic>
    <verseId>1</verseId>
    <chapterId>21</chapterId>
    <textIndopak>ٱقۡتَرَبَ لِلنَّاسِ حِسَابُهُمۡ وَهُمۡ فِي غَفۡلَةٖ مُّعۡرِضُونَ</textIndopak>
    <translations>
      <translation>
        <author>King Fahad Quran Complex</author>
        <text>Telah dekat kepada manusia hari menghisab segala amalan mereka, sedang mereka berada dalam kelalaian lagi berpaling (darinya).</text>
      </translation>
    </translations>
    <rules>[{"start": 13, "end": 16, "rule_id": 0}, {"start": 52, "end": 55, "rule_id": 0}, {"start": 1, "end": 3, "rule_id": 1}, {"start": 49, "end": 55, "rule_id": 3}]</rules>
  </verse>
  <verse>
    <verseIdArabic>٢</verseIdArabic>
    <verseId>2</verseId>
    <chapterId>21</chapterId>
    <textIndopak>مَا يَأۡتِيهِم مِّن ذِكۡرٖ مِّن رَّبِّهِم مُّحۡدَثٍ إِلَّا ٱسۡتَمَعُوهُ وَهُمۡ يَلۡعَبُونَ</textIndopak>
    <translations>
      <translation>
        <author>King Fahad Quran Complex</author>
        <text>Tidak datang kepada mereka suatu ayat Al-Qur`ān pun yang baru (di-turunkan) dari Tuhan mereka, melainkan mereka mendengarnya, sedang mereka bermain-main,</text>
      </translation>
    </translations>
    <rules>[{"start": 15, "end": 18, "rule_id": 0}, {"start": 27, "end": 30, "rule_id": 0}, {"start": 42, "end": 45, "rule_id": 0}, {"start": 24, "end": 30, "rule_id": 3}, {"start": 13, "end": 18, "rule_id": 4}, {"start": 40, "end": 45, "rule_id": 4}, {"start": 30, "end": 35, "rule_id": 5}, {"start": 18, "end": 22, "rule_id": 6}]</rules>
  </verse>
  <verse>
    <verseIdArabic>٣</verseIdArabic>
    <verseId>3</verseId>
    <chapterId>21</chapterId>
    <textIndopak>لَاهِيَةٗ قُلُوبُهُمۡۗ وَأَسَرُّواْ ٱلنَّجۡوَى ٱلَّذِينَ ظَلَمُواْ هَلۡ هَٰذَآ إِلَّا بَشَرٞ مِّثۡلُكُمۡۖ أَفَتَأۡتُونَ ٱلسِّحۡرَ وَأَنتُمۡ تُبۡصِرُونَ</textIndopak>
    <translations>
      <translation>
        <author>King Fahad Quran Complex</author>
        <text>(lagi) hati mereka dalam keadaan lalai. Dan mereka yang zalim itu merahasiakan pembicaraan mereka, "Orang ini tidak lain hanyalah seorang manusia (jua) seperti kamu, maka apakah kamu menerima sihir itu padahal kamu menyaksikannya?"</text>
      </translation>
    </translations>
    <rules>[{"start": 39, "end": 42, "rule_id": 0}, {"start": 95, "end": 98, "rule_id": 0}, {"start": 42, "end": 44, "rule_id": 1}, {"start": 145, "end": 147, "rule_id": 1}, {"start": 92, "end": 98, "rule_id": 3}, {"start": 137, "end": 140, "rule_id": 6}, {"start": 7, "end": 12, "rule_id": 6}]</rules>
  </verse>
  <verse>
    <verseIdArabic>٤</verseIdArabic>
    <verseId>4</verseId>
    <chapterId>21</chapterId>
    <textIndopak>قَالَ رَبِّي يَعۡلَمُ ٱلۡقَوۡلَ فِي ٱلسَّمَآءِ وَٱلۡأَرۡضِۖ وَهُوَ ٱلسَّمِيعُ ٱلۡعَلِيمُ</textIndopak>
    <translations>
      <translation>
        <author>King Fahad Quran Complex</author>
        <text>Berkatalah Muhammad (kepada mereka), "Tuhan-ku mengetahui semua perkataan di langit dan di bumi dan Dia-lah Yang Maha Mendengar lagi Maha Mengetahui".</text>
      </translation>
    </translations>
  </verse>
  <verse>
    <verseIdArabic>٥</verseIdArabic>
    <verseId>5</verseId>
    <chapterId>21</chapterId>
    <textIndopak>بَلۡ قَالُوٓاْ أَضۡغَٰثُ أَحۡلَٰمِۭ بَلِ ٱفۡتَرَىٰهُ بَلۡ هُوَ شَاعِرٞ فَلۡيَأۡتِنَا بِـَٔايَةٖ كَمَآ أُرۡسِلَ ٱلۡأَوَّلُونَ</textIndopak>
    <translations>
      <translation>
        <author>King Fahad Quran Complex</author>
        <text>Bahkan, mereka berkata (pula), "(Al-Qur`ān itu adalah) mimpi-mimpi yang kalut, malah diada-adakannya, bahkan dia sendiri seorang penyair, maka hendaknya ia mendatangkan kepada kita suatu mukjizat sebagaimana rasul-rasul yang telah lalu diutus".</text>
      </translation>
    </translations>
    <rules>[{"start": 32, "end": 38, "rule_id": 2}, {"start": 68, "end": 73, "rule_id": 6}, {"start": 93, "end": 98, "rule_id": 6}]</rules>
  </verse>
  <verse>
    <verseIdArabic>٦</verseIdArabic>
    <verseId>6</verseId>
    <chapterId>21</chapterId>
    <textIndopak>مَآ ءَامَنَتۡ قَبۡلَهُم مِّن قَرۡيَةٍ أَهۡلَكۡنَٰهَآۖ أَفَهُمۡ يُؤۡمِنُونَ</textIndopak>
    <translations>
      <translation>
        <author>King Fahad Quran Complex</author>
        <text>Tidak ada (penduduk) suatu negeri pun yang beriman yang Kami telah membinasakannya sebeIum mereka, maka apakah mereka akan beriman ?</text>
      </translation>
    </translations>
    <rules>[{"start": 25, "end": 28, "rule_id": 0}, {"start": 17, "end": 19, "rule_id": 1}, {"start": 23, "end": 28, "rule_id": 4}, {"start": 28, "end": 32, "rule_id": 6}]</rules>
  </verse>
  <verse>
    <verseIdArabic>٧</verseIdArabic>
    <verseId>7</verseId>
    <chapterId>21</chapterId>
    <textIndopak>وَمَآ أَرۡسَلۡنَا قَبۡلَكَ إِلَّا رِجَالٗا نُّوحِيٓ إِلَيۡهِمۡۖ فَسۡـَٔلُوٓاْ أَهۡلَ ٱلذِّكۡرِ إِن كُنتُمۡ لَا تَعۡلَمُونَ</textIndopak>
    <translations>
      <translation>
        <author>King Fahad Quran Complex</author>
        <text>Kami tiada mengutus rasul-rasul sebelum kamu (Muhammad), melainkan beberapa orang-laki-laki yang Kami beri wahyu kepada mereka, maka tanyakanlah olehmu kepada orang-orang yang berilmu, jika kamu tiada mengetahui.</text>
      </translation>
    </translations>
    <rules>[{"start": 44, "end": 47, "rule_id": 0}, {"start": 21, "end": 23, "rule_id": 1}, {"start": 40, "end": 47, "rule_id": 3}, {"start": 99, "end": 103, "rule_id": 6}, {"start": 103, "end": 106, "rule_id": 6}]</rules>
  </verse>
  <verse>
    <verseIdArabic>٨</verseIdArabic>
    <verseId>8</verseId>
    <chapterId>21</chapterId>
    <textIndopak>وَمَا جَعَلۡنَٰهُمۡ جَسَدٗا لَّا يَأۡكُلُونَ ٱلطَّعَامَ وَمَا كَانُواْ خَٰلِدِينَ</textIndopak>
    <translations>
      <translation>
        <author>King Fahad Quran Complex</author>
        <text>Dan tidaklah Kami jadikan mereka tubuh-tubuh yang tiada memakan makanan dan tidak (pula) mereka itu orang-orang yang kekal.</text>
      </translation>
    </translations>
    <rules>[{"start": 24, "end": 31, "rule_id": 5}]</rules>
  </verse>
  <verse>
    <verseIdArabic>٩</verseIdArabic>
    <verseId>9</verseId>
    <chapterId>21</chapterId>
    <textIndopak>ثُمَّ صَدَقۡنَٰهُمُ ٱلۡوَعۡدَ فَأَنجَيۡنَٰهُمۡ وَمَن نَّشَآءُ وَأَهۡلَكۡنَا ٱلۡمُسۡرِفِينَ</textIndopak>
    <translations>
      <translation>
        <author>King Fahad Quran Complex</author>
        <text>Kemudian, Kami tepati janji (yang telah Kami janjikan) kepada mereka. Maka Kami selamatkan mereka dan orang-orang yang Kami kehendaki dan Kami binasakan orang-orang yang melampaui batas.</text>
      </translation>
    </translations>
    <rules>[{"start": 2, "end": 5, "rule_id": 0}, {"start": 53, "end": 56, "rule_id": 0}, {"start": 10, "end": 12, "rule_id": 1}, {"start": 51, "end": 56, "rule_id": 3}, {"start": 34, "end": 37, "rule_id": 6}]</rules>
  </verse>
  <verse>
    <verseIdArabic>١٠</verseIdArabic>
    <verseId>10</verseId>
    <chapterId>21</chapterId>
    <textIndopak>لَقَدۡ أَنزَلۡنَآ إِلَيۡكُمۡ كِتَٰبٗا فِيهِ ذِكۡرُكُمۡۚ أَفَلَا تَعۡقِلُونَ</textIndopak>
    <translations>
      <translation>
        <author>King Fahad Quran Complex</author>
        <text>Sesungguhnya telah Kami turunkan kepada kamu sebuah kitab yang di dalamnya terdapat sebab-sebab kemuliaan bagimu. Maka apakah kamu tiada memahaminya?</text>
      </translation>
    </translations>
    <rules>[{"start": 4, "end": 6, "rule_id": 1}, {"start": 9, "end": 12, "rule_id": 6}]</rules>
  </verse>
  <verse>
    <verseIdArabic>١١</verseIdArabic>
    <verseId>11</verseId>
    <chapterId>21</chapterId>
    <textIndopak>وَكَمۡ قَصَمۡنَا مِن قَرۡيَةٖ كَانَتۡ ظَالِمَةٗ وَأَنشَأۡنَا بَعۡدَهَا قَوۡمًا ءَاخَرِينَ</textIndopak>
    <translations>
      <translation>
        <author>King Fahad Quran Complex</author>
        <text>Dan berapa banyaknya (penduduk) negeri yang zalim yang teIah Kami binasakan dan Kami adakan sesudah mereka itu kaum yang lain (sebagai penggantinya).</text>
      </translation>
    </translations>
    <rules>[{"start": 45, "end": 50, "rule_id": 3}, {"start": 19, "end": 23, "rule_id": 6}, {"start": 52, "end": 55, "rule_id": 6}, {"start": 27, "end": 32, "rule_id": 6}]</rules>
  </verse>
  <verse>
    <verseIdArabic>١٢</verseIdArabic>
    <verseId>12</verseId>
    <chapterId>21</chapterId>
    <textIndopak>فَلَمَّآ أَحَسُّواْ بَأۡسَنَآ إِذَا هُم مِّنۡهَا يَرۡكُضُونَ</textIndopak>
    <translations>
      <translation>
        <author>King Fahad Quran Complex</author>
        <text>Maka tatkala mereka merasakan azab Kami, tiba-tiba mereka melarikan diri dari negerinya.</text>
      </translation>
    </translations>
    <rules>[{"start": 4, "end": 7, "rule_id": 0}, {"start": 42, "end": 45, "rule_id": 0}, {"start": 40, "end": 45, "rule_id": 4}]</rules>
  </verse>
  <verse>
    <verseIdArabic>١٣</verseIdArabic>
    <verseId>13</verseId>
    <chapterId>21</chapterId>
    <textIndopak>لَا تَرۡكُضُواْ وَٱرۡجِعُوٓاْ إِلَىٰ مَآ أُتۡرِفۡتُمۡ فِيهِ وَمَسَٰكِنِكُمۡ لَعَلَّكُمۡ تُسۡـَٔلُونَ</textIndopak>
    <translations>
      <translation>
        <author>King Fahad Quran Complex</author>
        <text>Janganlah kamu lari tergesa-gesa; kembalilah kamu kepada nikmat yang telah kamu rasakan dan kepada tempat-tempat kediamanmu (yang baik) supaya kamu ditanya .</text>
      </translation>
    </translations>
  </verse>
  <verse>
    <verseIdArabic>١٤</verseIdArabic>
    <verseId>14</verseId>
    <chapterId>21</chapterId>
    <textIndopak>قَالُواْ يَٰوَيۡلَنَآ إِنَّا كُنَّا ظَٰلِمِينَ</textIndopak>
    <translations>
      <translation>
        <author>King Fahad Quran Complex</author>
        <text>Mereka berkata, "Aduhai, celaka kami; sesungguhnya kami adalah orang-orang yang zaIim".</text>
      </translation>
    </translations>
    <rules>[{"start": 25, "end": 28, "rule_id": 0}, {"start": 32, "end": 35, "rule_id": 0}]</rules>
  </verse>
  <verse>
    <verseIdArabic>١٥</verseIdArabic>
    <verseId>15</verseId>
    <chapterId>21</chapterId>
    <textIndopak>فَمَا زَالَت تِّلۡكَ دَعۡوَىٰهُمۡ حَتَّىٰ جَعَلۡنَٰهُمۡ حَصِيدًا خَٰمِدِينَ</textIndopak>
    <translations>
      <translation>
        <author>King Fahad Quran Complex</author>
        <text>Maka tetaplah demikian keluhan mereka sehingga Kami jadikan mereka sebagai tanaman yang telah dituai yang tidak dapat hidup lagi.</text>
      </translation>
    </translations>
  </verse>
  <verse>
    <verseIdArabic>١٦</verseIdArabic>
    <verseId>16</verseId>
    <chapterId>21</chapterId>
    <textIndopak>وَمَا خَلَقۡنَا ٱلسَّمَآءَ وَٱلۡأَرۡضَ وَمَا بَيۡنَهُمَا لَٰعِبِينَ</textIndopak>
    <translations>
      <translation>
        <author>King Fahad Quran Complex</author>
        <text>Dan tidaklah Kami ciptakan Iangit dan bumi dan segala yang ada di antara keduanya dengan bermain-main .</text>
      </translation>
    </translations>
    <rules>[{"start": 10, "end": 12, "rule_id": 1}]</rules>
  </verse>
  <verse>
    <verseIdArabic>١٧</verseIdArabic>
    <verseId>17</verseId>
    <chapterId>21</chapterId>
    <textIndopak>لَوۡ أَرَدۡنَآ أَن نَّتَّخِذَ لَهۡوٗا لَّٱتَّخَذۡنَٰهُ مِن لَّدُنَّآ إِن كُنَّا فَٰعِلِينَ</textIndopak>
    <translations>
      <translation>
        <author>King Fahad Quran Complex</author>
        <text>Sekiranya Kami hendak membuat sesuatu permainan (istri dan anak), tentulah Kami membuatnya dari sisi Kami . Jika Kami menghendaki berbuat demikian, (tentulah Kami telah melakukannya).</text>
      </translation>
    </translations>
    <rules>[{"start": 20, "end": 23, "rule_id": 0}, {"start": 65, "end": 68, "rule_id": 0}, {"start": 77, "end": 80, "rule_id": 0}, {"start": 9, "end": 11, "rule_id": 1}, {"start": 18, "end": 23, "rule_id": 3}, {"start": 58, "end": 63, "rule_id": 5}, {"start": 35, "end": 42, "rule_id": 5}, {"start": 73, "end": 77, "rule_id": 6}]</rules>
  </verse>
  <verse>
    <verseIdArabic>١٨</verseIdArabic>
    <verseId>18</verseId>
    <chapterId>21</chapterId>
    <textIndopak>بَلۡ نَقۡذِفُ بِٱلۡحَقِّ عَلَى ٱلۡبَٰطِلِ فَيَدۡمَغُهُۥ فَإِذَا هُوَ زَاهِقٞۚ وَلَكُمُ ٱلۡوَيۡلُ مِمَّا تَصِفُونَ</textIndopak>
    <translations>
      <translation>
        <author>King Fahad Quran Complex</author>
        <text>Sebenarnya, Kami melontarkan yang hak kepada yang batil, lalu yang hak itu menghancurkannya, maka dengan serta merta yang batil itu lenyap. Dan kecelakaanlah bagimu disebabkan kamu mensifati (Allah dengan sifat-sifat yang tidak layak bagi-Nya).</text>
      </translation>
    </translations>
    <rules>[{"start": 100, "end": 103, "rule_id": 0}, {"start": 7, "end": 9, "rule_id": 1}, {"start": 46, "end": 48, "rule_id": 1}]</rules>
  </verse>
  <verse>
    <verseIdArabic>١٩</verseIdArabic>
    <verseId>19</verseId>
    <chapterId>21</chapterId>
    <textIndopak>وَلَهُۥ مَن فِي ٱلسَّمَٰوَٰتِ وَٱلۡأَرۡضِۚ وَمَنۡ عِندَهُۥ لَا يَسۡتَكۡبِرُونَ عَنۡ عِبَادَتِهِۦ وَلَا يَسۡتَحۡسِرُونَ</textIndopak>
    <translations>
      <translation>
        <author>King Fahad Quran Complex</author>
        <text>Dan kepunyaan-Nya-lah segala yang di langit dan di bumi. Dan malaikat-malaikat yang di sisi-Nya, mereka tiada mempunyai rasa angkuh untuk menyembah-Nya dan tiada (pula) merasa letih.</text>
      </translation>
    </translations>
    <rules>[{"start": 10, "end": 14, "rule_id": 6}, {"start": 53, "end": 56, "rule_id": 6}]</rules>
  </verse>
  <verse>
    <verseIdArabic>٢٠</verseIdArabic>
    <verseId>20</verseId>
    <chapterId>21</chapterId>
    <textIndopak>يُسَبِّحُونَ ٱلَّيۡلَ وَٱلنَّهَارَ لَا يَفۡتُرُونَ</textIndopak>
    <translations>
      <translation>
        <author>King Fahad Quran Complex</author>
        <text>Mereka selalu bertasbih malam dan siang tiada henti-hentinya.</text>
      </translation>
    </translations>
    <rules>[{"start": 26, "end": 29, "rule_id": 0}]</rules>
  </verse>
  <verse>
    <verseIdArabic>٢١</verseIdArabic>
    <verseId>21</verseId>
    <chapterId>21</chapterId>
    <textIndopak>أَمِ ٱتَّخَذُوٓاْ ءَالِهَةٗ مِّنَ ٱلۡأَرۡضِ هُمۡ يُنشِرُونَ</textIndopak>
    <translations>
      <translation>
        <author>King Fahad Quran Complex</author>
        <text>Apakah mereka mengambil tuhan-tuhan dari bumi yang dapat menghidupkan (orang-orang mati)?</text>
      </translation>
    </translations>
    <rules>[{"start": 28, "end": 31, "rule_id": 0}, {"start": 25, "end": 31, "rule_id": 3}, {"start": 51, "end": 54, "rule_id": 6}]</rules>
  </verse>
  <verse>
    <verseIdArabic>٢٢</verseIdArabic>
    <verseId>22</verseId>
    <chapterId>21</chapterId>
    <textIndopak>لَوۡ كَانَ فِيهِمَآ ءَالِهَةٌ إِلَّا ٱللَّهُ لَفَسَدَتَاۚ فَسُبۡحَٰنَ ٱللَّهِ رَبِّ ٱلۡعَرۡشِ عَمَّا يَصِفُونَ</textIndopak>
    <translations>
      <translation>
        <author>King Fahad Quran Complex</author>
        <text>Sekiranya, ada di langit dan di bumi tuhan-tuhan selain Allah, tentulah keduanya itu telah rusak binasa. Maka Maha Suci Allah yang mempunyai arasy daripada apa yang mereka sifatkan.</text>
      </translation>
    </translations>
    <rules>[{"start": 98, "end": 101, "rule_id": 0}, {"start": 64, "end": 66, "rule_id": 1}]</rules>
  </verse>
  <verse>
    <verseIdArabic>٢٣</verseIdArabic>
    <verseId>23</verseId>
    <chapterId>21</chapterId>
    <textIndopak>لَا يُسۡـَٔلُ عَمَّا يَفۡعَلُ وَهُمۡ يُسۡـَٔلُونَ</textIndopak>
    <translations>
      <translation>
        <author>King Fahad Quran Complex</author>
        <text>Dia tidak ditanya tentang apa yang diperbuat-Nya dan merekalah yang akan ditanyai.</text>
      </translation>
    </translations>
    <rules>[{"start": 16, "end": 19, "rule_id": 0}]</rules>
  </verse>
  <verse>
    <verseIdArabic>٢٤</verseIdArabic>
    <verseId>24</verseId>
    <chapterId>21</chapterId>
    <textIndopak>أَمِ ٱتَّخَذُواْ مِن دُونِهِۦٓ ءَالِهَةٗۖ قُلۡ هَاتُواْ بُرۡهَٰنَكُمۡۖ هَٰذَا ذِكۡرُ مَن مَّعِيَ وَذِكۡرُ مَن قَبۡلِيۚ بَلۡ أَكۡثَرُهُمۡ لَا يَعۡلَمُونَ ٱلۡحَقَّۖ فَهُم مُّعۡرِضُونَ</textIndopak>
    <translations>
      <translation>
        <author>King Fahad Quran Complex</author>
        <text>Apakah mereka mengambil tuhan-tuhan selain-Nya? Katakanlah, "Unjukkanlah hujahmu! (Al-Qur`ān) ini adalah peringatan bagi orang-orang yang bersamaku dan peringatan bagi orang-orang yang sebelumku ". Sebenarnya, kebanyakan mereka tiada mengetahui yang hak karena itu mereka berpaling.</text>
      </translation>
    </translations>
    <rules>[{"start": 91, "end": 94, "rule_id": 0}, {"start": 173, "end": 176, "rule_id": 0}, {"start": 114, "end": 116, "rule_id": 1}, {"start": 89, "end": 94, "rule_id": 3}, {"start": 171, "end": 176, "rule_id": 4}, {"start": 19, "end": 23, "rule_id": 6}, {"start": 110, "end": 114, "rule_id": 6}]</rules>
  </verse>
  <verse>
    <verseIdArabic>٢٥</verseIdArabic>
    <verseId>25</verseId>
    <chapterId>21</chapterId>
    <textIndopak>وَمَآ أَرۡسَلۡنَا مِن قَبۡلِكَ مِن رَّسُولٍ إِلَّا نُوحِيٓ إِلَيۡهِ أَنَّهُۥ لَآ إِلَٰهَ إِلَّآ أَنَا۠ فَٱعۡبُدُونِ</textIndopak>
    <translations>
      <translation>
        <author>King Fahad Quran Complex</author>
        <text>Dan Kami tidak mengutus seorang rasul pun sebelum kamu, melainkan Kami wahyukan kepadanya, "Bahwasanya tidak ada Tuhan (yang hak) melainkan Aku, maka sembahlah olehmu sekalian akan Aku".</text>
      </translation>
    </translations>
    <rules>[{"start": 71, "end": 74, "rule_id": 0}, {"start": 25, "end": 27, "rule_id": 1}, {"start": 34, "end": 39, "rule_id": 5}, {"start": 21, "end": 25, "rule_id": 6}]</rules>
  </verse>
  <verse>
    <verseIdArabic>٢٦</verseIdArabic>
    <verseId>26</verseId>
    <chapterId>21</chapterId>
    <textIndopak>وَقَالُواْ ٱتَّخَذَ ٱلرَّحۡمَٰنُ وَلَدٗاۗ سُبۡحَٰنَهُۥۚ بَلۡ عِبَادٞ مُّكۡرَمُونَ</textIndopak>
    <translations>
      <translation>
        <author>King Fahad Quran Complex</author>
        <text>Dan mereka berkata, "Tuhan Yang Maha Pemurah telah mengambil (mempunyai) anak", Maha Suci Allah. Sebenarnya, (malaikat-malaikat itu) adalah hamba-hamba yang dimuliakan ,</text>
      </translation>
    </translations>
    <rules>[{"start": 71, "end": 74, "rule_id": 0}, {"start": 45, "end": 47, "rule_id": 1}, {"start": 68, "end": 74, "rule_id": 3}]</rules>
  </verse>
  <verse>
    <verseIdArabic>٢٧</verseIdArabic>
    <verseId>27</verseId>
    <chapterId>21</chapterId>
    <textIndopak>لَا يَسۡبِقُونَهُۥ بِٱلۡقَوۡلِ وَهُم بِأَمۡرِهِۦ يَعۡمَلُونَ</textIndopak>
    <translations>
      <translation>
        <author>King Fahad Quran Complex</author>
        <text>mereka itu tidak mendahului-Nya dengan perkataan dan mereka mengerjakan perintah-perintah-Nya.</text>
      </translation>
    </translations>
    <rules>[{"start": 35, "end": 39, "rule_id": 7}]</rules>
  </verse>
  <verse>
    <verseIdArabic>٢٨</verseIdArabic>
    <verseId>28</verseId>
    <chapterId>21</chapterId>
    <textIndopak>يَعۡلَمُ مَا بَيۡنَ أَيۡدِيهِمۡ وَمَا خَلۡفَهُمۡ وَلَا يَشۡفَعُونَ إِلَّا لِمَنِ ٱرۡتَضَىٰ وَهُم مِّنۡ خَشۡيَتِهِۦ مُشۡفِقُونَ</textIndopak>
    <translations>
      <translation>
        <author>King Fahad Quran Complex</author>
        <text>Allah mengetahui segala sesuatu yang di hadapan mereka (malaikat) dan yang di belakang mereka dan mereka tiada memberi syafaat , melainkan kepada orang yang diridai Allah dan mereka itu selalu berhati-hati karena takut kepada-Nya.</text>
      </translation>
    </translations>
    <rules>[{"start": 97, "end": 100, "rule_id": 0}, {"start": 95, "end": 100, "rule_id": 4}]</rules>
  </verse>
  <verse>
    <verseIdArabic>٢٩</verseIdArabic>
    <verseId>29</verseId>
    <chapterId>21</chapterId>
    <textIndopak>۞ وَمَن يَقُلۡ مِنۡهُمۡ إِنِّيٓ إِلَٰهٞ مِّن دُونِهِۦ فَذَٰلِكَ نَجۡزِيهِ جَهَنَّمَۚ كَذَٰلِكَ نَجۡزِي ٱلظَّٰلِمِينَ</textIndopak>
    <translations>
      <translation>
        <author>King Fahad Quran Complex</author>
        <text>Dan barang siapa di antara mereka mengatakan, "Sesungguhnya Aku adalah tuhan, selain dari Allah", maka orang itu Kami beri balasan dengan Jahanam; demikian Kami memberikan pembalasan kepada orang-orang zalim.</text>
      </translation>
    </translations>
    <rules>[{"start": 26, "end": 29, "rule_id": 0}, {"start": 40, "end": 43, "rule_id": 0}, {"start": 78, "end": 81, "rule_id": 0}, {"start": 66, "end": 68, "rule_id": 1}, {"start": 98, "end": 100, "rule_id": 1}, {"start": 6, "end": 10, "rule_id": 3}, {"start": 37, "end": 43, "rule_id": 3}, {"start": 43, "end": 47, "rule_id": 6}]</rules>
  </verse>
  <verse>
    <verseIdArabic>٣٠</verseIdArabic>
    <verseId>30</verseId>
    <chapterId>21</chapterId>
    <textIndopak>أَوَلَمۡ يَرَ ٱلَّذِينَ كَفَرُوٓاْ أَنَّ ٱلسَّمَٰوَٰتِ وَٱلۡأَرۡضَ كَانَتَا رَتۡقٗا فَفَتَقۡنَٰهُمَاۖ وَجَعَلۡنَا مِنَ ٱلۡمَآءِ كُلَّ شَيۡءٍ حَيٍّۚ أَفَلَا يُؤۡمِنُونَ</textIndopak>
    <translations>
      <translation>
        <author>King Fahad Quran Complex</author>
        <text>Dan apakah orang-orang yang kafir tidak mengetahui bahwasanya langit dan bumi itu keduanya dahulu adalah suatu yang padu, kemudian Kami pisahkan antara keduanya. Dan dari air, Kami jadikan segala sesuatu yang hidup. Maka mengapakah mereka tiada juga beriman?</text>
      </translation>
    </translations>
    <rules>[{"start": 37, "end": 40, "rule_id": 0}, {"start": 90, "end": 92, "rule_id": 1}]</rules>
  </verse>
  <verse>
    <verseIdArabic>٣١</verseIdArabic>
    <verseId>31</verseId>
    <chapterId>21</chapterId>
    <textIndopak>وَجَعَلۡنَا فِي ٱلۡأَرۡضِ رَوَٰسِيَ أَن تَمِيدَ بِهِمۡ وَجَعَلۡنَا فِيهَا فِجَاجٗا سُبُلٗا لَّعَلَّهُمۡ يَهۡتَدُونَ</textIndopak>
    <translations>
      <translation>
        <author>King Fahad Quran Complex</author>
        <text>Dan telah Kami jadikan di bumi ini gunung-gunung yang kokoh supaya bumi itu (tidak) guncang bersama mereka dan telah Kami jadikan (pula) di bumi itu jalan-jalan yang luas agar mereka mendapat petunjuk.</text>
      </translation>
    </translations>
    <rules>[{"start": 87, "end": 94, "rule_id": 5}, {"start": 38, "end": 42, "rule_id": 6}]</rules>
  </verse>
  <verse>
    <verseIdArabic>٣٢</verseIdArabic>
    <verseId>32</verseId>
    <chapterId>21</chapterId>
    <textIndopak>وَجَعَلۡنَا ٱلسَّمَآءَ سَقۡفٗا مَّحۡفُوظٗاۖ وَهُمۡ عَنۡ ءَايَٰتِهَا مُعۡرِضُونَ</textIndopak>
    <translations>
      <translation>
        <author>King Fahad Quran Complex</author>
        <text>Dan Kami menjadikan langit itu sebagai atap yang terpelihara , sedang mereka berpaling dari segala tanda-tanda (kekuasaan Allah) yang terdapat padanya.</text>
      </translation>
    </translations>
    <rules>[{"start": 32, "end": 35, "rule_id": 0}, {"start": 26, "end": 28, "rule_id": 1}, {"start": 28, "end": 35, "rule_id": 3}, {"start": 40, "end": 48, "rule_id": 3}]</rules>
  </verse>
  <verse>
    <verseIdArabic>٣٣</verseIdArabic>
    <verseId>33</verseId>
    <chapterId>21</chapterId>
    <textIndopak>وَهُوَ ٱلَّذِي خَلَقَ ٱلَّيۡلَ وَٱلنَّهَارَ وَٱلشَّمۡسَ وَٱلۡقَمَرَۖ كُلّٞ فِي فَلَكٖ يَسۡبَحُونَ</textIndopak>
    <translations>
      <translation>
        <author>King Fahad Quran Complex</author>
        <text>Dan Dia-lah yang telah menciptakan malam dan siang, matahari dan bulan. Masing-masing dari keduanya itu beredar di dalam garis edarnya.</text>
      </translation>
    </translations>
    <rules>[{"start": 35, "end": 38, "rule_id": 0}, {"start": 84, "end": 89, "rule_id": 3}, {"start": 72, "end": 78, "rule_id": 6}]</rules>
  </verse>
  <verse>
    <verseIdArabic>٣٤</verseIdArabic>
    <verseId>34</verseId>
    <chapterId>21</chapterId>
    <textIndopak>وَمَا جَعَلۡنَا لِبَشَرٖ مِّن قَبۡلِكَ ٱلۡخُلۡدَۖ أَفَإِيْن مِّتَّ فَهُمُ ٱلۡخَٰلِدُونَ</textIndopak>
    <translations>
      <translation>
        <author>King Fahad Quran Complex</author>
        <text>Kami tidak menjadikan hidup abadi bagi seorang manusia pun sebelum kamu (Muhammad), maka jikalau kamu mati, apakah mereka akan kekal?</text>
      </translation>
    </translations>
    <rules>[{"start": 25, "end": 28, "rule_id": 0}, {"start": 61, "end": 64, "rule_id": 0}, {"start": 32, "end": 34, "rule_id": 1}, {"start": 59, "end": 64, "rule_id": 3}, {"start": 22, "end": 28, "rule_id": 3}, {"start": 28, "end": 32, "rule_id": 6}]</rules>
  </verse>
  <verse>
    <verseIdArabic>٣٥</verseIdArabic>
    <verseId>35</verseId>
    <chapterId>21</chapterId>
    <textIndopak>كُلُّ نَفۡسٖ ذَآئِقَةُ ٱلۡمَوۡتِۗ وَنَبۡلُوكُم بِٱلشَّرِّ وَٱلۡخَيۡرِ فِتۡنَةٗۖ وَإِلَيۡنَا تُرۡجَعُونَ</textIndopak>
    <translations>
      <translation>
        <author>King Fahad Quran Complex</author>
        <text>Tiap-tiap yang berjiwa akan merasakan mati. Kami akan menguji kamu dengan keburukan dan kebaikan sebagai cobaan (yang sebenar-benarnya). Dan hanya kepada Kamilah kamu dikembalikan.</text>
      </translation>
    </translations>
    <rules>[{"start": 40, "end": 42, "rule_id": 1}, {"start": 78, "end": 85, "rule_id": 3}, {"start": 10, "end": 15, "rule_id": 6}, {"start": 47, "end": 51, "rule_id": 7}]</rules>
  </verse>
  <verse>
    <verseIdArabic>٣٦</verseIdArabic>
    <verseId>36</verseId>
    <chapterId>21</chapterId>
    <textIndopak>وَإِذَا رَءَاكَ ٱلَّذِينَ كَفَرُوٓاْ إِن يَتَّخِذُونَكَ إِلَّا هُزُوًا أَهَٰذَا ٱلَّذِي يَذۡكُرُ ءَالِهَتَكُمۡ وَهُم بِذِكۡرِ ٱلرَّحۡمَٰنِ هُمۡ كَٰفِرُونَ</textIndopak>
    <translations>
      <translation>
        <author>King Fahad Quran Complex</author>
        <text>Dan apabila orang-orang kafir itu melihat kamu, mereka hanya membuat kamu menjadi olok-olok. (Mereka mengatakan), "Apakah ini orang yang mencela tuhan-Tuhan-mu?" Padahal mereka adaIah orang-orang yang ingkar mengingat Allah Yang Maha Pemurah.</text>
      </translation>
    </translations>
    <rules>[{"start": 39, "end": 43, "rule_id": 3}, {"start": 115, "end": 119, "rule_id": 7}]</rules>
  </verse>
  <verse>
    <verseIdArabic>٣٧</verseIdArabic>
    <verseId>37</verseId>
    <chapterId>21</chapterId>
    <textIndopak>خُلِقَ ٱلۡإِنسَٰنُ مِنۡ عَجَلٖۚ سَأُوْرِيكُمۡ ءَايَٰتِي فَلَا تَسۡتَعۡجِلُونِ</textIndopak>
    <translations>
      <translation>
        <author>King Fahad Quran Complex</author>
        <text>Manusia telah dijadikan (bertabiat) tergesa-gesa. Kelak akan Aku perIihatkan kepadamu tanda-tanda azab-Ku. Maka janganlah kamu minta kepada-Ku mendatangkannya dengan segera.</text>
      </translation>
    </translations>
    <rules>[{"start": 12, "end": 16, "rule_id": 6}]</rules>
  </verse>
  <verse>
    <verseIdArabic>٣٨</verseIdArabic>
    <verseId>38</verseId>
    <chapterId>21</chapterId>
    <textIndopak>وَيَقُولُونَ مَتَىٰ هَٰذَا ٱلۡوَعۡدُ إِن كُنتُمۡ صَٰدِقِينَ</textIndopak>
    <translations>
      <translation>
        <author>King Fahad Quran Complex</author>
        <text>Mereka berkata, "Kapankah janji itu akan datang, jika kamu sekaIian adalah orang-orang yang benar?"</text>
      </translation>
    </translations>
    <rules>[{"start": 39, "end": 43, "rule_id": 6}, {"start": 43, "end": 46, "rule_id": 6}]</rules>
  </verse>
  <verse>
    <verseIdArabic>٣٩</verseIdArabic>
    <verseId>39</verseId>
    <chapterId>21</chapterId>
    <textIndopak>لَوۡ يَعۡلَمُ ٱلَّذِينَ كَفَرُواْ حِينَ لَا يَكُفُّونَ عَن وُجُوهِهِمُ ٱلنَّارَ وَلَا عَن ظُهُورِهِمۡ وَلَا هُمۡ يُنصَرُونَ</textIndopak>
    <translations>
      <translation>
        <author>King Fahad Quran Complex</author>
        <text>Andaikata orang-orang kafir itu mengetahui, waktu (di mana) mereka itu tidak mampu mengelakkan api neraka dari muka mereka dan (tidak pula) dari punggung mereka, sedang mereka (tidak pula) mendapat pertolongan, (tentulah mereka tiada meminta disegerakan).</text>
      </translation>
    </translations>
    <rules>[{"start": 73, "end": 76, "rule_id": 0}, {"start": 57, "end": 61, "rule_id": 3}, {"start": 88, "end": 92, "rule_id": 6}, {"start": 115, "end": 118, "rule_id": 6}]</rules>
  </verse>
  <verse>
    <verseIdArabic>٤٠</verseIdArabic>
    <verseId>40</verseId>
    <chapterId>21</chapterId>
    <textIndopak>بَلۡ تَأۡتِيهِم بَغۡتَةٗ فَتَبۡهَتُهُمۡ فَلَا يَسۡتَطِيعُونَ رَدَّهَا وَلَا هُمۡ يُنظَرُونَ</textIndopak>
    <translations>
      <translation>
        <author>King Fahad Quran Complex</author>
        <text>Sebenarnya (azab) itu akan datang kepada mereka dengan sekonyong-konyong, lalu membuat mereka menjadi panik, maka mereka tidak sanggup menolaknya dan tidak (pula) mereka diberi tangguh.</text>
      </translation>
    </translations>
    <rules>[{"start": 29, "end": 31, "rule_id": 1}, {"start": 83, "end": 86, "rule_id": 6}, {"start": 22, "end": 27, "rule_id": 6}, {"start": 14, "end": 18, "rule_id": 7}]</rules>
  </verse>
  <verse>
    <verseIdArabic>٤١</verseIdArabic>
    <verseId>41</verseId>
    <chapterId>21</chapterId>
    <textIndopak>وَلَقَدِ ٱسۡتُهۡزِئَ بِرُسُلٖ مِّن قَبۡلِكَ فَحَاقَ بِٱلَّذِينَ سَخِرُواْ مِنۡهُم مَّا كَانُواْ بِهِۦ يَسۡتَهۡزِءُونَ</textIndopak>
    <translations>
      <translation>
        <author>King Fahad Quran Complex</author>
        <text>Dan sungguh telah diperolok-olokkan beberapa orang rasul sebelum kamu, maka turunlah kepada orang yang mencemoohkan rasul-rasul itu azab yang selalu mereka perolok-olokkan.</text>
      </translation>
    </translations>
    <rules>[{"start": 30, "end": 33, "rule_id": 0}, {"start": 82, "end": 85, "rule_id": 0}, {"start": 37, "end": 39, "rule_id": 1}, {"start": 27, "end": 33, "rule_id": 3}, {"start": 80, "end": 85, "rule_id": 4}, {"start": 33, "end": 37, "rule_id": 6}]</rules>
  </verse>
  <verse>
    <verseIdArabic>٤٢</verseIdArabic>
    <verseId>42</verseId>
    <chapterId>21</chapterId>
    <textIndopak>قُلۡ مَن يَكۡلَؤُكُم بِٱلَّيۡلِ وَٱلنَّهَارِ مِنَ ٱلرَّحۡمَٰنِۚ بَلۡ هُمۡ عَن ذِكۡرِ رَبِّهِم مُّعۡرِضُونَ</textIndopak>
    <translations>
      <translation>
        <author>King Fahad Quran Complex</author>
        <text>Katakanlah, "Siapakah yang dapat memelihara kamu di waktu malam dan siang hari selain (Allah) Yang Maha Pemurah?" Sebenarnya, mereka adalah orang-orang yang berpaling dari mengingati Tuhan mereka.</text>
      </translation>
    </translations>
    <rules>[{"start": 36, "end": 39, "rule_id": 0}, {"start": 95, "end": 98, "rule_id": 0}, {"start": 7, "end": 11, "rule_id": 3}, {"start": 93, "end": 98, "rule_id": 4}, {"start": 77, "end": 81, "rule_id": 6}, {"start": 19, "end": 23, "rule_id": 7}]</rules>
  </verse>
  <verse>
    <verseIdArabic>٤٣</verseIdArabic>
    <verseId>43</verseId>
    <chapterId>21</chapterId>
    <textIndopak>أَمۡ لَهُمۡ ءَالِهَةٞ تَمۡنَعُهُم مِّن دُونِنَاۚ لَا يَسۡتَطِيعُونَ نَصۡرَ أَنفُسِهِمۡ وَلَا هُم مِّنَّا يُصۡحَبُونَ</textIndopak>
    <translations>
      <translation>
        <author>King Fahad Quran Complex</author>
        <text>Atau adakah mereka mempunyai tuhan-tuhan yang dapat memelihara mereka dari (azab) Kami. Tuhan-tuhan itu tidak sanggup menolong diri mereka sendiri dan tidak (pula) mereka dilindungi dari (azab) Kami itu?</text>
      </translation>
    </translations>
    <rules>[{"start": 34, "end": 37, "rule_id": 0}, {"start": 98, "end": 101, "rule_id": 0}, {"start": 101, "end": 104, "rule_id": 0}, {"start": 32, "end": 37, "rule_id": 4}, {"start": 96, "end": 101, "rule_id": 4}, {"start": 37, "end": 41, "rule_id": 6}, {"start": 78, "end": 81, "rule_id": 6}, {"start": 19, "end": 24, "rule_id": 6}]</rules>
  </verse>
  <verse>
    <verseIdArabic>٤٤</verseIdArabic>
    <verseId>44</verseId>
    <chapterId>21</chapterId>
    <textIndopak>بَلۡ مَتَّعۡنَا هَٰٓؤُلَآءِ وَءَابَآءَهُمۡ حَتَّىٰ طَالَ عَلَيۡهِمُ ٱلۡعُمُرُۗ أَفَلَا يَرَوۡنَ أَنَّا نَأۡتِي ٱلۡأَرۡضَ نَنقُصُهَا مِنۡ أَطۡرَافِهَآۚ أَفَهُمُ ٱلۡغَٰلِبُونَ</textIndopak>
    <translations>
      <translation>
        <author>King Fahad Quran Complex</author>
        <text>Sebenarnya, Kami telah memberi mereka dan bapak-bapak mereka kenikmatan (hidup di dunia) hingga panjanglah umur mereka. Maka apakah mereka tidak melihat bahwasanya Kami mendatangi negeri (orang kafir), lalu Kami kurangi luasnya dari segala penjurunya. Maka apakah mereka yang menang?</text>
      </translation>
    </translations>
    <rules>[{"start": 101, "end": 104, "rule_id": 0}, {"start": 142, "end": 144, "rule_id": 1}, {"start": 126, "end": 129, "rule_id": 6}]</rules>
  </verse>
  <verse>
    <verseIdArabic>٤٥</verseIdArabic>
    <verseId>45</verseId>
    <chapterId>21</chapterId>
    <textIndopak>قُلۡ إِنَّمَآ أُنذِرُكُم بِٱلۡوَحۡيِۚ وَلَا يَسۡمَعُ ٱلصُّمُّ ٱلدُّعَآءَ إِذَا مَا يُنذَرُونَ</textIndopak>
    <translations>
      <translation>
        <author>King Fahad Quran Complex</author>
        <text>Katakanlah (hai Muhammad), "Sesungguhnya aku hanya memberi peringatan kepada kamu sekalian dengan wahyu dan tiadalah orang-orang yang tuli mendengar seruan, apabila mereka diberi peringatan"</text>
      </translation>
    </translations>
    <rules>[{"start": 7, "end": 10, "rule_id": 0}, {"start": 60, "end": 63, "rule_id": 0}, {"start": 17, "end": 20, "rule_id": 6}, {"start": 88, "end": 91, "rule_id": 6}, {"start": 24, "end": 28, "rule_id": 7}]</rules>
  </verse>
  <verse>
    <verseIdArabic>٤٦</verseIdArabic>
    <verseId>46</verseId>
    <chapterId>21</chapterId>
    <textIndopak>وَلَئِن مَّسَّتۡهُمۡ نَفۡحَةٞ مِّنۡ عَذَابِ رَبِّكَ لَيَقُولُنَّ يَٰوَيۡلَنَآ إِنَّا كُنَّا ظَٰلِمِينَ</textIndopak>
    <translations>
      <translation>
        <author>King Fahad Quran Complex</author>
        <text>Dan sesungguhnya, jika mereka ditimpa sedikit saja dari azab Tuhan-mu, pastilah mereka berkata, "Aduhai, celakalah kami, bahwasanya kami adalah orang yang menganiaya diri sendiri".</text>
      </translation>
    </translations>
    <rules>[{"start": 8, "end": 11, "rule_id": 0}, {"start": 30, "end": 33, "rule_id": 0}, {"start": 61, "end": 64, "rule_id": 0}, {"start": 81, "end": 84, "rule_id": 0}, {"start": 88, "end": 91, "rule_id": 0}, {"start": 6, "end": 11, "rule_id": 3}, {"start": 27, "end": 33, "rule_id": 3}]</rules>
  </verse>
  <verse>
    <verseIdArabic>٤٧</verseIdArabic>
    <verseId>47</verseId>
    <chapterId>21</chapterId>
    <textIndopak>وَنَضَعُ ٱلۡمَوَٰزِينَ ٱلۡقِسۡطَ لِيَوۡمِ ٱلۡقِيَٰمَةِ فَلَا تُظۡلَمُ نَفۡسٞ شَيۡـٔٗاۖ وَإِن كَانَ مِثۡقَالَ حَبَّةٖ مِّنۡ خَرۡدَلٍ أَتَيۡنَا بِهَاۗ وَكَفَىٰ بِنَا حَٰسِبِينَ</textIndopak>
    <translations>
      <translation>
        <author>King Fahad Quran Complex</author>
        <text>Kami akan memasang timbangan yang tepat pada hari kiamat, maka tiadalah dirugikan seseorang barang sedikit pun. Dan jika (amalan itu) hanya seberat biji sawi pun, pasti Kami mendatangkan (pahala)nya. Dan cukuplah Kami sebagai pembuat perhitungan.</text>
      </translation>
    </translations>
    <rules>[{"start": 118, "end": 121, "rule_id": 0}, {"start": 82, "end": 90, "rule_id": 3}, {"start": 115, "end": 121, "rule_id": 3}, {"start": 92, "end": 96, "rule_id": 6}, {"start": 74, "end": 79, "rule_id": 6}]</rules>
  </verse>
  <verse>
    <verseIdArabic>٤٨</verseIdArabic>
    <verseId>48</verseId>
    <chapterId>21</chapterId>
    <textIndopak>وَلَقَدۡ ءَاتَيۡنَا مُوسَىٰ وَهَٰرُونَ ٱلۡفُرۡقَانَ وَضِيَآءٗ وَذِكۡرٗا لِّلۡمُتَّقِينَ</textIndopak>
    <translations>
      <translation>
        <author>King Fahad Quran Complex</author>
        <text>Dan sesungguhnya telah Kami berikan kepada Musa dan Hārūn Kitab Taurat dan penerangan serta pengajaran bagi orang-orang yang bertakwa.</text>
      </translation>
    </translations>
    <rules>[{"start": 6, "end": 8, "rule_id": 1}, {"start": 60, "end": 65, "rule_id": 3}, {"start": 69, "end": 76, "rule_id": 5}]</rules>
  </verse>
  <verse>
    <verseIdArabic>٤٩</verseIdArabic>
    <verseId>49</verseId>
    <chapterId>21</chapterId>
    <textIndopak>ٱلَّذِينَ يَخۡشَوۡنَ رَبَّهُم بِٱلۡغَيۡبِ وَهُم مِّنَ ٱلسَّاعَةِ مُشۡفِقُونَ</textIndopak>
    <translations>
      <translation>
        <author>King Fahad Quran Complex</author>
        <text>(yaitu) orang-orang yang takut akan (azab) Tuhan mereka, sedang mereka tidak melihat-Nya dan mereka merasa takut akan (tibanya) hari kiamat.</text>
      </translation>
    </translations>
    <rules>[{"start": 48, "end": 51, "rule_id": 0}, {"start": 46, "end": 51, "rule_id": 4}, {"start": 28, "end": 32, "rule_id": 7}]</rules>
  </verse>
  <verse>
    <verseIdArabic>٥٠</verseIdArabic>
    <verseId>50</verseId>
    <chapterId>21</chapterId>
    <textIndopak>وَهَٰذَا ذِكۡرٞ مُّبَارَكٌ أَنزَلۡنَٰهُۚ أَفَأَنتُمۡ لَهُۥ مُنكِرُونَ</textIndopak>
    <translations>
      <translation>
        <author>King Fahad Quran Complex</author>
        <text>Dan Al-Qur`ān ini adalah suatu kitab (peringatan) yang mempunyai berkah yang telah Kami turunkan. Maka mengapakah kamu mengingkarinya?</text>
      </translation>
    </translations>
    <rules>[{"start": 16, "end": 19, "rule_id": 0}, {"start": 13, "end": 19, "rule_id": 3}, {"start": 29, "end": 32, "rule_id": 6}, {"start": 48, "end": 51, "rule_id": 6}, {"start": 62, "end": 65, "rule_id": 6}]</rules>
  </verse>
  <verse>
    <verseIdArabic>٥١</verseIdArabic>
    <verseId>51</verseId>
    <chapterId>21</chapterId>
    <textIndopak>۞ وَلَقَدۡ ءَاتَيۡنَآ إِبۡرَٰهِيمَ رُشۡدَهُۥ مِن قَبۡلُ وَكُنَّا بِهِۦ عَٰلِمِينَ</textIndopak>
    <translations>
      <translation>
        <author>King Fahad Quran Complex</author>
        <text>Dan sesungguhnya telah Kami anugerahkan kepada Ibrāhīm hidayah kebenaran sebelum (Musa dan Hārūn) dan adalah Kami mengetahui (keadaan)nya.</text>
      </translation>
    </translations>
    <rules>[{"start": 61, "end": 64, "rule_id": 0}, {"start": 8, "end": 10, "rule_id": 1}, {"start": 25, "end": 27, "rule_id": 1}, {"start": 52, "end": 54, "rule_id": 1}, {"start": 48, "end": 52, "rule_id": 6}]</rules>
  </verse>
  <verse>
    <verseIdArabic>٥٢</verseIdArabic>
    <verseId>52</verseId>
    <chapterId>21</chapterId>
    <textIndopak>إِذۡ قَالَ لِأَبِيهِ وَقَوۡمِهِۦ مَا هَٰذِهِ ٱلتَّمَاثِيلُ ٱلَّتِيٓ أَنتُمۡ لَهَا عَٰكِفُونَ</textIndopak>
    <translations>
      <translation>
        <author>King Fahad Quran Complex</author>
        <text>(Ingatlah) ketika Ibrāhīm berkata kepada bapaknya dan kaumnya, "Patung-patung apakah ini yang kamu tekun beribadat kepadanya?"</text>
      </translation>
    </translations>
    <rules>[{"start": 70, "end": 73, "rule_id": 6}]</rules>
  </verse>
  <verse>
    <verseIdArabic>٥٣</verseIdArabic>
    <verseId>53</verseId>
    <chapterId>21</chapterId>
    <textIndopak>قَالُواْ وَجَدۡنَآ ءَابَآءَنَا لَهَا عَٰبِدِينَ</textIndopak>
    <translations>
      <translation>
        <author>King Fahad Quran Complex</author>
        <text>Mereka menjawab, "Kami mendapati bapak-bapak kami menyembahnya".</text>
      </translation>
    </translations>
    <rules>[{"start": 13, "end": 15, "rule_id": 1}]</rules>
  </verse>
  <verse>
    <verseIdArabic>٥٤</verseIdArabic>
    <verseId>54</verseId>
    <chapterId>21</chapterId>
    <textIndopak>قَالَ لَقَدۡ كُنتُمۡ أَنتُمۡ وَءَابَآؤُكُمۡ فِي ضَلَٰلٖ مُّبِينٖ</textIndopak>
    <translations>
      <translation>
        <author>King Fahad Quran Complex</author>
        <text>Ibrāhīm berkata, "Sesungguhnya kamu dan bapak-bapakmu berada dalam kesesatan yang nyata".</text>
      </translation>
    </translations>
    <rules>[{"start": 57, "end": 60, "rule_id": 0}, {"start": 10, "end": 12, "rule_id": 1}, {"start": 54, "end": 60, "rule_id": 3}, {"start": 15, "end": 18, "rule_id": 6}, {"start": 23, "end": 26, "rule_id": 6}]</rules>
  </verse>
  <verse>
    <verseIdArabic>٥٥</verseIdArabic>
    <verseId>55</verseId>
    <chapterId>21</chapterId>
    <textIndopak>قَالُوٓاْ أَجِئۡتَنَا بِٱلۡحَقِّ أَمۡ أَنتَ مِنَ ٱللَّٰعِبِينَ</textIndopak>
    <translations>
      <translation>
        <author>King Fahad Quran Complex</author>
        <text>Mereka menjawab, "Apakah kamu datang kepada kami dengan sungguh-sungguh ataukah kamu termasuk orang-orang yang bermain-main ?"</text>
      </translation>
    </translations>
    <rules>[{"start": 40, "end": 43, "rule_id": 6}]</rules>
  </verse>
  <verse>
    <verseIdArabic>٥٦</verseIdArabic>
    <verseId>56</verseId>
    <chapterId>21</chapterId>
    <textIndopak>قَالَ بَل رَّبُّكُمۡ رَبُّ ٱلسَّمَٰوَٰتِ وَٱلۡأَرۡضِ ٱلَّذِي فَطَرَهُنَّ وَأَنَا۠ عَلَىٰ ذَٰلِكُم مِّنَ ٱلشَّٰهِدِينَ</textIndopak>
    <translations>
      <translation>
        <author>King Fahad Quran Complex</author>
        <text>Ibrāhīm berkata, "Sebenarnya, Tuhan kamu ialah Tuhan langit dan bumi yang telah menciptakannya dan aku termasuk orang-orang yang dapat memberikan bukti atas yang demikian itu".</text>
      </translation>
    </translations>
    <rules>[{"start": 69, "end": 72, "rule_id": 0}, {"start": 98, "end": 101, "rule_id": 0}, {"start": 96, "end": 101, "rule_id": 4}]</rules>
  </verse>
  <verse>
    <verseIdArabic>٥٧</verseIdArabic>
    <verseId>57</verseId>
    <chapterId>21</chapterId>
    <textIndopak>وَتَٱللَّهِ لَأَكِيدَنَّ أَصۡنَٰمَكُم بَعۡدَ أَن تُوَلُّواْ مُدۡبِرِينَ</textIndopak>
    <translations>
      <translation>
        <author>King Fahad Quran Complex</author>
        <text>Demi Allah, sesungguhnya aku akan melakukan tipu daya terhadap berhala-berhalamu sesudah kamu pergi meninggalkannya.</text>
      </translation>
    </translations>
    <rules>[{"start": 21, "end": 24, "rule_id": 0}, {"start": 62, "end": 64, "rule_id": 1}, {"start": 47, "end": 51, "rule_id": 6}, {"start": 36, "end": 40, "rule_id": 7}]</rules>
  </verse>
  <verse>
    <verseIdArabic>٥٨</verseIdArabic>
    <verseId>58</verseId>
    <chapterId>21</chapterId>
    <textIndopak>فَجَعَلَهُمۡ جُذَٰذًا إِلَّا كَبِيرٗا لَّهُمۡ لَعَلَّهُمۡ إِلَيۡهِ يَرۡجِعُونَ</textIndopak>
    <translations>
      <translation>
        <author>King Fahad Quran Complex</author>
        <text>Maka Ibrāhīm membuat berhala-berhala itu hancur berpotong-potong, kecuali yang terbesar (induk) dari patung-patung yang lain agar mereka kembali (untuk bertanya) kepadanya.</text>
      </translation>
    </translations>
    <rules>[{"start": 34, "end": 41, "rule_id": 5}]</rules>
  </verse>
  <verse>
    <verseIdArabic>٥٩</verseIdArabic>
    <verseId>59</verseId>
    <chapterId>21</chapterId>
    <textIndopak>قَالُواْ مَن فَعَلَ هَٰذَا بِـَٔالِهَتِنَآ إِنَّهُۥ لَمِنَ ٱلظَّٰلِمِينَ</textIndopak>
    <translations>
      <translation>
        <author>King Fahad Quran Complex</author>
        <text>Mereka berkata, "Siapakah yang melakukan perbuatan ini terhadap tuhan-tuhan kami; sesungguhnya dia termasuk orang-orang yang zalim".</text>
      </translation>
    </translations>
    <rules>[{"start": 46, "end": 49, "rule_id": 0}, {"start": 11, "end": 15, "rule_id": 6}]</rules>
  </verse>
  <verse>
    <verseIdArabic>٦٠</verseIdArabic>
    <verseId>60</verseId>
    <chapterId>21</chapterId>
    <textIndopak>قَالُواْ سَمِعۡنَا فَتٗى يَذۡكُرُهُمۡ يُقَالُ لَهُۥٓ إِبۡرَٰهِيمُ</textIndopak>
    <translations>
      <translation>
        <author>King Fahad Quran Complex</author>
        <text>Mereka berkata, "Kami dengar ada seorang pemuda yang mencela berhala-berhala ini yang bernama Ibrāhīm".</text>
      </translation>
    </translations>
    <rules>[{"start": 55, "end": 57, "rule_id": 1}]</rules>
  </verse>
  <verse>
    <verseIdArabic>٦١</verseIdArabic>
    <verseId>61</verseId>
    <chapterId>21</chapterId>
    <textIndopak>قَالُواْ فَأۡتُواْ بِهِۦ عَلَىٰٓ أَعۡيُنِ ٱلنَّاسِ لَعَلَّهُمۡ يَشۡهَدُونَ</textIndopak>
    <translations>
      <translation>
        <author>King Fahad Quran Complex</author>
        <text>Mereka berkata, "(Kalau demikian) bawalah dia dengan cara yang dapat dilihat orang banyak agar mereka menyaksikan".</text>
      </translation>
    </translations>
    <rules>[{"start": 44, "end": 47, "rule_id": 0}]</rules>
  </verse>
  <verse>
    <verseIdArabic>٦٢</verseIdArabic>
    <verseId>62</verseId>
    <chapterId>21</chapterId>
    <textIndopak>قَالُوٓاْ ءَأَنتَ فَعَلۡتَ هَٰذَا بِـَٔالِهَتِنَا يَٰٓإِبۡرَٰهِيمُ</textIndopak>
    <translations>
      <translation>
        <author>King Fahad Quran Complex</author>
        <text>Mereka bertanya, "Apakah kamu yang melakukan perbuatan ini terhadap tuhan-tuhan kami, hai Ibrāhīm?"</text>
      </translation>
    </translations>
    <rules>[{"start": 56, "end": 58, "rule_id": 1}, {"start": 14, "end": 17, "rule_id": 6}]</rules>
  </verse>
  <verse>
    <verseIdArabic>٦٣</verseIdArabic>
    <verseId>63</verseId>
    <chapterId>21</chapterId>
    <textIndopak>قَالَ بَلۡ فَعَلَهُۥ كَبِيرُهُمۡ هَٰذَا فَسۡـَٔلُوهُمۡ إِن كَانُواْ يَنطِقُونَ</textIndopak>
    <translations>
      <translation>
        <author>King Fahad Quran Complex</author>
        <text>Ibrāhīm menjawab, "Sebenarnya patung yang besar itulah yang melakukannya, maka tanyakanlah kepada berhala itu jika mereka dapat berbicara".</text>
      </translation>
    </translations>
    <rules>[{"start": 57, "end": 61, "rule_id": 6}, {"start": 70, "end": 73, "rule_id": 6}]</rules>
  </verse>
  <verse>
    <verseIdArabic>٦٤</verseIdArabic>
    <verseId>64</verseId>
    <chapterId>21</chapterId>
    <textIndopak>فَرَجَعُوٓاْ إِلَىٰٓ أَنفُسِهِمۡ فَقَالُوٓاْ إِنَّكُمۡ أَنتُمُ ٱلظَّٰلِمُونَ</textIndopak>
    <translations>
      <translation>
        <author>King Fahad Quran Complex</author>
        <text>Maka mereka telah kembali kepada kesadaran dan lalu berkata, "Sesungguhnya kamu sekalian adalah orang-orang yang menganiaya (diri sendiri)",</text>
      </translation>
    </translations>
    <rules>[{"start": 47, "end": 50, "rule_id": 0}, {"start": 23, "end": 26, "rule_id": 6}, {"start": 57, "end": 60, "rule_id": 6}]</rules>
  </verse>
  <verse>
    <verseIdArabic>٦٥</verseIdArabic>
    <verseId>65</verseId>
    <chapterId>21</chapterId>
    <textIndopak>ثُمَّ نُكِسُواْ عَلَىٰ رُءُوسِهِمۡ لَقَدۡ عَلِمۡتَ مَا هَٰٓؤُلَآءِ يَنطِقُونَ</textIndopak>
    <translations>
      <translation>
        <author>King Fahad Quran Complex</author>
        <text>kemudian kepala mereka jadi tertunduk (lalu berkata), "Sesungguhnya kamu (hai Ibrāhīm) telah mengetahui bahwa berhala-berhala itu tidak dapat berbicara."</text>
      </translation>
    </translations>
    <rules>[{"start": 2, "end": 5, "rule_id": 0}, {"start": 39, "end": 41, "rule_id": 1}, {"start": 70, "end": 73, "rule_id": 6}]</rules>
  </verse>
  <verse>
    <verseIdArabic>٦٦</verseIdArabic>
    <verseId>66</verseId>
    <chapterId>21</chapterId>
    <textIndopak>قَالَ أَفَتَعۡبُدُونَ مِن دُونِ ٱللَّهِ مَا لَا يَنفَعُكُمۡ شَيۡـٔٗا وَلَا يَضُرُّكُمۡ</textIndopak>
    <translations>
      <translation>
        <author>King Fahad Quran Complex</author>
        <text>Ibrāhīm berkata, "Maka mengapakah kamu menyembah selain Allah sesuatu yang tidak dapat memberi manfaat sedikit pun dan tidak (pula) memberi mudarat kepada kamu?"</text>
      </translation>
    </translations>
    <rules>[{"start": 65, "end": 71, "rule_id": 3}, {"start": 24, "end": 28, "rule_id": 6}, {"start": 50, "end": 53, "rule_id": 6}]</rules>
  </verse>
  <verse>
    <verseIdArabic>٦٧</verseIdArabic>
    <verseId>67</verseId>
    <chapterId>21</chapterId>
    <textIndopak>أُفّٖ لَّكُمۡ وَلِمَا تَعۡبُدُونَ مِن دُونِ ٱللَّهِۚ أَفَلَا تَعۡقِلُونَ</textIndopak>
    <translations>
      <translation>
        <author>King Fahad Quran Complex</author>
        <text>Ah (celakalah) kamu dan apa yang kamu sembah selain Allah. Maka apakah kamu tidak memahami?</text>
      </translation>
    </translations>
    <rules>[{"start": 2, "end": 9, "rule_id": 5}, {"start": 36, "end": 40, "rule_id": 6}]</rules>
  </verse>
  <verse>
    <verseIdArabic>٦٨</verseIdArabic>
    <verseId>68</verseId>
    <chapterId>21</chapterId>
    <textIndopak>قَالُواْ حَرِّقُوهُ وَٱنصُرُوٓاْ ءَالِهَتَكُمۡ إِن كُنتُمۡ فَٰعِلِينَ</textIndopak>
    <translations>
      <translation>
        <author>King Fahad Quran Complex</author>
        <text>Mereka berkata, "Bakarlah dia dan bantulah tuhan-tuhan kamu jika kamu benar-benar hendak bertindak".</text>
      </translation>
    </translations>
    <rules>[{"start": 23, "end": 26, "rule_id": 6}, {"start": 49, "end": 53, "rule_id": 6}, {"start": 53, "end": 56, "rule_id": 6}]</rules>
  </verse>
  <verse>
    <verseIdArabic>٦٩</verseIdArabic>
    <verseId>69</verseId>
    <chapterId>21</chapterId>
    <textIndopak>قُلۡنَا يَٰنَارُ كُونِي بَرۡدٗا وَسَلَٰمًا عَلَىٰٓ إِبۡرَٰهِيمَ</textIndopak>
    <translations>
      <translation>
        <author>King Fahad Quran Complex</author>
        <text>Kami berfirman, "Hai api menjadi dinginlah dan menjadi keselamatanlah bagi Ibrāhīm",</text>
      </translation>
    </translations>
    <rules>[{"start": 53, "end": 55, "rule_id": 1}, {"start": 28, "end": 34, "rule_id": 3}]</rules>
  </verse>
  <verse>
    <verseIdArabic>٧٠</verseIdArabic>
    <verseId>70</verseId>
    <chapterId>21</chapterId>
    <textIndopak>وَأَرَادُواْ بِهِۦ كَيۡدٗا فَجَعَلۡنَٰهُمُ ٱلۡأَخۡسَرِينَ</textIndopak>
    <translations>
      <translation>
        <author>King Fahad Quran Complex</author>
        <text>mereka hendak berbuat makar terhadap Ibrāhīm, maka Kami menjadikan mereka itu orang-orang yang paling merugi.</text>
      </translation>
    </translations>
  </verse>
  <verse>
    <verseIdArabic>٧١</verseIdArabic>
    <verseId>71</verseId>
    <chapterId>21</chapterId>
    <textIndopak>وَنَجَّيۡنَٰهُ وَلُوطًا إِلَى ٱلۡأَرۡضِ ٱلَّتِي بَٰرَكۡنَا فِيهَا لِلۡعَٰلَمِينَ</textIndopak>
    <translations>
      <translation>
        <author>King Fahad Quran Complex</author>
        <text>Dan Kami seIamatkan Ibrāhīm dan Lūṭ ke sebuah negeri yang Kami telah memberkahinya untuk sekalian manusia .</text>
      </translation>
    </translations>
  </verse>
  <verse>
    <verseIdArabic>٧٢</verseIdArabic>
    <verseId>72</verseId>
    <chapterId>21</chapterId>
    <textIndopak>وَوَهَبۡنَا لَهُۥٓ إِسۡحَٰقَ وَيَعۡقُوبَ نَافِلَةٗۖ وَكُلّٗا جَعَلۡنَا صَٰلِحِينَ</textIndopak>
    <translations>
      <translation>
        <author>King Fahad Quran Complex</author>
        <text>Dan Kami telah memberikan kepada-nya (Ibrāhīm), Isḥāq, dan Ya`qūb sebagai suatu anugerah (dari Kami). Dan masing-masing Kami jadikan orang-orang yang saleh</text>
      </translation>
    </translations>
    <rules>[{"start": 6, "end": 8, "rule_id": 1}, {"start": 48, "end": 55, "rule_id": 3}]</rules>
  </verse>
  <verse>
    <verseIdArabic>٧٣</verseIdArabic>
    <verseId>73</verseId>
    <chapterId>21</chapterId>
    <textIndopak>وَجَعَلۡنَٰهُمۡ أَئِمَّةٗ يَهۡدُونَ بِأَمۡرِنَا وَأَوۡحَيۡنَآ إِلَيۡهِمۡ فِعۡلَ ٱلۡخَيۡرَٰتِ وَإِقَامَ ٱلصَّلَوٰةِ وَإِيتَآءَ ٱلزَّكَوٰةِۖ وَكَانُواْ لَنَا عَٰبِدِينَ</textIndopak>
    <translations>
      <translation>
        <author>King Fahad Quran Complex</author>
        <text>Kami telah menjadikan mereka itu sebagai pemimpin-pemimpin yang memberi petunjuk dengan perintah Kami dan telah Kami wahyukan kepada mereka mengerjakan kebajikan, mendirikan salat, menunaikan zakat, dan hanya kepada Kamilah mereka selalu menyembah,</text>
      </translation>
    </translations>
    <rules>[{"start": 20, "end": 23, "rule_id": 0}, {"start": 23, "end": 28, "rule_id": 3}]</rules>
  </verse>
  <verse>
    <verseIdArabic>٧٤</verseIdArabic>
    <verseId>74</verseId>
    <chapterId>21</chapterId>
    <textIndopak>وَلُوطًا ءَاتَيۡنَٰهُ حُكۡمٗا وَعِلۡمٗا وَنَجَّيۡنَٰهُ مِنَ ٱلۡقَرۡيَةِ ٱلَّتِي كَانَت تَّعۡمَلُ ٱلۡخَبَٰٓئِثَۚ إِنَّهُمۡ كَانُواْ قَوۡمَ سَوۡءٖ فَٰسِقِينَ</textIndopak>
    <translations>
      <translation>
        <author>King Fahad Quran Complex</author>
        <text>dan kepada Lūṭ, Kami telah berikan hikmah dan ilmu dan telah Kami selamatkan dia dari (azab yang telah menimpa penduduk) kota yang mengerjakan perbuatan keji . Sesungguhnya, mereka adalah kaum yang jahat lagi fasik,</text>
      </translation>
    </translations>
    <rules>[{"start": 115, "end": 118, "rule_id": 0}, {"start": 26, "end": 32, "rule_id": 3}, {"start": 36, "end": 42, "rule_id": 3}, {"start": 143, "end": 149, "rule_id": 6}]</rules>
  </verse>
  <verse>
    <verseIdArabic>٧٥</verseIdArabic>
    <verseId>75</verseId>
    <chapterId>21</chapterId>
    <textIndopak>وَأَدۡخَلۡنَٰهُ فِي رَحۡمَتِنَآۖ إِنَّهُۥ مِنَ ٱلصَّٰلِحِينَ</textIndopak>
    <translations>
      <translation>
        <author>King Fahad Quran Complex</author>
        <text>dan Kami masukkan dia ke dalam rahmat Kami; karena sesungguhnya dia termasuk orang-orang yang saleh.</text>
      </translation>
    </translations>
    <rules>[{"start": 37, "end": 40, "rule_id": 0}, {"start": 4, "end": 6, "rule_id": 1}]</rules>
  </verse>
  <verse>
    <verseIdArabic>٧٦</verseIdArabic>
    <verseId>76</verseId>
    <chapterId>21</chapterId>
    <textIndopak>وَنُوحًا إِذۡ نَادَىٰ مِن قَبۡلُ فَٱسۡتَجَبۡنَا لَهُۥ فَنَجَّيۡنَٰهُ وَأَهۡلَهُۥ مِنَ ٱلۡكَرۡبِ ٱلۡعَظِيمِ</textIndopak>
    <translations>
      <translation>
        <author>King Fahad Quran Complex</author>
        <text>Dan (ingatlah kisah) Nūḥ, sebelum itu ketika dia berdoa dan Kami memperkenankan doanya, lalu Kami selamatkan dia beserta pengikutnya dari bencana yang besar.</text>
      </translation>
    </translations>
    <rules>[{"start": 28, "end": 30, "rule_id": 1}, {"start": 42, "end": 44, "rule_id": 1}, {"start": 24, "end": 28, "rule_id": 6}]</rules>
  </verse>
  <verse>
    <verseIdArabic>٧٧</verseIdArabic>
    <verseId>77</verseId>
    <chapterId>21</chapterId>
    <textIndopak>وَنَصَرۡنَٰهُ مِنَ ٱلۡقَوۡمِ ٱلَّذِينَ كَذَّبُواْ بِـَٔايَٰتِنَآۚ إِنَّهُمۡ كَانُواْ قَوۡمَ سَوۡءٖ فَأَغۡرَقۡنَٰهُمۡ أَجۡمَعِينَ</textIndopak>
    <translations>
      <translation>
        <author>King Fahad Quran Complex</author>
        <text>Dan Kami telah menolongnya dari kaum yang telah mendustakan ayat-ayat Kami. Sesungguhnya mereka adalah kaum yang jahat, maka Kami tenggelamkan mereka semuanya.</text>
      </translation>
    </translations>
    <rules>[{"start": 70, "end": 73, "rule_id": 0}, {"start": 109, "end": 111, "rule_id": 1}, {"start": 121, "end": 123, "rule_id": 1}, {"start": 98, "end": 103, "rule_id": 6}]</rules>
  </verse>
  <verse>
    <verseIdArabic>٧٨</verseIdArabic>
    <verseId>78</verseId>
    <chapterId>21</chapterId>
    <textIndopak>وَدَاوُۥدَ وَسُلَيۡمَٰنَ إِذۡ يَحۡكُمَانِ فِي ٱلۡحَرۡثِ إِذۡ نَفَشَتۡ فِيهِ غَنَمُ ٱلۡقَوۡمِ وَكُنَّا لِحُكۡمِهِمۡ شَٰهِدِينَ</textIndopak>
    <translations>
      <translation>
        <author>King Fahad Quran Complex</author>
        <text>Dan (ingatlah kisah) Dāwūd dan Sulaymān pada waktu keduanya memberikan keputusan mengenai tanaman karena tanaman itu dirusak oleh kambing-kambing kepunyaan kaumnya. Dan adalah Kami menyaksikan keputusan yang diberikan oleh mereka itu,</text>
      </translation>
    </translations>
    <rules>[{"start": 97, "end": 100, "rule_id": 0}]</rules>
  </verse>
  <verse>
    <verseIdArabic>٧٩</verseIdArabic>
    <verseId>79</verseId>
    <chapterId>21</chapterId>
    <textIndopak>فَفَهَّمۡنَٰهَا سُلَيۡمَٰنَۚ وَكُلًّا ءَاتَيۡنَا حُكۡمٗا وَعِلۡمٗاۚ وَسَخَّرۡنَا مَعَ دَاوُۥدَ ٱلۡجِبَالَ يُسَبِّحۡنَ وَٱلطَّيۡرَۚ وَكُنَّا فَٰعِلِينَ</textIndopak>
    <translations>
      <translation>
        <author>King Fahad Quran Complex</author>
        <text>maka Kami telah memberikan pengertian kepada Sulaymān tentang hukum (yang lebih tepat) ; dan kepada masing-masing mereka telah Kami berikan hikmah dan ilmu dan telah Kami tundukkan gunung-gunung dan burung-burung; semua bertasbih bersama Dāwūd. Dan kamilah yang melakukannya.</text>
      </translation>
    </translations>
    <rules>[{"start": 138, "end": 141, "rule_id": 0}, {"start": 54, "end": 60, "rule_id": 3}]</rules>
  </verse>
  <verse>
    <verseIdArabic>٨٠</verseIdArabic>
    <verseId>80</verseId>
    <chapterId>21</chapterId>
    <textIndopak>وَعَلَّمۡنَٰهُ صَنۡعَةَ لَبُوسٖ لَّكُمۡ لِتُحۡصِنَكُم مِّنۢ بَأۡسِكُمۡۖ فَهَلۡ أَنتُمۡ شَٰكِرُونَ</textIndopak>
    <translations>
      <translation>
        <author>King Fahad Quran Complex</author>
        <text>Dan telah Kami ajarkan kepada Dāwūd membuat baju besi untuk kamu guna memelihara kamu dalam peperanganmu; Maka, hendaklah kamu bersyukur (kepada Allah).</text>
      </translation>
    </translations>
    <rules>[{"start": 54, "end": 57, "rule_id": 0}, {"start": 57, "end": 62, "rule_id": 2}, {"start": 52, "end": 57, "rule_id": 4}, {"start": 29, "end": 35, "rule_id": 5}, {"start": 82, "end": 85, "rule_id": 6}]</rules>
  </verse>
  <verse>
    <verseIdArabic>٨١</verseIdArabic>
    <verseId>81</verseId>
    <chapterId>21</chapterId>
    <textIndopak>وَلِسُلَيۡمَٰنَ ٱلرِّيحَ عَاصِفَةٗ تَجۡرِي بِأَمۡرِهِۦٓ إِلَى ٱلۡأَرۡضِ ٱلَّتِي بَٰرَكۡنَا فِيهَاۚ وَكُنَّا بِكُلِّ شَيۡءٍ عَٰلِمِينَ</textIndopak>
    <translations>
      <translation>
        <author>King Fahad Quran Complex</author>
        <text>Dan (telah Kami tundukkan) untuk Sulaymān, angin yang sangat kencang tiupannya yang berhembus dengan perintahnya ke negeri yang kami telah memberkatinya. Dan adalah Kami Maha Mengetahui segala sesuatu.</text>
      </translation>
    </translations>
    <rules>[{"start": 104, "end": 107, "rule_id": 0}, {"start": 37, "end": 39, "rule_id": 1}, {"start": 32, "end": 37, "rule_id": 6}]</rules>
  </verse>
  <verse>
    <verseIdArabic>٨٢</verseIdArabic>
    <verseId>82</verseId>
    <chapterId>21</chapterId>
    <textIndopak>وَمِنَ ٱلشَّيَٰطِينِ مَن يَغُوصُونَ لَهُۥ وَيَعۡمَلُونَ عَمَلٗا دُونَ ذَٰلِكَۖ وَكُنَّا لَهُمۡ حَٰفِظِينَ</textIndopak>
    <translations>
      <translation>
        <author>King Fahad Quran Complex</author>
        <text>Dan Kami telah tundukkan (pula kepada Sulaymān), segolongan setan-setan yang menyelam (ke dalam laut) untuknya dan mengerjakan pekerjaan selain daripada itu dan adalah Kami memelihara mereka itu,</text>
      </translation>
    </translations>
    <rules>[{"start": 84, "end": 87, "rule_id": 0}, {"start": 23, "end": 27, "rule_id": 3}]</rules>
  </verse>
  <verse>
    <verseIdArabic>٨٣</verseIdArabic>
    <verseId>83</verseId>
    <chapterId>21</chapterId>
    <textIndopak>۞ وَأَيُّوبَ إِذۡ نَادَىٰ رَبَّهُۥٓ أَنِّي مَسَّنِيَ ٱلضُّرُّ وَأَنتَ أَرۡحَمُ ٱلرَّٰحِمِينَ</textIndopak>
    <translations>
      <translation>
        <author>King Fahad Quran Complex</author>
        <text>dan (ingatlah kisah) Ayyūb ketika ia menyeru Tuhan-nya, "(Ya Tuhan-ku), sesungguhnya aku telah ditimpa penyakit dan Engkau adalah Tuhan Yang Maha Penyayang di antara semua penyayang".</text>
      </translation>
    </translations>
    <rules>[{"start": 38, "end": 41, "rule_id": 0}, {"start": 66, "end": 69, "rule_id": 6}]</rules>
  </verse>
  <verse>
    <verseIdArabic>٨٤</verseIdArabic>
    <verseId>84</verseId>
    <chapterId>21</chapterId>
    <textIndopak>فَٱسۡتَجَبۡنَا لَهُۥ فَكَشَفۡنَا مَا بِهِۦ مِن ضُرّٖۖ وَءَاتَيۡنَٰهُ أَهۡلَهُۥ وَمِثۡلَهُم مَّعَهُمۡ رَحۡمَةٗ مِّنۡ عِندِنَا وَذِكۡرَىٰ لِلۡعَٰبِدِينَ</textIndopak>
    <translations>
      <translation>
        <author>King Fahad Quran Complex</author>
        <text>Maka Kami pun memperkenankan seruannya itu, lalu Kami lenyapkan penyakit yang ada padanya dan Kami kembalikan keluarganya kepadanya; dan Kami lipat gandakan bilangan mereka sebagai suatu rahmat dari sisi Kami; dan untuk menjadi peringatan bagi semua yang menyembah Allah.</text>
      </translation>
    </translations>
    <rules>[{"start": 92, "end": 95, "rule_id": 0}, {"start": 111, "end": 114, "rule_id": 0}, {"start": 9, "end": 11, "rule_id": 1}, {"start": 49, "end": 57, "rule_id": 3}, {"start": 108, "end": 114, "rule_id": 3}, {"start": 90, "end": 95, "rule_id": 4}, {"start": 45, "end": 49, "rule_id": 6}, {"start": 119, "end": 122, "rule_id": 6}]</rules>
  </verse>
  <verse>
    <verseIdArabic>٨٥</verseIdArabic>
    <verseId>85</verseId>
    <chapterId>21</chapterId>
    <textIndopak>وَإِسۡمَٰعِيلَ وَإِدۡرِيسَ وَذَا ٱلۡكِفۡلِۖ كُلّٞ مِّنَ ٱلصَّٰبِرِينَ</textIndopak>
    <translations>
      <translation>
        <author>King Fahad Quran Complex</author>
        <text>Dan (ingatlah kisah) Ismā`īl, Idrīs dan Żulkifli. Semua mereka termasuk orang-orang yang sabar.</text>
      </translation>
    </translations>
    <rules>[{"start": 51, "end": 54, "rule_id": 0}, {"start": 19, "end": 21, "rule_id": 1}, {"start": 47, "end": 54, "rule_id": 3}]</rules>
  </verse>
  <verse>
    <verseIdArabic>٨٦</verseIdArabic>
    <verseId>86</verseId>
    <chapterId>21</chapterId>
    <textIndopak>وَأَدۡخَلۡنَٰهُمۡ فِي رَحۡمَتِنَآۖ إِنَّهُم مِّنَ ٱلصَّٰلِحِينَ</textIndopak>
    <translations>
      <translation>
        <author>King Fahad Quran Complex</author>
        <text>Kami telah memasukkan mereka ke dalam rahmat Kami. Sesungguhnya mereka termasuk orang-orang yang saleh.</text>
      </translation>
    </translations>
    <rules>[{"start": 39, "end": 42, "rule_id": 0}, {"start": 46, "end": 49, "rule_id": 0}, {"start": 4, "end": 6, "rule_id": 1}, {"start": 44, "end": 49, "rule_id": 4}]</rules>
  </verse>
  <verse>
    <verseIdArabic>٨٧</verseIdArabic>
    <verseId>87</verseId>
    <chapterId>21</chapterId>
    <textIndopak>وَذَا ٱلنُّونِ إِذ ذَّهَبَ مُغَٰضِبٗا فَظَنَّ أَن لَّن نَّقۡدِرَ عَلَيۡهِ فَنَادَىٰ فِي ٱلظُّلُمَٰتِ أَن لَّآ إِلَٰهَ إِلَّآ أَنتَ سُبۡحَٰنَكَ إِنِّي كُنتُ مِنَ ٱلظَّٰلِمِينَ</textIndopak>
    <translations>
      <translation>
        <author>King Fahad Quran Complex</author>
        <text>Dan (ingatlah kisah) Żān Nūn (Yūnus) ketika ia pergi dalam keadaan marah, lalu ia menyangka bahwa Kami tidak akan mempersempitnya (menyulitkannya), maka ia menyeru dalam keadaan yang sangat gelap , "Bahwa tidak ada Tuhan (yang berhak disembah) selain Engkau. Maha Suci Engkau; sesungguhnya aku adalah termasuk orang-orang yang zalim."</text>
      </translation>
    </translations>
    <rules>[{"start": 8, "end": 11, "rule_id": 0}, {"start": 42, "end": 45, "rule_id": 0}, {"start": 55, "end": 58, "rule_id": 0}, {"start": 147, "end": 150, "rule_id": 0}, {"start": 58, "end": 60, "rule_id": 1}, {"start": 135, "end": 137, "rule_id": 1}, {"start": 53, "end": 58, "rule_id": 3}, {"start": 48, "end": 53, "rule_id": 5}, {"start": 103, "end": 108, "rule_id": 5}, {"start": 129, "end": 132, "rule_id": 6}, {"start": 154, "end": 157, "rule_id": 6}]</rules>
  </verse>
  <verse>
    <verseIdArabic>٨٨</verseIdArabic>
    <verseId>88</verseId>
    <chapterId>21</chapterId>
    <textIndopak>فَٱسۡتَجَبۡنَا لَهُۥ وَنَجَّيۡنَٰهُ مِنَ ٱلۡغَمِّۚ وَكَذَٰلِكَ نُـۨجِي ٱلۡمُؤۡمِنِينَ</textIndopak>
    <translations>
      <translation>
        <author>King Fahad Quran Complex</author>
        <text>Maka Kami telah memperkenankan doanya dan menyelamatkannya daripada kedukaan. Dan demikianlah Kami selamatkan orang-orang yang beriman.</text>
      </translation>
    </translations>
    <rules>[{"start": 46, "end": 49, "rule_id": 0}, {"start": 9, "end": 11, "rule_id": 1}]</rules>
  </verse>
  <verse>
    <verseIdArabic>٨٩</verseIdArabic>
    <verseId>89</verseId>
    <chapterId>21</chapterId>
    <textIndopak>وَزَكَرِيَّآ إِذۡ نَادَىٰ رَبَّهُۥ رَبِّ لَا تَذَرۡنِي فَرۡدٗا وَأَنتَ خَيۡرُ ٱلۡوَٰرِثِينَ</textIndopak>
    <translations>
      <translation>
        <author>King Fahad Quran Complex</author>
        <text>Dan (ingatlah kisah) Zakariyyā tatkala ia menyeru Tuhan-nya, "Ya Tuhan-ku janganlah Engkau membiarkan aku hidup seorang diri dan Engkau-lah waris yang paling baik .</text>
      </translation>
    </translations>
    <rules>[{"start": 60, "end": 66, "rule_id": 3}, {"start": 68, "end": 71, "rule_id": 6}]</rules>
  </verse>
  <verse>
    <verseIdArabic>٩٠</verseIdArabic>
    <verseId>90</verseId>
    <chapterId>21</chapterId>
    <textIndopak>فَٱسۡتَجَبۡنَا لَهُۥ وَوَهَبۡنَا لَهُۥ يَحۡيَىٰ وَأَصۡلَحۡنَا لَهُۥ زَوۡجَهُۥٓۚ إِنَّهُمۡ كَانُواْ يُسَٰرِعُونَ فِي ٱلۡخَيۡرَٰتِ وَيَدۡعُونَنَا رَغَبٗا وَرَهَبٗاۖ وَكَانُواْ لَنَا خَٰشِعِينَ</textIndopak>
    <translations>
      <translation>
        <author>King Fahad Quran Complex</author>
        <text>Maka Kami memperkenankan doanya dan Kami anugerahkan kepadanya Yaḥyā dan Kami jadikan istrinya dapat mengandung. Sesungguhnya mereka adalah orang-orang yang selalu bersegera dalam (mengerjakan) perbuatan-perbuatan yang baik dan mereka berdoa kepada Kami dengan harap dan cemas . Dan mereka adalah orang-orang yang khusyuk kepada Kami.</text>
      </translation>
    </translations>
    <rules>[{"start": 83, "end": 86, "rule_id": 0}, {"start": 9, "end": 11, "rule_id": 1}, {"start": 27, "end": 29, "rule_id": 1}, {"start": 134, "end": 136, "rule_id": 1}, {"start": 149, "end": 155, "rule_id": 3}, {"start": 159, "end": 167, "rule_id": 3}]</rules>
  </verse>
  <verse>
    <verseIdArabic>٩١</verseIdArabic>
    <verseId>91</verseId>
    <chapterId>21</chapterId>
    <textIndopak>وَٱلَّتِيٓ أَحۡصَنَتۡ فَرۡجَهَا فَنَفَخۡنَا فِيهَا مِن رُّوحِنَا وَجَعَلۡنَٰهَا وَٱبۡنَهَآ ءَايَةٗ لِّلۡعَٰلَمِينَ</textIndopak>
    <translations>
      <translation>
        <author>King Fahad Quran Complex</author>
        <text>Dan (ingatlah kisah) Maryam yang telah memelihara kehormatannya, lalu Kami tiupkan ke dalam (tubuh)nya roh dari Kami dan Kami jadikan dia dan anaknya tanda (kekuasaan Allah) yang besar bagi semesta alam.</text>
      </translation>
    </translations>
    <rules>[{"start": 83, "end": 85, "rule_id": 1}, {"start": 53, "end": 58, "rule_id": 5}, {"start": 97, "end": 103, "rule_id": 5}]</rules>
  </verse>
  <verse>
    <verseIdArabic>٩٢</verseIdArabic>
    <verseId>92</verseId>
    <chapterId>21</chapterId>
    <textIndopak>إِنَّ هَٰذِهِۦٓ أُمَّتُكُمۡ أُمَّةٗ وَٰحِدَةٗ وَأَنَا۠ رَبُّكُمۡ فَٱعۡبُدُونِ</textIndopak>
    <translations>
      <translation>
        <author>King Fahad Quran Complex</author>
        <text>Sesungguhnya (agama Tauhid) ini adalah agama kamu semua; agama yang satu dan Aku adalah Tuhan-mu, maka sembahlah Aku.</text>
      </translation>
    </translations>
    <rules>[{"start": 2, "end": 5, "rule_id": 0}, {"start": 18, "end": 21, "rule_id": 0}, {"start": 30, "end": 33, "rule_id": 0}, {"start": 33, "end": 39, "rule_id": 3}, {"start": 43, "end": 48, "rule_id": 3}]</rules>
  </verse>
  <verse>
    <verseIdArabic>٩٣</verseIdArabic>
    <verseId>93</verseId>
    <chapterId>21</chapterId>
    <textIndopak>وَتَقَطَّعُوٓاْ أَمۡرَهُم بَيۡنَهُمۡۖ كُلٌّ إِلَيۡنَا رَٰجِعُونَ</textIndopak>
    <translations>
      <translation>
        <author>King Fahad Quran Complex</author>
        <text>Dan mereka telah memotong-motong urusan (agama) mereka di antara mereka. Kepada Kamilah, masing-masing golongan itu akan kembali .</text>
      </translation>
    </translations>
    <rules>[{"start": 24, "end": 28, "rule_id": 7}]</rules>
  </verse>
  <verse>
    <verseIdArabic>٩٤</verseIdArabic>
    <verseId>94</verseId>
    <chapterId>21</chapterId>
    <textIndopak>فَمَن يَعۡمَلۡ مِنَ ٱلصَّٰلِحَٰتِ وَهُوَ مُؤۡمِنٞ فَلَا كُفۡرَانَ لِسَعۡيِهِۦ وَإِنَّا لَهُۥ كَٰتِبُونَ</textIndopak>
    <translations>
      <translation>
        <author>King Fahad Quran Complex</author>
        <text>Maka barang siapa yang mengerjakan amal saleh, sedang ia beriman, maka tidak ada pengingkaran terhadap amalannya itu dan sesungguhnya Kami menuliskan amalannya itu untuknya.</text>
      </translation>
    </translations>
    <rules>[{"start": 82, "end": 85, "rule_id": 0}, {"start": 4, "end": 8, "rule_id": 3}, {"start": 47, "end": 52, "rule_id": 6}]</rules>
  </verse>
  <verse>
    <verseIdArabic>٩٥</verseIdArabic>
    <verseId>95</verseId>
    <chapterId>21</chapterId>
    <textIndopak>وَحَرَٰمٌ عَلَىٰ قَرۡيَةٍ أَهۡلَكۡنَٰهَآ أَنَّهُمۡ لَا يَرۡجِعُونَ</textIndopak>
    <translations>
      <translation>
        <author>King Fahad Quran Complex</author>
        <text>Sungguh tidak mungkin atas (penduduk) suatu negeri yang telah Kami binasakan bahwa mereka tidak akan kembali (kepada Kami).</text>
      </translation>
    </translations>
    <rules>[{"start": 44, "end": 47, "rule_id": 0}]</rules>
  </verse>
  <verse>
    <verseIdArabic>٩٦</verseIdArabic>
    <verseId>96</verseId>
    <chapterId>21</chapterId>
    <textIndopak>حَتَّىٰٓ إِذَا فُتِحَتۡ يَأۡجُوجُ وَمَأۡجُوجُ وَهُم مِّن كُلِّ حَدَبٖ يَنسِلُونَ</textIndopak>
    <translations>
      <translation>
        <author>King Fahad Quran Complex</author>
        <text>Hingga apabila dibukakan (tembok) Ya’jūj dan Ma’jūj dan mereka turun dengan cepat dari seluruh tempat yang tinggi.</text>
      </translation>
    </translations>
    <rules>[{"start": 52, "end": 55, "rule_id": 0}, {"start": 67, "end": 72, "rule_id": 3}, {"start": 50, "end": 55, "rule_id": 4}, {"start": 55, "end": 59, "rule_id": 6}, {"start": 72, "end": 75, "rule_id": 6}]</rules>
  </verse>
  <verse>
    <verseIdArabic>٩٧</verseIdArabic>
    <verseId>97</verseId>
    <chapterId>21</chapterId>
    <textIndopak>وَٱقۡتَرَبَ ٱلۡوَعۡدُ ٱلۡحَقُّ فَإِذَا هِيَ شَٰخِصَةٌ أَبۡصَٰرُ ٱلَّذِينَ كَفَرُواْ يَٰوَيۡلَنَا قَدۡ كُنَّا فِي غَفۡلَةٖ مِّنۡ هَٰذَا بَلۡ كُنَّا ظَٰلِمِينَ</textIndopak>
    <translations>
      <translation>
        <author>King Fahad Quran Complex</author>
        <text>Dan telah dekatlah kedatangan janji yang benar (hari berbangkit), maka tiba-tiba terbelalaklah mata orang-orang yang kafir. (Mereka berkata), "Aduhai, celakalah kami; sesungguhnya kami adalah dalam kelalaian tentang ini, bahkan kami adalah orang-orang yang zalim".</text>
      </translation>
    </translations>
    <rules>[{"start": 104, "end": 107, "rule_id": 0}, {"start": 122, "end": 125, "rule_id": 0}, {"start": 142, "end": 145, "rule_id": 0}, {"start": 3, "end": 5, "rule_id": 1}, {"start": 56, "end": 58, "rule_id": 1}, {"start": 99, "end": 101, "rule_id": 1}, {"start": 119, "end": 125, "rule_id": 3}]</rules>
  </verse>
  <verse>
    <verseIdArabic>٩٨</verseIdArabic>
    <verseId>98</verseId>
    <chapterId>21</chapterId>
    <textIndopak>إِنَّكُمۡ وَمَا تَعۡبُدُونَ مِن دُونِ ٱللَّهِ حَصَبُ جَهَنَّمَ أَنتُمۡ لَهَا وَٰرِدُونَ</textIndopak>
    <translations>
      <translation>
        <author>King Fahad Quran Complex</author>
        <text>Sesungguhnya kamu dan apa yang kamu sembah selain Allah adalah umpan Jahanam; kamu pasti masuk ke dalamnya.</text>
      </translation>
    </translations>
    <rules>[{"start": 2, "end": 5, "rule_id": 0}, {"start": 57, "end": 60, "rule_id": 0}, {"start": 30, "end": 34, "rule_id": 6}, {"start": 65, "end": 68, "rule_id": 6}]</rules>
  </verse>
  <verse>
    <verseIdArabic>٩٩</verseIdArabic>
    <verseId>99</verseId>
    <chapterId>21</chapterId>
    <textIndopak>لَوۡ كَانَ هَٰٓؤُلَآءِ ءَالِهَةٗ مَّا وَرَدُوهَاۖ وَكُلّٞ فِيهَا خَٰلِدُونَ</textIndopak>
    <translations>
      <translation>
        <author>King Fahad Quran Complex</author>
        <text>Andaikata berhala-berhala itu Tuhan, tentulah mereka tidak masuk neraka. Dan semuanya akan kekal di dalamnya.</text>
      </translation>
    </translations>
    <rules>[{"start": 34, "end": 37, "rule_id": 0}, {"start": 31, "end": 37, "rule_id": 3}, {"start": 56, "end": 62, "rule_id": 6}]</rules>
  </verse>
  <verse>
    <verseIdArabic>١٠٠</verseIdArabic>
    <verseId>100</verseId>
    <chapterId>21</chapterId>
    <textIndopak>لَهُمۡ فِيهَا زَفِيرٞ وَهُمۡ فِيهَا لَا يَسۡمَعُونَ</textIndopak>
    <translations>
      <translation>
        <author>King Fahad Quran Complex</author>
        <text>Mereka merintih di dalam api dan mereka di dalamnya tidak bisa mendengar.</text>
      </translation>
    </translations>
    <rules>[{"start": 19, "end": 24, "rule_id": 3}]</rules>
  </verse>
  <verse>
    <verseIdArabic>١٠١</verseIdArabic>
    <verseId>101</verseId>
    <chapterId>21</chapterId>
    <textIndopak>إِنَّ ٱلَّذِينَ سَبَقَتۡ لَهُم مِّنَّا ٱلۡحُسۡنَىٰٓ أُوْلَٰٓئِكَ عَنۡهَا مُبۡعَدُونَ</textIndopak>
    <translations>
      <translation>
        <author>King Fahad Quran Complex</author>
        <text>Bahwasanya orang-orang yang telah ada untuk mereka ketetapan yang baik dari Kami, mereka itu dijauhkan dari neraka,</text>
      </translation>
    </translations>
    <rules>[{"start": 2, "end": 5, "rule_id": 0}, {"start": 31, "end": 34, "rule_id": 0}, {"start": 34, "end": 37, "rule_id": 0}, {"start": 75, "end": 77, "rule_id": 1}, {"start": 29, "end": 34, "rule_id": 4}]</rules>
  </verse>
  <verse>
    <verseIdArabic>١٠٢</verseIdArabic>
    <verseId>102</verseId>
    <chapterId>21</chapterId>
    <textIndopak>لَا يَسۡمَعُونَ حَسِيسَهَاۖ وَهُمۡ فِي مَا ٱشۡتَهَتۡ أَنفُسُهُمۡ خَٰلِدُونَ</textIndopak>
    <translations>
      <translation>
        <author>King Fahad Quran Complex</author>
        <text>mereka tidak mendengar sedikit pun suara api neraka dan mereka kekal dalam menikmati apa yang diingini oleh mereka.</text>
      </translation>
    </translations>
    <rules>[{"start": 56, "end": 59, "rule_id": 6}]</rules>
  </verse>
  <verse>
    <verseIdArabic>١٠٣</verseIdArabic>
    <verseId>103</verseId>
    <chapterId>21</chapterId>
    <textIndopak>لَا يَحۡزُنُهُمُ ٱلۡفَزَعُ ٱلۡأَكۡبَرُ وَتَتَلَقَّىٰهُمُ ٱلۡمَلَٰٓئِكَةُ هَٰذَا يَوۡمُكُمُ ٱلَّذِي كُنتُمۡ تُوعَدُونَ</textIndopak>
    <translations>
      <translation>
        <author>King Fahad Quran Complex</author>
        <text>Mereka tidak disusahkan oleh kedahsyatan yang besar (pada hari kiamat) dan mereka disambut oleh para malaikat. (Malaikat berkata), "Inilah harimu yang telah dijanjikan kepadamu".</text>
      </translation>
    </translations>
    <rules>[{"start": 101, "end": 104, "rule_id": 6}]</rules>
  </verse>
  <verse>
    <verseIdArabic>١٠٤</verseIdArabic>
    <verseId>104</verseId>
    <chapterId>21</chapterId>
    <textIndopak>يَوۡمَ نَطۡوِي ٱلسَّمَآءَ كَطَيِّ ٱلسِّجِلِّ لِلۡكُتُبِۚ كَمَا بَدَأۡنَآ أَوَّلَ خَلۡقٖ نُّعِيدُهُۥۚ وَعۡدًا عَلَيۡنَآۚ إِنَّا كُنَّا فَٰعِلِينَ</textIndopak>
    <translations>
      <translation>
        <author>King Fahad Quran Complex</author>
        <text>(Yaitu) pada hari Kami gulung langit sebagai menggulung lembaran-lembaran kertas. Sebagaimana Kami telah memulai panciptaan pertama, begitulah Kami akan mengulanginya. Itulah suatu janji yang pasti Kami tepati; sesungguhnya Kamilah yang akan melaksanakannya.</text>
      </translation>
    </translations>
    <rules>[{"start": 91, "end": 94, "rule_id": 0}, {"start": 128, "end": 131, "rule_id": 0}, {"start": 135, "end": 138, "rule_id": 0}, {"start": 9, "end": 11, "rule_id": 1}, {"start": 88, "end": 94, "rule_id": 3}]</rules>
  </verse>
  <verse>
    <verseIdArabic>١٠٥</verseIdArabic>
    <verseId>105</verseId>
    <chapterId>21</chapterId>
    <textIndopak>وَلَقَدۡ كَتَبۡنَا فِي ٱلزَّبُورِ مِنۢ بَعۡدِ ٱلذِّكۡرِ أَنَّ ٱلۡأَرۡضَ يَرِثُهَا عِبَادِيَ ٱلصَّٰلِحُونَ</textIndopak>
    <translations>
      <translation>
        <author>King Fahad Quran Complex</author>
        <text>Dan sungguh telah Kami tulis di dalam Zabur sesudah (Kami tulis dalam) Lawḥ Maḥfūẓ bahwasanya bumi ini dipusakai hamba-hamba-Ku yang saleh.</text>
      </translation>
    </translations>
    <rules>[{"start": 58, "end": 61, "rule_id": 0}, {"start": 6, "end": 8, "rule_id": 1}, {"start": 13, "end": 15, "rule_id": 1}, {"start": 36, "end": 41, "rule_id": 2}]</rules>
  </verse>
  <verse>
    <verseIdArabic>١٠٦</verseIdArabic>
    <verseId>106</verseId>
    <chapterId>21</chapterId>
    <textIndopak>إِنَّ فِي هَٰذَا لَبَلَٰغٗا لِّقَوۡمٍ عَٰبِدِينَ</textIndopak>
    <translations>
      <translation>
        <author>King Fahad Quran Complex</author>
        <text>Sesungguhnya (apa yang disebutkan) dalam (surat) ini, benar-benar menjadi peringatan bagi kaum yang menyembah (Allah).</text>
      </translation>
    </translations>
    <rules>[{"start": 2, "end": 5, "rule_id": 0}, {"start": 24, "end": 31, "rule_id": 5}]</rules>
  </verse>
  <verse>
    <verseIdArabic>١٠٧</verseIdArabic>
    <verseId>107</verseId>
    <chapterId>21</chapterId>
    <textIndopak>وَمَآ أَرۡسَلۡنَٰكَ إِلَّا رَحۡمَةٗ لِّلۡعَٰلَمِينَ</textIndopak>
    <translations>
      <translation>
        <author>King Fahad Quran Complex</author>
        <text>Dan tiadalah Kami mengutus kamu, melainkan untuk (menjadi) rahmat bagi semesta alam.</text>
      </translation>
    </translations>
    <rules>[{"start": 34, "end": 40, "rule_id": 5}]</rules>
  </verse>
  <verse>
    <verseIdArabic>١٠٨</verseIdArabic>
    <verseId>108</verseId>
    <chapterId>21</chapterId>
    <textIndopak>قُلۡ إِنَّمَا يُوحَىٰٓ إِلَيَّ أَنَّمَآ إِلَٰهُكُمۡ إِلَٰهٞ وَٰحِدٞۖ فَهَلۡ أَنتُم مُّسۡلِمُونَ</textIndopak>
    <translations>
      <translation>
        <author>King Fahad Quran Complex</author>
        <text>Katakanlah, "Sesungguhnya yang diwahyukan kepadaku adalah, "Bahwasanya Tuhan-mu adalah Tuhan Yang Esa, maka hendaklah kamu berserah diri (kepada-Nya)".</text>
      </translation>
    </translations>
    <rules>[{"start": 7, "end": 10, "rule_id": 0}, {"start": 33, "end": 36, "rule_id": 0}, {"start": 85, "end": 88, "rule_id": 0}, {"start": 58, "end": 64, "rule_id": 3}, {"start": 83, "end": 88, "rule_id": 4}, {"start": 80, "end": 83, "rule_id": 6}]</rules>
  </verse>
  <verse>
    <verseIdArabic>١٠٩</verseIdArabic>
    <verseId>109</verseId>
    <chapterId>21</chapterId>
    <textIndopak>فَإِن تَوَلَّوۡاْ فَقُلۡ ءَاذَنتُكُمۡ عَلَىٰ سَوَآءٖۖ وَإِنۡ أَدۡرِيٓ أَقَرِيبٌ أَم بَعِيدٞ مَّا تُوعَدُونَ</textIndopak>
    <translations>
      <translation>
        <author>King Fahad Quran Complex</author>
        <text>Jika mereka berpaling, maka katakanlah, "Aku telah menyampaikan kepada kamu sekalian (ajaran) yang sama (antara kita) dan aku tidak mengetahui apakah yang diancamkan kepadamu itu sudah dekat atau masih jauh?".</text>
      </translation>
    </translations>
    <rules>[{"start": 94, "end": 97, "rule_id": 0}, {"start": 65, "end": 67, "rule_id": 1}, {"start": 51, "end": 58, "rule_id": 3}, {"start": 91, "end": 97, "rule_id": 3}, {"start": 4, "end": 8, "rule_id": 6}, {"start": 30, "end": 33, "rule_id": 6}, {"start": 84, "end": 88, "rule_id": 7}]</rules>
  </verse>
  <verse>
    <verseIdArabic>١١٠</verseIdArabic>
    <verseId>110</verseId>
    <chapterId>21</chapterId>
    <textIndopak>إِنَّهُۥ يَعۡلَمُ ٱلۡجَهۡرَ مِنَ ٱلۡقَوۡلِ وَيَعۡلَمُ مَا تَكۡتُمُونَ</textIndopak>
    <translations>
      <translation>
        <author>King Fahad Quran Complex</author>
        <text>Sesungguhnya Dia mengetahui perkataan (yang kamu ucapkan) dengan terang-terangan dan Dia mengetahui apa yang kamu rahasiakan.</text>
      </translation>
    </translations>
    <rules>[{"start": 2, "end": 5, "rule_id": 0}]</rules>
  </verse>
  <verse>
    <verseIdArabic>١١١</verseIdArabic>
    <verseId>111</verseId>
    <chapterId>21</chapterId>
    <textIndopak>وَإِنۡ أَدۡرِي لَعَلَّهُۥ فِتۡنَةٞ لَّكُمۡ وَمَتَٰعٌ إِلَىٰ حِينٖ</textIndopak>
    <translations>
      <translation>
        <author>King Fahad Quran Complex</author>
        <text>Dan aku tiada mengetahui, boleh jadi hal itu cobaan bagi kamu dan kesenangan sampai kepada suatu waktu.</text>
      </translation>
    </translations>
    <rules>[{"start": 9, "end": 11, "rule_id": 1}, {"start": 32, "end": 38, "rule_id": 5}]</rules>
  </verse>
  <verse>
    <verseIdArabic>١١٢</verseIdArabic>
    <verseId>112</verseId>
    <chapterId>21</chapterId>
    <textIndopak>قَٰلَ رَبِّ ٱحۡكُم بِٱلۡحَقِّۗ وَرَبُّنَا ٱلرَّحۡمَٰنُ ٱلۡمُسۡتَعَانُ عَلَىٰ مَا تَصِفُونَ</textIndopak>
    <translations>
      <translation>
        <author>King Fahad Quran Complex</author>
        <text>(Muhammad) berkata, "Ya Tuhan-ku, berilah keputusan dengan adil . Dan Tuhan kami ialah Tuhan Yang Maha Pemurah lagi Yang dimohon pertolongan-Nya terhadap apa yang kamu katakan".</text>
      </translation>
    </translations>
    <rules>[{"start": 17, "end": 21, "rule_id": 7}]</rules>
  </verse>
</verses>
