<?xml version="1.0" encoding="UTF-8"?>

<verses>
  <verse>
    <verseIdArabic>١</verseIdArabic>
    <verseId>1</verseId>
    <chapterId>23</chapterId>
    <textIndopak>قَدۡ أَفۡلَحَ ٱلۡمُؤۡمِنُونَ</textIndopak>
    <translations>
      <translation>
        <author>King Fahad Quran Complex</author>
        <text>Sesungguhnya beruntunglah orang-orang yang beriman,</text>
      </translation>
    </translations>
    <rules>[{"start": 2, "end": 4, "rule_id": 1}]</rules>
  </verse>
  <verse>
    <verseIdArabic>٢</verseIdArabic>
    <verseId>2</verseId>
    <chapterId>23</chapterId>
    <textIndopak>ٱلَّذِينَ هُمۡ فِي صَلَاتِهِمۡ خَٰشِعُونَ</textIndopak>
    <translations>
      <translation>
        <author>King Fahad Quran Complex</author>
        <text>(yaitu) orang-orang yang khusyuk dalam salatnya,</text>
      </translation>
    </translations>
  </verse>
  <verse>
    <verseIdArabic>٣</verseIdArabic>
    <verseId>3</verseId>
    <chapterId>23</chapterId>
    <textIndopak>وَٱلَّذِينَ هُمۡ عَنِ ٱللَّغۡوِ مُعۡرِضُونَ</textIndopak>
    <translations>
      <translation>
        <author>King Fahad Quran Complex</author>
        <text>dan orang-orang yang menjauhkan diri dari (perbuatan dan perkataan) yang tiada berguna,</text>
      </translation>
    </translations>
  </verse>
  <verse>
    <verseIdArabic>٤</verseIdArabic>
    <verseId>4</verseId>
    <chapterId>23</chapterId>
    <textIndopak>وَٱلَّذِينَ هُمۡ لِلزَّكَوٰةِ فَٰعِلُونَ</textIndopak>
    <translations>
      <translation>
        <author>King Fahad Quran Complex</author>
        <text>dan orang-orang yang menunaikan zakat,</text>
      </translation>
    </translations>
  </verse>
  <verse>
    <verseIdArabic>٥</verseIdArabic>
    <verseId>5</verseId>
    <chapterId>23</chapterId>
    <textIndopak>وَٱلَّذِينَ هُمۡ لِفُرُوجِهِمۡ حَٰفِظُونَ</textIndopak>
    <translations>
      <translation>
        <author>King Fahad Quran Complex</author>
        <text>dan orang-orang yang menjaga kemaluannya,</text>
      </translation>
    </translations>
  </verse>
  <verse>
    <verseIdArabic>٦</verseIdArabic>
    <verseId>6</verseId>
    <chapterId>23</chapterId>
    <textIndopak>إِلَّا عَلَىٰٓ أَزۡوَٰجِهِمۡ أَوۡ مَا مَلَكَتۡ أَيۡمَٰنُهُمۡ فَإِنَّهُمۡ غَيۡرُ مَلُومِينَ</textIndopak>
    <translations>
      <translation>
        <author>King Fahad Quran Complex</author>
        <text>kecuali terhadap istri-istri mereka atau budak yang mereka miliki , maka sesungguhnya mereka dalam hal ini tiada tercela.</text>
      </translation>
    </translations>
    <rules>[{"start": 65, "end": 68, "rule_id": 0}]</rules>
  </verse>
  <verse>
    <verseIdArabic>٧</verseIdArabic>
    <verseId>7</verseId>
    <chapterId>23</chapterId>
    <textIndopak>فَمَنِ ٱبۡتَغَىٰ وَرَآءَ ذَٰلِكَ فَأُوْلَٰٓئِكَ هُمُ ٱلۡعَادُونَ</textIndopak>
    <translations>
      <translation>
        <author>King Fahad Quran Complex</author>
        <text>Barang siapa mencari yang di balik itu , maka mereka itulah orang-orang yang melampaui batas.</text>
      </translation>
    </translations>
    <rules>[{"start": 8, "end": 10, "rule_id": 1}]</rules>
  </verse>
  <verse>
    <verseIdArabic>٨</verseIdArabic>
    <verseId>8</verseId>
    <chapterId>23</chapterId>
    <textIndopak>وَٱلَّذِينَ هُمۡ لِأَمَٰنَٰتِهِمۡ وَعَهۡدِهِمۡ رَٰعُونَ</textIndopak>
    <translations>
      <translation>
        <author>King Fahad Quran Complex</author>
        <text>Dan orang-orang yang memelihara amanat-amanat (yang dipikulnya) dan janjinya,</text>
      </translation>
    </translations>
  </verse>
  <verse>
    <verseIdArabic>٩</verseIdArabic>
    <verseId>9</verseId>
    <chapterId>23</chapterId>
    <textIndopak>وَٱلَّذِينَ هُمۡ عَلَىٰ صَلَوَٰتِهِمۡ يُحَافِظُونَ</textIndopak>
    <translations>
      <translation>
        <author>King Fahad Quran Complex</author>
        <text>dan orang-orang yang memelihara salatnya.</text>
      </translation>
    </translations>
  </verse>
  <verse>
    <verseIdArabic>١٠</verseIdArabic>
    <verseId>10</verseId>
    <chapterId>23</chapterId>
    <textIndopak>أُوْلَٰٓئِكَ هُمُ ٱلۡوَٰرِثُونَ</textIndopak>
    <translations>
      <translation>
        <author>King Fahad Quran Complex</author>
        <text>Mereka itulah orang-orang yang akan mewarisi,</text>
      </translation>
    </translations>
  </verse>
  <verse>
    <verseIdArabic>١١</verseIdArabic>
    <verseId>11</verseId>
    <chapterId>23</chapterId>
    <textIndopak>ٱلَّذِينَ يَرِثُونَ ٱلۡفِرۡدَوۡسَ هُمۡ فِيهَا خَٰلِدُونَ</textIndopak>
    <translations>
      <translation>
        <author>King Fahad Quran Complex</author>
        <text>(yakni) yang akan mewarisi Surga Firdaus. Mereka kekal di dalamnya.</text>
      </translation>
    </translations>
  </verse>
  <verse>
    <verseIdArabic>١٢</verseIdArabic>
    <verseId>12</verseId>
    <chapterId>23</chapterId>
    <textIndopak>وَلَقَدۡ خَلَقۡنَا ٱلۡإِنسَٰنَ مِن سُلَٰلَةٖ مِّن طِينٖ</textIndopak>
    <translations>
      <translation>
        <author>King Fahad Quran Complex</author>
        <text>Dan sesungguhnya, Kami telah menciptakan manusia dari suatu sari pati (berasal) dari tanah.</text>
      </translation>
    </translations>
    <rules>[{"start": 45, "end": 48, "rule_id": 0}, {"start": 6, "end": 8, "rule_id": 1}, {"start": 13, "end": 15, "rule_id": 1}, {"start": 42, "end": 48, "rule_id": 3}, {"start": 24, "end": 28, "rule_id": 6}, {"start": 33, "end": 37, "rule_id": 6}, {"start": 48, "end": 52, "rule_id": 6}]</rules>
  </verse>
  <verse>
    <verseIdArabic>١٣</verseIdArabic>
    <verseId>13</verseId>
    <chapterId>23</chapterId>
    <textIndopak>ثُمَّ جَعَلۡنَٰهُ نُطۡفَةٗ فِي قَرَارٖ مَّكِينٖ</textIndopak>
    <translations>
      <translation>
        <author>King Fahad Quran Complex</author>
        <text>Kemudian, Kami jadikan sari pati itu air mani (yang disimpan) dalam tempat yang kokoh (rahim).</text>
      </translation>
    </translations>
    <rules>[{"start": 2, "end": 5, "rule_id": 0}, {"start": 39, "end": 42, "rule_id": 0}, {"start": 20, "end": 22, "rule_id": 1}, {"start": 36, "end": 42, "rule_id": 3}, {"start": 24, "end": 29, "rule_id": 6}]</rules>
  </verse>
  <verse>
    <verseIdArabic>١٤</verseIdArabic>
    <verseId>14</verseId>
    <chapterId>23</chapterId>
    <textIndopak>ثُمَّ خَلَقۡنَا ٱلنُّطۡفَةَ عَلَقَةٗ فَخَلَقۡنَا ٱلۡعَلَقَةَ مُضۡغَةٗ فَخَلَقۡنَا ٱلۡمُضۡغَةَ عِظَٰمٗا فَكَسَوۡنَا ٱلۡعِظَٰمَ لَحۡمٗا ثُمَّ أَنشَأۡنَٰهُ خَلۡقًا ءَاخَرَۚ فَتَبَارَكَ ٱللَّهُ أَحۡسَنُ ٱلۡخَٰلِقِينَ</textIndopak>
    <translations>
      <translation>
        <author>King Fahad Quran Complex</author>
        <text>Kemudian, air mani itu Kami jadikan segumpal darah, lalu segumpal darah itu Kami jadikan segumpal daging, dan segumpal daging itu Kami jadikan tulang belulang, lalu tulang belulang itu Kami bungkus dengan daging. Kemudian, Kami jadikan dia makhluk yang (berbentuk) lain. Maka Maha sucilah Allah, Pencipta Yang Paling Baik.</text>
      </translation>
    </translations>
    <rules>[{"start": 2, "end": 5, "rule_id": 0}, {"start": 18, "end": 21, "rule_id": 0}, {"start": 136, "end": 139, "rule_id": 0}, {"start": 10, "end": 12, "rule_id": 1}, {"start": 21, "end": 23, "rule_id": 1}, {"start": 43, "end": 45, "rule_id": 1}, {"start": 76, "end": 78, "rule_id": 1}, {"start": 142, "end": 145, "rule_id": 6}, {"start": 34, "end": 39, "rule_id": 6}, {"start": 67, "end": 72, "rule_id": 6}]</rules>
  </verse>
  <verse>
    <verseIdArabic>١٥</verseIdArabic>
    <verseId>15</verseId>
    <chapterId>23</chapterId>
    <textIndopak>ثُمَّ إِنَّكُم بَعۡدَ ذَٰلِكَ لَمَيِّتُونَ</textIndopak>
    <translations>
      <translation>
        <author>King Fahad Quran Complex</author>
        <text>Kemudian sesudah itu, sesungguhnya kamu sekalian benar-benar akan mati.</text>
      </translation>
    </translations>
    <rules>[{"start": 2, "end": 5, "rule_id": 0}, {"start": 8, "end": 11, "rule_id": 0}, {"start": 13, "end": 17, "rule_id": 7}]</rules>
  </verse>
  <verse>
    <verseIdArabic>١٦</verseIdArabic>
    <verseId>16</verseId>
    <chapterId>23</chapterId>
    <textIndopak>ثُمَّ إِنَّكُمۡ يَوۡمَ ٱلۡقِيَٰمَةِ تُبۡعَثُونَ</textIndopak>
    <translations>
      <translation>
        <author>King Fahad Quran Complex</author>
        <text>Kemudian, sesungguhnya kamu sekalian akan dibangkitkan (dari kuburmu) pada hari kiamat.</text>
      </translation>
    </translations>
    <rules>[{"start": 2, "end": 5, "rule_id": 0}, {"start": 8, "end": 11, "rule_id": 0}, {"start": 38, "end": 40, "rule_id": 1}]</rules>
  </verse>
  <verse>
    <verseIdArabic>١٧</verseIdArabic>
    <verseId>17</verseId>
    <chapterId>23</chapterId>
    <textIndopak>وَلَقَدۡ خَلَقۡنَا فَوۡقَكُمۡ سَبۡعَ طَرَآئِقَ وَمَا كُنَّا عَنِ ٱلۡخَلۡقِ غَٰفِلِينَ</textIndopak>
    <translations>
      <translation>
        <author>King Fahad Quran Complex</author>
        <text>Dan sesungguhnya, Kami telah menciptakan di atas kamu tujuh buah jalan (tujuh buah langit) dan Kami tidaklah lengah terhadap ciptaan (Kami).</text>
      </translation>
    </translations>
    <rules>[{"start": 56, "end": 59, "rule_id": 0}, {"start": 6, "end": 8, "rule_id": 1}, {"start": 13, "end": 15, "rule_id": 1}, {"start": 32, "end": 34, "rule_id": 1}]</rules>
  </verse>
  <verse>
    <verseIdArabic>١٨</verseIdArabic>
    <verseId>18</verseId>
    <chapterId>23</chapterId>
    <textIndopak>وَأَنزَلۡنَا مِنَ ٱلسَّمَآءِ مَآءَۢ بِقَدَرٖ فَأَسۡكَنَّٰهُ فِي ٱلۡأَرۡضِۖ وَإِنَّا عَلَىٰ ذَهَابِۭ بِهِۦ لَقَٰدِرُونَ</textIndopak>
    <translations>
      <translation>
        <author>King Fahad Quran Complex</author>
        <text>Dan Kami turunkan air dari langit menurut suatu ukuran, lalu Kami jadikan air itu menetap di bumi dan sesungguhnya Kami benar-benar berkuasa menghilangkannya.</text>
      </translation>
    </translations>
    <rules>[{"start": 55, "end": 59, "rule_id": 0}, {"start": 82, "end": 85, "rule_id": 0}, {"start": 34, "end": 40, "rule_id": 2}, {"start": 99, "end": 105, "rule_id": 2}, {"start": 4, "end": 7, "rule_id": 6}, {"start": 44, "end": 49, "rule_id": 6}]</rules>
  </verse>
  <verse>
    <verseIdArabic>١٩</verseIdArabic>
    <verseId>19</verseId>
    <chapterId>23</chapterId>
    <textIndopak>فَأَنشَأۡنَا لَكُم بِهِۦ جَنَّٰتٖ مِّن نَّخِيلٖ وَأَعۡنَٰبٖ لَّكُمۡ فِيهَا فَوَٰكِهُ كَثِيرَةٞ وَمِنۡهَا تَأۡكُلُونَ</textIndopak>
    <translations>
      <translation>
        <author>King Fahad Quran Complex</author>
        <text>Lalu dengan air itu, Kami tumbuhkan untuk kamu kebun-kebun kurma dan anggur; di dalam kebun-kebun itu, kamu peroleh buah-buahan yang banyak dan sebagian dari buah-buahan itu kamu makan,</text>
      </translation>
    </translations>
    <rules>[{"start": 27, "end": 31, "rule_id": 0}, {"start": 34, "end": 37, "rule_id": 0}, {"start": 39, "end": 42, "rule_id": 0}, {"start": 37, "end": 42, "rule_id": 3}, {"start": 31, "end": 37, "rule_id": 3}, {"start": 45, "end": 50, "rule_id": 3}, {"start": 92, "end": 97, "rule_id": 3}, {"start": 57, "end": 63, "rule_id": 5}, {"start": 4, "end": 7, "rule_id": 6}, {"start": 17, "end": 21, "rule_id": 7}]</rules>
  </verse>
  <verse>
    <verseIdArabic>٢٠</verseIdArabic>
    <verseId>20</verseId>
    <chapterId>23</chapterId>
    <textIndopak>وَشَجَرَةٗ تَخۡرُجُ مِن طُورِ سَيۡنَآءَ تَنۢبُتُ بِٱلدُّهۡنِ وَصِبۡغٖ لِّلۡأٓكِلِينَ</textIndopak>
    <translations>
      <translation>
        <author>King Fahad Quran Complex</author>
        <text>dan pohon kayu keluar dari Ṭūr Saynā`(pohon zaitun) yang menghasilkan minyak dan menjadi kuah bagi orang-orang yang makan.</text>
      </translation>
    </translations>
    <rules>[{"start": 66, "end": 68, "rule_id": 1}, {"start": 43, "end": 47, "rule_id": 2}, {"start": 68, "end": 74, "rule_id": 5}, {"start": 22, "end": 26, "rule_id": 6}, {"start": 8, "end": 13, "rule_id": 6}]</rules>
  </verse>
  <verse>
    <verseIdArabic>٢١</verseIdArabic>
    <verseId>21</verseId>
    <chapterId>23</chapterId>
    <textIndopak>وَإِنَّ لَكُمۡ فِي ٱلۡأَنۡعَٰمِ لَعِبۡرَةٗۖ نُّسۡقِيكُم مِّمَّا فِي بُطُونِهَا وَلَكُمۡ فِيهَا مَنَٰفِعُ كَثِيرَةٞ وَمِنۡهَا تَأۡكُلُونَ</textIndopak>
    <translations>
      <translation>
        <author>King Fahad Quran Complex</author>
        <text>Dan sesungguhnya pada binatang-binatang ternak, benar-benar terdapat pelajaran yang penting bagi kamu; Kami memberi minum kamu dari air susu yang ada dalam perutnya dan (juga) pada binatang-binatang ternak itu terdapat faedah yang banyak untuk kamu dan sebagian darinya kamu makan,</text>
      </translation>
    </translations>
    <rules>[{"start": 4, "end": 7, "rule_id": 0}, {"start": 45, "end": 48, "rule_id": 0}, {"start": 57, "end": 60, "rule_id": 0}, {"start": 60, "end": 63, "rule_id": 0}, {"start": 36, "end": 38, "rule_id": 1}, {"start": 40, "end": 48, "rule_id": 3}, {"start": 113, "end": 118, "rule_id": 3}, {"start": 55, "end": 60, "rule_id": 4}]</rules>
  </verse>
  <verse>
    <verseIdArabic>٢٢</verseIdArabic>
    <verseId>22</verseId>
    <chapterId>23</chapterId>
    <textIndopak>وَعَلَيۡهَا وَعَلَى ٱلۡفُلۡكِ تُحۡمَلُونَ</textIndopak>
    <translations>
      <translation>
        <author>King Fahad Quran Complex</author>
        <text>dan di atas punggung binatang-binatang ternak itu dan (juga) di atas perahu-perahu kamu diangkut.</text>
      </translation>
    </translations>
  </verse>
  <verse>
    <verseIdArabic>٢٣</verseIdArabic>
    <verseId>23</verseId>
    <chapterId>23</chapterId>
    <textIndopak>وَلَقَدۡ أَرۡسَلۡنَا نُوحًا إِلَىٰ قَوۡمِهِۦ فَقَالَ يَٰقَوۡمِ ٱعۡبُدُواْ ٱللَّهَ مَا لَكُم مِّنۡ إِلَٰهٍ غَيۡرُهُۥٓۚ أَفَلَا تَتَّقُونَ</textIndopak>
    <translations>
      <translation>
        <author>King Fahad Quran Complex</author>
        <text>Dan sesungguhnya, Kami telah mengutus Nūḥ kepada kaumnya, lalu ia berkata, "Hai kaumku, sembahlah oleh kamu Allah (karena) sekali-kali tidak ada Tuhan bagimu selain Dia. Maka mengapa kamu tidak bertakwa (kepada-Nya)?"</text>
      </translation>
    </translations>
    <rules>[{"start": 92, "end": 95, "rule_id": 0}, {"start": 6, "end": 8, "rule_id": 1}, {"start": 90, "end": 95, "rule_id": 4}]</rules>
  </verse>
  <verse>
    <verseIdArabic>٢٤</verseIdArabic>
    <verseId>24</verseId>
    <chapterId>23</chapterId>
    <textIndopak>فَقَالَ ٱلۡمَلَؤُاْ ٱلَّذِينَ كَفَرُواْ مِن قَوۡمِهِۦ مَا هَٰذَآ إِلَّا بَشَرٞ مِّثۡلُكُمۡ يُرِيدُ أَن يَتَفَضَّلَ عَلَيۡكُمۡ وَلَوۡ شَآءَ ٱللَّهُ لَأَنزَلَ مَلَٰٓئِكَةٗ مَّا سَمِعۡنَا بِهَٰذَا فِيٓ ءَابَآئِنَا ٱلۡأَوَّلِينَ</textIndopak>
    <translations>
      <translation>
        <author>King Fahad Quran Complex</author>
        <text>Maka pemuka-pemuka orang yang kafir di antara kaumnya menjawab, "Orang ini tidak lain hanyalah manusia seperti kamu yang bermaksud hendak menjadi seorang yang lebih tinggi dari kamu. Dan kalau Allah menghendaki, tentu Dia mengutus beberapa orang malaikat. Belum pernah kami mendengar (seruan yang seperti) ini pada masa nenek moyang kami yang dahulu.</text>
      </translation>
    </translations>
    <rules>[{"start": 80, "end": 83, "rule_id": 0}, {"start": 172, "end": 175, "rule_id": 0}, {"start": 102, "end": 106, "rule_id": 3}, {"start": 77, "end": 83, "rule_id": 3}, {"start": 169, "end": 175, "rule_id": 3}, {"start": 42, "end": 46, "rule_id": 6}, {"start": 153, "end": 156, "rule_id": 6}]</rules>
  </verse>
  <verse>
    <verseIdArabic>٢٥</verseIdArabic>
    <verseId>25</verseId>
    <chapterId>23</chapterId>
    <textIndopak>إِنۡ هُوَ إِلَّا رَجُلُۢ بِهِۦ جِنَّةٞ فَتَرَبَّصُواْ بِهِۦ حَتَّىٰ حِينٖ</textIndopak>
    <translations>
      <translation>
        <author>King Fahad Quran Complex</author>
        <text>la tidak lain hanyalah seorang laki-laki yang berpenyakit gila, maka tunggulah (sabarlah) terhadapnya sampai suatu waktu."</text>
      </translation>
    </translations>
    <rules>[{"start": 33, "end": 36, "rule_id": 0}, {"start": 21, "end": 27, "rule_id": 2}, {"start": 36, "end": 41, "rule_id": 6}]</rules>
  </verse>
  <verse>
    <verseIdArabic>٢٦</verseIdArabic>
    <verseId>26</verseId>
    <chapterId>23</chapterId>
    <textIndopak>قَالَ رَبِّ ٱنصُرۡنِي بِمَا كَذَّبُونِ</textIndopak>
    <translations>
      <translation>
        <author>King Fahad Quran Complex</author>
        <text>Nūḥ berdoa, "Ya Tuhan-ku, tolonglah aku karena mereka mendustakan aku."</text>
      </translation>
    </translations>
    <rules>[{"start": 13, "end": 16, "rule_id": 6}]</rules>
  </verse>
  <verse>
    <verseIdArabic>٢٧</verseIdArabic>
    <verseId>27</verseId>
    <chapterId>23</chapterId>
    <textIndopak>فَأَوۡحَيۡنَآ إِلَيۡهِ أَنِ ٱصۡنَعِ ٱلۡفُلۡكَ بِأَعۡيُنِنَا وَوَحۡيِنَا فَإِذَا جَآءَ أَمۡرُنَا وَفَارَ ٱلتَّنُّورُ فَٱسۡلُكۡ فِيهَا مِن كُلّٖ زَوۡجَيۡنِ ٱثۡنَيۡنِ وَأَهۡلَكَ إِلَّا مَن سَبَقَ عَلَيۡهِ ٱلۡقَوۡلُ مِنۡهُمۡۖ وَلَا تُخَٰطِبۡنِي فِي ٱلَّذِينَ ظَلَمُوٓاْ إِنَّهُم مُّغۡرَقُونَ</textIndopak>
    <translations>
      <translation>
        <author>King Fahad Quran Complex</author>
        <text>Lalu, Kami wahyukan kepadanya, "Buatlah bahtera di bawah penilikan dan petunjuk Kami, maka apabila perintah Kami telah datang dan tannūr telah memancarkan air, maka masukkanlah ke dalam bahtera itu sepasang dari tiap-tiap (jenis) dan (juga) keluargamu, kecuali orang yang telah lebih dahulu ditetapkan (akan ditimpa azab) di antara mereka. Dan janganlah kamu bicarakan dengan Aku tentang orang-orang yang zalim karena sesungguhnya mereka itu akan ditenggelamkan.</text>
      </translation>
    </translations>
    <rules>[{"start": 111, "end": 114, "rule_id": 0}, {"start": 275, "end": 278, "rule_id": 0}, {"start": 282, "end": 285, "rule_id": 0}, {"start": 240, "end": 242, "rule_id": 1}, {"start": 280, "end": 285, "rule_id": 4}, {"start": 139, "end": 143, "rule_id": 6}, {"start": 188, "end": 192, "rule_id": 6}, {"start": 143, "end": 149, "rule_id": 6}]</rules>
  </verse>
  <verse>
    <verseIdArabic>٢٨</verseIdArabic>
    <verseId>28</verseId>
    <chapterId>23</chapterId>
    <textIndopak>فَإِذَا ٱسۡتَوَيۡتَ أَنتَ وَمَن مَّعَكَ عَلَى ٱلۡفُلۡكِ فَقُلِ ٱلۡحَمۡدُ لِلَّهِ ٱلَّذِي نَجَّىٰنَا مِنَ ٱلۡقَوۡمِ ٱلظَّٰلِمِينَ</textIndopak>
    <translations>
      <translation>
        <author>King Fahad Quran Complex</author>
        <text>Apabila kamu dan orang-orang yang bersamamu telah berada di atas bahtera itu, maka ucapkanlah, "Segala puji bagi Allah yang telah menyelamatkan kami dari orang-orang yang zalim."</text>
      </translation>
    </translations>
    <rules>[{"start": 32, "end": 35, "rule_id": 0}, {"start": 30, "end": 35, "rule_id": 3}, {"start": 22, "end": 25, "rule_id": 6}]</rules>
  </verse>
  <verse>
    <verseIdArabic>٢٩</verseIdArabic>
    <verseId>29</verseId>
    <chapterId>23</chapterId>
    <textIndopak>وَقُل رَّبِّ أَنزِلۡنِي مُنزَلٗا مُّبَارَكٗا وَأَنتَ خَيۡرُ ٱلۡمُنزِلِينَ</textIndopak>
    <translations>
      <translation>
        <author>King Fahad Quran Complex</author>
        <text>Dan berdoalah, "Ya Tuhan-ku, tempatkanlah aku pada tempat yang diberkati dan Engkau adalah sebaik-baik Yang memberi tempat."</text>
      </translation>
    </translations>
    <rules>[{"start": 33, "end": 36, "rule_id": 0}, {"start": 29, "end": 36, "rule_id": 3}, {"start": 41, "end": 47, "rule_id": 3}, {"start": 15, "end": 18, "rule_id": 6}, {"start": 26, "end": 29, "rule_id": 6}, {"start": 49, "end": 52, "rule_id": 6}, {"start": 65, "end": 68, "rule_id": 6}]</rules>
  </verse>
  <verse>
    <verseIdArabic>٣٠</verseIdArabic>
    <verseId>30</verseId>
    <chapterId>23</chapterId>
    <textIndopak>إِنَّ فِي ذَٰلِكَ لَأٓيَٰتٖ وَإِن كُنَّا لَمُبۡتَلِينَ</textIndopak>
    <translations>
      <translation>
        <author>King Fahad Quran Complex</author>
        <text>Sesungguhnya pada (kejadian) itu benar-benar terdapat beberapa tanda (kebesaran Allah) dan sesungguhnya Kami menimpakan azab (kepada kaum Nūḥ itu).</text>
      </translation>
    </translations>
    <rules>[{"start": 2, "end": 5, "rule_id": 0}, {"start": 37, "end": 40, "rule_id": 0}, {"start": 46, "end": 48, "rule_id": 1}, {"start": 26, "end": 31, "rule_id": 3}, {"start": 33, "end": 37, "rule_id": 6}]</rules>
  </verse>
  <verse>
    <verseIdArabic>٣١</verseIdArabic>
    <verseId>31</verseId>
    <chapterId>23</chapterId>
    <textIndopak>ثُمَّ أَنشَأۡنَا مِنۢ بَعۡدِهِمۡ قَرۡنًا ءَاخَرِينَ</textIndopak>
    <translations>
      <translation>
        <author>King Fahad Quran Complex</author>
        <text>Kemudian, Kami jadikan sesudah mereka umat yang lain .</text>
      </translation>
    </translations>
    <rules>[{"start": 2, "end": 5, "rule_id": 0}, {"start": 19, "end": 24, "rule_id": 2}, {"start": 8, "end": 11, "rule_id": 6}]</rules>
  </verse>
  <verse>
    <verseIdArabic>٣٢</verseIdArabic>
    <verseId>32</verseId>
    <chapterId>23</chapterId>
    <textIndopak>فَأَرۡسَلۡنَا فِيهِمۡ رَسُولٗا مِّنۡهُمۡ أَنِ ٱعۡبُدُواْ ٱللَّهَ مَا لَكُم مِّنۡ إِلَٰهٍ غَيۡرُهُۥٓۚ أَفَلَا تَتَّقُونَ</textIndopak>
    <translations>
      <translation>
        <author>King Fahad Quran Complex</author>
        <text>Lalu Kami utus kepada mereka, seorang rasul dari kalangan mereka sendiri (yang berkata), "Sembahlah Allah oleh kamu sekalian, sekali-kali tidak ada Tuhan selain daripada-Nya. Maka mengapa kamu tidak bertakwa (kepada-Nya).</text>
      </translation>
    </translations>
    <rules>[{"start": 31, "end": 34, "rule_id": 0}, {"start": 75, "end": 78, "rule_id": 0}, {"start": 27, "end": 34, "rule_id": 3}, {"start": 73, "end": 78, "rule_id": 4}]</rules>
  </verse>
  <verse>
    <verseIdArabic>٣٣</verseIdArabic>
    <verseId>33</verseId>
    <chapterId>23</chapterId>
    <textIndopak>وَقَالَ ٱلۡمَلَأُ مِن قَوۡمِهِ ٱلَّذِينَ كَفَرُواْ وَكَذَّبُواْ بِلِقَآءِ ٱلۡأٓخِرَةِ وَأَتۡرَفۡنَٰهُمۡ فِي ٱلۡحَيَوٰةِ ٱلدُّنۡيَا مَا هَٰذَآ إِلَّا بَشَرٞ مِّثۡلُكُمۡ يَأۡكُلُ مِمَّا تَأۡكُلُونَ مِنۡهُ وَيَشۡرَبُ مِمَّا تَشۡرَبُونَ</textIndopak>
    <translations>
      <translation>
        <author>King Fahad Quran Complex</author>
        <text>Dan berkatalah pemuka-pemuka yang kafir di antara kaumnya dan yang mendustakan akan menemui hari akhirat (kelak) dan yang telah Kami mewahkan mereka dalam kehidupan di dunia, "(Orang) ini tidak lain hanyalah manusia seperti kamu, dia makan dari apa yang kamu makan dan meminum dari apa yang kamu minum.</text>
      </translation>
    </translations>
    <rules>[{"start": 159, "end": 162, "rule_id": 0}, {"start": 182, "end": 185, "rule_id": 0}, {"start": 219, "end": 222, "rule_id": 0}, {"start": 156, "end": 162, "rule_id": 3}, {"start": 20, "end": 24, "rule_id": 6}]</rules>
  </verse>
  <verse>
    <verseIdArabic>٣٤</verseIdArabic>
    <verseId>34</verseId>
    <chapterId>23</chapterId>
    <textIndopak>وَلَئِنۡ أَطَعۡتُم بَشَرٗا مِّثۡلَكُمۡ إِنَّكُمۡ إِذٗا لَّخَٰسِرُونَ</textIndopak>
    <translations>
      <translation>
        <author>King Fahad Quran Complex</author>
        <text>Dan sesungguhnya jika kamu sekalian menaati manusia yang seperti kamu, niscaya bila demikian, kamu benar-benar (menjadi) orang-orang yang merugi.</text>
      </translation>
    </translations>
    <rules>[{"start": 27, "end": 30, "rule_id": 0}, {"start": 41, "end": 44, "rule_id": 0}, {"start": 23, "end": 30, "rule_id": 3}, {"start": 51, "end": 58, "rule_id": 5}, {"start": 17, "end": 21, "rule_id": 7}]</rules>
  </verse>
  <verse>
    <verseIdArabic>٣٥</verseIdArabic>
    <verseId>35</verseId>
    <chapterId>23</chapterId>
    <textIndopak>أَيَعِدُكُمۡ أَنَّكُمۡ إِذَا مِتُّمۡ وَكُنتُمۡ تُرَابٗا وَعِظَٰمًا أَنَّكُم مُّخۡرَجُونَ</textIndopak>
    <translations>
      <translation>
        <author>King Fahad Quran Complex</author>
        <text>Apakah ia menjanjikan kepada kamu sekalian bahwa bila kamu telah mati dan telah menjadi tanah dan tulang belulang, kamu sesungguhnya akan dikeluarkan (dari kuburmu) ?</text>
      </translation>
    </translations>
    <rules>[{"start": 15, "end": 18, "rule_id": 0}, {"start": 69, "end": 72, "rule_id": 0}, {"start": 76, "end": 79, "rule_id": 0}, {"start": 52, "end": 58, "rule_id": 3}, {"start": 74, "end": 79, "rule_id": 4}, {"start": 41, "end": 44, "rule_id": 6}]</rules>
  </verse>
  <verse>
    <verseIdArabic>٣٦</verseIdArabic>
    <verseId>36</verseId>
    <chapterId>23</chapterId>
    <textIndopak>۞ هَيۡهَاتَ هَيۡهَاتَ لِمَا تُوعَدُونَ</textIndopak>
    <translations>
      <translation>
        <author>King Fahad Quran Complex</author>
        <text>jauh, jauh sekali (dari kebenaran) apa yang diancamkan kepada kamu itu,</text>
      </translation>
    </translations>
  </verse>
  <verse>
    <verseIdArabic>٣٧</verseIdArabic>
    <verseId>37</verseId>
    <chapterId>23</chapterId>
    <textIndopak>إِنۡ هِيَ إِلَّا حَيَاتُنَا ٱلدُّنۡيَا نَمُوتُ وَنَحۡيَا وَمَا نَحۡنُ بِمَبۡعُوثِينَ</textIndopak>
    <translations>
      <translation>
        <author>King Fahad Quran Complex</author>
        <text>kehidupan itu tidak lain hanyalah kehidupan kita di dunia ini; kita mati dan kita hidup dan sekali-kali tidak akan dibangkitkan lagi,</text>
      </translation>
    </translations>
    <rules>[{"start": 74, "end": 76, "rule_id": 1}]</rules>
  </verse>
  <verse>
    <verseIdArabic>٣٨</verseIdArabic>
    <verseId>38</verseId>
    <chapterId>23</chapterId>
    <textIndopak>إِنۡ هُوَ إِلَّا رَجُلٌ ٱفۡتَرَىٰ عَلَى ٱللَّهِ كَذِبٗا وَمَا نَحۡنُ لَهُۥ بِمُؤۡمِنِينَ</textIndopak>
    <translations>
      <translation>
        <author>King Fahad Quran Complex</author>
        <text>Ia tidak lain hanyalah seorang yang mengada-adakan kebohongan terhadap Allah, dan kami sekali-kali tidak akan beriman kepadanya".</text>
      </translation>
    </translations>
    <rules>[{"start": 52, "end": 58, "rule_id": 3}]</rules>
  </verse>
  <verse>
    <verseIdArabic>٣٩</verseIdArabic>
    <verseId>39</verseId>
    <chapterId>23</chapterId>
    <textIndopak>قَالَ رَبِّ ٱنصُرۡنِي بِمَا كَذَّبُونِ</textIndopak>
    <translations>
      <translation>
        <author>King Fahad Quran Complex</author>
        <text>Rasul itu berdoa, "Ya Tuhan-ku, tolonglah aku karena mereka mendustakanku."</text>
      </translation>
    </translations>
    <rules>[{"start": 13, "end": 16, "rule_id": 6}]</rules>
  </verse>
  <verse>
    <verseIdArabic>٤٠</verseIdArabic>
    <verseId>40</verseId>
    <chapterId>23</chapterId>
    <textIndopak>قَالَ عَمَّا قَلِيلٖ لَّيُصۡبِحُنَّ نَٰدِمِينَ</textIndopak>
    <translations>
      <translation>
        <author>King Fahad Quran Complex</author>
        <text>Allah berfirman, "Dalam sedikit waktu lagi pasti mereka akan menjadi orang-orang yang menyesal."</text>
      </translation>
    </translations>
    <rules>[{"start": 8, "end": 11, "rule_id": 0}, {"start": 32, "end": 35, "rule_id": 0}, {"start": 18, "end": 24, "rule_id": 5}]</rules>
  </verse>
  <verse>
    <verseIdArabic>٤١</verseIdArabic>
    <verseId>41</verseId>
    <chapterId>23</chapterId>
    <textIndopak>فَأَخَذَتۡهُمُ ٱلصَّيۡحَةُ بِٱلۡحَقِّ فَجَعَلۡنَٰهُمۡ غُثَآءٗۚ فَبُعۡدٗا لِّلۡقَوۡمِ ٱلظَّٰلِمِينَ</textIndopak>
    <translations>
      <translation>
        <author>King Fahad Quran Complex</author>
        <text>Maka dimusnahkanlah mereka oleh suara yang mengguntur dengan hak dan Kami jadikan mereka (sebagai) sampah banjir , maka kebinasaanlah bagi orang-orang yang zalim itu.</text>
      </translation>
    </translations>
    <rules>[{"start": 71, "end": 78, "rule_id": 5}]</rules>
  </verse>
  <verse>
    <verseIdArabic>٤٢</verseIdArabic>
    <verseId>42</verseId>
    <chapterId>23</chapterId>
    <textIndopak>ثُمَّ أَنشَأۡنَا مِنۢ بَعۡدِهِمۡ قُرُونًا ءَاخَرِينَ</textIndopak>
    <translations>
      <translation>
        <author>King Fahad Quran Complex</author>
        <text>Kemudian, Kami ciptakan sesudah mereka umat-umat yang lain .</text>
      </translation>
    </translations>
    <rules>[{"start": 2, "end": 5, "rule_id": 0}, {"start": 19, "end": 24, "rule_id": 2}, {"start": 8, "end": 11, "rule_id": 6}]</rules>
  </verse>
  <verse>
    <verseIdArabic>٤٣</verseIdArabic>
    <verseId>43</verseId>
    <chapterId>23</chapterId>
    <textIndopak>مَا تَسۡبِقُ مِنۡ أُمَّةٍ أَجَلَهَا وَمَا يَسۡتَـٔۡخِرُونَ</textIndopak>
    <translations>
      <translation>
        <author>King Fahad Quran Complex</author>
        <text>Tidak (dapat) sesuatu umat pun mendahului ajalnya dan tidak (dapat pula) mereka terlambat (dari ajalnya itu).</text>
      </translation>
    </translations>
    <rules>[{"start": 20, "end": 23, "rule_id": 0}]</rules>
  </verse>
  <verse>
    <verseIdArabic>٤٤</verseIdArabic>
    <verseId>44</verseId>
    <chapterId>23</chapterId>
    <textIndopak>ثُمَّ أَرۡسَلۡنَا رُسُلَنَا تَتۡرَاۖ كُلَّ مَا جَآءَ أُمَّةٗ رَّسُولُهَا كَذَّبُوهُۖ فَأَتۡبَعۡنَا بَعۡضَهُم بَعۡضٗا وَجَعَلۡنَٰهُمۡ أَحَادِيثَۚ فَبُعۡدٗا لِّقَوۡمٖ لَّا يُؤۡمِنُونَ</textIndopak>
    <translations>
      <translation>
        <author>King Fahad Quran Complex</author>
        <text>Kemudian, Kami utus (kepada umat-umat itu) rasul-rasul Kami berturut-turut. Tiap-tiap seorang rasul datang kepada umatnya, umat itu mendustakannya, maka Kami perikutkan sebagian mereka dengan sebagian yang lain . Dan Kami jadikan mereka buah tutur (manusia), maka kebinasaanlah bagi orang-orang yang tidak beriman.</text>
      </translation>
    </translations>
    <rules>[{"start": 2, "end": 5, "rule_id": 0}, {"start": 57, "end": 60, "rule_id": 0}, {"start": 116, "end": 122, "rule_id": 3}, {"start": 60, "end": 66, "rule_id": 5}, {"start": 155, "end": 162, "rule_id": 5}, {"start": 166, "end": 172, "rule_id": 5}, {"start": 110, "end": 114, "rule_id": 7}]</rules>
  </verse>
  <verse>
    <verseIdArabic>٤٥</verseIdArabic>
    <verseId>45</verseId>
    <chapterId>23</chapterId>
    <textIndopak>ثُمَّ أَرۡسَلۡنَا مُوسَىٰ وَأَخَاهُ هَٰرُونَ بِـَٔايَٰتِنَا وَسُلۡطَٰنٖ مُّبِينٍ</textIndopak>
    <translations>
      <translation>
        <author>King Fahad Quran Complex</author>
        <text>Kemudian, Kami utus Musa dan saudaranya Hārūn dengan membawa tanda-tanda (kebesaran) Kami dan bukti yang nyata ,</text>
      </translation>
    </translations>
    <rules>[{"start": 2, "end": 5, "rule_id": 0}, {"start": 72, "end": 75, "rule_id": 0}, {"start": 69, "end": 75, "rule_id": 3}]</rules>
  </verse>
  <verse>
    <verseIdArabic>٤٦</verseIdArabic>
    <verseId>46</verseId>
    <chapterId>23</chapterId>
    <textIndopak>إِلَىٰ فِرۡعَوۡنَ وَمَلَإِيْهِۦ فَٱسۡتَكۡبَرُواْ وَكَانُواْ قَوۡمًا عَالِينَ</textIndopak>
    <translations>
      <translation>
        <author>King Fahad Quran Complex</author>
        <text>kepada Firʻawn dan pembesar-pembesar kaumnya, maka mereka ini takabur dan mereka adalah orang-orang yang sombong.</text>
      </translation>
    </translations>
  </verse>
  <verse>
    <verseIdArabic>٤٧</verseIdArabic>
    <verseId>47</verseId>
    <chapterId>23</chapterId>
    <textIndopak>فَقَالُوٓاْ أَنُؤۡمِنُ لِبَشَرَيۡنِ مِثۡلِنَا وَقَوۡمُهُمَا لَنَا عَٰبِدُونَ</textIndopak>
    <translations>
      <translation>
        <author>King Fahad Quran Complex</author>
        <text>Dan mereka berkata, "Apakah (patut) kita percaya kepada dua orang manusia seperti kita (juga), padahal kaum mereka (Bani Isrā`īl) adalah orang-orang yang menghambakan diri kepada kita?"</text>
      </translation>
    </translations>
  </verse>
  <verse>
    <verseIdArabic>٤٨</verseIdArabic>
    <verseId>48</verseId>
    <chapterId>23</chapterId>
    <textIndopak>فَكَذَّبُوهُمَا فَكَانُواْ مِنَ ٱلۡمُهۡلَكِينَ</textIndopak>
    <translations>
      <translation>
        <author>King Fahad Quran Complex</author>
        <text>Maka (tetaplah) mereka mendustakan keduanya sebab itu mereka adalah termasuk orang-orang yang dibinasakan.</text>
      </translation>
    </translations>
  </verse>
  <verse>
    <verseIdArabic>٤٩</verseIdArabic>
    <verseId>49</verseId>
    <chapterId>23</chapterId>
    <textIndopak>وَلَقَدۡ ءَاتَيۡنَا مُوسَى ٱلۡكِتَٰبَ لَعَلَّهُمۡ يَهۡتَدُونَ</textIndopak>
    <translations>
      <translation>
        <author>King Fahad Quran Complex</author>
        <text>Dan sesungguhnya telah Kami berikan Alkitab (Taurat) kepada Musa agar mereka (Bani Isrā`īl) mendapat petunjuk.</text>
      </translation>
    </translations>
    <rules>[{"start": 6, "end": 8, "rule_id": 1}]</rules>
  </verse>
  <verse>
    <verseIdArabic>٥٠</verseIdArabic>
    <verseId>50</verseId>
    <chapterId>23</chapterId>
    <textIndopak>وَجَعَلۡنَا ٱبۡنَ مَرۡيَمَ وَأُمَّهُۥٓ ءَايَةٗ وَءَاوَيۡنَٰهُمَآ إِلَىٰ رَبۡوَةٖ ذَاتِ قَرَارٖ وَمَعِينٖ</textIndopak>
    <translations>
      <translation>
        <author>King Fahad Quran Complex</author>
        <text>Dan telah Kami jadikan (ʻIsa) putra Maryam beserta ibunya suatu bukti yang nyata bagi (kekuasaan Kami) dan Kami melindungi mereka di suatu tanah tinggi yang datar yang banyak terdapat padang-padang rumput dan sumber-sumber air bersih yang mengalir .</text>
      </translation>
    </translations>
    <rules>[{"start": 31, "end": 34, "rule_id": 0}, {"start": 13, "end": 15, "rule_id": 1}, {"start": 75, "end": 77, "rule_id": 1}, {"start": 44, "end": 49, "rule_id": 3}, {"start": 93, "end": 98, "rule_id": 3}, {"start": 79, "end": 84, "rule_id": 6}]</rules>
  </verse>
  <verse>
    <verseIdArabic>٥١</verseIdArabic>
    <verseId>51</verseId>
    <chapterId>23</chapterId>
    <textIndopak>يَٰٓأَيُّهَا ٱلرُّسُلُ كُلُواْ مِنَ ٱلطَّيِّبَٰتِ وَٱعۡمَلُواْ صَٰلِحًاۖ إِنِّي بِمَا تَعۡمَلُونَ عَلِيمٞ</textIndopak>
    <translations>
      <translation>
        <author>King Fahad Quran Complex</author>
        <text>Hai rasul-rasul, makanlah dari makanan yang baik-baik dan kerjakanlah amal yang saleh. Sesungguhnya, Aku Maha Mengetahui apa yang kamu kerjakan.</text>
      </translation>
    </translations>
    <rules>[{"start": 76, "end": 79, "rule_id": 0}]</rules>
  </verse>
  <verse>
    <verseIdArabic>٥٢</verseIdArabic>
    <verseId>52</verseId>
    <chapterId>23</chapterId>
    <textIndopak>وَإِنَّ هَٰذِهِۦٓ أُمَّتُكُمۡ أُمَّةٗ وَٰحِدَةٗ وَأَنَا۠ رَبُّكُمۡ فَٱتَّقُونِ</textIndopak>
    <translations>
      <translation>
        <author>King Fahad Quran Complex</author>
        <text>Sesungguhnya (agama tauhid) ini adalah agama kamu semua, agama yang satu , dan Aku adalah Tuhan-mu, maka bertakwalah kepada-Ku.</text>
      </translation>
    </translations>
    <rules>[{"start": 4, "end": 7, "rule_id": 0}, {"start": 20, "end": 23, "rule_id": 0}, {"start": 32, "end": 35, "rule_id": 0}, {"start": 35, "end": 41, "rule_id": 3}, {"start": 45, "end": 50, "rule_id": 3}]</rules>
  </verse>
  <verse>
    <verseIdArabic>٥٣</verseIdArabic>
    <verseId>53</verseId>
    <chapterId>23</chapterId>
    <textIndopak>فَتَقَطَّعُوٓاْ أَمۡرَهُم بَيۡنَهُمۡ زُبُرٗاۖ كُلُّ حِزۡبِۭ بِمَا لَدَيۡهِمۡ فَرِحُونَ</textIndopak>
    <translations>
      <translation>
        <author>King Fahad Quran Complex</author>
        <text>Kemudian, mereka (pengikut-pengikut rasul itu) menjadikan agama mereka terpecah belah menjadi beberapa pecahan. Tiap-tiap golongan merasa bangga dengan apa yang ada pada sisi mereka (masing-masing).</text>
      </translation>
    </translations>
    <rules>[{"start": 57, "end": 63, "rule_id": 2}, {"start": 24, "end": 28, "rule_id": 7}]</rules>
  </verse>
  <verse>
    <verseIdArabic>٥٤</verseIdArabic>
    <verseId>54</verseId>
    <chapterId>23</chapterId>
    <textIndopak>فَذَرۡهُمۡ فِي غَمۡرَتِهِمۡ حَتَّىٰ حِينٍ</textIndopak>
    <translations>
      <translation>
        <author>King Fahad Quran Complex</author>
        <text>Maka biarkanlah mereka dalam kesesatannya sampai suatu waktu.</text>
      </translation>
    </translations>
  </verse>
  <verse>
    <verseIdArabic>٥٥</verseIdArabic>
    <verseId>55</verseId>
    <chapterId>23</chapterId>
    <textIndopak>أَيَحۡسَبُونَ أَنَّمَا نُمِدُّهُم بِهِۦ مِن مَّالٖ وَبَنِينَ</textIndopak>
    <translations>
      <translation>
        <author>King Fahad Quran Complex</author>
        <text>Apakah mereka mengira bahwa harta dan anak-anak yang Kami berikan kepada mereka itu (berarti bahwa),</text>
      </translation>
    </translations>
    <rules>[{"start": 16, "end": 19, "rule_id": 0}, {"start": 44, "end": 47, "rule_id": 0}, {"start": 42, "end": 47, "rule_id": 3}, {"start": 48, "end": 53, "rule_id": 3}, {"start": 32, "end": 36, "rule_id": 7}]</rules>
  </verse>
  <verse>
    <verseIdArabic>٥٦</verseIdArabic>
    <verseId>56</verseId>
    <chapterId>23</chapterId>
    <textIndopak>نُسَارِعُ لَهُمۡ فِي ٱلۡخَيۡرَٰتِۚ بَل لَّا يَشۡعُرُونَ</textIndopak>
    <translations>
      <translation>
        <author>King Fahad Quran Complex</author>
        <text>Kami bersegera memberikan kebaikan-kebaikan kepada mereka? Tidak, sebenarnya mereka tidak sadar .</text>
      </translation>
    </translations>
  </verse>
  <verse>
    <verseIdArabic>٥٧</verseIdArabic>
    <verseId>57</verseId>
    <chapterId>23</chapterId>
    <textIndopak>إِنَّ ٱلَّذِينَ هُم مِّنۡ خَشۡيَةِ رَبِّهِم مُّشۡفِقُونَ</textIndopak>
    <translations>
      <translation>
        <author>King Fahad Quran Complex</author>
        <text>Sesungguhnya, orang-orang yang berhati-hati karena takut akan (azab) Tuhan mereka,</text>
      </translation>
    </translations>
    <rules>[{"start": 2, "end": 5, "rule_id": 0}, {"start": 20, "end": 23, "rule_id": 0}, {"start": 44, "end": 47, "rule_id": 0}, {"start": 18, "end": 23, "rule_id": 4}, {"start": 42, "end": 47, "rule_id": 4}]</rules>
  </verse>
  <verse>
    <verseIdArabic>٥٨</verseIdArabic>
    <verseId>58</verseId>
    <chapterId>23</chapterId>
    <textIndopak>وَٱلَّذِينَ هُم بِـَٔايَٰتِ رَبِّهِمۡ يُؤۡمِنُونَ</textIndopak>
    <translations>
      <translation>
        <author>King Fahad Quran Complex</author>
        <text>Dan orang-orang yang beriman dengan ayat-ayat Tuhan mereka,</text>
      </translation>
    </translations>
    <rules>[{"start": 14, "end": 18, "rule_id": 7}]</rules>
  </verse>
  <verse>
    <verseIdArabic>٥٩</verseIdArabic>
    <verseId>59</verseId>
    <chapterId>23</chapterId>
    <textIndopak>وَٱلَّذِينَ هُم بِرَبِّهِمۡ لَا يُشۡرِكُونَ</textIndopak>
    <translations>
      <translation>
        <author>King Fahad Quran Complex</author>
        <text>Dan orang-orang yang tidak mempersekutukan dengan Tuhan mereka (sesuatu apa pun),</text>
      </translation>
    </translations>
    <rules>[{"start": 14, "end": 18, "rule_id": 7}]</rules>
  </verse>
  <verse>
    <verseIdArabic>٦٠</verseIdArabic>
    <verseId>60</verseId>
    <chapterId>23</chapterId>
    <textIndopak>وَٱلَّذِينَ يُؤۡتُونَ مَآ ءَاتَواْ وَّقُلُوبُهُمۡ وَجِلَةٌ أَنَّهُمۡ إِلَىٰ رَبِّهِمۡ رَٰجِعُونَ</textIndopak>
    <translations>
      <translation>
        <author>King Fahad Quran Complex</author>
        <text>Dan orang-orang yang memberikan apa yang telah mereka berikan dengan hati yang takut (karena mereka tahu bahwa) sesungguhnya mereka akan kembali kepada Tuhan mereka ,</text>
      </translation>
    </translations>
    <rules>[{"start": 62, "end": 65, "rule_id": 0}]</rules>
  </verse>
  <verse>
    <verseIdArabic>٦١</verseIdArabic>
    <verseId>61</verseId>
    <chapterId>23</chapterId>
    <textIndopak>أُوْلَٰٓئِكَ يُسَٰرِعُونَ فِي ٱلۡخَيۡرَٰتِ وَهُمۡ لَهَا سَٰبِقُونَ</textIndopak>
    <translations>
      <translation>
        <author>King Fahad Quran Complex</author>
        <text>mereka itu bersegera untuk mendapat kebaikan-kebaikan dan merekalah orang-orang yang segera memperolehnya .</text>
      </translation>
    </translations>
  </verse>
  <verse>
    <verseIdArabic>٦٢</verseIdArabic>
    <verseId>62</verseId>
    <chapterId>23</chapterId>
    <textIndopak>وَلَا نُكَلِّفُ نَفۡسًا إِلَّا وُسۡعَهَاۚ وَلَدَيۡنَا كِتَٰبٞ يَنطِقُ بِٱلۡحَقِّ وَهُمۡ لَا يُظۡلَمُونَ</textIndopak>
    <translations>
      <translation>
        <author>King Fahad Quran Complex</author>
        <text>Kami tiada membebani seseorang, melainkan menurut kesanggupannya dan pada sisi Kami ada suatu kitab yang membicarakan kebenaran dan mereka tidak dianiaya.</text>
      </translation>
    </translations>
    <rules>[{"start": 60, "end": 65, "rule_id": 3}, {"start": 65, "end": 68, "rule_id": 6}]</rules>
  </verse>
  <verse>
    <verseIdArabic>٦٣</verseIdArabic>
    <verseId>63</verseId>
    <chapterId>23</chapterId>
    <textIndopak>بَلۡ قُلُوبُهُمۡ فِي غَمۡرَةٖ مِّنۡ هَٰذَا وَلَهُمۡ أَعۡمَٰلٞ مِّن دُونِ ذَٰلِكَ هُمۡ لَهَا عَٰمِلُونَ</textIndopak>
    <translations>
      <translation>
        <author>King Fahad Quran Complex</author>
        <text>Akan tetapi, hati orang-orang kafir itu dalam kesesatan dari (memahami kenyataan) ini dan mereka banyak mengerjakan perbuatan-perbuatan (buruk); selain dari itu, mereka tetap mengerjakannya.</text>
      </translation>
    </translations>
    <rules>[{"start": 30, "end": 33, "rule_id": 0}, {"start": 62, "end": 65, "rule_id": 0}, {"start": 27, "end": 33, "rule_id": 3}, {"start": 59, "end": 65, "rule_id": 3}, {"start": 65, "end": 69, "rule_id": 6}]</rules>
  </verse>
  <verse>
    <verseIdArabic>٦٤</verseIdArabic>
    <verseId>64</verseId>
    <chapterId>23</chapterId>
    <textIndopak>حَتَّىٰٓ إِذَآ أَخَذۡنَا مُتۡرَفِيهِم بِٱلۡعَذَابِ إِذَا هُمۡ يَجۡـَٔرُونَ</textIndopak>
    <translations>
      <translation>
        <author>King Fahad Quran Complex</author>
        <text>Hingga apabila Kami timpakan azab kepada orang-orang yang hidup mewah di antara mereka dengan serta merta mereka memekik meminta tolong.</text>
      </translation>
    </translations>
    <rules>[{"start": 65, "end": 67, "rule_id": 1}, {"start": 37, "end": 41, "rule_id": 7}]</rules>
  </verse>
  <verse>
    <verseIdArabic>٦٥</verseIdArabic>
    <verseId>65</verseId>
    <chapterId>23</chapterId>
    <textIndopak>لَا تَجۡـَٔرُواْ ٱلۡيَوۡمَۖ إِنَّكُم مِّنَّا لَا تُنصَرُونَ</textIndopak>
    <translations>
      <translation>
        <author>King Fahad Quran Complex</author>
        <text>Janganlah kamu memekik minta tolong pada hari ini. Sesungguhnya kamu tiada akan mendapat pertolongan dari Kami.</text>
      </translation>
    </translations>
    <rules>[{"start": 31, "end": 34, "rule_id": 0}, {"start": 38, "end": 41, "rule_id": 0}, {"start": 41, "end": 44, "rule_id": 0}, {"start": 6, "end": 8, "rule_id": 1}, {"start": 36, "end": 41, "rule_id": 4}, {"start": 52, "end": 55, "rule_id": 6}]</rules>
  </verse>
  <verse>
    <verseIdArabic>٦٦</verseIdArabic>
    <verseId>66</verseId>
    <chapterId>23</chapterId>
    <textIndopak>قَدۡ كَانَتۡ ءَايَٰتِي تُتۡلَىٰ عَلَيۡكُمۡ فَكُنتُمۡ عَلَىٰٓ أَعۡقَٰبِكُمۡ تَنكِصُونَ</textIndopak>
    <translations>
      <translation>
        <author>King Fahad Quran Complex</author>
        <text>Sesungguhnya ayat-ayat-Ku (Al-Qur`ān) selalu dibacakan kepada kamu sekalian, maka kamu selalu berpaling ke belakang,</text>
      </translation>
    </translations>
    <rules>[{"start": 2, "end": 4, "rule_id": 1}, {"start": 47, "end": 50, "rule_id": 6}, {"start": 77, "end": 80, "rule_id": 6}]</rules>
  </verse>
  <verse>
    <verseIdArabic>٦٧</verseIdArabic>
    <verseId>67</verseId>
    <chapterId>23</chapterId>
    <textIndopak>مُسۡتَكۡبِرِينَ بِهِۦ سَٰمِرٗا تَهۡجُرُونَ</textIndopak>
    <translations>
      <translation>
        <author>King Fahad Quran Complex</author>
        <text>dengan menyombongkan diri terhadap Al-Qur`ān itu dan mengucapkan perkataan-perkataan keji terhadapnya pada waktu kamu bercakap-cakap pada malam hari.</text>
      </translation>
    </translations>
  </verse>
  <verse>
    <verseIdArabic>٦٨</verseIdArabic>
    <verseId>68</verseId>
    <chapterId>23</chapterId>
    <textIndopak>أَفَلَمۡ يَدَّبَّرُواْ ٱلۡقَوۡلَ أَمۡ جَآءَهُم مَّا لَمۡ يَأۡتِ ءَابَآءَهُمُ ٱلۡأَوَّلِينَ</textIndopak>
    <translations>
      <translation>
        <author>King Fahad Quran Complex</author>
        <text>Maka apakah mereka tidak memperhatikan perkataan (Kami) atau apakah telah datang kepada mereka apa yang tidak pernah datang kepada nenek moyang mereka dahulu?</text>
      </translation>
    </translations>
    <rules>[{"start": 48, "end": 51, "rule_id": 0}, {"start": 46, "end": 51, "rule_id": 4}]</rules>
  </verse>
  <verse>
    <verseIdArabic>٦٩</verseIdArabic>
    <verseId>69</verseId>
    <chapterId>23</chapterId>
    <textIndopak>أَمۡ لَمۡ يَعۡرِفُواْ رَسُولَهُمۡ فَهُمۡ لَهُۥ مُنكِرُونَ</textIndopak>
    <translations>
      <translation>
        <author>King Fahad Quran Complex</author>
        <text>Ataukah mereka tidak mengenal rasul mereka karena itu mereka memungkirinya?</text>
      </translation>
    </translations>
    <rules>[{"start": 49, "end": 52, "rule_id": 6}]</rules>
  </verse>
  <verse>
    <verseIdArabic>٧٠</verseIdArabic>
    <verseId>70</verseId>
    <chapterId>23</chapterId>
    <textIndopak>أَمۡ يَقُولُونَ بِهِۦ جِنَّةُۢۚ بَلۡ جَآءَهُم بِٱلۡحَقِّ وَأَكۡثَرُهُمۡ لِلۡحَقِّ كَٰرِهُونَ</textIndopak>
    <translations>
      <translation>
        <author>King Fahad Quran Complex</author>
        <text>Atau (apakah patut) mereka berkata, "Padanya (Muhammad) ada penyakit gila." Sebenarnya, dia telah membawa kebenaran kepada mereka dan kebanyakan mereka benci kepada kebenaran.</text>
      </translation>
    </translations>
    <rules>[{"start": 24, "end": 27, "rule_id": 0}, {"start": 46, "end": 50, "rule_id": 7}]</rules>
  </verse>
  <verse>
    <verseIdArabic>٧١</verseIdArabic>
    <verseId>71</verseId>
    <chapterId>23</chapterId>
    <textIndopak>وَلَوِ ٱتَّبَعَ ٱلۡحَقُّ أَهۡوَآءَهُمۡ لَفَسَدَتِ ٱلسَّمَٰوَٰتُ وَٱلۡأَرۡضُ وَمَن فِيهِنَّۚ بَلۡ أَتَيۡنَٰهُم بِذِكۡرِهِمۡ فَهُمۡ عَن ذِكۡرِهِم مُّعۡرِضُونَ</textIndopak>
    <translations>
      <translation>
        <author>King Fahad Quran Complex</author>
        <text>Andaikata kebenaran itu menuruti hawa nafsu mereka, pasti binasalah langit dan bumi ini, dan semua yang ada di dalamnya. Sebenarnya, Kami telah mendatangkan kepada mereka kebanggaan (Al-Qur`ān) mereka, tetapi mereka berpaling dari kebanggaan itu.</text>
      </translation>
    </translations>
    <rules>[{"start": 88, "end": 91, "rule_id": 0}, {"start": 146, "end": 149, "rule_id": 0}, {"start": 144, "end": 149, "rule_id": 4}, {"start": 81, "end": 85, "rule_id": 6}, {"start": 134, "end": 138, "rule_id": 6}, {"start": 110, "end": 114, "rule_id": 7}]</rules>
  </verse>
  <verse>
    <verseIdArabic>٧٢</verseIdArabic>
    <verseId>72</verseId>
    <chapterId>23</chapterId>
    <textIndopak>أَمۡ تَسۡـَٔلُهُمۡ خَرۡجٗا فَخَرَاجُ رَبِّكَ خَيۡرٞۖ وَهُوَ خَيۡرُ ٱلرَّٰزِقِينَ</textIndopak>
    <translations>
      <translation>
        <author>King Fahad Quran Complex</author>
        <text>Atau kamu meminta upah kepada mereka?", maka upah dari Tuhan-mu adalah lebih baik dan Dia adalah Pemberi rezeki Yang Paling Baik.</text>
      </translation>
    </translations>
    <rules>[{"start": 49, "end": 56, "rule_id": 3}]</rules>
  </verse>
  <verse>
    <verseIdArabic>٧٣</verseIdArabic>
    <verseId>73</verseId>
    <chapterId>23</chapterId>
    <textIndopak>وَإِنَّكَ لَتَدۡعُوهُمۡ إِلَىٰ صِرَٰطٖ مُّسۡتَقِيمٖ</textIndopak>
    <translations>
      <translation>
        <author>King Fahad Quran Complex</author>
        <text>Dan sesungguhnya kamu benar-benar menyeru mereka kepada jalan yang lurus.</text>
      </translation>
    </translations>
    <rules>[{"start": 4, "end": 7, "rule_id": 0}, {"start": 39, "end": 42, "rule_id": 0}, {"start": 14, "end": 16, "rule_id": 1}, {"start": 36, "end": 42, "rule_id": 3}]</rules>
  </verse>
  <verse>
    <verseIdArabic>٧٤</verseIdArabic>
    <verseId>74</verseId>
    <chapterId>23</chapterId>
    <textIndopak>وَإِنَّ ٱلَّذِينَ لَا يُؤۡمِنُونَ بِٱلۡأٓخِرَةِ عَنِ ٱلصِّرَٰطِ لَنَٰكِبُونَ</textIndopak>
    <translations>
      <translation>
        <author>King Fahad Quran Complex</author>
        <text>Dan sesungguhnya, orang-orang yang tidak beriman kepada negeri akhirat benar-benar menyimpang dari jalan (yang lurus).</text>
      </translation>
    </translations>
    <rules>[{"start": 4, "end": 7, "rule_id": 0}]</rules>
  </verse>
  <verse>
    <verseIdArabic>٧٥</verseIdArabic>
    <verseId>75</verseId>
    <chapterId>23</chapterId>
    <textIndopak>۞ وَلَوۡ رَحِمۡنَٰهُمۡ وَكَشَفۡنَا مَا بِهِم مِّن ضُرّٖ لَّلَجُّواْ فِي طُغۡيَٰنِهِمۡ يَعۡمَهُونَ</textIndopak>
    <translations>
      <translation>
        <author>King Fahad Quran Complex</author>
        <text>Andaikata mereka Kami belas kasihani dan Kami lenyapkan kemudaratan yang mereka alami , benar-benar mereka akan terus-menerus terombang-ambing dalam keterlaluan mereka.</text>
      </translation>
    </translations>
    <rules>[{"start": 45, "end": 48, "rule_id": 0}, {"start": 43, "end": 48, "rule_id": 4}, {"start": 52, "end": 59, "rule_id": 5}, {"start": 48, "end": 52, "rule_id": 6}]</rules>
  </verse>
  <verse>
    <verseIdArabic>٧٦</verseIdArabic>
    <verseId>76</verseId>
    <chapterId>23</chapterId>
    <textIndopak>وَلَقَدۡ أَخَذۡنَٰهُم بِٱلۡعَذَابِ فَمَا ٱسۡتَكَانُواْ لِرَبِّهِمۡ وَمَا يَتَضَرَّعُونَ</textIndopak>
    <translations>
      <translation>
        <author>King Fahad Quran Complex</author>
        <text>Dan sesungguhnya, Kami telah pernah menimpakan azab kepada mereka , maka mereka tidak tunduk kepada Tuhan mereka dan (juga) tidak memohon (kepada-Nya) dengan merendahkan diri.</text>
      </translation>
    </translations>
    <rules>[{"start": 6, "end": 8, "rule_id": 1}, {"start": 20, "end": 24, "rule_id": 7}]</rules>
  </verse>
  <verse>
    <verseIdArabic>٧٧</verseIdArabic>
    <verseId>77</verseId>
    <chapterId>23</chapterId>
    <textIndopak>حَتَّىٰٓ إِذَا فَتَحۡنَا عَلَيۡهِم بَابٗا ذَا عَذَابٖ شَدِيدٍ إِذَا هُمۡ فِيهِ مُبۡلِسُونَ</textIndopak>
    <translations>
      <translation>
        <author>King Fahad Quran Complex</author>
        <text>Hingga apabila Kami bukakan untuk mereka suatu pintu yang ada azab yang amat sangat (di waktu itulah) tiba-tiba mereka menjadi putus asa.</text>
      </translation>
    </translations>
    <rules>[{"start": 81, "end": 83, "rule_id": 1}, {"start": 51, "end": 56, "rule_id": 6}, {"start": 33, "end": 37, "rule_id": 7}]</rules>
  </verse>
  <verse>
    <verseIdArabic>٧٨</verseIdArabic>
    <verseId>78</verseId>
    <chapterId>23</chapterId>
    <textIndopak>وَهُوَ ٱلَّذِيٓ أَنشَأَ لَكُمُ ٱلسَّمۡعَ وَٱلۡأَبۡصَٰرَ وَٱلۡأَفۡـِٔدَةَۚ قَلِيلٗا مَّا تَشۡكُرُونَ</textIndopak>
    <translations>
      <translation>
        <author>King Fahad Quran Complex</author>
        <text>Dan Dia-lah yang telah menciptakan bagi kamu sekalian, pendengaran, penglihatan, dan hati. Amat sedikitlah kamu bersyukur .</text>
      </translation>
    </translations>
    <rules>[{"start": 84, "end": 87, "rule_id": 0}, {"start": 48, "end": 50, "rule_id": 1}, {"start": 80, "end": 87, "rule_id": 3}, {"start": 18, "end": 21, "rule_id": 6}]</rules>
  </verse>
  <verse>
    <verseIdArabic>٧٩</verseIdArabic>
    <verseId>79</verseId>
    <chapterId>23</chapterId>
    <textIndopak>وَهُوَ ٱلَّذِي ذَرَأَكُمۡ فِي ٱلۡأَرۡضِ وَإِلَيۡهِ تُحۡشَرُونَ</textIndopak>
    <translations>
      <translation>
        <author>King Fahad Quran Complex</author>
        <text>Dan Dia-lah yang menciptakan serta mengembangbiakkan kamu di bumi ini dan kepada-Nya-lah kamu akan dihimpunkan.</text>
      </translation>
    </translations>
  </verse>
  <verse>
    <verseIdArabic>٨٠</verseIdArabic>
    <verseId>80</verseId>
    <chapterId>23</chapterId>
    <textIndopak>وَهُوَ ٱلَّذِي يُحۡيِۦ وَيُمِيتُ وَلَهُ ٱخۡتِلَٰفُ ٱلَّيۡلِ وَٱلنَّهَارِۚ أَفَلَا تَعۡقِلُونَ</textIndopak>
    <translations>
      <translation>
        <author>King Fahad Quran Complex</author>
        <text>Dan Dia-lah yang menghidupkan dan mematikan dan Dia-lah yang (mengatur) pertukaran malam dan siang. Maka apakah kamu tidak memahaminya?</text>
      </translation>
    </translations>
    <rules>[{"start": 64, "end": 67, "rule_id": 0}]</rules>
  </verse>
  <verse>
    <verseIdArabic>٨١</verseIdArabic>
    <verseId>81</verseId>
    <chapterId>23</chapterId>
    <textIndopak>بَلۡ قَالُواْ مِثۡلَ مَا قَالَ ٱلۡأَوَّلُونَ</textIndopak>
    <translations>
      <translation>
        <author>King Fahad Quran Complex</author>
        <text>Sebenarnya mereka mengucapkan perkataan yang serupa dengan perkataan yang diucapkan oleh orang-orang dahulu kala.</text>
      </translation>
    </translations>
  </verse>
  <verse>
    <verseIdArabic>٨٢</verseIdArabic>
    <verseId>82</verseId>
    <chapterId>23</chapterId>
    <textIndopak>قَالُوٓاْ أَءِذَا مِتۡنَا وَكُنَّا تُرَابٗا وَعِظَٰمًا أَءِنَّا لَمَبۡعُوثُونَ</textIndopak>
    <translations>
      <translation>
        <author>King Fahad Quran Complex</author>
        <text>Mereka berkata, "Apakah betul, apabila kami telah mati dan kami telah menjadi tanah dan tulang belulang, apakah sesungguhnya kami benar-benar akan dibangkitkan?</text>
      </translation>
    </translations>
    <rules>[{"start": 30, "end": 33, "rule_id": 0}, {"start": 59, "end": 62, "rule_id": 0}, {"start": 68, "end": 70, "rule_id": 1}, {"start": 40, "end": 46, "rule_id": 3}]</rules>
  </verse>
  <verse>
    <verseIdArabic>٨٣</verseIdArabic>
    <verseId>83</verseId>
    <chapterId>23</chapterId>
    <textIndopak>لَقَدۡ وُعِدۡنَا نَحۡنُ وَءَابَآؤُنَا هَٰذَا مِن قَبۡلُ إِنۡ هَٰذَآ إِلَّآ أَسَٰطِيرُ ٱلۡأَوَّلِينَ</textIndopak>
    <translations>
      <translation>
        <author>King Fahad Quran Complex</author>
        <text>Sesungguhnya, kami dan bapak-bapak kami telah diberi ancaman (dengan) ini dahulu; ini tidak lain hanyalah dongengan orang-orang dahulu kala!".</text>
      </translation>
    </translations>
    <rules>[{"start": 4, "end": 6, "rule_id": 1}, {"start": 11, "end": 13, "rule_id": 1}, {"start": 52, "end": 54, "rule_id": 1}, {"start": 48, "end": 52, "rule_id": 6}]</rules>
  </verse>
  <verse>
    <verseIdArabic>٨٤</verseIdArabic>
    <verseId>84</verseId>
    <chapterId>23</chapterId>
    <textIndopak>قُل لِّمَنِ ٱلۡأَرۡضُ وَمَن فِيهَآ إِن كُنتُمۡ تَعۡلَمُونَ</textIndopak>
    <translations>
      <translation>
        <author>King Fahad Quran Complex</author>
        <text>Katakanlah, "Kepunyaan siapakah bumi ini dan semua yang ada padanya, jika kamu mengetahui?"</text>
      </translation>
    </translations>
    <rules>[{"start": 26, "end": 30, "rule_id": 6}, {"start": 38, "end": 42, "rule_id": 6}, {"start": 42, "end": 45, "rule_id": 6}]</rules>
  </verse>
  <verse>
    <verseIdArabic>٨٥</verseIdArabic>
    <verseId>85</verseId>
    <chapterId>23</chapterId>
    <textIndopak>سَيَقُولُونَ لِلَّهِۚ قُلۡ أَفَلَا تَذَكَّرُونَ</textIndopak>
    <translations>
      <translation>
        <author>King Fahad Quran Complex</author>
        <text>Mereka akan menjawab, "Kepunyaan Allah." Katakanlah, "Maka apakah kamu tidak ingat?"</text>
      </translation>
    </translations>
  </verse>
  <verse>
    <verseIdArabic>٨٦</verseIdArabic>
    <verseId>86</verseId>
    <chapterId>23</chapterId>
    <textIndopak>قُلۡ مَن رَّبُّ ٱلسَّمَٰوَٰتِ ٱلسَّبۡعِ وَرَبُّ ٱلۡعَرۡشِ ٱلۡعَظِيمِ</textIndopak>
    <translations>
      <translation>
        <author>King Fahad Quran Complex</author>
        <text>Katakanlah, "Siapakah Yang Empunya langit yang tujuh dan Yang Empunya Arasy yang besar?"</text>
      </translation>
    </translations>
    <rules>[{"start": 35, "end": 37, "rule_id": 1}, {"start": 7, "end": 12, "rule_id": 5}]</rules>
  </verse>
  <verse>
    <verseIdArabic>٨٧</verseIdArabic>
    <verseId>87</verseId>
    <chapterId>23</chapterId>
    <textIndopak>سَيَقُولُونَ لِلَّهِۚ قُلۡ أَفَلَا تَتَّقُونَ</textIndopak>
    <translations>
      <translation>
        <author>King Fahad Quran Complex</author>
        <text>Mereka akan menjawab, "Kepunyaan Allah." Katakanlah, "Maka apakah kamu tidak bertakwa?"</text>
      </translation>
    </translations>
  </verse>
  <verse>
    <verseIdArabic>٨٨</verseIdArabic>
    <verseId>88</verseId>
    <chapterId>23</chapterId>
    <textIndopak>قُلۡ مَنۢ بِيَدِهِۦ مَلَكُوتُ كُلِّ شَيۡءٖ وَهُوَ يُجِيرُ وَلَا يُجَارُ عَلَيۡهِ إِن كُنتُمۡ تَعۡلَمُونَ</textIndopak>
    <translations>
      <translation>
        <author>King Fahad Quran Complex</author>
        <text>Katakanlah, "Siapakah yang di tangan-Nya berada kekuasaan atas segala sesuatu, sedang Dia melindungi, tetapi tidak ada yang dapat dilindungi dari (azab)-Nya, jika kamu mengetahui?"</text>
      </translation>
    </translations>
    <rules>[{"start": 7, "end": 12, "rule_id": 2}, {"start": 40, "end": 45, "rule_id": 3}, {"start": 83, "end": 87, "rule_id": 6}, {"start": 87, "end": 90, "rule_id": 6}]</rules>
  </verse>
  <verse>
    <verseIdArabic>٨٩</verseIdArabic>
    <verseId>89</verseId>
    <chapterId>23</chapterId>
    <textIndopak>سَيَقُولُونَ لِلَّهِۚ قُلۡ فَأَنَّىٰ تُسۡحَرُونَ</textIndopak>
    <translations>
      <translation>
        <author>King Fahad Quran Complex</author>
        <text>Mereka akan menjawab, "Kepunyaan Allah". Katakanlah, "(Kalau demikian), maka dari jalan manakah kamu ditipu?"</text>
      </translation>
    </translations>
    <rules>[{"start": 32, "end": 35, "rule_id": 0}]</rules>
  </verse>
  <verse>
    <verseIdArabic>٩٠</verseIdArabic>
    <verseId>90</verseId>
    <chapterId>23</chapterId>
    <textIndopak>بَلۡ أَتَيۡنَٰهُم بِٱلۡحَقِّ وَإِنَّهُمۡ لَكَٰذِبُونَ</textIndopak>
    <translations>
      <translation>
        <author>King Fahad Quran Complex</author>
        <text>Sebenarnya, Kami telah membawa kebenaran kepada mereka dan sesungguhnya mereka benar-benar orang-orang yang berdusta.</text>
      </translation>
    </translations>
    <rules>[{"start": 33, "end": 36, "rule_id": 0}, {"start": 16, "end": 20, "rule_id": 7}]</rules>
  </verse>
  <verse>
    <verseIdArabic>٩١</verseIdArabic>
    <verseId>91</verseId>
    <chapterId>23</chapterId>
    <textIndopak>مَا ٱتَّخَذَ ٱللَّهُ مِن وَلَدٖ وَمَا كَانَ مَعَهُۥ مِنۡ إِلَٰهٍۚ إِذٗا لَّذَهَبَ كُلُّ إِلَٰهِۭ بِمَا خَلَقَ وَلَعَلَا بَعۡضُهُمۡ عَلَىٰ بَعۡضٖۚ سُبۡحَٰنَ ٱللَّهِ عَمَّا يَصِفُونَ</textIndopak>
    <translations>
      <translation>
        <author>King Fahad Quran Complex</author>
        <text>Allah sekali-kali tidak mempunyai anak, dan sekali-kali tidak ada tuhan (yang lain) beserta-Nya, kalau ada tuhan beserta-Nya, masing-masing tuhan itu akan membawa makhluk yang diciptakannya, dan sebagian dari tuhan-tuhan itu akan mengalahkan sebagian yang lain. Maha Suci Allah dari apa yang mereka sifatkan itu,</text>
      </translation>
    </translations>
    <rules>[{"start": 168, "end": 171, "rule_id": 0}, {"start": 150, "end": 152, "rule_id": 1}, {"start": 94, "end": 100, "rule_id": 2}, {"start": 23, "end": 27, "rule_id": 3}, {"start": 29, "end": 34, "rule_id": 3}, {"start": 69, "end": 76, "rule_id": 5}]</rules>
  </verse>
  <verse>
    <verseIdArabic>٩٢</verseIdArabic>
    <verseId>92</verseId>
    <chapterId>23</chapterId>
    <textIndopak>عَٰلِمِ ٱلۡغَيۡبِ وَٱلشَّهَٰدَةِ فَتَعَٰلَىٰ عَمَّا يُشۡرِكُونَ</textIndopak>
    <translations>
      <translation>
        <author>King Fahad Quran Complex</author>
        <text>Yang mengetahui semua yang gaib dan semua yang tampak, maka Maha Tinggilah Dia dari apa yang mereka persekutukan.</text>
      </translation>
    </translations>
    <rules>[{"start": 47, "end": 50, "rule_id": 0}]</rules>
  </verse>
  <verse>
    <verseIdArabic>٩٣</verseIdArabic>
    <verseId>93</verseId>
    <chapterId>23</chapterId>
    <textIndopak>قُل رَّبِّ إِمَّا تُرِيَنِّي مَا يُوعَدُونَ</textIndopak>
    <translations>
      <translation>
        <author>King Fahad Quran Complex</author>
        <text>Katakanlah, "Ya Tuhan, jika Engkau sungguh-sungguh hendak memperlihatkan kepadaku azab yang diancamkan kepada mereka,</text>
      </translation>
    </translations>
    <rules>[{"start": 13, "end": 16, "rule_id": 0}, {"start": 24, "end": 27, "rule_id": 0}]</rules>
  </verse>
  <verse>
    <verseIdArabic>٩٤</verseIdArabic>
    <verseId>94</verseId>
    <chapterId>23</chapterId>
    <textIndopak>رَبِّ فَلَا تَجۡعَلۡنِي فِي ٱلۡقَوۡمِ ٱلظَّٰلِمِينَ</textIndopak>
    <translations>
      <translation>
        <author>King Fahad Quran Complex</author>
        <text>ya Tuhanku, maka janganlah Engkau jadikan aku berada di antara orang-orang yang zalim."</text>
      </translation>
    </translations>
    <rules>[{"start": 14, "end": 16, "rule_id": 1}]</rules>
  </verse>
  <verse>
    <verseIdArabic>٩٥</verseIdArabic>
    <verseId>95</verseId>
    <chapterId>23</chapterId>
    <textIndopak>وَإِنَّا عَلَىٰٓ أَن نُّرِيَكَ مَا نَعِدُهُمۡ لَقَٰدِرُونَ</textIndopak>
    <translations>
      <translation>
        <author>King Fahad Quran Complex</author>
        <text>Dan sesungguhnya, Kami benar-benar kuasa untuk memperlihatkan kepadamu apa yang Kami ancamkan kepada mereka.</text>
      </translation>
    </translations>
    <rules>[{"start": 4, "end": 7, "rule_id": 0}, {"start": 21, "end": 24, "rule_id": 0}, {"start": 19, "end": 24, "rule_id": 3}]</rules>
  </verse>
  <verse>
    <verseIdArabic>٩٦</verseIdArabic>
    <verseId>96</verseId>
    <chapterId>23</chapterId>
    <textIndopak>ٱدۡفَعۡ بِٱلَّتِي هِيَ أَحۡسَنُ ٱلسَّيِّئَةَۚ نَحۡنُ أَعۡلَمُ بِمَا يَصِفُونَ</textIndopak>
    <translations>
      <translation>
        <author>King Fahad Quran Complex</author>
        <text>Tolaklah perbuatan buruk mereka dengan yang lebih baik. Kami lebih mengetahui apa yang mereka sifatkan .</text>
      </translation>
    </translations>
    <rules>[{"start": 1, "end": 3, "rule_id": 1}]</rules>
  </verse>
  <verse>
    <verseIdArabic>٩٧</verseIdArabic>
    <verseId>97</verseId>
    <chapterId>23</chapterId>
    <textIndopak>وَقُل رَّبِّ أَعُوذُ بِكَ مِنۡ هَمَزَٰتِ ٱلشَّيَٰطِينِ</textIndopak>
    <translations>
      <translation>
        <author>King Fahad Quran Complex</author>
        <text>Dan katakanlah, "Ya Tuhan-ku, aku berlindung kepada Engkau dari bisikan-bisikan setan.</text>
      </translation>
    </translations>
  </verse>
  <verse>
    <verseIdArabic>٩٨</verseIdArabic>
    <verseId>98</verseId>
    <chapterId>23</chapterId>
    <textIndopak>وَأَعُوذُ بِكَ رَبِّ أَن يَحۡضُرُونِ</textIndopak>
    <translations>
      <translation>
        <author>King Fahad Quran Complex</author>
        <text>Dan aku berlindung (pula) kepada Engkau ya Tuhan-ku dari kedatangan mereka kepadaku."</text>
      </translation>
    </translations>
    <rules>[{"start": 23, "end": 27, "rule_id": 3}]</rules>
  </verse>
  <verse>
    <verseIdArabic>٩٩</verseIdArabic>
    <verseId>99</verseId>
    <chapterId>23</chapterId>
    <textIndopak>حَتَّىٰٓ إِذَا جَآءَ أَحَدَهُمُ ٱلۡمَوۡتُ قَالَ رَبِّ ٱرۡجِعُونِ</textIndopak>
    <translations>
      <translation>
        <author>King Fahad Quran Complex</author>
        <text>(Demikianlah keadaan orang-orang kafir itu) hingga apabila datang kematian kepada seseorang dari mereka, dia berkata, "Ya Tuhan-ku kembalikanlah aku (ke dunia) ,</text>
      </translation>
    </translations>
  </verse>
  <verse>
    <verseIdArabic>١٠٠</verseIdArabic>
    <verseId>100</verseId>
    <chapterId>23</chapterId>
    <textIndopak>لَعَلِّيٓ أَعۡمَلُ صَٰلِحٗا فِيمَا تَرَكۡتُۚ كـَلَّآۚ إِنَّهَا كَلِمَةٌ هُوَ قَآئِلُهَاۖ وَمِن وَرَآئِهِم بَرۡزَخٌ إِلَىٰ يَوۡمِ يُبۡعَثُونَ</textIndopak>
    <translations>
      <translation>
        <author>King Fahad Quran Complex</author>
        <text>agar aku berbuat amal yang saleh terhadap yang telah aku tinggalkan. Sekali-kali tidak. Sesungguhnya itu adalah perkataan yang diucapkannya saja. Dan di hadapan mereka ada dinding sampai hari mereka dibangkitkan .</text>
      </translation>
    </translations>
    <rules>[{"start": 58, "end": 61, "rule_id": 0}, {"start": 136, "end": 138, "rule_id": 1}, {"start": 97, "end": 101, "rule_id": 3}, {"start": 109, "end": 113, "rule_id": 7}]</rules>
  </verse>
  <verse>
    <verseIdArabic>١٠١</verseIdArabic>
    <verseId>101</verseId>
    <chapterId>23</chapterId>
    <textIndopak>فَإِذَا نُفِخَ فِي ٱلصُّورِ فَلَآ أَنسَابَ بَيۡنَهُمۡ يَوۡمَئِذٖ وَلَا يَتَسَآءَلُونَ</textIndopak>
    <translations>
      <translation>
        <author>King Fahad Quran Complex</author>
        <text>Apabila sangkakala ditiup, maka tidaklah ada lagi pertalian nasab di antara mereka pada hari itu dan tidak ada pula mereka saling bertanya.</text>
      </translation>
    </translations>
    <rules>[{"start": 63, "end": 68, "rule_id": 3}, {"start": 37, "end": 40, "rule_id": 6}]</rules>
  </verse>
  <verse>
    <verseIdArabic>١٠٢</verseIdArabic>
    <verseId>102</verseId>
    <chapterId>23</chapterId>
    <textIndopak>فَمَن ثَقُلَتۡ مَوَٰزِينُهُۥ فَأُوْلَٰٓئِكَ هُمُ ٱلۡمُفۡلِحُونَ</textIndopak>
    <translations>
      <translation>
        <author>King Fahad Quran Complex</author>
        <text>Barang siapa yang berat timbangan (kebaikan)nya , maka mereka itulah orang-orang yang dapat keberuntungan.</text>
      </translation>
    </translations>
    <rules>[{"start": 4, "end": 8, "rule_id": 6}]</rules>
  </verse>
  <verse>
    <verseIdArabic>١٠٣</verseIdArabic>
    <verseId>103</verseId>
    <chapterId>23</chapterId>
    <textIndopak>وَمَنۡ خَفَّتۡ مَوَٰزِينُهُۥ فَأُوْلَٰٓئِكَ ٱلَّذِينَ خَسِرُوٓاْ أَنفُسَهُمۡ فِي جَهَنَّمَ خَٰلِدُونَ</textIndopak>
    <translations>
      <translation>
        <author>King Fahad Quran Complex</author>
        <text>Dan barang siapa yang ringan timbangannya , maka mereka itulah orang-orang yang merugikan dirinya sendiri; mereka kekal di dalam neraka Jahanam.</text>
      </translation>
    </translations>
    <rules>[{"start": 85, "end": 88, "rule_id": 0}, {"start": 67, "end": 70, "rule_id": 6}]</rules>
  </verse>
  <verse>
    <verseIdArabic>١٠٤</verseIdArabic>
    <verseId>104</verseId>
    <chapterId>23</chapterId>
    <textIndopak>تَلۡفَحُ وُجُوهَهُمُ ٱلنَّارُ وَهُمۡ فِيهَا كَٰلِحُونَ</textIndopak>
    <translations>
      <translation>
        <author>King Fahad Quran Complex</author>
        <text>Muka mereka dibakar api neraka dan mereka di dalam neraka itu dalam keadaan cacat.</text>
      </translation>
    </translations>
    <rules>[{"start": 23, "end": 26, "rule_id": 0}]</rules>
  </verse>
  <verse>
    <verseIdArabic>١٠٥</verseIdArabic>
    <verseId>105</verseId>
    <chapterId>23</chapterId>
    <textIndopak>أَلَمۡ تَكُنۡ ءَايَٰتِي تُتۡلَىٰ عَلَيۡكُمۡ فَكُنتُم بِهَا تُكَذِّبُونَ</textIndopak>
    <translations>
      <translation>
        <author>King Fahad Quran Complex</author>
        <text>Bukankah ayat-ayat-Ku telah dibacakan kepadamu sekalian, tetapi kamu selalu mendustakannya?</text>
      </translation>
    </translations>
    <rules>[{"start": 48, "end": 51, "rule_id": 6}, {"start": 51, "end": 55, "rule_id": 7}]</rules>
  </verse>
  <verse>
    <verseIdArabic>١٠٦</verseIdArabic>
    <verseId>106</verseId>
    <chapterId>23</chapterId>
    <textIndopak>قَالُواْ رَبَّنَا غَلَبَتۡ عَلَيۡنَا شِقۡوَتُنَا وَكُنَّا قَوۡمٗا ضَآلِّينَ</textIndopak>
    <translations>
      <translation>
        <author>King Fahad Quran Complex</author>
        <text>Mereka berkata, "Ya Tuhan kami, kami telah dikuasai oleh kejahatan kami dan adalah kami orang-orang yang sesat.</text>
      </translation>
    </translations>
    <rules>[{"start": 53, "end": 56, "rule_id": 0}, {"start": 39, "end": 41, "rule_id": 1}]</rules>
  </verse>
  <verse>
    <verseIdArabic>١٠٧</verseIdArabic>
    <verseId>107</verseId>
    <chapterId>23</chapterId>
    <textIndopak>رَبَّنَآ أَخۡرِجۡنَا مِنۡهَا فَإِنۡ عُدۡنَا فَإِنَّا ظَٰلِمُونَ</textIndopak>
    <translations>
      <translation>
        <author>King Fahad Quran Complex</author>
        <text>Ya Tuhan kami, keluarkanlah kami darinya (dan kembalikanlah kami ke dunia), maka jika kami kembali (juga kepada kekafiran); sesungguhnya kami adalah orang-orang yang zalim."</text>
      </translation>
    </translations>
    <rules>[{"start": 49, "end": 52, "rule_id": 0}, {"start": 16, "end": 18, "rule_id": 1}, {"start": 39, "end": 41, "rule_id": 1}]</rules>
  </verse>
  <verse>
    <verseIdArabic>١٠٨</verseIdArabic>
    <verseId>108</verseId>
    <chapterId>23</chapterId>
    <textIndopak>قَالَ ٱخۡسَـُٔواْ فِيهَا وَلَا تُكَلِّمُونِ</textIndopak>
    <translations>
      <translation>
        <author>King Fahad Quran Complex</author>
        <text>Allah berfirman, "Tinggallah dengan hina di dalamnya dan janganlah kamu berbicara dengan Aku.</text>
      </translation>
    </translations>
  </verse>
  <verse>
    <verseIdArabic>١٠٩</verseIdArabic>
    <verseId>109</verseId>
    <chapterId>23</chapterId>
    <textIndopak>إِنَّهُۥ كَانَ فَرِيقٞ مِّنۡ عِبَادِي يَقُولُونَ رَبَّنَآ ءَامَنَّا فَٱغۡفِرۡ لَنَا وَٱرۡحَمۡنَا وَأَنتَ خَيۡرُ ٱلرَّٰحِمِينَ</textIndopak>
    <translations>
      <translation>
        <author>King Fahad Quran Complex</author>
        <text>Sesungguhnya, ada segolongan dari hamba-hamba-Ku berdoa (di dunia), "Ya Tuhan kami, kami telah beriman, maka ampunilah kami dan berilah kami rahmat dan Engkau adalah Pemberi rahmat Yang Paling Baik.</text>
      </translation>
    </translations>
    <rules>[{"start": 2, "end": 5, "rule_id": 0}, {"start": 23, "end": 26, "rule_id": 0}, {"start": 64, "end": 67, "rule_id": 0}, {"start": 20, "end": 26, "rule_id": 3}, {"start": 102, "end": 105, "rule_id": 6}]</rules>
  </verse>
  <verse>
    <verseIdArabic>١١٠</verseIdArabic>
    <verseId>110</verseId>
    <chapterId>23</chapterId>
    <textIndopak>فَٱتَّخَذۡتُمُوهُمۡ سِخۡرِيًّا حَتَّىٰٓ أَنسَوۡكُمۡ ذِكۡرِي وَكُنتُم مِّنۡهُمۡ تَضۡحَكُونَ</textIndopak>
    <translations>
      <translation>
        <author>King Fahad Quran Complex</author>
        <text>Lalu, kamu menjadikan mereka buah ejekan sehingga (kesibukan) kamu mengejek mereka, menjadikan kamu lupa mengingat Aku, dan adalah kamu selalu menertawakan mereka,</text>
      </translation>
    </translations>
    <rules>[{"start": 69, "end": 72, "rule_id": 0}, {"start": 67, "end": 72, "rule_id": 4}, {"start": 42, "end": 45, "rule_id": 6}, {"start": 64, "end": 67, "rule_id": 6}]</rules>
  </verse>
  <verse>
    <verseIdArabic>١١١</verseIdArabic>
    <verseId>111</verseId>
    <chapterId>23</chapterId>
    <textIndopak>إِنِّي جَزَيۡتُهُمُ ٱلۡيَوۡمَ بِمَا صَبَرُوٓاْ أَنَّهُمۡ هُمُ ٱلۡفَآئِزُونَ</textIndopak>
    <translations>
      <translation>
        <author>King Fahad Quran Complex</author>
        <text>Sesungguhnya Aku memberi balasan kepada mereka pada hari ini karena kesabaran mereka; sesungguhnya mereka itulah orang-orang yang menang ."</text>
      </translation>
    </translations>
    <rules>[{"start": 2, "end": 5, "rule_id": 0}, {"start": 49, "end": 52, "rule_id": 0}]</rules>
  </verse>
  <verse>
    <verseIdArabic>١١٢</verseIdArabic>
    <verseId>112</verseId>
    <chapterId>23</chapterId>
    <textIndopak>قَٰلَ كَمۡ لَبِثۡتُمۡ فِي ٱلۡأَرۡضِ عَدَدَ سِنِينَ</textIndopak>
    <translations>
      <translation>
        <author>King Fahad Quran Complex</author>
        <text>Allah bertanya, "Berapa tahunkah lamanya kamu tinggal di bumi?"</text>
      </translation>
    </translations>
  </verse>
  <verse>
    <verseIdArabic>١١٣</verseIdArabic>
    <verseId>113</verseId>
    <chapterId>23</chapterId>
    <textIndopak>قَالُواْ لَبِثۡنَا يَوۡمًا أَوۡ بَعۡضَ يَوۡمٖ فَسۡـَٔلِ ٱلۡعَآدِّينَ</textIndopak>
    <translations>
      <translation>
        <author>King Fahad Quran Complex</author>
        <text>Mereka menjawab, "Kami tinggal (di bumi) sehari atau setengah hari, maka tanyakanlah kepada orang-orang yang menghitung."</text>
      </translation>
    </translations>
    <rules>[{"start": 43, "end": 48, "rule_id": 6}]</rules>
  </verse>
  <verse>
    <verseIdArabic>١١٤</verseIdArabic>
    <verseId>114</verseId>
    <chapterId>23</chapterId>
    <textIndopak>قَٰلَ إِن لَّبِثۡتُمۡ إِلَّا قَلِيلٗاۖ لَّوۡ أَنَّكُمۡ كُنتُمۡ تَعۡلَمُونَ</textIndopak>
    <translations>
      <translation>
        <author>King Fahad Quran Complex</author>
        <text>Allah berfirman, "Kamu tidak tinggal (di bumi), melainkan sebentar saja kalau kamu sesungguhnya mengetahui" .</text>
      </translation>
    </translations>
    <rules>[{"start": 48, "end": 51, "rule_id": 0}, {"start": 8, "end": 13, "rule_id": 5}, {"start": 34, "end": 43, "rule_id": 5}, {"start": 58, "end": 61, "rule_id": 6}]</rules>
  </verse>
  <verse>
    <verseIdArabic>١١٥</verseIdArabic>
    <verseId>115</verseId>
    <chapterId>23</chapterId>
    <textIndopak>أَفَحَسِبۡتُمۡ أَنَّمَا خَلَقۡنَٰكُمۡ عَبَثٗا وَأَنَّكُمۡ إِلَيۡنَا لَا تُرۡجَعُونَ</textIndopak>
    <translations>
      <translation>
        <author>King Fahad Quran Complex</author>
        <text>Maka apakah kamu mengira bahwa sesungguhnya Kami menciptakan kamu secara main-main (saja) dan bahwa kamu tidak akan dikembalikan kepada Kami?</text>
      </translation>
    </translations>
    <rules>[{"start": 17, "end": 20, "rule_id": 0}, {"start": 50, "end": 53, "rule_id": 0}, {"start": 8, "end": 10, "rule_id": 1}, {"start": 28, "end": 30, "rule_id": 1}, {"start": 42, "end": 48, "rule_id": 3}]</rules>
  </verse>
  <verse>
    <verseIdArabic>١١٦</verseIdArabic>
    <verseId>116</verseId>
    <chapterId>23</chapterId>
    <textIndopak>فَتَعَٰلَى ٱللَّهُ ٱلۡمَلِكُ ٱلۡحَقُّۖ لَآ إِلَٰهَ إِلَّا هُوَ رَبُّ ٱلۡعَرۡشِ ٱلۡكَرِيمِ</textIndopak>
    <translations>
      <translation>
        <author>King Fahad Quran Complex</author>
        <text>Maka Maha Tinggi Allah, Raja Yang Sebenarnya; tidak ada Tuhan (yang berhak disembah) selain Dia, Tuhan (Yang mempunyai) arasy yang mulia.</text>
      </translation>
    </translations>
  </verse>
  <verse>
    <verseIdArabic>١١٧</verseIdArabic>
    <verseId>117</verseId>
    <chapterId>23</chapterId>
    <textIndopak>وَمَن يَدۡعُ مَعَ ٱللَّهِ إِلَٰهًا ءَاخَرَ لَا بُرۡهَٰنَ لَهُۥ بِهِۦ فَإِنَّمَا حِسَابُهُۥ عِندَ رَبِّهِۦٓۚ إِنَّهُۥ لَا يُفۡلِحُ ٱلۡكَٰفِرُونَ</textIndopak>
    <translations>
      <translation>
        <author>King Fahad Quran Complex</author>
        <text>Dan barang siapa menyembah tuhan yang lain di samping Allah, padahal tidak ada suatu dalil pun baginya tentang itu, maka sesungguhnya perhitungannya di sisi Tuhan-nya. Sesungguhnya orang-orang yang kafir itu tiada beruntung.</text>
      </translation>
    </translations>
    <rules>[{"start": 73, "end": 76, "rule_id": 0}, {"start": 111, "end": 114, "rule_id": 0}, {"start": 8, "end": 10, "rule_id": 1}, {"start": 4, "end": 8, "rule_id": 3}, {"start": 93, "end": 96, "rule_id": 6}]</rules>
  </verse>
  <verse>
    <verseIdArabic>١١٨</verseIdArabic>
    <verseId>118</verseId>
    <chapterId>23</chapterId>
    <textIndopak>وَقُل رَّبِّ ٱغۡفِرۡ وَٱرۡحَمۡ وَأَنتَ خَيۡرُ ٱلرَّٰحِمِينَ</textIndopak>
    <translations>
      <translation>
        <author>King Fahad Quran Complex</author>
        <text>Dan katakanlah, "Ya Tuhan-ku berilah ampun dan berilah rahmat dan Engkau adalah Pemberi rahmat Yang Paling baik."</text>
      </translation>
    </translations>
    <rules>[{"start": 35, "end": 38, "rule_id": 6}]</rules>
  </verse>
</verses>
