<?xml version="1.0" encoding="UTF-8"?>

<verses>
  <verse>
    <verseIdArabic>١</verseIdArabic>
    <verseId>1</verseId>
    <chapterId>28</chapterId>
    <textIndopak>طسٓمٓ</textIndopak>
    <translations>
      <translation>
        <author>King Fahad Quran Complex</author>
        <text>Ṭā Sīn Mīm</text>
      </translation>
    </translations>
  </verse>
  <verse>
    <verseIdArabic>٢</verseIdArabic>
    <verseId>2</verseId>
    <chapterId>28</chapterId>
    <textIndopak>تِلۡكَ ءَايَٰتُ ٱلۡكِتَٰبِ ٱلۡمُبِينِ</textIndopak>
    <translations>
      <translation>
        <author>King Fahad Quran Complex</author>
        <text>Ini adalah ayat-ayat Kitab (Al-Qur`ān) yang nyata (dari Allah).</text>
      </translation>
    </translations>
  </verse>
  <verse>
    <verseIdArabic>٣</verseIdArabic>
    <verseId>3</verseId>
    <chapterId>28</chapterId>
    <textIndopak>نَتۡلُواْ عَلَيۡكَ مِن نَّبَإِ مُوسَىٰ وَفِرۡعَوۡنَ بِٱلۡحَقِّ لِقَوۡمٖ يُؤۡمِنُونَ</textIndopak>
    <translations>
      <translation>
        <author>King Fahad Quran Complex</author>
        <text>Kami membacakan kepadamu sebagian dari kisah Musa dan Firʻawn dengan benar untuk orang-orang yang beriman.</text>
      </translation>
    </translations>
    <rules>[{"start": 23, "end": 26, "rule_id": 0}, {"start": 21, "end": 26, "rule_id": 3}, {"start": 69, "end": 74, "rule_id": 3}]</rules>
  </verse>
  <verse>
    <verseIdArabic>٤</verseIdArabic>
    <verseId>4</verseId>
    <chapterId>28</chapterId>
    <textIndopak>إِنَّ فِرۡعَوۡنَ عَلَا فِي ٱلۡأَرۡضِ وَجَعَلَ أَهۡلَهَا شِيَعٗا يَسۡتَضۡعِفُ طَآئِفَةٗ مِّنۡهُمۡ يُذَبِّحُ أَبۡنَآءَهُمۡ وَيَسۡتَحۡيِۦ نِسَآءَهُمۡۚ إِنَّهُۥ كَانَ مِنَ ٱلۡمُفۡسِدِينَ</textIndopak>
    <translations>
      <translation>
        <author>King Fahad Quran Complex</author>
        <text>Sesungguhnya Firʻawn telah berbuat sewenang-wenang di muka bumi dan menjadikan penduduknya berpecah belah dengan menindas segolongan dari mereka, menyembelih anak laki-laki mereka, dan membiarkan hidup anak-anak perempuan mereka . Sesungguhnya Firʻawn termasuk orang-orang yang berbuat kerusakan.</text>
      </translation>
    </translations>
    <rules>[{"start": 2, "end": 5, "rule_id": 0}, {"start": 88, "end": 91, "rule_id": 0}, {"start": 154, "end": 157, "rule_id": 0}, {"start": 110, "end": 112, "rule_id": 1}, {"start": 60, "end": 66, "rule_id": 3}, {"start": 85, "end": 91, "rule_id": 3}]</rules>
  </verse>
  <verse>
    <verseIdArabic>٥</verseIdArabic>
    <verseId>5</verseId>
    <chapterId>28</chapterId>
    <textIndopak>وَنُرِيدُ أَن نَّمُنَّ عَلَى ٱلَّذِينَ ٱسۡتُضۡعِفُواْ فِي ٱلۡأَرۡضِ وَنَجۡعَلَهُمۡ أَئِمَّةٗ وَنَجۡعَلَهُمُ ٱلۡوَٰرِثِينَ</textIndopak>
    <translations>
      <translation>
        <author>King Fahad Quran Complex</author>
        <text>Dan Kami hendak memberi karunia kepada orang-orang yang tertindas di bumi (Mesir) itu dan hendak menjadikan mereka pemimpin dan menjadikan mereka orang-orang yang mewarisi (bumi) ,</text>
      </translation>
    </translations>
    <rules>[{"start": 14, "end": 17, "rule_id": 0}, {"start": 19, "end": 22, "rule_id": 0}, {"start": 87, "end": 90, "rule_id": 0}, {"start": 72, "end": 74, "rule_id": 1}, {"start": 97, "end": 99, "rule_id": 1}, {"start": 12, "end": 17, "rule_id": 3}, {"start": 90, "end": 95, "rule_id": 3}]</rules>
  </verse>
  <verse>
    <verseIdArabic>٦</verseIdArabic>
    <verseId>6</verseId>
    <chapterId>28</chapterId>
    <textIndopak>وَنُمَكِّنَ لَهُمۡ فِي ٱلۡأَرۡضِ وَنُرِيَ فِرۡعَوۡنَ وَهَٰمَٰنَ وَجُنُودَهُمَا مِنۡهُم مَّا كَانُواْ يَحۡذَرُونَ</textIndopak>
    <translations>
      <translation>
        <author>King Fahad Quran Complex</author>
        <text>dan akan Kami teguhkan kedudukan mereka di muka bumi, dan akan Kami perlihatkan kepada Firʻawn dan Hāmān beserta tentaranya apa yang selalu mereka khawatirkan dari mereka itu .</text>
      </translation>
    </translations>
    <rules>[{"start": 87, "end": 90, "rule_id": 0}, {"start": 85, "end": 90, "rule_id": 4}]</rules>
  </verse>
  <verse>
    <verseIdArabic>٧</verseIdArabic>
    <verseId>7</verseId>
    <chapterId>28</chapterId>
    <textIndopak>وَأَوۡحَيۡنَآ إِلَىٰٓ أُمِّ مُوسَىٰٓ أَنۡ أَرۡضِعِيهِۖ فَإِذَا خِفۡتِ عَلَيۡهِ فَأَلۡقِيهِ فِي ٱلۡيَمِّ وَلَا تَخَافِي وَلَا تَحۡزَنِيٓۖ إِنَّا رَآدُّوهُ إِلَيۡكِ وَجَاعِلُوهُ مِنَ ٱلۡمُرۡسَلِينَ</textIndopak>
    <translations>
      <translation>
        <author>King Fahad Quran Complex</author>
        <text>Dan kami ilhamkan kepada ibu Musa, "Susuilah dia dan apabila kamu khawatir terhadapnya, maka jatuhkanlah dia ke sungai (Nil). Dan janganlah kamu khawatir dan janganlah (pula) bersedih hati karena sesungguhnya Kami akan mengembalikannya kepadamu dan menjadikannya (salah seorang) dari para rasul.</text>
      </translation>
    </translations>
    <rules>[{"start": 25, "end": 28, "rule_id": 0}, {"start": 102, "end": 105, "rule_id": 0}, {"start": 142, "end": 145, "rule_id": 0}]</rules>
  </verse>
  <verse>
    <verseIdArabic>٨</verseIdArabic>
    <verseId>8</verseId>
    <chapterId>28</chapterId>
    <textIndopak>فَٱلۡتَقَطَهُۥٓ ءَالُ فِرۡعَوۡنَ لِيَكُونَ لَهُمۡ عَدُوّٗا وَحَزَنًاۗ إِنَّ فِرۡعَوۡنَ وَهَٰمَٰنَ وَجُنُودَهُمَا كَانُواْ خَٰطِـِٔينَ</textIndopak>
    <translations>
      <translation>
        <author>King Fahad Quran Complex</author>
        <text>Maka dipungutlah ia oleh keluarga Firʻawn yang akibatnya dia menjadi musuh dan kesedihan bagi mereka. Sesungguhnya Firʻawn dan Hāmān beserta tentaranya adalah orang-orang yang bersalah.</text>
      </translation>
    </translations>
    <rules>[{"start": 73, "end": 76, "rule_id": 0}, {"start": 54, "end": 61, "rule_id": 3}]</rules>
  </verse>
  <verse>
    <verseIdArabic>٩</verseIdArabic>
    <verseId>9</verseId>
    <chapterId>28</chapterId>
    <textIndopak>وَقَالَتِ ٱمۡرَأَتُ فِرۡعَوۡنَ قُرَّتُ عَيۡنٖ لِّي وَلَكَۖ لَا تَقۡتُلُوهُ عَسَىٰٓ أَن يَنفَعَنَآ أَوۡ نَتَّخِذَهُۥ وَلَدٗا وَهُمۡ لَا يَشۡعُرُونَ</textIndopak>
    <translations>
      <translation>
        <author>King Fahad Quran Complex</author>
        <text>Dan berkatalah istri Firʻawn , "(Ia) adalah penyejuk mata hati bagiku dan bagimu. Janganlah kamu membunuhnya, mudah-mudahan ia bermanfaat kepada kita atau kita ambil ia menjadi anak", sedang mereka tiada menyadari.</text>
      </translation>
    </translations>
    <rules>[{"start": 66, "end": 68, "rule_id": 1}, {"start": 86, "end": 90, "rule_id": 3}, {"start": 122, "end": 128, "rule_id": 3}, {"start": 43, "end": 49, "rule_id": 5}, {"start": 90, "end": 93, "rule_id": 6}]</rules>
  </verse>
  <verse>
    <verseIdArabic>١٠</verseIdArabic>
    <verseId>10</verseId>
    <chapterId>28</chapterId>
    <textIndopak>وَأَصۡبَحَ فُؤَادُ أُمِّ مُوسَىٰ فَٰرِغًاۖ إِن كَادَتۡ لَتُبۡدِي بِهِۦ لَوۡلَآ أَن رَّبَطۡنَا عَلَىٰ قَلۡبِهَا لِتَكُونَ مِنَ ٱلۡمُؤۡمِنِينَ</textIndopak>
    <translations>
      <translation>
        <author>King Fahad Quran Complex</author>
        <text>Dan menjadi kosonglah hati ibu Musa . Sesungguhnya hampir saja ia menyatakan rahasia tentang Musa, seandainya tidak Kami teguhkan hatinya supaya ia termasuk orang-orang yang percaya (kepada janji Allah).</text>
      </translation>
    </translations>
    <rules>[{"start": 21, "end": 24, "rule_id": 0}, {"start": 60, "end": 62, "rule_id": 1}, {"start": 90, "end": 92, "rule_id": 1}, {"start": 83, "end": 88, "rule_id": 5}, {"start": 46, "end": 50, "rule_id": 6}]</rules>
  </verse>
  <verse>
    <verseIdArabic>١١</verseIdArabic>
    <verseId>11</verseId>
    <chapterId>28</chapterId>
    <textIndopak>وَقَالَتۡ لِأُخۡتِهِۦ قُصِّيهِۖ فَبَصُرَتۡ بِهِۦ عَن جُنُبٖ وَهُمۡ لَا يَشۡعُرُونَ</textIndopak>
    <translations>
      <translation>
        <author>King Fahad Quran Complex</author>
        <text>Dan berkatalah ibu Musa kepada saudara Musa yang perempuan, "Ikutilah dia" . Maka kelihatanlah olehnya Musa dari jauh, sedang mereka tidak mengetahuinya,</text>
      </translation>
    </translations>
    <rules>[{"start": 58, "end": 63, "rule_id": 3}, {"start": 52, "end": 56, "rule_id": 6}]</rules>
  </verse>
  <verse>
    <verseIdArabic>١٢</verseIdArabic>
    <verseId>12</verseId>
    <chapterId>28</chapterId>
    <textIndopak>۞ وَحَرَّمۡنَا عَلَيۡهِ ٱلۡمَرَاضِعَ مِن قَبۡلُ فَقَالَتۡ هَلۡ أَدُلُّكُمۡ عَلَىٰٓ أَهۡلِ بَيۡتٖ يَكۡفُلُونَهُۥ لَكُمۡ وَهُمۡ لَهُۥ نَٰصِحُونَ</textIndopak>
    <translations>
      <translation>
        <author>King Fahad Quran Complex</author>
        <text>dan Kami cegah Musa dari menyusu kepada perempuan-perempuan yang mau menyusui(nya) sebelum itu, maka berkatalah saudara Musa, "Maukah kamu aku tunjukkan kepadamu ahlul bait yang akan memeliharanya untukmu dan mereka dapat berlaku baik kepadanya?".</text>
      </translation>
    </translations>
    <rules>[{"start": 43, "end": 45, "rule_id": 1}, {"start": 94, "end": 99, "rule_id": 3}, {"start": 39, "end": 43, "rule_id": 6}]</rules>
  </verse>
  <verse>
    <verseIdArabic>١٣</verseIdArabic>
    <verseId>13</verseId>
    <chapterId>28</chapterId>
    <textIndopak>فَرَدَدۡنَٰهُ إِلَىٰٓ أُمِّهِۦ كَيۡ تَقَرَّ عَيۡنُهَا وَلَا تَحۡزَنَ وَلِتَعۡلَمَ أَنَّ وَعۡدَ ٱللَّهِ حَقّٞ وَلَٰكِنَّ أَكۡثَرَهُمۡ لَا يَعۡلَمُونَ</textIndopak>
    <translations>
      <translation>
        <author>King Fahad Quran Complex</author>
        <text>Maka kami kembalikan Musa kepada ibunya supaya senang hatinya dan tidak berduka cita dan supaya ia mengetahui bahwa janji Allah itu adalah benar, tetapi kebanyakan manusia tidak mengetahuinya.</text>
      </translation>
    </translations>
    <rules>[{"start": 24, "end": 27, "rule_id": 0}, {"start": 84, "end": 87, "rule_id": 0}, {"start": 116, "end": 119, "rule_id": 0}, {"start": 6, "end": 8, "rule_id": 1}, {"start": 105, "end": 111, "rule_id": 3}]</rules>
  </verse>
  <verse>
    <verseIdArabic>١٤</verseIdArabic>
    <verseId>14</verseId>
    <chapterId>28</chapterId>
    <textIndopak>وَلَمَّا بَلَغَ أَشُدَّهُۥ وَٱسۡتَوَىٰٓ ءَاتَيۡنَٰهُ حُكۡمٗا وَعِلۡمٗاۚ وَكَذَٰلِكَ نَجۡزِي ٱلۡمُحۡسِنِينَ</textIndopak>
    <translations>
      <translation>
        <author>King Fahad Quran Complex</author>
        <text>Dan setelah Musa cukup umur dan sempurna akalnya, Kami berikan kepadanya hikmah (kenabian) dan pengetahuan. Dan demikianlah Kami memberi balasan kepada orang-orang yang berbuat baik.</text>
      </translation>
    </translations>
    <rules>[{"start": 4, "end": 7, "rule_id": 0}, {"start": 87, "end": 89, "rule_id": 1}, {"start": 57, "end": 63, "rule_id": 3}]</rules>
  </verse>
  <verse>
    <verseIdArabic>١٥</verseIdArabic>
    <verseId>15</verseId>
    <chapterId>28</chapterId>
    <textIndopak>وَدَخَلَ ٱلۡمَدِينَةَ عَلَىٰ حِينِ غَفۡلَةٖ مِّنۡ أَهۡلِهَا فَوَجَدَ فِيهَا رَجُلَيۡنِ يَقۡتَتِلَانِ هَٰذَا مِن شِيعَتِهِۦ وَهَٰذَا مِنۡ عَدُوِّهِۦۖ فَٱسۡتَغَٰثَهُ ٱلَّذِي مِن شِيعَتِهِۦ عَلَى ٱلَّذِي مِنۡ عَدُوِّهِۦ فَوَكَزَهُۥ مُوسَىٰ فَقَضَىٰ عَلَيۡهِۖ قَالَ هَٰذَا مِنۡ عَمَلِ ٱلشَّيۡطَٰنِۖ إِنَّهُۥ عَدُوّٞ مُّضِلّٞ مُّبِينٞ</textIndopak>
    <translations>
      <translation>
        <author>King Fahad Quran Complex</author>
        <text>Dan Musa masuk ke kota (Memphis) ketika penduduknya sedang lengah , maka didapatinya di dalam kota itu dua orang laki-laki yang berkelahi; yang seorang dari golongannya (Bani Isrā`īl) dan seorang (lagi) dari musuhnya (kaum Firʻawn ). Maka orang yang dari golongannya meminta pertolongan kepadanya untuk mengalahkan orang yang dari musuhnya, lalu Musa meninjunya dan matilah musuhnya itu. Musa berkata, "Ini adalah perbuatan setan , sesungguhnya setan itu adalah musuh yang menyesatkan lagi nyata (permusuhannya).</text>
      </translation>
    </translations>
    <rules>[{"start": 44, "end": 47, "rule_id": 0}, {"start": 300, "end": 303, "rule_id": 0}, {"start": 315, "end": 318, "rule_id": 0}, {"start": 324, "end": 327, "rule_id": 0}, {"start": 89, "end": 91, "rule_id": 1}, {"start": 41, "end": 47, "rule_id": 3}, {"start": 311, "end": 318, "rule_id": 3}, {"start": 320, "end": 327, "rule_id": 3}, {"start": 110, "end": 114, "rule_id": 6}, {"start": 175, "end": 179, "rule_id": 6}]</rules>
  </verse>
  <verse>
    <verseIdArabic>١٦</verseIdArabic>
    <verseId>16</verseId>
    <chapterId>28</chapterId>
    <textIndopak>قَالَ رَبِّ إِنِّي ظَلَمۡتُ نَفۡسِي فَٱغۡفِرۡ لِي فَغَفَرَ لَهُۥٓۚ إِنَّهُۥ هُوَ ٱلۡغَفُورُ ٱلرَّحِيمُ</textIndopak>
    <translations>
      <translation>
        <author>King Fahad Quran Complex</author>
        <text>Musa berdoa, "Ya Tuhan-ku, sesungguhnya aku telah menganiaya diriku sendiri karena itu ampunilah aku". Maka Allah mengampuninya; sesungguhnya Allah Dia-lah Yang Maha Pengampun lagi Maha Penyayang.</text>
      </translation>
    </translations>
    <rules>[{"start": 14, "end": 17, "rule_id": 0}, {"start": 70, "end": 73, "rule_id": 0}]</rules>
  </verse>
  <verse>
    <verseIdArabic>١٧</verseIdArabic>
    <verseId>17</verseId>
    <chapterId>28</chapterId>
    <textIndopak>قَالَ رَبِّ بِمَآ أَنۡعَمۡتَ عَلَيَّ فَلَنۡ أَكُونَ ظَهِيرٗا لِّلۡمُجۡرِمِينَ</textIndopak>
    <translations>
      <translation>
        <author>King Fahad Quran Complex</author>
        <text>Musa berkata, "Ya Tuhan-ku, demi nikmat yang telah Engkau anugerahkan kepadaku, aku sekali-kali tiada akan menjadi penolong bagi orang-orang yang berdosa".</text>
      </translation>
    </translations>
    <rules>[{"start": 69, "end": 71, "rule_id": 1}, {"start": 58, "end": 65, "rule_id": 5}]</rules>
  </verse>
  <verse>
    <verseIdArabic>١٨</verseIdArabic>
    <verseId>18</verseId>
    <chapterId>28</chapterId>
    <textIndopak>فَأَصۡبَحَ فِي ٱلۡمَدِينَةِ خَآئِفٗا يَتَرَقَّبُ فَإِذَا ٱلَّذِي ٱسۡتَنصَرَهُۥ بِٱلۡأَمۡسِ يَسۡتَصۡرِخُهُۥۚ قَالَ لَهُۥ مُوسَىٰٓ إِنَّكَ لَغَوِيّٞ مُّبِينٞ</textIndopak>
    <translations>
      <translation>
        <author>King Fahad Quran Complex</author>
        <text>Karena itu, jadilah Musa di kota itu merasa takut menunggu-nunggu dengan khawatir (akibat perbuatannya), maka tiba-tiba orang yang meminta pertolongan kemarin berteriak meminta pertolongan kepadanya. Musa berkata kepadanya, "Sesungguhnya kamu benar-benar orang sesat yang nyata (kesesatannya)".</text>
      </translation>
    </translations>
    <rules>[{"start": 133, "end": 136, "rule_id": 0}, {"start": 149, "end": 152, "rule_id": 0}, {"start": 34, "end": 40, "rule_id": 3}, {"start": 145, "end": 152, "rule_id": 3}, {"start": 71, "end": 74, "rule_id": 6}]</rules>
  </verse>
  <verse>
    <verseIdArabic>١٩</verseIdArabic>
    <verseId>19</verseId>
    <chapterId>28</chapterId>
    <textIndopak>فَلَمَّآ أَنۡ أَرَادَ أَن يَبۡطِشَ بِٱلَّذِي هُوَ عَدُوّٞ لَّهُمَا قَالَ يَٰمُوسَىٰٓ أَتُرِيدُ أَن تَقۡتُلَنِي كَمَا قَتَلۡتَ نَفۡسَۢا بِٱلۡأَمۡسِۖ إِن تُرِيدُ إِلَّآ أَن تَكُونَ جَبَّارٗا فِي ٱلۡأَرۡضِ وَمَا تُرِيدُ أَن تَكُونَ مِنَ ٱلۡمُصۡلِحِينَ</textIndopak>
    <translations>
      <translation>
        <author>King Fahad Quran Complex</author>
        <text>Maka tatkala Musa hendak memegang dengan keras orang yang menjadi musuh keduanya, musuhnya berkata, "Hai Musa, apakah kamu bermaksud hendak membunuhku, sebagaimana kamu kemarin telah membunuh seorang manusia? Kamu tidak bermaksud, melainkan hendak menjadi orang yang berbuat sewenang-wenang di negeri (ini) dan tiadalah kamu hendak menjadi salah seorang dari orang-orang yang mengadakan perdamaian".</text>
      </translation>
    </translations>
    <rules>[{"start": 4, "end": 7, "rule_id": 0}, {"start": 29, "end": 31, "rule_id": 1}, {"start": 102, "end": 104, "rule_id": 1}, {"start": 25, "end": 29, "rule_id": 3}, {"start": 55, "end": 62, "rule_id": 5}, {"start": 98, "end": 102, "rule_id": 6}, {"start": 152, "end": 156, "rule_id": 6}, {"start": 172, "end": 176, "rule_id": 6}, {"start": 222, "end": 226, "rule_id": 6}]</rules>
  </verse>
  <verse>
    <verseIdArabic>٢٠</verseIdArabic>
    <verseId>20</verseId>
    <chapterId>28</chapterId>
    <textIndopak>وَجَآءَ رَجُلٞ مِّنۡ أَقۡصَا ٱلۡمَدِينَةِ يَسۡعَىٰ قَالَ يَٰمُوسَىٰٓ إِنَّ ٱلۡمَلَأَ يَأۡتَمِرُونَ بِكَ لِيَقۡتُلُوكَ فَٱخۡرُجۡ إِنِّي لَكَ مِنَ ٱلنَّٰصِحِينَ</textIndopak>
    <translations>
      <translation>
        <author>King Fahad Quran Complex</author>
        <text>Dan datanglah seorang laki-laki dari ujung kota bergegas-gegas seraya berkata, "Hai Musa, sesungguhnya pembesar negeri sedang berunding tentang kamu untuk membunuhmu sebab itu keluarlah (dari kota ini), sesungguhnya aku termasuk orang-orang yang memberi nasihat kepadamu".</text>
      </translation>
    </translations>
    <rules>[{"start": 16, "end": 19, "rule_id": 0}, {"start": 72, "end": 75, "rule_id": 0}, {"start": 131, "end": 134, "rule_id": 0}, {"start": 148, "end": 152, "rule_id": 0}, {"start": 24, "end": 26, "rule_id": 1}, {"start": 109, "end": 111, "rule_id": 1}, {"start": 126, "end": 128, "rule_id": 1}, {"start": 13, "end": 19, "rule_id": 3}]</rules>
  </verse>
  <verse>
    <verseIdArabic>٢١</verseIdArabic>
    <verseId>21</verseId>
    <chapterId>28</chapterId>
    <textIndopak>فَخَرَجَ مِنۡهَا خَآئِفٗا يَتَرَقَّبُۖ قَالَ رَبِّ نَجِّنِي مِنَ ٱلۡقَوۡمِ ٱلظَّٰلِمِينَ</textIndopak>
    <translations>
      <translation>
        <author>King Fahad Quran Complex</author>
        <text>Maka keluarlah Musa dari kota itu dengan rasa takut menunggu-nunggu dengan khawatir, dia berdoa, "Ya Tuhan-ku, selamatkanlah aku dari orang-orang yang zalim itu".</text>
      </translation>
    </translations>
    <rules>[{"start": 23, "end": 29, "rule_id": 3}]</rules>
  </verse>
  <verse>
    <verseIdArabic>٢٢</verseIdArabic>
    <verseId>22</verseId>
    <chapterId>28</chapterId>
    <textIndopak>وَلَمَّا تَوَجَّهَ تِلۡقَآءَ مَدۡيَنَ قَالَ عَسَىٰ رَبِّيٓ أَن يَهۡدِيَنِي سَوَآءَ ٱلسَّبِيلِ</textIndopak>
    <translations>
      <translation>
        <author>King Fahad Quran Complex</author>
        <text>Dan tatkala ia menghadap kejurusan negeri Madyan ia berdoa (lagi), "Mudah-mudahan Tuhan-ku memimpinku ke jalan yang benar".</text>
      </translation>
    </translations>
    <rules>[{"start": 4, "end": 7, "rule_id": 0}, {"start": 32, "end": 34, "rule_id": 1}, {"start": 62, "end": 66, "rule_id": 3}]</rules>
  </verse>
  <verse>
    <verseIdArabic>٢٣</verseIdArabic>
    <verseId>23</verseId>
    <chapterId>28</chapterId>
    <textIndopak>وَلَمَّا وَرَدَ مَآءَ مَدۡيَنَ وَجَدَ عَلَيۡهِ أُمَّةٗ مِّنَ ٱلنَّاسِ يَسۡقُونَ وَوَجَدَ مِن دُونِهِمُ ٱمۡرَأَتَيۡنِ تَذُودَانِۖ قَالَ مَا خَطۡبُكُمَاۖ قَالَتَا لَا نَسۡقِي حَتَّىٰ يُصۡدِرَ ٱلرِّعَآءُۖ وَأَبُونَا شَيۡخٞ كَبِيرٞ</textIndopak>
    <translations>
      <translation>
        <author>King Fahad Quran Complex</author>
        <text>Dan tatkala ia sampai di sumber air negeri Madyan, ia menjumpai di sana sekumpulan orang yang sedang meminumkan (ternaknya) dan ia menjumpai di belakang orang banyak itu dua orang wanita yang sedang menghambat (ternaknya). Musa berkata, "Apakah maksudmu (dengan berbuat begitu)?" Kedua wanita itu menjawab, "Kami tidak dapat meminumkan (ternak kami), sebelum pengembala-pengembala itu memulangkan (ternaknya), sedang bapak kami adalah orang tua yang telah lanjut umurnya".</text>
      </translation>
    </translations>
    <rules>[{"start": 4, "end": 7, "rule_id": 0}, {"start": 50, "end": 53, "rule_id": 0}, {"start": 56, "end": 59, "rule_id": 0}, {"start": 64, "end": 67, "rule_id": 0}, {"start": 25, "end": 27, "rule_id": 1}, {"start": 143, "end": 145, "rule_id": 1}, {"start": 53, "end": 59, "rule_id": 3}, {"start": 92, "end": 96, "rule_id": 6}, {"start": 222, "end": 227, "rule_id": 6}]</rules>
  </verse>
  <verse>
    <verseIdArabic>٢٤</verseIdArabic>
    <verseId>24</verseId>
    <chapterId>28</chapterId>
    <textIndopak>فَسَقَىٰ لَهُمَا ثُمَّ تَوَلَّىٰٓ إِلَى ٱلظِّلِّ فَقَالَ رَبِّ إِنِّي لِمَآ أَنزَلۡتَ إِلَيَّ مِنۡ خَيۡرٖ فَقِيرٞ</textIndopak>
    <translations>
      <translation>
        <author>King Fahad Quran Complex</author>
        <text>Maka Musa memberi minum ternak itu untuk (menolong) keduanya, kemudian dia kembali ke tempat yang teduh, lalu berdoa, "Ya Tuhan-ku sesungguhnya aku sangat memerlukan sesuatu kebaikan yang Engkau turunkan kepadaku".</text>
      </translation>
    </translations>
    <rules>[{"start": 19, "end": 22, "rule_id": 0}, {"start": 65, "end": 68, "rule_id": 0}, {"start": 79, "end": 82, "rule_id": 6}, {"start": 104, "end": 109, "rule_id": 6}]</rules>
  </verse>
  <verse>
    <verseIdArabic>٢٥</verseIdArabic>
    <verseId>25</verseId>
    <chapterId>28</chapterId>
    <textIndopak>فَجَآءَتۡهُ إِحۡدَىٰهُمَا تَمۡشِي عَلَى ٱسۡتِحۡيَآءٖ قَالَتۡ إِنَّ أَبِي يَدۡعُوكَ لِيَجۡزِيَكَ أَجۡرَ مَا سَقَيۡتَ لَنَاۚ فَلَمَّا جَآءَهُۥ وَقَصَّ عَلَيۡهِ ٱلۡقَصَصَ قَالَ لَا تَخَفۡۖ نَجَوۡتَ مِنَ ٱلۡقَوۡمِ ٱلظَّٰلِمِينَ</textIndopak>
    <translations>
      <translation>
        <author>King Fahad Quran Complex</author>
        <text>Kemudian, datanglah kepada Musa salah seorang dari kedua wanita itu berjalan kemalu-maluan, ia berkata, "Sesungguhnya bapakku memanggil kamu agar ia memberi balasan terhadap (kebaikan)mu memberi minum (ternak) kami". Maka tatkala Musa mendatangi bapaknya (Syuʻayb) dan menceritakan kepadanya cerita (mengenai dirinya). Syuʻayb berkata, "Janganlah kamu takut. Kamu telah selamat dari orang-orang yang zalim itu".</text>
      </translation>
    </translations>
    <rules>[{"start": 65, "end": 68, "rule_id": 0}, {"start": 130, "end": 133, "rule_id": 0}, {"start": 77, "end": 79, "rule_id": 1}, {"start": 89, "end": 91, "rule_id": 1}, {"start": 100, "end": 102, "rule_id": 1}, {"start": 52, "end": 57, "rule_id": 6}]</rules>
  </verse>
  <verse>
    <verseIdArabic>٢٦</verseIdArabic>
    <verseId>26</verseId>
    <chapterId>28</chapterId>
    <textIndopak>قَالَتۡ إِحۡدَىٰهُمَا يَٰٓأَبَتِ ٱسۡتَـٔۡجِرۡهُۖ إِنَّ خَيۡرَ مَنِ ٱسۡتَـٔۡجَرۡتَ ٱلۡقَوِيُّ ٱلۡأَمِينُ</textIndopak>
    <translations>
      <translation>
        <author>King Fahad Quran Complex</author>
        <text>Salah seorang dari kedua wanita itu berkata, "Ya Bapakku ambillah ia sebagai orang yang bekerja (pada kita) karena sesungguhnya orang yang paling baik yang kamu ambil untuk bekerja (pada kita) ialah orang yang kuat lagi dapat dipercaya".</text>
      </translation>
    </translations>
    <rules>[{"start": 52, "end": 55, "rule_id": 0}]</rules>
  </verse>
  <verse>
    <verseIdArabic>٢٧</verseIdArabic>
    <verseId>27</verseId>
    <chapterId>28</chapterId>
    <textIndopak>قَالَ إِنِّيٓ أُرِيدُ أَنۡ أُنكِحَكَ إِحۡدَى ٱبۡنَتَيَّ هَٰتَيۡنِ عَلَىٰٓ أَن تَأۡجُرَنِي ثَمَٰنِيَ حِجَجٖۖ فَإِنۡ أَتۡمَمۡتَ عَشۡرٗا فَمِنۡ عِندِكَۖ وَمَآ أُرِيدُ أَنۡ أَشُقَّ عَلَيۡكَۚ سَتَجِدُنِيٓ إِن شَآءَ ٱللَّهُ مِنَ ٱلصَّٰلِحِينَ</textIndopak>
    <translations>
      <translation>
        <author>King Fahad Quran Complex</author>
        <text>Berkatalah dia (Syuʻayb), "Sesungguhnya aku bermaksud menikahkan kamu dengan salah seorang dari kedua anakku ini atas dasar bahwa kamu bekerja denganku delapan tahun dan jika kamu cukupkan sepuluh tahun, maka itu adalah (suatu kebaikan) dari kamu, maka aku tidak hendak memberati kamu. Dan kamu Insya Allah akan mendapatiku termasuk orang-orang yang baik".</text>
      </translation>
    </translations>
    <rules>[{"start": 8, "end": 11, "rule_id": 0}, {"start": 46, "end": 48, "rule_id": 1}, {"start": 29, "end": 32, "rule_id": 6}, {"start": 76, "end": 80, "rule_id": 6}, {"start": 144, "end": 147, "rule_id": 6}, {"start": 206, "end": 210, "rule_id": 6}]</rules>
  </verse>
  <verse>
    <verseIdArabic>٢٨</verseIdArabic>
    <verseId>28</verseId>
    <chapterId>28</chapterId>
    <textIndopak>قَالَ ذَٰلِكَ بَيۡنِي وَبَيۡنَكَۖ أَيَّمَا ٱلۡأَجَلَيۡنِ قَضَيۡتُ فَلَا عُدۡوَٰنَ عَلَيَّۖ وَٱللَّهُ عَلَىٰ مَا نَقُولُ وَكِيلٞ</textIndopak>
    <translations>
      <translation>
        <author>King Fahad Quran Complex</author>
        <text>Dia (Musa) berkata, "Itulah (perjanjian) antara aku dan kamu. Mana saja dari kedua waktu yang ditentukan itu aku sempurnakan, maka tidak ada tuntutan tambahan atas diriku (lagi). Dan Allah adalah saksi atas apa yang kita ucapkan".</text>
      </translation>
    </translations>
    <rules>[{"start": 75, "end": 77, "rule_id": 1}]</rules>
  </verse>
  <verse>
    <verseIdArabic>٢٩</verseIdArabic>
    <verseId>29</verseId>
    <chapterId>28</chapterId>
    <textIndopak>۞ فَلَمَّا قَضَىٰ مُوسَى ٱلۡأَجَلَ وَسَارَ بِأَهۡلِهِۦٓ ءَانَسَ مِن جَانِبِ ٱلطُّورِ نَارٗاۖ قَالَ لِأَهۡلِهِ ٱمۡكُثُوٓاْ إِنِّيٓ ءَانَسۡتُ نَارٗا لَّعَلِّيٓ ءَاتِيكُم مِّنۡهَا بِخَبَرٍ أَوۡ جَذۡوَةٖ مِّنَ ٱلنَّارِ لَعَلَّكُمۡ تَصۡطَلُونَ</textIndopak>
    <translations>
      <translation>
        <author>King Fahad Quran Complex</author>
        <text>Maka tatkala Musa telah menyelesaikan waktu yang ditentukan dan dia berangkat dengan keluarganya, dilihatnyalah api di lereng gunung ia berkata kepada keluarganya, "Tunggulah (di sini), sesungguhnya aku melihat api, mudah-mudahan aku dapat membawa suatu berita kepadamu dari (tempat) api itu atau (membawa) sesuluh api agar kamu dapat menghangatkan badan".</text>
      </translation>
    </translations>
    <rules>[{"start": 6, "end": 9, "rule_id": 0}, {"start": 123, "end": 126, "rule_id": 0}, {"start": 167, "end": 170, "rule_id": 0}, {"start": 199, "end": 202, "rule_id": 0}, {"start": 207, "end": 210, "rule_id": 0}, {"start": 196, "end": 202, "rule_id": 3}, {"start": 165, "end": 170, "rule_id": 4}, {"start": 142, "end": 149, "rule_id": 5}, {"start": 66, "end": 70, "rule_id": 6}]</rules>
  </verse>
  <verse>
    <verseIdArabic>٣٠</verseIdArabic>
    <verseId>30</verseId>
    <chapterId>28</chapterId>
    <textIndopak>فَلَمَّآ أَتَىٰهَا نُودِيَ مِن شَٰطِيِٕ ٱلۡوَادِ ٱلۡأَيۡمَنِ فِي ٱلۡبُقۡعَةِ ٱلۡمُبَٰرَكَةِ مِنَ ٱلشَّجَرَةِ أَن يَٰمُوسَىٰٓ إِنِّيٓ أَنَا ٱللَّهُ رَبُّ ٱلۡعَٰلَمِينَ</textIndopak>
    <translations>
      <translation>
        <author>King Fahad Quran Complex</author>
        <text>Maka tatkala Musa sampai ke (tempat) api itu, diserulah dia dari (arah) pinggir lembah sebelah kanan(nya) pada tempat yang diberkahi, dari sebatang pohon kayu, yaitu "Ya Musa, sesungguhnya aku adalah Allah, Tuhan semesta alam.</text>
      </translation>
    </translations>
    <rules>[{"start": 4, "end": 7, "rule_id": 0}, {"start": 127, "end": 130, "rule_id": 0}, {"start": 70, "end": 72, "rule_id": 1}, {"start": 111, "end": 116, "rule_id": 3}, {"start": 30, "end": 35, "rule_id": 6}]</rules>
  </verse>
  <verse>
    <verseIdArabic>٣١</verseIdArabic>
    <verseId>31</verseId>
    <chapterId>28</chapterId>
    <textIndopak>وَأَنۡ أَلۡقِ عَصَاكَۚ فَلَمَّا رَءَاهَا تَهۡتَزُّ كَأَنَّهَا جَآنّٞ وَلَّىٰ مُدۡبِرٗا وَلَمۡ يُعَقِّبۡۚ يَٰمُوسَىٰٓ أَقۡبِلۡ وَلَا تَخَفۡۖ إِنَّكَ مِنَ ٱلۡأٓمِنِينَ</textIndopak>
    <translations>
      <translation>
        <author>King Fahad Quran Complex</author>
        <text>dan lemparkanlah tongkatmu. Maka tatkala (tongkat itu menjadi ular dan) Musa melihatnya bergerak-gerak seolah-olah dia seekor ular yang gesit, larilah ia berbalik ke belakang tanpa menoleh. (Kemudian, Musa diseru), "Hai Musa datanglah kepada-Ku dan janganlah kamu takut. Sesungguhnya kamu termasuk orang-orang yang aman.</text>
      </translation>
    </translations>
    <rules>[{"start": 28, "end": 31, "rule_id": 0}, {"start": 56, "end": 59, "rule_id": 0}, {"start": 67, "end": 70, "rule_id": 0}, {"start": 146, "end": 149, "rule_id": 0}, {"start": 81, "end": 83, "rule_id": 1}, {"start": 103, "end": 105, "rule_id": 1}, {"start": 122, "end": 124, "rule_id": 1}, {"start": 67, "end": 73, "rule_id": 3}, {"start": 85, "end": 91, "rule_id": 3}]</rules>
  </verse>
  <verse>
    <verseIdArabic>٣٢</verseIdArabic>
    <verseId>32</verseId>
    <chapterId>28</chapterId>
    <textIndopak>ٱسۡلُكۡ يَدَكَ فِي جَيۡبِكَ تَخۡرُجۡ بَيۡضَآءَ مِنۡ غَيۡرِ سُوٓءٖ وَٱضۡمُمۡ إِلَيۡكَ جَنَاحَكَ مِنَ ٱلرَّهۡبِۖ فَذَٰنِكَ بُرۡهَٰنَانِ مِن رَّبِّكَ إِلَىٰ فِرۡعَوۡنَ وَمَلَإِيْهِۦٓۚ إِنَّهُمۡ كَانُواْ قَوۡمٗا فَٰسِقِينَ</textIndopak>
    <translations>
      <translation>
        <author>King Fahad Quran Complex</author>
        <text>Masukkanlah tanganmu ke leher bajumu , niscaya ia keluar putih tidak bercacat bukan karena penyakit dan dekapkanlah kedua tanganmu (ke dada)mu bila ketakutan , maka yang demikian itu adalah dua mukjizat dari Tuhan-mu (yang akan kamu hadapkan kepada Firʻawn dan pembesar-pembesarnya). Sesungguhnya mereka adalah orang-orang yang fasik".</text>
      </translation>
    </translations>
    <rules>[{"start": 186, "end": 189, "rule_id": 0}, {"start": 34, "end": 36, "rule_id": 1}, {"start": 64, "end": 69, "rule_id": 3}, {"start": 138, "end": 143, "rule_id": 5}]</rules>
  </verse>
  <verse>
    <verseIdArabic>٣٣</verseIdArabic>
    <verseId>33</verseId>
    <chapterId>28</chapterId>
    <textIndopak>قَالَ رَبِّ إِنِّي قَتَلۡتُ مِنۡهُمۡ نَفۡسٗا فَأَخَافُ أَن يَقۡتُلُونِ</textIndopak>
    <translations>
      <translation>
        <author>King Fahad Quran Complex</author>
        <text>Musa berkata, "Ya Tuhan-ku sesungguhnya aku telah membunuh seorang manusia dari golongan mereka, maka aku takut mereka akan membunuhku.</text>
      </translation>
    </translations>
    <rules>[{"start": 14, "end": 17, "rule_id": 0}, {"start": 61, "end": 63, "rule_id": 1}, {"start": 57, "end": 61, "rule_id": 3}]</rules>
  </verse>
  <verse>
    <verseIdArabic>٣٤</verseIdArabic>
    <verseId>34</verseId>
    <chapterId>28</chapterId>
    <textIndopak>وَأَخِي هَٰرُونُ هُوَ أَفۡصَحُ مِنِّي لِسَانٗا فَأَرۡسِلۡهُ مَعِيَ رِدۡءٗا يُصَدِّقُنِيٓۖ إِنِّيٓ أَخَافُ أَن يُكَذِّبُونِ</textIndopak>
    <translations>
      <translation>
        <author>King Fahad Quran Complex</author>
        <text>Dan saudaraku Hārūn dia lebih fasih lidahnya daripadaku , maka utuslah dia bersamaku sebagai pembantuku untuk membenarkan (perkataan)ku; sesungguhnya aku khawatir mereka akan mendustakanku".</text>
      </translation>
    </translations>
    <rules>[{"start": 33, "end": 36, "rule_id": 0}, {"start": 93, "end": 96, "rule_id": 0}, {"start": 69, "end": 71, "rule_id": 1}, {"start": 109, "end": 113, "rule_id": 3}, {"start": 71, "end": 77, "rule_id": 3}]</rules>
  </verse>
  <verse>
    <verseIdArabic>٣٥</verseIdArabic>
    <verseId>35</verseId>
    <chapterId>28</chapterId>
    <textIndopak>قَالَ سَنَشُدُّ عَضُدَكَ بِأَخِيكَ وَنَجۡعَلُ لَكُمَا سُلۡطَٰنٗا فَلَا يَصِلُونَ إِلَيۡكُمَا بِـَٔايَٰتِنَآۚ أَنتُمَا وَمَنِ ٱتَّبَعَكُمَا ٱلۡغَٰلِبُونَ</textIndopak>
    <translations>
      <translation>
        <author>King Fahad Quran Complex</author>
        <text>Allah berfirman, "Kami akan membantumu dengan saudaramu dan Kami berikan kepadamu berdua kekuasaan yang besar, maka mereka tidak dapat mencapaimu; (berangkatlah kamu berdua) dengan membawa mukjizat Kami, kamu berdua dan orang yang mengikuti kamulah yang menang.</text>
      </translation>
    </translations>
    <rules>[{"start": 39, "end": 41, "rule_id": 1}, {"start": 113, "end": 116, "rule_id": 6}]</rules>
  </verse>
  <verse>
    <verseIdArabic>٣٦</verseIdArabic>
    <verseId>36</verseId>
    <chapterId>28</chapterId>
    <textIndopak>فَلَمَّا جَآءَهُم مُّوسَىٰ بِـَٔايَٰتِنَا بَيِّنَٰتٖ قَالُواْ مَا هَٰذَآ إِلَّا سِحۡرٞ مُّفۡتَرٗى وَمَا سَمِعۡنَا بِهَٰذَا فِيٓ ءَابَآئِنَا ٱلۡأَوَّلِينَ</textIndopak>
    <translations>
      <translation>
        <author>King Fahad Quran Complex</author>
        <text>Maka tatkala Musa datang kepada mereka dengan (membawa) mukjizat-mukjizat Kami yang nyata, mereka berkata, "Ini tidak lain hanyalah sihir yang dibuat-buat dan kami belum pernah mendengar (seruan yang seperti) ini kepada nenek moyang kami dahulu".</text>
      </translation>
    </translations>
    <rules>[{"start": 4, "end": 7, "rule_id": 0}, {"start": 19, "end": 22, "rule_id": 0}, {"start": 89, "end": 92, "rule_id": 0}, {"start": 86, "end": 92, "rule_id": 3}, {"start": 17, "end": 22, "rule_id": 4}, {"start": 51, "end": 56, "rule_id": 6}]</rules>
  </verse>
  <verse>
    <verseIdArabic>٣٧</verseIdArabic>
    <verseId>37</verseId>
    <chapterId>28</chapterId>
    <textIndopak>وَقَالَ مُوسَىٰ رَبِّيٓ أَعۡلَمُ بِمَن جَآءَ بِٱلۡهُدَىٰ مِنۡ عِندِهِۦ وَمَن تَكُونُ لَهُۥ عَٰقِبَةُ ٱلدَّارِۚ إِنَّهُۥ لَا يُفۡلِحُ ٱلظَّٰلِمُونَ</textIndopak>
    <translations>
      <translation>
        <author>King Fahad Quran Complex</author>
        <text>Musa menjawab, "Tuhan-ku lebih mengetahui orang yang (patut) membawa petunjuk dari sisi-Nya dan siapa yang akan mendapat kesudahan (yang baik) di negeri akhirat. Sesungguhnya tidaklah akan mendapat kemenangan orang-orang yang zalim".</text>
      </translation>
    </translations>
    <rules>[{"start": 115, "end": 118, "rule_id": 0}, {"start": 37, "end": 41, "rule_id": 6}, {"start": 65, "end": 68, "rule_id": 6}, {"start": 76, "end": 80, "rule_id": 6}]</rules>
  </verse>
  <verse>
    <verseIdArabic>٣٨</verseIdArabic>
    <verseId>38</verseId>
    <chapterId>28</chapterId>
    <textIndopak>وَقَالَ فِرۡعَوۡنُ يَٰٓأَيُّهَا ٱلۡمَلَأُ مَا عَلِمۡتُ لَكُم مِّنۡ إِلَٰهٍ غَيۡرِي فَأَوۡقِدۡ لِي يَٰهَٰمَٰنُ عَلَى ٱلطِّينِ فَٱجۡعَل لِّي صَرۡحٗا لَّعَلِّيٓ أَطَّلِعُ إِلَىٰٓ إِلَٰهِ مُوسَىٰ وَإِنِّي لَأَظُنُّهُۥ مِنَ ٱلۡكَٰذِبِينَ</textIndopak>
    <translations>
      <translation>
        <author>King Fahad Quran Complex</author>
        <text>Dan berkata Firʻawn , "Hai pembesar kaumku, aku tidak mengetahui tuhan bagimu selain aku. Maka, bakarlah hai Hāmān untukku tanah liat , kemudian buatkanlah untukku bangunan yang tinggi supaya aku dapat naik melihat Tuhan Musa dan sesungguhnya aku benar-benar yakin bahwa dia termasuk orang-orang pendusta".</text>
      </translation>
    </translations>
    <rules>[{"start": 61, "end": 64, "rule_id": 0}, {"start": 196, "end": 199, "rule_id": 0}, {"start": 207, "end": 210, "rule_id": 0}, {"start": 91, "end": 93, "rule_id": 1}, {"start": 128, "end": 130, "rule_id": 1}, {"start": 59, "end": 64, "rule_id": 4}, {"start": 143, "end": 150, "rule_id": 5}]</rules>
  </verse>
  <verse>
    <verseIdArabic>٣٩</verseIdArabic>
    <verseId>39</verseId>
    <chapterId>28</chapterId>
    <textIndopak>وَٱسۡتَكۡبَرَ هُوَ وَجُنُودُهُۥ فِي ٱلۡأَرۡضِ بِغَيۡرِ ٱلۡحَقِّ وَظَنُّوٓاْ أَنَّهُمۡ إِلَيۡنَا لَا يُرۡجَعُونَ</textIndopak>
    <translations>
      <translation>
        <author>King Fahad Quran Complex</author>
        <text>dan berlaku angkuhlah Firʻawn dan bala tentaranya di bumi (Mesir) tanpa alasan yang benar dan mereka menyangka bahwa mereka tidak akan dikembalikan kepada Kami.</text>
      </translation>
    </translations>
    <rules>[{"start": 68, "end": 71, "rule_id": 0}, {"start": 78, "end": 81, "rule_id": 0}]</rules>
  </verse>
  <verse>
    <verseIdArabic>٤٠</verseIdArabic>
    <verseId>40</verseId>
    <chapterId>28</chapterId>
    <textIndopak>فَأَخَذۡنَٰهُ وَجُنُودَهُۥ فَنَبَذۡنَٰهُمۡ فِي ٱلۡيَمِّۖ فَٱنظُرۡ كَيۡفَ كَانَ عَٰقِبَةُ ٱلظَّٰلِمِينَ</textIndopak>
    <translations>
      <translation>
        <author>King Fahad Quran Complex</author>
        <text>Maka Kami hukumlah Firʻawn dan bala tentaranya, lalu Kami lemparkan mereka ke dalam laut. Maka lihatlah bagaimana akibat orang-orang yang zalim.</text>
      </translation>
    </translations>
    <rules>[{"start": 52, "end": 55, "rule_id": 0}, {"start": 61, "end": 64, "rule_id": 6}]</rules>
  </verse>
  <verse>
    <verseIdArabic>٤١</verseIdArabic>
    <verseId>41</verseId>
    <chapterId>28</chapterId>
    <textIndopak>وَجَعَلۡنَٰهُمۡ أَئِمَّةٗ يَدۡعُونَ إِلَى ٱلنَّارِۖ وَيَوۡمَ ٱلۡقِيَٰمَةِ لَا يُنصَرُونَ</textIndopak>
    <translations>
      <translation>
        <author>King Fahad Quran Complex</author>
        <text>Dan Kami jadikan mereka pemimpin-pemimpin yang menyeru (manusia) ke neraka dan pada hari kiamat mereka tidak akan ditolong.</text>
      </translation>
    </translations>
    <rules>[{"start": 20, "end": 23, "rule_id": 0}, {"start": 44, "end": 47, "rule_id": 0}, {"start": 28, "end": 30, "rule_id": 1}, {"start": 23, "end": 28, "rule_id": 3}, {"start": 81, "end": 84, "rule_id": 6}]</rules>
  </verse>
  <verse>
    <verseIdArabic>٤٢</verseIdArabic>
    <verseId>42</verseId>
    <chapterId>28</chapterId>
    <textIndopak>وَأَتۡبَعۡنَٰهُمۡ فِي هَٰذِهِ ٱلدُّنۡيَا لَعۡنَةٗۖ وَيَوۡمَ ٱلۡقِيَٰمَةِ هُم مِّنَ ٱلۡمَقۡبُوحِينَ</textIndopak>
    <translations>
      <translation>
        <author>King Fahad Quran Complex</author>
        <text>Dan Kami ikutkanlah laknat kepada mereka di dunia ini dan pada hari kiamat mereka termasuk orang-orang yang dijauhkan (dari rahmat Allah).</text>
      </translation>
    </translations>
    <rules>[{"start": 78, "end": 81, "rule_id": 0}, {"start": 89, "end": 91, "rule_id": 1}, {"start": 47, "end": 54, "rule_id": 3}, {"start": 76, "end": 81, "rule_id": 4}]</rules>
  </verse>
  <verse>
    <verseIdArabic>٤٣</verseIdArabic>
    <verseId>43</verseId>
    <chapterId>28</chapterId>
    <textIndopak>وَلَقَدۡ ءَاتَيۡنَا مُوسَى ٱلۡكِتَٰبَ مِنۢ بَعۡدِ مَآ أَهۡلَكۡنَا ٱلۡقُرُونَ ٱلۡأُولَىٰ بَصَآئِرَ لِلنَّاسِ وَهُدٗى وَرَحۡمَةٗ لَّعَلَّهُمۡ يَتَذَكَّرُونَ</textIndopak>
    <translations>
      <translation>
        <author>King Fahad Quran Complex</author>
        <text>Dan sesungguhnya telah Kami berikan kepada Musa Alkitab (Taurat) sesudah Kami binasakan generasi-generasi yang terdahulu untuk menjadi pelita bagi manusia dan petunjuk dan rahmat agar mereka ingat.</text>
      </translation>
    </translations>
    <rules>[{"start": 103, "end": 106, "rule_id": 0}, {"start": 6, "end": 8, "rule_id": 1}, {"start": 40, "end": 45, "rule_id": 2}, {"start": 126, "end": 132, "rule_id": 5}]</rules>
  </verse>
  <verse>
    <verseIdArabic>٤٤</verseIdArabic>
    <verseId>44</verseId>
    <chapterId>28</chapterId>
    <textIndopak>وَمَا كُنتَ بِجَانِبِ ٱلۡغَرۡبِيِّ إِذۡ قَضَيۡنَآ إِلَىٰ مُوسَى ٱلۡأَمۡرَ وَمَا كُنتَ مِنَ ٱلشَّٰهِدِينَ</textIndopak>
    <translations>
      <translation>
        <author>King Fahad Quran Complex</author>
        <text>Dan tidaklah kamu (Muhammad) berada di sisi yang sebelah barat ketika Kami menyampaikan perintah kepada Musa dan tiada pula kamu termasuk orang-orang yang menyaksikan.</text>
      </translation>
    </translations>
    <rules>[{"start": 8, "end": 11, "rule_id": 6}, {"start": 83, "end": 86, "rule_id": 6}]</rules>
  </verse>
  <verse>
    <verseIdArabic>٤٥</verseIdArabic>
    <verseId>45</verseId>
    <chapterId>28</chapterId>
    <textIndopak>وَلَٰكِنَّآ أَنشَأۡنَا قُرُونٗا فَتَطَاوَلَ عَلَيۡهِمُ ٱلۡعُمُرُۚ وَمَا كُنتَ ثَاوِيٗا فِيٓ أَهۡلِ مَدۡيَنَ تَتۡلُواْ عَلَيۡهِمۡ ءَايَٰتِنَا وَلَٰكِنَّا كُنَّا مُرۡسِلِينَ</textIndopak>
    <translations>
      <translation>
        <author>King Fahad Quran Complex</author>
        <text>Tetapi Kami telah mengadakan beberapa generasi dan berlalulah atas mereka masa yang panjang dan tiadalah kamu tinggal bersama-sama penduduk Mad-yan dengan membacakan ayat-ayat Kami kepada mereka, tetapi Kami telah mengutus rasul-rasul.</text>
      </translation>
    </translations>
    <rules>[{"start": 7, "end": 10, "rule_id": 0}, {"start": 150, "end": 153, "rule_id": 0}, {"start": 157, "end": 160, "rule_id": 0}, {"start": 103, "end": 105, "rule_id": 1}, {"start": 15, "end": 18, "rule_id": 6}, {"start": 76, "end": 79, "rule_id": 6}]</rules>
  </verse>
  <verse>
    <verseIdArabic>٤٦</verseIdArabic>
    <verseId>46</verseId>
    <chapterId>28</chapterId>
    <textIndopak>وَمَا كُنتَ بِجَانِبِ ٱلطُّورِ إِذۡ نَادَيۡنَا وَلَٰكِن رَّحۡمَةٗ مِّن رَّبِّكَ لِتُنذِرَ قَوۡمٗا مَّآ أَتَىٰهُم مِّن نَّذِيرٖ مِّن قَبۡلِكَ لَعَلَّهُمۡ يَتَذَكَّرُونَ</textIndopak>
    <translations>
      <translation>
        <author>King Fahad Quran Complex</author>
        <text>Dan tiadalah kamu berada di dekat Gunung Ṭūr ketika Kami menyeru (Musa), tetapi (Kami beritahukan itu kepadamu) sebagai rahmat dari Tuhan-mu supaya kamu memberi peringatan kepada kaum (Quraisy) yang sekali-kali belum datang kepada mereka pemberi peringatan sebelum kamu agar mereka ingat.</text>
      </translation>
    </translations>
    <rules>[{"start": 66, "end": 69, "rule_id": 0}, {"start": 98, "end": 101, "rule_id": 0}, {"start": 114, "end": 117, "rule_id": 0}, {"start": 119, "end": 122, "rule_id": 0}, {"start": 128, "end": 131, "rule_id": 0}, {"start": 135, "end": 137, "rule_id": 1}, {"start": 117, "end": 122, "rule_id": 3}, {"start": 63, "end": 69, "rule_id": 3}, {"start": 94, "end": 101, "rule_id": 3}, {"start": 125, "end": 131, "rule_id": 3}, {"start": 112, "end": 117, "rule_id": 4}, {"start": 54, "end": 59, "rule_id": 5}, {"start": 69, "end": 74, "rule_id": 5}, {"start": 8, "end": 11, "rule_id": 6}, {"start": 84, "end": 87, "rule_id": 6}, {"start": 131, "end": 135, "rule_id": 6}]</rules>
  </verse>
  <verse>
    <verseIdArabic>٤٧</verseIdArabic>
    <verseId>47</verseId>
    <chapterId>28</chapterId>
    <textIndopak>وَلَوۡلَآ أَن تُصِيبَهُم مُّصِيبَةُۢ بِمَا قَدَّمَتۡ أَيۡدِيهِمۡ فَيَقُولُواْ رَبَّنَا لَوۡلَآ أَرۡسَلۡتَ إِلَيۡنَا رَسُولٗا فَنَتَّبِعَ ءَايَٰتِكَ وَنَكُونَ مِنَ ٱلۡمُؤۡمِنِينَ</textIndopak>
    <translations>
      <translation>
        <author>King Fahad Quran Complex</author>
        <text>Dan agar mereka tidak mengatakan ketika azab menimpa mereka disebabkan apa yang mereka kerjakan, "Ya Tuhan kami, mengapa Engkau tidak mengutus seorang rasul kepada kami, lalu kami mengikuti ayat-ayat Engkau dan jadilah kami termasuk orang-orang mukmin"</text>
      </translation>
    </translations>
    <rules>[{"start": 26, "end": 29, "rule_id": 0}, {"start": 34, "end": 40, "rule_id": 2}, {"start": 24, "end": 29, "rule_id": 4}, {"start": 13, "end": 17, "rule_id": 6}]</rules>
  </verse>
  <verse>
    <verseIdArabic>٤٨</verseIdArabic>
    <verseId>48</verseId>
    <chapterId>28</chapterId>
    <textIndopak>فَلَمَّا جَآءَهُمُ ٱلۡحَقُّ مِنۡ عِندِنَا قَالُواْ لَوۡلَآ أُوتِيَ مِثۡلَ مَآ أُوتِيَ مُوسَىٰٓۚ أَوَلَمۡ يَكۡفُرُواْ بِمَآ أُوتِيَ مُوسَىٰ مِن قَبۡلُۖ قَالُواْ سِحۡرَانِ تَظَٰهَرَا وَقَالُوٓاْ إِنَّا بِكُلّٖ كَٰفِرُونَ</textIndopak>
    <translations>
      <translation>
        <author>King Fahad Quran Complex</author>
        <text>Maka tatkala datang kepada mereka kebenaran dari sisi Kami, mereka berkata, "Mengapakah tidak diberikan kepadanya (Muhammad) seperti yang telah diberikan kepada Musa dahulu?" Dan bukankah mereka itu telah ingkar (juga) kepada apa yang telah diberikan kepada Musa dahulu? Mereka dahulu telah berkata, "Musa dan Hārūn adalah dua ahli sihir yang bantu-membantu". Dan mereka (juga) berkata, "Sesungguhnya, kami tidak mempercayai masing-masing mereka itu".</text>
      </translation>
    </translations>
    <rules>[{"start": 4, "end": 7, "rule_id": 0}, {"start": 201, "end": 204, "rule_id": 0}, {"start": 150, "end": 152, "rule_id": 1}, {"start": 36, "end": 39, "rule_id": 6}, {"start": 146, "end": 150, "rule_id": 6}, {"start": 210, "end": 217, "rule_id": 6}]</rules>
  </verse>
  <verse>
    <verseIdArabic>٤٩</verseIdArabic>
    <verseId>49</verseId>
    <chapterId>28</chapterId>
    <textIndopak>قُلۡ فَأۡتُواْ بِكِتَٰبٖ مِّنۡ عِندِ ٱللَّهِ هُوَ أَهۡدَىٰ مِنۡهُمَآ أَتَّبِعۡهُ إِن كُنتُمۡ صَٰدِقِينَ</textIndopak>
    <translations>
      <translation>
        <author>King Fahad Quran Complex</author>
        <text>Katakanlah, "Datangkanlah olehmu sebuah kitab dari sisi Allah yang kitab itu lebih (dapat) memberi petunjuk daripada keduanya (Taurat dan Al-Qur`ān) niscaya aku mengikutinya, jika kamu sungguh orang-orang yang benar".</text>
      </translation>
    </translations>
    <rules>[{"start": 25, "end": 28, "rule_id": 0}, {"start": 22, "end": 28, "rule_id": 3}, {"start": 33, "end": 36, "rule_id": 6}, {"start": 84, "end": 88, "rule_id": 6}, {"start": 88, "end": 91, "rule_id": 6}]</rules>
  </verse>
  <verse>
    <verseIdArabic>٥٠</verseIdArabic>
    <verseId>50</verseId>
    <chapterId>28</chapterId>
    <textIndopak>فَإِن لَّمۡ يَسۡتَجِيبُواْ لَكَ فَٱعۡلَمۡ أَنَّمَا يَتَّبِعُونَ أَهۡوَآءَهُمۡۚ وَمَنۡ أَضَلُّ مِمَّنِ ٱتَّبَعَ هَوَىٰهُ بِغَيۡرِ هُدٗى مِّنَ ٱللَّهِۚ إِنَّ ٱللَّهَ لَا يَهۡدِي ٱلۡقَوۡمَ ٱلظَّٰلِمِينَ</textIndopak>
    <translations>
      <translation>
        <author>King Fahad Quran Complex</author>
        <text>Maka jika mereka tidak menjawab (tantanganmu), ketahuilah bahwa sesungguhnya mereka hanyalah mengikuti hawa nafsu mereka (belaka). Dan siapakah yang lebih sesat daripada orang yang mengikuti hawa nafsunya dengan tidak mendapat petunjuk dari Allah sedikit pun. Sesungguhnya Allah tidak memberi petunjuk kepada orang-orang yang zalim.</text>
      </translation>
    </translations>
    <rules>[{"start": 44, "end": 47, "rule_id": 0}, {"start": 98, "end": 101, "rule_id": 0}, {"start": 137, "end": 140, "rule_id": 0}, {"start": 155, "end": 158, "rule_id": 0}, {"start": 4, "end": 9, "rule_id": 5}]</rules>
  </verse>
  <verse>
    <verseIdArabic>٥١</verseIdArabic>
    <verseId>51</verseId>
    <chapterId>28</chapterId>
    <textIndopak>۞ وَلَقَدۡ وَصَّلۡنَا لَهُمُ ٱلۡقَوۡلَ لَعَلَّهُمۡ يَتَذَكَّرُونَ</textIndopak>
    <translations>
      <translation>
        <author>King Fahad Quran Complex</author>
        <text>Dan sesungguhnya telah Kami turunkan berturut-turut perkataan ini (Al-Qur`ān) kepada mereka agar mereka mendapat pelajaran .</text>
      </translation>
    </translations>
    <rules>[{"start": 8, "end": 10, "rule_id": 1}]</rules>
  </verse>
  <verse>
    <verseIdArabic>٥٢</verseIdArabic>
    <verseId>52</verseId>
    <chapterId>28</chapterId>
    <textIndopak>ٱلَّذِينَ ءَاتَيۡنَٰهُمُ ٱلۡكِتَٰبَ مِن قَبۡلِهِۦ هُم بِهِۦ يُؤۡمِنُونَ</textIndopak>
    <translations>
      <translation>
        <author>King Fahad Quran Complex</author>
        <text>Orang-orang yang telah Kami datangkan kepada mereka Alkitab sebelum Al-Qur`ān, mereka beriman (pula) dengan Al-Qur`ān itu.</text>
      </translation>
    </translations>
    <rules>[{"start": 42, "end": 44, "rule_id": 1}, {"start": 38, "end": 42, "rule_id": 6}, {"start": 52, "end": 56, "rule_id": 7}]</rules>
  </verse>
  <verse>
    <verseIdArabic>٥٣</verseIdArabic>
    <verseId>53</verseId>
    <chapterId>28</chapterId>
    <textIndopak>وَإِذَا يُتۡلَىٰ عَلَيۡهِمۡ قَالُوٓاْ ءَامَنَّا بِهِۦٓ إِنَّهُ ٱلۡحَقُّ مِن رَّبِّنَآ إِنَّا كُنَّا مِن قَبۡلِهِۦ مُسۡلِمِينَ</textIndopak>
    <translations>
      <translation>
        <author>King Fahad Quran Complex</author>
        <text>Dan apabila dibacakan (Al-Qur`ān itu) kepada mereka, mereka berkata, "Kami beriman kepadanya; sesungguhnya Al-Qur`ān itu adalah suatu kebenaran dari Tuhan kami, sesungguhnya kami sebelumnya adalah orang-orang yang membenarkan(nya).</text>
      </translation>
    </translations>
    <rules>[{"start": 43, "end": 46, "rule_id": 0}, {"start": 57, "end": 60, "rule_id": 0}, {"start": 89, "end": 92, "rule_id": 0}, {"start": 96, "end": 99, "rule_id": 0}, {"start": 107, "end": 109, "rule_id": 1}, {"start": 74, "end": 79, "rule_id": 5}, {"start": 103, "end": 107, "rule_id": 6}]</rules>
  </verse>
  <verse>
    <verseIdArabic>٥٤</verseIdArabic>
    <verseId>54</verseId>
    <chapterId>28</chapterId>
    <textIndopak>أُوْلَٰٓئِكَ يُؤۡتَوۡنَ أَجۡرَهُم مَّرَّتَيۡنِ بِمَا صَبَرُواْ وَيَدۡرَءُونَ بِٱلۡحَسَنَةِ ٱلسَّيِّئَةَ وَمِمَّا رَزَقۡنَٰهُمۡ يُنفِقُونَ</textIndopak>
    <translations>
      <translation>
        <author>King Fahad Quran Complex</author>
        <text>Mereka itu diberi pahala dua kali disebabkan kesabaran mereka dan mereka menolak kejahatan dengan kebaikan dan sebagian dari apa yang telah Kami rezekikan kepada mereka, mereka nafkahkan.</text>
      </translation>
    </translations>
    <rules>[{"start": 34, "end": 37, "rule_id": 0}, {"start": 108, "end": 111, "rule_id": 0}, {"start": 26, "end": 28, "rule_id": 1}, {"start": 67, "end": 69, "rule_id": 1}, {"start": 117, "end": 119, "rule_id": 1}, {"start": 32, "end": 37, "rule_id": 4}, {"start": 129, "end": 132, "rule_id": 6}]</rules>
  </verse>
  <verse>
    <verseIdArabic>٥٥</verseIdArabic>
    <verseId>55</verseId>
    <chapterId>28</chapterId>
    <textIndopak>وَإِذَا سَمِعُواْ ٱللَّغۡوَ أَعۡرَضُواْ عَنۡهُ وَقَالُواْ لَنَآ أَعۡمَٰلُنَا وَلَكُمۡ أَعۡمَٰلُكُمۡ سَلَٰمٌ عَلَيۡكُمۡ لَا نَبۡتَغِي ٱلۡجَٰهِلِينَ</textIndopak>
    <translations>
      <translation>
        <author>King Fahad Quran Complex</author>
        <text>Dan apabila mereka mendengar perkataan yang tidak bermanfaat, mereka berpaling darinya dan mereka berkata, "Bagi kami amal-amal kami dan bagimu amal-amalmu, kesejahteraan atas dirimu, kami tidak ingin bergaul dengan orang-orang jahil".</text>
      </translation>
    </translations>
    <rules>[{"start": 126, "end": 128, "rule_id": 1}]</rules>
  </verse>
  <verse>
    <verseIdArabic>٥٦</verseIdArabic>
    <verseId>56</verseId>
    <chapterId>28</chapterId>
    <textIndopak>إِنَّكَ لَا تَهۡدِي مَنۡ أَحۡبَبۡتَ وَلَٰكِنَّ ٱللَّهَ يَهۡدِي مَن يَشَآءُۚ وَهُوَ أَعۡلَمُ بِٱلۡمُهۡتَدِينَ</textIndopak>
    <translations>
      <translation>
        <author>King Fahad Quran Complex</author>
        <text>Sesungguhnya kamu tidak akan dapat memberi petunjuk kepada orang yang kamu kasihi, tetapi Allah memberi petunjuk kepada orang yang dikehendaki-Nya dan Allah lebih mengetahui orang-orang yang mau menerima petunjuk.</text>
      </translation>
    </translations>
    <rules>[{"start": 2, "end": 5, "rule_id": 0}, {"start": 43, "end": 46, "rule_id": 0}, {"start": 31, "end": 33, "rule_id": 1}, {"start": 65, "end": 69, "rule_id": 3}]</rules>
  </verse>
  <verse>
    <verseIdArabic>٥٧</verseIdArabic>
    <verseId>57</verseId>
    <chapterId>28</chapterId>
    <textIndopak>وَقَالُوٓاْ إِن نَّتَّبِعِ ٱلۡهُدَىٰ مَعَكَ نُتَخَطَّفۡ مِنۡ أَرۡضِنَآۚ أَوَلَمۡ نُمَكِّن لَّهُمۡ حَرَمًا ءَامِنٗا يُجۡبَىٰٓ إِلَيۡهِ ثَمَرَٰتُ كُلِّ شَيۡءٖ رِّزۡقٗا مِّن لَّدُنَّا وَلَٰكِنَّ أَكۡثَرَهُمۡ لَا يَعۡلَمُونَ</textIndopak>
    <translations>
      <translation>
        <author>King Fahad Quran Complex</author>
        <text>Dan mereka berkata, "Jika kami mengikuti petunjuk bersama kamu, niscaya kami akan diusir dari negeri kami". Dan apakah Kami tidak meneguhkan kedudukan mereka dalam daerah haram (tanah suci) yang aman yang didatangkan ke tempat itu buah-buahan dari segala macam (tumbuh-tumbuhan) untuk menjadi rezeki (bagimu) dari sisi Kami? Tetapi, kebanyakan mereka tidak mengetahui.</text>
      </translation>
    </translations>
    <rules>[{"start": 16, "end": 19, "rule_id": 0}, {"start": 168, "end": 171, "rule_id": 0}, {"start": 178, "end": 181, "rule_id": 0}, {"start": 190, "end": 193, "rule_id": 0}, {"start": 119, "end": 121, "rule_id": 1}, {"start": 14, "end": 19, "rule_id": 3}, {"start": 113, "end": 119, "rule_id": 3}, {"start": 164, "end": 171, "rule_id": 3}, {"start": 90, "end": 95, "rule_id": 5}, {"start": 171, "end": 176, "rule_id": 5}, {"start": 156, "end": 162, "rule_id": 5}]</rules>
  </verse>
  <verse>
    <verseIdArabic>٥٨</verseIdArabic>
    <verseId>58</verseId>
    <chapterId>28</chapterId>
    <textIndopak>وَكَمۡ أَهۡلَكۡنَا مِن قَرۡيَةِۭ بَطِرَتۡ مَعِيشَتَهَاۖ فَتِلۡكَ مَسَٰكِنُهُمۡ لَمۡ تُسۡكَن مِّنۢ بَعۡدِهِمۡ إِلَّا قَلِيلٗاۖ وَكُنَّا نَحۡنُ ٱلۡوَٰرِثِينَ</textIndopak>
    <translations>
      <translation>
        <author>King Fahad Quran Complex</author>
        <text>Dan berapa banyaknya (penduduk) negeri yang telah Kami binasakan yang sudah bersenang-senang dalam kehidupannya; maka itulah tempat kediaman mereka yang tiada didiami (lagi) sesudah mereka, kecuali sebagian kecil. Dan Kami adalah Pewaris(nya) .</text>
      </translation>
    </translations>
    <rules>[{"start": 93, "end": 96, "rule_id": 0}, {"start": 132, "end": 135, "rule_id": 0}, {"start": 96, "end": 101, "rule_id": 2}, {"start": 29, "end": 35, "rule_id": 2}, {"start": 91, "end": 96, "rule_id": 3}, {"start": 122, "end": 130, "rule_id": 3}, {"start": 21, "end": 25, "rule_id": 6}]</rules>
  </verse>
  <verse>
    <verseIdArabic>٥٩</verseIdArabic>
    <verseId>59</verseId>
    <chapterId>28</chapterId>
    <textIndopak>وَمَا كَانَ رَبُّكَ مُهۡلِكَ ٱلۡقُرَىٰ حَتَّىٰ يَبۡعَثَ فِيٓ أُمِّهَا رَسُولٗا يَتۡلُواْ عَلَيۡهِمۡ ءَايَٰتِنَاۚ وَمَا كُنَّا مُهۡلِكِي ٱلۡقُرَىٰٓ إِلَّا وَأَهۡلُهَا ظَٰلِمُونَ</textIndopak>
    <translations>
      <translation>
        <author>King Fahad Quran Complex</author>
        <text>Dan tidak adalah Tuhan-mu membinasakan kota-kota, sebelum Dia mengutus di ibukota itu seorang rasul yang membacakan ayat-ayat Kami kepada mereka dan tidak pernah (pula) Kami membinasakan kota-kota, kecuali penduduknya dalam keadaan melakukan kezaliman.</text>
      </translation>
    </translations>
    <rules>[{"start": 63, "end": 66, "rule_id": 0}, {"start": 122, "end": 125, "rule_id": 0}, {"start": 49, "end": 51, "rule_id": 1}, {"start": 75, "end": 81, "rule_id": 3}]</rules>
  </verse>
  <verse>
    <verseIdArabic>٦٠</verseIdArabic>
    <verseId>60</verseId>
    <chapterId>28</chapterId>
    <textIndopak>وَمَآ أُوتِيتُم مِّن شَيۡءٖ فَمَتَٰعُ ٱلۡحَيَوٰةِ ٱلدُّنۡيَا وَزِينَتُهَاۚ وَمَا عِندَ ٱللَّهِ خَيۡرٞ وَأَبۡقَىٰٓۚ أَفَلَا تَعۡقِلُونَ</textIndopak>
    <translations>
      <translation>
        <author>King Fahad Quran Complex</author>
        <text>Dan apa saja yang diberikan kepada kamu, maka itu adalah kenikmatan hidup duniawi dan perhiasannya, sedang apa yang di sisi Allah adalah lebih baik dan lebih kekal. Maka apakah kamu tidak memahaminya?</text>
      </translation>
    </translations>
    <rules>[{"start": 17, "end": 20, "rule_id": 0}, {"start": 108, "end": 110, "rule_id": 1}, {"start": 101, "end": 106, "rule_id": 3}, {"start": 15, "end": 20, "rule_id": 4}, {"start": 20, "end": 24, "rule_id": 6}, {"start": 85, "end": 88, "rule_id": 6}, {"start": 26, "end": 31, "rule_id": 6}]</rules>
  </verse>
  <verse>
    <verseIdArabic>٦١</verseIdArabic>
    <verseId>61</verseId>
    <chapterId>28</chapterId>
    <textIndopak>أَفَمَن وَعَدۡنَٰهُ وَعۡدًا حَسَنٗا فَهُوَ لَٰقِيهِ كَمَن مَّتَّعۡنَٰهُ مَتَٰعَ ٱلۡحَيَوٰةِ ٱلدُّنۡيَا ثُمَّ هُوَ يَوۡمَ ٱلۡقِيَٰمَةِ مِنَ ٱلۡمُحۡضَرِينَ</textIndopak>
    <translations>
      <translation>
        <author>King Fahad Quran Complex</author>
        <text>Maka apakah orang yang Kami janjikan kepadanya suatu janji yang baik (surga), lalu ia memperolehnya sama dengan orang yang Kami berikan kepadanya kenikmatan hidup duniawi , kemudian dia pada hari kiamat termasuk orang-orang yang diseret (ke dalam neraka)?</text>
      </translation>
    </translations>
    <rules>[{"start": 58, "end": 61, "rule_id": 0}, {"start": 105, "end": 108, "rule_id": 0}, {"start": 12, "end": 14, "rule_id": 1}, {"start": 6, "end": 10, "rule_id": 3}, {"start": 56, "end": 61, "rule_id": 3}]</rules>
  </verse>
  <verse>
    <verseIdArabic>٦٢</verseIdArabic>
    <verseId>62</verseId>
    <chapterId>28</chapterId>
    <textIndopak>وَيَوۡمَ يُنَادِيهِمۡ فَيَقُولُ أَيۡنَ شُرَكَآءِيَ ٱلَّذِينَ كُنتُمۡ تَزۡعُمُونَ</textIndopak>
    <translations>
      <translation>
        <author>King Fahad Quran Complex</author>
        <text>Dan (ingatlah) hari (pada waktu) Allah menyeru mereka seraya berkata, "Di manakah sekutu-sekutu-Ku yang dahulu kamu katakan?"</text>
      </translation>
    </translations>
    <rules>[{"start": 64, "end": 67, "rule_id": 6}]</rules>
  </verse>
  <verse>
    <verseIdArabic>٦٣</verseIdArabic>
    <verseId>63</verseId>
    <chapterId>28</chapterId>
    <textIndopak>قَالَ ٱلَّذِينَ حَقَّ عَلَيۡهِمُ ٱلۡقَوۡلُ رَبَّنَا هَٰٓؤُلَآءِ ٱلَّذِينَ أَغۡوَيۡنَآ أَغۡوَيۡنَٰهُمۡ كَمَا غَوَيۡنَاۖ تَبَرَّأۡنَآ إِلَيۡكَۖ مَا كَانُوٓاْ إِيَّانَا يَعۡبُدُونَ</textIndopak>
    <translations>
      <translation>
        <author>King Fahad Quran Complex</author>
        <text>Berkatalah orang-orang yang telah tetap hukuman atas mereka , "Ya Tuhan kami, mereka inilah orang-orang yang kami sesatkan itu; kami telah menyesatkan mereka sebagaimana kami (sendiri) sesat , kami menyatakan berlepas diri (dari mereka) kepada Engkau, mereka sekali-kali tidak menyembah kami".</text>
      </translation>
    </translations>
  </verse>
  <verse>
    <verseIdArabic>٦٤</verseIdArabic>
    <verseId>64</verseId>
    <chapterId>28</chapterId>
    <textIndopak>وَقِيلَ ٱدۡعُواْ شُرَكَآءَكُمۡ فَدَعَوۡهُمۡ فَلَمۡ يَسۡتَجِيبُواْ لَهُمۡ وَرَأَوُاْ ٱلۡعَذَابَۚ لَوۡ أَنَّهُمۡ كَانُواْ يَهۡتَدُونَ</textIndopak>
    <translations>
      <translation>
        <author>King Fahad Quran Complex</author>
        <text>Dikatakan (kepada mereka), "Serulah olehmu sekutu-sekutu kamu", lalu mereka menyerunya, maka sekutu-sekutu itu tidak memperkenankan (seruan) mereka dan mereka melihat azab. (Mereka ketika itu berkeinginan) kiranya mereka dahulu menerima petunjuk.</text>
      </translation>
    </translations>
    <rules>[{"start": 105, "end": 108, "rule_id": 0}, {"start": 9, "end": 11, "rule_id": 1}]</rules>
  </verse>
  <verse>
    <verseIdArabic>٦٥</verseIdArabic>
    <verseId>65</verseId>
    <chapterId>28</chapterId>
    <textIndopak>وَيَوۡمَ يُنَادِيهِمۡ فَيَقُولُ مَاذَآ أَجَبۡتُمُ ٱلۡمُرۡسَلِينَ</textIndopak>
    <translations>
      <translation>
        <author>King Fahad Quran Complex</author>
        <text>Dan (ingatlah) hari (pada waktu) Allah menyeru mereka, seraya berkata, "Apakah jawabanmu kepada para rasul?"</text>
      </translation>
    </translations>
    <rules>[{"start": 44, "end": 46, "rule_id": 1}]</rules>
  </verse>
  <verse>
    <verseIdArabic>٦٦</verseIdArabic>
    <verseId>66</verseId>
    <chapterId>28</chapterId>
    <textIndopak>فَعَمِيَتۡ عَلَيۡهِمُ ٱلۡأَنۢبَآءُ يَوۡمَئِذٖ فَهُمۡ لَا يَتَسَآءَلُونَ</textIndopak>
    <translations>
      <translation>
        <author>King Fahad Quran Complex</author>
        <text>Maka gelaplah bagi mereka segala macam alasan pada hari itu karena itu mereka tidak saling tanya-menanya.</text>
      </translation>
    </translations>
    <rules>[{"start": 27, "end": 31, "rule_id": 2}, {"start": 44, "end": 49, "rule_id": 6}]</rules>
  </verse>
  <verse>
    <verseIdArabic>٦٧</verseIdArabic>
    <verseId>67</verseId>
    <chapterId>28</chapterId>
    <textIndopak>فَأَمَّا مَن تَابَ وَءَامَنَ وَعَمِلَ صَٰلِحٗا فَعَسَىٰٓ أَن يَكُونَ مِنَ ٱلۡمُفۡلِحِينَ</textIndopak>
    <translations>
      <translation>
        <author>King Fahad Quran Complex</author>
        <text>Adapun orang yang bertobat dan beriman serta mengerjakan amal yang saleh, semoga dia termasuk orang-orang yang beruntung.</text>
      </translation>
    </translations>
    <rules>[{"start": 4, "end": 7, "rule_id": 0}, {"start": 59, "end": 63, "rule_id": 3}, {"start": 11, "end": 15, "rule_id": 6}]</rules>
  </verse>
  <verse>
    <verseIdArabic>٦٨</verseIdArabic>
    <verseId>68</verseId>
    <chapterId>28</chapterId>
    <textIndopak>وَرَبُّكَ يَخۡلُقُ مَا يَشَآءُ وَيَخۡتَارُۗ مَا كَانَ لَهُمُ ٱلۡخِيَرَةُۚ سُبۡحَٰنَ ٱللَّهِ وَتَعَٰلَىٰ عَمَّا يُشۡرِكُونَ</textIndopak>
    <translations>
      <translation>
        <author>King Fahad Quran Complex</author>
        <text>Dan Tuhan-mu menciptakan apa yang Dia kehendaki dan memilihnya. Sekali-kali, tidak ada pilihan bagi mereka . Maha Suci Allah dan Maha Tinggi dari apa yang mereka persekutukan (dengan Dia).</text>
      </translation>
    </translations>
    <rules>[{"start": 109, "end": 112, "rule_id": 0}, {"start": 79, "end": 81, "rule_id": 1}]</rules>
  </verse>
  <verse>
    <verseIdArabic>٦٩</verseIdArabic>
    <verseId>69</verseId>
    <chapterId>28</chapterId>
    <textIndopak>وَرَبُّكَ يَعۡلَمُ مَا تُكِنُّ صُدُورُهُمۡ وَمَا يُعۡلِنُونَ</textIndopak>
    <translations>
      <translation>
        <author>King Fahad Quran Complex</author>
        <text>Dan Tuhan-mu mengetahui apa yang disembunyikan (dalam) dada mereka dan apa yang mereka nyatakan.</text>
      </translation>
    </translations>
    <rules>[{"start": 27, "end": 30, "rule_id": 0}]</rules>
  </verse>
  <verse>
    <verseIdArabic>٧٠</verseIdArabic>
    <verseId>70</verseId>
    <chapterId>28</chapterId>
    <textIndopak>وَهُوَ ٱللَّهُ لَآ إِلَٰهَ إِلَّا هُوَۖ لَهُ ٱلۡحَمۡدُ فِي ٱلۡأُولَىٰ وَٱلۡأٓخِرَةِۖ وَلَهُ ٱلۡحُكۡمُ وَإِلَيۡهِ تُرۡجَعُونَ</textIndopak>
    <translations>
      <translation>
        <author>King Fahad Quran Complex</author>
        <text>Dan Dia-lah Allah, tidak ada Tuhan (yang berhak disembah), melainkan Dia, bagi-Nya-lah segala puji di dunia dan di akhirat dan bagi-Nya-lah segala penentuan, dan hanya kepada-Nya-lah kamu dikembalikan .</text>
      </translation>
    </translations>
  </verse>
  <verse>
    <verseIdArabic>٧١</verseIdArabic>
    <verseId>71</verseId>
    <chapterId>28</chapterId>
    <textIndopak>قُلۡ أَرَءَيۡتُمۡ إِن جَعَلَ ٱللَّهُ عَلَيۡكُمُ ٱلَّيۡلَ سَرۡمَدًا إِلَىٰ يَوۡمِ ٱلۡقِيَٰمَةِ مَنۡ إِلَٰهٌ غَيۡرُ ٱللَّهِ يَأۡتِيكُم بِضِيَآءٍۚ أَفَلَا تَسۡمَعُونَ</textIndopak>
    <translations>
      <translation>
        <author>King Fahad Quran Complex</author>
        <text>Katakanlah, "Terangkanlah kepadaku, jika Allah menjadikan untukmu malam itu terus-menerus sampai hari kiamat, siapakah Tuhan selain Allah yang akan mendatangkan sinar terang kepadamu? Maka apakah kamu tidak mendengar?"</text>
      </translation>
    </translations>
    <rules>[{"start": 20, "end": 24, "rule_id": 6}, {"start": 131, "end": 135, "rule_id": 7}]</rules>
  </verse>
  <verse>
    <verseIdArabic>٧٢</verseIdArabic>
    <verseId>72</verseId>
    <chapterId>28</chapterId>
    <textIndopak>قُلۡ أَرَءَيۡتُمۡ إِن جَعَلَ ٱللَّهُ عَلَيۡكُمُ ٱلنَّهَارَ سَرۡمَدًا إِلَىٰ يَوۡمِ ٱلۡقِيَٰمَةِ مَنۡ إِلَٰهٌ غَيۡرُ ٱللَّهِ يَأۡتِيكُم بِلَيۡلٖ تَسۡكُنُونَ فِيهِۚ أَفَلَا تُبۡصِرُونَ</textIndopak>
    <translations>
      <translation>
        <author>King Fahad Quran Complex</author>
        <text>Katakanlah, "Terangkanlah kepadaku, jika Allah menjadikan untukmu siang itu terus-menerus sampai hari kiamat, siapakah Tuhan selain Allah yang akan mendatangkan malam kepadamu yang kamu beristirahat padanya? Maka apakah kamu tidak memperhatikan?"</text>
      </translation>
    </translations>
    <rules>[{"start": 50, "end": 53, "rule_id": 0}, {"start": 174, "end": 176, "rule_id": 1}, {"start": 20, "end": 24, "rule_id": 6}, {"start": 141, "end": 146, "rule_id": 6}, {"start": 133, "end": 137, "rule_id": 7}]</rules>
  </verse>
  <verse>
    <verseIdArabic>٧٣</verseIdArabic>
    <verseId>73</verseId>
    <chapterId>28</chapterId>
    <textIndopak>وَمِن رَّحۡمَتِهِۦ جَعَلَ لَكُمُ ٱلَّيۡلَ وَٱلنَّهَارَ لِتَسۡكُنُواْ فِيهِ وَلِتَبۡتَغُواْ مِن فَضۡلِهِۦ وَلَعَلَّكُمۡ تَشۡكُرُونَ</textIndopak>
    <translations>
      <translation>
        <author>King Fahad Quran Complex</author>
        <text>Dan karena rahmat-Nya, Dia jadikan untukmu malam dan siang supaya kamu beristirahat pada malam itu dan supaya kamu mencari sebagian dari karunia-Nya (pada siang hari) dan agar kamu bersyukur kepada-Nya.</text>
      </translation>
    </translations>
    <rules>[{"start": 46, "end": 49, "rule_id": 0}, {"start": 81, "end": 83, "rule_id": 1}, {"start": 4, "end": 9, "rule_id": 5}, {"start": 93, "end": 97, "rule_id": 6}]</rules>
  </verse>
  <verse>
    <verseIdArabic>٧٤</verseIdArabic>
    <verseId>74</verseId>
    <chapterId>28</chapterId>
    <textIndopak>وَيَوۡمَ يُنَادِيهِمۡ فَيَقُولُ أَيۡنَ شُرَكَآءِيَ ٱلَّذِينَ كُنتُمۡ تَزۡعُمُونَ</textIndopak>
    <translations>
      <translation>
        <author>King Fahad Quran Complex</author>
        <text>Dan (ingatlah) hari (pada waktu) Allah menyeru mereka, seraya berkata, "Di manakah sekutu-sekutu-Ku yang dahulu kamu katakan?"</text>
      </translation>
    </translations>
    <rules>[{"start": 64, "end": 67, "rule_id": 6}]</rules>
  </verse>
  <verse>
    <verseIdArabic>٧٥</verseIdArabic>
    <verseId>75</verseId>
    <chapterId>28</chapterId>
    <textIndopak>وَنَزَعۡنَا مِن كُلِّ أُمَّةٖ شَهِيدٗا فَقُلۡنَا هَاتُواْ بُرۡهَٰنَكُمۡ فَعَلِمُوٓاْ أَنَّ ٱلۡحَقَّ لِلَّهِ وَضَلَّ عَنۡهُم مَّا كَانُواْ يَفۡتَرُونَ</textIndopak>
    <translations>
      <translation>
        <author>King Fahad Quran Complex</author>
        <text>Dan Kami datangkan dari tiap-tiap umat seorang saksi , lalu Kami berkata, "Tunjukkanlah bukti kebenaranmu", maka tahulah mereka bahwasanya yang hak itu kepunyaan Allah dan lenyaplah dari mereka apa yang dahulunya mereka ada-adakan.</text>
      </translation>
    </translations>
    <rules>[{"start": 24, "end": 27, "rule_id": 0}, {"start": 87, "end": 90, "rule_id": 0}, {"start": 124, "end": 127, "rule_id": 0}, {"start": 122, "end": 127, "rule_id": 4}, {"start": 14, "end": 18, "rule_id": 6}, {"start": 27, "end": 32, "rule_id": 6}]</rules>
  </verse>
  <verse>
    <verseIdArabic>٧٦</verseIdArabic>
    <verseId>76</verseId>
    <chapterId>28</chapterId>
    <textIndopak>۞ إِنَّ قَٰرُونَ كَانَ مِن قَوۡمِ مُوسَىٰ فَبَغَىٰ عَلَيۡهِمۡۖ وَءَاتَيۡنَٰهُ مِنَ ٱلۡكُنُوزِ مَآ إِنَّ مَفَاتِحَهُۥ لَتَنُوٓأُ بِٱلۡعُصۡبَةِ أُوْلِي ٱلۡقُوَّةِ إِذۡ قَالَ لَهُۥ قَوۡمُهُۥ لَا تَفۡرَحۡۖ إِنَّ ٱللَّهَ لَا يُحِبُّ ٱلۡفَرِحِينَ</textIndopak>
    <translations>
      <translation>
        <author>King Fahad Quran Complex</author>
        <text>Sesungguhnya Qārūn adalah termasuk kaum Musa , maka ia berlaku aniaya terhadap mereka dan Kami telah menganugerahkan kepadanya perbendaharaan harta yang kunci-kuncinya sungguh berat dipikul oleh sejumlah orang yang kuat-kuat. (Ingatlah) ketika kaumnya berkata kepadanya, "Janganlah kamu terlalu bangga; sesungguhnya Allah tidak menyukai orang-orang yang terlalu membanggakan diri".</text>
      </translation>
    </translations>
    <rules>[{"start": 4, "end": 7, "rule_id": 0}, {"start": 102, "end": 105, "rule_id": 0}, {"start": 207, "end": 210, "rule_id": 0}, {"start": 25, "end": 29, "rule_id": 6}]</rules>
  </verse>
  <verse>
    <verseIdArabic>٧٧</verseIdArabic>
    <verseId>77</verseId>
    <chapterId>28</chapterId>
    <textIndopak>وَٱبۡتَغِ فِيمَآ ءَاتَىٰكَ ٱللَّهُ ٱلدَّارَ ٱلۡأٓخِرَةَۖ وَلَا تَنسَ نَصِيبَكَ مِنَ ٱلدُّنۡيَاۖ وَأَحۡسِن كَمَآ أَحۡسَنَ ٱللَّهُ إِلَيۡكَۖ وَلَا تَبۡغِ ٱلۡفَسَادَ فِي ٱلۡأَرۡضِۖ إِنَّ ٱللَّهَ لَا يُحِبُّ ٱلۡمُفۡسِدِينَ</textIndopak>
    <translations>
      <translation>
        <author>King Fahad Quran Complex</author>
        <text>Dan carilah pada apa yang telah dianugerahkan Allah kepadamu (kebahagiaan) negeri akhirat dan janganlah kamu melupakan bagianmu dari (kenikmatan) duniawi dan berbuat baiklah (kepada orang lain) sebagaimana Allah telah berbuat baik kepadamu dan janganlah kamu berbuat kerusakan di (muka) bumi. Sesungguhnya Allah tidak menyukai orang-orang yang berbuat kerusakan.</text>
      </translation>
    </translations>
    <rules>[{"start": 187, "end": 190, "rule_id": 0}, {"start": 3, "end": 5, "rule_id": 1}, {"start": 153, "end": 155, "rule_id": 1}, {"start": 68, "end": 71, "rule_id": 6}, {"start": 108, "end": 112, "rule_id": 6}]</rules>
  </verse>
  <verse>
    <verseIdArabic>٧٨</verseIdArabic>
    <verseId>78</verseId>
    <chapterId>28</chapterId>
    <textIndopak>قَالَ إِنَّمَآ أُوتِيتُهُۥ عَلَىٰ عِلۡمٍ عِندِيٓۚ أَوَلَمۡ يَعۡلَمۡ أَنَّ ٱللَّهَ قَدۡ أَهۡلَكَ مِن قَبۡلِهِۦ مِنَ ٱلۡقُرُونِ مَنۡ هُوَ أَشَدُّ مِنۡهُ قُوَّةٗ وَأَكۡثَرُ جَمۡعٗاۚ وَلَا يُسۡـَٔلُ عَن ذُنُوبِهِمُ ٱلۡمُجۡرِمُونَ</textIndopak>
    <translations>
      <translation>
        <author>King Fahad Quran Complex</author>
        <text>Qārūn berkata, "Sesungguhnya aku hanya diberi harta itu karena ilmu yang ada padaku". Dan apakah ia tidak mengetahui bahwasanya Allah sungguh telah membinasakan umat-umat sebelumnya yang lebih kuat darinya dan lebih banyak mengumpulkan harta? Dan tidaklah perlu ditanya kepada orang-orang yang berdosa itu tentang dosa-dosa mereka.</text>
      </translation>
    </translations>
    <rules>[{"start": 8, "end": 11, "rule_id": 0}, {"start": 72, "end": 75, "rule_id": 0}, {"start": 86, "end": 88, "rule_id": 1}, {"start": 104, "end": 106, "rule_id": 1}, {"start": 219, "end": 221, "rule_id": 1}, {"start": 158, "end": 163, "rule_id": 3}, {"start": 44, "end": 47, "rule_id": 6}, {"start": 100, "end": 104, "rule_id": 6}, {"start": 200, "end": 204, "rule_id": 6}]</rules>
  </verse>
  <verse>
    <verseIdArabic>٧٩</verseIdArabic>
    <verseId>79</verseId>
    <chapterId>28</chapterId>
    <textIndopak>فَخَرَجَ عَلَىٰ قَوۡمِهِۦ فِي زِينَتِهِۦۖ قَالَ ٱلَّذِينَ يُرِيدُونَ ٱلۡحَيَوٰةَ ٱلدُّنۡيَا يَٰلَيۡتَ لَنَا مِثۡلَ مَآ أُوتِيَ قَٰرُونُ إِنَّهُۥ لَذُو حَظٍّ عَظِيمٖ</textIndopak>
    <translations>
      <translation>
        <author>King Fahad Quran Complex</author>
        <text>Maka keluarlah Qārūn kepada kaumnya dalam kemegahannya. Berkatalah orang-orang yang menghendaki kehidupan dunia, "Moga-moga kiranya kita mempunyai seperti apa yang telah diberikan kepada Qārūn; sesungguhnya ia benar-benar mempunyai keberuntungan yang besar".</text>
      </translation>
    </translations>
    <rules>[{"start": 140, "end": 143, "rule_id": 0}]</rules>
  </verse>
  <verse>
    <verseIdArabic>٨٠</verseIdArabic>
    <verseId>80</verseId>
    <chapterId>28</chapterId>
    <textIndopak>وَقَالَ ٱلَّذِينَ أُوتُواْ ٱلۡعِلۡمَ وَيۡلَكُمۡ ثَوَابُ ٱللَّهِ خَيۡرٞ لِّمَنۡ ءَامَنَ وَعَمِلَ صَٰلِحٗاۚ وَلَا يُلَقَّىٰهَآ إِلَّا ٱلصَّٰبِرُونَ</textIndopak>
    <translations>
      <translation>
        <author>King Fahad Quran Complex</author>
        <text>Berkatalah orang-orang yang dianugerahi ilmu, "Kecelakaan yang besarlah bagimu, pahala Allah adalah lebih baik bagi orang-orang yang beriman dan beramal saleh dan tidak diperoleh pahala itu, kecuali oleh orang-orang yang sabar".</text>
      </translation>
    </translations>
    <rules>[{"start": 101, "end": 107, "rule_id": 3}, {"start": 68, "end": 74, "rule_id": 5}]</rules>
  </verse>
  <verse>
    <verseIdArabic>٨١</verseIdArabic>
    <verseId>81</verseId>
    <chapterId>28</chapterId>
    <textIndopak>فَخَسَفۡنَا بِهِۦ وَبِدَارِهِ ٱلۡأَرۡضَ فَمَا كَانَ لَهُۥ مِن فِئَةٖ يَنصُرُونَهُۥ مِن دُونِ ٱللَّهِ وَمَا كَانَ مِنَ ٱلۡمُنتَصِرِينَ</textIndopak>
    <translations>
      <translation>
        <author>King Fahad Quran Complex</author>
        <text>Maka Kami benamkanlah Qārūn beserta rumahnya ke dalam bumi. Maka tidak ada baginya suatu golongan pun yang menolongnya terhadap azab Allah. Dan tiadalah ia termasuk orang-orang (yang dapat) membela (dirinya).</text>
      </translation>
    </translations>
    <rules>[{"start": 66, "end": 71, "rule_id": 3}, {"start": 60, "end": 64, "rule_id": 6}, {"start": 71, "end": 74, "rule_id": 6}, {"start": 85, "end": 89, "rule_id": 6}, {"start": 123, "end": 126, "rule_id": 6}]</rules>
  </verse>
  <verse>
    <verseIdArabic>٨٢</verseIdArabic>
    <verseId>82</verseId>
    <chapterId>28</chapterId>
    <textIndopak>وَأَصۡبَحَ ٱلَّذِينَ تَمَنَّوۡاْ مَكَانَهُۥ بِٱلۡأَمۡسِ يَقُولُونَ وَيۡكَأَنَّ ٱللَّهَ يَبۡسُطُ ٱلرِّزۡقَ لِمَن يَشَآءُ مِنۡ عِبَادِهِۦ وَيَقۡدِرُۖ لَوۡلَآ أَن مَّنَّ ٱللَّهُ عَلَيۡنَا لَخَسَفَ بِنَاۖ وَيۡكَأَنَّهُۥ لَا يُفۡلِحُ ٱلۡكَٰفِرُونَ</textIndopak>
    <translations>
      <translation>
        <author>King Fahad Quran Complex</author>
        <text>Dan jadilah orang-orang yang kemarin mencita-citakan kedudukan Qārūn itu, berkata, "Aduhai, benarlah Allah melapangkan rezeki bagi siapa yang Dia kehendaki dari hamba-hambanya dan menyempitkannya; kalau Allah tidak melimpahkan karunia-Nya atas kita benar-benar Dia telah membenamkan kita (pula). Aduhai benarlah, tidak beruntung orang-orang yang mengingkari (nikmat Allah)".</text>
      </translation>
    </translations>
    <rules>[{"start": 25, "end": 28, "rule_id": 0}, {"start": 75, "end": 78, "rule_id": 0}, {"start": 163, "end": 166, "rule_id": 0}, {"start": 166, "end": 169, "rule_id": 0}, {"start": 213, "end": 216, "rule_id": 0}, {"start": 89, "end": 91, "rule_id": 1}, {"start": 141, "end": 143, "rule_id": 1}, {"start": 110, "end": 114, "rule_id": 3}, {"start": 161, "end": 166, "rule_id": 3}]</rules>
  </verse>
  <verse>
    <verseIdArabic>٨٣</verseIdArabic>
    <verseId>83</verseId>
    <chapterId>28</chapterId>
    <textIndopak>تِلۡكَ ٱلدَّارُ ٱلۡأٓخِرَةُ نَجۡعَلُهَا لِلَّذِينَ لَا يُرِيدُونَ عُلُوّٗا فِي ٱلۡأَرۡضِ وَلَا فَسَادٗاۚ وَٱلۡعَٰقِبَةُ لِلۡمُتَّقِينَ</textIndopak>
    <translations>
      <translation>
        <author>King Fahad Quran Complex</author>
        <text>Negeri akhirat itu, Kami jadikan untuk orang-orang yang tidak ingin menyombongkan diri dan berbuat kerusakan di (muka) bumi. Dan kesudahan (yang baik) itu adalah bagi orang-orang yang bertakwa.</text>
      </translation>
    </translations>
    <rules>[{"start": 31, "end": 33, "rule_id": 1}]</rules>
  </verse>
  <verse>
    <verseIdArabic>٨٤</verseIdArabic>
    <verseId>84</verseId>
    <chapterId>28</chapterId>
    <textIndopak>مَن جَآءَ بِٱلۡحَسَنَةِ فَلَهُۥ خَيۡرٞ مِّنۡهَاۖ وَمَن جَآءَ بِٱلسَّيِّئَةِ فَلَا يُجۡزَى ٱلَّذِينَ عَمِلُواْ ٱلسَّيِّـَٔاتِ إِلَّا مَا كَانُواْ يَعۡمَلُونَ</textIndopak>
    <translations>
      <translation>
        <author>King Fahad Quran Complex</author>
        <text>Barang siapa yang datang dengan (membawa) kebaikan, maka baginya (pahala) yang lebih baik daripada kebaikannya itu; dan barang siapa yang datang dengan (membawa) kejahatan, maka tidaklah diberi pembalasan kepada orang-orang yang telah mengerjakan kejahatan itu, melainkan (seimbang) dengan apa yang dahulu mereka kerjakan.</text>
      </translation>
    </translations>
    <rules>[{"start": 40, "end": 43, "rule_id": 0}, {"start": 87, "end": 89, "rule_id": 1}, {"start": 37, "end": 43, "rule_id": 3}, {"start": 2, "end": 6, "rule_id": 6}, {"start": 55, "end": 59, "rule_id": 6}]</rules>
  </verse>
  <verse>
    <verseIdArabic>٨٥</verseIdArabic>
    <verseId>85</verseId>
    <chapterId>28</chapterId>
    <textIndopak>إِنَّ ٱلَّذِي فَرَضَ عَلَيۡكَ ٱلۡقُرۡءَانَ لَرَآدُّكَ إِلَىٰ مَعَادٖۚ قُل رَّبِّيٓ أَعۡلَمُ مَن جَآءَ بِٱلۡهُدَىٰ وَمَنۡ هُوَ فِي ضَلَٰلٖ مُّبِينٖ</textIndopak>
    <translations>
      <translation>
        <author>King Fahad Quran Complex</author>
        <text>Sesungguhnya yang mewajibkan atasmu (melaksanakan hukum-hukum) Al-Qur`ān benar-benar akan mengembalikan kamu ke tempat kembali . Katakanlah, "Tuhan-ku mengetahui orang yang membawa petunjuk dan orang yang dalam kesesatan yang nyata".</text>
      </translation>
    </translations>
    <rules>[{"start": 2, "end": 5, "rule_id": 0}, {"start": 141, "end": 144, "rule_id": 0}, {"start": 138, "end": 144, "rule_id": 3}, {"start": 96, "end": 100, "rule_id": 6}]</rules>
  </verse>
  <verse>
    <verseIdArabic>٨٦</verseIdArabic>
    <verseId>86</verseId>
    <chapterId>28</chapterId>
    <textIndopak>وَمَا كُنتَ تَرۡجُوٓاْ أَن يُلۡقَىٰٓ إِلَيۡكَ ٱلۡكِتَٰبُ إِلَّا رَحۡمَةٗ مِّن رَّبِّكَۖ فَلَا تَكُونَنَّ ظَهِيرٗا لِّلۡكَٰفِرِينَ</textIndopak>
    <translations>
      <translation>
        <author>King Fahad Quran Complex</author>
        <text>Dan kamu tidak pernah mengharap agar Al-Qur`ān diturunkan kepadamu, tetapi ia (diturunkan) karena suatu rahmat yang besar dari Tuhan-mu sebab itu janganlah sekali-kali kamu menjadi penolong bagi orang-orang kafir.</text>
      </translation>
    </translations>
    <rules>[{"start": 73, "end": 76, "rule_id": 0}, {"start": 102, "end": 105, "rule_id": 0}, {"start": 25, "end": 29, "rule_id": 3}, {"start": 70, "end": 76, "rule_id": 3}, {"start": 76, "end": 81, "rule_id": 5}, {"start": 111, "end": 118, "rule_id": 5}, {"start": 8, "end": 11, "rule_id": 6}]</rules>
  </verse>
  <verse>
    <verseIdArabic>٨٧</verseIdArabic>
    <verseId>87</verseId>
    <chapterId>28</chapterId>
    <textIndopak>وَلَا يَصُدُّنَّكَ عَنۡ ءَايَٰتِ ٱللَّهِ بَعۡدَ إِذۡ أُنزِلَتۡ إِلَيۡكَۖ وَٱدۡعُ إِلَىٰ رَبِّكَۖ وَلَا تَكُونَنَّ مِنَ ٱلۡمُشۡرِكِينَ</textIndopak>
    <translations>
      <translation>
        <author>King Fahad Quran Complex</author>
        <text>Dan janganlah sekali-kali mereka dapat menghalangimu dari (menyampaikan) ayat-ayat Allah, sesudah ayat-ayat itu diturunkan kepadamu, dan serulah mereka kepada (jalan) Tuhan-mu, dan janganlah sekali-sekali kamu termasuk orang-orang yang mempersekutukan Tuhan.</text>
      </translation>
    </translations>
    <rules>[{"start": 13, "end": 16, "rule_id": 0}, {"start": 112, "end": 115, "rule_id": 0}, {"start": 77, "end": 79, "rule_id": 1}, {"start": 55, "end": 58, "rule_id": 6}]</rules>
  </verse>
  <verse>
    <verseIdArabic>٨٨</verseIdArabic>
    <verseId>88</verseId>
    <chapterId>28</chapterId>
    <textIndopak>وَلَا تَدۡعُ مَعَ ٱللَّهِ إِلَٰهًا ءَاخَرَۘ لَآ إِلَٰهَ إِلَّا هُوَۚ كُلُّ شَيۡءٍ هَالِكٌ إِلَّا وَجۡهَهُۥۚ لَهُ ٱلۡحُكۡمُ وَإِلَيۡهِ تُرۡجَعُونَ</textIndopak>
    <translations>
      <translation>
        <author>King Fahad Quran Complex</author>
        <text>Janganlah kamu sembah di samping (menyembah) Allah, tuhan apa pun yang lain. Tidak ada Tuhan (yang berhak disembah), melainkan Dia. Tiap-tiap sesuatu pasti binasa, kecuali wajah-Nya (Allah). Bagi-Nya-lah segala penentuan dan hanya kepada-Nya-lah kamu dikembalikan.</text>
      </translation>
    </translations>
    <rules>[{"start": 8, "end": 10, "rule_id": 1}, {"start": 102, "end": 104, "rule_id": 1}]</rules>
  </verse>
</verses>
