<?xml version="1.0" encoding="UTF-8"?>

<verses>
  <verse>
    <verseIdArabic>١</verseIdArabic>
    <verseId>1</verseId>
    <chapterId>29</chapterId>
    <textIndopak>الٓمٓ</textIndopak>
    <translations>
      <translation>
        <author>King Fahad Quran Complex</author>
        <text>Alif Lām Mīm</text>
      </translation>
    </translations>
  </verse>
  <verse>
    <verseIdArabic>٢</verseIdArabic>
    <verseId>2</verseId>
    <chapterId>29</chapterId>
    <textIndopak>أَحَسِبَ ٱلنَّاسُ أَن يُتۡرَكُوٓاْ أَن يَقُولُوٓاْ ءَامَنَّا وَهُمۡ لَا يُفۡتَنُونَ</textIndopak>
    <translations>
      <translation>
        <author>King Fahad Quran Complex</author>
        <text>Apakah manusia itu mengira bahwa mereka dibiarkan (saja) mengatakan, "Kami telah beriman", sedang mereka tidak diuji lagi?</text>
      </translation>
    </translations>
    <rules>[{"start": 11, "end": 14, "rule_id": 0}, {"start": 56, "end": 59, "rule_id": 0}, {"start": 20, "end": 24, "rule_id": 3}, {"start": 37, "end": 41, "rule_id": 3}]</rules>
  </verse>
  <verse>
    <verseIdArabic>٣</verseIdArabic>
    <verseId>3</verseId>
    <chapterId>29</chapterId>
    <textIndopak>وَلَقَدۡ فَتَنَّا ٱلَّذِينَ مِن قَبۡلِهِمۡۖ فَلَيَعۡلَمَنَّ ٱللَّهُ ٱلَّذِينَ صَدَقُواْ وَلَيَعۡلَمَنَّ ٱلۡكَٰذِبِينَ</textIndopak>
    <translations>
      <translation>
        <author>King Fahad Quran Complex</author>
        <text>Dan sesungguhnya kami telah menguji orang-orang yang sebelum mereka, maka sesungguhnya Allah mengetahui orang-orang yang benar dan sesungguhnya Dia mengetahui orang-orang yang dusta.</text>
      </translation>
    </translations>
    <rules>[{"start": 13, "end": 16, "rule_id": 0}, {"start": 57, "end": 60, "rule_id": 0}, {"start": 101, "end": 104, "rule_id": 0}, {"start": 6, "end": 8, "rule_id": 1}, {"start": 34, "end": 36, "rule_id": 1}, {"start": 30, "end": 34, "rule_id": 6}]</rules>
  </verse>
  <verse>
    <verseIdArabic>٤</verseIdArabic>
    <verseId>4</verseId>
    <chapterId>29</chapterId>
    <textIndopak>أَمۡ حَسِبَ ٱلَّذِينَ يَعۡمَلُونَ ٱلسَّيِّـَٔاتِ أَن يَسۡبِقُونَاۚ سَآءَ مَا يَحۡكُمُونَ</textIndopak>
    <translations>
      <translation>
        <author>King Fahad Quran Complex</author>
        <text>Ataukah orang-orang yang mengerjakan kejahatan itu mengira bahwa mereka akan luput (dari azab) Kami? Amatlah buruk apa yang mereka tetapkan itu.</text>
      </translation>
    </translations>
    <rules>[{"start": 51, "end": 55, "rule_id": 3}]</rules>
  </verse>
  <verse>
    <verseIdArabic>٥</verseIdArabic>
    <verseId>5</verseId>
    <chapterId>29</chapterId>
    <textIndopak>مَن كَانَ يَرۡجُواْ لِقَآءَ ٱللَّهِ فَإِنَّ أَجَلَ ٱللَّهِ لَأٓتٖۚ وَهُوَ ٱلسَّمِيعُ ٱلۡعَلِيمُ</textIndopak>
    <translations>
      <translation>
        <author>King Fahad Quran Complex</author>
        <text>Barang siapa yang mengharap pertemuan dengan Allah, maka sesungguhnya waktu (yang dijanjikan) Allah itu pasti datang. Dan Dia-lah Yang Maha mendengar lagi Maha Mengetahui.</text>
      </translation>
    </translations>
    <rules>[{"start": 41, "end": 44, "rule_id": 0}, {"start": 2, "end": 6, "rule_id": 6}]</rules>
  </verse>
  <verse>
    <verseIdArabic>٦</verseIdArabic>
    <verseId>6</verseId>
    <chapterId>29</chapterId>
    <textIndopak>وَمَن جَٰهَدَ فَإِنَّمَا يُجَٰهِدُ لِنَفۡسِهِۦٓۚ إِنَّ ٱللَّهَ لَغَنِيٌّ عَنِ ٱلۡعَٰلَمِينَ</textIndopak>
    <translations>
      <translation>
        <author>King Fahad Quran Complex</author>
        <text>Dan barang siapa yang berjihad, maka sesungguhnya jihadnya itu adalah untuk dirinya sendiri. Sesungguhnya Allah benar-benar Maha Kaya (tidak memerlukan sesuatu) dari semesta alam.</text>
      </translation>
    </translations>
    <rules>[{"start": 18, "end": 21, "rule_id": 0}, {"start": 52, "end": 55, "rule_id": 0}, {"start": 4, "end": 9, "rule_id": 6}]</rules>
  </verse>
  <verse>
    <verseIdArabic>٧</verseIdArabic>
    <verseId>7</verseId>
    <chapterId>29</chapterId>
    <textIndopak>وَٱلَّذِينَ ءَامَنُواْ وَعَمِلُواْ ٱلصَّٰلِحَٰتِ لَنُكَفِّرَنَّ عَنۡهُمۡ سَيِّـَٔاتِهِمۡ وَلَنَجۡزِيَنَّهُمۡ أَحۡسَنَ ٱلَّذِي كَانُواْ يَعۡمَلُونَ</textIndopak>
    <translations>
      <translation>
        <author>King Fahad Quran Complex</author>
        <text>Dan orang-orang yang beriman dan beramal saleh, benar-benar akan Kami hapuskan dari mereka dosa-dosa mereka dan benar-benar akan Kami beri mereka balasan yang lebih baik dari apa yang mereka kerjakan.</text>
      </translation>
    </translations>
    <rules>[{"start": 60, "end": 63, "rule_id": 0}, {"start": 101, "end": 104, "rule_id": 0}, {"start": 95, "end": 97, "rule_id": 1}]</rules>
  </verse>
  <verse>
    <verseIdArabic>٨</verseIdArabic>
    <verseId>8</verseId>
    <chapterId>29</chapterId>
    <textIndopak>وَوَصَّيۡنَا ٱلۡإِنسَٰنَ بِوَٰلِدَيۡهِ حُسۡنٗاۖ وَإِن جَٰهَدَاكَ لِتُشۡرِكَ بِي مَا لَيۡسَ لَكَ بِهِۦ عِلۡمٞ فَلَا تُطِعۡهُمَآۚ إِلَيَّ مَرۡجِعُكُمۡ فَأُنَبِّئُكُم بِمَا كُنتُمۡ تَعۡمَلُونَ</textIndopak>
    <translations>
      <translation>
        <author>King Fahad Quran Complex</author>
        <text>Dan Kami wajibkan manusia (berbuat) kebaikan kepada dua orang ibu-bapaknya. Dan jika keduanya memaksamu untuk mempersekutukan Aku dengan sesuatu yang tidak ada pengetahuanmu tentang itu, maka janganlah kamu mengikuti keduanya. Hanya kepada-Ku-lah kembalimu, lalu Aku kabarkan kepadamu apa yang telah kamu kerjakan.</text>
      </translation>
    </translations>
    <rules>[{"start": 43, "end": 51, "rule_id": 3}, {"start": 18, "end": 22, "rule_id": 6}, {"start": 53, "end": 58, "rule_id": 6}, {"start": 175, "end": 178, "rule_id": 6}, {"start": 107, "end": 112, "rule_id": 6}, {"start": 165, "end": 169, "rule_id": 7}]</rules>
  </verse>
  <verse>
    <verseIdArabic>٩</verseIdArabic>
    <verseId>9</verseId>
    <chapterId>29</chapterId>
    <textIndopak>وَٱلَّذِينَ ءَامَنُواْ وَعَمِلُواْ ٱلصَّٰلِحَٰتِ لَنُدۡخِلَنَّهُمۡ فِي ٱلصَّٰلِحِينَ</textIndopak>
    <translations>
      <translation>
        <author>King Fahad Quran Complex</author>
        <text>Dan orang-orang yang beriman dan mengerjakan amal saleh benar-benar akan Kami masukkan mereka ke dalam (golongan) orang-orang yang saleh.</text>
      </translation>
    </translations>
    <rules>[{"start": 59, "end": 62, "rule_id": 0}, {"start": 53, "end": 55, "rule_id": 1}]</rules>
  </verse>
  <verse>
    <verseIdArabic>١٠</verseIdArabic>
    <verseId>10</verseId>
    <chapterId>29</chapterId>
    <textIndopak>وَمِنَ ٱلنَّاسِ مَن يَقُولُ ءَامَنَّا بِٱللَّهِ فَإِذَآ أُوذِيَ فِي ٱللَّهِ جَعَلَ فِتۡنَةَ ٱلنَّاسِ كَعَذَابِ ٱللَّهِۖ وَلَئِن جَآءَ نَصۡرٞ مِّن رَّبِّكَ لَيَقُولُنَّ إِنَّا كُنَّا مَعَكُمۡۚ أَوَلَيۡسَ ٱللَّهُ بِأَعۡلَمَ بِمَا فِي صُدُورِ ٱلۡعَٰلَمِينَ</textIndopak>
    <translations>
      <translation>
        <author>King Fahad Quran Complex</author>
        <text>Dan di antara manusia ada orang yang berkata, "Kami beriman kepada Allah", maka apabila ia disakiti (karena ia beriman) kepada Allah, ia menganggap fitnah manusia itu sebagai azab Allah . Dan sungguh jika datang pertolongan dari Tuhan-mu, mereka pasti akan berkata, "Sesungguhnya kami adalah besertamu". Bukankah Allah lebih mengetahui apa yang ada dalam dada semua manusia?</text>
      </translation>
    </translations>
    <rules>[{"start": 9, "end": 12, "rule_id": 0}, {"start": 33, "end": 36, "rule_id": 0}, {"start": 95, "end": 98, "rule_id": 0}, {"start": 142, "end": 145, "rule_id": 0}, {"start": 165, "end": 168, "rule_id": 0}, {"start": 171, "end": 174, "rule_id": 0}, {"start": 178, "end": 181, "rule_id": 0}, {"start": 18, "end": 22, "rule_id": 3}, {"start": 139, "end": 145, "rule_id": 3}, {"start": 145, "end": 150, "rule_id": 5}, {"start": 126, "end": 130, "rule_id": 6}]</rules>
  </verse>
  <verse>
    <verseIdArabic>١١</verseIdArabic>
    <verseId>11</verseId>
    <chapterId>29</chapterId>
    <textIndopak>وَلَيَعۡلَمَنَّ ٱللَّهُ ٱلَّذِينَ ءَامَنُواْ وَلَيَعۡلَمَنَّ ٱلۡمُنَٰفِقِينَ</textIndopak>
    <translations>
      <translation>
        <author>King Fahad Quran Complex</author>
        <text>Dan sesungguhnya Allah benar-benar mengetahui orang-orang yang beriman dan sesungguhnya Dia mengetahui orang-orang yang munafik.</text>
      </translation>
    </translations>
    <rules>[{"start": 12, "end": 15, "rule_id": 0}, {"start": 57, "end": 60, "rule_id": 0}]</rules>
  </verse>
  <verse>
    <verseIdArabic>١٢</verseIdArabic>
    <verseId>12</verseId>
    <chapterId>29</chapterId>
    <textIndopak>وَقَالَ ٱلَّذِينَ كَفَرُواْ لِلَّذِينَ ءَامَنُواْ ٱتَّبِعُواْ سَبِيلَنَا وَلۡنَحۡمِلۡ خَطَٰيَٰكُمۡ وَمَا هُم بِحَٰمِلِينَ مِنۡ خَطَٰيَٰهُم مِّن شَيۡءٍۖ إِنَّهُمۡ لَكَٰذِبُونَ</textIndopak>
    <translations>
      <translation>
        <author>King Fahad Quran Complex</author>
        <text>Dan berkatalah orang-orang kafir kepada orang-orang yang beriman, "Ikutilah jalan kami dan nanti kami akan memikul dosa-dosamu" dan mereka (sendiri) sedikit pun tidak (sanggup) memikul dosa-dosa mereka. Sesungguhnya mereka adalah benar-benar orang pendusta.</text>
      </translation>
    </translations>
    <rules>[{"start": 139, "end": 142, "rule_id": 0}, {"start": 155, "end": 158, "rule_id": 0}, {"start": 137, "end": 142, "rule_id": 4}, {"start": 142, "end": 146, "rule_id": 6}, {"start": 107, "end": 111, "rule_id": 7}]</rules>
  </verse>
  <verse>
    <verseIdArabic>١٣</verseIdArabic>
    <verseId>13</verseId>
    <chapterId>29</chapterId>
    <textIndopak>وَلَيَحۡمِلُنَّ أَثۡقَالَهُمۡ وَأَثۡقَالٗا مَّعَ أَثۡقَالِهِمۡۖ وَلَيُسۡـَٔلُنَّ يَوۡمَ ٱلۡقِيَٰمَةِ عَمَّا كَانُواْ يَفۡتَرُونَ</textIndopak>
    <translations>
      <translation>
        <author>King Fahad Quran Complex</author>
        <text>Dan sesungguhnya mereka akan memikul beban (dosa) mereka dan beban-beban (dosa yang lain) di samping beban-beban mereka sendiri, dan sesungguhnya mereka akan ditanya pada hari kiamat tentang apa yang selalu mereka ada-adakan.</text>
      </translation>
    </translations>
    <rules>[{"start": 12, "end": 15, "rule_id": 0}, {"start": 43, "end": 46, "rule_id": 0}, {"start": 78, "end": 81, "rule_id": 0}, {"start": 104, "end": 107, "rule_id": 0}, {"start": 39, "end": 46, "rule_id": 3}]</rules>
  </verse>
  <verse>
    <verseIdArabic>١٤</verseIdArabic>
    <verseId>14</verseId>
    <chapterId>29</chapterId>
    <textIndopak>وَلَقَدۡ أَرۡسَلۡنَا نُوحًا إِلَىٰ قَوۡمِهِۦ فَلَبِثَ فِيهِمۡ أَلۡفَ سَنَةٍ إِلَّا خَمۡسِينَ عَامٗا فَأَخَذَهُمُ ٱلطُّوفَانُ وَهُمۡ ظَٰلِمُونَ</textIndopak>
    <translations>
      <translation>
        <author>King Fahad Quran Complex</author>
        <text>Dan sesungguhnya Kami telah mengutus Nūḥ kepada kaumnya, maka ia tinggal di antara mereka seribu tahun kurang lima puluh tahun. Maka mereka ditimpa banjir besar dan mereka adalah orang-orang yang zalim.</text>
      </translation>
    </translations>
    <rules>[{"start": 6, "end": 8, "rule_id": 1}]</rules>
  </verse>
  <verse>
    <verseIdArabic>١٥</verseIdArabic>
    <verseId>15</verseId>
    <chapterId>29</chapterId>
    <textIndopak>فَأَنجَيۡنَٰهُ وَأَصۡحَٰبَ ٱلسَّفِينَةِ وَجَعَلۡنَٰهَآ ءَايَةٗ لِّلۡعَٰلَمِينَ</textIndopak>
    <translations>
      <translation>
        <author>King Fahad Quran Complex</author>
        <text>Maka Kami selamatkan Nūḥ dan penumpang-penumpang bahtera itu dan Kami jadikan peristiwa itu pelajaran bagi semua umat manusia.</text>
      </translation>
    </translations>
    <rules>[{"start": 61, "end": 67, "rule_id": 5}, {"start": 4, "end": 7, "rule_id": 6}]</rules>
  </verse>
  <verse>
    <verseIdArabic>١٦</verseIdArabic>
    <verseId>16</verseId>
    <chapterId>29</chapterId>
    <textIndopak>وَإِبۡرَٰهِيمَ إِذۡ قَالَ لِقَوۡمِهِ ٱعۡبُدُواْ ٱللَّهَ وَٱتَّقُوهُۖ ذَٰلِكُمۡ خَيۡرٞ لَّكُمۡ إِن كُنتُمۡ تَعۡلَمُونَ</textIndopak>
    <translations>
      <translation>
        <author>King Fahad Quran Complex</author>
        <text>Dan (ingatlah) Ibrāhīm ketika ia berkata kepada kaumnya, "Sembahlah olehmu Allah dan bertakwalah kepada-Nya. Yang demikian itu adalah lebih baik bagimu, jika kamu mengetahui.</text>
      </translation>
    </translations>
    <rules>[{"start": 4, "end": 6, "rule_id": 1}, {"start": 84, "end": 90, "rule_id": 5}, {"start": 97, "end": 101, "rule_id": 6}, {"start": 101, "end": 104, "rule_id": 6}]</rules>
  </verse>
  <verse>
    <verseIdArabic>١٧</verseIdArabic>
    <verseId>17</verseId>
    <chapterId>29</chapterId>
    <textIndopak>إِنَّمَا تَعۡبُدُونَ مِن دُونِ ٱللَّهِ أَوۡثَٰنٗا وَتَخۡلُقُونَ إِفۡكًاۚ إِنَّ ٱلَّذِينَ تَعۡبُدُونَ مِن دُونِ ٱللَّهِ لَا يَمۡلِكُونَ لَكُمۡ رِزۡقٗا فَٱبۡتَغُواْ عِندَ ٱللَّهِ ٱلرِّزۡقَ وَٱعۡبُدُوهُ وَٱشۡكُرُواْ لَهُۥٓۖ إِلَيۡهِ تُرۡجَعُونَ</textIndopak>
    <translations>
      <translation>
        <author>King Fahad Quran Complex</author>
        <text>Sesungguhnya apa yang kamu sembah selain Allah itu adalah berhala dan kamu membuat dusta . Sesungguhnya yang kamu sembah selain Allah itu tidak mampu memberikan rezeki kepadamu, maka mintalah rezeki itu di sisi Allah dan sembahlah Dia dan bersyukurlah kepada-Nya. Hanya kepada-Nya-lah kamu akan dikembalikan.</text>
      </translation>
    </translations>
    <rules>[{"start": 2, "end": 5, "rule_id": 0}, {"start": 76, "end": 79, "rule_id": 0}, {"start": 154, "end": 156, "rule_id": 1}, {"start": 46, "end": 52, "rule_id": 3}, {"start": 23, "end": 27, "rule_id": 6}, {"start": 104, "end": 108, "rule_id": 6}, {"start": 166, "end": 169, "rule_id": 6}]</rules>
  </verse>
  <verse>
    <verseIdArabic>١٨</verseIdArabic>
    <verseId>18</verseId>
    <chapterId>29</chapterId>
    <textIndopak>وَإِن تُكَذِّبُواْ فَقَدۡ كَذَّبَ أُمَمٞ مِّن قَبۡلِكُمۡۖ وَمَا عَلَى ٱلرَّسُولِ إِلَّا ٱلۡبَلَٰغُ ٱلۡمُبِينُ</textIndopak>
    <translations>
      <translation>
        <author>King Fahad Quran Complex</author>
        <text>Dan jika kamu (orang kafir) mendustakan, maka umat yang sebelum kamu juga telah mendustakan. Dan kewajiban rasul itu, tidak lain hanyalah menyampaikan (agama Allah) dengan seterang-terangnya."</text>
      </translation>
    </translations>
    <rules>[{"start": 41, "end": 44, "rule_id": 0}, {"start": 23, "end": 25, "rule_id": 1}, {"start": 48, "end": 50, "rule_id": 1}, {"start": 38, "end": 44, "rule_id": 3}, {"start": 4, "end": 8, "rule_id": 6}, {"start": 44, "end": 48, "rule_id": 6}]</rules>
  </verse>
  <verse>
    <verseIdArabic>١٩</verseIdArabic>
    <verseId>19</verseId>
    <chapterId>29</chapterId>
    <textIndopak>أَوَلَمۡ يَرَوۡاْ كَيۡفَ يُبۡدِئُ ٱللَّهُ ٱلۡخَلۡقَ ثُمَّ يُعِيدُهُۥٓۚ إِنَّ ذَٰلِكَ عَلَى ٱللَّهِ يَسِيرٞ</textIndopak>
    <translations>
      <translation>
        <author>King Fahad Quran Complex</author>
        <text>Dan apakah mereka tidak memperhatikan bagaimana Allah menciptakan (manusia) dari permulaannya, kemudian mengulanginya (kembali). Sesungguhnya yang demikian itu adalah mudah bagi Allah.</text>
      </translation>
    </translations>
    <rules>[{"start": 54, "end": 57, "rule_id": 0}, {"start": 74, "end": 77, "rule_id": 0}, {"start": 27, "end": 29, "rule_id": 1}]</rules>
  </verse>
  <verse>
    <verseIdArabic>٢٠</verseIdArabic>
    <verseId>20</verseId>
    <chapterId>29</chapterId>
    <textIndopak>قُلۡ سِيرُواْ فِي ٱلۡأَرۡضِ فَٱنظُرُواْ كَيۡفَ بَدَأَ ٱلۡخَلۡقَۚ ثُمَّ ٱللَّهُ يُنشِئُ ٱلنَّشۡأَةَ ٱلۡأٓخِرَةَۚ إِنَّ ٱللَّهَ عَلَىٰ كُلِّ شَيۡءٖ قَدِيرٞ</textIndopak>
    <translations>
      <translation>
        <author>King Fahad Quran Complex</author>
        <text>Katakanlah, "Berjalanlah di (muka) bumi, maka perhatikanlah bagaimana Allah menciptakan (manusia) dari permulaannya, kemudian Allah menjadikannya sekali lagi . Sesungguhnya Allah Maha Kuasa atas segala sesuatu.</text>
      </translation>
    </translations>
    <rules>[{"start": 68, "end": 71, "rule_id": 0}, {"start": 90, "end": 93, "rule_id": 0}, {"start": 117, "end": 120, "rule_id": 0}, {"start": 31, "end": 34, "rule_id": 6}, {"start": 82, "end": 85, "rule_id": 6}, {"start": 146, "end": 151, "rule_id": 6}]</rules>
  </verse>
  <verse>
    <verseIdArabic>٢١</verseIdArabic>
    <verseId>21</verseId>
    <chapterId>29</chapterId>
    <textIndopak>يُعَذِّبُ مَن يَشَآءُ وَيَرۡحَمُ مَن يَشَآءُۖ وَإِلَيۡهِ تُقۡلَبُونَ</textIndopak>
    <translations>
      <translation>
        <author>King Fahad Quran Complex</author>
        <text>Allah mengazab siapa yang dikehendaki-Nya dan memberi rahmat kepada siapa yang dikehendaki-Nya dan hanya kepada-Nya-lah kamu akan dikembalikan.</text>
      </translation>
    </translations>
    <rules>[{"start": 62, "end": 64, "rule_id": 1}, {"start": 12, "end": 16, "rule_id": 3}, {"start": 36, "end": 40, "rule_id": 3}]</rules>
  </verse>
  <verse>
    <verseIdArabic>٢٢</verseIdArabic>
    <verseId>22</verseId>
    <chapterId>29</chapterId>
    <textIndopak>وَمَآ أَنتُم بِمُعۡجِزِينَ فِي ٱلۡأَرۡضِ وَلَا فِي ٱلسَّمَآءِۖ وَمَا لَكُم مِّن دُونِ ٱللَّهِ مِن وَلِيّٖ وَلَا نَصِيرٖ</textIndopak>
    <translations>
      <translation>
        <author>King Fahad Quran Complex</author>
        <text>Dan kamu sekali-kali tidak dapat melepaskan diri (dari azab Allah) di bumi dan tidak (pula) di langit dan sekali-kali tiadalah bagimu pelindung dan penolong selain Allah.</text>
      </translation>
    </translations>
    <rules>[{"start": 78, "end": 81, "rule_id": 0}, {"start": 99, "end": 103, "rule_id": 3}, {"start": 105, "end": 111, "rule_id": 3}, {"start": 76, "end": 81, "rule_id": 4}, {"start": 9, "end": 12, "rule_id": 6}, {"start": 81, "end": 85, "rule_id": 6}, {"start": 12, "end": 16, "rule_id": 7}]</rules>
  </verse>
  <verse>
    <verseIdArabic>٢٣</verseIdArabic>
    <verseId>23</verseId>
    <chapterId>29</chapterId>
    <textIndopak>وَٱلَّذِينَ كَفَرُواْ بِـَٔايَٰتِ ٱللَّهِ وَلِقَآئِهِۦٓ أُوْلَٰٓئِكَ يَئِسُواْ مِن رَّحۡمَتِي وَأُوْلَٰٓئِكَ لَهُمۡ عَذَابٌ أَلِيمٞ</textIndopak>
    <translations>
      <translation>
        <author>King Fahad Quran Complex</author>
        <text>Dan orang-orang yang kafir terhadap ayat-ayat Allah dan pertemuan dengan Dia, mereka putus asa dari rahmat-Ku, dan mereka itu mendapat azab yang pedih.</text>
      </translation>
    </translations>
    <rules>[{"start": 82, "end": 87, "rule_id": 5}]</rules>
  </verse>
  <verse>
    <verseIdArabic>٢٤</verseIdArabic>
    <verseId>24</verseId>
    <chapterId>29</chapterId>
    <textIndopak>فَمَا كَانَ جَوَابَ قَوۡمِهِۦٓ إِلَّآ أَن قَالُواْ ٱقۡتُلُوهُ أَوۡ حَرِّقُوهُ فَأَنجَىٰهُ ٱللَّهُ مِنَ ٱلنَّارِۚ إِنَّ فِي ذَٰلِكَ لَأٓيَٰتٖ لِّقَوۡمٖ يُؤۡمِنُونَ</textIndopak>
    <translations>
      <translation>
        <author>King Fahad Quran Complex</author>
        <text>Maka tidak adalah jawaban kaum Ibrahim, selain mengatakan, "Bunuhlah atau bakarlah dia", lalu Allah menyelamatkannya dari api. Sesungguhnya pada yang demikian itu benar-benar terdapat tanda-tanda kebesaran Allah bagi orang-orang yang beriman.</text>
      </translation>
    </translations>
    <rules>[{"start": 106, "end": 109, "rule_id": 0}, {"start": 117, "end": 120, "rule_id": 0}, {"start": 53, "end": 55, "rule_id": 1}, {"start": 151, "end": 156, "rule_id": 3}, {"start": 141, "end": 147, "rule_id": 5}, {"start": 41, "end": 45, "rule_id": 6}, {"start": 83, "end": 86, "rule_id": 6}]</rules>
  </verse>
  <verse>
    <verseIdArabic>٢٥</verseIdArabic>
    <verseId>25</verseId>
    <chapterId>29</chapterId>
    <textIndopak>وَقَالَ إِنَّمَا ٱتَّخَذۡتُم مِّن دُونِ ٱللَّهِ أَوۡثَٰنٗا مَّوَدَّةَ بَيۡنِكُمۡ فِي ٱلۡحَيَوٰةِ ٱلدُّنۡيَاۖ ثُمَّ يَوۡمَ ٱلۡقِيَٰمَةِ يَكۡفُرُ بَعۡضُكُم بِبَعۡضٖ وَيَلۡعَنُ بَعۡضُكُم بَعۡضٗا وَمَأۡوَىٰكُمُ ٱلنَّارُ وَمَا لَكُم مِّن نَّٰصِرِينَ</textIndopak>
    <translations>
      <translation>
        <author>King Fahad Quran Complex</author>
        <text>Dan berkata Ibrāhīm , "Sesungguhnya berhala-berhala yang kamu sembah selain Allah adalah untuk menciptakan perasaan kasih sayang di antara kamu dalam kehidupan dunia ini, kemudian di hari kiamat sebagian kamu mengingkari sebagian (yang lain), dan sebagian kamu melaknati sebagian (yang lain), dan tempat kembalimu ialah neraka, dan sekali-kali tak ada bagimu para penolong pun.</text>
      </translation>
    </translations>
    <rules>[{"start": 10, "end": 13, "rule_id": 0}, {"start": 29, "end": 32, "rule_id": 0}, {"start": 59, "end": 62, "rule_id": 0}, {"start": 112, "end": 115, "rule_id": 0}, {"start": 210, "end": 213, "rule_id": 0}, {"start": 229, "end": 232, "rule_id": 0}, {"start": 234, "end": 238, "rule_id": 0}, {"start": 232, "end": 238, "rule_id": 3}, {"start": 55, "end": 62, "rule_id": 3}, {"start": 161, "end": 166, "rule_id": 3}, {"start": 189, "end": 195, "rule_id": 3}, {"start": 27, "end": 32, "rule_id": 4}, {"start": 227, "end": 232, "rule_id": 4}, {"start": 32, "end": 36, "rule_id": 6}, {"start": 153, "end": 157, "rule_id": 7}, {"start": 183, "end": 187, "rule_id": 7}]</rules>
  </verse>
  <verse>
    <verseIdArabic>٢٦</verseIdArabic>
    <verseId>26</verseId>
    <chapterId>29</chapterId>
    <textIndopak>۞ فَـَٔامَنَ لَهُۥ لُوطٞۘ وَقَالَ إِنِّي مُهَاجِرٌ إِلَىٰ رَبِّيٓۖ إِنَّهُۥ هُوَ ٱلۡعَزِيزُ ٱلۡحَكِيمُ</textIndopak>
    <translations>
      <translation>
        <author>King Fahad Quran Complex</author>
        <text>Maka Lūṭ membenarkan (kenabian)nya. Dan berkatalah Ibrāhīm, "Sesungguhnya aku akan berpindah ke (tempat yang diperintahkan) Tuhan-ku (kepadaku); sesungguhnya Dia-lah Yang Maha Perkasa lagi Maha Bijaksana.</text>
      </translation>
    </translations>
    <rules>[{"start": 37, "end": 40, "rule_id": 0}, {"start": 71, "end": 74, "rule_id": 0}]</rules>
  </verse>
  <verse>
    <verseIdArabic>٢٧</verseIdArabic>
    <verseId>27</verseId>
    <chapterId>29</chapterId>
    <textIndopak>وَوَهَبۡنَا لَهُۥٓ إِسۡحَٰقَ وَيَعۡقُوبَ وَجَعَلۡنَا فِي ذُرِّيَّتِهِ ٱلنُّبُوَّةَ وَٱلۡكِتَٰبَ وَءَاتَيۡنَٰهُ أَجۡرَهُۥ فِي ٱلدُّنۡيَاۖ وَإِنَّهُۥ فِي ٱلۡأٓخِرَةِ لَمِنَ ٱلصَّٰلِحِينَ</textIndopak>
    <translations>
      <translation>
        <author>King Fahad Quran Complex</author>
        <text>Dan Kami anugerahkan kepada Ibrāhīm, Isḥāq, dan Ya`qūb, dan Kami jadikan kenabian dan Alkitab pada keturunannya, dan Kami berikan kepadanya balasannya di dunia , dan sesungguhnya dia di akhirat, benar-benar termasuk orang-orang yang saleh.</text>
      </translation>
    </translations>
    <rules>[{"start": 72, "end": 75, "rule_id": 0}, {"start": 142, "end": 145, "rule_id": 0}, {"start": 6, "end": 8, "rule_id": 1}, {"start": 113, "end": 115, "rule_id": 1}]</rules>
  </verse>
  <verse>
    <verseIdArabic>٢٨</verseIdArabic>
    <verseId>28</verseId>
    <chapterId>29</chapterId>
    <textIndopak>وَلُوطًا إِذۡ قَالَ لِقَوۡمِهِۦٓ إِنَّكُمۡ لَتَأۡتُونَ ٱلۡفَٰحِشَةَ مَا سَبَقَكُم بِهَا مِنۡ أَحَدٖ مِّنَ ٱلۡعَٰلَمِينَ</textIndopak>
    <translations>
      <translation>
        <author>King Fahad Quran Complex</author>
        <text>Dan (ingatlah) ketika Lūṭ berkata pepada kaumnya, "Sesungguhnya kamu benar-benar mengerjakan perbuatan yang amat keji yang belum pernah dikerjakan oleh seorang pun dari umat-umat sebelum kamu".</text>
      </translation>
    </translations>
    <rules>[{"start": 35, "end": 38, "rule_id": 0}, {"start": 100, "end": 103, "rule_id": 0}, {"start": 97, "end": 103, "rule_id": 3}, {"start": 80, "end": 84, "rule_id": 7}]</rules>
  </verse>
  <verse>
    <verseIdArabic>٢٩</verseIdArabic>
    <verseId>29</verseId>
    <chapterId>29</chapterId>
    <textIndopak>أَئِنَّكُمۡ لَتَأۡتُونَ ٱلرِّجَالَ وَتَقۡطَعُونَ ٱلسَّبِيلَ وَتَأۡتُونَ فِي نَادِيكُمُ ٱلۡمُنكَرَۖ فَمَا كَانَ جَوَابَ قَوۡمِهِۦٓ إِلَّآ أَن قَالُواْ ٱئۡتِنَا بِعَذَابِ ٱللَّهِ إِن كُنتَ مِنَ ٱلصَّٰدِقِينَ</textIndopak>
    <translations>
      <translation>
        <author>King Fahad Quran Complex</author>
        <text>Apakah sesungguhnya kamu patut mendatangi laki-laki, menyamun , dan mengerjakan kemungkaran di tempat-tempat pertemuanmu? Maka jawaban kaumnya tidak lain hanya mengatakan, "Datangkanlah kepada kami azab Allah, jika kamu termasuk orang-orang yang benar".</text>
      </translation>
    </translations>
    <rules>[{"start": 4, "end": 7, "rule_id": 0}, {"start": 39, "end": 41, "rule_id": 1}, {"start": 92, "end": 95, "rule_id": 6}, {"start": 141, "end": 145, "rule_id": 6}, {"start": 181, "end": 185, "rule_id": 6}, {"start": 185, "end": 188, "rule_id": 6}]</rules>
  </verse>
  <verse>
    <verseIdArabic>٣٠</verseIdArabic>
    <verseId>30</verseId>
    <chapterId>29</chapterId>
    <textIndopak>قَالَ رَبِّ ٱنصُرۡنِي عَلَى ٱلۡقَوۡمِ ٱلۡمُفۡسِدِينَ</textIndopak>
    <translations>
      <translation>
        <author>King Fahad Quran Complex</author>
        <text>Lūṭ berdoa, "Ya Tuhan-ku, tolonglah aku (dengan menimpakan azab) atas kaum yang berbuat kerusakan itu".</text>
      </translation>
    </translations>
    <rules>[{"start": 13, "end": 16, "rule_id": 6}]</rules>
  </verse>
  <verse>
    <verseIdArabic>٣١</verseIdArabic>
    <verseId>31</verseId>
    <chapterId>29</chapterId>
    <textIndopak>وَلَمَّا جَآءَتۡ رُسُلُنَآ إِبۡرَٰهِيمَ بِٱلۡبُشۡرَىٰ قَالُوٓاْ إِنَّا مُهۡلِكُوٓاْ أَهۡلِ هَٰذِهِ ٱلۡقَرۡيَةِۖ إِنَّ أَهۡلَهَا كَانُواْ ظَٰلِمِينَ</textIndopak>
    <translations>
      <translation>
        <author>King Fahad Quran Complex</author>
        <text>Dan tatkala utusan Kami (para malaikat) datang kepada Ibrāhīm membawa kabar gembira , mereka mengatakan, "Sesungguhnya kami akan menghancurkan penduduk (Sodom) ini; sesungguhnya penduduknya adalah orang-orang yang zalim".</text>
      </translation>
    </translations>
    <rules>[{"start": 4, "end": 7, "rule_id": 0}, {"start": 68, "end": 71, "rule_id": 0}, {"start": 117, "end": 120, "rule_id": 0}, {"start": 31, "end": 33, "rule_id": 1}]</rules>
  </verse>
  <verse>
    <verseIdArabic>٣٢</verseIdArabic>
    <verseId>32</verseId>
    <chapterId>29</chapterId>
    <textIndopak>قَالَ إِنَّ فِيهَا لُوطٗاۚ قَالُواْ نَحۡنُ أَعۡلَمُ بِمَن فِيهَاۖ لَنُنَجِّيَنَّهُۥ وَأَهۡلَهُۥٓ إِلَّا ٱمۡرَأَتَهُۥ كَانَتۡ مِنَ ٱلۡغَٰبِرِينَ</textIndopak>
    <translations>
      <translation>
        <author>King Fahad Quran Complex</author>
        <text>Berkata Ibrāhīm, "Sesungguhnya di kota itu ada Lūṭ". Para malaikat berkata, "Kami lebih mengetahui siapa yang ada di kota itu. Kami sungguh-sungguh akan menyelamatkan dia dan pengikut-pengikutnya, kecuali istrinya. Dia adalah termasuk orang-orang yang tertinggal (dibinasakan).</text>
      </translation>
    </translations>
    <rules>[{"start": 8, "end": 11, "rule_id": 0}, {"start": 79, "end": 82, "rule_id": 0}, {"start": 57, "end": 61, "rule_id": 6}]</rules>
  </verse>
  <verse>
    <verseIdArabic>٣٣</verseIdArabic>
    <verseId>33</verseId>
    <chapterId>29</chapterId>
    <textIndopak>وَلَمَّآ أَن جَآءَتۡ رُسُلُنَا لُوطٗا سِيٓءَ بِهِمۡ وَضَاقَ بِهِمۡ ذَرۡعٗاۖ وَقَالُواْ لَا تَخَفۡ وَلَا تَحۡزَنۡ إِنَّا مُنَجُّوكَ وَأَهۡلَكَ إِلَّا ٱمۡرَأَتَكَ كَانَتۡ مِنَ ٱلۡغَٰبِرِينَ</textIndopak>
    <translations>
      <translation>
        <author>King Fahad Quran Complex</author>
        <text>Dan tatkala datang utusan-utusan Kami (para malaikat) itu kepada Lūṭ, dia merasa susah karena (kedatangan) mereka dan (merasa) tidak mempunyai kekuatan untuk melindungi mereka dan mereka berkata, "Janganlah kamu takut dan jangan (pula) susah. Sesungguhnya kami akan menyelamatkan kamu dan pengikut-pengikutmu, kecuali istrimu, dia adalah termasuk orang-orang yang tertinggal (dibinasakan)."</text>
      </translation>
    </translations>
    <rules>[{"start": 4, "end": 7, "rule_id": 0}, {"start": 118, "end": 121, "rule_id": 0}, {"start": 73, "end": 79, "rule_id": 3}, {"start": 12, "end": 16, "rule_id": 6}]</rules>
  </verse>
  <verse>
    <verseIdArabic>٣٤</verseIdArabic>
    <verseId>34</verseId>
    <chapterId>29</chapterId>
    <textIndopak>إِنَّا مُنزِلُونَ عَلَىٰٓ أَهۡلِ هَٰذِهِ ٱلۡقَرۡيَةِ رِجۡزٗا مِّنَ ٱلسَّمَآءِ بِمَا كَانُواْ يَفۡسُقُونَ</textIndopak>
    <translations>
      <translation>
        <author>King Fahad Quran Complex</author>
        <text>Sesungguhnya Kami akan menurunkan azab dari langit atas penduduk kota ini karena mereka berbuat fasik.</text>
      </translation>
    </translations>
    <rules>[{"start": 2, "end": 5, "rule_id": 0}, {"start": 61, "end": 64, "rule_id": 0}, {"start": 55, "end": 57, "rule_id": 1}, {"start": 57, "end": 64, "rule_id": 3}, {"start": 9, "end": 12, "rule_id": 6}]</rules>
  </verse>
  <verse>
    <verseIdArabic>٣٥</verseIdArabic>
    <verseId>35</verseId>
    <chapterId>29</chapterId>
    <textIndopak>وَلَقَد تَّرَكۡنَا مِنۡهَآ ءَايَةَۢ بَيِّنَةٗ لِّقَوۡمٖ يَعۡقِلُونَ</textIndopak>
    <translations>
      <translation>
        <author>King Fahad Quran Complex</author>
        <text>Dan sesungguhnya Kami tinggalkan darinya satu tanda yang nyata bagi orang-orang yang berakal.</text>
      </translation>
    </translations>
    <rules>[{"start": 33, "end": 39, "rule_id": 2}, {"start": 54, "end": 59, "rule_id": 3}, {"start": 44, "end": 50, "rule_id": 5}]</rules>
  </verse>
  <verse>
    <verseIdArabic>٣٦</verseIdArabic>
    <verseId>36</verseId>
    <chapterId>29</chapterId>
    <textIndopak>وَإِلَىٰ مَدۡيَنَ أَخَاهُمۡ شُعَيۡبٗا فَقَالَ يَٰقَوۡمِ ٱعۡبُدُواْ ٱللَّهَ وَٱرۡجُواْ ٱلۡيَوۡمَ ٱلۡأٓخِرَ وَلَا تَعۡثَوۡاْ فِي ٱلۡأَرۡضِ مُفۡسِدِينَ</textIndopak>
    <translations>
      <translation>
        <author>King Fahad Quran Complex</author>
        <text>Dan (Kami telah mengutus) kepada penduduk Madyan, saudara mereka Syuʻayb, maka ia berkata, "Hai kaumku, sembahlah olehmu Allah, harapkanlah (pahala) hari akhir dan jangan kamu berkeliaran di muka bumi berbuat kerusakan".</text>
      </translation>
    </translations>
    <rules>[{"start": 11, "end": 13, "rule_id": 1}]</rules>
  </verse>
  <verse>
    <verseIdArabic>٣٧</verseIdArabic>
    <verseId>37</verseId>
    <chapterId>29</chapterId>
    <textIndopak>فَكَذَّبُوهُ فَأَخَذَتۡهُمُ ٱلرَّجۡفَةُ فَأَصۡبَحُواْ فِي دَارِهِمۡ جَٰثِمِينَ</textIndopak>
    <translations>
      <translation>
        <author>King Fahad Quran Complex</author>
        <text>Maka mereka mendustakan Syu`ayb, lalu mereka ditimpa gempa yang dahsyat dan jadilah mereka mayat-mayat yang bergelimpangan di tempat-tempat tinggal mereka.</text>
      </translation>
    </translations>
    <rules>[{"start": 33, "end": 35, "rule_id": 1}]</rules>
  </verse>
  <verse>
    <verseIdArabic>٣٨</verseIdArabic>
    <verseId>38</verseId>
    <chapterId>29</chapterId>
    <textIndopak>وَعَادٗا وَثَمُودَاْ وَقَد تَّبَيَّنَ لَكُم مِّن مَّسَٰكِنِهِمۡۖ وَزَيَّنَ لَهُمُ ٱلشَّيۡطَٰنُ أَعۡمَٰلَهُمۡ فَصَدَّهُمۡ عَنِ ٱلسَّبِيلِ وَكَانُواْ مُسۡتَبۡصِرِينَ</textIndopak>
    <translations>
      <translation>
        <author>King Fahad Quran Complex</author>
        <text>Dan (juga) kaum ‘Ād dan Ṡamūd dan sungguh telah nyata bagi kamu (kehancuran mereka) dari (puing-puing) tempat tinggal mereka. Dan setan menjadikan mereka memandang baik perbuatan-perbuatan mereka, lalu ia menghalangi mereka dari jalan (Allah), sedangkan mereka adalah orang-orang berpandangan tajam,</text>
      </translation>
    </translations>
    <rules>[{"start": 44, "end": 47, "rule_id": 0}, {"start": 49, "end": 52, "rule_id": 0}, {"start": 155, "end": 157, "rule_id": 1}, {"start": 47, "end": 52, "rule_id": 3}, {"start": 5, "end": 11, "rule_id": 3}, {"start": 42, "end": 47, "rule_id": 4}]</rules>
  </verse>
  <verse>
    <verseIdArabic>٣٩</verseIdArabic>
    <verseId>39</verseId>
    <chapterId>29</chapterId>
    <textIndopak>وَقَٰرُونَ وَفِرۡعَوۡنَ وَهَٰمَٰنَۖ وَلَقَدۡ جَآءَهُم مُّوسَىٰ بِٱلۡبَيِّنَٰتِ فَٱسۡتَكۡبَرُواْ فِي ٱلۡأَرۡضِ وَمَا كَانُواْ سَٰبِقِينَ</textIndopak>
    <translations>
      <translation>
        <author>King Fahad Quran Complex</author>
        <text>dan (juga) Qārūn, Firʻawn , dan Hāmān. Dan sesungguhnya telah datang kepada mereka Musa dengan (membawa bukti-bukti) keterangan-keterangan yang nyata. Akan tetapi, mereka berlaku sombong di (muka) bumi dan tiadalah mereka orang-orang yang luput (dari kehancuran itu).</text>
      </translation>
    </translations>
    <rules>[{"start": 56, "end": 59, "rule_id": 0}, {"start": 43, "end": 45, "rule_id": 1}, {"start": 54, "end": 59, "rule_id": 4}]</rules>
  </verse>
  <verse>
    <verseIdArabic>٤٠</verseIdArabic>
    <verseId>40</verseId>
    <chapterId>29</chapterId>
    <textIndopak>فَكُلًّا أَخَذۡنَا بِذَنۢبِهِۦۖ فَمِنۡهُم مَّنۡ أَرۡسَلۡنَا عَلَيۡهِ حَاصِبٗا وَمِنۡهُم مَّنۡ أَخَذَتۡهُ ٱلصَّيۡحَةُ وَمِنۡهُم مَّنۡ خَسَفۡنَا بِهِ ٱلۡأَرۡضَ وَمِنۡهُم مَّنۡ أَغۡرَقۡنَاۚ وَمَا كَانَ ٱللَّهُ لِيَظۡلِمَهُمۡ وَلَٰكِن كَانُوٓاْ أَنفُسَهُمۡ يَظۡلِمُونَ</textIndopak>
    <translations>
      <translation>
        <author>King Fahad Quran Complex</author>
        <text>Maka masing-masing (mereka itu) Kami siksa disebabkan dosanya, maka di antara mereka ada yang Kami timpakan kepadanya hujan batu kerikil, dan di antara mereka ada yang ditimpa suara keras yang mengguntur, dan di antara mereka ada yang Kami benamkan ke dalam bumi, dan di antara mereka ada yang Kami tenggelamkan, dan Allah sekali-kali tidak hendak menganiaya mereka, akan tetapi merekalah yang menganiaya diri mereka sendiri.</text>
      </translation>
    </translations>
    <rules>[{"start": 43, "end": 46, "rule_id": 0}, {"start": 89, "end": 92, "rule_id": 0}, {"start": 128, "end": 131, "rule_id": 0}, {"start": 169, "end": 172, "rule_id": 0}, {"start": 181, "end": 183, "rule_id": 1}, {"start": 23, "end": 27, "rule_id": 2}, {"start": 75, "end": 81, "rule_id": 3}, {"start": 41, "end": 46, "rule_id": 4}, {"start": 87, "end": 92, "rule_id": 4}, {"start": 126, "end": 131, "rule_id": 4}, {"start": 167, "end": 172, "rule_id": 4}, {"start": 231, "end": 235, "rule_id": 6}, {"start": 245, "end": 248, "rule_id": 6}]</rules>
  </verse>
  <verse>
    <verseIdArabic>٤١</verseIdArabic>
    <verseId>41</verseId>
    <chapterId>29</chapterId>
    <textIndopak>مَثَلُ ٱلَّذِينَ ٱتَّخَذُواْ مِن دُونِ ٱللَّهِ أَوۡلِيَآءَ كَمَثَلِ ٱلۡعَنكَبُوتِ ٱتَّخَذَتۡ بَيۡتٗاۖ وَإِنَّ أَوۡهَنَ ٱلۡبُيُوتِ لَبَيۡتُ ٱلۡعَنكَبُوتِۚ لَوۡ كَانُواْ يَعۡلَمُونَ</textIndopak>
    <translations>
      <translation>
        <author>King Fahad Quran Complex</author>
        <text>Perumpamaan orang-orang yang mengambil pelindung-pelindung selain Allah adalah seperti laba-laba yang membuat rumah. Dan sesungguhnya rumah yang paling lemah ialah rumah laba-laba kalau mereka mengetahui.</text>
      </translation>
    </translations>
    <rules>[{"start": 108, "end": 111, "rule_id": 0}, {"start": 98, "end": 106, "rule_id": 3}, {"start": 31, "end": 35, "rule_id": 6}, {"start": 74, "end": 77, "rule_id": 6}, {"start": 146, "end": 149, "rule_id": 6}]</rules>
  </verse>
  <verse>
    <verseIdArabic>٤٢</verseIdArabic>
    <verseId>42</verseId>
    <chapterId>29</chapterId>
    <textIndopak>إِنَّ ٱللَّهَ يَعۡلَمُ مَا يَدۡعُونَ مِن دُونِهِۦ مِن شَيۡءٖۚ وَهُوَ ٱلۡعَزِيزُ ٱلۡحَكِيمُ</textIndopak>
    <translations>
      <translation>
        <author>King Fahad Quran Complex</author>
        <text>Sesungguhnya Allah mengetahui apa saja yang mereka seru selain Allah. Dan Dia Maha Perkasa lagi Maha Bijaksana.</text>
      </translation>
    </translations>
    <rules>[{"start": 2, "end": 5, "rule_id": 0}, {"start": 29, "end": 31, "rule_id": 1}, {"start": 39, "end": 43, "rule_id": 6}, {"start": 52, "end": 56, "rule_id": 6}]</rules>
  </verse>
  <verse>
    <verseIdArabic>٤٣</verseIdArabic>
    <verseId>43</verseId>
    <chapterId>29</chapterId>
    <textIndopak>وَتِلۡكَ ٱلۡأَمۡثَٰلُ نَضۡرِبُهَا لِلنَّاسِۖ وَمَا يَعۡقِلُهَآ إِلَّا ٱلۡعَٰلِمُونَ</textIndopak>
    <translations>
      <translation>
        <author>King Fahad Quran Complex</author>
        <text>Dan perumpamaan-perumpamaan ini Kami buat untuk manusia dan tiada yang memahaminya, kecuali orang-orang yang berilmu.</text>
      </translation>
    </translations>
    <rules>[{"start": 37, "end": 40, "rule_id": 0}]</rules>
  </verse>
  <verse>
    <verseIdArabic>٤٤</verseIdArabic>
    <verseId>44</verseId>
    <chapterId>29</chapterId>
    <textIndopak>خَلَقَ ٱللَّهُ ٱلسَّمَٰوَٰتِ وَٱلۡأَرۡضَ بِٱلۡحَقِّۚ إِنَّ فِي ذَٰلِكَ لَأٓيَةٗ لِّلۡمُؤۡمِنِينَ</textIndopak>
    <translations>
      <translation>
        <author>King Fahad Quran Complex</author>
        <text>Allah menciptakan langit dan bumi dengan hak . Sesungguhnya pada yang demikian itu terdapat tanda-tanda kekuasaan Allah bagi orang-orang mukmin.</text>
      </translation>
    </translations>
    <rules>[{"start": 56, "end": 59, "rule_id": 0}, {"start": 79, "end": 85, "rule_id": 5}]</rules>
  </verse>
  <verse>
    <verseIdArabic>٤٥</verseIdArabic>
    <verseId>45</verseId>
    <chapterId>29</chapterId>
    <textIndopak>ٱتۡلُ مَآ أُوحِيَ إِلَيۡكَ مِنَ ٱلۡكِتَٰبِ وَأَقِمِ ٱلصَّلَوٰةَۖ إِنَّ ٱلصَّلَوٰةَ تَنۡهَىٰ عَنِ ٱلۡفَحۡشَآءِ وَٱلۡمُنكَرِۗ وَلَذِكۡرُ ٱللَّهِ أَكۡبَرُۗ وَٱللَّهُ يَعۡلَمُ مَا تَصۡنَعُونَ</textIndopak>
    <translations>
      <translation>
        <author>King Fahad Quran Complex</author>
        <text>Bacalah apa yang telah diwahyukan kepadamu, yaitu Alkitab (Al-Qur`ān) dan dirikanlah salat. Sesungguhnya, salat itu mencegah dari (perbuatan-perbuatan) keji dan mungkar. Dan sesungguhnya mengingat Allah (salat) adalah lebih besar (keutamaannya dari ibadat-ibadat yang lain). Dan Allah mengetahui apa yang kamu kerjakan.</text>
      </translation>
    </translations>
    <rules>[{"start": 69, "end": 72, "rule_id": 0}, {"start": 120, "end": 123, "rule_id": 6}]</rules>
  </verse>
  <verse>
    <verseIdArabic>٤٦</verseIdArabic>
    <verseId>46</verseId>
    <chapterId>29</chapterId>
    <textIndopak>۞ وَلَا تُجَٰدِلُوٓاْ أَهۡلَ ٱلۡكِتَٰبِ إِلَّا بِٱلَّتِي هِيَ أَحۡسَنُ إِلَّا ٱلَّذِينَ ظَلَمُواْ مِنۡهُمۡۖ وَقُولُوٓاْ ءَامَنَّا بِٱلَّذِيٓ أُنزِلَ إِلَيۡنَا وَأُنزِلَ إِلَيۡكُمۡ وَإِلَٰهُنَا وَإِلَٰهُكُمۡ وَٰحِدٞ وَنَحۡنُ لَهُۥ مُسۡلِمُونَ</textIndopak>
    <translations>
      <translation>
        <author>King Fahad Quran Complex</author>
        <text>Dan janganlah kamu berdebat dengan Ahli Kitab, melainkan dengan cara yang paling baik, kecuali dengan orang-orang zalim di antara mereka dan katakanlah, "Kami telah beriman kepada (kitab-kitab) yang diturunkan kepada kami dan yang diturunkan kepadamu; Tuhan kami dan Tuhan-mu adalah satu dan kami hanya kepada-Nya berserah diri".</text>
      </translation>
    </translations>
    <rules>[{"start": 126, "end": 129, "rule_id": 0}, {"start": 213, "end": 218, "rule_id": 3}, {"start": 144, "end": 147, "rule_id": 6}, {"start": 164, "end": 167, "rule_id": 6}]</rules>
  </verse>
  <verse>
    <verseIdArabic>٤٧</verseIdArabic>
    <verseId>47</verseId>
    <chapterId>29</chapterId>
    <textIndopak>وَكَذَٰلِكَ أَنزَلۡنَآ إِلَيۡكَ ٱلۡكِتَٰبَۚ فَٱلَّذِينَ ءَاتَيۡنَٰهُمُ ٱلۡكِتَٰبَ يُؤۡمِنُونَ بِهِۦۖ وَمِنۡ هَٰٓؤُلَآءِ مَن يُؤۡمِنُ بِهِۦۚ وَمَا يَجۡحَدُ بِـَٔايَٰتِنَآ إِلَّا ٱلۡكَٰفِرُونَ</textIndopak>
    <translations>
      <translation>
        <author>King Fahad Quran Complex</author>
        <text>Dan demikian (pulalah), Kami turunkan kepadamu Alkitab (Al-Qur`ān). Maka orang-orang yang telah kami berikan kepada mereka Alkitab (Taurat) mereka beriman kepadanya (Al-Qur`ān) dan di antara mereka (orang-orang kafir Mekah) ada yang beriman kepadanya. Dan tidak adalah yang mengingkari ayat-ayat kami, selain orang-orang kafir.</text>
      </translation>
    </translations>
    <rules>[{"start": 153, "end": 155, "rule_id": 1}, {"start": 126, "end": 130, "rule_id": 3}, {"start": 14, "end": 17, "rule_id": 6}]</rules>
  </verse>
  <verse>
    <verseIdArabic>٤٨</verseIdArabic>
    <verseId>48</verseId>
    <chapterId>29</chapterId>
    <textIndopak>وَمَا كُنتَ تَتۡلُواْ مِن قَبۡلِهِۦ مِن كِتَٰبٖ وَلَا تَخُطُّهُۥ بِيَمِينِكَۖ إِذٗا لَّٱرۡتَابَ ٱلۡمُبۡطِلُونَ</textIndopak>
    <translations>
      <translation>
        <author>King Fahad Quran Complex</author>
        <text>Dan kamu tidak pernah membaca sebelumnya (Al-Qur`ān) sesuatu Kitab pun dan kamu tidak (pernah) menulis suatu Kitab dengan tangan kananmu; andaikata (kamu pernah membaca dan menulis), benar-benar ragulah orang yang mengingkari(mu).</text>
      </translation>
    </translations>
    <rules>[{"start": 28, "end": 30, "rule_id": 1}, {"start": 102, "end": 104, "rule_id": 1}, {"start": 45, "end": 50, "rule_id": 3}, {"start": 81, "end": 88, "rule_id": 5}, {"start": 8, "end": 11, "rule_id": 6}, {"start": 24, "end": 28, "rule_id": 6}, {"start": 38, "end": 42, "rule_id": 6}]</rules>
  </verse>
  <verse>
    <verseIdArabic>٤٩</verseIdArabic>
    <verseId>49</verseId>
    <chapterId>29</chapterId>
    <textIndopak>بَلۡ هُوَ ءَايَٰتُۢ بَيِّنَٰتٞ فِي صُدُورِ ٱلَّذِينَ أُوتُواْ ٱلۡعِلۡمَۚ وَمَا يَجۡحَدُ بِـَٔايَٰتِنَآ إِلَّا ٱلظَّٰلِمُونَ</textIndopak>
    <translations>
      <translation>
        <author>King Fahad Quran Complex</author>
        <text>Sebenarnya, Al-Qur`ān itu adalah ayat-ayat yang nyata di dalam dada orang-orang yang diberi ilmu . Dan tidak ada yang mengingkari ayat-ayat Kami, kecuali orang-orang yang zalim.</text>
      </translation>
    </translations>
    <rules>[{"start": 82, "end": 84, "rule_id": 1}, {"start": 16, "end": 22, "rule_id": 2}, {"start": 28, "end": 33, "rule_id": 6}]</rules>
  </verse>
  <verse>
    <verseIdArabic>٥٠</verseIdArabic>
    <verseId>50</verseId>
    <chapterId>29</chapterId>
    <textIndopak>وَقَالُواْ لَوۡلَآ أُنزِلَ عَلَيۡهِ ءَايَٰتٞ مِّن رَّبِّهِۦۚ قُلۡ إِنَّمَا ٱلۡأٓيَٰتُ عِندَ ٱللَّهِ وَإِنَّمَآ أَنَا۠ نَذِيرٞ مُّبِينٌ</textIndopak>
    <translations>
      <translation>
        <author>King Fahad Quran Complex</author>
        <text>Dan orang-orang kafir Mekah berkata, "Mengapa tidak diturunkan kepadanya mukjizat-mukjizat dari Tuhan-nya?" Katakanlah, "Sesungguhnya mukjizat-mukjizat itu terserah kepada Allah. Dan sesungguhnya aku hanya seorang pemberi peringatan yang nyata".</text>
      </translation>
    </translations>
    <rules>[{"start": 46, "end": 49, "rule_id": 0}, {"start": 70, "end": 73, "rule_id": 0}, {"start": 107, "end": 110, "rule_id": 0}, {"start": 130, "end": 133, "rule_id": 0}, {"start": 43, "end": 49, "rule_id": 3}, {"start": 127, "end": 133, "rule_id": 3}, {"start": 49, "end": 54, "rule_id": 5}, {"start": 22, "end": 25, "rule_id": 6}, {"start": 91, "end": 94, "rule_id": 6}]</rules>
  </verse>
  <verse>
    <verseIdArabic>٥١</verseIdArabic>
    <verseId>51</verseId>
    <chapterId>29</chapterId>
    <textIndopak>أَوَلَمۡ يَكۡفِهِمۡ أَنَّآ أَنزَلۡنَا عَلَيۡكَ ٱلۡكِتَٰبَ يُتۡلَىٰ عَلَيۡهِمۡۚ إِنَّ فِي ذَٰلِكَ لَرَحۡمَةٗ وَذِكۡرَىٰ لِقَوۡمٖ يُؤۡمِنُونَ</textIndopak>
    <translations>
      <translation>
        <author>King Fahad Quran Complex</author>
        <text>Dan apakah tidak cukup bagi mereka bahwasanya Kami telah menurunkan kepadamu Alkitab (Al-Qur`ān) sedang dia dibacakan kepada mereka? Sesungguhnya dalam (Al-Qur`ān) itu terdapat rahmat yang besar dan pelajaran bagi orang-orang yang beriman.</text>
      </translation>
    </translations>
    <rules>[{"start": 22, "end": 25, "rule_id": 0}, {"start": 83, "end": 86, "rule_id": 0}, {"start": 107, "end": 112, "rule_id": 3}, {"start": 127, "end": 132, "rule_id": 3}, {"start": 30, "end": 33, "rule_id": 6}]</rules>
  </verse>
  <verse>
    <verseIdArabic>٥٢</verseIdArabic>
    <verseId>52</verseId>
    <chapterId>29</chapterId>
    <textIndopak>قُلۡ كَفَىٰ بِٱللَّهِ بَيۡنِي وَبَيۡنَكُمۡ شَهِيدٗاۖ يَعۡلَمُ مَا فِي ٱلسَّمَٰوَٰتِ وَٱلۡأَرۡضِۗ وَٱلَّذِينَ ءَامَنُواْ بِٱلۡبَٰطِلِ وَكَفَرُواْ بِٱللَّهِ أُوْلَٰٓئِكَ هُمُ ٱلۡخَٰسِرُونَ</textIndopak>
    <translations>
      <translation>
        <author>King Fahad Quran Complex</author>
        <text>Katakanlah, "Cukuplah Allah menjadi saksi antaraku dan antaramu. Dia mengetahui apa yang di langit dan di bumi. Dan orang-orang yang percaya kepada yang batil dan ingkar kepada Allah, mereka itulah orang-orang yang merugi.</text>
      </translation>
    </translations>
    <rules>[{"start": 48, "end": 56, "rule_id": 3}]</rules>
  </verse>
  <verse>
    <verseIdArabic>٥٣</verseIdArabic>
    <verseId>53</verseId>
    <chapterId>29</chapterId>
    <textIndopak>وَيَسۡتَعۡجِلُونَكَ بِٱلۡعَذَابِ وَلَوۡلَآ أَجَلٞ مُّسَمّٗى لَّجَآءَهُمُ ٱلۡعَذَابُۚ وَلَيَأۡتِيَنَّهُم بَغۡتَةٗ وَهُمۡ لَا يَشۡعُرُونَ</textIndopak>
    <translations>
      <translation>
        <author>King Fahad Quran Complex</author>
        <text>Dan mereka meminta kepadamu supaya segera diturunkan azab. Kalau tidaklah karena waktu yang telah ditetapkan , benar-benar telah datang azab kepada mereka dan azab itu benar-benar akan datang kepada mereka dengan tiba-tiba, sedang mereka tidak menyadarinya.</text>
      </translation>
    </translations>
    <rules>[{"start": 53, "end": 56, "rule_id": 0}, {"start": 58, "end": 61, "rule_id": 0}, {"start": 100, "end": 103, "rule_id": 0}, {"start": 50, "end": 56, "rule_id": 3}, {"start": 113, "end": 118, "rule_id": 3}, {"start": 105, "end": 109, "rule_id": 7}]</rules>
  </verse>
  <verse>
    <verseIdArabic>٥٤</verseIdArabic>
    <verseId>54</verseId>
    <chapterId>29</chapterId>
    <textIndopak>يَسۡتَعۡجِلُونَكَ بِٱلۡعَذَابِ وَإِنَّ جَهَنَّمَ لَمُحِيطَةُۢ بِٱلۡكَٰفِرِينَ</textIndopak>
    <translations>
      <translation>
        <author>King Fahad Quran Complex</author>
        <text>Mereka meminta kepadamu supaya segera diturunkan azab. Dan sesungguhnya Jahanam benar-benar meliputi orang-orang yang kafir,</text>
      </translation>
    </translations>
    <rules>[{"start": 35, "end": 38, "rule_id": 0}, {"start": 43, "end": 46, "rule_id": 0}, {"start": 58, "end": 64, "rule_id": 2}]</rules>
  </verse>
  <verse>
    <verseIdArabic>٥٥</verseIdArabic>
    <verseId>55</verseId>
    <chapterId>29</chapterId>
    <textIndopak>يَوۡمَ يَغۡشَىٰهُمُ ٱلۡعَذَابُ مِن فَوۡقِهِمۡ وَمِن تَحۡتِ أَرۡجُلِهِمۡ وَيَقُولُ ذُوقُواْ مَا كُنتُمۡ تَعۡمَلُونَ</textIndopak>
    <translations>
      <translation>
        <author>King Fahad Quran Complex</author>
        <text>pada hari mereka ditutup oleh azab dari atas mereka dan dari bawah kaki mereka dan Allah berkata (kepada mereka), "Rasailah (pembalasan dari) apa yang telah kamu kerjakan".</text>
      </translation>
    </translations>
    <rules>[{"start": 33, "end": 37, "rule_id": 6}, {"start": 50, "end": 54, "rule_id": 6}, {"start": 97, "end": 100, "rule_id": 6}]</rules>
  </verse>
  <verse>
    <verseIdArabic>٥٦</verseIdArabic>
    <verseId>56</verseId>
    <chapterId>29</chapterId>
    <textIndopak>يَٰعِبَادِيَ ٱلَّذِينَ ءَامَنُوٓاْ إِنَّ أَرۡضِي وَٰسِعَةٞ فَإِيَّٰيَ فَٱعۡبُدُونِ</textIndopak>
    <translations>
      <translation>
        <author>King Fahad Quran Complex</author>
        <text>Hai hamba-hamba-Ku yang beriman, sesungguhnya bumi-Ku luas, maka sembahlah Aku saja.</text>
      </translation>
    </translations>
    <rules>[{"start": 37, "end": 40, "rule_id": 0}, {"start": 56, "end": 61, "rule_id": 6}]</rules>
  </verse>
  <verse>
    <verseIdArabic>٥٧</verseIdArabic>
    <verseId>57</verseId>
    <chapterId>29</chapterId>
    <textIndopak>كُلُّ نَفۡسٖ ذَآئِقَةُ ٱلۡمَوۡتِۖ ثُمَّ إِلَيۡنَا تُرۡجَعُونَ</textIndopak>
    <translations>
      <translation>
        <author>King Fahad Quran Complex</author>
        <text>Tiap-tiap yang berjiwa akan merasakan mati. Kemudian, hanyalah kepada Kami kamu dikembalikan.</text>
      </translation>
    </translations>
    <rules>[{"start": 38, "end": 41, "rule_id": 0}, {"start": 10, "end": 15, "rule_id": 6}]</rules>
  </verse>
  <verse>
    <verseIdArabic>٥٨</verseIdArabic>
    <verseId>58</verseId>
    <chapterId>29</chapterId>
    <textIndopak>وَٱلَّذِينَ ءَامَنُواْ وَعَمِلُواْ ٱلصَّٰلِحَٰتِ لَنُبَوِّئَنَّهُم مِّنَ ٱلۡجَنَّةِ غُرَفٗا تَجۡرِي مِن تَحۡتِهَا ٱلۡأَنۡهَٰرُ خَٰلِدِينَ فِيهَاۚ نِعۡمَ أَجۡرُ ٱلۡعَٰمِلِينَ</textIndopak>
    <translations>
      <translation>
        <author>King Fahad Quran Complex</author>
        <text>Dan orang-orang yang beriman dan mengerjakan amal-amal yang saleh, sesungguhnya akan Kami tempatkan mereka pada tempat-tempat yang tinggi di dalam surga, yang mengalir sungai-sungai di bawahnya, mereka kekal di dalamnya. Itulah sebaik-baik pembalasan bagi orang-orang yang beramal,</text>
      </translation>
    </translations>
    <rules>[{"start": 60, "end": 63, "rule_id": 0}, {"start": 67, "end": 70, "rule_id": 0}, {"start": 78, "end": 81, "rule_id": 0}, {"start": 94, "end": 96, "rule_id": 1}, {"start": 156, "end": 158, "rule_id": 1}, {"start": 65, "end": 70, "rule_id": 4}, {"start": 102, "end": 106, "rule_id": 6}]</rules>
  </verse>
  <verse>
    <verseIdArabic>٥٩</verseIdArabic>
    <verseId>59</verseId>
    <chapterId>29</chapterId>
    <textIndopak>ٱلَّذِينَ صَبَرُواْ وَعَلَىٰ رَبِّهِمۡ يَتَوَكَّلُونَ</textIndopak>
    <translations>
      <translation>
        <author>King Fahad Quran Complex</author>
        <text>(yaitu) yang bersabar dan bertawakal kepada Tuhan-nya.</text>
      </translation>
    </translations>
  </verse>
  <verse>
    <verseIdArabic>٦٠</verseIdArabic>
    <verseId>60</verseId>
    <chapterId>29</chapterId>
    <textIndopak>وَكَأَيِّن مِّن دَآبَّةٖ لَّا تَحۡمِلُ رِزۡقَهَا ٱللَّهُ يَرۡزُقُهَا وَإِيَّاكُمۡۚ وَهُوَ ٱلسَّمِيعُ ٱلۡعَلِيمُ</textIndopak>
    <translations>
      <translation>
        <author>King Fahad Quran Complex</author>
        <text>Dan berapa banyak binatang yang tidak (dapat) membawa (mengurus) rezekinya sendiri. Allah-lah yang memberi rezeki kepadanya dan kepadamu dan Dia Maha Mendengar lagi Maha Mengetahui.</text>
      </translation>
    </translations>
    <rules>[{"start": 11, "end": 14, "rule_id": 0}, {"start": 9, "end": 14, "rule_id": 3}, {"start": 23, "end": 29, "rule_id": 5}, {"start": 14, "end": 18, "rule_id": 6}]</rules>
  </verse>
  <verse>
    <verseIdArabic>٦١</verseIdArabic>
    <verseId>61</verseId>
    <chapterId>29</chapterId>
    <textIndopak>وَلَئِن سَأَلۡتَهُم مَّنۡ خَلَقَ ٱلسَّمَٰوَٰتِ وَٱلۡأَرۡضَ وَسَخَّرَ ٱلشَّمۡسَ وَٱلۡقَمَرَ لَيَقُولُنَّ ٱللَّهُۖ فَأَنَّىٰ يُؤۡفَكُونَ</textIndopak>
    <translations>
      <translation>
        <author>King Fahad Quran Complex</author>
        <text>Dan sesungguhnya jika kamu tanyakan kepada mereka, "Siapakah yang menjadikan langit dan bumi dan menundukkan matahari dan bulan?" Tentu mereka akan menjawab, "Allah", maka betapakah mereka (dapat) dipalingkan (dari jalan yang benar).</text>
      </translation>
    </translations>
    <rules>[{"start": 20, "end": 23, "rule_id": 0}, {"start": 100, "end": 103, "rule_id": 0}, {"start": 118, "end": 121, "rule_id": 0}, {"start": 18, "end": 23, "rule_id": 4}, {"start": 6, "end": 10, "rule_id": 6}]</rules>
  </verse>
  <verse>
    <verseIdArabic>٦٢</verseIdArabic>
    <verseId>62</verseId>
    <chapterId>29</chapterId>
    <textIndopak>ٱللَّهُ يَبۡسُطُ ٱلرِّزۡقَ لِمَن يَشَآءُ مِنۡ عِبَادِهِۦ وَيَقۡدِرُ لَهُۥٓۚ إِنَّ ٱللَّهَ بِكُلِّ شَيۡءٍ عَلِيمٞ</textIndopak>
    <translations>
      <translation>
        <author>King Fahad Quran Complex</author>
        <text>Allah melapangkan rezeki bagi siapa yang dikehendaki-Nya di antara hamba-hamba-Nya dan Dia (pula) yang menyempitkan baginya. Sesungguhnya Allah Maha Mengetahui segala sesuatu.</text>
      </translation>
    </translations>
    <rules>[{"start": 80, "end": 83, "rule_id": 0}, {"start": 10, "end": 12, "rule_id": 1}, {"start": 62, "end": 64, "rule_id": 1}, {"start": 31, "end": 35, "rule_id": 3}]</rules>
  </verse>
  <verse>
    <verseIdArabic>٦٣</verseIdArabic>
    <verseId>63</verseId>
    <chapterId>29</chapterId>
    <textIndopak>وَلَئِن سَأَلۡتَهُم مَّن نَّزَّلَ مِنَ ٱلسَّمَآءِ مَآءٗ فَأَحۡيَا بِهِ ٱلۡأَرۡضَ مِنۢ بَعۡدِ مَوۡتِهَا لَيَقُولُنَّ ٱللَّهُۚ قُلِ ٱلۡحَمۡدُ لِلَّهِۚ بَلۡ أَكۡثَرُهُمۡ لَا يَعۡقِلُونَ</textIndopak>
    <translations>
      <translation>
        <author>King Fahad Quran Complex</author>
        <text>Dan sesungguhnya jika kamu menanyakan kepada mereka, "Siapakah yang menurunkan air dari langit, lalu menghidupkan dengan air itu bumi sesudah matinya?" Tentu mereka akan menjawab, "Allah", Katakanlah, "Segala puji bagi Allah", tetapi kebanyakan mereka tidak memahami(nya).</text>
      </translation>
    </translations>
    <rules>[{"start": 20, "end": 23, "rule_id": 0}, {"start": 25, "end": 28, "rule_id": 0}, {"start": 114, "end": 117, "rule_id": 0}, {"start": 85, "end": 90, "rule_id": 2}, {"start": 23, "end": 28, "rule_id": 3}, {"start": 18, "end": 23, "rule_id": 4}, {"start": 6, "end": 10, "rule_id": 6}, {"start": 55, "end": 60, "rule_id": 6}]</rules>
  </verse>
  <verse>
    <verseIdArabic>٦٤</verseIdArabic>
    <verseId>64</verseId>
    <chapterId>29</chapterId>
    <textIndopak>وَمَا هَٰذِهِ ٱلۡحَيَوٰةُ ٱلدُّنۡيَآ إِلَّا لَهۡوٞ وَلَعِبٞۚ وَإِنَّ ٱلدَّارَ ٱلۡأٓخِرَةَ لَهِيَ ٱلۡحَيَوَانُۚ لَوۡ كَانُواْ يَعۡلَمُونَ</textIndopak>
    <translations>
      <translation>
        <author>King Fahad Quran Complex</author>
        <text>Dan tiadalah kehidupan dunia ini, melainkan senda gurau dan main-main. Dan sesungguhnya akhirat itulah yang sebenarnya kehidupan kalau mereka mengetahui.</text>
      </translation>
    </translations>
    <rules>[{"start": 67, "end": 70, "rule_id": 0}, {"start": 49, "end": 54, "rule_id": 3}]</rules>
  </verse>
  <verse>
    <verseIdArabic>٦٥</verseIdArabic>
    <verseId>65</verseId>
    <chapterId>29</chapterId>
    <textIndopak>فَإِذَا رَكِبُواْ فِي ٱلۡفُلۡكِ دَعَوُاْ ٱللَّهَ مُخۡلِصِينَ لَهُ ٱلدِّينَ فَلَمَّا نَجَّىٰهُمۡ إِلَى ٱلۡبَرِّ إِذَا هُمۡ يُشۡرِكُونَ</textIndopak>
    <translations>
      <translation>
        <author>King Fahad Quran Complex</author>
        <text>Maka apabila mereka naik kapal, mereka berdoa kepada Allah dengan memurnikan ketaatan kepada-Nya , maka tatkala Allah menyelamatkan mereka sampai ke darat, tiba-tiba mereka (kembali) mempersekutukan (Allah),</text>
      </translation>
    </translations>
    <rules>[{"start": 79, "end": 82, "rule_id": 0}]</rules>
  </verse>
  <verse>
    <verseIdArabic>٦٦</verseIdArabic>
    <verseId>66</verseId>
    <chapterId>29</chapterId>
    <textIndopak>لِيَكۡفُرُواْ بِمَآ ءَاتَيۡنَٰهُمۡ وَلِيَتَمَتَّعُواْۚ فَسَوۡفَ يَعۡلَمُونَ</textIndopak>
    <translations>
      <translation>
        <author>King Fahad Quran Complex</author>
        <text>agar mereka mengingkari nikmat yang telah Kami berikan kepada mereka dan agar mereka (hidup) bersenang-senang (dalam kekafiran). Kelak mereka akan mengetahui (akibat perbuatannya).</text>
      </translation>
    </translations>
  </verse>
  <verse>
    <verseIdArabic>٦٧</verseIdArabic>
    <verseId>67</verseId>
    <chapterId>29</chapterId>
    <textIndopak>أَوَلَمۡ يَرَوۡاْ أَنَّا جَعَلۡنَا حَرَمًا ءَامِنٗا وَيُتَخَطَّفُ ٱلنَّاسُ مِنۡ حَوۡلِهِمۡۚ أَفَبِٱلۡبَٰطِلِ يُؤۡمِنُونَ وَبِنِعۡمَةِ ٱللَّهِ يَكۡفُرُونَ</textIndopak>
    <translations>
      <translation>
        <author>King Fahad Quran Complex</author>
        <text>Dan apakah mereka tidak memperhatikan bahwa sesungguhnya Kami telah menjadikan (negeri mereka) tanah suci yang aman, sedang manusia sekitarnya saling merampok. Maka mengapa (sesudah nyata kebenaran) mereka masih percaya kepada yang batil dan ingkar kepada nikmat Allah?</text>
      </translation>
    </translations>
    <rules>[{"start": 20, "end": 23, "rule_id": 0}, {"start": 68, "end": 71, "rule_id": 0}, {"start": 48, "end": 54, "rule_id": 3}]</rules>
  </verse>
  <verse>
    <verseIdArabic>٦٨</verseIdArabic>
    <verseId>68</verseId>
    <chapterId>29</chapterId>
    <textIndopak>وَمَنۡ أَظۡلَمُ مِمَّنِ ٱفۡتَرَىٰ عَلَى ٱللَّهِ كَذِبًا أَوۡ كَذَّبَ بِٱلۡحَقِّ لَمَّا جَآءَهُۥٓۚ أَلَيۡسَ فِي جَهَنَّمَ مَثۡوٗى لِّلۡكَٰفِرِينَ</textIndopak>
    <translations>
      <translation>
        <author>King Fahad Quran Complex</author>
        <text>Dan siapakah yang lebih zalim daripada orang-orang yang mengada-adakan kedustaan terhadap Allah atau mendustakan yang hak tatkala yang hak itu datang kepadanya? Bukankah dalam neraka Jahanam itu ada tempat bagi orang-orang yang kafir?</text>
      </translation>
    </translations>
    <rules>[{"start": 18, "end": 21, "rule_id": 0}, {"start": 82, "end": 85, "rule_id": 0}, {"start": 117, "end": 120, "rule_id": 0}]</rules>
  </verse>
  <verse>
    <verseIdArabic>٦٩</verseIdArabic>
    <verseId>69</verseId>
    <chapterId>29</chapterId>
    <textIndopak>وَٱلَّذِينَ جَٰهَدُواْ فِينَا لَنَهۡدِيَنَّهُمۡ سُبُلَنَاۚ وَإِنَّ ٱللَّهَ لَمَعَ ٱلۡمُحۡسِنِينَ</textIndopak>
    <translations>
      <translation>
        <author>King Fahad Quran Complex</author>
        <text>Dan orang-orang yang berjihad untuk (mencari keridaan) Kami, benar-benar akan Kami tunjukkan kepada mereka jalan-jalan Kami. Dan sesungguhnya Allah benar-benar beserta orang-orang yang berbuat baik.</text>
      </translation>
    </translations>
    <rules>[{"start": 40, "end": 43, "rule_id": 0}, {"start": 64, "end": 67, "rule_id": 0}]</rules>
  </verse>
</verses>
