<?xml version="1.0" encoding="UTF-8"?>

<verses>
  <verse>
    <verseIdArabic>١</verseIdArabic>
    <verseId>1</verseId>
    <chapterId>30</chapterId>
    <textIndopak>الٓمٓ</textIndopak>
    <translations>
      <translation>
        <author>King Fahad Quran Complex</author>
        <text>Alif Lām Mīm</text>
      </translation>
    </translations>
  </verse>
  <verse>
    <verseIdArabic>٢</verseIdArabic>
    <verseId>2</verseId>
    <chapterId>30</chapterId>
    <textIndopak>غُلِبَتِ ٱلرُّومُ</textIndopak>
    <translations>
      <translation>
        <author>King Fahad Quran Complex</author>
        <text>Telah dikalahkan bangsa Romawi ,</text>
      </translation>
    </translations>
  </verse>
  <verse>
    <verseIdArabic>٣</verseIdArabic>
    <verseId>3</verseId>
    <chapterId>30</chapterId>
    <textIndopak>فِيٓ أَدۡنَى ٱلۡأَرۡضِ وَهُم مِّنۢ بَعۡدِ غَلَبِهِمۡ سَيَغۡلِبُونَ</textIndopak>
    <translations>
      <translation>
        <author>King Fahad Quran Complex</author>
        <text>di negeri yang terdekat dan mereka sesudah dikalahkan itu akan menang ,</text>
      </translation>
    </translations>
    <rules>[{"start": 29, "end": 32, "rule_id": 0}, {"start": 7, "end": 9, "rule_id": 1}, {"start": 32, "end": 37, "rule_id": 2}, {"start": 27, "end": 32, "rule_id": 4}]</rules>
  </verse>
  <verse>
    <verseIdArabic>٤</verseIdArabic>
    <verseId>4</verseId>
    <chapterId>30</chapterId>
    <textIndopak>فِي بِضۡعِ سِنِينَۗ لِلَّهِ ٱلۡأَمۡرُ مِن قَبۡلُ وَمِنۢ بَعۡدُۚ وَيَوۡمَئِذٖ يَفۡرَحُ ٱلۡمُؤۡمِنُونَ</textIndopak>
    <translations>
      <translation>
        <author>King Fahad Quran Complex</author>
        <text>dalam beberapa tahun lagi . Bagi Allah-lah urusan sebelum dan sesudah (mereka menang). Dan pada hari (kemenangan bangsa Romawi) itu, bergembiralah orang-orang yang beriman,</text>
      </translation>
    </translations>
    <rules>[{"start": 45, "end": 47, "rule_id": 1}, {"start": 54, "end": 59, "rule_id": 2}, {"start": 76, "end": 81, "rule_id": 3}, {"start": 41, "end": 45, "rule_id": 6}]</rules>
  </verse>
  <verse>
    <verseIdArabic>٥</verseIdArabic>
    <verseId>5</verseId>
    <chapterId>30</chapterId>
    <textIndopak>بِنَصۡرِ ٱللَّهِۚ يَنصُرُ مَن يَشَآءُۖ وَهُوَ ٱلۡعَزِيزُ ٱلرَّحِيمُ</textIndopak>
    <translations>
      <translation>
        <author>King Fahad Quran Complex</author>
        <text>Karena pertolongan Allah. Dia menolong siapa yang dikehendaki-Nya. Dan Dialah Maha Perkasa lagi Penyayang.</text>
      </translation>
    </translations>
    <rules>[{"start": 29, "end": 33, "rule_id": 3}, {"start": 21, "end": 24, "rule_id": 6}]</rules>
  </verse>
  <verse>
    <verseIdArabic>٦</verseIdArabic>
    <verseId>6</verseId>
    <chapterId>30</chapterId>
    <textIndopak>وَعۡدَ ٱللَّهِۖ لَا يُخۡلِفُ ٱللَّهُ وَعۡدَهُۥ وَلَٰكِنَّ أَكۡثَرَ ٱلنَّاسِ لَا يَعۡلَمُونَ</textIndopak>
    <translations>
      <translation>
        <author>King Fahad Quran Complex</author>
        <text>(Sebagai) janji yang sebenar-benarnya dari Allah. Allah tidak akan menyalahi janji-Nya, tetapi kebanyakan manusia tidak mengetahui.</text>
      </translation>
    </translations>
    <rules>[{"start": 55, "end": 58, "rule_id": 0}, {"start": 70, "end": 73, "rule_id": 0}]</rules>
  </verse>
  <verse>
    <verseIdArabic>٧</verseIdArabic>
    <verseId>7</verseId>
    <chapterId>30</chapterId>
    <textIndopak>يَعۡلَمُونَ ظَٰهِرٗا مِّنَ ٱلۡحَيَوٰةِ ٱلدُّنۡيَا وَهُمۡ عَنِ ٱلۡأٓخِرَةِ هُمۡ غَٰفِلُونَ</textIndopak>
    <translations>
      <translation>
        <author>King Fahad Quran Complex</author>
        <text>Mereka hanya mengetahui yang lahir (saja) dari kehidupan dunia, sedang mereka tentang (kehidupan) akhirat adalah lalai.</text>
      </translation>
    </translations>
    <rules>[{"start": 21, "end": 24, "rule_id": 0}, {"start": 17, "end": 24, "rule_id": 3}]</rules>
  </verse>
  <verse>
    <verseIdArabic>٨</verseIdArabic>
    <verseId>8</verseId>
    <chapterId>30</chapterId>
    <textIndopak>أَوَلَمۡ يَتَفَكَّرُواْ فِيٓ أَنفُسِهِمۗ مَّا خَلَقَ ٱللَّهُ ٱلسَّمَٰوَٰتِ وَٱلۡأَرۡضَ وَمَا بَيۡنَهُمَآ إِلَّا بِٱلۡحَقِّ وَأَجَلٖ مُّسَمّٗىۗ وَإِنَّ كَثِيرٗا مِّنَ ٱلنَّاسِ بِلِقَآيِٕ رَبِّهِمۡ لَكَٰفِرُونَ</textIndopak>
    <translations>
      <translation>
        <author>King Fahad Quran Complex</author>
        <text>Dan mengapa mereka tidak memikirkan tentang (kejadian) diri mereka? Allah tidak menjadikan langit dan bumi dan apa yang ada di antara keduanya, melainkan dengan (tujuan) yang benar dan waktu yang ditentukan. Dan sesungguhnya, kebanyakan di antara manusia benar-benar ingkar akan pertemuan dengan Tuhan-nya.</text>
      </translation>
    </translations>
    <rules>[{"start": 42, "end": 45, "rule_id": 0}, {"start": 134, "end": 137, "rule_id": 0}, {"start": 139, "end": 142, "rule_id": 0}, {"start": 150, "end": 153, "rule_id": 0}, {"start": 163, "end": 166, "rule_id": 0}, {"start": 171, "end": 174, "rule_id": 0}, {"start": 131, "end": 137, "rule_id": 3}, {"start": 159, "end": 166, "rule_id": 3}, {"start": 31, "end": 34, "rule_id": 6}]</rules>
  </verse>
  <verse>
    <verseIdArabic>٩</verseIdArabic>
    <verseId>9</verseId>
    <chapterId>30</chapterId>
    <textIndopak>أَوَلَمۡ يَسِيرُواْ فِي ٱلۡأَرۡضِ فَيَنظُرُواْ كَيۡفَ كَانَ عَٰقِبَةُ ٱلَّذِينَ مِن قَبۡلِهِمۡۚ كَانُوٓاْ أَشَدَّ مِنۡهُمۡ قُوَّةٗ وَأَثَارُواْ ٱلۡأَرۡضَ وَعَمَرُوهَآ أَكۡثَرَ مِمَّا عَمَرُوهَا وَجَآءَتۡهُمۡ رُسُلُهُم بِٱلۡبَيِّنَٰتِۖ فَمَا كَانَ ٱللَّهُ لِيَظۡلِمَهُمۡ وَلَٰكِن كَانُوٓاْ أَنفُسَهُمۡ يَظۡلِمُونَ</textIndopak>
    <translations>
      <translation>
        <author>King Fahad Quran Complex</author>
        <text>Dan apakah mereka tidak mengadakan perjalanan di muka bumi dan memperhatikan bagaimana akibat (yang diderita) oleh orang-orang sebelum mereka? Orang-orang itu adalah lebih kuat dari mereka (sendiri) dan telah mengolah bumi (tanah) serta memakmurkannya lebih banyak dari apa yang telah mereka makmurkan. Dan telah datang kepada mereka, rasul-rasul mereka dengan membawa bukti-bukti yang nyata. Maka Allah sekali-kali tidak berlaku zalim kepada mereka, akan tetapi merekalah yang berlaku zalim kepada diri sendiri.</text>
      </translation>
    </translations>
    <rules>[{"start": 180, "end": 183, "rule_id": 0}, {"start": 86, "end": 88, "rule_id": 1}, {"start": 129, "end": 134, "rule_id": 3}, {"start": 38, "end": 41, "rule_id": 6}, {"start": 82, "end": 86, "rule_id": 6}, {"start": 281, "end": 285, "rule_id": 6}, {"start": 295, "end": 298, "rule_id": 6}, {"start": 219, "end": 223, "rule_id": 7}]</rules>
  </verse>
  <verse>
    <verseIdArabic>١٠</verseIdArabic>
    <verseId>10</verseId>
    <chapterId>30</chapterId>
    <textIndopak>ثُمَّ كَانَ عَٰقِبَةَ ٱلَّذِينَ أَسَٰٓـُٔواْ ٱلسُّوٓأَىٰٓ أَن كَذَّبُواْ بِـَٔايَٰتِ ٱللَّهِ وَكَانُواْ بِهَا يَسۡتَهۡزِءُونَ</textIndopak>
    <translations>
      <translation>
        <author>King Fahad Quran Complex</author>
        <text>Kemudian, akibat orang-orang yang mengerjakan kejahatan adalah (azab) yang lebih buruk karena mereka mendustakan ayat-ayat Allah dan mereka selalu memperolok-oloknya.</text>
      </translation>
    </translations>
    <rules>[{"start": 2, "end": 5, "rule_id": 0}, {"start": 60, "end": 64, "rule_id": 6}]</rules>
  </verse>
  <verse>
    <verseIdArabic>١١</verseIdArabic>
    <verseId>11</verseId>
    <chapterId>30</chapterId>
    <textIndopak>ٱللَّهُ يَبۡدَؤُاْ ٱلۡخَلۡقَ ثُمَّ يُعِيدُهُۥ ثُمَّ إِلَيۡهِ تُرۡجَعُونَ</textIndopak>
    <translations>
      <translation>
        <author>King Fahad Quran Complex</author>
        <text>Allah menciptakan (manusia) dari permulaan, kemudian mengembalikan (menghidupkan)nya kembali, kemudian kepada-Nya-lah kamu dikembalikan</text>
      </translation>
    </translations>
    <rules>[{"start": 31, "end": 34, "rule_id": 0}, {"start": 48, "end": 51, "rule_id": 0}, {"start": 10, "end": 12, "rule_id": 1}]</rules>
  </verse>
  <verse>
    <verseIdArabic>١٢</verseIdArabic>
    <verseId>12</verseId>
    <chapterId>30</chapterId>
    <textIndopak>وَيَوۡمَ تَقُومُ ٱلسَّاعَةُ يُبۡلِسُ ٱلۡمُجۡرِمُونَ</textIndopak>
    <translations>
      <translation>
        <author>King Fahad Quran Complex</author>
        <text>Dan pada hari terjadinya kiamat, orang-orang yang berdosa terdiam berputus asa.</text>
      </translation>
    </translations>
    <rules>[{"start": 30, "end": 32, "rule_id": 1}, {"start": 42, "end": 44, "rule_id": 1}]</rules>
  </verse>
  <verse>
    <verseIdArabic>١٣</verseIdArabic>
    <verseId>13</verseId>
    <chapterId>30</chapterId>
    <textIndopak>وَلَمۡ يَكُن لَّهُم مِّن شُرَكَآئِهِمۡ شُفَعَٰٓؤُاْ وَكَانُواْ بِشُرَكَآئِهِمۡ كَٰفِرِينَ</textIndopak>
    <translations>
      <translation>
        <author>King Fahad Quran Complex</author>
        <text>Dan sekali-kali, tidak ada pemberi syafaat bagi mereka dari berhala-berhala mereka dan adalah mereka mengingkari berhala mereka itu .</text>
      </translation>
    </translations>
    <rules>[{"start": 20, "end": 23, "rule_id": 0}, {"start": 18, "end": 23, "rule_id": 4}, {"start": 11, "end": 16, "rule_id": 5}, {"start": 23, "end": 27, "rule_id": 6}]</rules>
  </verse>
  <verse>
    <verseIdArabic>١٤</verseIdArabic>
    <verseId>14</verseId>
    <chapterId>30</chapterId>
    <textIndopak>وَيَوۡمَ تَقُومُ ٱلسَّاعَةُ يَوۡمَئِذٖ يَتَفَرَّقُونَ</textIndopak>
    <translations>
      <translation>
        <author>King Fahad Quran Complex</author>
        <text>Dan pada hari terjadinya kiamat, pada hari itu mereka (manusia) bergolong-golongan.</text>
      </translation>
    </translations>
    <rules>[{"start": 36, "end": 41, "rule_id": 3}]</rules>
  </verse>
  <verse>
    <verseIdArabic>١٥</verseIdArabic>
    <verseId>15</verseId>
    <chapterId>30</chapterId>
    <textIndopak>فَأَمَّا ٱلَّذِينَ ءَامَنُواْ وَعَمِلُواْ ٱلصَّٰلِحَٰتِ فَهُمۡ فِي رَوۡضَةٖ يُحۡبَرُونَ</textIndopak>
    <translations>
      <translation>
        <author>King Fahad Quran Complex</author>
        <text>Adapun orang-orang yang beriman dan mengerjakan amal saleh, maka mereka di dalam taman (surga) bergembira.</text>
      </translation>
    </translations>
    <rules>[{"start": 4, "end": 7, "rule_id": 0}, {"start": 73, "end": 78, "rule_id": 3}]</rules>
  </verse>
  <verse>
    <verseIdArabic>١٦</verseIdArabic>
    <verseId>16</verseId>
    <chapterId>30</chapterId>
    <textIndopak>وَأَمَّا ٱلَّذِينَ كَفَرُواْ وَكَذَّبُواْ بِـَٔايَٰتِنَا وَلِقَآيِٕ ٱلۡأٓخِرَةِ فَأُوْلَٰٓئِكَ فِي ٱلۡعَذَابِ مُحۡضَرُونَ</textIndopak>
    <translations>
      <translation>
        <author>King Fahad Quran Complex</author>
        <text>Adapun orang-orang yang kafir dan mendustakan ayat-ayat Kami (Al-Qur`ān) serta (mendustakan) menemui hari akhirat, maka mereka tetap berada di dalam siksaan (neraka).</text>
      </translation>
    </translations>
    <rules>[{"start": 4, "end": 7, "rule_id": 0}]</rules>
  </verse>
  <verse>
    <verseIdArabic>١٧</verseIdArabic>
    <verseId>17</verseId>
    <chapterId>30</chapterId>
    <textIndopak>فَسُبۡحَٰنَ ٱللَّهِ حِينَ تُمۡسُونَ وَحِينَ تُصۡبِحُونَ</textIndopak>
    <translations>
      <translation>
        <author>King Fahad Quran Complex</author>
        <text>Maka bertasbihlah kepada Allah pada waktu kamu berada pada petang hari dan waktu kamu berada pada waktu subuh,</text>
      </translation>
    </translations>
    <rules>[{"start": 4, "end": 6, "rule_id": 1}]</rules>
  </verse>
  <verse>
    <verseIdArabic>١٨</verseIdArabic>
    <verseId>18</verseId>
    <chapterId>30</chapterId>
    <textIndopak>وَلَهُ ٱلۡحَمۡدُ فِي ٱلسَّمَٰوَٰتِ وَٱلۡأَرۡضِ وَعَشِيّٗا وَحِينَ تُظۡهِرُونَ</textIndopak>
    <translations>
      <translation>
        <author>King Fahad Quran Complex</author>
        <text>dan bagi-Nya-lah segala puji di langit dan di bumi dan pada waktu kamu berada pada petang hari dan pada waktu kamu berada pada waktu Zuhur .</text>
      </translation>
    </translations>
    <rules>[{"start": 53, "end": 60, "rule_id": 3}]</rules>
  </verse>
  <verse>
    <verseIdArabic>١٩</verseIdArabic>
    <verseId>19</verseId>
    <chapterId>30</chapterId>
    <textIndopak>يُخۡرِجُ ٱلۡحَيَّ مِنَ ٱلۡمَيِّتِ وَيُخۡرِجُ ٱلۡمَيِّتَ مِنَ ٱلۡحَيِّ وَيُحۡيِ ٱلۡأَرۡضَ بَعۡدَ مَوۡتِهَاۚ وَكَذَٰلِكَ تُخۡرَجُونَ</textIndopak>
    <translations>
      <translation>
        <author>King Fahad Quran Complex</author>
        <text>Dia mengeluarkan yang hidup dari yang mati dan mengeluarkan yang mati dari yang hidup dan menghidupkan bumi sesudah matinya. Dan seperti itulah kamu akan dikeluarkan (dari kubur).</text>
      </translation>
    </translations>
  </verse>
  <verse>
    <verseIdArabic>٢٠</verseIdArabic>
    <verseId>20</verseId>
    <chapterId>30</chapterId>
    <textIndopak>وَمِنۡ ءَايَٰتِهِۦٓ أَنۡ خَلَقَكُم مِّن تُرَابٖ ثُمَّ إِذَآ أَنتُم بَشَرٞ تَنتَشِرُونَ</textIndopak>
    <translations>
      <translation>
        <author>King Fahad Quran Complex</author>
        <text>Dan di antara tanda-tanda kekuasaan-Nya ialah Dia menciptakan kamu dari tanah, kemudian tiba-tiba kamu (menjadi) manusia yang berkembang biak.</text>
      </translation>
    </translations>
    <rules>[{"start": 35, "end": 38, "rule_id": 0}, {"start": 50, "end": 53, "rule_id": 0}, {"start": 33, "end": 38, "rule_id": 4}, {"start": 38, "end": 42, "rule_id": 6}, {"start": 63, "end": 66, "rule_id": 6}, {"start": 77, "end": 80, "rule_id": 6}, {"start": 45, "end": 50, "rule_id": 6}, {"start": 72, "end": 77, "rule_id": 6}, {"start": 66, "end": 70, "rule_id": 7}]</rules>
  </verse>
  <verse>
    <verseIdArabic>٢١</verseIdArabic>
    <verseId>21</verseId>
    <chapterId>30</chapterId>
    <textIndopak>وَمِنۡ ءَايَٰتِهِۦٓ أَنۡ خَلَقَ لَكُم مِّنۡ أَنفُسِكُمۡ أَزۡوَٰجٗا لِّتَسۡكُنُوٓاْ إِلَيۡهَا وَجَعَلَ بَيۡنَكُم مَّوَدَّةٗ وَرَحۡمَةًۚ إِنَّ فِي ذَٰلِكَ لَأٓيَٰتٖ لِّقَوۡمٖ يَتَفَكَّرُونَ</textIndopak>
    <translations>
      <translation>
        <author>King Fahad Quran Complex</author>
        <text>Dan di antara tanda-tanda kekuasaan-Nya ialah Dia menciptakan untukmu istri-istri dari jenismu sendiri supaya kamu cenderung dan merasa tenteram kepadanya dan dijadikan-Nya di antaramu rasa kasih dan sayang. Sesungguhnya pada yang demikian itu benar-benar terdapat tanda-tanda bagi kaum yang berpikir.</text>
      </translation>
    </translations>
    <rules>[{"start": 38, "end": 41, "rule_id": 0}, {"start": 112, "end": 115, "rule_id": 0}, {"start": 138, "end": 141, "rule_id": 0}, {"start": 120, "end": 125, "rule_id": 3}, {"start": 172, "end": 177, "rule_id": 3}, {"start": 36, "end": 41, "rule_id": 4}, {"start": 110, "end": 115, "rule_id": 4}, {"start": 63, "end": 70, "rule_id": 5}, {"start": 162, "end": 168, "rule_id": 5}, {"start": 46, "end": 49, "rule_id": 6}]</rules>
  </verse>
  <verse>
    <verseIdArabic>٢٢</verseIdArabic>
    <verseId>22</verseId>
    <chapterId>30</chapterId>
    <textIndopak>وَمِنۡ ءَايَٰتِهِۦ خَلۡقُ ٱلسَّمَٰوَٰتِ وَٱلۡأَرۡضِ وَٱخۡتِلَٰفُ أَلۡسِنَتِكُمۡ وَأَلۡوَٰنِكُمۡۚ إِنَّ فِي ذَٰلِكَ لَأٓيَٰتٖ لِّلۡعَٰلِمِينَ</textIndopak>
    <translations>
      <translation>
        <author>King Fahad Quran Complex</author>
        <text>Dan di antara tanda-tanda kekuasaan-Nya ialah menciptakan langit dan bumi dan berlain-lainan bahasamu dan warna kulitmu. Sesungguhnya pada yang demikan itu benar-benar terdapat tanda-tanda bagi orang-orang yang mengetahui.</text>
      </translation>
    </translations>
    <rules>[{"start": 100, "end": 103, "rule_id": 0}, {"start": 124, "end": 130, "rule_id": 5}]</rules>
  </verse>
  <verse>
    <verseIdArabic>٢٣</verseIdArabic>
    <verseId>23</verseId>
    <chapterId>30</chapterId>
    <textIndopak>وَمِنۡ ءَايَٰتِهِۦ مَنَامُكُم بِٱلَّيۡلِ وَٱلنَّهَارِ وَٱبۡتِغَآؤُكُم مِّن فَضۡلِهِۦٓۚ إِنَّ فِي ذَٰلِكَ لَأٓيَٰتٖ لِّقَوۡمٖ يَسۡمَعُونَ</textIndopak>
    <translations>
      <translation>
        <author>King Fahad Quran Complex</author>
        <text>Dan di antara tanda-tanda kekuasaan-Nya ialah tidurmu pada waktu malam dan siang hari dan usahamu mencari sebagian dari karunia-Nya. Sesungguhnya pada yang demikian itu, benar-benar terdapat tanda-tanda bagi kaum yang mendengarkan.</text>
      </translation>
    </translations>
    <rules>[{"start": 45, "end": 48, "rule_id": 0}, {"start": 71, "end": 74, "rule_id": 0}, {"start": 91, "end": 94, "rule_id": 0}, {"start": 57, "end": 59, "rule_id": 1}, {"start": 125, "end": 130, "rule_id": 3}, {"start": 69, "end": 74, "rule_id": 4}, {"start": 115, "end": 121, "rule_id": 5}, {"start": 74, "end": 78, "rule_id": 6}, {"start": 28, "end": 32, "rule_id": 7}]</rules>
  </verse>
  <verse>
    <verseIdArabic>٢٤</verseIdArabic>
    <verseId>24</verseId>
    <chapterId>30</chapterId>
    <textIndopak>وَمِنۡ ءَايَٰتِهِۦ يُرِيكُمُ ٱلۡبَرۡقَ خَوۡفٗا وَطَمَعٗا وَيُنَزِّلُ مِنَ ٱلسَّمَآءِ مَآءٗ فَيُحۡيِۦ بِهِ ٱلۡأَرۡضَ بَعۡدَ مَوۡتِهَآۚ إِنَّ فِي ذَٰلِكَ لَأٓيَٰتٖ لِّقَوۡمٖ يَعۡقِلُونَ</textIndopak>
    <translations>
      <translation>
        <author>King Fahad Quran Complex</author>
        <text>Dan di antara tanda-tanda kekuasaan-Nya, Dia memperlihatkan kepadamu kilat untuk (menimbulkan) ketakutan dan harapan dan Dia menurunkan hujan dari langit, lalu menghidupkan bumi dengan air itu sesudah matinya. Sesungguhnya pada yang demikian itu, benar-benar terdapat tanda-tanda bagi kaum yang mempergunakan akalnya.</text>
      </translation>
    </translations>
    <rules>[{"start": 140, "end": 143, "rule_id": 0}, {"start": 43, "end": 49, "rule_id": 3}, {"start": 53, "end": 59, "rule_id": 3}, {"start": 174, "end": 179, "rule_id": 3}, {"start": 164, "end": 170, "rule_id": 5}, {"start": 90, "end": 95, "rule_id": 6}]</rules>
  </verse>
  <verse>
    <verseIdArabic>٢٥</verseIdArabic>
    <verseId>25</verseId>
    <chapterId>30</chapterId>
    <textIndopak>وَمِنۡ ءَايَٰتِهِۦٓ أَن تَقُومَ ٱلسَّمَآءُ وَٱلۡأَرۡضُ بِأَمۡرِهِۦۚ ثُمَّ إِذَا دَعَاكُمۡ دَعۡوَةٗ مِّنَ ٱلۡأَرۡضِ إِذَآ أَنتُمۡ تَخۡرُجُونَ</textIndopak>
    <translations>
      <translation>
        <author>King Fahad Quran Complex</author>
        <text>Dan di antara tanda-tanda kekuasaan-Nya ialah berdirinya langit dan bumi dengan iradat-Nya. Kemudian apabila Dia memanggil kamu sekali panggil dari bumi, seketika itu (juga) kamu keluar (dari kubur).</text>
      </translation>
    </translations>
    <rules>[{"start": 72, "end": 75, "rule_id": 0}, {"start": 101, "end": 104, "rule_id": 0}, {"start": 98, "end": 104, "rule_id": 3}, {"start": 22, "end": 26, "rule_id": 6}, {"start": 126, "end": 129, "rule_id": 6}]</rules>
  </verse>
  <verse>
    <verseIdArabic>٢٦</verseIdArabic>
    <verseId>26</verseId>
    <chapterId>30</chapterId>
    <textIndopak>وَلَهُۥ مَن فِي ٱلسَّمَٰوَٰتِ وَٱلۡأَرۡضِۖ كُلّٞ لَّهُۥ قَٰنِتُونَ</textIndopak>
    <translations>
      <translation>
        <author>King Fahad Quran Complex</author>
        <text>Dan kepunyaan-Nya-lah siapa saja yang ada di langit dan di bumi. Semuanya hanya kepada-Nya tunduk.</text>
      </translation>
    </translations>
    <rules>[{"start": 46, "end": 53, "rule_id": 5}, {"start": 10, "end": 14, "rule_id": 6}]</rules>
  </verse>
  <verse>
    <verseIdArabic>٢٧</verseIdArabic>
    <verseId>27</verseId>
    <chapterId>30</chapterId>
    <textIndopak>وَهُوَ ٱلَّذِي يَبۡدَؤُاْ ٱلۡخَلۡقَ ثُمَّ يُعِيدُهُۥ وَهُوَ أَهۡوَنُ عَلَيۡهِۚ وَلَهُ ٱلۡمَثَلُ ٱلۡأَعۡلَىٰ فِي ٱلسَّمَٰوَٰتِ وَٱلۡأَرۡضِۚ وَهُوَ ٱلۡعَزِيزُ ٱلۡحَكِيمُ</textIndopak>
    <translations>
      <translation>
        <author>King Fahad Quran Complex</author>
        <text>Dan Dia-lah yang menciptakan (manusia) dari permulaan, kemudian mengembalikan (menghidupkan)nya kembali dan menghidupkan kembali itu adalah lebih mudah bagi-Nya. Dan bagi-Nya-lah sifat yang Maha Tinggi di langit dan di bumi, dan Dia-lah Yang Maha Perkasa lagi Maha Bijaksana.</text>
      </translation>
    </translations>
    <rules>[{"start": 38, "end": 41, "rule_id": 0}, {"start": 17, "end": 19, "rule_id": 1}]</rules>
  </verse>
  <verse>
    <verseIdArabic>٢٨</verseIdArabic>
    <verseId>28</verseId>
    <chapterId>30</chapterId>
    <textIndopak>ضَرَبَ لَكُم مَّثَلٗا مِّنۡ أَنفُسِكُمۡۖ هَل لَّكُم مِّن مَّا مَلَكَتۡ أَيۡمَٰنُكُم مِّن شُرَكَآءَ فِي مَا رَزَقۡنَٰكُمۡ فَأَنتُمۡ فِيهِ سَوَآءٞ تَخَافُونَهُمۡ كَخِيفَتِكُمۡ أَنفُسَكُمۡۚ كَذَٰلِكَ نُفَصِّلُ ٱلۡأٓيَٰتِ لِقَوۡمٖ يَعۡقِلُونَ</textIndopak>
    <translations>
      <translation>
        <author>King Fahad Quran Complex</author>
        <text>Dia membuat perumpamaan untuk kamu dari dirimu sendiri. Apakah ada di antara hamba sahaya yang dimiliki oleh tangan kananmu, sekutu bagimu dalam (memiliki) rezeki yang telah Kami berikan kepadamu, maka kamu sama dengan mereka dalam (hak mempergunakan) rezeki itu, kamu takut kepada mereka sebagaimana kamu takut kepada dirimu sendiri? Demikianlah, Kami jelaskan ayat-ayat bagi kaum yang berakal.</text>
      </translation>
    </translations>
    <rules>[{"start": 13, "end": 16, "rule_id": 0}, {"start": 22, "end": 25, "rule_id": 0}, {"start": 53, "end": 56, "rule_id": 0}, {"start": 58, "end": 61, "rule_id": 0}, {"start": 85, "end": 88, "rule_id": 0}, {"start": 113, "end": 115, "rule_id": 1}, {"start": 56, "end": 61, "rule_id": 3}, {"start": 18, "end": 25, "rule_id": 3}, {"start": 229, "end": 234, "rule_id": 3}, {"start": 11, "end": 16, "rule_id": 4}, {"start": 51, "end": 56, "rule_id": 4}, {"start": 83, "end": 88, "rule_id": 4}, {"start": 30, "end": 33, "rule_id": 6}, {"start": 88, "end": 92, "rule_id": 6}, {"start": 127, "end": 130, "rule_id": 6}, {"start": 179, "end": 182, "rule_id": 6}, {"start": 145, "end": 150, "rule_id": 6}]</rules>
  </verse>
  <verse>
    <verseIdArabic>٢٩</verseIdArabic>
    <verseId>29</verseId>
    <chapterId>30</chapterId>
    <textIndopak>بَلِ ٱتَّبَعَ ٱلَّذِينَ ظَلَمُوٓاْ أَهۡوَآءَهُم بِغَيۡرِ عِلۡمٖۖ فَمَن يَهۡدِي مَنۡ أَضَلَّ ٱللَّهُۖ وَمَا لَهُم مِّن نَّٰصِرِينَ</textIndopak>
    <translations>
      <translation>
        <author>King Fahad Quran Complex</author>
        <text>Tetapi orang-orang yang zalim, mengikuti hawa nafsunya tanpa ilmu pengetahuan, maka siapakah yang akan menunjuki orang yang telah disesatkan Allah? Dan tiadalah bagi mereka seorang penolong pun.</text>
      </translation>
    </translations>
    <rules>[{"start": 116, "end": 119, "rule_id": 0}, {"start": 121, "end": 125, "rule_id": 0}, {"start": 71, "end": 75, "rule_id": 3}, {"start": 119, "end": 125, "rule_id": 3}, {"start": 114, "end": 119, "rule_id": 4}, {"start": 47, "end": 51, "rule_id": 7}]</rules>
  </verse>
  <verse>
    <verseIdArabic>٣٠</verseIdArabic>
    <verseId>30</verseId>
    <chapterId>30</chapterId>
    <textIndopak>فَأَقِمۡ وَجۡهَكَ لِلدِّينِ حَنِيفٗاۚ فِطۡرَتَ ٱللَّهِ ٱلَّتِي فَطَرَ ٱلنَّاسَ عَلَيۡهَاۚ لَا تَبۡدِيلَ لِخَلۡقِ ٱللَّهِۚ ذَٰلِكَ ٱلدِّينُ ٱلۡقَيِّمُ وَلَٰكِنَّ أَكۡثَرَ ٱلنَّاسِ لَا يَعۡلَمُونَ</textIndopak>
    <translations>
      <translation>
        <author>King Fahad Quran Complex</author>
        <text>Maka hadapkanlah wajahmu dengan lurus kepada agama Allah; (tetaplah atas) fitrah Allah yang telah menciptakan manusia menurut fitrah itu. Tidak ada perubahan pada fitrah Allah. (Itulah) agama yang lurus, tetapi kebanyakan manusia tidak mengetahui ,</text>
      </translation>
    </translations>
    <rules>[{"start": 73, "end": 76, "rule_id": 0}, {"start": 160, "end": 163, "rule_id": 0}, {"start": 175, "end": 178, "rule_id": 0}, {"start": 11, "end": 13, "rule_id": 1}, {"start": 41, "end": 43, "rule_id": 1}, {"start": 98, "end": 100, "rule_id": 1}]</rules>
  </verse>
  <verse>
    <verseIdArabic>٣١</verseIdArabic>
    <verseId>31</verseId>
    <chapterId>30</chapterId>
    <textIndopak>۞ مُنِيبِينَ إِلَيۡهِ وَٱتَّقُوهُ وَأَقِيمُواْ ٱلصَّلَوٰةَ وَلَا تَكُونُواْ مِنَ ٱلۡمُشۡرِكِينَ</textIndopak>
    <translations>
      <translation>
        <author>King Fahad Quran Complex</author>
        <text>dengan kembali bertobat kepada-Nya dan bertakwalah kepada-Nya serta dirikanlah salat dan janganlah kamu termasuk orang-orang yang mempersekutukan Allah,</text>
      </translation>
    </translations>
  </verse>
  <verse>
    <verseIdArabic>٣٢</verseIdArabic>
    <verseId>32</verseId>
    <chapterId>30</chapterId>
    <textIndopak>مِنَ ٱلَّذِينَ فَرَّقُواْ دِينَهُمۡ وَكَانُواْ شِيَعٗاۖ كُلُّ حِزۡبِۭ بِمَا لَدَيۡهِمۡ فَرِحُونَ</textIndopak>
    <translations>
      <translation>
        <author>King Fahad Quran Complex</author>
        <text>yaitu orang-orang yang memecah-belah agama mereka dan mereka menjadi beberapa golongan. Tiap-tiap golongan merasa bangga dengan apa yang ada pada golongan mereka.</text>
      </translation>
    </translations>
    <rules>[{"start": 67, "end": 73, "rule_id": 2}]</rules>
  </verse>
  <verse>
    <verseIdArabic>٣٣</verseIdArabic>
    <verseId>33</verseId>
    <chapterId>30</chapterId>
    <textIndopak>وَإِذَا مَسَّ ٱلنَّاسَ ضُرّٞ دَعَوۡاْ رَبَّهُم مُّنِيبِينَ إِلَيۡهِ ثُمَّ إِذَآ أَذَاقَهُم مِّنۡهُ رَحۡمَةً إِذَا فَرِيقٞ مِّنۡهُم بِرَبِّهِمۡ يُشۡرِكُونَ</textIndopak>
    <translations>
      <translation>
        <author>King Fahad Quran Complex</author>
        <text>Dan apabila manusia disentuh oleh suatu bahaya, mereka menyeru Tuhan-nya dengan kembali bertobat kepada-Nya, kemudian apabila Tuhan merasakan kepada mereka barang sedikit rahmat daripada-Nya, tiba-tiba sebagian daripada mereka mempersekutukan Tuhan-nya,</text>
      </translation>
    </translations>
    <rules>[{"start": 16, "end": 19, "rule_id": 0}, {"start": 47, "end": 50, "rule_id": 0}, {"start": 70, "end": 73, "rule_id": 0}, {"start": 92, "end": 95, "rule_id": 0}, {"start": 123, "end": 126, "rule_id": 0}, {"start": 120, "end": 126, "rule_id": 3}, {"start": 45, "end": 50, "rule_id": 4}, {"start": 90, "end": 95, "rule_id": 4}, {"start": 25, "end": 31, "rule_id": 6}, {"start": 130, "end": 134, "rule_id": 7}]</rules>
  </verse>
  <verse>
    <verseIdArabic>٣٤</verseIdArabic>
    <verseId>34</verseId>
    <chapterId>30</chapterId>
    <textIndopak>لِيَكۡفُرُواْ بِمَآ ءَاتَيۡنَٰهُمۡۚ فَتَمَتَّعُواْ فَسَوۡفَ تَعۡلَمُونَ</textIndopak>
    <translations>
      <translation>
        <author>King Fahad Quran Complex</author>
        <text>sehingga mereka mengingkari akan rahmat yang telah Kami berikan kepada mereka. Maka bersenang-senanglah kamu sekalian, kelak kamu akan mengetahui (akibat perbuatanmu).</text>
      </translation>
    </translations>
  </verse>
  <verse>
    <verseIdArabic>٣٥</verseIdArabic>
    <verseId>35</verseId>
    <chapterId>30</chapterId>
    <textIndopak>أَمۡ أَنزَلۡنَا عَلَيۡهِمۡ سُلۡطَٰنٗا فَهُوَ يَتَكَلَّمُ بِمَا كَانُواْ بِهِۦ يُشۡرِكُونَ</textIndopak>
    <translations>
      <translation>
        <author>King Fahad Quran Complex</author>
        <text>Atau pernahkah Kami menurunkan kepada mereka keterangan, lalu keterangan itu menunjukkan (kebenaran) apa yang mereka selalu mempersekutukan dengan Tuhan?</text>
      </translation>
    </translations>
    <rules>[{"start": 7, "end": 10, "rule_id": 6}]</rules>
  </verse>
  <verse>
    <verseIdArabic>٣٦</verseIdArabic>
    <verseId>36</verseId>
    <chapterId>30</chapterId>
    <textIndopak>وَإِذَآ أَذَقۡنَا ٱلنَّاسَ رَحۡمَةٗ فَرِحُواْ بِهَاۖ وَإِن تُصِبۡهُمۡ سَيِّئَةُۢ بِمَا قَدَّمَتۡ أَيۡدِيهِمۡ إِذَا هُمۡ يَقۡنَطُونَ</textIndopak>
    <translations>
      <translation>
        <author>King Fahad Quran Complex</author>
        <text>Dan apabila Kami rasakan sesuatu rahmat kepada manusia, niscaya mereka gembira dengan rahmat itu. Dan apabila mereka ditimpa suatu musibah (bahaya) disebabkan kesalahan yang telah dikerjakan oleh tangan mereka sendiri, tiba-tiba mereka itu berputus asa.</text>
      </translation>
    </translations>
    <rules>[{"start": 21, "end": 24, "rule_id": 0}, {"start": 13, "end": 15, "rule_id": 1}, {"start": 65, "end": 67, "rule_id": 1}, {"start": 124, "end": 126, "rule_id": 1}, {"start": 79, "end": 85, "rule_id": 2}, {"start": 59, "end": 63, "rule_id": 6}, {"start": 34, "end": 39, "rule_id": 6}]</rules>
  </verse>
  <verse>
    <verseIdArabic>٣٧</verseIdArabic>
    <verseId>37</verseId>
    <chapterId>30</chapterId>
    <textIndopak>أَوَلَمۡ يَرَوۡاْ أَنَّ ٱللَّهَ يَبۡسُطُ ٱلرِّزۡقَ لِمَن يَشَآءُ وَيَقۡدِرُۚ إِنَّ فِي ذَٰلِكَ لَأٓيَٰتٖ لِّقَوۡمٖ يُؤۡمِنُونَ</textIndopak>
    <translations>
      <translation>
        <author>King Fahad Quran Complex</author>
        <text>Dan apakah mereka tidak memperhatikan bahwa sesungguhnya Allah melapangkan rezeki bagi siapa yang dikehendaki-Nya dan Dia (pula) yang menyempitkan (rezeki itu). Sesungguhnya pada yang demikian itu, benar-benar terdapat tanda-tanda (kekuasaan Allah) bagi kaum yang beriman.</text>
      </translation>
    </translations>
    <rules>[{"start": 20, "end": 23, "rule_id": 0}, {"start": 81, "end": 84, "rule_id": 0}, {"start": 34, "end": 36, "rule_id": 1}, {"start": 70, "end": 72, "rule_id": 1}, {"start": 55, "end": 59, "rule_id": 3}, {"start": 115, "end": 120, "rule_id": 3}, {"start": 105, "end": 111, "rule_id": 5}]</rules>
  </verse>
  <verse>
    <verseIdArabic>٣٨</verseIdArabic>
    <verseId>38</verseId>
    <chapterId>30</chapterId>
    <textIndopak>فَـَٔاتِ ذَا ٱلۡقُرۡبَىٰ حَقَّهُۥ وَٱلۡمِسۡكِينَ وَٱبۡنَ ٱلسَّبِيلِۚ ذَٰلِكَ خَيۡرٞ لِّلَّذِينَ يُرِيدُونَ وَجۡهَ ٱللَّهِۖ وَأُوْلَٰٓئِكَ هُمُ ٱلۡمُفۡلِحُونَ</textIndopak>
    <translations>
      <translation>
        <author>King Fahad Quran Complex</author>
        <text>Maka berikanlah kepada kerabat yang terdekat akan haknya, demikian (pula) kepada fakir miskin dan orang-orang yang dalam perjalanan . Itulah yang lebih baik bagi orang-orang yang mencari keridaan Allah dan mereka itulah orang-orang beruntung.</text>
      </translation>
    </translations>
    <rules>[{"start": 52, "end": 54, "rule_id": 1}, {"start": 110, "end": 112, "rule_id": 1}, {"start": 82, "end": 88, "rule_id": 5}]</rules>
  </verse>
  <verse>
    <verseIdArabic>٣٩</verseIdArabic>
    <verseId>39</verseId>
    <chapterId>30</chapterId>
    <textIndopak>وَمَآ ءَاتَيۡتُم مِّن رِّبٗا لِّيَرۡبُوَاْ فِيٓ أَمۡوَٰلِ ٱلنَّاسِ فَلَا يَرۡبُواْ عِندَ ٱللَّهِۖ وَمَآ ءَاتَيۡتُم مِّن زَكَوٰةٖ تُرِيدُونَ وَجۡهَ ٱللَّهِ فَأُوْلَٰٓئِكَ هُمُ ٱلۡمُضۡعِفُونَ</textIndopak>
    <translations>
      <translation>
        <author>King Fahad Quran Complex</author>
        <text>Dan sesuatu riba (tambahan) yang kamu berikan agar dia bertambah pada harta manusia, maka riba itu tidak menambah pada sisi Allah. Dan apa yang kamu berikan berupa zakat yang kamu maksudkan untuk mencapai keridaan Allah, maka (yang berbuat demikian) itulah orang-orang yang melipatgandakan (pahalanya).</text>
      </translation>
    </translations>
    <rules>[{"start": 18, "end": 21, "rule_id": 0}, {"start": 61, "end": 64, "rule_id": 0}, {"start": 118, "end": 121, "rule_id": 0}, {"start": 145, "end": 147, "rule_id": 1}, {"start": 16, "end": 21, "rule_id": 4}, {"start": 116, "end": 121, "rule_id": 4}, {"start": 21, "end": 26, "rule_id": 5}, {"start": 26, "end": 33, "rule_id": 5}, {"start": 86, "end": 89, "rule_id": 6}, {"start": 121, "end": 125, "rule_id": 6}, {"start": 129, "end": 134, "rule_id": 6}]</rules>
  </verse>
  <verse>
    <verseIdArabic>٤٠</verseIdArabic>
    <verseId>40</verseId>
    <chapterId>30</chapterId>
    <textIndopak>ٱللَّهُ ٱلَّذِي خَلَقَكُمۡ ثُمَّ رَزَقَكُمۡ ثُمَّ يُمِيتُكُمۡ ثُمَّ يُحۡيِيكُمۡۖ هَلۡ مِن شُرَكَآئِكُم مَّن يَفۡعَلُ مِن ذَٰلِكُم مِّن شَيۡءٖۚ سُبۡحَٰنَهُۥ وَتَعَٰلَىٰ عَمَّا يُشۡرِكُونَ</textIndopak>
    <translations>
      <translation>
        <author>King Fahad Quran Complex</author>
        <text>Allah-lah yang menciptakan kamu, kemudian memberimu rezeki, kemudian mematikanmu, kemudian menghidupkanmu (kembali). Adakah di antara yang kamu sekutukan dengan Allah itu yang dapat berbuat sesuatu dari yang demikian itu? Maha Sucilah Dia dan Maha Tinggi dari apa yang mereka persekutukan.</text>
      </translation>
    </translations>
    <rules>[{"start": 29, "end": 32, "rule_id": 0}, {"start": 46, "end": 49, "rule_id": 0}, {"start": 64, "end": 67, "rule_id": 0}, {"start": 105, "end": 108, "rule_id": 0}, {"start": 132, "end": 135, "rule_id": 0}, {"start": 173, "end": 176, "rule_id": 0}, {"start": 148, "end": 150, "rule_id": 1}, {"start": 108, "end": 112, "rule_id": 3}, {"start": 103, "end": 108, "rule_id": 4}, {"start": 130, "end": 135, "rule_id": 4}, {"start": 89, "end": 93, "rule_id": 6}, {"start": 121, "end": 126, "rule_id": 6}, {"start": 135, "end": 139, "rule_id": 6}]</rules>
  </verse>
  <verse>
    <verseIdArabic>٤١</verseIdArabic>
    <verseId>41</verseId>
    <chapterId>30</chapterId>
    <textIndopak>ظَهَرَ ٱلۡفَسَادُ فِي ٱلۡبَرِّ وَٱلۡبَحۡرِ بِمَا كَسَبَتۡ أَيۡدِي ٱلنَّاسِ لِيُذِيقَهُم بَعۡضَ ٱلَّذِي عَمِلُواْ لَعَلَّهُمۡ يَرۡجِعُونَ</textIndopak>
    <translations>
      <translation>
        <author>King Fahad Quran Complex</author>
        <text>Telah tampak kerusakan di darat dan di laut disebabkan karena perbuatan tangan manusia supaya Allah merasakan kepada mereka sebagian dari (akibat) perbuatan mereka agar mereka kembali (ke jalan yang benar).</text>
      </translation>
    </translations>
    <rules>[{"start": 68, "end": 71, "rule_id": 0}, {"start": 86, "end": 90, "rule_id": 7}]</rules>
  </verse>
  <verse>
    <verseIdArabic>٤٢</verseIdArabic>
    <verseId>42</verseId>
    <chapterId>30</chapterId>
    <textIndopak>قُلۡ سِيرُواْ فِي ٱلۡأَرۡضِ فَٱنظُرُواْ كَيۡفَ كَانَ عَٰقِبَةُ ٱلَّذِينَ مِن قَبۡلُۚ كَانَ أَكۡثَرُهُم مُّشۡرِكِينَ</textIndopak>
    <translations>
      <translation>
        <author>King Fahad Quran Complex</author>
        <text>Katakanlah, "Adakan perjalanan di muka bumi dan perhatikanlah bagaimana kesudahan orang-orang yang terdahulu. Kebanyakan dari mereka itu adalah orang-orang yang mempersekutukan (Allah)".</text>
      </translation>
    </translations>
    <rules>[{"start": 104, "end": 107, "rule_id": 0}, {"start": 79, "end": 81, "rule_id": 1}, {"start": 102, "end": 107, "rule_id": 4}, {"start": 31, "end": 34, "rule_id": 6}, {"start": 75, "end": 79, "rule_id": 6}]</rules>
  </verse>
  <verse>
    <verseIdArabic>٤٣</verseIdArabic>
    <verseId>43</verseId>
    <chapterId>30</chapterId>
    <textIndopak>فَأَقِمۡ وَجۡهَكَ لِلدِّينِ ٱلۡقَيِّمِ مِن قَبۡلِ أَن يَأۡتِيَ يَوۡمٞ لَّا مَرَدَّ لَهُۥ مِنَ ٱللَّهِۖ يَوۡمَئِذٖ يَصَّدَّعُونَ</textIndopak>
    <translations>
      <translation>
        <author>King Fahad Quran Complex</author>
        <text>Oleh karena itu, hadapkanlah wajahmu kepada agama yang lurus (Islam) sebelum datang dari Allah suatu hari yang tak dapat ditolak (kedatangannya), pada hari itu mereka terpisah-pisah .</text>
      </translation>
    </translations>
    <rules>[{"start": 11, "end": 13, "rule_id": 1}, {"start": 45, "end": 47, "rule_id": 1}, {"start": 52, "end": 56, "rule_id": 3}, {"start": 112, "end": 117, "rule_id": 3}, {"start": 67, "end": 73, "rule_id": 5}, {"start": 41, "end": 45, "rule_id": 6}]</rules>
  </verse>
  <verse>
    <verseIdArabic>٤٤</verseIdArabic>
    <verseId>44</verseId>
    <chapterId>30</chapterId>
    <textIndopak>مَن كَفَرَ فَعَلَيۡهِ كُفۡرُهُۥۖ وَمَنۡ عَمِلَ صَٰلِحٗا فَلِأَنفُسِهِمۡ يَمۡهَدُونَ</textIndopak>
    <translations>
      <translation>
        <author>King Fahad Quran Complex</author>
        <text>Barang siapa yang kafir maka dia sendirilah yang menanggung (akibat) kekafirannya itu; dan barang siapa yang beramal saleh maka untuk diri mereka sendirilah mereka menyiapkan (tempat yang menyenangkan),</text>
      </translation>
    </translations>
    <rules>[{"start": 2, "end": 6, "rule_id": 6}, {"start": 63, "end": 66, "rule_id": 6}]</rules>
  </verse>
  <verse>
    <verseIdArabic>٤٥</verseIdArabic>
    <verseId>45</verseId>
    <chapterId>30</chapterId>
    <textIndopak>لِيَجۡزِيَ ٱلَّذِينَ ءَامَنُواْ وَعَمِلُواْ ٱلصَّٰلِحَٰتِ مِن فَضۡلِهِۦٓۚ إِنَّهُۥ لَا يُحِبُّ ٱلۡكَٰفِرِينَ</textIndopak>
    <translations>
      <translation>
        <author>King Fahad Quran Complex</author>
        <text>agar Allah memberi pahala kepada orang-orang yang beriman dan beramal saleh dari karunia-Nya. Sesungguhnya Dia tidak menyukai orang-orang yang ingkar.</text>
      </translation>
    </translations>
    <rules>[{"start": 77, "end": 80, "rule_id": 0}, {"start": 4, "end": 6, "rule_id": 1}, {"start": 60, "end": 64, "rule_id": 6}]</rules>
  </verse>
  <verse>
    <verseIdArabic>٤٦</verseIdArabic>
    <verseId>46</verseId>
    <chapterId>30</chapterId>
    <textIndopak>وَمِنۡ ءَايَٰتِهِۦٓ أَن يُرۡسِلَ ٱلرِّيَاحَ مُبَشِّرَٰتٖ وَلِيُذِيقَكُم مِّن رَّحۡمَتِهِۦ وَلِتَجۡرِيَ ٱلۡفُلۡكُ بِأَمۡرِهِۦ وَلِتَبۡتَغُواْ مِن فَضۡلِهِۦ وَلَعَلَّكُمۡ تَشۡكُرُونَ</textIndopak>
    <translations>
      <translation>
        <author>King Fahad Quran Complex</author>
        <text>Dan di antara tanda-tanda kekuasan-Nya adalah bahwa Dia mengirimkan angin sebagai pembawa berita gembira , dan untuk merasakan kepadamu sebagian dari rahmat-Nya dan supaya kapal dapat berlayar dengan perintah-Nya , dan (juga) supaya kamu dapat mencari karunia-Nya; mudah-mudahan kamu bersyukur.</text>
      </translation>
    </translations>
    <rules>[{"start": 72, "end": 75, "rule_id": 0}, {"start": 96, "end": 98, "rule_id": 1}, {"start": 131, "end": 133, "rule_id": 1}, {"start": 22, "end": 26, "rule_id": 3}, {"start": 54, "end": 59, "rule_id": 3}, {"start": 70, "end": 75, "rule_id": 4}, {"start": 75, "end": 80, "rule_id": 5}, {"start": 143, "end": 147, "rule_id": 6}]</rules>
  </verse>
  <verse>
    <verseIdArabic>٤٧</verseIdArabic>
    <verseId>47</verseId>
    <chapterId>30</chapterId>
    <textIndopak>وَلَقَدۡ أَرۡسَلۡنَا مِن قَبۡلِكَ رُسُلًا إِلَىٰ قَوۡمِهِمۡ فَجَآءُوهُم بِٱلۡبَيِّنَٰتِ فَٱنتَقَمۡنَا مِنَ ٱلَّذِينَ أَجۡرَمُواْۖ وَكَانَ حَقًّا عَلَيۡنَا نَصۡرُ ٱلۡمُؤۡمِنِينَ</textIndopak>
    <translations>
      <translation>
        <author>King Fahad Quran Complex</author>
        <text>Dan Sesungguhnya Kami telah mengutus sebelum kamu beberapa orang rasul kepada kaumnya, mereka datang kepadanya dengan membawa keterangan-keterangan (yang cukup), lalu Kami melakukan pembalasan terhadap orang-orang yang berdosa . Dan Kami selalu berkewajiban menolong orang-orang yang beriman.</text>
      </translation>
    </translations>
    <rules>[{"start": 6, "end": 8, "rule_id": 1}, {"start": 27, "end": 29, "rule_id": 1}, {"start": 120, "end": 122, "rule_id": 1}, {"start": 23, "end": 27, "rule_id": 6}, {"start": 92, "end": 95, "rule_id": 6}, {"start": 71, "end": 75, "rule_id": 7}]</rules>
  </verse>
  <verse>
    <verseIdArabic>٤٨</verseIdArabic>
    <verseId>48</verseId>
    <chapterId>30</chapterId>
    <textIndopak>ٱللَّهُ ٱلَّذِي يُرۡسِلُ ٱلرِّيَٰحَ فَتُثِيرُ سَحَابٗا فَيَبۡسُطُهُۥ فِي ٱلسَّمَآءِ كَيۡفَ يَشَآءُ وَيَجۡعَلُهُۥ كِسَفٗا فَتَرَى ٱلۡوَدۡقَ يَخۡرُجُ مِنۡ خِلَٰلِهِۦۖ فَإِذَآ أَصَابَ بِهِۦ مَن يَشَآءُ مِنۡ عِبَادِهِۦٓ إِذَا هُمۡ يَسۡتَبۡشِرُونَ</textIndopak>
    <translations>
      <translation>
        <author>King Fahad Quran Complex</author>
        <text>Allah, Dia-lah yang mengirim angin, lalu angin itu menggerakkan awan dan Allah membentangkannya di langit menurut yang dikehendaki-Nya dan menjadikannya bergumpal-gumpal; lalu kamu lihat hujan keluar dari celah-celahnya, maka apabila hujan itu turun mengenai hamba-hamba-Nya yang dikehendaki-Nya, tiba-tiba mereka menjadi gembira.</text>
      </translation>
    </translations>
    <rules>[{"start": 59, "end": 61, "rule_id": 1}, {"start": 105, "end": 107, "rule_id": 1}, {"start": 136, "end": 138, "rule_id": 1}, {"start": 238, "end": 240, "rule_id": 1}, {"start": 193, "end": 197, "rule_id": 3}]</rules>
  </verse>
  <verse>
    <verseIdArabic>٤٩</verseIdArabic>
    <verseId>49</verseId>
    <chapterId>30</chapterId>
    <textIndopak>وَإِن كَانُواْ مِن قَبۡلِ أَن يُنَزَّلَ عَلَيۡهِم مِّن قَبۡلِهِۦ لَمُبۡلِسِينَ</textIndopak>
    <translations>
      <translation>
        <author>King Fahad Quran Complex</author>
        <text>Dan Sesungguhnya sebelum hujan diturunkan kepada mereka, mereka benar-benar telah berputus asa.</text>
      </translation>
    </translations>
    <rules>[{"start": 50, "end": 53, "rule_id": 0}, {"start": 21, "end": 23, "rule_id": 1}, {"start": 57, "end": 59, "rule_id": 1}, {"start": 69, "end": 71, "rule_id": 1}, {"start": 28, "end": 32, "rule_id": 3}, {"start": 48, "end": 53, "rule_id": 4}, {"start": 4, "end": 8, "rule_id": 6}, {"start": 17, "end": 21, "rule_id": 6}, {"start": 53, "end": 57, "rule_id": 6}]</rules>
  </verse>
  <verse>
    <verseIdArabic>٥٠</verseIdArabic>
    <verseId>50</verseId>
    <chapterId>30</chapterId>
    <textIndopak>فَٱنظُرۡ إِلَىٰٓ ءَاثَٰرِ رَحۡمَتِ ٱللَّهِ كَيۡفَ يُحۡيِ ٱلۡأَرۡضَ بَعۡدَ مَوۡتِهَآۚ إِنَّ ذَٰلِكَ لَمُحۡيِ ٱلۡمَوۡتَىٰۖ وَهُوَ عَلَىٰ كُلِّ شَيۡءٖ قَدِيرٞ</textIndopak>
    <translations>
      <translation>
        <author>King Fahad Quran Complex</author>
        <text>Maka perhatikanlah bekas-bekas rahmat Allah, bagaimana Allah menghidupkan bumi yang sudah mati. Sesungguhnya (Tuhan yang berkuasa seperti) demikian benar-benar (berkuasa) menghidupkan orang-orang yang telah mati. Dan Dia Maha Kuasa atas segala sesuatu.</text>
      </translation>
    </translations>
    <rules>[{"start": 89, "end": 92, "rule_id": 0}, {"start": 3, "end": 6, "rule_id": 6}, {"start": 148, "end": 153, "rule_id": 6}]</rules>
  </verse>
  <verse>
    <verseIdArabic>٥١</verseIdArabic>
    <verseId>51</verseId>
    <chapterId>30</chapterId>
    <textIndopak>وَلَئِنۡ أَرۡسَلۡنَا رِيحٗا فَرَأَوۡهُ مُصۡفَرّٗا لَّظَلُّواْ مِنۢ بَعۡدِهِۦ يَكۡفُرُونَ</textIndopak>
    <translations>
      <translation>
        <author>King Fahad Quran Complex</author>
        <text>Dan sungguh, jika Kami mengirimkan angin (kepada tumbuh-tumbuhan), lalu mereka melihat (tumbuh-tumbuhan itu) menjadi kuning (kering), benar-benar tetaplah mereka sesudah itu menjadi orang yang ingkar.</text>
      </translation>
    </translations>
    <rules>[{"start": 64, "end": 69, "rule_id": 2}, {"start": 45, "end": 53, "rule_id": 5}]</rules>
  </verse>
  <verse>
    <verseIdArabic>٥٢</verseIdArabic>
    <verseId>52</verseId>
    <chapterId>30</chapterId>
    <textIndopak>فَإِنَّكَ لَا تُسۡمِعُ ٱلۡمَوۡتَىٰ وَلَا تُسۡمِعُ ٱلصُّمَّ ٱلدُّعَآءَ إِذَا وَلَّوۡاْ مُدۡبِرِينَ</textIndopak>
    <translations>
      <translation>
        <author>King Fahad Quran Complex</author>
        <text>Maka Sesungguhnya, kamu tidak akan sanggup menjadikan orang-orang yang mati itu dapat mendengar dan menjadikan orang-orang yang tuli dapat mendengar seruan, apabila mereka itu berpaling membelakang .</text>
      </translation>
    </translations>
    <rules>[{"start": 4, "end": 7, "rule_id": 0}, {"start": 55, "end": 58, "rule_id": 0}, {"start": 89, "end": 91, "rule_id": 1}]</rules>
  </verse>
  <verse>
    <verseIdArabic>٥٣</verseIdArabic>
    <verseId>53</verseId>
    <chapterId>30</chapterId>
    <textIndopak>وَمَآ أَنتَ بِهَٰدِ ٱلۡعُمۡيِ عَن ضَلَٰلَتِهِمۡۖ إِن تُسۡمِعُ إِلَّا مَن يُؤۡمِنُ بِـَٔايَٰتِنَا فَهُم مُّسۡلِمُونَ</textIndopak>
    <translations>
      <translation>
        <author>King Fahad Quran Complex</author>
        <text>Dan kamu sekali-kali tidak akan dapat memberi petunjuk kepada orang-orang yang buta (mata hatinya) dari kesesatannya. Dan kamu tidak dapat memperdengarkan (petunjuk Tuhan), melainkan kepada orang-orang yang beriman dengan ayat-ayat Kami; mereka itulah orang-orang yang berserah diri (kepada Kami).</text>
      </translation>
    </translations>
    <rules>[{"start": 105, "end": 108, "rule_id": 0}, {"start": 73, "end": 77, "rule_id": 3}, {"start": 103, "end": 108, "rule_id": 4}, {"start": 9, "end": 12, "rule_id": 6}, {"start": 33, "end": 37, "rule_id": 6}, {"start": 53, "end": 57, "rule_id": 6}]</rules>
  </verse>
  <verse>
    <verseIdArabic>٥٤</verseIdArabic>
    <verseId>54</verseId>
    <chapterId>30</chapterId>
    <textIndopak>۞ ٱللَّهُ ٱلَّذِي خَلَقَكُم مِّن ضَعۡفٖ ثُمَّ جَعَلَ مِنۢ بَعۡدِ ضَعۡفٖ قُوَّةٗ ثُمَّ جَعَلَ مِنۢ بَعۡدِ قُوَّةٖ ضَعۡفٗا وَشَيۡبَةٗۚ يَخۡلُقُ مَا يَشَآءُۚ وَهُوَ ٱلۡعَلِيمُ ٱلۡقَدِيرُ</textIndopak>
    <translations>
      <translation>
        <author>King Fahad Quran Complex</author>
        <text>Allah, Dia-lah yang menciptakan kamu dari keadaan lemah, kemudian Dia menjadikan (kamu) sesudah keadaan lemah itu menjadi kuat, kemudian Dia menjadikan (kamu) sesudah kuat itu lemah (kembali) dan beruban. Dia menciptakan apa yang dikehendaki-Nya dan Dia-lah Yang Maha Mengetahui lagi Maha Kuasa.</text>
      </translation>
    </translations>
    <rules>[{"start": 28, "end": 31, "rule_id": 0}, {"start": 42, "end": 45, "rule_id": 0}, {"start": 82, "end": 85, "rule_id": 0}, {"start": 55, "end": 60, "rule_id": 2}, {"start": 95, "end": 100, "rule_id": 2}, {"start": 117, "end": 123, "rule_id": 3}, {"start": 26, "end": 31, "rule_id": 4}, {"start": 31, "end": 35, "rule_id": 6}, {"start": 37, "end": 42, "rule_id": 6}, {"start": 69, "end": 74, "rule_id": 6}, {"start": 77, "end": 82, "rule_id": 6}, {"start": 110, "end": 115, "rule_id": 6}]</rules>
  </verse>
  <verse>
    <verseIdArabic>٥٥</verseIdArabic>
    <verseId>55</verseId>
    <chapterId>30</chapterId>
    <textIndopak>وَيَوۡمَ تَقُومُ ٱلسَّاعَةُ يُقۡسِمُ ٱلۡمُجۡرِمُونَ مَا لَبِثُواْ غَيۡرَ سَاعَةٖۚ كَذَٰلِكَ كَانُواْ يُؤۡفَكُونَ</textIndopak>
    <translations>
      <translation>
        <author>King Fahad Quran Complex</author>
        <text>Dan pada hari terjadinya kiamat, bersumpahlah orang-orang yang berdosa, "Mereka tidak berdiam (dalam kubur), melainkan sesaat (saja)". Seperti demikianlah, mereka selalu dipalingkan (dari kebenaran) .</text>
      </translation>
    </translations>
    <rules>[{"start": 30, "end": 32, "rule_id": 1}, {"start": 42, "end": 44, "rule_id": 1}]</rules>
  </verse>
  <verse>
    <verseIdArabic>٥٦</verseIdArabic>
    <verseId>56</verseId>
    <chapterId>30</chapterId>
    <textIndopak>وَقَالَ ٱلَّذِينَ أُوتُواْ ٱلۡعِلۡمَ وَٱلۡإِيمَٰنَ لَقَدۡ لَبِثۡتُمۡ فِي كِتَٰبِ ٱللَّهِ إِلَىٰ يَوۡمِ ٱلۡبَعۡثِۖ فَهَٰذَا يَوۡمُ ٱلۡبَعۡثِ وَلَٰكِنَّكُمۡ كُنتُمۡ لَا تَعۡلَمُونَ</textIndopak>
    <translations>
      <translation>
        <author>King Fahad Quran Complex</author>
        <text>Dan berkata orang-orang yang diberi ilmu pengetahuan dan keimanan (kepada orang-orang yang kafir), "Sesungguhnya kamu telah berdiam (dalam kubur) menurut ketetapan Allah sampai hari berbangkit; maka inilah hari berbangkit itu, akan tetapi kamu selalu tidak meyakini(nya)".</text>
      </translation>
    </translations>
    <rules>[{"start": 148, "end": 151, "rule_id": 0}, {"start": 55, "end": 57, "rule_id": 1}, {"start": 158, "end": 161, "rule_id": 6}]</rules>
  </verse>
  <verse>
    <verseIdArabic>٥٧</verseIdArabic>
    <verseId>57</verseId>
    <chapterId>30</chapterId>
    <textIndopak>فَيَوۡمَئِذٖ لَّا يَنفَعُ ٱلَّذِينَ ظَلَمُواْ مَعۡذِرَتُهُمۡ وَلَا هُمۡ يُسۡتَعۡتَبُونَ</textIndopak>
    <translations>
      <translation>
        <author>King Fahad Quran Complex</author>
        <text>Maka pada hari itu, tidak bermanfaat (lagi) bagi orang-orang yang zalim permintaan uzur mereka dan tidak pula mereka diberi kesempatan bertobat lagi.</text>
      </translation>
    </translations>
    <rules>[{"start": 10, "end": 16, "rule_id": 5}, {"start": 20, "end": 23, "rule_id": 6}]</rules>
  </verse>
  <verse>
    <verseIdArabic>٥٨</verseIdArabic>
    <verseId>58</verseId>
    <chapterId>30</chapterId>
    <textIndopak>وَلَقَدۡ ضَرَبۡنَا لِلنَّاسِ فِي هَٰذَا ٱلۡقُرۡءَانِ مِن كُلِّ مَثَلٖۚ وَلَئِن جِئۡتَهُم بِـَٔايَةٖ لَّيَقُولَنَّ ٱلَّذِينَ كَفَرُوٓاْ إِنۡ أَنتُمۡ إِلَّا مُبۡطِلُونَ</textIndopak>
    <translations>
      <translation>
        <author>King Fahad Quran Complex</author>
        <text>Dan Sesungguhnya telah Kami buat dalam Al-Qur`ān ini segala macam perumpamaan untuk manusia. Dan Sesungguhnya jika kamu membawa kepada mereka suatu ayat, pastilah orang-orang yang kafir itu akan berkata, "Kamu tidak lain hanyalah orang-orang yang membuat kepalsuan belaka".</text>
      </translation>
    </translations>
    <rules>[{"start": 22, "end": 25, "rule_id": 0}, {"start": 111, "end": 114, "rule_id": 0}, {"start": 6, "end": 8, "rule_id": 1}, {"start": 13, "end": 15, "rule_id": 1}, {"start": 158, "end": 160, "rule_id": 1}, {"start": 98, "end": 104, "rule_id": 5}, {"start": 55, "end": 59, "rule_id": 6}, {"start": 78, "end": 82, "rule_id": 6}, {"start": 143, "end": 146, "rule_id": 6}, {"start": 88, "end": 92, "rule_id": 7}]</rules>
  </verse>
  <verse>
    <verseIdArabic>٥٩</verseIdArabic>
    <verseId>59</verseId>
    <chapterId>30</chapterId>
    <textIndopak>كَذَٰلِكَ يَطۡبَعُ ٱللَّهُ عَلَىٰ قُلُوبِ ٱلَّذِينَ لَا يَعۡلَمُونَ</textIndopak>
    <translations>
      <translation>
        <author>King Fahad Quran Complex</author>
        <text>Demikianlah, Allah mengunci mati hati orang-orang yang tidak (mau) memahami.</text>
      </translation>
    </translations>
    <rules>[{"start": 12, "end": 14, "rule_id": 1}]</rules>
  </verse>
  <verse>
    <verseIdArabic>٦٠</verseIdArabic>
    <verseId>60</verseId>
    <chapterId>30</chapterId>
    <textIndopak>فَٱصۡبِرۡ إِنَّ وَعۡدَ ٱللَّهِ حَقّٞۖ وَلَا يَسۡتَخِفَّنَّكَ ٱلَّذِينَ لَا يُوقِنُونَ</textIndopak>
    <translations>
      <translation>
        <author>King Fahad Quran Complex</author>
        <text>Dan bersabarlah kamu, sesungguhnya janji Allah adalah benar dan sekali-kali janganlah orang-orang yang tidak meyakini (kebenaran ayat-ayat Allah) itu menggelisahkan kamu.</text>
      </translation>
    </translations>
    <rules>[{"start": 12, "end": 15, "rule_id": 0}, {"start": 56, "end": 59, "rule_id": 0}, {"start": 33, "end": 41, "rule_id": 3}]</rules>
  </verse>
</verses>
