<?xml version="1.0" encoding="UTF-8"?>

<verses>
  <verse>
    <verseIdArabic>١</verseIdArabic>
    <verseId>1</verseId>
    <chapterId>31</chapterId>
    <textIndopak>الٓمٓ</textIndopak>
    <translations>
      <translation>
        <author>King Fahad Quran Complex</author>
        <text>Alif Lām Mīm</text>
      </translation>
    </translations>
  </verse>
  <verse>
    <verseIdArabic>٢</verseIdArabic>
    <verseId>2</verseId>
    <chapterId>31</chapterId>
    <textIndopak>تِلۡكَ ءَايَٰتُ ٱلۡكِتَٰبِ ٱلۡحَكِيمِ</textIndopak>
    <translations>
      <translation>
        <author>King Fahad Quran Complex</author>
        <text>Inilah ayat-ayat Al-Qur`ān yang mengandung hikmat,</text>
      </translation>
    </translations>
  </verse>
  <verse>
    <verseIdArabic>٣</verseIdArabic>
    <verseId>3</verseId>
    <chapterId>31</chapterId>
    <textIndopak>هُدٗى وَرَحۡمَةٗ لِّلۡمُحۡسِنِينَ</textIndopak>
    <translations>
      <translation>
        <author>King Fahad Quran Complex</author>
        <text>menjadi petunjuk dan rahmat bagi orang-orang yang berbuat kebaikan.</text>
      </translation>
    </translations>
    <rules>[{"start": 14, "end": 20, "rule_id": 5}]</rules>
  </verse>
  <verse>
    <verseIdArabic>٤</verseIdArabic>
    <verseId>4</verseId>
    <chapterId>31</chapterId>
    <textIndopak>ٱلَّذِينَ يُقِيمُونَ ٱلصَّلَوٰةَ وَيُؤۡتُونَ ٱلزَّكَوٰةَ وَهُم بِٱلۡأٓخِرَةِ هُمۡ يُوقِنُونَ</textIndopak>
    <translations>
      <translation>
        <author>King Fahad Quran Complex</author>
        <text>(yaitu) orang-orang yang mendirikan salat, menunaikan zakat, dan mereka yakin akan adanya negeri akhirat.</text>
      </translation>
    </translations>
    <rules>[{"start": 61, "end": 65, "rule_id": 7}]</rules>
  </verse>
  <verse>
    <verseIdArabic>٥</verseIdArabic>
    <verseId>5</verseId>
    <chapterId>31</chapterId>
    <textIndopak>أُوْلَٰٓئِكَ عَلَىٰ هُدٗى مِّن رَّبِّهِمۡۖ وَأُوْلَٰٓئِكَ هُمُ ٱلۡمُفۡلِحُونَ</textIndopak>
    <translations>
      <translation>
        <author>King Fahad Quran Complex</author>
        <text>Mereka itulah orang-orang yang tetap mendapat petunjuk dari Tuhan-nya dan mereka itulah orang-orang yang beruntung.</text>
      </translation>
    </translations>
    <rules>[{"start": 26, "end": 29, "rule_id": 0}, {"start": 29, "end": 34, "rule_id": 5}]</rules>
  </verse>
  <verse>
    <verseIdArabic>٦</verseIdArabic>
    <verseId>6</verseId>
    <chapterId>31</chapterId>
    <textIndopak>وَمِنَ ٱلنَّاسِ مَن يَشۡتَرِي لَهۡوَ ٱلۡحَدِيثِ لِيُضِلَّ عَن سَبِيلِ ٱللَّهِ بِغَيۡرِ عِلۡمٖ وَيَتَّخِذَهَا هُزُوًاۚ أُوْلَٰٓئِكَ لَهُمۡ عَذَابٞ مُّهِينٞ</textIndopak>
    <translations>
      <translation>
        <author>King Fahad Quran Complex</author>
        <text>Dan di antara manusia (ada) orang yang mempergunakan perkataan yang tidak berguna untuk menyesatkan (manusia) dari jalan Allah tanpa pengetahuan dan menjadikan jalan Allah itu olok-olokan. Mereka itu akan memperoleh azab yang menghinakan.</text>
      </translation>
    </translations>
    <rules>[{"start": 9, "end": 12, "rule_id": 0}, {"start": 147, "end": 150, "rule_id": 0}, {"start": 18, "end": 22, "rule_id": 3}, {"start": 91, "end": 96, "rule_id": 3}, {"start": 144, "end": 150, "rule_id": 3}, {"start": 60, "end": 64, "rule_id": 6}]</rules>
  </verse>
  <verse>
    <verseIdArabic>٧</verseIdArabic>
    <verseId>7</verseId>
    <chapterId>31</chapterId>
    <textIndopak>وَإِذَا تُتۡلَىٰ عَلَيۡهِ ءَايَٰتُنَا وَلَّىٰ مُسۡتَكۡبِرٗا كَأَن لَّمۡ يَسۡمَعۡهَا كَأَنَّ فِيٓ أُذُنَيۡهِ وَقۡرٗاۖ فَبَشِّرۡهُ بِعَذَابٍ أَلِيمٍ</textIndopak>
    <translations>
      <translation>
        <author>King Fahad Quran Complex</author>
        <text>Dan apabila dibacakan kepadanya ayat-ayat Kami, dia berpaling dengan menyombongkan diri seolah-olah dia belum mendengarnya, seakan-akan ada sumbat di kedua telinganya; maka beri kabar gembiralah dia dengan azab yang pedih.</text>
      </translation>
    </translations>
    <rules>[{"start": 88, "end": 91, "rule_id": 0}, {"start": 110, "end": 112, "rule_id": 1}, {"start": 64, "end": 69, "rule_id": 5}]</rules>
  </verse>
  <verse>
    <verseIdArabic>٨</verseIdArabic>
    <verseId>8</verseId>
    <chapterId>31</chapterId>
    <textIndopak>إِنَّ ٱلَّذِينَ ءَامَنُواْ وَعَمِلُواْ ٱلصَّٰلِحَٰتِ لَهُمۡ جَنَّٰتُ ٱلنَّعِيمِ</textIndopak>
    <translations>
      <translation>
        <author>King Fahad Quran Complex</author>
        <text>Sesungguhnya orang-orang yang beriman dan mengerjakan amal-amal saleh bagi mereka surga-surga yang penuh kenikmatan,</text>
      </translation>
    </translations>
    <rules>[{"start": 2, "end": 5, "rule_id": 0}, {"start": 62, "end": 66, "rule_id": 0}, {"start": 71, "end": 74, "rule_id": 0}]</rules>
  </verse>
  <verse>
    <verseIdArabic>٩</verseIdArabic>
    <verseId>9</verseId>
    <chapterId>31</chapterId>
    <textIndopak>خَٰلِدِينَ فِيهَاۖ وَعۡدَ ٱللَّهِ حَقّٗاۚ وَهُوَ ٱلۡعَزِيزُ ٱلۡحَكِيمُ</textIndopak>
    <translations>
      <translation>
        <author>King Fahad Quran Complex</author>
        <text>Kekal mereka di dalamnya; sebagai janji Allah yang benar. Dan Dia-lah Yang Maha Perkasa lagi Maha Bijaksana.</text>
      </translation>
    </translations>
  </verse>
  <verse>
    <verseIdArabic>١٠</verseIdArabic>
    <verseId>10</verseId>
    <chapterId>31</chapterId>
    <textIndopak>خَلَقَ ٱلسَّمَٰوَٰتِ بِغَيۡرِ عَمَدٖ تَرَوۡنَهَاۖ وَأَلۡقَىٰ فِي ٱلۡأَرۡضِ رَوَٰسِيَ أَن تَمِيدَ بِكُمۡ وَبَثَّ فِيهَا مِن كُلِّ دَآبَّةٖۚ وَأَنزَلۡنَا مِنَ ٱلسَّمَآءِ مَآءٗ فَأَنۢبَتۡنَا فِيهَا مِن كُلِّ زَوۡجٖ كَرِيمٍ</textIndopak>
    <translations>
      <translation>
        <author>King Fahad Quran Complex</author>
        <text>Dia menciptakan langit tanpa tiang yang kamu melihatnya, dan Dia meletakkan gunung-gunung (di permukaan) bumi supaya bumi itu tidak menggoyangkan kamu, dan memperkembangbiakkan padanya segala macam jenis binatang. Dan Kami turunkan air hujan dari langit, lalu Kami tumbuhkan padanya segala macam tumbuh-tumbuhan yang baik.</text>
      </translation>
    </translations>
    <rules>[{"start": 183, "end": 187, "rule_id": 2}, {"start": 88, "end": 92, "rule_id": 6}, {"start": 122, "end": 126, "rule_id": 6}, {"start": 146, "end": 149, "rule_id": 6}, {"start": 202, "end": 206, "rule_id": 6}, {"start": 34, "end": 39, "rule_id": 6}, {"start": 176, "end": 181, "rule_id": 6}, {"start": 214, "end": 219, "rule_id": 6}]</rules>
  </verse>
  <verse>
    <verseIdArabic>١١</verseIdArabic>
    <verseId>11</verseId>
    <chapterId>31</chapterId>
    <textIndopak>هَٰذَا خَلۡقُ ٱللَّهِ فَأَرُونِي مَاذَا خَلَقَ ٱلَّذِينَ مِن دُونِهِۦۚ بَلِ ٱلظَّٰلِمُونَ فِي ضَلَٰلٖ مُّبِينٖ</textIndopak>
    <translations>
      <translation>
        <author>King Fahad Quran Complex</author>
        <text>Inilah ciptaan Allah, maka perlihatkanlah olehmu kepadaku apa yang telah diciptakan oleh sembahan-sembahan(mu) selain Allah. Sebenarnya, orang-orang yang zalim itu berada di dalam kesesatan yang nyata.</text>
      </translation>
    </translations>
    <rules>[{"start": 103, "end": 106, "rule_id": 0}, {"start": 100, "end": 106, "rule_id": 3}, {"start": 59, "end": 63, "rule_id": 6}]</rules>
  </verse>
  <verse>
    <verseIdArabic>١٢</verseIdArabic>
    <verseId>12</verseId>
    <chapterId>31</chapterId>
    <textIndopak>وَلَقَدۡ ءَاتَيۡنَا لُقۡمَٰنَ ٱلۡحِكۡمَةَ أَنِ ٱشۡكُرۡ لِلَّهِۚ وَمَن يَشۡكُرۡ فَإِنَّمَا يَشۡكُرُ لِنَفۡسِهِۦۖ وَمَن كَفَرَ فَإِنَّ ٱللَّهَ غَنِيٌّ حَمِيدٞ</textIndopak>
    <translations>
      <translation>
        <author>King Fahad Quran Complex</author>
        <text>Dan sesungguhnya telah Kami berikan hikmat kepada Luqmān, yaitu, "Bersyukurlah kepada Allah. Dan barang siapa yang bersyukur (kepada Allah), maka sesungguhnya ia bersyukur untuk dirinya sendiri dan barang siapa yang tidak bersyukur, maka sesungguhnya Allah Maha Kaya lagi Maha Terpuji".</text>
      </translation>
    </translations>
    <rules>[{"start": 84, "end": 87, "rule_id": 0}, {"start": 131, "end": 134, "rule_id": 0}, {"start": 6, "end": 8, "rule_id": 1}, {"start": 22, "end": 24, "rule_id": 1}, {"start": 156, "end": 158, "rule_id": 1}, {"start": 69, "end": 73, "rule_id": 3}, {"start": 118, "end": 122, "rule_id": 6}]</rules>
  </verse>
  <verse>
    <verseIdArabic>١٣</verseIdArabic>
    <verseId>13</verseId>
    <chapterId>31</chapterId>
    <textIndopak>وَإِذۡ قَالَ لُقۡمَٰنُ لِٱبۡنِهِۦ وَهُوَ يَعِظُهُۥ يَٰبُنَيَّ لَا تُشۡرِكۡ بِٱللَّهِۖ إِنَّ ٱلشِّرۡكَ لَظُلۡمٌ عَظِيمٞ</textIndopak>
    <translations>
      <translation>
        <author>King Fahad Quran Complex</author>
        <text>Dan (ingatlah) ketika Luqmān berkata kepada anaknya pada waktu ia memberi pelajaran kepadanya, "Hai anakku, janganlah kamu mempersekutukan Allah, sesungguhnya mempersekutukan (Allah) adalah benar-benar kezaliman yang besar".</text>
      </translation>
    </translations>
    <rules>[{"start": 89, "end": 92, "rule_id": 0}, {"start": 15, "end": 17, "rule_id": 1}, {"start": 26, "end": 28, "rule_id": 1}]</rules>
  </verse>
  <verse>
    <verseIdArabic>١٤</verseIdArabic>
    <verseId>14</verseId>
    <chapterId>31</chapterId>
    <textIndopak>وَوَصَّيۡنَا ٱلۡإِنسَٰنَ بِوَٰلِدَيۡهِ حَمَلَتۡهُ أُمُّهُۥ وَهۡنًا عَلَىٰ وَهۡنٖ وَفِصَٰلُهُۥ فِي عَامَيۡنِ أَنِ ٱشۡكُرۡ لِي وَلِوَٰلِدَيۡكَ إِلَيَّ ٱلۡمَصِيرُ</textIndopak>
    <translations>
      <translation>
        <author>King Fahad Quran Complex</author>
        <text>Dan Kami perintahkan kepada manusia (berbuat baik) kepada dua orang ibu-bapanya; ibunya telah mengandungnya dalam keadaan lemah yang bertambah-tambah dan menyapihnya dalam dua tahun . Bersyukurlah kepada-Ku dan kepada dua orang ibu bapakmu, hanya kepada-Kulah kembalimu.</text>
      </translation>
    </translations>
    <rules>[{"start": 52, "end": 55, "rule_id": 0}, {"start": 78, "end": 83, "rule_id": 3}, {"start": 18, "end": 22, "rule_id": 6}]</rules>
  </verse>
  <verse>
    <verseIdArabic>١٥</verseIdArabic>
    <verseId>15</verseId>
    <chapterId>31</chapterId>
    <textIndopak>وَإِن جَٰهَدَاكَ عَلَىٰٓ أَن تُشۡرِكَ بِي مَا لَيۡسَ لَكَ بِهِۦ عِلۡمٞ فَلَا تُطِعۡهُمَاۖ وَصَاحِبۡهُمَا فِي ٱلدُّنۡيَا مَعۡرُوفٗاۖ وَٱتَّبِعۡ سَبِيلَ مَنۡ أَنَابَ إِلَيَّۚ ثُمَّ إِلَيَّ مَرۡجِعُكُمۡ فَأُنَبِّئُكُم بِمَا كُنتُمۡ تَعۡمَلُونَ</textIndopak>
    <translations>
      <translation>
        <author>King Fahad Quran Complex</author>
        <text>Dan jika keduanya memaksamu untuk mempersekutukan dengan Aku sesuatu yang tidak ada pengetahuanmu tentang itu, maka janganlah kamu mengikuti keduanya dan pergaulilah keduanya dengan baik dan ikutilah jalan orang yang kembali kepada-Ku, kemudian hanya kepada-Kulah kembalimu, maka Kuberitakan kepadamu apa yang telah kamu kerjakan.</text>
      </translation>
    </translations>
    <rules>[{"start": 178, "end": 181, "rule_id": 0}, {"start": 98, "end": 100, "rule_id": 1}, {"start": 128, "end": 136, "rule_id": 3}, {"start": 4, "end": 9, "rule_id": 6}, {"start": 27, "end": 31, "rule_id": 6}, {"start": 226, "end": 229, "rule_id": 6}, {"start": 68, "end": 73, "rule_id": 6}, {"start": 216, "end": 220, "rule_id": 7}]</rules>
  </verse>
  <verse>
    <verseIdArabic>١٦</verseIdArabic>
    <verseId>16</verseId>
    <chapterId>31</chapterId>
    <textIndopak>يَٰبُنَيَّ إِنَّهَآ إِن تَكُ مِثۡقَالَ حَبَّةٖ مِّنۡ خَرۡدَلٖ فَتَكُن فِي صَخۡرَةٍ أَوۡ فِي ٱلسَّمَٰوَٰتِ أَوۡ فِي ٱلۡأَرۡضِ يَأۡتِ بِهَا ٱللَّهُۚ إِنَّ ٱللَّهَ لَطِيفٌ خَبِيرٞ</textIndopak>
    <translations>
      <translation>
        <author>King Fahad Quran Complex</author>
        <text>(Luqmān berkata), "Hai anakku, sesungguhnya jika ada (sesuatu perbuatan) seberat biji sawi dan berada dalam batu atau di langit atau di dalam bumi, niscaya Allah akan mendatangkannya (membalasinya). Sesungguhnya Allah Maha Halus lagi Maha Mengetahui.</text>
      </translation>
    </translations>
    <rules>[{"start": 13, "end": 16, "rule_id": 0}, {"start": 48, "end": 51, "rule_id": 0}, {"start": 151, "end": 154, "rule_id": 0}, {"start": 45, "end": 51, "rule_id": 3}, {"start": 23, "end": 27, "rule_id": 6}, {"start": 69, "end": 73, "rule_id": 6}, {"start": 60, "end": 65, "rule_id": 6}]</rules>
  </verse>
  <verse>
    <verseIdArabic>١٧</verseIdArabic>
    <verseId>17</verseId>
    <chapterId>31</chapterId>
    <textIndopak>يَٰبُنَيَّ أَقِمِ ٱلصَّلَوٰةَ وَأۡمُرۡ بِٱلۡمَعۡرُوفِ وَٱنۡهَ عَنِ ٱلۡمُنكَرِ وَٱصۡبِرۡ عَلَىٰ مَآ أَصَابَكَۖ إِنَّ ذَٰلِكَ مِنۡ عَزۡمِ ٱلۡأُمُورِ</textIndopak>
    <translations>
      <translation>
        <author>King Fahad Quran Complex</author>
        <text>Hai anakku, dirikanlah salat dan suruhlah (manusia) mengerjakan yang baik dan cegahlah (mereka) dari perbuatan yang mungkar dan bersabarlah terhadap apa yang menimpa kamu. Sesungguhnya yang demikian itu termasuk hal-hal yang diwajibkan (oleh Allah).</text>
      </translation>
    </translations>
    <rules>[{"start": 114, "end": 117, "rule_id": 0}, {"start": 72, "end": 75, "rule_id": 6}]</rules>
  </verse>
  <verse>
    <verseIdArabic>١٨</verseIdArabic>
    <verseId>18</verseId>
    <chapterId>31</chapterId>
    <textIndopak>وَلَا تُصَعِّرۡ خَدَّكَ لِلنَّاسِ وَلَا تَمۡشِ فِي ٱلۡأَرۡضِ مَرَحًاۖ إِنَّ ٱللَّهَ لَا يُحِبُّ كُلَّ مُخۡتَالٖ فَخُورٖ</textIndopak>
    <translations>
      <translation>
        <author>King Fahad Quran Complex</author>
        <text>Dan janganlah kamu memalingkan mukamu dari manusia (karena sombong) dan janganlah kamu berjalan di muka bumi dengan angkuh. Sesungguhnya Allah tidak menyukai orang-orang yang sombong lagi membanggakan diri.</text>
      </translation>
    </translations>
    <rules>[{"start": 27, "end": 30, "rule_id": 0}, {"start": 73, "end": 76, "rule_id": 0}, {"start": 110, "end": 115, "rule_id": 6}]</rules>
  </verse>
  <verse>
    <verseIdArabic>١٩</verseIdArabic>
    <verseId>19</verseId>
    <chapterId>31</chapterId>
    <textIndopak>وَٱقۡصِدۡ فِي مَشۡيِكَ وَٱغۡضُضۡ مِن صَوۡتِكَۚ إِنَّ أَنكَرَ ٱلۡأَصۡوَٰتِ لَصَوۡتُ ٱلۡحَمِيرِ</textIndopak>
    <translations>
      <translation>
        <author>King Fahad Quran Complex</author>
        <text>Dan sederhanalah kamu dalam berjalan dan lunakkanlah suaramu. Sesungguhnya seburuk-buruk suara ialah suara keledai.</text>
      </translation>
    </translations>
    <rules>[{"start": 50, "end": 53, "rule_id": 0}, {"start": 3, "end": 5, "rule_id": 1}, {"start": 7, "end": 9, "rule_id": 1}, {"start": 35, "end": 39, "rule_id": 6}, {"start": 56, "end": 59, "rule_id": 6}]</rules>
  </verse>
  <verse>
    <verseIdArabic>٢٠</verseIdArabic>
    <verseId>20</verseId>
    <chapterId>31</chapterId>
    <textIndopak>أَلَمۡ تَرَوۡاْ أَنَّ ٱللَّهَ سَخَّرَ لَكُم مَّا فِي ٱلسَّمَٰوَٰتِ وَمَا فِي ٱلۡأَرۡضِ وَأَسۡبَغَ عَلَيۡكُمۡ نِعَمَهُۥ ظَٰهِرَةٗ وَبَاطِنَةٗۗ وَمِنَ ٱلنَّاسِ مَن يُجَٰدِلُ فِي ٱللَّهِ بِغَيۡرِ عِلۡمٖ وَلَا هُدٗى وَلَا كِتَٰبٖ مُّنِيرٖ</textIndopak>
    <translations>
      <translation>
        <author>King Fahad Quran Complex</author>
        <text>Tidakkah kamu perhatikan sesungguhnya Allah telah menundukkan untuk (kepentingan)mu apa yang di langit dan apa yang di bumi dan menyempurnakan untukmu nikmat-Nya lahir dan batin. Dan di antara manusia, ada yang membantah tentang (keesaan) Allah tanpa ilmu pengetahuan atau petunjuk dan tanpa Kitab yang memberi penerangan.</text>
      </translation>
    </translations>
    <rules>[{"start": 18, "end": 21, "rule_id": 0}, {"start": 44, "end": 47, "rule_id": 0}, {"start": 152, "end": 155, "rule_id": 0}, {"start": 227, "end": 230, "rule_id": 0}, {"start": 161, "end": 165, "rule_id": 3}, {"start": 126, "end": 131, "rule_id": 3}, {"start": 198, "end": 203, "rule_id": 3}, {"start": 224, "end": 230, "rule_id": 3}, {"start": 42, "end": 47, "rule_id": 4}]</rules>
  </verse>
  <verse>
    <verseIdArabic>٢١</verseIdArabic>
    <verseId>21</verseId>
    <chapterId>31</chapterId>
    <textIndopak>وَإِذَا قِيلَ لَهُمُ ٱتَّبِعُواْ مَآ أَنزَلَ ٱللَّهُ قَالُواْ بَلۡ نَتَّبِعُ مَا وَجَدۡنَا عَلَيۡهِ ءَابَآءَنَآۚ أَوَلَوۡ كَانَ ٱلشَّيۡطَٰنُ يَدۡعُوهُمۡ إِلَىٰ عَذَابِ ٱلسَّعِيرِ</textIndopak>
    <translations>
      <translation>
        <author>King Fahad Quran Complex</author>
        <text>Dan apabila dikatakan kepada mereka, "Ikutilah apa yang diturunkan Allah". Mereka menjawab, "(Tidak), tapi kami (hanya) mengikuti apa yang kami dapati bapak-bapak kami mengerjakannya". Dan apakah mereka (akan mengikuti bapak-bapak mereka), walaupun setan itu menyeru mereka ke dalam siksa api yang menyala-nyala (neraka)?</text>
      </translation>
    </translations>
    <rules>[{"start": 86, "end": 88, "rule_id": 1}, {"start": 147, "end": 149, "rule_id": 1}, {"start": 40, "end": 43, "rule_id": 6}]</rules>
  </verse>
  <verse>
    <verseIdArabic>٢٢</verseIdArabic>
    <verseId>22</verseId>
    <chapterId>31</chapterId>
    <textIndopak>۞ وَمَن يُسۡلِمۡ وَجۡهَهُۥٓ إِلَى ٱللَّهِ وَهُوَ مُحۡسِنٞ فَقَدِ ٱسۡتَمۡسَكَ بِٱلۡعُرۡوَةِ ٱلۡوُثۡقَىٰۗ وَإِلَى ٱللَّهِ عَٰقِبَةُ ٱلۡأُمُورِ</textIndopak>
    <translations>
      <translation>
        <author>King Fahad Quran Complex</author>
        <text>Dan barang siapa yang menyerahkan dirinya kepada Allah, sedang dia orang yang berbuat kebaikan, maka sesungguhnya ia telah berpegang kepada buhul tali yang kokoh. Dan hanya kepada Allah-lah kesudahan segala urusan.</text>
      </translation>
    </translations>
    <rules>[{"start": 19, "end": 21, "rule_id": 1}, {"start": 6, "end": 10, "rule_id": 3}, {"start": 55, "end": 60, "rule_id": 6}]</rules>
  </verse>
  <verse>
    <verseIdArabic>٢٣</verseIdArabic>
    <verseId>23</verseId>
    <chapterId>31</chapterId>
    <textIndopak>وَمَن كَفَرَ فَلَا يَحۡزُنكَ كُفۡرُهُۥٓۚ إِلَيۡنَا مَرۡجِعُهُمۡ فَنُنَبِّئُهُم بِمَا عَمِلُوٓاْۚ إِنَّ ٱللَّهَ عَلِيمُۢ بِذَاتِ ٱلصُّدُورِ</textIndopak>
    <translations>
      <translation>
        <author>King Fahad Quran Complex</author>
        <text>Dan barang siapa kafir, maka kekafirannya itu janganlah menyedihkanmu. Hanya kepada Kami-lah mereka kembali, lalu Kami beritakan kepada mereka apa yang telah mereka kerjakan. Sesungguhnya Allah Maha Mengetahui segala isi hati.</text>
      </translation>
    </translations>
    <rules>[{"start": 101, "end": 104, "rule_id": 0}, {"start": 118, "end": 124, "rule_id": 2}, {"start": 4, "end": 8, "rule_id": 6}, {"start": 25, "end": 28, "rule_id": 6}, {"start": 78, "end": 82, "rule_id": 7}]</rules>
  </verse>
  <verse>
    <verseIdArabic>٢٤</verseIdArabic>
    <verseId>24</verseId>
    <chapterId>31</chapterId>
    <textIndopak>نُمَتِّعُهُمۡ قَلِيلٗا ثُمَّ نَضۡطَرُّهُمۡ إِلَىٰ عَذَابٍ غَلِيظٖ</textIndopak>
    <translations>
      <translation>
        <author>King Fahad Quran Complex</author>
        <text>Kami biarkan mereka bersenang-senang sebentar, kemudian Kami paksa mereka (masuk) ke dalam siksa yang keras.</text>
      </translation>
    </translations>
    <rules>[{"start": 25, "end": 28, "rule_id": 0}]</rules>
  </verse>
  <verse>
    <verseIdArabic>٢٥</verseIdArabic>
    <verseId>25</verseId>
    <chapterId>31</chapterId>
    <textIndopak>وَلَئِن سَأَلۡتَهُم مَّنۡ خَلَقَ ٱلسَّمَٰوَٰتِ وَٱلۡأَرۡضَ لَيَقُولُنَّ ٱللَّهُۚ قُلِ ٱلۡحَمۡدُ لِلَّهِۚ بَلۡ أَكۡثَرُهُمۡ لَا يَعۡلَمُونَ</textIndopak>
    <translations>
      <translation>
        <author>King Fahad Quran Complex</author>
        <text>Dan sesungguhnya jika kamu tanyakan kepada mereka, "Siapakah yang menciptakan langit dan bumi?" Tentu mereka akan menjawab, "Allah". Katakanlah, "Segala puji bagi Allah", tetapi kebanyakan mereka tidak mengetahui.</text>
      </translation>
    </translations>
    <rules>[{"start": 20, "end": 23, "rule_id": 0}, {"start": 68, "end": 71, "rule_id": 0}, {"start": 18, "end": 23, "rule_id": 4}, {"start": 6, "end": 10, "rule_id": 6}]</rules>
  </verse>
  <verse>
    <verseIdArabic>٢٦</verseIdArabic>
    <verseId>26</verseId>
    <chapterId>31</chapterId>
    <textIndopak>لِلَّهِ مَا فِي ٱلسَّمَٰوَٰتِ وَٱلۡأَرۡضِۚ إِنَّ ٱللَّهَ هُوَ ٱلۡغَنِيُّ ٱلۡحَمِيدُ</textIndopak>
    <translations>
      <translation>
        <author>King Fahad Quran Complex</author>
        <text>Kepunyaan Allah-lah apa yang di langit dan yang di bumi. Sesungguhnya Allah Dia-lah Yang Maha Kaya lagi Maha Terpuji.</text>
      </translation>
    </translations>
    <rules>[{"start": 46, "end": 49, "rule_id": 0}, {"start": 82, "end": 84, "rule_id": 1}]</rules>
  </verse>
  <verse>
    <verseIdArabic>٢٧</verseIdArabic>
    <verseId>27</verseId>
    <chapterId>31</chapterId>
    <textIndopak>وَلَوۡ أَنَّمَا فِي ٱلۡأَرۡضِ مِن شَجَرَةٍ أَقۡلَٰمٞ وَٱلۡبَحۡرُ يَمُدُّهُۥ مِنۢ بَعۡدِهِۦ سَبۡعَةُ أَبۡحُرٖ مَّا نَفِدَتۡ كَلِمَٰتُ ٱللَّهِۚ إِنَّ ٱللَّهَ عَزِيزٌ حَكِيمٞ</textIndopak>
    <translations>
      <translation>
        <author>King Fahad Quran Complex</author>
        <text>Dan seandainya pohon-pohon di bumi menjadi pena dan laut (menjadi tinta), ditambahkan kepadanya tujuh laut (lagi) sesudah (kering)nya, niscaya tidak akan habis-habisnya (dituliskan) kalimat Allah . Sesungguhnya Allah Maha Perkasa lagi Maha Bijaksana.</text>
      </translation>
    </translations>
    <rules>[{"start": 9, "end": 12, "rule_id": 0}, {"start": 109, "end": 112, "rule_id": 0}, {"start": 145, "end": 148, "rule_id": 0}, {"start": 45, "end": 47, "rule_id": 1}, {"start": 93, "end": 95, "rule_id": 1}, {"start": 102, "end": 104, "rule_id": 1}, {"start": 78, "end": 83, "rule_id": 2}, {"start": 50, "end": 55, "rule_id": 3}, {"start": 106, "end": 112, "rule_id": 3}, {"start": 32, "end": 36, "rule_id": 6}]</rules>
  </verse>
  <verse>
    <verseIdArabic>٢٨</verseIdArabic>
    <verseId>28</verseId>
    <chapterId>31</chapterId>
    <textIndopak>مَّا خَلۡقُكُمۡ وَلَا بَعۡثُكُمۡ إِلَّا كَنَفۡسٖ وَٰحِدَةٍۚ إِنَّ ٱللَّهَ سَمِيعُۢ بَصِيرٌ</textIndopak>
    <translations>
      <translation>
        <author>King Fahad Quran Complex</author>
        <text>Tidaklah Allah menciptakan dan membangkitkan kamu (dari dalam kubur) itu, melainkan hanyalah seperti (menciptakan dan membangkitkan) satu jiwa saja . Sesungguhnya Allah Maha Mendengar lagi Maha Melihat.</text>
      </translation>
    </translations>
    <rules>[{"start": 0, "end": 3, "rule_id": 0}, {"start": 63, "end": 66, "rule_id": 0}, {"start": 80, "end": 86, "rule_id": 2}, {"start": 46, "end": 52, "rule_id": 3}]</rules>
  </verse>
  <verse>
    <verseIdArabic>٢٩</verseIdArabic>
    <verseId>29</verseId>
    <chapterId>31</chapterId>
    <textIndopak>أَلَمۡ تَرَ أَنَّ ٱللَّهَ يُولِجُ ٱلَّيۡلَ فِي ٱلنَّهَارِ وَيُولِجُ ٱلنَّهَارَ فِي ٱلَّيۡلِ وَسَخَّرَ ٱلشَّمۡسَ وَٱلۡقَمَرَۖ كُلّٞ يَجۡرِيٓ إِلَىٰٓ أَجَلٖ مُّسَمّٗى وَأَنَّ ٱللَّهَ بِمَا تَعۡمَلُونَ خَبِيرٞ</textIndopak>
    <translations>
      <translation>
        <author>King Fahad Quran Complex</author>
        <text>Tidakkah kamu memperhatikan bahwa sesungguhnya Allah memasukkan malam ke dalam siang dan memasukkan siang ke dalam malam, dan Dia tundukkan matahari dan bulan masing-masing berjalan sampai kepada waktu yang ditentukan; dan sesungguhnya Allah Maha Mengetahui apa yang kamu kerjakan.</text>
      </translation>
    </translations>
    <rules>[{"start": 14, "end": 17, "rule_id": 0}, {"start": 49, "end": 52, "rule_id": 0}, {"start": 70, "end": 73, "rule_id": 0}, {"start": 154, "end": 157, "rule_id": 0}, {"start": 159, "end": 162, "rule_id": 0}, {"start": 168, "end": 171, "rule_id": 0}, {"start": 132, "end": 134, "rule_id": 1}, {"start": 126, "end": 132, "rule_id": 3}, {"start": 151, "end": 157, "rule_id": 3}]</rules>
  </verse>
  <verse>
    <verseIdArabic>٣٠</verseIdArabic>
    <verseId>30</verseId>
    <chapterId>31</chapterId>
    <textIndopak>ذَٰلِكَ بِأَنَّ ٱللَّهَ هُوَ ٱلۡحَقُّ وَأَنَّ مَا يَدۡعُونَ مِن دُونِهِ ٱلۡبَٰطِلُ وَأَنَّ ٱللَّهَ هُوَ ٱلۡعَلِيُّ ٱلۡكَبِيرُ</textIndopak>
    <translations>
      <translation>
        <author>King Fahad Quran Complex</author>
        <text>Demikianlah, karena sesungguhnya Allah, Dia-lah yang hak dan sesungguhnya apa saja yang mereka seru selain dari Allah itulah yang batil dan sesungguhnya Allah Dia-lah Yang Maha Tinggi lagi Maha Besar.</text>
      </translation>
    </translations>
    <rules>[{"start": 12, "end": 15, "rule_id": 0}, {"start": 42, "end": 45, "rule_id": 0}, {"start": 87, "end": 90, "rule_id": 0}, {"start": 52, "end": 54, "rule_id": 1}, {"start": 62, "end": 66, "rule_id": 6}]</rules>
  </verse>
  <verse>
    <verseIdArabic>٣١</verseIdArabic>
    <verseId>31</verseId>
    <chapterId>31</chapterId>
    <textIndopak>أَلَمۡ تَرَ أَنَّ ٱلۡفُلۡكَ تَجۡرِي فِي ٱلۡبَحۡرِ بِنِعۡمَتِ ٱللَّهِ لِيُرِيَكُم مِّنۡ ءَايَٰتِهِۦٓۚ إِنَّ فِي ذَٰلِكَ لَأٓيَٰتٖ لِّكُلِّ صَبَّارٖ شَكُورٖ</textIndopak>
    <translations>
      <translation>
        <author>King Fahad Quran Complex</author>
        <text>Tidakkah kamu memperhatikan bahwa sesungguhnya kapal itu berlayar di laut dengan nikmat Allah supaya diperlihatkan-Nya kepadamu sebagian dari tanda-tanda (kekuasaan)-Nya. Sesungguhnya pada yang demikian itu, benar-benar terdapat tanda-tanda bagi semua orang yang sangat sabar lagi banyak bersyukur.</text>
      </translation>
    </translations>
    <rules>[{"start": 14, "end": 17, "rule_id": 0}, {"start": 81, "end": 84, "rule_id": 0}, {"start": 104, "end": 107, "rule_id": 0}, {"start": 30, "end": 32, "rule_id": 1}, {"start": 79, "end": 84, "rule_id": 4}, {"start": 128, "end": 134, "rule_id": 5}, {"start": 146, "end": 151, "rule_id": 6}]</rules>
  </verse>
  <verse>
    <verseIdArabic>٣٢</verseIdArabic>
    <verseId>32</verseId>
    <chapterId>31</chapterId>
    <textIndopak>وَإِذَا غَشِيَهُم مَّوۡجٞ كَٱلظُّلَلِ دَعَوُاْ ٱللَّهَ مُخۡلِصِينَ لَهُ ٱلدِّينَ فَلَمَّا نَجَّىٰهُمۡ إِلَى ٱلۡبَرِّ فَمِنۡهُم مُّقۡتَصِدٞۚ وَمَا يَجۡحَدُ بِـَٔايَٰتِنَآ إِلَّا كُلُّ خَتَّارٖ كَفُورٖ</textIndopak>
    <translations>
      <translation>
        <author>King Fahad Quran Complex</author>
        <text>Dan apabila mereka dilamun ombak yang besar seperti gunung, mereka menyeru Allah dengan memurnikan ketaatan kepada-Nya, maka tatkala Allah menyelamatkan mereka sampai di daratan, lalu sebagian mereka tetap menempuh jalan yang lurus . Dan tidak ada yang mengingkari ayat-ayat Kami, selain orang-orang yang tidak setia lagi ingkar.</text>
      </translation>
    </translations>
    <rules>[{"start": 18, "end": 21, "rule_id": 0}, {"start": 85, "end": 88, "rule_id": 0}, {"start": 127, "end": 130, "rule_id": 0}, {"start": 130, "end": 132, "rule_id": 1}, {"start": 149, "end": 151, "rule_id": 1}, {"start": 16, "end": 21, "rule_id": 4}, {"start": 125, "end": 130, "rule_id": 4}, {"start": 23, "end": 28, "rule_id": 6}, {"start": 191, "end": 196, "rule_id": 6}]</rules>
  </verse>
  <verse>
    <verseIdArabic>٣٣</verseIdArabic>
    <verseId>33</verseId>
    <chapterId>31</chapterId>
    <textIndopak>يَٰٓأَيُّهَا ٱلنَّاسُ ٱتَّقُواْ رَبَّكُمۡ وَٱخۡشَوۡاْ يَوۡمٗا لَّا يَجۡزِي وَالِدٌ عَن وَلَدِهِۦ وَلَا مَوۡلُودٌ هُوَ جَازٍ عَن وَالِدِهِۦ شَيۡـًٔاۚ إِنَّ وَعۡدَ ٱللَّهِ حَقّٞۖ فَلَا تَغُرَّنَّكُمُ ٱلۡحَيَوٰةُ ٱلدُّنۡيَا وَلَا يَغُرَّنَّكُم بِٱللَّهِ ٱلۡغَرُورُ</textIndopak>
    <translations>
      <translation>
        <author>King Fahad Quran Complex</author>
        <text>Hai manusia, bertakwalah kepada Tuhan-mu dan takutilah suatu hari yang (pada hari itu) seorang bapak tidak dapat menolong anaknya dan seorang anak tidak dapat (pula) menolong bapaknya sedikit pun. Sesungguhnya janji Allah adalah benar, maka janganlah sekali-kali kehidupan dunia memperdayakan kamu dan jangan (pula) penipu (setan) memperdayakan kamu dalam (menaati) Allah.</text>
      </translation>
    </translations>
    <rules>[{"start": 15, "end": 18, "rule_id": 0}, {"start": 152, "end": 155, "rule_id": 0}, {"start": 192, "end": 195, "rule_id": 0}, {"start": 236, "end": 239, "rule_id": 0}, {"start": 69, "end": 71, "rule_id": 1}, {"start": 85, "end": 89, "rule_id": 3}, {"start": 126, "end": 130, "rule_id": 3}, {"start": 58, "end": 65, "rule_id": 5}, {"start": 241, "end": 245, "rule_id": 7}]</rules>
  </verse>
  <verse>
    <verseIdArabic>٣٤</verseIdArabic>
    <verseId>34</verseId>
    <chapterId>31</chapterId>
    <textIndopak>إِنَّ ٱللَّهَ عِندَهُۥ عِلۡمُ ٱلسَّاعَةِ وَيُنَزِّلُ ٱلۡغَيۡثَ وَيَعۡلَمُ مَا فِي ٱلۡأَرۡحَامِۖ وَمَا تَدۡرِي نَفۡسٞ مَّاذَا تَكۡسِبُ غَدٗاۖ وَمَا تَدۡرِي نَفۡسُۢ بِأَيِّ أَرۡضٖ تَمُوتُۚ إِنَّ ٱللَّهَ عَلِيمٌ خَبِيرُۢ</textIndopak>
    <translations>
      <translation>
        <author>King Fahad Quran Complex</author>
        <text>Sesungguhnya Allah, hanya pada sisi-Nya sajalah pengetahuan tentang Hari Kiamat dan Dia-lah Yang menurunkan hujan dan mengetahui apa yang ada dalam rahim. Dan tiada seorang pun yang dapat mengetahui (dengan pasti) apa yang akan diusahakannya besok . Dan tiada seorang pun yang dapat mengetahui di bumi mana dia akan mati. Sesungguhnya Allah Maha Mengetahui lagi Maha Mengenal.</text>
      </translation>
    </translations>
    <rules>[{"start": 2, "end": 5, "rule_id": 0}, {"start": 118, "end": 121, "rule_id": 0}, {"start": 192, "end": 195, "rule_id": 0}, {"start": 105, "end": 107, "rule_id": 1}, {"start": 151, "end": 153, "rule_id": 1}, {"start": 161, "end": 167, "rule_id": 2}, {"start": 115, "end": 121, "rule_id": 3}, {"start": 137, "end": 145, "rule_id": 3}, {"start": 16, "end": 19, "rule_id": 6}, {"start": 177, "end": 182, "rule_id": 6}]</rules>
  </verse>
</verses>
