<?xml version="1.0" encoding="UTF-8"?>

<verses>
  <verse>
    <verseIdArabic>١</verseIdArabic>
    <verseId>1</verseId>
    <chapterId>32</chapterId>
    <textIndopak>الٓمٓ</textIndopak>
    <translations>
      <translation>
        <author>King Fahad Quran Complex</author>
        <text>Alif Lām Mīm</text>
      </translation>
    </translations>
  </verse>
  <verse>
    <verseIdArabic>٢</verseIdArabic>
    <verseId>2</verseId>
    <chapterId>32</chapterId>
    <textIndopak>تَنزِيلُ ٱلۡكِتَٰبِ لَا رَيۡبَ فِيهِ مِن رَّبِّ ٱلۡعَٰلَمِينَ</textIndopak>
    <translations>
      <translation>
        <author>King Fahad Quran Complex</author>
        <text>Turunnya Al-Qur`ān yang tidak ada keraguan padanya (adalah) dari Tuhan semesta alam.</text>
      </translation>
    </translations>
    <rules>[{"start": 39, "end": 44, "rule_id": 5}, {"start": 2, "end": 5, "rule_id": 6}]</rules>
  </verse>
  <verse>
    <verseIdArabic>٣</verseIdArabic>
    <verseId>3</verseId>
    <chapterId>32</chapterId>
    <textIndopak>أَمۡ يَقُولُونَ ٱفۡتَرَىٰهُۚ بَلۡ هُوَ ٱلۡحَقُّ مِن رَّبِّكَ لِتُنذِرَ قَوۡمٗا مَّآ أَتَىٰهُم مِّن نَّذِيرٖ مِّن قَبۡلِكَ لَعَلَّهُمۡ يَهۡتَدُونَ</textIndopak>
    <translations>
      <translation>
        <author>King Fahad Quran Complex</author>
        <text>Tetapi mengapa mereka (orang kafir) mengatakan, "Dia Muhammad mengada-adakannya". Sebenarnya, Al-Qur`ān itu adalah kebenaran (yang datang) dari Tuhan-mu agar kamu memberi peringatan kepada kaum yang belum datang kepada mereka orang yang memberi peringatan sebelum kamu; mudah-mudahan mereka mendapat petunjuk.</text>
      </translation>
    </translations>
    <rules>[{"start": 80, "end": 83, "rule_id": 0}, {"start": 96, "end": 99, "rule_id": 0}, {"start": 101, "end": 104, "rule_id": 0}, {"start": 110, "end": 113, "rule_id": 0}, {"start": 117, "end": 119, "rule_id": 1}, {"start": 99, "end": 104, "rule_id": 3}, {"start": 76, "end": 83, "rule_id": 3}, {"start": 107, "end": 113, "rule_id": 3}, {"start": 94, "end": 99, "rule_id": 4}, {"start": 51, "end": 56, "rule_id": 5}, {"start": 66, "end": 69, "rule_id": 6}, {"start": 113, "end": 117, "rule_id": 6}]</rules>
  </verse>
  <verse>
    <verseIdArabic>٤</verseIdArabic>
    <verseId>4</verseId>
    <chapterId>32</chapterId>
    <textIndopak>ٱللَّهُ ٱلَّذِي خَلَقَ ٱلسَّمَٰوَٰتِ وَٱلۡأَرۡضَ وَمَا بَيۡنَهُمَا فِي سِتَّةِ أَيَّامٖ ثُمَّ ٱسۡتَوَىٰ عَلَى ٱلۡعَرۡشِۖ مَا لَكُم مِّن دُونِهِۦ مِن وَلِيّٖ وَلَا شَفِيعٍۚ أَفَلَا تَتَذَكَّرُونَ</textIndopak>
    <translations>
      <translation>
        <author>King Fahad Quran Complex</author>
        <text>Allah-lah yang menciptakan langit dan bumi dan apa yang ada di antara keduanya dalam enam masa, kemudian Dia bersemayam di atas arasy . Tidak ada bagi kamu selain dari-Nya seorang penolong pun dan tidak (pula) seorang pemberi syafaat . Maka apakah kamu tidak memperhatikan?</text>
      </translation>
    </translations>
    <rules>[{"start": 90, "end": 93, "rule_id": 0}, {"start": 132, "end": 135, "rule_id": 0}, {"start": 148, "end": 152, "rule_id": 3}, {"start": 154, "end": 160, "rule_id": 3}, {"start": 130, "end": 135, "rule_id": 4}, {"start": 135, "end": 139, "rule_id": 6}, {"start": 85, "end": 90, "rule_id": 6}]</rules>
  </verse>
  <verse>
    <verseIdArabic>٥</verseIdArabic>
    <verseId>5</verseId>
    <chapterId>32</chapterId>
    <textIndopak>يُدَبِّرُ ٱلۡأَمۡرَ مِنَ ٱلسَّمَآءِ إِلَى ٱلۡأَرۡضِ ثُمَّ يَعۡرُجُ إِلَيۡهِ فِي يَوۡمٖ كَانَ مِقۡدَارُهُۥٓ أَلۡفَ سَنَةٖ مِّمَّا تَعُدُّونَ</textIndopak>
    <translations>
      <translation>
        <author>King Fahad Quran Complex</author>
        <text>Dia mengatur urusan dari langit ke bumi, kemudian (urusan) itu naik kepada-Nya dalam satu hari yang kadarnya (lamanya) adalah seribu tahun menurut perhitunganmu .</text>
      </translation>
    </translations>
    <rules>[{"start": 55, "end": 58, "rule_id": 0}, {"start": 122, "end": 125, "rule_id": 0}, {"start": 125, "end": 128, "rule_id": 0}, {"start": 96, "end": 98, "rule_id": 1}, {"start": 119, "end": 125, "rule_id": 3}, {"start": 85, "end": 90, "rule_id": 6}]</rules>
  </verse>
  <verse>
    <verseIdArabic>٦</verseIdArabic>
    <verseId>6</verseId>
    <chapterId>32</chapterId>
    <textIndopak>ذَٰلِكَ عَٰلِمُ ٱلۡغَيۡبِ وَٱلشَّهَٰدَةِ ٱلۡعَزِيزُ ٱلرَّحِيمُ</textIndopak>
    <translations>
      <translation>
        <author>King Fahad Quran Complex</author>
        <text>Yang demikian itu ialah Tuhan Yang mengetahui yang gaib dan yang nyata, Yang Maha Perkasa lagi Maha Penyayang,</text>
      </translation>
    </translations>
  </verse>
  <verse>
    <verseIdArabic>٧</verseIdArabic>
    <verseId>7</verseId>
    <chapterId>32</chapterId>
    <textIndopak>ٱلَّذِيٓ أَحۡسَنَ كُلَّ شَيۡءٍ خَلَقَهُۥۖ وَبَدَأَ خَلۡقَ ٱلۡإِنسَٰنِ مِن طِينٖ</textIndopak>
    <translations>
      <translation>
        <author>King Fahad Quran Complex</author>
        <text>Yang membuat segala sesuatu yang Dia ciptakan sebaik-baiknya dan Yang memulai penciptaan manusia dari tanah.</text>
      </translation>
    </translations>
    <rules>[{"start": 64, "end": 68, "rule_id": 6}, {"start": 73, "end": 77, "rule_id": 6}]</rules>
  </verse>
  <verse>
    <verseIdArabic>٨</verseIdArabic>
    <verseId>8</verseId>
    <chapterId>32</chapterId>
    <textIndopak>ثُمَّ جَعَلَ نَسۡلَهُۥ مِن سُلَٰلَةٖ مِّن مَّآءٖ مَّهِينٖ</textIndopak>
    <translations>
      <translation>
        <author>King Fahad Quran Complex</author>
        <text>Kemudian, Dia menjadikan keturunannya dari sari pati air yang hina (air mani).</text>
      </translation>
    </translations>
    <rules>[{"start": 2, "end": 5, "rule_id": 0}, {"start": 37, "end": 40, "rule_id": 0}, {"start": 42, "end": 45, "rule_id": 0}, {"start": 50, "end": 53, "rule_id": 0}, {"start": 40, "end": 45, "rule_id": 3}, {"start": 34, "end": 40, "rule_id": 3}, {"start": 47, "end": 53, "rule_id": 3}, {"start": 25, "end": 29, "rule_id": 6}]</rules>
  </verse>
  <verse>
    <verseIdArabic>٩</verseIdArabic>
    <verseId>9</verseId>
    <chapterId>32</chapterId>
    <textIndopak>ثُمَّ سَوَّىٰهُ وَنَفَخَ فِيهِ مِن رُّوحِهِۦۖ وَجَعَلَ لَكُمُ ٱلسَّمۡعَ وَٱلۡأَبۡصَٰرَ وَٱلۡأَفۡـِٔدَةَۚ قَلِيلٗا مَّا تَشۡكُرُونَ</textIndopak>
    <translations>
      <translation>
        <author>King Fahad Quran Complex</author>
        <text>Kemudian, Dia menyempurnakan dan meniupkan ke dalam (tubuh)nya roh (ciptaan)-Nya dan Dia menjadikan bagi kamu pendengaran, penglihatan, dan hati, (tetapi) kamu sedikit sekali bersyukur.</text>
      </translation>
    </translations>
    <rules>[{"start": 2, "end": 5, "rule_id": 0}, {"start": 116, "end": 119, "rule_id": 0}, {"start": 80, "end": 82, "rule_id": 1}, {"start": 112, "end": 119, "rule_id": 3}, {"start": 33, "end": 38, "rule_id": 5}]</rules>
  </verse>
  <verse>
    <verseIdArabic>١٠</verseIdArabic>
    <verseId>10</verseId>
    <chapterId>32</chapterId>
    <textIndopak>وَقَالُوٓاْ أَءِذَا ضَلَلۡنَا فِي ٱلۡأَرۡضِ أَءِنَّا لَفِي خَلۡقٖ جَدِيدِۭۚ بَلۡ هُم بِلِقَآءِ رَبِّهِمۡ كَٰفِرُونَ</textIndopak>
    <translations>
      <translation>
        <author>King Fahad Quran Complex</author>
        <text>Dan mereka berkata, "Apakah bila kami telah lenyap (hancur) dalam tanah, kami benar-benar akan berada dalam ciptaan yang baru. Bahkan (sebenarnya), mereka ingkar akan menemui Tuhan-nya.</text>
      </translation>
    </translations>
    <rules>[{"start": 48, "end": 51, "rule_id": 0}, {"start": 63, "end": 68, "rule_id": 6}, {"start": 84, "end": 88, "rule_id": 7}]</rules>
  </verse>
  <verse>
    <verseIdArabic>١١</verseIdArabic>
    <verseId>11</verseId>
    <chapterId>32</chapterId>
    <textIndopak>۞ قُلۡ يَتَوَفَّىٰكُم مَّلَكُ ٱلۡمَوۡتِ ٱلَّذِي وُكِّلَ بِكُمۡ ثُمَّ إِلَىٰ رَبِّكُمۡ تُرۡجَعُونَ</textIndopak>
    <translations>
      <translation>
        <author>King Fahad Quran Complex</author>
        <text>Katakanlah, "Malaikat maut yang diserahi untuk (mencabut nyawa)mu akan mematikanmu, kemudian hanya kepada Tuhan-mulah kamu akan dikembalikan.</text>
      </translation>
    </translations>
    <rules>[{"start": 22, "end": 25, "rule_id": 0}, {"start": 65, "end": 68, "rule_id": 0}, {"start": 20, "end": 25, "rule_id": 4}]</rules>
  </verse>
  <verse>
    <verseIdArabic>١٢</verseIdArabic>
    <verseId>12</verseId>
    <chapterId>32</chapterId>
    <textIndopak>وَلَوۡ تَرَىٰٓ إِذِ ٱلۡمُجۡرِمُونَ نَاكِسُواْ رُءُوسِهِمۡ عِندَ رَبِّهِمۡ رَبَّنَآ أَبۡصَرۡنَا وَسَمِعۡنَا فَٱرۡجِعۡنَا نَعۡمَلۡ صَٰلِحًا إِنَّا مُوقِنُونَ</textIndopak>
    <translations>
      <translation>
        <author>King Fahad Quran Complex</author>
        <text>Dan (alangkah ngerinya), jika sekiranya kamu melihat mereka ketika orang-orang yang berdosa itu menundukkan kepalanya di hadapan Tuhan-nya, (mereka berkata), "Ya Tuhan kami, kami telah melihat dan mendengar, maka kembalikanlah kami (ke dunia), kami akan mengerjakan amal saleh; sesungguhnya kami adalah orang-orang yang yakin".</text>
      </translation>
    </translations>
    <rules>[{"start": 141, "end": 144, "rule_id": 0}, {"start": 25, "end": 27, "rule_id": 1}, {"start": 86, "end": 88, "rule_id": 1}, {"start": 60, "end": 63, "rule_id": 6}]</rules>
  </verse>
  <verse>
    <verseIdArabic>١٣</verseIdArabic>
    <verseId>13</verseId>
    <chapterId>32</chapterId>
    <textIndopak>وَلَوۡ شِئۡنَا لَأٓتَيۡنَا كُلَّ نَفۡسٍ هُدَىٰهَا وَلَٰكِنۡ حَقَّ ٱلۡقَوۡلُ مِنِّي لَأَمۡلَأَنَّ جَهَنَّمَ مِنَ ٱلۡجِنَّةِ وَٱلنَّاسِ أَجۡمَعِينَ</textIndopak>
    <translations>
      <translation>
        <author>King Fahad Quran Complex</author>
        <text>Dan kalau Kami menghendaki, niscaya Kami akan berikan kepada tiap-tiap jiwa petunjuk (bagi)nya, akan tetapi telah tetaplah perkataan dari pada-Ku, "Sesungguhnya akan Aku penuhi neraka jahanam itu dengan jin dan manusia bersama-sama.</text>
      </translation>
    </translations>
    <rules>[{"start": 79, "end": 82, "rule_id": 0}, {"start": 94, "end": 97, "rule_id": 0}, {"start": 102, "end": 105, "rule_id": 0}, {"start": 118, "end": 121, "rule_id": 0}, {"start": 128, "end": 131, "rule_id": 0}, {"start": 137, "end": 139, "rule_id": 1}]</rules>
  </verse>
  <verse>
    <verseIdArabic>١٤</verseIdArabic>
    <verseId>14</verseId>
    <chapterId>32</chapterId>
    <textIndopak>فَذُوقُواْ بِمَا نَسِيتُمۡ لِقَآءَ يَوۡمِكُمۡ هَٰذَآ إِنَّا نَسِينَٰكُمۡۖ وَذُوقُواْ عَذَابَ ٱلۡخُلۡدِ بِمَا كُنتُمۡ تَعۡمَلُونَ</textIndopak>
    <translations>
      <translation>
        <author>King Fahad Quran Complex</author>
        <text>Maka rasailah olehmu (siksa ini) disebabkan kamu melupakan akan pertemuan dengan harimu ini (hari kiamat). Sesungguhnya Kami telah melupakan kamu (pula) dan rasakanlah siksa yang kekal disebabkan apa yang selalu kamu kerjakan".</text>
      </translation>
    </translations>
    <rules>[{"start": 57, "end": 60, "rule_id": 0}, {"start": 114, "end": 117, "rule_id": 6}]</rules>
  </verse>
  <verse>
    <verseIdArabic>١٥</verseIdArabic>
    <verseId>15</verseId>
    <chapterId>32</chapterId>
    <textIndopak>إِنَّمَا يُؤۡمِنُ بِـَٔايَٰتِنَا ٱلَّذِينَ إِذَا ذُكِّرُواْ بِهَا خَرُّواْۤ سُجَّدٗاۤ وَسَبَّحُواْ بِحَمۡدِ رَبِّهِمۡ وَهُمۡ لَا يَسۡتَكۡبِرُونَ۩</textIndopak>
    <translations>
      <translation>
        <author>King Fahad Quran Complex</author>
        <text>Sesungguhnya orang yang beriman dengan ayat-ayat Kami adalah orang-orang yang apabila diperingatkan dengan ayat-ayat (Kami) mereka menyungkur sujud dan bertasbih serta memuji Tuhan-nya, sedang mereka tidak menyombongkan diri.</text>
      </translation>
    </translations>
    <rules>[{"start": 2, "end": 5, "rule_id": 0}, {"start": 80, "end": 86, "rule_id": 3}]</rules>
  </verse>
  <verse>
    <verseIdArabic>١٦</verseIdArabic>
    <verseId>16</verseId>
    <chapterId>32</chapterId>
    <textIndopak>تَتَجَافَىٰ جُنُوبُهُمۡ عَنِ ٱلۡمَضَاجِعِ يَدۡعُونَ رَبَّهُمۡ خَوۡفٗا وَطَمَعٗا وَمِمَّا رَزَقۡنَٰهُمۡ يُنفِقُونَ</textIndopak>
    <translations>
      <translation>
        <author>King Fahad Quran Complex</author>
        <text>Lambung mereka jauh dari tempat tidurnya, sedang mereka berdoa kepada Tuhan-nya dengan rasa takut dan harap dan mereka menafkahkan sebagian dari rezeki yang kami berikan kepada mereka.</text>
      </translation>
    </translations>
    <rules>[{"start": 84, "end": 87, "rule_id": 0}, {"start": 44, "end": 46, "rule_id": 1}, {"start": 93, "end": 95, "rule_id": 1}, {"start": 66, "end": 72, "rule_id": 3}, {"start": 76, "end": 82, "rule_id": 3}, {"start": 105, "end": 108, "rule_id": 6}]</rules>
  </verse>
  <verse>
    <verseIdArabic>١٧</verseIdArabic>
    <verseId>17</verseId>
    <chapterId>32</chapterId>
    <textIndopak>فَلَا تَعۡلَمُ نَفۡسٞ مَّآ أُخۡفِيَ لَهُم مِّن قُرَّةِ أَعۡيُنٖ جَزَآءَۢ بِمَا كَانُواْ يَعۡمَلُونَ</textIndopak>
    <translations>
      <translation>
        <author>King Fahad Quran Complex</author>
        <text>Seorang pun tidak mengetahui apa yang disembunyikan untuk mereka, yaitu (bermacam-macam nikmat) yang menyedapkan padangan mata sebagai balasan terhadap apa yang telah mereka kerjakan.</text>
      </translation>
    </translations>
    <rules>[{"start": 22, "end": 25, "rule_id": 0}, {"start": 43, "end": 46, "rule_id": 0}, {"start": 71, "end": 77, "rule_id": 2}, {"start": 19, "end": 25, "rule_id": 3}, {"start": 41, "end": 46, "rule_id": 4}, {"start": 46, "end": 50, "rule_id": 6}, {"start": 62, "end": 67, "rule_id": 6}]</rules>
  </verse>
  <verse>
    <verseIdArabic>١٨</verseIdArabic>
    <verseId>18</verseId>
    <chapterId>32</chapterId>
    <textIndopak>أَفَمَن كَانَ مُؤۡمِنٗا كَمَن كَانَ فَاسِقٗاۚ لَّا يَسۡتَوُۥنَ</textIndopak>
    <translations>
      <translation>
        <author>King Fahad Quran Complex</author>
        <text>Maka apakah orang beriman seperti orang yang fasik (kafir)? Mereka tidak sama.</text>
      </translation>
    </translations>
    <rules>[{"start": 6, "end": 10, "rule_id": 6}, {"start": 28, "end": 32, "rule_id": 6}]</rules>
  </verse>
  <verse>
    <verseIdArabic>١٩</verseIdArabic>
    <verseId>19</verseId>
    <chapterId>32</chapterId>
    <textIndopak>أَمَّا ٱلَّذِينَ ءَامَنُواْ وَعَمِلُواْ ٱلصَّٰلِحَٰتِ فَلَهُمۡ جَنَّٰتُ ٱلۡمَأۡوَىٰ نُزُلَۢا بِمَا كَانُواْ يَعۡمَلُونَ</textIndopak>
    <translations>
      <translation>
        <author>King Fahad Quran Complex</author>
        <text>Adapun orang-orang yang beriman dan mengerjakan amal-amal saleh, maka bagi mereka surga-surga tempat kediaman sebagai pahala terhadap apa yang mereka kerjakan.</text>
      </translation>
    </translations>
    <rules>[{"start": 2, "end": 5, "rule_id": 0}, {"start": 65, "end": 69, "rule_id": 0}]</rules>
  </verse>
  <verse>
    <verseIdArabic>٢٠</verseIdArabic>
    <verseId>20</verseId>
    <chapterId>32</chapterId>
    <textIndopak>وَأَمَّا ٱلَّذِينَ فَسَقُواْ فَمَأۡوَىٰهُمُ ٱلنَّارُۖ كُلَّمَآ أَرَادُوٓاْ أَن يَخۡرُجُواْ مِنۡهَآ أُعِيدُواْ فِيهَا وَقِيلَ لَهُمۡ ذُوقُواْ عَذَابَ ٱلنَّارِ ٱلَّذِي كُنتُم بِهِۦ تُكَذِّبُونَ</textIndopak>
    <translations>
      <translation>
        <author>King Fahad Quran Complex</author>
        <text>Dan adapun orang-orang yang fasik (kafir), maka tempat mereka adalah neraka. Setiap kali mereka hendak keluar darinya, mereka dikembalikan (lagi) ke dalamnya dan dikatakan kepada mereka, "Rasakanlah siksa neraka yang dahulu kamu mendustakannya".</text>
      </translation>
    </translations>
    <rules>[{"start": 4, "end": 7, "rule_id": 0}, {"start": 46, "end": 49, "rule_id": 0}, {"start": 154, "end": 157, "rule_id": 0}, {"start": 79, "end": 83, "rule_id": 3}, {"start": 171, "end": 174, "rule_id": 6}, {"start": 174, "end": 178, "rule_id": 7}]</rules>
  </verse>
  <verse>
    <verseIdArabic>٢١</verseIdArabic>
    <verseId>21</verseId>
    <chapterId>32</chapterId>
    <textIndopak>وَلَنُذِيقَنَّهُم مِّنَ ٱلۡعَذَابِ ٱلۡأَدۡنَىٰ دُونَ ٱلۡعَذَابِ ٱلۡأَكۡبَرِ لَعَلَّهُمۡ يَرۡجِعُونَ</textIndopak>
    <translations>
      <translation>
        <author>King Fahad Quran Complex</author>
        <text>Dan Sesungguhnya, Kami merasakan kepada mereka sebagian azab yang dekat (di dunia) sebelum azab yang lebih besar (di akhirat); mudah-mudahan mereka kembali (ke jalan yang benar).</text>
      </translation>
    </translations>
    <rules>[{"start": 11, "end": 14, "rule_id": 0}, {"start": 18, "end": 21, "rule_id": 0}, {"start": 40, "end": 42, "rule_id": 1}, {"start": 16, "end": 21, "rule_id": 4}]</rules>
  </verse>
  <verse>
    <verseIdArabic>٢٢</verseIdArabic>
    <verseId>22</verseId>
    <chapterId>32</chapterId>
    <textIndopak>وَمَنۡ أَظۡلَمُ مِمَّن ذُكِّرَ بِـَٔايَٰتِ رَبِّهِۦ ثُمَّ أَعۡرَضَ عَنۡهَآۚ إِنَّا مِنَ ٱلۡمُجۡرِمِينَ مُنتَقِمُونَ</textIndopak>
    <translations>
      <translation>
        <author>King Fahad Quran Complex</author>
        <text>Dan siapakah yang lebih zalim daripada orang yang telah diperingatkan dengan ayat-ayat Tuhan-nya, kemudian ia berpaling darinya? Sesungguhnya Kami akan memberikan pembalasan kepada orang-orang yang berdosa.</text>
      </translation>
    </translations>
    <rules>[{"start": 18, "end": 21, "rule_id": 0}, {"start": 54, "end": 57, "rule_id": 0}, {"start": 80, "end": 83, "rule_id": 0}, {"start": 95, "end": 97, "rule_id": 1}, {"start": 21, "end": 25, "rule_id": 6}, {"start": 107, "end": 110, "rule_id": 6}]</rules>
  </verse>
  <verse>
    <verseIdArabic>٢٣</verseIdArabic>
    <verseId>23</verseId>
    <chapterId>32</chapterId>
    <textIndopak>وَلَقَدۡ ءَاتَيۡنَا مُوسَى ٱلۡكِتَٰبَ فَلَا تَكُن فِي مِرۡيَةٖ مِّن لِّقَآئِهِۦۖ وَجَعَلۡنَٰهُ هُدٗى لِّبَنِيٓ إِسۡرَٰٓءِيلَ</textIndopak>
    <translations>
      <translation>
        <author>King Fahad Quran Complex</author>
        <text>Dan Sesungguhnya telah Kami berikan kepada Musa Alkitab (Taurat), maka janganlah kamu (Muhammad) ragu menerima (Al-Qur`ān itu) dan Kami jadikan Alkitab (Taurat) itu petunjuk bagi Bani Isrā`īl .</text>
      </translation>
    </translations>
    <rules>[{"start": 63, "end": 66, "rule_id": 0}, {"start": 6, "end": 8, "rule_id": 1}, {"start": 60, "end": 66, "rule_id": 3}, {"start": 66, "end": 71, "rule_id": 5}, {"start": 48, "end": 52, "rule_id": 6}]</rules>
  </verse>
  <verse>
    <verseIdArabic>٢٤</verseIdArabic>
    <verseId>24</verseId>
    <chapterId>32</chapterId>
    <textIndopak>وَجَعَلۡنَا مِنۡهُمۡ أَئِمَّةٗ يَهۡدُونَ بِأَمۡرِنَا لَمَّا صَبَرُواْۖ وَكَانُواْ بِـَٔايَٰتِنَا يُوقِنُونَ</textIndopak>
    <translations>
      <translation>
        <author>King Fahad Quran Complex</author>
        <text>Dan Kami jadikan di antara mereka itu pemimpin-pemimpin yang memberi petunjuk dengan perintah Kami ketika mereka sabar . Dan adalah mereka meyakini ayat-ayat Kami.</text>
      </translation>
    </translations>
    <rules>[{"start": 25, "end": 28, "rule_id": 0}, {"start": 55, "end": 58, "rule_id": 0}, {"start": 28, "end": 33, "rule_id": 3}]</rules>
  </verse>
  <verse>
    <verseIdArabic>٢٥</verseIdArabic>
    <verseId>25</verseId>
    <chapterId>32</chapterId>
    <textIndopak>إِنَّ رَبَّكَ هُوَ يَفۡصِلُ بَيۡنَهُمۡ يَوۡمَ ٱلۡقِيَٰمَةِ فِيمَا كَانُواْ فِيهِ يَخۡتَلِفُونَ</textIndopak>
    <translations>
      <translation>
        <author>King Fahad Quran Complex</author>
        <text>Sesungguhnya Tuhan-mu Dia-lah yang memberikan keputusan di antara mereka pada hari kiamat tentang apa yang selalu mereka perselisihkan padanya.</text>
      </translation>
    </translations>
    <rules>[{"start": 2, "end": 5, "rule_id": 0}]</rules>
  </verse>
  <verse>
    <verseIdArabic>٢٦</verseIdArabic>
    <verseId>26</verseId>
    <chapterId>32</chapterId>
    <textIndopak>أَوَلَمۡ يَهۡدِ لَهُمۡ كَمۡ أَهۡلَكۡنَا مِن قَبۡلِهِم مِّنَ ٱلۡقُرُونِ يَمۡشُونَ فِي مَسَٰكِنِهِمۡۚ إِنَّ فِي ذَٰلِكَ لَأٓيَٰتٍۚ أَفَلَا يَسۡمَعُونَ</textIndopak>
    <translations>
      <translation>
        <author>King Fahad Quran Complex</author>
        <text>Dan apakah tidak menjadi petunjuk bagi mereka, berapa banyak umat-umat sebelum mereka yang telah Kami binasakan, sedangkan mereka sendiri berjalan di tempat-tempat kediaman mereka itu. Sesungguhnya pada yang demikian itu terdapat tanda-tanda (kekuasaan Allah). Maka apakah mereka tidak mendengarkan (memperhatikan)?</text>
      </translation>
    </translations>
    <rules>[{"start": 54, "end": 57, "rule_id": 0}, {"start": 103, "end": 106, "rule_id": 0}, {"start": 46, "end": 48, "rule_id": 1}, {"start": 52, "end": 57, "rule_id": 4}, {"start": 42, "end": 46, "rule_id": 6}]</rules>
  </verse>
  <verse>
    <verseIdArabic>٢٧</verseIdArabic>
    <verseId>27</verseId>
    <chapterId>32</chapterId>
    <textIndopak>أَوَلَمۡ يَرَوۡاْ أَنَّا نَسُوقُ ٱلۡمَآءَ إِلَى ٱلۡأَرۡضِ ٱلۡجُرُزِ فَنُخۡرِجُ بِهِۦ زَرۡعٗا تَأۡكُلُ مِنۡهُ أَنۡعَٰمُهُمۡ وَأَنفُسُهُمۡۚ أَفَلَا يُبۡصِرُونَ</textIndopak>
    <translations>
      <translation>
        <author>King Fahad Quran Complex</author>
        <text>Dan apakah mereka tidak memperhatikan bahwasanya Kami menghalau (awan yang mengandung) air ke bumi yang tandus, lalu Kami tumbuhkan dengan air hujan itu tanam-tanaman yang darinya (dapat) makan binatang-binatang ternak mereka dan mereka sendiri. Maka apakah mereka tidak memperhatikan?</text>
      </translation>
    </translations>
    <rules>[{"start": 20, "end": 23, "rule_id": 0}, {"start": 150, "end": 152, "rule_id": 1}, {"start": 128, "end": 131, "rule_id": 6}]</rules>
  </verse>
  <verse>
    <verseIdArabic>٢٨</verseIdArabic>
    <verseId>28</verseId>
    <chapterId>32</chapterId>
    <textIndopak>وَيَقُولُونَ مَتَىٰ هَٰذَا ٱلۡفَتۡحُ إِن كُنتُمۡ صَٰدِقِينَ</textIndopak>
    <translations>
      <translation>
        <author>King Fahad Quran Complex</author>
        <text>Dan mereka bertanya, "Bilakah kemenangan itu (datang) jika kamu memang orang-orang yang benar?"</text>
      </translation>
    </translations>
    <rules>[{"start": 39, "end": 43, "rule_id": 6}, {"start": 43, "end": 46, "rule_id": 6}]</rules>
  </verse>
  <verse>
    <verseIdArabic>٢٩</verseIdArabic>
    <verseId>29</verseId>
    <chapterId>32</chapterId>
    <textIndopak>قُلۡ يَوۡمَ ٱلۡفَتۡحِ لَا يَنفَعُ ٱلَّذِينَ كَفَرُوٓاْ إِيمَٰنُهُمۡ وَلَا هُمۡ يُنظَرُونَ</textIndopak>
    <translations>
      <translation>
        <author>King Fahad Quran Complex</author>
        <text>Katakanlah, "Pada hari kemenangan itu tidak berguna bagi orang-orang kafir iman mereka dan tidak pula mereka diberi tangguh."</text>
      </translation>
    </translations>
    <rules>[{"start": 28, "end": 31, "rule_id": 6}, {"start": 81, "end": 84, "rule_id": 6}]</rules>
  </verse>
  <verse>
    <verseIdArabic>٣٠</verseIdArabic>
    <verseId>30</verseId>
    <chapterId>32</chapterId>
    <textIndopak>فَأَعۡرِضۡ عَنۡهُمۡ وَٱنتَظِرۡ إِنَّهُم مُّنتَظِرُونَ</textIndopak>
    <translations>
      <translation>
        <author>King Fahad Quran Complex</author>
        <text>Maka berpalinglah kamu dari mereka dan tunggulah, sesungguhnya mereka (juga) menunggu .</text>
      </translation>
    </translations>
    <rules>[{"start": 33, "end": 36, "rule_id": 0}, {"start": 40, "end": 43, "rule_id": 0}, {"start": 38, "end": 43, "rule_id": 4}, {"start": 23, "end": 26, "rule_id": 6}, {"start": 43, "end": 46, "rule_id": 6}]</rules>
  </verse>
</verses>
