<?xml version="1.0" encoding="UTF-8"?>

<verses>
  <verse>
    <verseIdArabic>١</verseIdArabic>
    <verseId>1</verseId>
    <chapterId>33</chapterId>
    <textIndopak>يَٰٓأَيُّهَا ٱلنَّبِيُّ ٱتَّقِ ٱللَّهَ وَلَا تُطِعِ ٱلۡكَٰفِرِينَ وَٱلۡمُنَٰفِقِينَۚ إِنَّ ٱللَّهَ كَانَ عَلِيمًا حَكِيمٗا</textIndopak>
    <translations>
      <translation>
        <author>King Fahad Quran Complex</author>
        <text>Hai Nabi, bertakwalah kepada Allah dan janganlah kamu menuruti (keinginan) orang-orang kafir dan orang-orang munafik. Sesungguhnya Allah adalah Maha Mengetahui lagi Maha Bijaksana,</text>
      </translation>
    </translations>
    <rules>[{"start": 15, "end": 18, "rule_id": 0}, {"start": 88, "end": 91, "rule_id": 0}]</rules>
  </verse>
  <verse>
    <verseIdArabic>٢</verseIdArabic>
    <verseId>2</verseId>
    <chapterId>33</chapterId>
    <textIndopak>وَٱتَّبِعۡ مَا يُوحَىٰٓ إِلَيۡكَ مِن رَّبِّكَۚ إِنَّ ٱللَّهَ كَانَ بِمَا تَعۡمَلُونَ خَبِيرٗا</textIndopak>
    <translations>
      <translation>
        <author>King Fahad Quran Complex</author>
        <text>dan ikutilah apa yang diwahyukan Tuhan kepadamu. Sesungguhnya Allah adalah Maha Mengetahui apa yang kamu kerjakan.</text>
      </translation>
    </translations>
    <rules>[{"start": 50, "end": 53, "rule_id": 0}, {"start": 35, "end": 40, "rule_id": 5}]</rules>
  </verse>
  <verse>
    <verseIdArabic>٣</verseIdArabic>
    <verseId>3</verseId>
    <chapterId>33</chapterId>
    <textIndopak>وَتَوَكَّلۡ عَلَى ٱللَّهِۚ وَكَفَىٰ بِٱللَّهِ وَكِيلٗا</textIndopak>
    <translations>
      <translation>
        <author>King Fahad Quran Complex</author>
        <text>dan bertawakallah kepada Allah. Dan cukuplah Allah sebagai Pemelihara.</text>
      </translation>
    </translations>
  </verse>
  <verse>
    <verseIdArabic>٤</verseIdArabic>
    <verseId>4</verseId>
    <chapterId>33</chapterId>
    <textIndopak>مَّا جَعَلَ ٱللَّهُ لِرَجُلٖ مِّن قَلۡبَيۡنِ فِي جَوۡفِهِۦۚ وَمَا جَعَلَ أَزۡوَٰجَكُمُ ٱلَّٰٓـِٔي تُظَٰهِرُونَ مِنۡهُنَّ أُمَّهَٰتِكُمۡۚ وَمَا جَعَلَ أَدۡعِيَآءَكُمۡ أَبۡنَآءَكُمۡۚ ذَٰلِكُمۡ قَوۡلُكُم بِأَفۡوَٰهِكُمۡۖ وَٱللَّهُ يَقُولُ ٱلۡحَقَّ وَهُوَ يَهۡدِي ٱلسَّبِيلَ</textIndopak>
    <translations>
      <translation>
        <author>King Fahad Quran Complex</author>
        <text>Allah sekali-kali tidak menjadikan bagi seseorang dua buah hati dalam rongganya dan Dia tidak menjadikan istri-istrimu yang kamu ẓihār itu sebagai ibumu dan Dia tidak menjadikan anak-anak angkatmu sebagai anak kandungmu (sendiri). Yang demikian itu, hanyalah perkataanmu di mulutmu saja. Dan Allah mengatakan yang sebenarnya dan Dia menunjukkan jalan (yang benar).</text>
      </translation>
    </translations>
    <rules>[{"start": 0, "end": 3, "rule_id": 0}, {"start": 29, "end": 32, "rule_id": 0}, {"start": 118, "end": 121, "rule_id": 0}, {"start": 124, "end": 127, "rule_id": 0}, {"start": 154, "end": 156, "rule_id": 1}, {"start": 171, "end": 173, "rule_id": 1}, {"start": 26, "end": 32, "rule_id": 3}, {"start": 32, "end": 36, "rule_id": 6}, {"start": 204, "end": 208, "rule_id": 7}]</rules>
  </verse>
  <verse>
    <verseIdArabic>٥</verseIdArabic>
    <verseId>5</verseId>
    <chapterId>33</chapterId>
    <textIndopak>ٱدۡعُوهُمۡ لِأٓبَآئِهِمۡ هُوَ أَقۡسَطُ عِندَ ٱللَّهِۚ فَإِن لَّمۡ تَعۡلَمُوٓاْ ءَابَآءَهُمۡ فَإِخۡوَٰنُكُمۡ فِي ٱلدِّينِ وَمَوَٰلِيكُمۡۚ وَلَيۡسَ عَلَيۡكُمۡ جُنَاحٞ فِيمَآ أَخۡطَأۡتُم بِهِۦ وَلَٰكِن مَّا تَعَمَّدَتۡ قُلُوبُكُمۡۚ وَكَانَ ٱللَّهُ غَفُورٗا رَّحِيمًا</textIndopak>
    <translations>
      <translation>
        <author>King Fahad Quran Complex</author>
        <text>Panggilah mereka (anak-anak angkat itu) dengan (memakai) nama bapak-bapak mereka; itulah yang lebih adil pada sisi Allah dan jika kamu tidak mengetahui bapak-bapak mereka, maka (panggilah mereka sebagai) saudara-saudaramu seagama dan maula-maulamu . Dan tidak ada dosa atasmu terhadap apa yang kamu khilaf padanya, tetapi (yang ada dosanya) apa yang disengaja oleh hatimu. Dan adalah Allah Maha Pengampun lagi Maha Penyayang.</text>
      </translation>
    </translations>
    <rules>[{"start": 205, "end": 208, "rule_id": 0}, {"start": 214, "end": 217, "rule_id": 0}, {"start": 1, "end": 3, "rule_id": 1}, {"start": 34, "end": 36, "rule_id": 1}, {"start": 203, "end": 208, "rule_id": 3}, {"start": 61, "end": 66, "rule_id": 5}, {"start": 257, "end": 264, "rule_id": 5}, {"start": 43, "end": 46, "rule_id": 6}, {"start": 167, "end": 172, "rule_id": 6}, {"start": 188, "end": 192, "rule_id": 7}]</rules>
  </verse>
  <verse>
    <verseIdArabic>٦</verseIdArabic>
    <verseId>6</verseId>
    <chapterId>33</chapterId>
    <textIndopak>ٱلنَّبِيُّ أَوۡلَىٰ بِٱلۡمُؤۡمِنِينَ مِنۡ أَنفُسِهِمۡۖ وَأَزۡوَٰجُهُۥٓ أُمَّهَٰتُهُمۡۗ وَأُوْلُواْ ٱلۡأَرۡحَامِ بَعۡضُهُمۡ أَوۡلَىٰ بِبَعۡضٖ فِي كِتَٰبِ ٱللَّهِ مِنَ ٱلۡمُؤۡمِنِينَ وَٱلۡمُهَٰجِرِينَ إِلَّآ أَن تَفۡعَلُوٓاْ إِلَىٰٓ أَوۡلِيَآئِكُم مَّعۡرُوفٗاۚ كَانَ ذَٰلِكَ فِي ٱلۡكِتَٰبِ مَسۡطُورٗا</textIndopak>
    <translations>
      <translation>
        <author>King Fahad Quran Complex</author>
        <text>Nabi itu (hendaknya) lebih utama bagi orang-orang mukmin dari diri mereka sendiri dan istri-istrinya adalah ibu-ibu mereka. Dan orang-orang yang mempunyai hubungan darah satu sama lain lebih berhak (waris-mewarisi) di dalam Kitab Allah daripada orang-orang mukmim dan orang-orang Muhajirin, kecuali kalau kamu mau berbuat baik kepada saudara-saudaramu (seagama). Adalah yang demikian itu telah tertulis di dalam Kitab (Allah).</text>
      </translation>
    </translations>
    <rules>[{"start": 2, "end": 5, "rule_id": 0}, {"start": 74, "end": 77, "rule_id": 0}, {"start": 250, "end": 253, "rule_id": 0}, {"start": 248, "end": 253, "rule_id": 4}, {"start": 44, "end": 47, "rule_id": 6}, {"start": 211, "end": 215, "rule_id": 6}, {"start": 140, "end": 145, "rule_id": 6}]</rules>
  </verse>
  <verse>
    <verseIdArabic>٧</verseIdArabic>
    <verseId>7</verseId>
    <chapterId>33</chapterId>
    <textIndopak>وَإِذۡ أَخَذۡنَا مِنَ ٱلنَّبِيِّـۧنَ مِيثَٰقَهُمۡ وَمِنكَ وَمِن نُّوحٖ وَإِبۡرَٰهِيمَ وَمُوسَىٰ وَعِيسَى ٱبۡنِ مَرۡيَمَۖ وَأَخَذۡنَا مِنۡهُم مِّيثَٰقًا غَلِيظٗا</textIndopak>
    <translations>
      <translation>
        <author>King Fahad Quran Complex</author>
        <text>Dan (ingatlah) ketika Kami mengambil perjanjian dari nabi-nabi dan dari kamu (sendiri) dari Nūḥ, Ibrāhīm, Musa, dan ʻIsa putra Maryam, dan Kami telah mengambil dari mereka perjanjian yang teguh ,</text>
      </translation>
    </translations>
    <rules>[{"start": 24, "end": 27, "rule_id": 0}, {"start": 63, "end": 66, "rule_id": 0}, {"start": 141, "end": 144, "rule_id": 0}, {"start": 74, "end": 76, "rule_id": 1}, {"start": 105, "end": 107, "rule_id": 1}, {"start": 61, "end": 66, "rule_id": 3}, {"start": 67, "end": 72, "rule_id": 3}, {"start": 139, "end": 144, "rule_id": 4}, {"start": 53, "end": 56, "rule_id": 6}]</rules>
  </verse>
  <verse>
    <verseIdArabic>٨</verseIdArabic>
    <verseId>8</verseId>
    <chapterId>33</chapterId>
    <textIndopak>لِّيَسۡـَٔلَ ٱلصَّٰدِقِينَ عَن صِدۡقِهِمۡۚ وَأَعَدَّ لِلۡكَٰفِرِينَ عَذَابًا أَلِيمٗا</textIndopak>
    <translations>
      <translation>
        <author>King Fahad Quran Complex</author>
        <text>agar Dia menanyakan kepada orang-orang yang benar tentang kebenaran mereka dan Dia menyediakan bagi orang-orang kafir siksa yang pedih.</text>
      </translation>
    </translations>
    <rules>[{"start": 33, "end": 35, "rule_id": 1}, {"start": 29, "end": 33, "rule_id": 6}]</rules>
  </verse>
  <verse>
    <verseIdArabic>٩</verseIdArabic>
    <verseId>9</verseId>
    <chapterId>33</chapterId>
    <textIndopak>يَٰٓأَيُّهَا ٱلَّذِينَ ءَامَنُواْ ٱذۡكُرُواْ نِعۡمَةَ ٱللَّهِ عَلَيۡكُمۡ إِذۡ جَآءَتۡكُمۡ جُنُودٞ فَأَرۡسَلۡنَا عَلَيۡهِمۡ رِيحٗا وَجُنُودٗا لَّمۡ تَرَوۡهَاۚ وَكَانَ ٱللَّهُ بِمَا تَعۡمَلُونَ بَصِيرًا</textIndopak>
    <translations>
      <translation>
        <author>King Fahad Quran Complex</author>
        <text>Hai orang-orang yang beriman, ingatlah akan nikmat Allah (yang telah dikaruniakan) kepadamu ketika datang kepadamu tentara-tentara, lalu Kami kirimkan kepada mereka angin topan dan tentara yang tidak dapat kamu melihatnya . Dan adalah Allah Maha Melihat akan apa yang kamu kerjakan.</text>
      </translation>
    </translations>
    <rules>[{"start": 127, "end": 133, "rule_id": 3}, {"start": 138, "end": 145, "rule_id": 5}, {"start": 96, "end": 101, "rule_id": 6}]</rules>
  </verse>
  <verse>
    <verseIdArabic>١٠</verseIdArabic>
    <verseId>10</verseId>
    <chapterId>33</chapterId>
    <textIndopak>إِذۡ جَآءُوكُم مِّن فَوۡقِكُمۡ وَمِنۡ أَسۡفَلَ مِنكُمۡ وَإِذۡ زَاغَتِ ٱلۡأَبۡصَٰرُ وَبَلَغَتِ ٱلۡقُلُوبُ ٱلۡحَنَاجِرَ وَتَظُنُّونَ بِٱللَّهِ ٱلظُّنُونَا۠</textIndopak>
    <translations>
      <translation>
        <author>King Fahad Quran Complex</author>
        <text>(Yaitu) ketika mereka datang kepadamu dari atas dan dari bawahmu dan ketika tidak tetap lagi penglihatan(mu) dan hatimu naik menyesak sampai ke tenggorokan , dan kamu menyangka terhadap Allah dengan bermacam-macam purbasangka.</text>
      </translation>
    </translations>
    <rules>[{"start": 16, "end": 19, "rule_id": 0}, {"start": 125, "end": 128, "rule_id": 0}, {"start": 76, "end": 78, "rule_id": 1}, {"start": 14, "end": 19, "rule_id": 4}, {"start": 19, "end": 23, "rule_id": 6}, {"start": 50, "end": 53, "rule_id": 6}]</rules>
  </verse>
  <verse>
    <verseIdArabic>١١</verseIdArabic>
    <verseId>11</verseId>
    <chapterId>33</chapterId>
    <textIndopak>هُنَالِكَ ٱبۡتُلِيَ ٱلۡمُؤۡمِنُونَ وَزُلۡزِلُواْ زِلۡزَالٗا شَدِيدٗا</textIndopak>
    <translations>
      <translation>
        <author>King Fahad Quran Complex</author>
        <text>Di situlah diuji orang-orang mukmin dan digoncangkan (hatinya) dengan goncangan yang sangat.</text>
      </translation>
    </translations>
    <rules>[{"start": 11, "end": 13, "rule_id": 1}]</rules>
  </verse>
  <verse>
    <verseIdArabic>١٢</verseIdArabic>
    <verseId>12</verseId>
    <chapterId>33</chapterId>
    <textIndopak>وَإِذۡ يَقُولُ ٱلۡمُنَٰفِقُونَ وَٱلَّذِينَ فِي قُلُوبِهِم مَّرَضٞ مَّا وَعَدَنَا ٱللَّهُ وَرَسُولُهُۥٓ إِلَّا غُرُورٗا</textIndopak>
    <translations>
      <translation>
        <author>King Fahad Quran Complex</author>
        <text>Dan (ingatlah) ketika orang-orang munafik dan orang-orang yang berpenyakit dalam hatinya berkata, "Allah dan rasul-Nya tidak menjanjikan kepada kami, melainkan tipu daya".</text>
      </translation>
    </translations>
    <rules>[{"start": 58, "end": 61, "rule_id": 0}, {"start": 66, "end": 69, "rule_id": 0}, {"start": 63, "end": 69, "rule_id": 3}, {"start": 56, "end": 61, "rule_id": 4}]</rules>
  </verse>
  <verse>
    <verseIdArabic>١٣</verseIdArabic>
    <verseId>13</verseId>
    <chapterId>33</chapterId>
    <textIndopak>وَإِذۡ قَالَت طَّآئِفَةٞ مِّنۡهُمۡ يَٰٓأَهۡلَ يَثۡرِبَ لَا مُقَامَ لَكُمۡ فَٱرۡجِعُواْۚ وَيَسۡتَـٔۡذِنُ فَرِيقٞ مِّنۡهُمُ ٱلنَّبِيَّ يَقُولُونَ إِنَّ بُيُوتَنَا عَوۡرَةٞ وَمَا هِيَ بِعَوۡرَةٍۖ إِن يُرِيدُونَ إِلَّا فِرَارٗا</textIndopak>
    <translations>
      <translation>
        <author>King Fahad Quran Complex</author>
        <text>Dan (ingatlah) ketika segolongan di antara mereka berkata, "Hai penduduk Yaṡrib (Madinah), tidak ada tempat bagimu, maka kembalilah kamu". Dan sebagian dari mereka minta izin kepada nabi (untuk kembali pulang) dengan berkata, "Sesungguhnya rumah-rumah kami terbuka (tidak ada penjaga)". Dan rumah-rumah itu sekali-kali tidak terbuka, mereka tidak lain hanya hendak lari.</text>
      </translation>
    </translations>
    <rules>[{"start": 26, "end": 29, "rule_id": 0}, {"start": 114, "end": 117, "rule_id": 0}, {"start": 126, "end": 129, "rule_id": 0}, {"start": 148, "end": 151, "rule_id": 0}, {"start": 198, "end": 202, "rule_id": 3}, {"start": 23, "end": 29, "rule_id": 3}, {"start": 111, "end": 117, "rule_id": 3}, {"start": 169, "end": 174, "rule_id": 3}]</rules>
  </verse>
  <verse>
    <verseIdArabic>١٤</verseIdArabic>
    <verseId>14</verseId>
    <chapterId>33</chapterId>
    <textIndopak>وَلَوۡ دُخِلَتۡ عَلَيۡهِم مِّنۡ أَقۡطَارِهَا ثُمَّ سُئِلُواْ ٱلۡفِتۡنَةَ لَأٓتَوۡهَا وَمَا تَلَبَّثُواْ بِهَآ إِلَّا يَسِيرٗا</textIndopak>
    <translations>
      <translation>
        <author>King Fahad Quran Complex</author>
        <text>Kalau (Yaṡrib) diserang dari segala penjuru, kemudian diminta kepada mereka supaya murtad , niscaya mereka mengerjakannya dan mereka tiada akan menunda untuk murtad itu, melainkan dalam waktu yang singkat.</text>
      </translation>
    </translations>
    <rules>[{"start": 26, "end": 29, "rule_id": 0}, {"start": 47, "end": 50, "rule_id": 0}, {"start": 34, "end": 36, "rule_id": 1}, {"start": 24, "end": 29, "rule_id": 4}]</rules>
  </verse>
  <verse>
    <verseIdArabic>١٥</verseIdArabic>
    <verseId>15</verseId>
    <chapterId>33</chapterId>
    <textIndopak>وَلَقَدۡ كَانُواْ عَٰهَدُواْ ٱللَّهَ مِن قَبۡلُ لَا يُوَلُّونَ ٱلۡأَدۡبَٰرَۚ وَكَانَ عَهۡدُ ٱللَّهِ مَسۡـُٔولٗا</textIndopak>
    <translations>
      <translation>
        <author>King Fahad Quran Complex</author>
        <text>Dan sesungguhnya mereka sebelum itu telah berjanji kepada Allah, "Mereka tidak akan berbalik ke belakang (mundur)". Dan adalah perjanjian dengan Allah akan diminta pertanggunganjawabnya.</text>
      </translation>
    </translations>
    <rules>[{"start": 6, "end": 8, "rule_id": 1}, {"start": 43, "end": 45, "rule_id": 1}, {"start": 68, "end": 70, "rule_id": 1}, {"start": 39, "end": 43, "rule_id": 6}]</rules>
  </verse>
  <verse>
    <verseIdArabic>١٦</verseIdArabic>
    <verseId>16</verseId>
    <chapterId>33</chapterId>
    <textIndopak>قُل لَّن يَنفَعَكُمُ ٱلۡفِرَارُ إِن فَرَرۡتُم مِّنَ ٱلۡمَوۡتِ أَوِ ٱلۡقَتۡلِ وَإِذٗا لَّا تُمَتَّعُونَ إِلَّا قَلِيلٗا</textIndopak>
    <translations>
      <translation>
        <author>King Fahad Quran Complex</author>
        <text>Katakanlah, "Lari itu sekali-kali tidaklah berguna bagimu, jika kamu melarikan diri dari kematian atau pembunuhan dan jika (kamu terhindar dari kematian) kamu tidak juga akan mengecap kesenangan, kecuali sebentar saja".</text>
      </translation>
    </translations>
    <rules>[{"start": 46, "end": 49, "rule_id": 0}, {"start": 7, "end": 11, "rule_id": 3}, {"start": 44, "end": 49, "rule_id": 4}, {"start": 81, "end": 88, "rule_id": 5}, {"start": 11, "end": 14, "rule_id": 6}, {"start": 34, "end": 38, "rule_id": 6}]</rules>
  </verse>
  <verse>
    <verseIdArabic>١٧</verseIdArabic>
    <verseId>17</verseId>
    <chapterId>33</chapterId>
    <textIndopak>قُلۡ مَن ذَا ٱلَّذِي يَعۡصِمُكُم مِّنَ ٱللَّهِ إِنۡ أَرَادَ بِكُمۡ سُوٓءًا أَوۡ أَرَادَ بِكُمۡ رَحۡمَةٗۚ وَلَا يَجِدُونَ لَهُم مِّن دُونِ ٱللَّهِ وَلِيّٗا وَلَا نَصِيرٗا</textIndopak>
    <translations>
      <translation>
        <author>King Fahad Quran Complex</author>
        <text>Katakanlah, "Siapakah yang dapat melindungi kamu dari (takdir) Allah jika Dia menghendaki bencana atasmu atau menghendaki rahmat untuk dirimu?" Dan orang-orang munafik itu tidak memperoleh bagi mereka pelindung dan penolong selain Allah.</text>
      </translation>
    </translations>
    <rules>[{"start": 33, "end": 36, "rule_id": 0}, {"start": 128, "end": 131, "rule_id": 0}, {"start": 151, "end": 158, "rule_id": 3}, {"start": 31, "end": 36, "rule_id": 4}, {"start": 126, "end": 131, "rule_id": 4}, {"start": 7, "end": 11, "rule_id": 6}, {"start": 131, "end": 135, "rule_id": 6}]</rules>
  </verse>
  <verse>
    <verseIdArabic>١٨</verseIdArabic>
    <verseId>18</verseId>
    <chapterId>33</chapterId>
    <textIndopak>۞ قَدۡ يَعۡلَمُ ٱللَّهُ ٱلۡمُعَوِّقِينَ مِنكُمۡ وَٱلۡقَآئِلِينَ لِإِخۡوَٰنِهِمۡ هَلُمَّ إِلَيۡنَاۖ وَلَا يَأۡتُونَ ٱلۡبَأۡسَ إِلَّا قَلِيلًا</textIndopak>
    <translations>
      <translation>
        <author>King Fahad Quran Complex</author>
        <text>Sesungguhnya Allah mengetahui orang-orang yang menghalang-halangi di antara kamu dan orang-orang yang berkata kepada saudara-saudaranya, "Marilah kepada kami". Dan mereka tidak mendatangi peperangan, melainkan sebentar.</text>
      </translation>
    </translations>
    <rules>[{"start": 85, "end": 88, "rule_id": 0}, {"start": 4, "end": 6, "rule_id": 1}, {"start": 42, "end": 45, "rule_id": 6}]</rules>
  </verse>
  <verse>
    <verseIdArabic>١٩</verseIdArabic>
    <verseId>19</verseId>
    <chapterId>33</chapterId>
    <textIndopak>أَشِحَّةً عَلَيۡكُمۡۖ فَإِذَا جَآءَ ٱلۡخَوۡفُ رَأَيۡتَهُمۡ يَنظُرُونَ إِلَيۡكَ تَدُورُ أَعۡيُنُهُمۡ كَٱلَّذِي يُغۡشَىٰ عَلَيۡهِ مِنَ ٱلۡمَوۡتِۖ فَإِذَا ذَهَبَ ٱلۡخَوۡفُ سَلَقُوكُم بِأَلۡسِنَةٍ حِدَادٍ أَشِحَّةً عَلَى ٱلۡخَيۡرِۚ أُوْلَٰٓئِكَ لَمۡ يُؤۡمِنُواْ فَأَحۡبَطَ ٱللَّهُ أَعۡمَٰلَهُمۡۚ وَكَانَ ذَٰلِكَ عَلَى ٱللَّهِ يَسِيرٗا</textIndopak>
    <translations>
      <translation>
        <author>King Fahad Quran Complex</author>
        <text>Mereka bakhil terhadapmu, apabila datang ketakutan (bahaya), kamu lihat mereka itu memandang kepadamu dengan mata yang terbalik-balik seperti orang yang pingsan karena akan mati, dan apabila ketakutan telah hilang, mereka mencaci kamu dengan lidah yang tajam, sedang mereka bakhil untuk berbuat kebaikan. Mereka itu tidak beriman, maka Allah menghapuskan (pahala) amalnya. Dan yang demikian itu adalah mudah bagi Allah.</text>
      </translation>
    </translations>
    <rules>[{"start": 63, "end": 66, "rule_id": 6}, {"start": 181, "end": 185, "rule_id": 7}]</rules>
  </verse>
  <verse>
    <verseIdArabic>٢٠</verseIdArabic>
    <verseId>20</verseId>
    <chapterId>33</chapterId>
    <textIndopak>يَحۡسَبُونَ ٱلۡأَحۡزَابَ لَمۡ يَذۡهَبُواْۖ وَإِن يَأۡتِ ٱلۡأَحۡزَابُ يَوَدُّواْ لَوۡ أَنَّهُم بَادُونَ فِي ٱلۡأَعۡرَابِ يَسۡـَٔلُونَ عَنۡ أَنۢبَآئِكُمۡۖ وَلَوۡ كَانُواْ فِيكُم مَّا قَٰتَلُوٓاْ إِلَّا قَلِيلٗا</textIndopak>
    <translations>
      <translation>
        <author>King Fahad Quran Complex</author>
        <text>Mereka mengira (bahwa) golongan-golongan yang bersekutu itu belum pergi dan jika golongan-golongan yang bersekutu itu datang kembali, niscaya mereka ingin berada di dusun-dusun bersama-sama orang Arab Badui, sambil menanya-nanyakan tentang berita-beritamu. Dan sekiranya mereka berada bersama kamu, mereka tidak akan berperang, melainkan sebentar saja.</text>
      </translation>
    </translations>
    <rules>[{"start": 88, "end": 91, "rule_id": 0}, {"start": 179, "end": 182, "rule_id": 0}, {"start": 141, "end": 145, "rule_id": 2}, {"start": 48, "end": 52, "rule_id": 3}, {"start": 177, "end": 182, "rule_id": 4}, {"start": 93, "end": 97, "rule_id": 7}]</rules>
  </verse>
  <verse>
    <verseIdArabic>٢١</verseIdArabic>
    <verseId>21</verseId>
    <chapterId>33</chapterId>
    <textIndopak>لَّقَدۡ كَانَ لَكُمۡ فِي رَسُولِ ٱللَّهِ أُسۡوَةٌ حَسَنَةٞ لِّمَن كَانَ يَرۡجُواْ ٱللَّهَ وَٱلۡيَوۡمَ ٱلۡأٓخِرَ وَذَكَرَ ٱللَّهَ كَثِيرٗا</textIndopak>
    <translations>
      <translation>
        <author>King Fahad Quran Complex</author>
        <text>Sesungguhnya telah ada pada (diri) Rasulullah itu suri teladan yang baik bagimu (yaitu) bagi orang yang mengharap (rahmat) Allah dan (kedatangan) hari kiamat dan dia banyak menyebut Allah.</text>
      </translation>
    </translations>
    <rules>[{"start": 5, "end": 7, "rule_id": 1}, {"start": 56, "end": 62, "rule_id": 5}, {"start": 64, "end": 68, "rule_id": 6}]</rules>
  </verse>
  <verse>
    <verseIdArabic>٢٢</verseIdArabic>
    <verseId>22</verseId>
    <chapterId>33</chapterId>
    <textIndopak>وَلَمَّا رَءَا ٱلۡمُؤۡمِنُونَ ٱلۡأَحۡزَابَ قَالُواْ هَٰذَا مَا وَعَدَنَا ٱللَّهُ وَرَسُولُهُۥ وَصَدَقَ ٱللَّهُ وَرَسُولُهُۥۚ وَمَا زَادَهُمۡ إِلَّآ إِيمَٰنٗا وَتَسۡلِيمٗا</textIndopak>
    <translations>
      <translation>
        <author>King Fahad Quran Complex</author>
        <text>Dan tatkala orang-orang mukmin melihat golongan-golongan yang bersekutu itu, mereka berkata, "Inilah yang dijanjikan Allah dan rasul-Nya kepada kita". Dan benarlah Allah dan rasul-Nya. Dan yang demikian itu, tidaklah menambah kepada mereka, kecuali iman dan ketundukan.</text>
      </translation>
    </translations>
    <rules>[{"start": 4, "end": 7, "rule_id": 0}, {"start": 156, "end": 162, "rule_id": 3}]</rules>
  </verse>
  <verse>
    <verseIdArabic>٢٣</verseIdArabic>
    <verseId>23</verseId>
    <chapterId>33</chapterId>
    <textIndopak>مِّنَ ٱلۡمُؤۡمِنِينَ رِجَالٞ صَدَقُواْ مَا عَٰهَدُواْ ٱللَّهَ عَلَيۡهِۖ فَمِنۡهُم مَّن قَضَىٰ نَحۡبَهُۥ وَمِنۡهُم مَّن يَنتَظِرُۖ وَمَا بَدَّلُواْ تَبۡدِيلٗا</textIndopak>
    <translations>
      <translation>
        <author>King Fahad Quran Complex</author>
        <text>Di antara orang-orang mukmin itu, ada orang-orang yang menepati apa yang telah mereka janjikan kepada Allah, maka di antara mereka ada yang gugur. Dan di antara mereka, ada (pula) yang menunggu-nunggu dan mereka tidak mengubah (janjinya),</text>
      </translation>
    </translations>
    <rules>[{"start": 0, "end": 3, "rule_id": 0}, {"start": 83, "end": 86, "rule_id": 0}, {"start": 115, "end": 118, "rule_id": 0}, {"start": 151, "end": 153, "rule_id": 1}, {"start": 118, "end": 122, "rule_id": 3}, {"start": 81, "end": 86, "rule_id": 4}, {"start": 113, "end": 118, "rule_id": 4}, {"start": 86, "end": 90, "rule_id": 6}, {"start": 122, "end": 125, "rule_id": 6}, {"start": 26, "end": 31, "rule_id": 6}]</rules>
  </verse>
  <verse>
    <verseIdArabic>٢٤</verseIdArabic>
    <verseId>24</verseId>
    <chapterId>33</chapterId>
    <textIndopak>لِّيَجۡزِيَ ٱللَّهُ ٱلصَّٰدِقِينَ بِصِدۡقِهِمۡ وَيُعَذِّبَ ٱلۡمُنَٰفِقِينَ إِن شَآءَ أَوۡ يَتُوبَ عَلَيۡهِمۡۚ إِنَّ ٱللَّهَ كَانَ غَفُورٗا رَّحِيمٗا</textIndopak>
    <translations>
      <translation>
        <author>King Fahad Quran Complex</author>
        <text>supaya Allah memberikan balasan kepada orang-orang yang benar itu karena kebenarannya dan menyiksa orang munafik, jika dikehendaki-Nya atau menerima tobat mereka. Sesungguhnya Allah adalah Maha Pengampun lagi Maha Penyayang.</text>
      </translation>
    </translations>
    <rules>[{"start": 114, "end": 117, "rule_id": 0}, {"start": 5, "end": 7, "rule_id": 1}, {"start": 38, "end": 40, "rule_id": 1}, {"start": 137, "end": 144, "rule_id": 5}, {"start": 77, "end": 81, "rule_id": 6}]</rules>
  </verse>
  <verse>
    <verseIdArabic>٢٥</verseIdArabic>
    <verseId>25</verseId>
    <chapterId>33</chapterId>
    <textIndopak>وَرَدَّ ٱللَّهُ ٱلَّذِينَ كَفَرُواْ بِغَيۡظِهِمۡ لَمۡ يَنَالُواْ خَيۡرٗاۚ وَكَفَى ٱللَّهُ ٱلۡمُؤۡمِنِينَ ٱلۡقِتَالَۚ وَكَانَ ٱللَّهُ قَوِيًّا عَزِيزٗا</textIndopak>
    <translations>
      <translation>
        <author>King Fahad Quran Complex</author>
        <text>Dan Allah menghalau orang-orang yang kafir itu yang keadaan mereka penuh kejengkelan, (lagi) mereka tidak memperoleh keuntungan apa pun. Dan Allah menghindarkan orang-orang mukmin dari peperangan . Dan adalah Allah Maha Kuat lagi Maha Perkasa.</text>
      </translation>
    </translations>
  </verse>
  <verse>
    <verseIdArabic>٢٦</verseIdArabic>
    <verseId>26</verseId>
    <chapterId>33</chapterId>
    <textIndopak>وَأَنزَلَ ٱلَّذِينَ ظَٰهَرُوهُم مِّنۡ أَهۡلِ ٱلۡكِتَٰبِ مِن صَيَاصِيهِمۡ وَقَذَفَ فِي قُلُوبِهِمُ ٱلرُّعۡبَ فَرِيقٗا تَقۡتُلُونَ وَتَأۡسِرُونَ فَرِيقٗا</textIndopak>
    <translations>
      <translation>
        <author>King Fahad Quran Complex</author>
        <text>Dan Dia menurunkan orang-orang ahli kitab (Bani Qurayẓah) yang membantu golongan-golongan yang bersekutu dari benteng-benteng mereka dan Dia memasukkan rasa takut ke dalam hati mereka. Sebagian mereka kamu bunuh dan sebagian yang lain kamu tawan .</text>
      </translation>
    </translations>
    <rules>[{"start": 32, "end": 35, "rule_id": 0}, {"start": 119, "end": 121, "rule_id": 1}, {"start": 30, "end": 35, "rule_id": 4}, {"start": 4, "end": 7, "rule_id": 6}, {"start": 58, "end": 62, "rule_id": 6}]</rules>
  </verse>
  <verse>
    <verseIdArabic>٢٧</verseIdArabic>
    <verseId>27</verseId>
    <chapterId>33</chapterId>
    <textIndopak>وَأَوۡرَثَكُمۡ أَرۡضَهُمۡ وَدِيَٰرَهُمۡ وَأَمۡوَٰلَهُمۡ وَأَرۡضٗا لَّمۡ تَطَـُٔوهَاۚ وَكَانَ ٱللَّهُ عَلَىٰ كُلِّ شَيۡءٖ قَدِيرٗا</textIndopak>
    <translations>
      <translation>
        <author>King Fahad Quran Complex</author>
        <text>Dan Dia mewariskan kepada kamu tanah-tanah, rumah-rumah, dan harta benda mereka, dan (begitu pula) tanah yang belum kamu injak . Dan adalah Allah Maha Kuasa terhadap segala sesuatu.</text>
      </translation>
    </translations>
    <rules>[{"start": 62, "end": 69, "rule_id": 5}, {"start": 119, "end": 124, "rule_id": 6}]</rules>
  </verse>
  <verse>
    <verseIdArabic>٢٨</verseIdArabic>
    <verseId>28</verseId>
    <chapterId>33</chapterId>
    <textIndopak>يَٰٓأَيُّهَا ٱلنَّبِيُّ قُل لِّأَزۡوَٰجِكَ إِن كُنتُنَّ تُرِدۡنَ ٱلۡحَيَوٰةَ ٱلدُّنۡيَا وَزِينَتَهَا فَتَعَالَيۡنَ أُمَتِّعۡكُنَّ وَأُسَرِّحۡكُنَّ سَرَاحٗا جَمِيلٗا</textIndopak>
    <translations>
      <translation>
        <author>King Fahad Quran Complex</author>
        <text>Hai Nabi, katakanlah kepada istri-istrimu, "Jika kamu sekalian mengingini kehidupan dunia dan perhiasannya, maka marilah supaya kuberikan kepadamu mutah dan aku ceraikan kamu dengan cara yang baik.</text>
      </translation>
    </translations>
    <rules>[{"start": 15, "end": 18, "rule_id": 0}, {"start": 52, "end": 55, "rule_id": 0}, {"start": 126, "end": 129, "rule_id": 0}, {"start": 143, "end": 146, "rule_id": 0}, {"start": 60, "end": 62, "rule_id": 1}, {"start": 45, "end": 49, "rule_id": 6}, {"start": 49, "end": 52, "rule_id": 6}]</rules>
  </verse>
  <verse>
    <verseIdArabic>٢٩</verseIdArabic>
    <verseId>29</verseId>
    <chapterId>33</chapterId>
    <textIndopak>وَإِن كُنتُنَّ تُرِدۡنَ ٱللَّهَ وَرَسُولَهُۥ وَٱلدَّارَ ٱلۡأٓخِرَةَ فَإِنَّ ٱللَّهَ أَعَدَّ لِلۡمُحۡسِنَٰتِ مِنكُنَّ أَجۡرًا عَظِيمٗا</textIndopak>
    <translations>
      <translation>
        <author>King Fahad Quran Complex</author>
        <text>Dan jika kamu sekalian menghendaki (keridaan) Allah dan rasulnya-Nya serta (kesenangan) di negeri akhirat, maka sesungguhnya Allah menyediakan bagi siapa yang berbuat baik di antaramu pahala yang besar.</text>
      </translation>
    </translations>
    <rules>[{"start": 11, "end": 14, "rule_id": 0}, {"start": 73, "end": 76, "rule_id": 0}, {"start": 114, "end": 117, "rule_id": 0}, {"start": 19, "end": 21, "rule_id": 1}, {"start": 120, "end": 122, "rule_id": 1}, {"start": 4, "end": 8, "rule_id": 6}, {"start": 8, "end": 11, "rule_id": 6}, {"start": 111, "end": 114, "rule_id": 6}]</rules>
  </verse>
  <verse>
    <verseIdArabic>٣٠</verseIdArabic>
    <verseId>30</verseId>
    <chapterId>33</chapterId>
    <textIndopak>يَٰنِسَآءَ ٱلنَّبِيِّ مَن يَأۡتِ مِنكُنَّ بِفَٰحِشَةٖ مُّبَيِّنَةٖ يُضَٰعَفۡ لَهَا ٱلۡعَذَابُ ضِعۡفَيۡنِۚ وَكَانَ ذَٰلِكَ عَلَى ٱللَّهِ يَسِيرٗا</textIndopak>
    <translations>
      <translation>
        <author>King Fahad Quran Complex</author>
        <text>Hai istri-istri nabi, siapa-siapa di antaramu yang mengerjakan perbuatan keji yang nyata, niscaya akan dilipatgandakan siksaan kepada mereka dua kali lipat. Dan adalah yang demikian itu mudah bagi Allah.</text>
      </translation>
    </translations>
    <rules>[{"start": 14, "end": 17, "rule_id": 0}, {"start": 39, "end": 42, "rule_id": 0}, {"start": 55, "end": 58, "rule_id": 0}, {"start": 25, "end": 29, "rule_id": 3}, {"start": 52, "end": 58, "rule_id": 3}, {"start": 65, "end": 70, "rule_id": 3}, {"start": 36, "end": 39, "rule_id": 6}]</rules>
  </verse>
  <verse>
    <verseIdArabic>٣١</verseIdArabic>
    <verseId>31</verseId>
    <chapterId>33</chapterId>
    <textIndopak>۞ وَمَن يَقۡنُتۡ مِنكُنَّ لِلَّهِ وَرَسُولِهِۦ وَتَعۡمَلۡ صَٰلِحٗا نُّؤۡتِهَآ أَجۡرَهَا مَرَّتَيۡنِ وَأَعۡتَدۡنَا لَهَا رِزۡقٗا كَرِيمٗا</textIndopak>
    <translations>
      <translation>
        <author>King Fahad Quran Complex</author>
        <text>Dan barang siapa di antara kamu sekalian (istri-istri nabi) tetap taat kepada Allah dan rasul-Nya dan mengerjakan amal yang saleh, niscaya Kami memberikan kepadanya pahala dua kali lipat dan Kami sediakan baginya rezeki yang mulia.</text>
      </translation>
    </translations>
    <rules>[{"start": 22, "end": 25, "rule_id": 0}, {"start": 67, "end": 70, "rule_id": 0}, {"start": 10, "end": 12, "rule_id": 1}, {"start": 81, "end": 83, "rule_id": 1}, {"start": 109, "end": 111, "rule_id": 1}, {"start": 6, "end": 10, "rule_id": 3}, {"start": 63, "end": 70, "rule_id": 3}, {"start": 19, "end": 22, "rule_id": 6}]</rules>
  </verse>
  <verse>
    <verseIdArabic>٣٢</verseIdArabic>
    <verseId>32</verseId>
    <chapterId>33</chapterId>
    <textIndopak>يَٰنِسَآءَ ٱلنَّبِيِّ لَسۡتُنَّ كَأَحَدٖ مِّنَ ٱلنِّسَآءِ إِنِ ٱتَّقَيۡتُنَّۚ فَلَا تَخۡضَعۡنَ بِٱلۡقَوۡلِ فَيَطۡمَعَ ٱلَّذِي فِي قَلۡبِهِۦ مَرَضٞ وَقُلۡنَ قَوۡلٗا مَّعۡرُوفٗا</textIndopak>
    <translations>
      <translation>
        <author>King Fahad Quran Complex</author>
        <text>Hai istri-istri nabi, kamu sekalian tidaklah seperti wanita yang lain, jika kamu bertakwa. Maka janganlah kamu tunduk dalam berbicara sehingga berkeinginanlah orang yang ada penyakit dalam hatinya , dan ucapkanlah perkataan yang baik,</text>
      </translation>
    </translations>
    <rules>[{"start": 14, "end": 17, "rule_id": 0}, {"start": 29, "end": 32, "rule_id": 0}, {"start": 42, "end": 45, "rule_id": 0}, {"start": 50, "end": 53, "rule_id": 0}, {"start": 77, "end": 80, "rule_id": 0}, {"start": 167, "end": 170, "rule_id": 0}, {"start": 114, "end": 116, "rule_id": 1}, {"start": 39, "end": 45, "rule_id": 3}, {"start": 147, "end": 152, "rule_id": 3}, {"start": 163, "end": 170, "rule_id": 3}]</rules>
  </verse>
  <verse>
    <verseIdArabic>٣٣</verseIdArabic>
    <verseId>33</verseId>
    <chapterId>33</chapterId>
    <textIndopak>وَقَرۡنَ فِي بُيُوتِكُنَّ وَلَا تَبَرَّجۡنَ تَبَرُّجَ ٱلۡجَٰهِلِيَّةِ ٱلۡأُولَىٰۖ وَأَقِمۡنَ ٱلصَّلَوٰةَ وَءَاتِينَ ٱلزَّكَوٰةَ وَأَطِعۡنَ ٱللَّهَ وَرَسُولَهُۥٓۚ إِنَّمَا يُرِيدُ ٱللَّهُ لِيُذۡهِبَ عَنكُمُ ٱلرِّجۡسَ أَهۡلَ ٱلۡبَيۡتِ وَيُطَهِّرَكُمۡ تَطۡهِيرٗا</textIndopak>
    <translations>
      <translation>
        <author>King Fahad Quran Complex</author>
        <text>dan hendaklah kamu tetap di rumahmu , dan janganlah kamu berhias dan bertingkah laku seperti orang-orang Jahiliah yang dahulu , dan dirikanlah salat, tunaikanlah zakat, dan taatilah Allah dan rasul-Nya. Sesungguhnya Allah bermaksud hendak menghilangkan dosa dari kamu, Hai Ahlulbait dan membersihkan kamu sebersih-bersihnya.</text>
      </translation>
    </translations>
    <rules>[{"start": 22, "end": 25, "rule_id": 0}, {"start": 166, "end": 169, "rule_id": 0}, {"start": 39, "end": 41, "rule_id": 1}, {"start": 213, "end": 215, "rule_id": 1}, {"start": 253, "end": 255, "rule_id": 1}, {"start": 202, "end": 205, "rule_id": 6}]</rules>
  </verse>
  <verse>
    <verseIdArabic>٣٤</verseIdArabic>
    <verseId>34</verseId>
    <chapterId>33</chapterId>
    <textIndopak>وَٱذۡكُرۡنَ مَا يُتۡلَىٰ فِي بُيُوتِكُنَّ مِنۡ ءَايَٰتِ ٱللَّهِ وَٱلۡحِكۡمَةِۚ إِنَّ ٱللَّهَ كَانَ لَطِيفًا خَبِيرًا</textIndopak>
    <translations>
      <translation>
        <author>King Fahad Quran Complex</author>
        <text>Dan ingatlah apa yang dibacakan di rumahmu dari ayat-ayat Allah dan hikmah (sunah nabimu). Sesungguhnya Allah adalah Maha Lembut lagi Maha Mengetahui.</text>
      </translation>
    </translations>
    <rules>[{"start": 38, "end": 41, "rule_id": 0}, {"start": 82, "end": 85, "rule_id": 0}]</rules>
  </verse>
  <verse>
    <verseIdArabic>٣٥</verseIdArabic>
    <verseId>35</verseId>
    <chapterId>33</chapterId>
    <textIndopak>إِنَّ ٱلۡمُسۡلِمِينَ وَٱلۡمُسۡلِمَٰتِ وَٱلۡمُؤۡمِنِينَ وَٱلۡمُؤۡمِنَٰتِ وَٱلۡقَٰنِتِينَ وَٱلۡقَٰنِتَٰتِ وَٱلصَّٰدِقِينَ وَٱلصَّٰدِقَٰتِ وَٱلصَّٰبِرِينَ وَٱلصَّٰبِرَٰتِ وَٱلۡخَٰشِعِينَ وَٱلۡخَٰشِعَٰتِ وَٱلۡمُتَصَدِّقِينَ وَٱلۡمُتَصَدِّقَٰتِ وَٱلصَّٰٓئِمِينَ وَٱلصَّٰٓئِمَٰتِ وَٱلۡحَٰفِظِينَ فُرُوجَهُمۡ وَٱلۡحَٰفِظَٰتِ وَٱلذَّٰكِرِينَ ٱللَّهَ كَثِيرٗا وَٱلذَّٰكِرَٰتِ أَعَدَّ ٱللَّهُ لَهُم مَّغۡفِرَةٗ وَأَجۡرًا عَظِيمٗا</textIndopak>
    <translations>
      <translation>
        <author>King Fahad Quran Complex</author>
        <text>Sesungguhnya laki-laki dan perempuan yang muslim, laki-laki dan perempuan yang mukmin , laki-laki dan perempuan yang tetap dalam ketaatannya, laki-laki dan perempuan yang benar, laki-laki dan perempuan yang sabar, laki-laki dan perempuan yang khusyuk, laki-laki dan perempuan yang bersedekah, laki-laki dan perempuan yang berpuasa, laki-laki dan perempuan yang memelihara kehormatannya, laki-laki dan perempuan yang banyak menyebut (nama) Allah, Allah telah menyediakan untuk mereka ampunan dan pahala yang besar.</text>
      </translation>
    </translations>
    <rules>[{"start": 2, "end": 5, "rule_id": 0}, {"start": 389, "end": 392, "rule_id": 0}, {"start": 405, "end": 407, "rule_id": 1}, {"start": 347, "end": 353, "rule_id": 3}, {"start": 398, "end": 403, "rule_id": 3}, {"start": 387, "end": 392, "rule_id": 4}]</rules>
  </verse>
  <verse>
    <verseIdArabic>٣٦</verseIdArabic>
    <verseId>36</verseId>
    <chapterId>33</chapterId>
    <textIndopak>وَمَا كَانَ لِمُؤۡمِنٖ وَلَا مُؤۡمِنَةٍ إِذَا قَضَى ٱللَّهُ وَرَسُولُهُۥٓ أَمۡرًا أَن يَكُونَ لَهُمُ ٱلۡخِيَرَةُ مِنۡ أَمۡرِهِمۡۗ وَمَن يَعۡصِ ٱللَّهَ وَرَسُولَهُۥ فَقَدۡ ضَلَّ ضَلَٰلٗا مُّبِينٗا</textIndopak>
    <translations>
      <translation>
        <author>King Fahad Quran Complex</author>
        <text>Dan tidaklah patut bagi laki-laki yang mukmin dan tidak (pula) bagi perempuan yang mukmin, apabila Allah dan rasul-Nya telah menetapkan suatu ketetapan akan ada bagi mereka pilihan (yang lain) tentang urusan mereka. Dan barang siapa mendurhakai Allah dan rasul-Nya, maka sungguhlah dia telah sesat, sesat yang nyata.</text>
      </translation>
    </translations>
    <rules>[{"start": 187, "end": 190, "rule_id": 0}, {"start": 169, "end": 171, "rule_id": 1}, {"start": 84, "end": 88, "rule_id": 3}, {"start": 135, "end": 139, "rule_id": 3}, {"start": 20, "end": 25, "rule_id": 3}, {"start": 183, "end": 190, "rule_id": 3}]</rules>
  </verse>
  <verse>
    <verseIdArabic>٣٧</verseIdArabic>
    <verseId>37</verseId>
    <chapterId>33</chapterId>
    <textIndopak>وَإِذۡ تَقُولُ لِلَّذِيٓ أَنۡعَمَ ٱللَّهُ عَلَيۡهِ وَأَنۡعَمۡتَ عَلَيۡهِ أَمۡسِكۡ عَلَيۡكَ زَوۡجَكَ وَٱتَّقِ ٱللَّهَ وَتُخۡفِي فِي نَفۡسِكَ مَا ٱللَّهُ مُبۡدِيهِ وَتَخۡشَى ٱلنَّاسَ وَٱللَّهُ أَحَقُّ أَن تَخۡشَىٰهُۖ فَلَمَّا قَضَىٰ زَيۡدٞ مِّنۡهَا وَطَرٗا زَوَّجۡنَٰكَهَا لِكَيۡ لَا يَكُونَ عَلَى ٱلۡمُؤۡمِنِينَ حَرَجٞ فِيٓ أَزۡوَٰجِ أَدۡعِيَآئِهِمۡ إِذَا قَضَوۡاْ مِنۡهُنَّ وَطَرٗاۚ وَكَانَ أَمۡرُ ٱللَّهِ مَفۡعُولٗا</textIndopak>
    <translations>
      <translation>
        <author>King Fahad Quran Complex</author>
        <text>Dan (ingatlah), ketika kamu berkata kepada orang yang Allah telah melimpahkan nikmat kepadanya dan kamu (juga) telah memberi nikmat kepadanya, "Tahanlah terus istrimu dan bertakwalah kepada Allah", sedang kamu menyembunyikan di dalam hatimu apa yang Allah akan menyatakannya dan kamu takut kepada manusia, sedang Allah-lah yang lebih berhak untuk kamu takuti. Maka tatkala Zaid telah mengakhiri keperluan terhadap istrinya (menceraikannya), Kami kawinkan kamu dengan dia supaya tidak ada keberatan bagi orang mukmin untuk (mengawini) istri-istri anak-anak angkat mereka, apabila anak-anak angkat itu telah menyelesaikan keperluannya daripada istrinya . Dan adalah ketetapan Allah itu pasti terjadi.</text>
      </translation>
    </translations>
    <rules>[{"start": 174, "end": 177, "rule_id": 0}, {"start": 220, "end": 223, "rule_id": 0}, {"start": 239, "end": 242, "rule_id": 0}, {"start": 372, "end": 375, "rule_id": 0}, {"start": 154, "end": 156, "rule_id": 1}, {"start": 261, "end": 263, "rule_id": 1}, {"start": 336, "end": 338, "rule_id": 1}, {"start": 236, "end": 242, "rule_id": 3}, {"start": 201, "end": 205, "rule_id": 6}, {"start": 316, "end": 321, "rule_id": 6}]</rules>
  </verse>
  <verse>
    <verseIdArabic>٣٨</verseIdArabic>
    <verseId>38</verseId>
    <chapterId>33</chapterId>
    <textIndopak>مَّا كَانَ عَلَى ٱلنَّبِيِّ مِنۡ حَرَجٖ فِيمَا فَرَضَ ٱللَّهُ لَهُۥۖ سُنَّةَ ٱللَّهِ فِي ٱلَّذِينَ خَلَوۡاْ مِن قَبۡلُۚ وَكَانَ أَمۡرُ ٱللَّهِ قَدَرٗا مَّقۡدُورًا</textIndopak>
    <translations>
      <translation>
        <author>King Fahad Quran Complex</author>
        <text>Tidak ada suatu keberatanpun atas nabi tentang apa yang telah ditetapkan Allah baginya. (Allah telah menetapkan yang demikian) sebagai sunah-Nya pada nabi-nabi yang telah berlalu dahulu . Dan adalah ketetapan Allah itu suatu ketetapan yang pasti berlaku,</text>
      </translation>
    </translations>
    <rules>[{"start": 0, "end": 3, "rule_id": 0}, {"start": 19, "end": 22, "rule_id": 0}, {"start": 72, "end": 75, "rule_id": 0}, {"start": 153, "end": 156, "rule_id": 0}, {"start": 115, "end": 117, "rule_id": 1}, {"start": 156, "end": 158, "rule_id": 1}, {"start": 149, "end": 156, "rule_id": 3}, {"start": 111, "end": 115, "rule_id": 6}, {"start": 37, "end": 42, "rule_id": 6}]</rules>
  </verse>
  <verse>
    <verseIdArabic>٣٩</verseIdArabic>
    <verseId>39</verseId>
    <chapterId>33</chapterId>
    <textIndopak>ٱلَّذِينَ يُبَلِّغُونَ رِسَٰلَٰتِ ٱللَّهِ وَيَخۡشَوۡنَهُۥ وَلَا يَخۡشَوۡنَ أَحَدًا إِلَّا ٱللَّهَۗ وَكَفَىٰ بِٱللَّهِ حَسِيبٗا</textIndopak>
    <translations>
      <translation>
        <author>King Fahad Quran Complex</author>
        <text>(yaitu) orang-orang yang menyampaikan risalah-risalah Allah ; mereka takut kepada-Nya dan mereka tiada merasa takut kepada seorang(pun) selain kepada Allah. Dan cukuplah Allah sebagai Pembuat Perhitungan.</text>
      </translation>
    </translations>
  </verse>
  <verse>
    <verseIdArabic>٤٠</verseIdArabic>
    <verseId>40</verseId>
    <chapterId>33</chapterId>
    <textIndopak>مَّا كَانَ مُحَمَّدٌ أَبَآ أَحَدٖ مِّن رِّجَالِكُمۡ وَلَٰكِن رَّسُولَ ٱللَّهِ وَخَاتَمَ ٱلنَّبِيِّـۧنَۗ وَكَانَ ٱللَّهُ بِكُلِّ شَيۡءٍ عَلِيمٗا</textIndopak>
    <translations>
      <translation>
        <author>King Fahad Quran Complex</author>
        <text>Muhammad itu sekali-kali bukanlah bapak dari seorang laki-laki di antara kamu , tetapi dia adalah Rasulullah dan penutup nabi-nabi. Dan adalah Allah Maha Mengetahui segala sesuatu.</text>
      </translation>
    </translations>
    <rules>[{"start": 0, "end": 3, "rule_id": 0}, {"start": 15, "end": 18, "rule_id": 0}, {"start": 35, "end": 38, "rule_id": 0}, {"start": 91, "end": 94, "rule_id": 0}, {"start": 32, "end": 38, "rule_id": 3}, {"start": 38, "end": 43, "rule_id": 5}, {"start": 60, "end": 65, "rule_id": 5}]</rules>
  </verse>
  <verse>
    <verseIdArabic>٤١</verseIdArabic>
    <verseId>41</verseId>
    <chapterId>33</chapterId>
    <textIndopak>يَٰٓأَيُّهَا ٱلَّذِينَ ءَامَنُواْ ٱذۡكُرُواْ ٱللَّهَ ذِكۡرٗا كَثِيرٗا</textIndopak>
    <translations>
      <translation>
        <author>King Fahad Quran Complex</author>
        <text>Hai orang-orang yang beriman, berzikirlah (dengan menyebut nama) Allah; zikir yang sebanyak-banyaknya.</text>
      </translation>
    </translations>
  </verse>
  <verse>
    <verseIdArabic>٤٢</verseIdArabic>
    <verseId>42</verseId>
    <chapterId>33</chapterId>
    <textIndopak>وَسَبِّحُوهُ بُكۡرَةٗ وَأَصِيلًا</textIndopak>
    <translations>
      <translation>
        <author>King Fahad Quran Complex</author>
        <text>Dan bertasbihlah kepada-Nya pada waktu pagi dan petang.</text>
      </translation>
    </translations>
    <rules>[{"start": 19, "end": 24, "rule_id": 3}]</rules>
  </verse>
  <verse>
    <verseIdArabic>٤٣</verseIdArabic>
    <verseId>43</verseId>
    <chapterId>33</chapterId>
    <textIndopak>هُوَ ٱلَّذِي يُصَلِّي عَلَيۡكُمۡ وَمَلَٰٓئِكَتُهُۥ لِيُخۡرِجَكُم مِّنَ ٱلظُّلُمَٰتِ إِلَى ٱلنُّورِۚ وَكَانَ بِٱلۡمُؤۡمِنِينَ رَحِيمٗا</textIndopak>
    <translations>
      <translation>
        <author>King Fahad Quran Complex</author>
        <text>Dia-lah yang memberi rahmat kepadamu dan malaikat-Nya (memohonkan ampunan untukmu), supaya Dia mengeluarkan kamu dari kegelapan kepada cahaya (yang terang). Dan adalah Dia Maha Penyayang kepada orang-orang yang beriman.</text>
      </translation>
    </translations>
    <rules>[{"start": 65, "end": 68, "rule_id": 0}, {"start": 92, "end": 95, "rule_id": 0}, {"start": 63, "end": 68, "rule_id": 4}]</rules>
  </verse>
  <verse>
    <verseIdArabic>٤٤</verseIdArabic>
    <verseId>44</verseId>
    <chapterId>33</chapterId>
    <textIndopak>تَحِيَّتُهُمۡ يَوۡمَ يَلۡقَوۡنَهُۥ سَلَٰمٞۚ وَأَعَدَّ لَهُمۡ أَجۡرٗا كَرِيمٗا</textIndopak>
    <translations>
      <translation>
        <author>King Fahad Quran Complex</author>
        <text>Salam penghormatan kepada mereka (orang-orang mukmin itu) pada hari mereka menemui-Nya ialah, "Salām" dan Dia menyediakan pahala yang mulia bagi mereka.</text>
      </translation>
    </translations>
    <rules>[{"start": 64, "end": 66, "rule_id": 1}]</rules>
  </verse>
  <verse>
    <verseIdArabic>٤٥</verseIdArabic>
    <verseId>45</verseId>
    <chapterId>33</chapterId>
    <textIndopak>يَٰٓأَيُّهَا ٱلنَّبِيُّ إِنَّآ أَرۡسَلۡنَٰكَ شَٰهِدٗا وَمُبَشِّرٗا وَنَذِيرٗا</textIndopak>
    <translations>
      <translation>
        <author>King Fahad Quran Complex</author>
        <text>Hai Nabi, sesungguhnya Kami mengutusmu untuk jadi saksi dan pembawa kabar gembira dan pemberi peringatan,</text>
      </translation>
    </translations>
    <rules>[{"start": 15, "end": 18, "rule_id": 0}, {"start": 26, "end": 29, "rule_id": 0}, {"start": 51, "end": 57, "rule_id": 3}, {"start": 64, "end": 70, "rule_id": 3}]</rules>
  </verse>
  <verse>
    <verseIdArabic>٤٦</verseIdArabic>
    <verseId>46</verseId>
    <chapterId>33</chapterId>
    <textIndopak>وَدَاعِيًا إِلَى ٱللَّهِ بِإِذۡنِهِۦ وَسِرَاجٗا مُّنِيرٗا</textIndopak>
    <translations>
      <translation>
        <author>King Fahad Quran Complex</author>
        <text>dan untuk menjadi penyeru kepada agama Allah dengan izin-Nya dan untuk menjadi cahaya yang menerangi.</text>
      </translation>
    </translations>
    <rules>[{"start": 48, "end": 51, "rule_id": 0}, {"start": 44, "end": 51, "rule_id": 3}]</rules>
  </verse>
  <verse>
    <verseIdArabic>٤٧</verseIdArabic>
    <verseId>47</verseId>
    <chapterId>33</chapterId>
    <textIndopak>وَبَشِّرِ ٱلۡمُؤۡمِنِينَ بِأَنَّ لَهُم مِّنَ ٱللَّهِ فَضۡلٗا كَبِيرٗا</textIndopak>
    <translations>
      <translation>
        <author>King Fahad Quran Complex</author>
        <text>Dan sampaikanlah berita gembira kepada orang-orang mukmin bahwa sesungguhnya bagi mereka karunia yang besar dari Allah.</text>
      </translation>
    </translations>
    <rules>[{"start": 29, "end": 32, "rule_id": 0}, {"start": 39, "end": 42, "rule_id": 0}, {"start": 37, "end": 42, "rule_id": 4}]</rules>
  </verse>
  <verse>
    <verseIdArabic>٤٨</verseIdArabic>
    <verseId>48</verseId>
    <chapterId>33</chapterId>
    <textIndopak>وَلَا تُطِعِ ٱلۡكَٰفِرِينَ وَٱلۡمُنَٰفِقِينَ وَدَعۡ أَذَىٰهُمۡ وَتَوَكَّلۡ عَلَى ٱللَّهِۚ وَكَفَىٰ بِٱللَّهِ وَكِيلٗا</textIndopak>
    <translations>
      <translation>
        <author>King Fahad Quran Complex</author>
        <text>Dan janganlah kamu menuruti orang-orang yang kafir dan orang-orang munafik itu; janganlah kamu hiraukan gangguan mereka dan bertawakallah kepada Allah. Dan cukuplah Allah sebagai Pelindung.</text>
      </translation>
    </translations>
  </verse>
  <verse>
    <verseIdArabic>٤٩</verseIdArabic>
    <verseId>49</verseId>
    <chapterId>33</chapterId>
    <textIndopak>يَٰٓأَيُّهَا ٱلَّذِينَ ءَامَنُوٓاْ إِذَا نَكَحۡتُمُ ٱلۡمُؤۡمِنَٰتِ ثُمَّ طَلَّقۡتُمُوهُنَّ مِن قَبۡلِ أَن تَمَسُّوهُنَّ فَمَا لَكُمۡ عَلَيۡهِنَّ مِنۡ عِدَّةٖ تَعۡتَدُّونَهَاۖ فَمَتِّعُوهُنَّ وَسَرِّحُوهُنَّ سَرَاحٗا جَمِيلٗا</textIndopak>
    <translations>
      <translation>
        <author>King Fahad Quran Complex</author>
        <text>Hai orang-orang yang beriman, apabila kamu menikahi perempuan-perempuan yang beriman, kemudian kamu ceraikan mereka sebelum kamu mencampurinya, maka sekali-sekali tidak wajib atas mereka idah bagimu yang kamu minta menyempurnakannya. Maka berilah mereka mutah dan lepaskanlah mereka itu dengan cara yang sebaik-baiknya.</text>
      </translation>
    </translations>
    <rules>[{"start": 69, "end": 72, "rule_id": 0}, {"start": 87, "end": 90, "rule_id": 0}, {"start": 116, "end": 119, "rule_id": 0}, {"start": 141, "end": 144, "rule_id": 0}, {"start": 188, "end": 191, "rule_id": 0}, {"start": 204, "end": 207, "rule_id": 0}, {"start": 78, "end": 80, "rule_id": 1}, {"start": 97, "end": 99, "rule_id": 1}, {"start": 93, "end": 97, "rule_id": 6}, {"start": 104, "end": 108, "rule_id": 6}, {"start": 155, "end": 160, "rule_id": 6}]</rules>
  </verse>
  <verse>
    <verseIdArabic>٥٠</verseIdArabic>
    <verseId>50</verseId>
    <chapterId>33</chapterId>
    <textIndopak>يَٰٓأَيُّهَا ٱلنَّبِيُّ إِنَّآ أَحۡلَلۡنَا لَكَ أَزۡوَٰجَكَ ٱلَّٰتِيٓ ءَاتَيۡتَ أُجُورَهُنَّ وَمَا مَلَكَتۡ يَمِينُكَ مِمَّآ أَفَآءَ ٱللَّهُ عَلَيۡكَ وَبَنَاتِ عَمِّكَ وَبَنَاتِ عَمَّٰتِكَ وَبَنَاتِ خَالِكَ وَبَنَاتِ خَٰلَٰتِكَ ٱلَّٰتِي هَاجَرۡنَ مَعَكَ وَٱمۡرَأَةٗ مُّؤۡمِنَةً إِن وَهَبَتۡ نَفۡسَهَا لِلنَّبِيِّ إِنۡ أَرَادَ ٱلنَّبِيُّ أَن يَسۡتَنكِحَهَا خَالِصَةٗ لَّكَ مِن دُونِ ٱلۡمُؤۡمِنِينَۗ قَدۡ عَلِمۡنَا مَا فَرَضۡنَا عَلَيۡهِمۡ فِيٓ أَزۡوَٰجِهِمۡ وَمَا مَلَكَتۡ أَيۡمَٰنُهُمۡ لِكَيۡلَا يَكُونَ عَلَيۡكَ حَرَجٞۗ وَكَانَ ٱللَّهُ غَفُورٗا رَّحِيمٗا</textIndopak>
    <translations>
      <translation>
        <author>King Fahad Quran Complex</author>
        <text>Hai Nabi, sesungguhnya Kami telah menghalalkan bagimu istri-istrimu yang telah kamu berikan mas kawinnya, dan hamba sahaya yang kamu miliki yang termasuk apa yang kamu peroleh dalam peperangan yang dikaruniakan Allah untukmu, dan (demikian pula) anak-anak perempuan dari saudara laki-laki bapakmu, anak-anak perempuan dari saudara perempuan bapakmu, anak-anak perempuan dari saudara laki-laki ibumu, dan anak-anak perempuan dari saudara perempuan ibumu yang turut hijrah bersama kamu, dan perempuan mukmin yang menyerahkan dirinya kepada nabi kalau nabi mau mengawininya sebagai pengkhususan bagimu, bukan untuk semua orang mukmin. Sesungguhnya Kami telah mengetahui apa yang Kami wajibkan kepada mereka tentang istri-istri mereka dan hamba sahaya yang mereka miliki supaya tidak menjadi kesempitan bagimu. Dan adalah Allah Maha Pengampun lagi Maha Penyayang.</text>
      </translation>
    </translations>
    <rules>[{"start": 15, "end": 18, "rule_id": 0}, {"start": 26, "end": 29, "rule_id": 0}, {"start": 90, "end": 93, "rule_id": 0}, {"start": 121, "end": 124, "rule_id": 0}, {"start": 165, "end": 168, "rule_id": 0}, {"start": 183, "end": 187, "rule_id": 0}, {"start": 269, "end": 272, "rule_id": 0}, {"start": 307, "end": 310, "rule_id": 0}, {"start": 331, "end": 334, "rule_id": 0}, {"start": 404, "end": 406, "rule_id": 1}, {"start": 283, "end": 287, "rule_id": 3}, {"start": 342, "end": 346, "rule_id": 3}, {"start": 266, "end": 272, "rule_id": 3}, {"start": 366, "end": 372, "rule_id": 5}, {"start": 547, "end": 554, "rule_id": 5}, {"start": 350, "end": 353, "rule_id": 6}, {"start": 377, "end": 381, "rule_id": 6}]</rules>
  </verse>
  <verse>
    <verseIdArabic>٥١</verseIdArabic>
    <verseId>51</verseId>
    <chapterId>33</chapterId>
    <textIndopak>۞ تُرۡجِي مَن تَشَآءُ مِنۡهُنَّ وَتُـٔۡوِيٓ إِلَيۡكَ مَن تَشَآءُۖ وَمَنِ ٱبۡتَغَيۡتَ مِمَّنۡ عَزَلۡتَ فَلَا جُنَاحَ عَلَيۡكَۚ ذَٰلِكَ أَدۡنَىٰٓ أَن تَقَرَّ أَعۡيُنُهُنَّ وَلَا يَحۡزَنَّ وَيَرۡضَيۡنَ بِمَآ ءَاتَيۡتَهُنَّ كُلُّهُنَّۚ وَٱللَّهُ يَعۡلَمُ مَا فِي قُلُوبِكُمۡۚ وَكَانَ ٱللَّهُ عَلِيمًا حَلِيمٗا</textIndopak>
    <translations>
      <translation>
        <author>King Fahad Quran Complex</author>
        <text>Kamu boleh menangguhkan menggauli siapa yang kamu kehendaki di antara mereka (istri-istrimu) dan (boleh pula) menggauli siapa yang kamu kehendaki. Dan siapa-siapa yang kamu ingini untuk menggaulinya kembali dari perempuan yang telah kamu cerai, maka tidak ada dosa bagimu. Yang demikian itu adalah lebih dekat untuk ketenangan hati mereka, dan mereka tidak merasa sedih, dan semuanya rela dengan apa yang telah kamu berikan kepada mereka. Dan Allah mengetahui apa yang (tersimpan) dalam hatimu. Dan adalah Allah Maha Mengetahui lagi Maha Penyantun .</text>
      </translation>
    </translations>
    <rules>[{"start": 29, "end": 32, "rule_id": 0}, {"start": 90, "end": 93, "rule_id": 0}, {"start": 170, "end": 173, "rule_id": 0}, {"start": 186, "end": 189, "rule_id": 0}, {"start": 221, "end": 224, "rule_id": 0}, {"start": 232, "end": 235, "rule_id": 0}, {"start": 77, "end": 79, "rule_id": 1}, {"start": 140, "end": 142, "rule_id": 1}, {"start": 12, "end": 16, "rule_id": 6}, {"start": 56, "end": 60, "rule_id": 6}, {"start": 150, "end": 154, "rule_id": 6}]</rules>
  </verse>
  <verse>
    <verseIdArabic>٥٢</verseIdArabic>
    <verseId>52</verseId>
    <chapterId>33</chapterId>
    <textIndopak>لَّا يَحِلُّ لَكَ ٱلنِّسَآءُ مِنۢ بَعۡدُ وَلَآ أَن تَبَدَّلَ بِهِنَّ مِنۡ أَزۡوَٰجٖ وَلَوۡ أَعۡجَبَكَ حُسۡنُهُنَّ إِلَّا مَا مَلَكَتۡ يَمِينُكَۗ وَكَانَ ٱللَّهُ عَلَىٰ كُلِّ شَيۡءٖ رَّقِيبٗا</textIndopak>
    <translations>
      <translation>
        <author>King Fahad Quran Complex</author>
        <text>Tidak halal bagimu mengawini perempuan-perempuan sesudah itu dan tidak boleh (pula) mengganti mereka dengan istri-istri (yang lain), meskipun kecantikannya menarik hatimu, kecuali perempuan-perempuan (hamba sahaya) yang kamu miliki. Dan adalah Allah Maha Mengawasi segala sesuatu .</text>
      </translation>
    </translations>
    <rules>[{"start": 20, "end": 23, "rule_id": 0}, {"start": 67, "end": 70, "rule_id": 0}, {"start": 112, "end": 115, "rule_id": 0}, {"start": 32, "end": 37, "rule_id": 2}, {"start": 83, "end": 88, "rule_id": 3}, {"start": 181, "end": 187, "rule_id": 5}, {"start": 51, "end": 55, "rule_id": 6}]</rules>
  </verse>
  <verse>
    <verseIdArabic>٥٣</verseIdArabic>
    <verseId>53</verseId>
    <chapterId>33</chapterId>
    <textIndopak>يَٰٓأَيُّهَا ٱلَّذِينَ ءَامَنُواْ لَا تَدۡخُلُواْ بُيُوتَ ٱلنَّبِيِّ إِلَّآ أَن يُؤۡذَنَ لَكُمۡ إِلَىٰ طَعَامٍ غَيۡرَ نَٰظِرِينَ إِنَىٰهُ وَلَٰكِنۡ إِذَا دُعِيتُمۡ فَٱدۡخُلُواْ فَإِذَا طَعِمۡتُمۡ فَٱنتَشِرُواْ وَلَا مُسۡتَـٔۡنِسِينَ لِحَدِيثٍۚ إِنَّ ذَٰلِكُمۡ كَانَ يُؤۡذِي ٱلنَّبِيَّ فَيَسۡتَحۡيِۦ مِنكُمۡۖ وَٱللَّهُ لَا يَسۡتَحۡيِۦ مِنَ ٱلۡحَقِّۚ وَإِذَا سَأَلۡتُمُوهُنَّ مَتَٰعٗا فَسۡـَٔلُوهُنَّ مِن وَرَآءِ حِجَابٖۚ ذَٰلِكُمۡ أَطۡهَرُ لِقُلُوبِكُمۡ وَقُلُوبِهِنَّۚ وَمَا كَانَ لَكُمۡ أَن تُؤۡذُواْ رَسُولَ ٱللَّهِ وَلَآ أَن تَنكِحُوٓاْ أَزۡوَٰجَهُۥ مِنۢ بَعۡدِهِۦٓ أَبَدًاۚ إِنَّ ذَٰلِكُمۡ كَانَ عِندَ ٱللَّهِ عَظِيمًا</textIndopak>
    <translations>
      <translation>
        <author>King Fahad Quran Complex</author>
        <text>Hai orang-orang yang beriman, janganlah kamu memasuki rumah-rumah nabi, kecuali bila kamu diizinkan untuk makan dengan tidak menunggu-nunggu waktu masak (makanannya) , tetapi jika kamu diundang, maka masuklah dan bila kamu selesai makan, keluarlah kamu tanpa asyik memperpanjang percakapan. Sesungguhnya yang demikian itu akan mengganggu nabi, lalu nabi malu kepadamu (untuk menyuruh kamu keluar) dan Allah tidak malu (menerangkan) yang benar. Apabila kamu meminta sesuatu (keperluan) kepada mereka (istri-istri nabi), maka mintalah dari belakang tabir. Cara yang demikian itu lebih suci bagi hatimu dan hati mereka. Dan tidak boleh kamu menyakiti (hati) Rasulullah dan tidak (pula) mengawini istri-istrinya selama-lamanya sesudah ia wafat. Sesungguhnya perbuatan itu adalah amat besar (dosanya) di sisi Allah.</text>
      </translation>
    </translations>
    <rules>[{"start": 60, "end": 63, "rule_id": 0}, {"start": 248, "end": 251, "rule_id": 0}, {"start": 278, "end": 281, "rule_id": 0}, {"start": 374, "end": 377, "rule_id": 0}, {"start": 399, "end": 402, "rule_id": 0}, {"start": 470, "end": 473, "rule_id": 0}, {"start": 589, "end": 592, "rule_id": 0}, {"start": 40, "end": 42, "rule_id": 1}, {"start": 168, "end": 170, "rule_id": 1}, {"start": 438, "end": 440, "rule_id": 1}, {"start": 563, "end": 568, "rule_id": 2}, {"start": 79, "end": 83, "rule_id": 3}, {"start": 405, "end": 409, "rule_id": 3}, {"start": 200, "end": 203, "rule_id": 6}, {"start": 303, "end": 306, "rule_id": 6}, {"start": 497, "end": 501, "rule_id": 6}, {"start": 534, "end": 538, "rule_id": 6}, {"start": 538, "end": 541, "rule_id": 6}, {"start": 611, "end": 614, "rule_id": 6}]</rules>
  </verse>
  <verse>
    <verseIdArabic>٥٤</verseIdArabic>
    <verseId>54</verseId>
    <chapterId>33</chapterId>
    <textIndopak>إِن تُبۡدُواْ شَيۡـًٔا أَوۡ تُخۡفُوهُ فَإِنَّ ٱللَّهَ كَانَ بِكُلِّ شَيۡءٍ عَلِيمٗا</textIndopak>
    <translations>
      <translation>
        <author>King Fahad Quran Complex</author>
        <text>Jika kamu melahirkan sesuatu atau menyembunyikannya, maka sesungguhnya Allah adalah Maha Mengetahui segala sesuatu.</text>
      </translation>
    </translations>
    <rules>[{"start": 42, "end": 45, "rule_id": 0}, {"start": 6, "end": 8, "rule_id": 1}, {"start": 2, "end": 6, "rule_id": 6}]</rules>
  </verse>
  <verse>
    <verseIdArabic>٥٥</verseIdArabic>
    <verseId>55</verseId>
    <chapterId>33</chapterId>
    <textIndopak>لَّا جُنَاحَ عَلَيۡهِنَّ فِيٓ ءَابَآئِهِنَّ وَلَآ أَبۡنَآئِهِنَّ وَلَآ إِخۡوَٰنِهِنَّ وَلَآ أَبۡنَآءِ إِخۡوَٰنِهِنَّ وَلَآ أَبۡنَآءِ أَخَوَٰتِهِنَّ وَلَا نِسَآئِهِنَّ وَلَا مَا مَلَكَتۡ أَيۡمَٰنُهُنَّۗ وَٱتَّقِينَ ٱللَّهَۚ إِنَّ ٱللَّهَ كَانَ عَلَىٰ كُلِّ شَيۡءٖ شَهِيدًا</textIndopak>
    <translations>
      <translation>
        <author>King Fahad Quran Complex</author>
        <text>Tidak ada dosa atas istri-istri nabi (untuk berjumpa tanpa tabir) dengan bapak-bapak mereka, anak-anak laki-laki mereka, saudara laki-laki mereka, anak laki-laki dari saudara laki-laki mereka, anak laki-laki dari saudara mereka yang perempuan, perempuan-perempuan yang beriman, dan hamba sahaya yang mereka miliki, dan bertakwalah kamu (hai istri-istri nabi) kepada Allah. Sesungguhnya Allah Maha Menyaksikan segala sesuatu.</text>
      </translation>
    </translations>
    <rules>[{"start": 21, "end": 24, "rule_id": 0}, {"start": 41, "end": 44, "rule_id": 0}, {"start": 64, "end": 67, "rule_id": 0}, {"start": 86, "end": 89, "rule_id": 0}, {"start": 119, "end": 122, "rule_id": 0}, {"start": 152, "end": 155, "rule_id": 0}, {"start": 172, "end": 175, "rule_id": 0}, {"start": 206, "end": 209, "rule_id": 0}, {"start": 236, "end": 239, "rule_id": 0}, {"start": 54, "end": 56, "rule_id": 1}, {"start": 99, "end": 101, "rule_id": 1}, {"start": 132, "end": 134, "rule_id": 1}, {"start": 271, "end": 276, "rule_id": 6}]</rules>
  </verse>
  <verse>
    <verseIdArabic>٥٦</verseIdArabic>
    <verseId>56</verseId>
    <chapterId>33</chapterId>
    <textIndopak>إِنَّ ٱللَّهَ وَمَلَٰٓئِكَتَهُۥ يُصَلُّونَ عَلَى ٱلنَّبِيِّۚ يَٰٓأَيُّهَا ٱلَّذِينَ ءَامَنُواْ صَلُّواْ عَلَيۡهِ وَسَلِّمُواْ تَسۡلِيمًا</textIndopak>
    <translations>
      <translation>
        <author>King Fahad Quran Complex</author>
        <text>Sesungguhnya Allah dan malaikat-malaikat-Nya berselawat untuk nabi . Hai orang-orang yang beriman, berselawatlah kamu untuk nabi dan ucapkanlah salam penghormatan kepadanya .</text>
      </translation>
    </translations>
    <rules>[{"start": 2, "end": 5, "rule_id": 0}, {"start": 51, "end": 54, "rule_id": 0}]</rules>
  </verse>
  <verse>
    <verseIdArabic>٥٧</verseIdArabic>
    <verseId>57</verseId>
    <chapterId>33</chapterId>
    <textIndopak>إِنَّ ٱلَّذِينَ يُؤۡذُونَ ٱللَّهَ وَرَسُولَهُۥ لَعَنَهُمُ ٱللَّهُ فِي ٱلدُّنۡيَا وَٱلۡأٓخِرَةِ وَأَعَدَّ لَهُمۡ عَذَابٗا مُّهِينٗا</textIndopak>
    <translations>
      <translation>
        <author>King Fahad Quran Complex</author>
        <text>Sesungguhnya orang-orang yang menyakiti Allah dan rasul-Nya , Allah akan melaknatinya di dunia dan di akhirat dan menyediakan baginya siksa yang menghinakan.</text>
      </translation>
    </translations>
    <rules>[{"start": 2, "end": 5, "rule_id": 0}, {"start": 122, "end": 125, "rule_id": 0}, {"start": 118, "end": 125, "rule_id": 3}]</rules>
  </verse>
  <verse>
    <verseIdArabic>٥٨</verseIdArabic>
    <verseId>58</verseId>
    <chapterId>33</chapterId>
    <textIndopak>وَٱلَّذِينَ يُؤۡذُونَ ٱلۡمُؤۡمِنِينَ وَٱلۡمُؤۡمِنَٰتِ بِغَيۡرِ مَا ٱكۡتَسَبُواْ فَقَدِ ٱحۡتَمَلُواْ بُهۡتَٰنٗا وَإِثۡمٗا مُّبِينٗا</textIndopak>
    <translations>
      <translation>
        <author>King Fahad Quran Complex</author>
        <text>Dan orang-orang yang menyakiti orang-orang yang mukmin dan mukminat tanpa kesalahan yang mereka perbuat, maka sesungguhnya mereka telah memikul kebohongan dan dosa yang nyata.</text>
      </translation>
    </translations>
    <rules>[{"start": 121, "end": 124, "rule_id": 0}, {"start": 107, "end": 113, "rule_id": 3}, {"start": 117, "end": 124, "rule_id": 3}]</rules>
  </verse>
  <verse>
    <verseIdArabic>٥٩</verseIdArabic>
    <verseId>59</verseId>
    <chapterId>33</chapterId>
    <textIndopak>يَٰٓأَيُّهَا ٱلنَّبِيُّ قُل لِّأَزۡوَٰجِكَ وَبَنَاتِكَ وَنِسَآءِ ٱلۡمُؤۡمِنِينَ يُدۡنِينَ عَلَيۡهِنَّ مِن جَلَٰبِيبِهِنَّۚ ذَٰلِكَ أَدۡنَىٰٓ أَن يُعۡرَفۡنَ فَلَا يُؤۡذَيۡنَۗ وَكَانَ ٱللَّهُ غَفُورٗا رَّحِيمٗا</textIndopak>
    <translations>
      <translation>
        <author>King Fahad Quran Complex</author>
        <text>Hai Nabi, katakanlah kepada istri-istrimu, anak-anak perempuanmu, dan istri-istri orang mukmin, "Hendaklah mereka mengulurkan jilbabnya ke seluruh tubuh mereka". Yang demikian itu supaya mereka lebih mudah untuk dikenal karena itu mereka tidak diganggu. Dan Allah adalah Maha Pengampun lagi Maha Penyayang.</text>
      </translation>
    </translations>
    <rules>[{"start": 15, "end": 18, "rule_id": 0}, {"start": 99, "end": 102, "rule_id": 0}, {"start": 119, "end": 122, "rule_id": 0}, {"start": 83, "end": 85, "rule_id": 1}, {"start": 135, "end": 137, "rule_id": 1}, {"start": 145, "end": 149, "rule_id": 3}, {"start": 198, "end": 205, "rule_id": 5}, {"start": 105, "end": 109, "rule_id": 6}]</rules>
  </verse>
  <verse>
    <verseIdArabic>٦٠</verseIdArabic>
    <verseId>60</verseId>
    <chapterId>33</chapterId>
    <textIndopak>۞ لَّئِن لَّمۡ يَنتَهِ ٱلۡمُنَٰفِقُونَ وَٱلَّذِينَ فِي قُلُوبِهِم مَّرَضٞ وَٱلۡمُرۡجِفُونَ فِي ٱلۡمَدِينَةِ لَنُغۡرِيَنَّكَ بِهِمۡ ثُمَّ لَا يُجَاوِرُونَكَ فِيهَآ إِلَّا قَلِيلٗا</textIndopak>
    <translations>
      <translation>
        <author>King Fahad Quran Complex</author>
        <text>Sesungguhnya jika tidak berhenti orang-orang munafik, orang-orang yang berpenyakit dalam hatinya, dan orang-orang yang menyebarkan kabar bohong di Madinah (dari menyakitimu), niscaya Kami perintahkan kamu (untuk memerangi) mereka, kemudian mereka tidak menjadi tetanggamu (di Madinah), melainkan dalam waktu yang sebentar,</text>
      </translation>
    </translations>
    <rules>[{"start": 66, "end": 69, "rule_id": 0}, {"start": 118, "end": 121, "rule_id": 0}, {"start": 133, "end": 136, "rule_id": 0}, {"start": 71, "end": 76, "rule_id": 3}, {"start": 64, "end": 69, "rule_id": 4}, {"start": 7, "end": 12, "rule_id": 5}, {"start": 17, "end": 20, "rule_id": 6}]</rules>
  </verse>
  <verse>
    <verseIdArabic>٦١</verseIdArabic>
    <verseId>61</verseId>
    <chapterId>33</chapterId>
    <textIndopak>مَّلۡعُونِينَۖ أَيۡنَمَا ثُقِفُوٓاْ أُخِذُواْ وَقُتِّلُواْ تَقۡتِيلٗا</textIndopak>
    <translations>
      <translation>
        <author>King Fahad Quran Complex</author>
        <text>dalam keadaan terlaknat. Di mana saja mereka dijumpai, mereka ditangkap dan dibunuh dengan sehebat-hebatnya.</text>
      </translation>
    </translations>
    <rules>[{"start": 0, "end": 3, "rule_id": 0}, {"start": 62, "end": 64, "rule_id": 1}]</rules>
  </verse>
  <verse>
    <verseIdArabic>٦٢</verseIdArabic>
    <verseId>62</verseId>
    <chapterId>33</chapterId>
    <textIndopak>سُنَّةَ ٱللَّهِ فِي ٱلَّذِينَ خَلَوۡاْ مِن قَبۡلُۖ وَلَن تَجِدَ لِسُنَّةِ ٱللَّهِ تَبۡدِيلٗا</textIndopak>
    <translations>
      <translation>
        <author>King Fahad Quran Complex</author>
        <text>Sebagai sunah Allah yang berlaku atas orang-orang yang telah terdahulu sebelum(mu) dan kamu sekali-kali tiada akan mendapati perubahan pada sunah Allah.</text>
      </translation>
    </translations>
    <rules>[{"start": 2, "end": 5, "rule_id": 0}, {"start": 69, "end": 72, "rule_id": 0}, {"start": 45, "end": 47, "rule_id": 1}, {"start": 85, "end": 87, "rule_id": 1}, {"start": 41, "end": 45, "rule_id": 6}, {"start": 56, "end": 60, "rule_id": 6}]</rules>
  </verse>
  <verse>
    <verseIdArabic>٦٣</verseIdArabic>
    <verseId>63</verseId>
    <chapterId>33</chapterId>
    <textIndopak>يَسۡـَٔلُكَ ٱلنَّاسُ عَنِ ٱلسَّاعَةِۖ قُلۡ إِنَّمَا عِلۡمُهَا عِندَ ٱللَّهِۚ وَمَا يُدۡرِيكَ لَعَلَّ ٱلسَّاعَةَ تَكُونُ قَرِيبًا</textIndopak>
    <translations>
      <translation>
        <author>King Fahad Quran Complex</author>
        <text>Manusia bertanya kepadamu tentang hari berbangkit. Katakanlah, "Sesungguhnya pengetahuan tentang hari berbangkit itu hanya di sisi Allah". Dan tahukah kamu (hai Muhammad), boleh jadi hari berbangkit itu sudah dekat waktunya.</text>
      </translation>
    </translations>
    <rules>[{"start": 14, "end": 17, "rule_id": 0}, {"start": 46, "end": 49, "rule_id": 0}, {"start": 87, "end": 89, "rule_id": 1}, {"start": 65, "end": 68, "rule_id": 6}]</rules>
  </verse>
  <verse>
    <verseIdArabic>٦٤</verseIdArabic>
    <verseId>64</verseId>
    <chapterId>33</chapterId>
    <textIndopak>إِنَّ ٱللَّهَ لَعَنَ ٱلۡكَٰفِرِينَ وَأَعَدَّ لَهُمۡ سَعِيرًا</textIndopak>
    <translations>
      <translation>
        <author>King Fahad Quran Complex</author>
        <text>Sesungguhnya Allah melaknati orang-orang kafir dan menyediakan bagi mereka api yang menyala-nyala (neraka),</text>
      </translation>
    </translations>
    <rules>[{"start": 2, "end": 5, "rule_id": 0}]</rules>
  </verse>
  <verse>
    <verseIdArabic>٦٥</verseIdArabic>
    <verseId>65</verseId>
    <chapterId>33</chapterId>
    <textIndopak>خَٰلِدِينَ فِيهَآ أَبَدٗاۖ لَّا يَجِدُونَ وَلِيّٗا وَلَا نَصِيرٗا</textIndopak>
    <translations>
      <translation>
        <author>King Fahad Quran Complex</author>
        <text>mereka kekal di dalamnya selama-lamanya; mereka tidak memperoleh seorang pelindung pun dan tidak (pula) seorang penolong.</text>
      </translation>
    </translations>
    <rules>[{"start": 48, "end": 55, "rule_id": 3}, {"start": 23, "end": 32, "rule_id": 5}]</rules>
  </verse>
  <verse>
    <verseIdArabic>٦٦</verseIdArabic>
    <verseId>66</verseId>
    <chapterId>33</chapterId>
    <textIndopak>يَوۡمَ تُقَلَّبُ وُجُوهُهُمۡ فِي ٱلنَّارِ يَقُولُونَ يَٰلَيۡتَنَآ أَطَعۡنَا ٱللَّهَ وَأَطَعۡنَا ٱلرَّسُولَا۠</textIndopak>
    <translations>
      <translation>
        <author>King Fahad Quran Complex</author>
        <text>Pada hari ketika muka mereka dibolak-balikan dalam neraka, mereka berkata, "Alangkah baiknya, andaikata kami taat kepada Allah dan taat (pula) kepada rasul".</text>
      </translation>
    </translations>
    <rules>[{"start": 35, "end": 38, "rule_id": 0}]</rules>
  </verse>
  <verse>
    <verseIdArabic>٦٧</verseIdArabic>
    <verseId>67</verseId>
    <chapterId>33</chapterId>
    <textIndopak>وَقَالُواْ رَبَّنَآ إِنَّآ أَطَعۡنَا سَادَتَنَا وَكُبَرَآءَنَا فَأَضَلُّونَا ٱلسَّبِيلَا۠</textIndopak>
    <translations>
      <translation>
        <author>King Fahad Quran Complex</author>
        <text>Dan mereka berkata, "Ya Tuhan kami, sesungguhnya kami telah menaati pemimpin-pemimpin dan pembesar-pembesar kami, lalu mereka menyesatkan kami dari jalan (yang benar).</text>
      </translation>
    </translations>
    <rules>[{"start": 23, "end": 26, "rule_id": 0}]</rules>
  </verse>
  <verse>
    <verseIdArabic>٦٨</verseIdArabic>
    <verseId>68</verseId>
    <chapterId>33</chapterId>
    <textIndopak>رَبَّنَآ ءَاتِهِمۡ ضِعۡفَيۡنِ مِنَ ٱلۡعَذَابِ وَٱلۡعَنۡهُمۡ لَعۡنٗا كَبِيرٗا</textIndopak>
    <translations>
      <translation>
        <author>King Fahad Quran Complex</author>
        <text>Ya Tuhan kami, timpakanlah kepada mereka azab dua kali lipat dan kutuklah mereka dengan kutukan yang besar".</text>
      </translation>
    </translations>
  </verse>
  <verse>
    <verseIdArabic>٦٩</verseIdArabic>
    <verseId>69</verseId>
    <chapterId>33</chapterId>
    <textIndopak>يَٰٓأَيُّهَا ٱلَّذِينَ ءَامَنُواْ لَا تَكُونُواْ كَٱلَّذِينَ ءَاذَوۡاْ مُوسَىٰ فَبَرَّأَهُ ٱللَّهُ مِمَّا قَالُواْۚ وَكَانَ عِندَ ٱللَّهِ وَجِيهٗا</textIndopak>
    <translations>
      <translation>
        <author>King Fahad Quran Complex</author>
        <text>Hai orang-orang yang beriman, janganlah kamu menjadi seperti orang-orang yang menyakiti Musa; maka Allah membersihkannya dari tuduhan-tuduhan yang mereka katakan. Dan adalah dia seorang yang mempunyai kedudukan terhormat di sisi Allah.</text>
      </translation>
    </translations>
    <rules>[{"start": 101, "end": 104, "rule_id": 0}, {"start": 127, "end": 130, "rule_id": 6}]</rules>
  </verse>
  <verse>
    <verseIdArabic>٧٠</verseIdArabic>
    <verseId>70</verseId>
    <chapterId>33</chapterId>
    <textIndopak>يَٰٓأَيُّهَا ٱلَّذِينَ ءَامَنُواْ ٱتَّقُواْ ٱللَّهَ وَقُولُواْ قَوۡلٗا سَدِيدٗا</textIndopak>
    <translations>
      <translation>
        <author>King Fahad Quran Complex</author>
        <text>Hai orang-orang yang beriman, bertakwalah kamu kepada Allah dan katakanlah perkataan yang benar,</text>
      </translation>
    </translations>
  </verse>
  <verse>
    <verseIdArabic>٧١</verseIdArabic>
    <verseId>71</verseId>
    <chapterId>33</chapterId>
    <textIndopak>يُصۡلِحۡ لَكُمۡ أَعۡمَٰلَكُمۡ وَيَغۡفِرۡ لَكُمۡ ذُنُوبَكُمۡۗ وَمَن يُطِعِ ٱللَّهَ وَرَسُولَهُۥ فَقَدۡ فَازَ فَوۡزًا عَظِيمًا</textIndopak>
    <translations>
      <translation>
        <author>King Fahad Quran Complex</author>
        <text>niscaya Allah memperbaiki bagimu amalan-amalanmu dan mengampuni bagimu dosa-dosamu. Dan barang siapa menaati Allah dan rasul-Nya, maka sesungguhnya ia telah mendapat kemenangan yang besar.</text>
      </translation>
    </translations>
    <rules>[{"start": 100, "end": 102, "rule_id": 1}, {"start": 66, "end": 70, "rule_id": 3}]</rules>
  </verse>
  <verse>
    <verseIdArabic>٧٢</verseIdArabic>
    <verseId>72</verseId>
    <chapterId>33</chapterId>
    <textIndopak>إِنَّا عَرَضۡنَا ٱلۡأَمَانَةَ عَلَى ٱلسَّمَٰوَٰتِ وَٱلۡأَرۡضِ وَٱلۡجِبَالِ فَأَبَيۡنَ أَن يَحۡمِلۡنَهَا وَأَشۡفَقۡنَ مِنۡهَا وَحَمَلَهَا ٱلۡإِنسَٰنُۖ إِنَّهُۥ كَانَ ظَلُومٗا جَهُولٗا</textIndopak>
    <translations>
      <translation>
        <author>King Fahad Quran Complex</author>
        <text>Sesungguhnya Kami telah mengemukakan amanat kepada langit, bumi, dan gunung-gunung, maka semuanya enggan untuk memikul amanat itu dan mereka khawatir akan mengkhianatinya dan dipikullah amanat itu oleh manusia. Sesungguhnya manusia itu amat zalim dan amat bodoh,</text>
      </translation>
    </translations>
    <rules>[{"start": 2, "end": 5, "rule_id": 0}, {"start": 153, "end": 156, "rule_id": 0}, {"start": 112, "end": 114, "rule_id": 1}, {"start": 88, "end": 92, "rule_id": 3}, {"start": 142, "end": 146, "rule_id": 6}]</rules>
  </verse>
  <verse>
    <verseIdArabic>٧٣</verseIdArabic>
    <verseId>73</verseId>
    <chapterId>33</chapterId>
    <textIndopak>لِّيُعَذِّبَ ٱللَّهُ ٱلۡمُنَٰفِقِينَ وَٱلۡمُنَٰفِقَٰتِ وَٱلۡمُشۡرِكِينَ وَٱلۡمُشۡرِكَٰتِ وَيَتُوبَ ٱللَّهُ عَلَى ٱلۡمُؤۡمِنِينَ وَٱلۡمُؤۡمِنَٰتِۗ وَكَانَ ٱللَّهُ غَفُورٗا رَّحِيمَۢا</textIndopak>
    <translations>
      <translation>
        <author>King Fahad Quran Complex</author>
        <text>sehingga Allah mengazab orang-orang munafik laki-laki dan perempuan dan orang-orang musyrikin laki-laki dan perempuan dan sehingga Allah menerima tobat orang-orang mukmin laki-laki dan perempuan. Dan adalah Allah Maha Pengampun lagi Maha Penyayang.</text>
      </translation>
    </translations>
    <rules>[{"start": 168, "end": 175, "rule_id": 5}]</rules>
  </verse>
</verses>
