<?xml version="1.0" encoding="UTF-8"?>

<verses>
  <verse>
    <verseIdArabic>١</verseIdArabic>
    <verseId>1</verseId>
    <chapterId>34</chapterId>
    <textIndopak>ٱلۡحَمۡدُ لِلَّهِ ٱلَّذِي لَهُۥ مَا فِي ٱلسَّمَٰوَٰتِ وَمَا فِي ٱلۡأَرۡضِ وَلَهُ ٱلۡحَمۡدُ فِي ٱلۡأٓخِرَةِۚ وَهُوَ ٱلۡحَكِيمُ ٱلۡخَبِيرُ</textIndopak>
    <translations>
      <translation>
        <author>King Fahad Quran Complex</author>
        <text>Segala puji bagi Allah yang memiliki apa yang di langit dan apa yang di bumi dan bagi-Nya (pula) segala puji di akhirat. Dan Dia-lah Yang Maha Bijaksana lagi Maha Mengetahui.</text>
      </translation>
    </translations>
  </verse>
  <verse>
    <verseIdArabic>٢</verseIdArabic>
    <verseId>2</verseId>
    <chapterId>34</chapterId>
    <textIndopak>يَعۡلَمُ مَا يَلِجُ فِي ٱلۡأَرۡضِ وَمَا يَخۡرُجُ مِنۡهَا وَمَا يَنزِلُ مِنَ ٱلسَّمَآءِ وَمَا يَعۡرُجُ فِيهَاۚ وَهُوَ ٱلرَّحِيمُ ٱلۡغَفُورُ</textIndopak>
    <translations>
      <translation>
        <author>King Fahad Quran Complex</author>
        <text>Dia mengetahui apa yang masuk ke dalam bumi, apa yang ke luar darinya, apa yang turun dari langit, dan apa yang naik kepadanya. Dan Dia-lah Yang Maha Penyayang lagi Maha Pengampun.</text>
      </translation>
    </translations>
    <rules>[{"start": 65, "end": 68, "rule_id": 6}]</rules>
  </verse>
  <verse>
    <verseIdArabic>٣</verseIdArabic>
    <verseId>3</verseId>
    <chapterId>34</chapterId>
    <textIndopak>وَقَالَ ٱلَّذِينَ كَفَرُواْ لَا تَأۡتِينَا ٱلسَّاعَةُۖ قُلۡ بَلَىٰ وَرَبِّي لَتَأۡتِيَنَّكُمۡ عَٰلِمِ ٱلۡغَيۡبِۖ لَا يَعۡزُبُ عَنۡهُ مِثۡقَالُ ذَرَّةٖ فِي ٱلسَّمَٰوَٰتِ وَلَا فِي ٱلۡأَرۡضِ وَلَآ أَصۡغَرُ مِن ذَٰلِكَ وَلَآ أَكۡبَرُ إِلَّا فِي كِتَٰبٖ مُّبِينٖ</textIndopak>
    <translations>
      <translation>
        <author>King Fahad Quran Complex</author>
        <text>Dan orang-orang yang kafir berkata, "Hari berbangkit itu tidak akan datang kepada kami". Katakanlah, "Pasti datang, demi Tuhan-ku Yang Mengetahui yang gaib, sesungguhnya kiamat itu pasti akan datang kepadamu. Tidak ada tersembunyi daripada-Nya sebesar zarah pun yang ada di langit dan yang ada di bumi dan tidak ada (pula) yang lebih kecil dari itu dan yang lebih besar, melainkan tersebut dalam kitab yang nyata (Lawḥ Maḥfūẓ)",</text>
      </translation>
    </translations>
    <rules>[{"start": 87, "end": 90, "rule_id": 0}, {"start": 254, "end": 257, "rule_id": 0}, {"start": 251, "end": 257, "rule_id": 3}, {"start": 209, "end": 214, "rule_id": 6}, {"start": 150, "end": 155, "rule_id": 6}]</rules>
  </verse>
  <verse>
    <verseIdArabic>٤</verseIdArabic>
    <verseId>4</verseId>
    <chapterId>34</chapterId>
    <textIndopak>لِّيَجۡزِيَ ٱلَّذِينَ ءَامَنُواْ وَعَمِلُواْ ٱلصَّٰلِحَٰتِۚ أُوْلَٰٓئِكَ لَهُم مَّغۡفِرَةٞ وَرِزۡقٞ كَرِيمٞ</textIndopak>
    <translations>
      <translation>
        <author>King Fahad Quran Complex</author>
        <text>supaya Allah memberi balasan kepada orang-orang yang beriman dan mengerjakan amal yang saleh. Mereka itu adalah orang-orang yang baginya ampunan dan rezeki yang mulia.</text>
      </translation>
    </translations>
    <rules>[{"start": 80, "end": 83, "rule_id": 0}, {"start": 5, "end": 7, "rule_id": 1}, {"start": 89, "end": 94, "rule_id": 3}, {"start": 78, "end": 83, "rule_id": 4}, {"start": 98, "end": 103, "rule_id": 6}]</rules>
  </verse>
  <verse>
    <verseIdArabic>٥</verseIdArabic>
    <verseId>5</verseId>
    <chapterId>34</chapterId>
    <textIndopak>وَٱلَّذِينَ سَعَوۡ فِيٓ ءَايَٰتِنَا مُعَٰجِزِينَ أُوْلَٰٓئِكَ لَهُمۡ عَذَابٞ مِّن رِّجۡزٍ أَلِيمٞ</textIndopak>
    <translations>
      <translation>
        <author>King Fahad Quran Complex</author>
        <text>Dan orang-orang yang berusaha untuk (menentang) ayat-ayat Kami dengan anggapan mereka dapat melemahkan (menggagalkan azab Kami), mereka itu memperoleh azab, yaitu (jenis) azab yang pedih.</text>
      </translation>
    </translations>
    <rules>[{"start": 77, "end": 80, "rule_id": 0}, {"start": 85, "end": 87, "rule_id": 1}, {"start": 74, "end": 80, "rule_id": 3}, {"start": 80, "end": 85, "rule_id": 5}]</rules>
  </verse>
  <verse>
    <verseIdArabic>٦</verseIdArabic>
    <verseId>6</verseId>
    <chapterId>34</chapterId>
    <textIndopak>وَيَرَى ٱلَّذِينَ أُوتُواْ ٱلۡعِلۡمَ ٱلَّذِيٓ أُنزِلَ إِلَيۡكَ مِن رَّبِّكَ هُوَ ٱلۡحَقَّ وَيَهۡدِيٓ إِلَىٰ صِرَٰطِ ٱلۡعَزِيزِ ٱلۡحَمِيدِ</textIndopak>
    <translations>
      <translation>
        <author>King Fahad Quran Complex</author>
        <text>Dan orang-orang yang diberi ilmu (ahli kitab) berpendapat bahwa wahyu yang diturunkan kepadamu dari Tuhan-mu itulah yang benar dan menunjuki (manusia) kepada jalan Tuhan Yang Maha Perkasa lagi Maha Terpuji.</text>
      </translation>
    </translations>
    <rules>[{"start": 135, "end": 137, "rule_id": 1}, {"start": 65, "end": 70, "rule_id": 5}, {"start": 48, "end": 51, "rule_id": 6}]</rules>
  </verse>
  <verse>
    <verseIdArabic>٧</verseIdArabic>
    <verseId>7</verseId>
    <chapterId>34</chapterId>
    <textIndopak>وَقَالَ ٱلَّذِينَ كَفَرُواْ هَلۡ نَدُلُّكُمۡ عَلَىٰ رَجُلٖ يُنَبِّئُكُمۡ إِذَا مُزِّقۡتُمۡ كُلَّ مُمَزَّقٍ إِنَّكُمۡ لَفِي خَلۡقٖ جَدِيدٍ</textIndopak>
    <translations>
      <translation>
        <author>King Fahad Quran Complex</author>
        <text>Dan orang-orang kafir berkata (kepada teman-temannya), "Maukah kamu kami tunjukkan kepadamu seorang laki-laki yang memberitakan kepadamu bahwa apabila badanmu telah hancur sehancur-hancurnya, sesungguhnya kamu benar-benar (akan dibangkitkan kembali) dalam ciptaan yang baru?</text>
      </translation>
    </translations>
    <rules>[{"start": 109, "end": 112, "rule_id": 0}, {"start": 84, "end": 86, "rule_id": 1}, {"start": 135, "end": 137, "rule_id": 1}, {"start": 56, "end": 61, "rule_id": 3}, {"start": 127, "end": 132, "rule_id": 6}]</rules>
  </verse>
  <verse>
    <verseIdArabic>٨</verseIdArabic>
    <verseId>8</verseId>
    <chapterId>34</chapterId>
    <textIndopak>أَفۡتَرَىٰ عَلَى ٱللَّهِ كَذِبًا أَم بِهِۦ جِنَّةُۢۗ بَلِ ٱلَّذِينَ لَا يُؤۡمِنُونَ بِٱلۡأٓخِرَةِ فِي ٱلۡعَذَابِ وَٱلضَّلَٰلِ ٱلۡبَعِيدِ</textIndopak>
    <translations>
      <translation>
        <author>King Fahad Quran Complex</author>
        <text>Apakah dia mengada-adakan kebohongan terhadap Allah ataukah ada padanya penyakit gila?" (Tidak), tetapi orang-orang yang tidak beriman kepada negeri akhirat berada dalam siksaan dan kesesatan yang jauh.</text>
      </translation>
    </translations>
    <rules>[{"start": 45, "end": 48, "rule_id": 0}, {"start": 136, "end": 138, "rule_id": 1}, {"start": 35, "end": 39, "rule_id": 7}]</rules>
  </verse>
  <verse>
    <verseIdArabic>٩</verseIdArabic>
    <verseId>9</verseId>
    <chapterId>34</chapterId>
    <textIndopak>أَفَلَمۡ يَرَوۡاْ إِلَىٰ مَا بَيۡنَ أَيۡدِيهِمۡ وَمَا خَلۡفَهُم مِّنَ ٱلسَّمَآءِ وَٱلۡأَرۡضِۚ إِن نَّشَأۡ نَخۡسِفۡ بِهِمُ ٱلۡأَرۡضَ أَوۡ نُسۡقِطۡ عَلَيۡهِمۡ كِسَفٗا مِّنَ ٱلسَّمَآءِۚ إِنَّ فِي ذَٰلِكَ لَأٓيَةٗ لِّكُلِّ عَبۡدٖ مُّنِيبٖ</textIndopak>
    <translations>
      <translation>
        <author>King Fahad Quran Complex</author>
        <text>Maka apakah mereka tidak melihat langit dan bumi yang ada di hadapan dan di belakang mereka? Jika Kami menghendaki, niscaya Kami benamkan mereka di bumi atau Kami jatuhkan kepada mereka gumpalan dari langit. Sesungguhnya pada yang demikian itu benar-benar terdapat tanda (kekuasaan Tuhan) bagi setiap hamba yang kembali (kepada-Nya).</text>
      </translation>
    </translations>
    <rules>[{"start": 64, "end": 67, "rule_id": 0}, {"start": 100, "end": 103, "rule_id": 0}, {"start": 167, "end": 170, "rule_id": 0}, {"start": 189, "end": 192, "rule_id": 0}, {"start": 231, "end": 234, "rule_id": 0}, {"start": 145, "end": 147, "rule_id": 1}, {"start": 226, "end": 228, "rule_id": 1}, {"start": 237, "end": 239, "rule_id": 1}, {"start": 98, "end": 103, "rule_id": 3}, {"start": 163, "end": 170, "rule_id": 3}, {"start": 228, "end": 234, "rule_id": 3}, {"start": 62, "end": 67, "rule_id": 4}, {"start": 212, "end": 218, "rule_id": 5}]</rules>
  </verse>
  <verse>
    <verseIdArabic>١٠</verseIdArabic>
    <verseId>10</verseId>
    <chapterId>34</chapterId>
    <textIndopak>۞ وَلَقَدۡ ءَاتَيۡنَا دَاوُۥدَ مِنَّا فَضۡلٗاۖ يَٰجِبَالُ أَوِّبِي مَعَهُۥ وَٱلطَّيۡرَۖ وَأَلَنَّا لَهُ ٱلۡحَدِيدَ</textIndopak>
    <translations>
      <translation>
        <author>King Fahad Quran Complex</author>
        <text>Dan sesungguhnya telah Kami berikan kepada Dāwūd karunia dari Kami. (Kami berfirman), "Hai gunung-gunung dan burung-burung bertasbihlah berulang-ulang bersama Dāwūd" dan Kami telah melunakkan besi untuknya,</text>
      </translation>
    </translations>
    <rules>[{"start": 33, "end": 36, "rule_id": 0}, {"start": 96, "end": 99, "rule_id": 0}, {"start": 8, "end": 10, "rule_id": 1}, {"start": 114, "end": 116, "rule_id": 1}, {"start": 42, "end": 51, "rule_id": 3}]</rules>
  </verse>
  <verse>
    <verseIdArabic>١١</verseIdArabic>
    <verseId>11</verseId>
    <chapterId>34</chapterId>
    <textIndopak>أَنِ ٱعۡمَلۡ سَٰبِغَٰتٖ وَقَدِّرۡ فِي ٱلسَّرۡدِۖ وَٱعۡمَلُواْ صَٰلِحًاۖ إِنِّي بِمَا تَعۡمَلُونَ بَصِيرٞ</textIndopak>
    <translations>
      <translation>
        <author>King Fahad Quran Complex</author>
        <text>(yaitu) buatlah baju besi yang besar-besar dan ukurlah anyamannya; dan kerjakanlah amalan yang saleh. Sesungguhnya Aku melihat apa yang kamu kerjakan.</text>
      </translation>
    </translations>
    <rules>[{"start": 76, "end": 79, "rule_id": 0}, {"start": 21, "end": 26, "rule_id": 3}]</rules>
  </verse>
  <verse>
    <verseIdArabic>١٢</verseIdArabic>
    <verseId>12</verseId>
    <chapterId>34</chapterId>
    <textIndopak>وَلِسُلَيۡمَٰنَ ٱلرِّيحَ غُدُوُّهَا شَهۡرٞ وَرَوَاحُهَا شَهۡرٞۖ وَأَسَلۡنَا لَهُۥ عَيۡنَ ٱلۡقِطۡرِۖ وَمِنَ ٱلۡجِنِّ مَن يَعۡمَلُ بَيۡنَ يَدَيۡهِ بِإِذۡنِ رَبِّهِۦۖ وَمَن يَزِغۡ مِنۡهُمۡ عَنۡ أَمۡرِنَا نُذِقۡهُ مِنۡ عَذَابِ ٱلسَّعِيرِ</textIndopak>
    <translations>
      <translation>
        <author>King Fahad Quran Complex</author>
        <text>Dan Kami (tundukkan) angin bagi Sulaymān yang perjalanannya pada waktu pagi sama dengan perjalanan sebulan dan perjalanannya pada waktu sore sama dengan perjalanan sebulan (pula) dan Kami alirkan cairan tembaga baginya. Dan sebagian dari jin ada yang bekerja di hadapannya (di bawah kekuasaannya) dengan izin Tuhan-nya. Dan siapa yang menyimpang di antara mereka dari perintah Kami, Kami rasakan kepadanya azab neraka yang apinya menyala-nyala.</text>
      </translation>
    </translations>
    <rules>[{"start": 114, "end": 117, "rule_id": 0}, {"start": 95, "end": 97, "rule_id": 1}, {"start": 208, "end": 210, "rule_id": 1}, {"start": 120, "end": 124, "rule_id": 3}, {"start": 171, "end": 175, "rule_id": 3}, {"start": 40, "end": 45, "rule_id": 3}, {"start": 60, "end": 67, "rule_id": 3}]</rules>
  </verse>
  <verse>
    <verseIdArabic>١٣</verseIdArabic>
    <verseId>13</verseId>
    <chapterId>34</chapterId>
    <textIndopak>يَعۡمَلُونَ لَهُۥ مَا يَشَآءُ مِن مَّحَٰرِيبَ وَتَمَٰثِيلَ وَجِفَانٖ كَٱلۡجَوَابِ وَقُدُورٖ رَّاسِيَٰتٍۚ ٱعۡمَلُوٓاْ ءَالَ دَاوُۥدَ شُكۡرٗاۚ وَقَلِيلٞ مِّنۡ عِبَادِيَ ٱلشَّكُورُ</textIndopak>
    <translations>
      <translation>
        <author>King Fahad Quran Complex</author>
        <text>Para jin itu membuat untuk Sulaymān apa yang dikehendakinya dari gedung-gedung yang tinggi dan patung-patung dan piring-piring yang (besarnya) seperti kolam dan periuk yang tetap (berada di atas tungku). Bekerjalah hai keluarga Dāwūd untuk bersyukur (kepada Allah). Dan sedikit sekali dari hamba-hamba-Ku yang berterima kasih.</text>
      </translation>
    </translations>
    <rules>[{"start": 35, "end": 38, "rule_id": 0}, {"start": 154, "end": 157, "rule_id": 0}, {"start": 33, "end": 38, "rule_id": 3}, {"start": 151, "end": 157, "rule_id": 3}, {"start": 90, "end": 96, "rule_id": 5}, {"start": 67, "end": 72, "rule_id": 6}]</rules>
  </verse>
  <verse>
    <verseIdArabic>١٤</verseIdArabic>
    <verseId>14</verseId>
    <chapterId>34</chapterId>
    <textIndopak>فَلَمَّا قَضَيۡنَا عَلَيۡهِ ٱلۡمَوۡتَ مَا دَلَّهُمۡ عَلَىٰ مَوۡتِهِۦٓ إِلَّا دَآبَّةُ ٱلۡأَرۡضِ تَأۡكُلُ مِنسَأَتَهُۥۖ فَلَمَّا خَرَّ تَبَيَّنَتِ ٱلۡجِنُّ أَن لَّوۡ كَانُواْ يَعۡلَمُونَ ٱلۡغَيۡبَ مَا لَبِثُواْ فِي ٱلۡعَذَابِ ٱلۡمُهِينِ</textIndopak>
    <translations>
      <translation>
        <author>King Fahad Quran Complex</author>
        <text>Maka tatkala Kami telah menetapkan kematian Sulaymān, tidak ada yang menunjukkan kepada mereka kematiannya itu, kecuali rayap yang memakan tongkatnya. Maka tatkala ia telah tersungkur, tahulah jin itu bahwa kalau sekiranya mereka mengetahui yang gaib tentulah mereka tidak tetap dalam siksa yang menghinakan.</text>
      </translation>
    </translations>
    <rules>[{"start": 4, "end": 7, "rule_id": 0}, {"start": 125, "end": 128, "rule_id": 0}, {"start": 153, "end": 156, "rule_id": 0}, {"start": 159, "end": 164, "rule_id": 5}, {"start": 108, "end": 111, "rule_id": 6}]</rules>
  </verse>
  <verse>
    <verseIdArabic>١٥</verseIdArabic>
    <verseId>15</verseId>
    <chapterId>34</chapterId>
    <textIndopak>لَقَدۡ كَانَ لِسَبَإٖ فِي مَسۡكَنِهِمۡ ءَايَةٞۖ جَنَّتَانِ عَن يَمِينٖ وَشِمَالٖۖ كُلُواْ مِن رِّزۡقِ رَبِّكُمۡ وَٱشۡكُرُواْ لَهُۥۚ بَلۡدَةٞ طَيِّبَةٞ وَرَبٌّ غَفُورٞ</textIndopak>
    <translations>
      <translation>
        <author>King Fahad Quran Complex</author>
        <text>Sesungguhnya bagi kaum Saba` ada tanda (kekuasaan Tuhan) di tempat kediaman mereka, yaitu dua buah kebun di sebelah kanan dan di sebelah kiri. (kepada mereka dikatakan), "Makanlah olehmu dari rezeki yang (dianugerahkan) Tuhan-mu dan bersyukurlah kamu kepada-Nya. (Negerimu) adalah negeri yang baik dan (Tuhan-mu) adalah Tuhan Yang Maha Pengampun".</text>
      </translation>
    </translations>
    <rules>[{"start": 51, "end": 54, "rule_id": 0}, {"start": 4, "end": 6, "rule_id": 1}, {"start": 62, "end": 66, "rule_id": 3}, {"start": 69, "end": 74, "rule_id": 3}, {"start": 151, "end": 156, "rule_id": 3}, {"start": 94, "end": 99, "rule_id": 5}, {"start": 19, "end": 24, "rule_id": 6}, {"start": 141, "end": 146, "rule_id": 6}]</rules>
  </verse>
  <verse>
    <verseIdArabic>١٦</verseIdArabic>
    <verseId>16</verseId>
    <chapterId>34</chapterId>
    <textIndopak>فَأَعۡرَضُواْ فَأَرۡسَلۡنَا عَلَيۡهِمۡ سَيۡلَ ٱلۡعَرِمِ وَبَدَّلۡنَٰهُم بِجَنَّتَيۡهِمۡ جَنَّتَيۡنِ ذَوَاتَيۡ أُكُلٍ خَمۡطٖ وَأَثۡلٖ وَشَيۡءٖ مِّن سِدۡرٖ قَلِيلٖ</textIndopak>
    <translations>
      <translation>
        <author>King Fahad Quran Complex</author>
        <text>Tetapi mereka berpaling, maka Kami datangkan kepada mereka banjir yang besar dan Kami ganti kedua kebun mereka dengan dua kebun yang ditumbuhi (pohon-pohon) yang berbuah pahit, pohon Aṡl dan sedikit dari pohon Sidr .</text>
      </translation>
    </translations>
    <rules>[{"start": 76, "end": 79, "rule_id": 0}, {"start": 90, "end": 93, "rule_id": 0}, {"start": 142, "end": 145, "rule_id": 0}, {"start": 149, "end": 151, "rule_id": 1}, {"start": 121, "end": 126, "rule_id": 3}, {"start": 130, "end": 135, "rule_id": 3}, {"start": 139, "end": 145, "rule_id": 3}, {"start": 145, "end": 149, "rule_id": 6}, {"start": 151, "end": 156, "rule_id": 6}, {"start": 70, "end": 74, "rule_id": 7}]</rules>
  </verse>
  <verse>
    <verseIdArabic>١٧</verseIdArabic>
    <verseId>17</verseId>
    <chapterId>34</chapterId>
    <textIndopak>ذَٰلِكَ جَزَيۡنَٰهُم بِمَا كَفَرُواْۖ وَهَلۡ نُجَٰزِيٓ إِلَّا ٱلۡكَفُورَ</textIndopak>
    <translations>
      <translation>
        <author>King Fahad Quran Complex</author>
        <text>Demikianlah Kami memberi balasan kepada mereka karena kekafiran mereka. Dan Kami tidak menjatuhkan azab (yang demikian itu), melainkan hanya kepada orang-orang yang sangat kafir.</text>
      </translation>
    </translations>
    <rules>[{"start": 19, "end": 23, "rule_id": 7}]</rules>
  </verse>
  <verse>
    <verseIdArabic>١٨</verseIdArabic>
    <verseId>18</verseId>
    <chapterId>34</chapterId>
    <textIndopak>وَجَعَلۡنَا بَيۡنَهُمۡ وَبَيۡنَ ٱلۡقُرَى ٱلَّتِي بَٰرَكۡنَا فِيهَا قُرٗى ظَٰهِرَةٗ وَقَدَّرۡنَا فِيهَا ٱلسَّيۡرَۖ سِيرُواْ فِيهَا لَيَالِيَ وَأَيَّامًا ءَامِنِينَ</textIndopak>
    <translations>
      <translation>
        <author>King Fahad Quran Complex</author>
        <text>Dan Kami jadikan antara mereka dan antara negeri-negeri yang Kami limpahkan berkat kepadanya, beberapa negeri yang berdekatan dan Kami tetapkan antara negeri-negeri itu (jarak-jarak) perjalanan. Berjalanlah kamu di kota-kota itu pada malam hari dan siang hari dengan dengan aman .</text>
      </translation>
    </translations>
    <rules>[{"start": 80, "end": 85, "rule_id": 3}]</rules>
  </verse>
  <verse>
    <verseIdArabic>١٩</verseIdArabic>
    <verseId>19</verseId>
    <chapterId>34</chapterId>
    <textIndopak>فَقَالُواْ رَبَّنَا بَٰعِدۡ بَيۡنَ أَسۡفَارِنَا وَظَلَمُوٓاْ أَنفُسَهُمۡ فَجَعَلۡنَٰهُمۡ أَحَادِيثَ وَمَزَّقۡنَٰهُمۡ كُلَّ مُمَزَّقٍۚ إِنَّ فِي ذَٰلِكَ لَأٓيَٰتٖ لِّكُلِّ صَبَّارٖ شَكُورٖ</textIndopak>
    <translations>
      <translation>
        <author>King Fahad Quran Complex</author>
        <text>Maka mereka berkata, "Ya Tuhan kami jauhkanlah jarak perjalanan kami " dan mereka menganiaya diri mereka sendiri; maka Kami jadikan mereka buah mulut dan Kami hancurkan mereka sehancur-hancurnya. Sesungguhnya pada yang demikian itu, benar-benar terdapat tanda-tanda kekuasaan Allah bagi setiap orang yang sabar lagi bersyukur.</text>
      </translation>
    </translations>
    <rules>[{"start": 137, "end": 140, "rule_id": 0}, {"start": 25, "end": 27, "rule_id": 1}, {"start": 107, "end": 109, "rule_id": 1}, {"start": 161, "end": 167, "rule_id": 5}, {"start": 63, "end": 66, "rule_id": 6}, {"start": 179, "end": 184, "rule_id": 6}]</rules>
  </verse>
  <verse>
    <verseIdArabic>٢٠</verseIdArabic>
    <verseId>20</verseId>
    <chapterId>34</chapterId>
    <textIndopak>وَلَقَدۡ صَدَّقَ عَلَيۡهِمۡ إِبۡلِيسُ ظَنَّهُۥ فَٱتَّبَعُوهُ إِلَّا فَرِيقٗا مِّنَ ٱلۡمُؤۡمِنِينَ</textIndopak>
    <translations>
      <translation>
        <author>King Fahad Quran Complex</author>
        <text>Dan sesungguhnya iblis telah dapat membuktikan kebenaran sangkaannya terhadap mereka, lalu mereka mengikutinya, kecuali sebagian orang-orang yang beriman.</text>
      </translation>
    </translations>
    <rules>[{"start": 40, "end": 43, "rule_id": 0}, {"start": 77, "end": 80, "rule_id": 0}, {"start": 6, "end": 8, "rule_id": 1}, {"start": 30, "end": 32, "rule_id": 1}, {"start": 73, "end": 80, "rule_id": 3}]</rules>
  </verse>
  <verse>
    <verseIdArabic>٢١</verseIdArabic>
    <verseId>21</verseId>
    <chapterId>34</chapterId>
    <textIndopak>وَمَا كَانَ لَهُۥ عَلَيۡهِم مِّن سُلۡطَٰنٍ إِلَّا لِنَعۡلَمَ مَن يُؤۡمِنُ بِٱلۡأٓخِرَةِ مِمَّنۡ هُوَ مِنۡهَا فِي شَكّٖۗ وَرَبُّكَ عَلَىٰ كُلِّ شَيۡءٍ حَفِيظٞ</textIndopak>
    <translations>
      <translation>
        <author>King Fahad Quran Complex</author>
        <text>Dan tidak adalah kekuasaan iblis terhadap mereka, melainkan hanyalah agar Kami dapat membedakan siapa yang beriman kepada adanya kehidupan akhirat dari siapa yang ragu-ragu tentang itu. Dan Tuhan-mu Maha Memelihara segala sesuatu.</text>
      </translation>
    </translations>
    <rules>[{"start": 28, "end": 31, "rule_id": 0}, {"start": 91, "end": 94, "rule_id": 0}, {"start": 63, "end": 67, "rule_id": 3}, {"start": 26, "end": 31, "rule_id": 4}, {"start": 31, "end": 35, "rule_id": 6}]</rules>
  </verse>
  <verse>
    <verseIdArabic>٢٢</verseIdArabic>
    <verseId>22</verseId>
    <chapterId>34</chapterId>
    <textIndopak>قُلِ ٱدۡعُواْ ٱلَّذِينَ زَعَمۡتُم مِّن دُونِ ٱللَّهِ لَا يَمۡلِكُونَ مِثۡقَالَ ذَرَّةٖ فِي ٱلسَّمَٰوَٰتِ وَلَا فِي ٱلۡأَرۡضِ وَمَا لَهُمۡ فِيهِمَا مِن شِرۡكٖ وَمَا لَهُۥ مِنۡهُم مِّن ظَهِيرٖ</textIndopak>
    <translations>
      <translation>
        <author>King Fahad Quran Complex</author>
        <text>Katakanlah, "Serulah mereka yang kamu anggap (sebagai tuhan) selain Allah, mereka tidak memiliki (kekuasaan) seberat zarah pun di langit dan di bumi, dan mereka tidak mempunyai suatu saham pun dalam (penciptaan) langit dan bumi, dan sekali-kali tidak ada di antara mereka yang menjadi pembantu bagi-Nya.</text>
      </translation>
    </translations>
    <rules>[{"start": 34, "end": 37, "rule_id": 0}, {"start": 180, "end": 183, "rule_id": 0}, {"start": 6, "end": 8, "rule_id": 1}, {"start": 157, "end": 162, "rule_id": 3}, {"start": 32, "end": 37, "rule_id": 4}, {"start": 178, "end": 183, "rule_id": 4}, {"start": 37, "end": 41, "rule_id": 6}, {"start": 151, "end": 155, "rule_id": 6}, {"start": 183, "end": 187, "rule_id": 6}, {"start": 86, "end": 91, "rule_id": 6}]</rules>
  </verse>
  <verse>
    <verseIdArabic>٢٣</verseIdArabic>
    <verseId>23</verseId>
    <chapterId>34</chapterId>
    <textIndopak>وَلَا تَنفَعُ ٱلشَّفَٰعَةُ عِندَهُۥٓ إِلَّا لِمَنۡ أَذِنَ لَهُۥۚ حَتَّىٰٓ إِذَا فُزِّعَ عَن قُلُوبِهِمۡ قَالُواْ مَاذَا قَالَ رَبُّكُمۡۖ قَالُواْ ٱلۡحَقَّۖ وَهُوَ ٱلۡعَلِيُّ ٱلۡكَبِيرُ</textIndopak>
    <translations>
      <translation>
        <author>King Fahad Quran Complex</author>
        <text>Dan tiadalah berguna syafaat di sisi Allah, melainkan bagi orang yang telah diizinkan-Nya memperoleh syafaat itu sehingga apabila telah dihilangkan ketakutan dari hati mereka, mereka berkata, "Apakah yang telah difirmankan oleh Tuhan-mu?" Mereka menjawab, "(Perkataan) yang benar" dan Dia-lah Yang Maha Tinggi lagi Maha Besar .</text>
      </translation>
    </translations>
    <rules>[{"start": 8, "end": 11, "rule_id": 6}, {"start": 29, "end": 32, "rule_id": 6}, {"start": 91, "end": 95, "rule_id": 6}]</rules>
  </verse>
  <verse>
    <verseIdArabic>٢٤</verseIdArabic>
    <verseId>24</verseId>
    <chapterId>34</chapterId>
    <textIndopak>۞ قُلۡ مَن يَرۡزُقُكُم مِّنَ ٱلسَّمَٰوَٰتِ وَٱلۡأَرۡضِۖ قُلِ ٱللَّهُۖ وَإِنَّآ أَوۡ إِيَّاكُمۡ لَعَلَىٰ هُدًى أَوۡ فِي ضَلَٰلٖ مُّبِينٖ</textIndopak>
    <translations>
      <translation>
        <author>King Fahad Quran Complex</author>
        <text>Katakanlah, "Siapakah yang memberi rezeki kepadamu dari langit dan dari bumi?" Katakanlah, "Allah" dan sesungguhnya kami atau kamu (orang-orang musyrik) pasti berada dalam kebenaran atau dalam kesesatan yang nyata.</text>
      </translation>
    </translations>
    <rules>[{"start": 23, "end": 26, "rule_id": 0}, {"start": 76, "end": 79, "rule_id": 0}, {"start": 130, "end": 133, "rule_id": 0}, {"start": 9, "end": 13, "rule_id": 3}, {"start": 127, "end": 133, "rule_id": 3}, {"start": 21, "end": 26, "rule_id": 4}]</rules>
  </verse>
  <verse>
    <verseIdArabic>٢٥</verseIdArabic>
    <verseId>25</verseId>
    <chapterId>34</chapterId>
    <textIndopak>قُل لَّا تُسۡـَٔلُونَ عَمَّآ أَجۡرَمۡنَا وَلَا نُسۡـَٔلُ عَمَّا تَعۡمَلُونَ</textIndopak>
    <translations>
      <translation>
        <author>King Fahad Quran Complex</author>
        <text>Katakanlah, "Kamu tidak akan ditanya (bertanggung jawab) tentang dosa yang kami perbuat dan kami tidak akan ditanya (pula) tentang apa yang kamu perbuat".</text>
      </translation>
    </translations>
    <rules>[{"start": 24, "end": 27, "rule_id": 0}, {"start": 60, "end": 63, "rule_id": 0}, {"start": 32, "end": 34, "rule_id": 1}]</rules>
  </verse>
  <verse>
    <verseIdArabic>٢٦</verseIdArabic>
    <verseId>26</verseId>
    <chapterId>34</chapterId>
    <textIndopak>قُلۡ يَجۡمَعُ بَيۡنَنَا رَبُّنَا ثُمَّ يَفۡتَحُ بَيۡنَنَا بِٱلۡحَقِّ وَهُوَ ٱلۡفَتَّاحُ ٱلۡعَلِيمُ</textIndopak>
    <translations>
      <translation>
        <author>King Fahad Quran Complex</author>
        <text>Katakanlah, "Tuhan kita akan mengumpulkan kita semua, kemudian Dia memberi keputusan antara kita dengan benar. Dan Dia-lah Maha Pemberi keputusan lagi Maha Mengetahui".</text>
      </translation>
    </translations>
    <rules>[{"start": 35, "end": 38, "rule_id": 0}, {"start": 7, "end": 9, "rule_id": 1}]</rules>
  </verse>
  <verse>
    <verseIdArabic>٢٧</verseIdArabic>
    <verseId>27</verseId>
    <chapterId>34</chapterId>
    <textIndopak>قُلۡ أَرُونِيَ ٱلَّذِينَ أَلۡحَقۡتُم بِهِۦ شُرَكَآءَۖ كـَلَّاۚ بَلۡ هُوَ ٱللَّهُ ٱلۡعَزِيزُ ٱلۡحَكِيمُ</textIndopak>
    <translations>
      <translation>
        <author>King Fahad Quran Complex</author>
        <text>Katakanlah, "Perlihatkanlah kepadaku sembah-sembahan yang kamu hubungkan dengan Dia sebagai sekutu-sekutu(Nya), sekali-kali tidak mungkin! Sebenarnya, Dia-lah Allah Yang Maha Perkasa lagi Maha Bijaksana.</text>
      </translation>
    </translations>
    <rules>[{"start": 31, "end": 33, "rule_id": 1}, {"start": 35, "end": 39, "rule_id": 7}]</rules>
  </verse>
  <verse>
    <verseIdArabic>٢٨</verseIdArabic>
    <verseId>28</verseId>
    <chapterId>34</chapterId>
    <textIndopak>وَمَآ أَرۡسَلۡنَٰكَ إِلَّا كَآفَّةٗ لِّلنَّاسِ بَشِيرٗا وَنَذِيرٗا وَلَٰكِنَّ أَكۡثَرَ ٱلنَّاسِ لَا يَعۡلَمُونَ</textIndopak>
    <translations>
      <translation>
        <author>King Fahad Quran Complex</author>
        <text>Dan Kami tidak mengutus kamu, melainkan kepada umat manusia seluruhnya sebagai pembawa berita gembira dan sebagai pemberi peringatan, tetapi kebanyakan manusia tiada mengetahui.</text>
      </translation>
    </translations>
    <rules>[{"start": 42, "end": 45, "rule_id": 0}, {"start": 76, "end": 79, "rule_id": 0}, {"start": 91, "end": 94, "rule_id": 0}, {"start": 54, "end": 60, "rule_id": 3}, {"start": 65, "end": 71, "rule_id": 3}, {"start": 35, "end": 41, "rule_id": 5}]</rules>
  </verse>
  <verse>
    <verseIdArabic>٢٩</verseIdArabic>
    <verseId>29</verseId>
    <chapterId>34</chapterId>
    <textIndopak>وَيَقُولُونَ مَتَىٰ هَٰذَا ٱلۡوَعۡدُ إِن كُنتُمۡ صَٰدِقِينَ</textIndopak>
    <translations>
      <translation>
        <author>King Fahad Quran Complex</author>
        <text>Dan mereka berkata, "Kapankah (datangnya) janji ini, jika kamu adalah orang-orang yang benar?".</text>
      </translation>
    </translations>
    <rules>[{"start": 39, "end": 43, "rule_id": 6}, {"start": 43, "end": 46, "rule_id": 6}]</rules>
  </verse>
  <verse>
    <verseIdArabic>٣٠</verseIdArabic>
    <verseId>30</verseId>
    <chapterId>34</chapterId>
    <textIndopak>قُل لَّكُم مِّيعَادُ يَوۡمٖ لَّا تَسۡتَـٔۡخِرُونَ عَنۡهُ سَاعَةٗ وَلَا تَسۡتَقۡدِمُونَ</textIndopak>
    <translations>
      <translation>
        <author>King Fahad Quran Complex</author>
        <text>Katakanlah, "Bagimu ada hari yang telah dijanjikan (hari kiamat) yang tiada dapat kamu minta mundur darinya barang sesaat pun dan tidak (pula) kamu dapat meminta supaya diajukan".</text>
      </translation>
    </translations>
    <rules>[{"start": 11, "end": 14, "rule_id": 0}, {"start": 77, "end": 79, "rule_id": 1}, {"start": 62, "end": 67, "rule_id": 3}, {"start": 9, "end": 14, "rule_id": 4}, {"start": 25, "end": 31, "rule_id": 5}]</rules>
  </verse>
  <verse>
    <verseIdArabic>٣١</verseIdArabic>
    <verseId>31</verseId>
    <chapterId>34</chapterId>
    <textIndopak>وَقَالَ ٱلَّذِينَ كَفَرُواْ لَن نُّؤۡمِنَ بِهَٰذَا ٱلۡقُرۡءَانِ وَلَا بِٱلَّذِي بَيۡنَ يَدَيۡهِۗ وَلَوۡ تَرَىٰٓ إِذِ ٱلظَّٰلِمُونَ مَوۡقُوفُونَ عِندَ رَبِّهِمۡ يَرۡجِعُ بَعۡضُهُمۡ إِلَىٰ بَعۡضٍ ٱلۡقَوۡلَ يَقُولُ ٱلَّذِينَ ٱسۡتُضۡعِفُواْ لِلَّذِينَ ٱسۡتَكۡبَرُواْ لَوۡلَآ أَنتُمۡ لَكُنَّا مُؤۡمِنِينَ</textIndopak>
    <translations>
      <translation>
        <author>King Fahad Quran Complex</author>
        <text>Dan orang-orang kafir berkata, "Kami sekali-kali tidak akan beriman kepada Al-Qur`ān ini dan tidak (pula) kepada kitab yang sebelumnya". Dan (alangkah hebatnya) kalau kamu lihat ketika orang-orang yang zalim itu dihadapkan kepada Tuhan-nya, sebagian dari mereka menghadapkan perkataan kepada sebagian yang lain; orang-orang yang dianggap lemah berkata kepada orang-orang yang menyombongkan diri, "Kalau tidaklah karena kamu tentulah kami menjadi orang-orang yang beriman".</text>
      </translation>
    </translations>
    <rules>[{"start": 32, "end": 35, "rule_id": 0}, {"start": 285, "end": 288, "rule_id": 0}, {"start": 30, "end": 35, "rule_id": 3}, {"start": 147, "end": 150, "rule_id": 6}, {"start": 275, "end": 278, "rule_id": 6}]</rules>
  </verse>
  <verse>
    <verseIdArabic>٣٢</verseIdArabic>
    <verseId>32</verseId>
    <chapterId>34</chapterId>
    <textIndopak>قَالَ ٱلَّذِينَ ٱسۡتَكۡبَرُواْ لِلَّذِينَ ٱسۡتُضۡعِفُوٓاْ أَنَحۡنُ صَدَدۡنَٰكُمۡ عَنِ ٱلۡهُدَىٰ بَعۡدَ إِذۡ جَآءَكُمۖ بَلۡ كُنتُم مُّجۡرِمِينَ</textIndopak>
    <translations>
      <translation>
        <author>King Fahad Quran Complex</author>
        <text>Orang-orang yang menyombongkan diri berkata kepada orang-orang yang dianggap lemah, "Kamikah yang telah menghalangi kamu dari petunjuk sesudah petunjuk itu datang kepadamu? (Tidak), sebenarnya kamu sendirilah orang-orang yang berdosa".</text>
      </translation>
    </translations>
    <rules>[{"start": 132, "end": 135, "rule_id": 0}, {"start": 71, "end": 73, "rule_id": 1}, {"start": 135, "end": 137, "rule_id": 1}, {"start": 130, "end": 135, "rule_id": 4}, {"start": 127, "end": 130, "rule_id": 6}]</rules>
  </verse>
  <verse>
    <verseIdArabic>٣٣</verseIdArabic>
    <verseId>33</verseId>
    <chapterId>34</chapterId>
    <textIndopak>وَقَالَ ٱلَّذِينَ ٱسۡتُضۡعِفُواْ لِلَّذِينَ ٱسۡتَكۡبَرُواْ بَلۡ مَكۡرُ ٱلَّيۡلِ وَٱلنَّهَارِ إِذۡ تَأۡمُرُونَنَآ أَن نَّكۡفُرَ بِٱللَّهِ وَنَجۡعَلَ لَهُۥٓ أَندَادٗاۚ وَأَسَرُّواْ ٱلنَّدَامَةَ لَمَّا رَأَوُاْ ٱلۡعَذَابَۚ وَجَعَلۡنَا ٱلۡأَغۡلَٰلَ فِيٓ أَعۡنَاقِ ٱلَّذِينَ كَفَرُواْۖ هَلۡ يُجۡزَوۡنَ إِلَّا مَا كَانُواْ يَعۡمَلُونَ</textIndopak>
    <translations>
      <translation>
        <author>King Fahad Quran Complex</author>
        <text>Dan orang-orang yang dianggap lemah berkata kepada orang-orang yang menyombongkan diri, "(Tidak), sebenarnya tipu daya(mu) pada waktu malam dan siang (yang menghalangi kami) ketika kamu menyeru kami supaya kami kafir kepada Allah dan menjadikan sekutu-sekutu bagi-Nya". Kedua belah pihak menyatakan penyesalan, tatkala mereka melihat azab. Dan kami pasang belenggu di leher orang-orang yang kafir. Mereka tidak dibalas, melainkan dengan apa yang telah mereka kerjakan.</text>
      </translation>
    </translations>
    <rules>[{"start": 84, "end": 87, "rule_id": 0}, {"start": 118, "end": 121, "rule_id": 0}, {"start": 183, "end": 186, "rule_id": 0}, {"start": 196, "end": 199, "rule_id": 0}, {"start": 142, "end": 144, "rule_id": 1}, {"start": 290, "end": 292, "rule_id": 1}, {"start": 116, "end": 121, "rule_id": 3}, {"start": 158, "end": 161, "rule_id": 6}]</rules>
  </verse>
  <verse>
    <verseIdArabic>٣٤</verseIdArabic>
    <verseId>34</verseId>
    <chapterId>34</chapterId>
    <textIndopak>وَمَآ أَرۡسَلۡنَا فِي قَرۡيَةٖ مِّن نَّذِيرٍ إِلَّا قَالَ مُتۡرَفُوهَآ إِنَّا بِمَآ أُرۡسِلۡتُم بِهِۦ كَٰفِرُونَ</textIndopak>
    <translations>
      <translation>
        <author>King Fahad Quran Complex</author>
        <text>Dan Kami tidak mengutus kepada suatu negeri seorang pemberi peringatan pun, melainkan orang-orang yang hidup mewah di negeri itu berkata, "Sesungguhnya kami mengingkari apa yang kamu diutus untuk menyampaikannya".</text>
      </translation>
    </translations>
    <rules>[{"start": 32, "end": 35, "rule_id": 0}, {"start": 37, "end": 40, "rule_id": 0}, {"start": 75, "end": 78, "rule_id": 0}, {"start": 35, "end": 40, "rule_id": 3}, {"start": 29, "end": 35, "rule_id": 3}, {"start": 97, "end": 101, "rule_id": 7}]</rules>
  </verse>
  <verse>
    <verseIdArabic>٣٥</verseIdArabic>
    <verseId>35</verseId>
    <chapterId>34</chapterId>
    <textIndopak>وَقَالُواْ نَحۡنُ أَكۡثَرُ أَمۡوَٰلٗا وَأَوۡلَٰدٗا وَمَا نَحۡنُ بِمُعَذَّبِينَ</textIndopak>
    <translations>
      <translation>
        <author>King Fahad Quran Complex</author>
        <text>Dan mereka berkata, "Kami lebih banyak mempunyai harta dan anak-anak (daripada kamu) dan kami sekali-kali tidak akan diazab .</text>
      </translation>
    </translations>
    <rules>[{"start": 34, "end": 40, "rule_id": 3}, {"start": 47, "end": 53, "rule_id": 3}]</rules>
  </verse>
  <verse>
    <verseIdArabic>٣٦</verseIdArabic>
    <verseId>36</verseId>
    <chapterId>34</chapterId>
    <textIndopak>قُلۡ إِنَّ رَبِّي يَبۡسُطُ ٱلرِّزۡقَ لِمَن يَشَآءُ وَيَقۡدِرُ وَلَٰكِنَّ أَكۡثَرَ ٱلنَّاسِ لَا يَعۡلَمُونَ</textIndopak>
    <translations>
      <translation>
        <author>King Fahad Quran Complex</author>
        <text>Katakanlah, "Sesungguhnya Tuhan-ku melapangkan rezeki bagi siapa yang dikehendaki-Nya dan menyempitkan (bagi siapa yang dikehendaki-Nya), akan tetapi kebanyakan manusia tidak mengetahui".</text>
      </translation>
    </translations>
    <rules>[{"start": 7, "end": 10, "rule_id": 0}, {"start": 70, "end": 73, "rule_id": 0}, {"start": 85, "end": 88, "rule_id": 0}, {"start": 20, "end": 22, "rule_id": 1}, {"start": 56, "end": 58, "rule_id": 1}, {"start": 41, "end": 45, "rule_id": 3}]</rules>
  </verse>
  <verse>
    <verseIdArabic>٣٧</verseIdArabic>
    <verseId>37</verseId>
    <chapterId>34</chapterId>
    <textIndopak>وَمَآ أَمۡوَٰلُكُمۡ وَلَآ أَوۡلَٰدُكُم بِٱلَّتِي تُقَرِّبُكُمۡ عِندَنَا زُلۡفَىٰٓ إِلَّا مَنۡ ءَامَنَ وَعَمِلَ صَٰلِحٗا فَأُوْلَٰٓئِكَ لَهُمۡ جَزَآءُ ٱلضِّعۡفِ بِمَا عَمِلُواْ وَهُمۡ فِي ٱلۡغُرُفَٰتِ ءَامِنُونَ</textIndopak>
    <translations>
      <translation>
        <author>King Fahad Quran Complex</author>
        <text>Dan sekali-kali bukanlah harta dan bukan (pula) anak-anak kamu yang mendekatkan kamu kepada Kami sedikit pun, tetapi orang-orang yang beriman dan mengerjakan amal-amal saleh, mereka itulah yang memperoleh balasan yang berlipat ganda disebabkan apa yang telah mereka kerjakan dan mereka aman sentosa di tempat-tempat yang tinggi (dalam surga).</text>
      </translation>
    </translations>
    <rules>[{"start": 67, "end": 70, "rule_id": 6}, {"start": 39, "end": 43, "rule_id": 7}]</rules>
  </verse>
  <verse>
    <verseIdArabic>٣٨</verseIdArabic>
    <verseId>38</verseId>
    <chapterId>34</chapterId>
    <textIndopak>وَٱلَّذِينَ يَسۡعَوۡنَ فِيٓ ءَايَٰتِنَا مُعَٰجِزِينَ أُوْلَٰٓئِكَ فِي ٱلۡعَذَابِ مُحۡضَرُونَ</textIndopak>
    <translations>
      <translation>
        <author>King Fahad Quran Complex</author>
        <text>Dan orang-orang yang berusaha (menentang) ayat-ayat Kami dengan anggapan untuk dapat melemahkan (menggagalkan azab Kami), mereka itu dimasukkan ke dalam azab.</text>
      </translation>
    </translations>
  </verse>
  <verse>
    <verseIdArabic>٣٩</verseIdArabic>
    <verseId>39</verseId>
    <chapterId>34</chapterId>
    <textIndopak>قُلۡ إِنَّ رَبِّي يَبۡسُطُ ٱلرِّزۡقَ لِمَن يَشَآءُ مِنۡ عِبَادِهِۦ وَيَقۡدِرُ لَهُۥۚ وَمَآ أَنفَقۡتُم مِّن شَيۡءٖ فَهُوَ يُخۡلِفُهُۥۖ وَهُوَ خَيۡرُ ٱلرَّٰزِقِينَ</textIndopak>
    <translations>
      <translation>
        <author>King Fahad Quran Complex</author>
        <text>Katakanlah, "Sesungguhnya Tuhan-ku melapangkan rezeki bagi siapa yang dikehendaki-Nya di antara hamba-hamba-Nya dan menyempitkan bagi (siapa yang dikehendaki-Nya)". Dan barang apa saja yang kamu nafkahkan, maka Allah akan menggantinya dan Dia-lah Pemberi rezeki yang sebaik-baiknya.</text>
      </translation>
    </translations>
    <rules>[{"start": 7, "end": 10, "rule_id": 0}, {"start": 105, "end": 108, "rule_id": 0}, {"start": 20, "end": 22, "rule_id": 1}, {"start": 72, "end": 74, "rule_id": 1}, {"start": 99, "end": 101, "rule_id": 1}, {"start": 41, "end": 45, "rule_id": 3}, {"start": 103, "end": 108, "rule_id": 4}, {"start": 96, "end": 99, "rule_id": 6}, {"start": 108, "end": 112, "rule_id": 6}, {"start": 114, "end": 119, "rule_id": 6}]</rules>
  </verse>
  <verse>
    <verseIdArabic>٤٠</verseIdArabic>
    <verseId>40</verseId>
    <chapterId>34</chapterId>
    <textIndopak>وَيَوۡمَ يَحۡشُرُهُمۡ جَمِيعٗا ثُمَّ يَقُولُ لِلۡمَلَٰٓئِكَةِ أَهَٰٓؤُلَآءِ إِيَّاكُمۡ كَانُواْ يَعۡبُدُونَ</textIndopak>
    <translations>
      <translation>
        <author>King Fahad Quran Complex</author>
        <text>Dan (ingatlah) hari (yang pada waktu itu) Allah mengumpulkan mereka semuanya, kemudian Allah berfirman kepada malaikat, "Apakah mereka ini dahulu menyembah kamu?".</text>
      </translation>
    </translations>
    <rules>[{"start": 33, "end": 36, "rule_id": 0}]</rules>
  </verse>
  <verse>
    <verseIdArabic>٤١</verseIdArabic>
    <verseId>41</verseId>
    <chapterId>34</chapterId>
    <textIndopak>قَالُواْ سُبۡحَٰنَكَ أَنتَ وَلِيُّنَا مِن دُونِهِمۖ بَلۡ كَانُواْ يَعۡبُدُونَ ٱلۡجِنَّۖ أَكۡثَرُهُم بِهِم مُّؤۡمِنُونَ</textIndopak>
    <translations>
      <translation>
        <author>King Fahad Quran Complex</author>
        <text>Malaikat-malaikat itu menjawab, "Maha Suci Engkau. Engkaulah pelindung kami, bukan mereka, bahkan mereka telah menyembah jin ; kebanyakan mereka beriman kepada jin itu".</text>
      </translation>
    </translations>
    <rules>[{"start": 84, "end": 87, "rule_id": 0}, {"start": 108, "end": 111, "rule_id": 0}, {"start": 11, "end": 13, "rule_id": 1}, {"start": 106, "end": 111, "rule_id": 4}, {"start": 23, "end": 26, "rule_id": 6}, {"start": 40, "end": 44, "rule_id": 6}, {"start": 100, "end": 104, "rule_id": 7}]</rules>
  </verse>
  <verse>
    <verseIdArabic>٤٢</verseIdArabic>
    <verseId>42</verseId>
    <chapterId>34</chapterId>
    <textIndopak>فَٱلۡيَوۡمَ لَا يَمۡلِكُ بَعۡضُكُمۡ لِبَعۡضٖ نَّفۡعٗا وَلَا ضَرّٗا وَنَقُولُ لِلَّذِينَ ظَلَمُواْ ذُوقُواْ عَذَابَ ٱلنَّارِ ٱلَّتِي كُنتُم بِهَا تُكَذِّبُونَ</textIndopak>
    <translations>
      <translation>
        <author>King Fahad Quran Complex</author>
        <text>Maka pada hari ini, sebagian kamu tidak berkuasa (untuk memberikan) kemanfaatan dan tidak pula kemudaratan kepada sebagian yang lain. Dan Kami katakan kepada orang-orang yang zalim, "Rasakanlah olehmu azab neraka yang dahulunya kamu dustakan itu".</text>
      </translation>
    </translations>
    <rules>[{"start": 45, "end": 48, "rule_id": 0}, {"start": 117, "end": 120, "rule_id": 0}, {"start": 42, "end": 48, "rule_id": 3}, {"start": 50, "end": 56, "rule_id": 3}, {"start": 62, "end": 69, "rule_id": 3}, {"start": 134, "end": 137, "rule_id": 6}, {"start": 137, "end": 141, "rule_id": 7}]</rules>
  </verse>
  <verse>
    <verseIdArabic>٤٣</verseIdArabic>
    <verseId>43</verseId>
    <chapterId>34</chapterId>
    <textIndopak>وَإِذَا تُتۡلَىٰ عَلَيۡهِمۡ ءَايَٰتُنَا بَيِّنَٰتٖ قَالُواْ مَا هَٰذَآ إِلَّا رَجُلٞ يُرِيدُ أَن يَصُدَّكُمۡ عَمَّا كَانَ يَعۡبُدُ ءَابَآؤُكُمۡ وَقَالُواْ مَا هَٰذَآ إِلَّآ إِفۡكٞ مُّفۡتَرٗىۚ وَقَالَ ٱلَّذِينَ كَفَرُواْ لِلۡحَقِّ لَمَّا جَآءَهُمۡ إِنۡ هَٰذَآ إِلَّا سِحۡرٞ مُّبِينٞ</textIndopak>
    <translations>
      <translation>
        <author>King Fahad Quran Complex</author>
        <text>Dan apabila dibacakan kepada mereka ayat-ayat Kami yang terang, mereka berkata, "Orang ini tiada lain hanyalah seorang laki-laki yang ingin menghalangi kamu dari apa yang disembah oleh bapak-bapakmu" dan mereka berkata, "(Al-Qur`ān) ini tidak lain hanyalah kebohongan yang diada-adakan saja". Dan orang-orang kafir berkata terhadap kebenaran, tatkala kebenaran itu datang kepada mereka, "Ini tidak lain hanyalah sihir yang nyata".</text>
      </translation>
    </translations>
    <rules>[{"start": 112, "end": 115, "rule_id": 0}, {"start": 184, "end": 187, "rule_id": 0}, {"start": 237, "end": 240, "rule_id": 0}, {"start": 280, "end": 283, "rule_id": 0}, {"start": 96, "end": 100, "rule_id": 3}, {"start": 83, "end": 88, "rule_id": 3}, {"start": 181, "end": 187, "rule_id": 3}, {"start": 277, "end": 283, "rule_id": 3}, {"start": 48, "end": 53, "rule_id": 6}]</rules>
  </verse>
  <verse>
    <verseIdArabic>٤٤</verseIdArabic>
    <verseId>44</verseId>
    <chapterId>34</chapterId>
    <textIndopak>وَمَآ ءَاتَيۡنَٰهُم مِّن كُتُبٖ يَدۡرُسُونَهَاۖ وَمَآ أَرۡسَلۡنَآ إِلَيۡهِمۡ قَبۡلَكَ مِن نَّذِيرٖ</textIndopak>
    <translations>
      <translation>
        <author>King Fahad Quran Complex</author>
        <text>Dan Kami tidak pernah memberikan kepada mereka kitab-kitab yang mereka baca dan sekali-kali tidak pernah (pula) mengutus kepada mereka sebelum kamu seorang pemberi peringatan pun.</text>
      </translation>
    </translations>
    <rules>[{"start": 21, "end": 24, "rule_id": 0}, {"start": 94, "end": 97, "rule_id": 0}, {"start": 35, "end": 37, "rule_id": 1}, {"start": 83, "end": 85, "rule_id": 1}, {"start": 92, "end": 97, "rule_id": 3}, {"start": 30, "end": 35, "rule_id": 3}, {"start": 19, "end": 24, "rule_id": 4}, {"start": 24, "end": 28, "rule_id": 6}]</rules>
  </verse>
  <verse>
    <verseIdArabic>٤٥</verseIdArabic>
    <verseId>45</verseId>
    <chapterId>34</chapterId>
    <textIndopak>وَكَذَّبَ ٱلَّذِينَ مِن قَبۡلِهِمۡ وَمَا بَلَغُواْ مِعۡشَارَ مَآ ءَاتَيۡنَٰهُمۡ فَكَذَّبُواْ رُسُلِيۖ فَكَيۡفَ كَانَ نَكِيرِ</textIndopak>
    <translations>
      <translation>
        <author>King Fahad Quran Complex</author>
        <text>Dan orang-orang yang sebelum mereka telah mendustakan, sedang orang-orang kafir Mekah itu belum sampai menerima sepersepuluh dari apa yang telah Kami berikan kepada orang-orang dahulu itu, lalu mereka mendustakan rasul-rasul-Ku. Maka alangkah hebatnya akibat kemurkaan-Ku.</text>
      </translation>
    </translations>
    <rules>[{"start": 26, "end": 28, "rule_id": 1}, {"start": 22, "end": 26, "rule_id": 6}]</rules>
  </verse>
  <verse>
    <verseIdArabic>٤٦</verseIdArabic>
    <verseId>46</verseId>
    <chapterId>34</chapterId>
    <textIndopak>۞ قُلۡ إِنَّمَآ أَعِظُكُم بِوَٰحِدَةٍۖ أَن تَقُومُواْ لِلَّهِ مَثۡنَىٰ وَفُرَٰدَىٰ ثُمَّ تَتَفَكَّرُواْۚ مَا بِصَاحِبِكُم مِّن جِنَّةٍۚ إِنۡ هُوَ إِلَّا نَذِيرٞ لَّكُم بَيۡنَ يَدَيۡ عَذَابٖ شَدِيدٖ</textIndopak>
    <translations>
      <translation>
        <author>King Fahad Quran Complex</author>
        <text>Katakanlah, "Sesungguhnya aku hendak memperingatkan kepadamu suatu hal saja, yaitu supaya kamu menghadap Allah (dengan ikhlas) berdua-dua atau sendiri-sendiri, kemudian kamu pikirkan (tentang Muhammad) tidak ada penyakit gila sedikit pun pada kawanmu itu. Dia tidak lain hanyalah pemberi peringatan bagi kamu sebelum (menghadapi) azab yang keras .</text>
      </translation>
    </translations>
    <rules>[{"start": 9, "end": 12, "rule_id": 0}, {"start": 87, "end": 90, "rule_id": 0}, {"start": 125, "end": 128, "rule_id": 0}, {"start": 132, "end": 135, "rule_id": 0}, {"start": 199, "end": 201, "rule_id": 1}, {"start": 123, "end": 128, "rule_id": 4}, {"start": 162, "end": 168, "rule_id": 5}, {"start": 43, "end": 47, "rule_id": 6}, {"start": 128, "end": 132, "rule_id": 6}, {"start": 191, "end": 196, "rule_id": 6}, {"start": 25, "end": 29, "rule_id": 7}, {"start": 170, "end": 174, "rule_id": 7}]</rules>
  </verse>
  <verse>
    <verseIdArabic>٤٧</verseIdArabic>
    <verseId>47</verseId>
    <chapterId>34</chapterId>
    <textIndopak>قُلۡ مَا سَأَلۡتُكُم مِّنۡ أَجۡرٖ فَهُوَ لَكُمۡۖ إِنۡ أَجۡرِيَ إِلَّا عَلَى ٱللَّهِۖ وَهُوَ عَلَىٰ كُلِّ شَيۡءٖ شَهِيدٞ</textIndopak>
    <translations>
      <translation>
        <author>King Fahad Quran Complex</author>
        <text>Katakanlah, "Upah apa pun yang aku minta kepadamu, maka itu untuk kamu . Upahku hanyalah dari Allah dan Dia Maha Mengetahui segala sesuatu".</text>
      </translation>
    </translations>
    <rules>[{"start": 21, "end": 24, "rule_id": 0}, {"start": 29, "end": 31, "rule_id": 1}, {"start": 57, "end": 59, "rule_id": 1}, {"start": 119, "end": 121, "rule_id": 1}, {"start": 19, "end": 24, "rule_id": 4}, {"start": 31, "end": 36, "rule_id": 6}, {"start": 111, "end": 116, "rule_id": 6}]</rules>
  </verse>
  <verse>
    <verseIdArabic>٤٨</verseIdArabic>
    <verseId>48</verseId>
    <chapterId>34</chapterId>
    <textIndopak>قُلۡ إِنَّ رَبِّي يَقۡذِفُ بِٱلۡحَقِّ عَلَّٰمُ ٱلۡغُيُوبِ</textIndopak>
    <translations>
      <translation>
        <author>King Fahad Quran Complex</author>
        <text>Katakanlah, "Sesungguhnya Tuhan-ku mewahyukan kebenaran. Dia Maha Mengetahui segala yang gaib".</text>
      </translation>
    </translations>
    <rules>[{"start": 7, "end": 10, "rule_id": 0}, {"start": 20, "end": 22, "rule_id": 1}, {"start": 55, "end": 57, "rule_id": 1}]</rules>
  </verse>
  <verse>
    <verseIdArabic>٤٩</verseIdArabic>
    <verseId>49</verseId>
    <chapterId>34</chapterId>
    <textIndopak>قُلۡ جَآءَ ٱلۡحَقُّ وَمَا يُبۡدِئُ ٱلۡبَٰطِلُ وَمَا يُعِيدُ</textIndopak>
    <translations>
      <translation>
        <author>King Fahad Quran Complex</author>
        <text>Katakanlah, "Kebenaran telah datang dan yang batil itu tidak akan memulai dan tidak (pula) akan mengulangi ".</text>
      </translation>
    </translations>
    <rules>[{"start": 29, "end": 31, "rule_id": 1}, {"start": 58, "end": 60, "rule_id": 1}]</rules>
  </verse>
  <verse>
    <verseIdArabic>٥٠</verseIdArabic>
    <verseId>50</verseId>
    <chapterId>34</chapterId>
    <textIndopak>قُلۡ إِن ضَلَلۡتُ فَإِنَّمَآ أَضِلُّ عَلَىٰ نَفۡسِيۖ وَإِنِ ٱهۡتَدَيۡتُ فَبِمَا يُوحِيٓ إِلَيَّ رَبِّيٓۚ إِنَّهُۥ سَمِيعٞ قَرِيبٞ</textIndopak>
    <translations>
      <translation>
        <author>King Fahad Quran Complex</author>
        <text>Katakanlah, "Jika aku sesat, maka sesungguhnya aku sesat atas kemudaratan diriku sendiri dan jika aku mendapat petunjuk, maka itu adalah disebabkan apa yang diwahyukan Tuhan-ku kepadaku. Sesungguhnya Dia Maha Mendengar lagi Maha Dekat".</text>
      </translation>
    </translations>
    <rules>[{"start": 22, "end": 25, "rule_id": 0}, {"start": 110, "end": 113, "rule_id": 0}, {"start": 130, "end": 132, "rule_id": 1}, {"start": 7, "end": 11, "rule_id": 6}, {"start": 122, "end": 127, "rule_id": 6}]</rules>
  </verse>
  <verse>
    <verseIdArabic>٥١</verseIdArabic>
    <verseId>51</verseId>
    <chapterId>34</chapterId>
    <textIndopak>وَلَوۡ تَرَىٰٓ إِذۡ فَزِعُواْ فَلَا فَوۡتَ وَأُخِذُواْ مِن مَّكَانٖ قَرِيبٖ</textIndopak>
    <translations>
      <translation>
        <author>King Fahad Quran Complex</author>
        <text>Dan (alangkah hebatnya) jikalau kamu melihat ketika mereka (orang-orang kafir) terperanjat ketakutan (pada hari kiamat), maka mereka tidak dapat melepaskan diri dan mereka ditangkap dari tempat yang dekat (untuk dibawa ke neraka).</text>
      </translation>
    </translations>
    <rules>[{"start": 59, "end": 62, "rule_id": 0}, {"start": 73, "end": 75, "rule_id": 1}, {"start": 57, "end": 62, "rule_id": 3}, {"start": 65, "end": 70, "rule_id": 6}]</rules>
  </verse>
  <verse>
    <verseIdArabic>٥٢</verseIdArabic>
    <verseId>52</verseId>
    <chapterId>34</chapterId>
    <textIndopak>وَقَالُوٓاْ ءَامَنَّا بِهِۦ وَأَنَّىٰ لَهُمُ ٱلتَّنَاوُشُ مِن مَّكَانِۭ بَعِيدٖ</textIndopak>
    <translations>
      <translation>
        <author>King Fahad Quran Complex</author>
        <text>dan (pada waktu itu) mereka berkata, "Kami beriman kepada Allah", bagaimanakah mereka dapat mencapai (keimanan) dari tempat yang jauh itu .</text>
      </translation>
    </translations>
    <rules>[{"start": 17, "end": 20, "rule_id": 0}, {"start": 32, "end": 35, "rule_id": 0}, {"start": 62, "end": 65, "rule_id": 0}, {"start": 77, "end": 79, "rule_id": 1}, {"start": 68, "end": 74, "rule_id": 2}, {"start": 60, "end": 65, "rule_id": 3}]</rules>
  </verse>
  <verse>
    <verseIdArabic>٥٣</verseIdArabic>
    <verseId>53</verseId>
    <chapterId>34</chapterId>
    <textIndopak>وَقَدۡ كَفَرُواْ بِهِۦ مِن قَبۡلُۖ وَيَقۡذِفُونَ بِٱلۡغَيۡبِ مِن مَّكَانِۭ بَعِيدٖ</textIndopak>
    <translations>
      <translation>
        <author>King Fahad Quran Complex</author>
        <text>Dan sesungguhnya, mereka telah mengingkari Allah sebelum itu dan mereka menduga-duga tentang yang gaib dari tempat yang jauh.</text>
      </translation>
    </translations>
    <rules>[{"start": 66, "end": 69, "rule_id": 0}, {"start": 4, "end": 6, "rule_id": 1}, {"start": 29, "end": 31, "rule_id": 1}, {"start": 40, "end": 42, "rule_id": 1}, {"start": 81, "end": 83, "rule_id": 1}, {"start": 72, "end": 78, "rule_id": 2}, {"start": 64, "end": 69, "rule_id": 3}, {"start": 25, "end": 29, "rule_id": 6}]</rules>
  </verse>
  <verse>
    <verseIdArabic>٥٤</verseIdArabic>
    <verseId>54</verseId>
    <chapterId>34</chapterId>
    <textIndopak>وَحِيلَ بَيۡنَهُمۡ وَبَيۡنَ مَا يَشۡتَهُونَ كَمَا فُعِلَ بِأَشۡيَاعِهِم مِّن قَبۡلُۚ إِنَّهُمۡ كَانُواْ فِي شَكّٖ مُّرِيبِۭ</textIndopak>
    <translations>
      <translation>
        <author>King Fahad Quran Complex</author>
        <text>Dan dihalangi antara mereka dengan apa yang mereka ingini sebagaimana yang dilakukan terhadap orang-orang yang serupa dengan mereka pada masa dahulu. Sesungguhnya, mereka dahulu (di dunia) dalam keraguan yang mendalam.</text>
      </translation>
    </translations>
    <rules>[{"start": 72, "end": 75, "rule_id": 0}, {"start": 88, "end": 91, "rule_id": 0}, {"start": 115, "end": 118, "rule_id": 0}, {"start": 79, "end": 81, "rule_id": 1}, {"start": 121, "end": 124, "rule_id": 1}, {"start": 111, "end": 118, "rule_id": 3}, {"start": 70, "end": 75, "rule_id": 4}, {"start": 75, "end": 79, "rule_id": 6}]</rules>
  </verse>
</verses>
