<?xml version="1.0" encoding="UTF-8"?>

<verses>
  <verse>
    <verseIdArabic>١</verseIdArabic>
    <verseId>1</verseId>
    <chapterId>38</chapterId>
    <textIndopak>صٓۚ وَٱلۡقُرۡءَانِ ذِي ٱلذِّكۡرِ</textIndopak>
    <translations>
      <translation>
        <author>King Fahad Quran Complex</author>
        <text>Ṣād, demi Al-Qur`ān yang mempunyai keagungan.</text>
      </translation>
    </translations>
  </verse>
  <verse>
    <verseIdArabic>٢</verseIdArabic>
    <verseId>2</verseId>
    <chapterId>38</chapterId>
    <textIndopak>بَلِ ٱلَّذِينَ كَفَرُواْ فِي عِزَّةٖ وَشِقَاقٖ</textIndopak>
    <translations>
      <translation>
        <author>King Fahad Quran Complex</author>
        <text>Sebenarnya, orang-orang kafir itu (berada) dalam kesombongan dan permusuhan yang sengit.</text>
      </translation>
    </translations>
    <rules>[{"start": 44, "end": 46, "rule_id": 1}, {"start": 34, "end": 39, "rule_id": 3}]</rules>
  </verse>
  <verse>
    <verseIdArabic>٣</verseIdArabic>
    <verseId>3</verseId>
    <chapterId>38</chapterId>
    <textIndopak>كَمۡ أَهۡلَكۡنَا مِن قَبۡلِهِم مِّن قَرۡنٖ فَنَادَواْ وَّلَاتَ حِينَ مَنَاصٖ</textIndopak>
    <translations>
      <translation>
        <author>King Fahad Quran Complex</author>
        <text>Betapa banyaknya umat sebelum mereka yang telah Kami binasakan, lalu mereka meminta tolong padahal (waktu itu) bukanlah saat untuk lari melepaskan diri.</text>
      </translation>
    </translations>
    <rules>[{"start": 31, "end": 34, "rule_id": 0}, {"start": 23, "end": 25, "rule_id": 1}, {"start": 29, "end": 34, "rule_id": 4}, {"start": 19, "end": 23, "rule_id": 6}, {"start": 34, "end": 38, "rule_id": 6}, {"start": 40, "end": 45, "rule_id": 6}]</rules>
  </verse>
  <verse>
    <verseIdArabic>٤</verseIdArabic>
    <verseId>4</verseId>
    <chapterId>38</chapterId>
    <textIndopak>وَعَجِبُوٓاْ أَن جَآءَهُم مُّنذِرٞ مِّنۡهُمۡۖ وَقَالَ ٱلۡكَٰفِرُونَ هَٰذَا سَٰحِرٞ كَذَّابٌ</textIndopak>
    <translations>
      <translation>
        <author>King Fahad Quran Complex</author>
        <text>Dan mereka heran karena mereka kedatangan seorang pemberi peringatan (rasul) dari kalangan mereka dan orang-orang kafir berkata, "Ini adalah seorang ahli sihir yang banyak berdusta".</text>
      </translation>
    </translations>
    <rules>[{"start": 27, "end": 30, "rule_id": 0}, {"start": 36, "end": 39, "rule_id": 0}, {"start": 91, "end": 93, "rule_id": 1}, {"start": 33, "end": 39, "rule_id": 3}, {"start": 25, "end": 30, "rule_id": 4}, {"start": 15, "end": 19, "rule_id": 6}, {"start": 30, "end": 33, "rule_id": 6}, {"start": 82, "end": 87, "rule_id": 6}]</rules>
  </verse>
  <verse>
    <verseIdArabic>٥</verseIdArabic>
    <verseId>5</verseId>
    <chapterId>38</chapterId>
    <textIndopak>أَجَعَلَ ٱلۡأٓلِهَةَ إِلَٰهٗا وَٰحِدًاۖ إِنَّ هَٰذَا لَشَيۡءٌ عُجَابٞ</textIndopak>
    <translations>
      <translation>
        <author>King Fahad Quran Complex</author>
        <text>Mengapa ia menjadikan tuhan-tuhan itu Tuhan Yang Satu saja? Sesungguhnya ini benar-benar suatu hal yang sangat mengherankan.</text>
      </translation>
    </translations>
    <rules>[{"start": 44, "end": 47, "rule_id": 0}, {"start": 69, "end": 71, "rule_id": 1}, {"start": 27, "end": 34, "rule_id": 3}]</rules>
  </verse>
  <verse>
    <verseIdArabic>٦</verseIdArabic>
    <verseId>6</verseId>
    <chapterId>38</chapterId>
    <textIndopak>وَٱنطَلَقَ ٱلۡمَلَأُ مِنۡهُمۡ أَنِ ٱمۡشُواْ وَٱصۡبِرُواْ عَلَىٰٓ ءَالِهَتِكُمۡۖ إِنَّ هَٰذَا لَشَيۡءٞ يُرَادُ</textIndopak>
    <translations>
      <translation>
        <author>King Fahad Quran Complex</author>
        <text>Dan pergilah pemimpin-pemimpin mereka (seraya berkata), "Pergilah kamu dan tetaplah (menyembah) tuhan-Tuhan-mu; sesungguhnya ini benar-benar suatu hal yang dikehendaki .</text>
      </translation>
    </translations>
    <rules>[{"start": 83, "end": 86, "rule_id": 0}, {"start": 108, "end": 110, "rule_id": 1}, {"start": 100, "end": 105, "rule_id": 3}, {"start": 3, "end": 6, "rule_id": 6}]</rules>
  </verse>
  <verse>
    <verseIdArabic>٧</verseIdArabic>
    <verseId>7</verseId>
    <chapterId>38</chapterId>
    <textIndopak>مَا سَمِعۡنَا بِهَٰذَا فِي ٱلۡمِلَّةِ ٱلۡأٓخِرَةِ إِنۡ هَٰذَآ إِلَّا ٱخۡتِلَٰقٌ</textIndopak>
    <translations>
      <translation>
        <author>King Fahad Quran Complex</author>
        <text>Kami tidak pernah mendengar hal ini dalam agama yang terakhir ; ini (mengesakan Allah) tidak lain hanyalah (dusta) yang diada-adakan,</text>
      </translation>
    </translations>
    <rules>[{"start": 79, "end": 81, "rule_id": 1}]</rules>
  </verse>
  <verse>
    <verseIdArabic>٨</verseIdArabic>
    <verseId>8</verseId>
    <chapterId>38</chapterId>
    <textIndopak>أَءُنزِلَ عَلَيۡهِ ٱلذِّكۡرُ مِنۢ بَيۡنِنَاۚ بَلۡ هُمۡ فِي شَكّٖ مِّن ذِكۡرِيۚ بَل لَّمَّا يَذُوقُواْ عَذَابِ</textIndopak>
    <translations>
      <translation>
        <author>King Fahad Quran Complex</author>
        <text>mengapa Al-Qur`ān itu diturunkan kepadanya di antara kita?" Sebenarnya, mereka ragu-ragu terhadap Al-Qur`ān-Ku dan sebenarnya mereka belum merasakan azab-Ku.</text>
      </translation>
    </translations>
    <rules>[{"start": 66, "end": 69, "rule_id": 0}, {"start": 88, "end": 91, "rule_id": 0}, {"start": 109, "end": 111, "rule_id": 1}, {"start": 31, "end": 36, "rule_id": 2}, {"start": 62, "end": 69, "rule_id": 3}, {"start": 4, "end": 7, "rule_id": 6}, {"start": 69, "end": 73, "rule_id": 6}]</rules>
  </verse>
  <verse>
    <verseIdArabic>٩</verseIdArabic>
    <verseId>9</verseId>
    <chapterId>38</chapterId>
    <textIndopak>أَمۡ عِندَهُمۡ خَزَآئِنُ رَحۡمَةِ رَبِّكَ ٱلۡعَزِيزِ ٱلۡوَهَّابِ</textIndopak>
    <translations>
      <translation>
        <author>King Fahad Quran Complex</author>
        <text>Atau apakah mereka itu mempunyai perbendaharaan rahmat Tuhanmu Yang Maha Perkasa lagi Maha Pemberi?</text>
      </translation>
    </translations>
    <rules>[{"start": 63, "end": 65, "rule_id": 1}, {"start": 7, "end": 10, "rule_id": 6}]</rules>
  </verse>
  <verse>
    <verseIdArabic>١٠</verseIdArabic>
    <verseId>10</verseId>
    <chapterId>38</chapterId>
    <textIndopak>أَمۡ لَهُم مُّلۡكُ ٱلسَّمَٰوَٰتِ وَٱلۡأَرۡضِ وَمَا بَيۡنَهُمَاۖ فَلۡيَرۡتَقُواْ فِي ٱلۡأَسۡبَٰبِ</textIndopak>
    <translations>
      <translation>
        <author>King Fahad Quran Complex</author>
        <text>Atau apakah bagi mereka kerajaan langit dan bumi dan yang ada di antara keduanya? (Jika ada), maka hendaklah mereka menaiki tangga-tangga (ke langit).</text>
      </translation>
    </translations>
    <rules>[{"start": 11, "end": 14, "rule_id": 0}, {"start": 95, "end": 97, "rule_id": 1}, {"start": 9, "end": 14, "rule_id": 4}]</rules>
  </verse>
  <verse>
    <verseIdArabic>١١</verseIdArabic>
    <verseId>11</verseId>
    <chapterId>38</chapterId>
    <textIndopak>جُندٞ مَّا هُنَالِكَ مَهۡزُومٞ مِّنَ ٱلۡأَحۡزَابِ</textIndopak>
    <translations>
      <translation>
        <author>King Fahad Quran Complex</author>
        <text>Suatu tentara yang besar yang berada di sana dari golongan-golongan yang berserikat pasti akan dikalahkan .</text>
      </translation>
    </translations>
    <rules>[{"start": 6, "end": 9, "rule_id": 0}, {"start": 31, "end": 34, "rule_id": 0}, {"start": 47, "end": 49, "rule_id": 1}, {"start": 3, "end": 9, "rule_id": 3}, {"start": 28, "end": 34, "rule_id": 3}, {"start": 2, "end": 5, "rule_id": 6}]</rules>
  </verse>
  <verse>
    <verseIdArabic>١٢</verseIdArabic>
    <verseId>12</verseId>
    <chapterId>38</chapterId>
    <textIndopak>كَذَّبَتۡ قَبۡلَهُمۡ قَوۡمُ نُوحٖ وَعَادٞ وَفِرۡعَوۡنُ ذُو ٱلۡأَوۡتَادِ</textIndopak>
    <translations>
      <translation>
        <author>King Fahad Quran Complex</author>
        <text>Telah mendustakan (rasul-rasul pula) sebelum mereka itu kaum Nūḥ, ‘Ād, Firʻawn yang mempunyai tentara yang banyak,</text>
      </translation>
    </translations>
    <rules>[{"start": 12, "end": 14, "rule_id": 1}, {"start": 69, "end": 71, "rule_id": 1}, {"start": 31, "end": 36, "rule_id": 3}, {"start": 39, "end": 44, "rule_id": 3}]</rules>
  </verse>
  <verse>
    <verseIdArabic>١٣</verseIdArabic>
    <verseId>13</verseId>
    <chapterId>38</chapterId>
    <textIndopak>وَثَمُودُ وَقَوۡمُ لُوطٖ وَأَصۡحَٰبُ لۡـَٔيۡكَةِۚ أُوْلَٰٓئِكَ ٱلۡأَحۡزَابُ</textIndopak>
    <translations>
      <translation>
        <author>King Fahad Quran Complex</author>
        <text>dan Ṡamūd, kaum Lūṭ, dan penduduk Aikah . Mereka itulah golongan-golongan yang bersekutu (menentang rasul-rasul).</text>
      </translation>
    </translations>
    <rules>[{"start": 74, "end": 76, "rule_id": 1}, {"start": 22, "end": 27, "rule_id": 3}]</rules>
  </verse>
  <verse>
    <verseIdArabic>١٤</verseIdArabic>
    <verseId>14</verseId>
    <chapterId>38</chapterId>
    <textIndopak>إِن كُلٌّ إِلَّا كَذَّبَ ٱلرُّسُلَ فَحَقَّ عِقَابِ</textIndopak>
    <translations>
      <translation>
        <author>King Fahad Quran Complex</author>
        <text>Semua mereka itu tidak lain hanyalah mendustakan rasul-rasul, maka pastilah (bagi mereka) azab-Ku.</text>
      </translation>
    </translations>
    <rules>[{"start": 48, "end": 50, "rule_id": 1}, {"start": 2, "end": 6, "rule_id": 6}]</rules>
  </verse>
  <verse>
    <verseIdArabic>١٥</verseIdArabic>
    <verseId>15</verseId>
    <chapterId>38</chapterId>
    <textIndopak>وَمَا يَنظُرُ هَٰٓؤُلَآءِ إِلَّا صَيۡحَةٗ وَٰحِدَةٗ مَّا لَهَا مِن فَوَاقٖ</textIndopak>
    <translations>
      <translation>
        <author>King Fahad Quran Complex</author>
        <text>Tidaklah yang mereka tunggu, melainkan hanya satu teriakan saja yang tidak ada baginya saat berselang .</text>
      </translation>
    </translations>
    <rules>[{"start": 53, "end": 56, "rule_id": 0}, {"start": 73, "end": 75, "rule_id": 1}, {"start": 40, "end": 46, "rule_id": 3}, {"start": 50, "end": 56, "rule_id": 3}, {"start": 8, "end": 11, "rule_id": 6}, {"start": 66, "end": 70, "rule_id": 6}]</rules>
  </verse>
  <verse>
    <verseIdArabic>١٦</verseIdArabic>
    <verseId>16</verseId>
    <chapterId>38</chapterId>
    <textIndopak>وَقَالُواْ رَبَّنَا عَجِّل لَّنَا قِطَّنَا قَبۡلَ يَوۡمِ ٱلۡحِسَابِ</textIndopak>
    <translations>
      <translation>
        <author>King Fahad Quran Complex</author>
        <text>Dan mereka berkata, "Ya Tuhan kami cepatkanlah untuk kami azab yang diperuntukkan bagi kami sebelum hari berhisab".</text>
      </translation>
    </translations>
    <rules>[{"start": 45, "end": 47, "rule_id": 1}, {"start": 65, "end": 67, "rule_id": 1}]</rules>
  </verse>
  <verse>
    <verseIdArabic>١٧</verseIdArabic>
    <verseId>17</verseId>
    <chapterId>38</chapterId>
    <textIndopak>ٱصۡبِرۡ عَلَىٰ مَا يَقُولُونَ وَٱذۡكُرۡ عَبۡدَنَا دَاوُۥدَ ذَا ٱلۡأَيۡدِۖ إِنَّهُۥٓ أَوَّابٌ</textIndopak>
    <translations>
      <translation>
        <author>King Fahad Quran Complex</author>
        <text>Bersabarlah atas segala apa yang mereka katakan dan ingatlah hamba Kami Dāwūd yang mempunyai kekuatan; sesungguhnya dia amat taat (kepada Tuhan).</text>
      </translation>
    </translations>
    <rules>[{"start": 77, "end": 80, "rule_id": 0}, {"start": 42, "end": 44, "rule_id": 1}, {"start": 91, "end": 93, "rule_id": 1}]</rules>
  </verse>
  <verse>
    <verseIdArabic>١٨</verseIdArabic>
    <verseId>18</verseId>
    <chapterId>38</chapterId>
    <textIndopak>إِنَّا سَخَّرۡنَا ٱلۡجِبَالَ مَعَهُۥ يُسَبِّحۡنَ بِٱلۡعَشِيِّ وَٱلۡإِشۡرَاقِ</textIndopak>
    <translations>
      <translation>
        <author>King Fahad Quran Complex</author>
        <text>Sesungguhnya Kami menundukkan gunung-gunung untuk bertasbih bersama dia (Dāwūd) pada waktu petang dan pagi,</text>
      </translation>
    </translations>
    <rules>[{"start": 2, "end": 5, "rule_id": 0}, {"start": 74, "end": 76, "rule_id": 1}]</rules>
  </verse>
  <verse>
    <verseIdArabic>١٩</verseIdArabic>
    <verseId>19</verseId>
    <chapterId>38</chapterId>
    <textIndopak>وَٱلطَّيۡرَ مَحۡشُورَةٗۖ كُلّٞ لَّهُۥٓ أَوَّابٞ</textIndopak>
    <translations>
      <translation>
        <author>King Fahad Quran Complex</author>
        <text>dan (Kami tundukkan pula), burung-burung dalam keadaan terkumpul. Masing-masingnya amat taat kepada Allah.</text>
      </translation>
    </translations>
    <rules>[{"start": 46, "end": 48, "rule_id": 1}, {"start": 28, "end": 35, "rule_id": 5}]</rules>
  </verse>
  <verse>
    <verseIdArabic>٢٠</verseIdArabic>
    <verseId>20</verseId>
    <chapterId>38</chapterId>
    <textIndopak>وَشَدَدۡنَا مُلۡكَهُۥ وَءَاتَيۡنَٰهُ ٱلۡحِكۡمَةَ وَفَصۡلَ ٱلۡخِطَابِ</textIndopak>
    <translations>
      <translation>
        <author>King Fahad Quran Complex</author>
        <text>Dan Kami kuatkan kerajaannya dan Kami berikan kepadanya hikmah dan kebijaksanaan dalam menyelesaikan perselisihan.</text>
      </translation>
    </translations>
    <rules>[{"start": 6, "end": 8, "rule_id": 1}, {"start": 66, "end": 68, "rule_id": 1}]</rules>
  </verse>
  <verse>
    <verseIdArabic>٢١</verseIdArabic>
    <verseId>21</verseId>
    <chapterId>38</chapterId>
    <textIndopak>۞ وَهَلۡ أَتَىٰكَ نَبَؤُاْ ٱلۡخَصۡمِ إِذۡ تَسَوَّرُواْ ٱلۡمِحۡرَابَ</textIndopak>
    <translations>
      <translation>
        <author>King Fahad Quran Complex</author>
        <text>Dan adakah sampai kepadamu berita orang-orang yang berperkara ketika mereka memanjat pagar?</text>
      </translation>
    </translations>
    <rules>[{"start": 65, "end": 67, "rule_id": 1}]</rules>
  </verse>
  <verse>
    <verseIdArabic>٢٢</verseIdArabic>
    <verseId>22</verseId>
    <chapterId>38</chapterId>
    <textIndopak>إِذۡ دَخَلُواْ عَلَىٰ دَاوُۥدَ فَفَزِعَ مِنۡهُمۡۖ قَالُواْ لَا تَخَفۡۖ خَصۡمَانِ بَغَىٰ بَعۡضُنَا عَلَىٰ بَعۡضٖ فَٱحۡكُم بَيۡنَنَا بِٱلۡحَقِّ وَلَا تُشۡطِطۡ وَٱهۡدِنَآ إِلَىٰ سَوَآءِ ٱلصِّرَٰطِ</textIndopak>
    <translations>
      <translation>
        <author>King Fahad Quran Complex</author>
        <text>Ketika mereka masuk (menemui) Dāwūd, lalu ia terkejut karena kedatangan) mereka. Mereka berkata, "Janganlah kamu merasa takut; (kami) adalah dua orang yang berperkara yang salah seorang dari kami berbuat zalim kepada yang lain, maka berilah keputusan antara kami dengan adil dan janganlah kamu menyimpang dari kebenaran dan tunjukilah kami ke jalan yang lurus.</text>
      </translation>
    </translations>
    <rules>[{"start": 156, "end": 158, "rule_id": 1}, {"start": 195, "end": 197, "rule_id": 1}, {"start": 111, "end": 116, "rule_id": 6}, {"start": 121, "end": 125, "rule_id": 7}]</rules>
  </verse>
  <verse>
    <verseIdArabic>٢٣</verseIdArabic>
    <verseId>23</verseId>
    <chapterId>38</chapterId>
    <textIndopak>إِنَّ هَٰذَآ أَخِي لَهُۥ تِسۡعٞ وَتِسۡعُونَ نَعۡجَةٗ وَلِيَ نَعۡجَةٞ وَٰحِدَةٞ فَقَالَ أَكۡفِلۡنِيهَا وَعَزَّنِي فِي ٱلۡخِطَابِ</textIndopak>
    <translations>
      <translation>
        <author>King Fahad Quran Complex</author>
        <text>Sesungguhnya saudaraku ini mempunyai sembilan puluh sembilan ekor kambing betina dan aku mempunyai seekor saja. Maka dia berkata, "Serahkanlah kambingmu itu kepadaku dan dia mengalahkan aku dalam perdebatan".</text>
      </translation>
    </translations>
    <rules>[{"start": 2, "end": 5, "rule_id": 0}, {"start": 126, "end": 128, "rule_id": 1}, {"start": 30, "end": 35, "rule_id": 3}, {"start": 51, "end": 56, "rule_id": 3}, {"start": 67, "end": 73, "rule_id": 3}, {"start": 77, "end": 82, "rule_id": 6}]</rules>
  </verse>
  <verse>
    <verseIdArabic>٢٤</verseIdArabic>
    <verseId>24</verseId>
    <chapterId>38</chapterId>
    <textIndopak>قَالَ لَقَدۡ ظَلَمَكَ بِسُؤَالِ نَعۡجَتِكَ إِلَىٰ نِعَاجِهِۦۖ وَإِنَّ كَثِيرٗا مِّنَ ٱلۡخُلَطَآءِ لَيَبۡغِي بَعۡضُهُمۡ عَلَىٰ بَعۡضٍ إِلَّا ٱلَّذِينَ ءَامَنُواْ وَعَمِلُواْ ٱلصَّٰلِحَٰتِ وَقَلِيلٞ مَّا هُمۡۗ وَظَنَّ دَاوُۥدُ أَنَّمَا فَتَنَّٰهُ فَٱسۡتَغۡفَرَ رَبَّهُۥ وَخَرَّۤ رَاكِعٗاۤ وَأَنَابَ۩</textIndopak>
    <translations>
      <translation>
        <author>King Fahad Quran Complex</author>
        <text>Dāwūd berkata, "Sesungguhnya dia telah berbuat zalim kepadamu dengan meminta kambingmu itu untuk ditambahkan kepada kambingnya. Dan sesungguhnya kebanyakan dari orang-orang yang berserikat itu sebagian mereka berbuat zalim kepada sebagian yang lain, kecuali orang-orang yang beriman dan mengerjakan amal yang saleh dan amat sedikitlah mereka ini". Dan Dāwūd mengetahui bahwa Kami mengujinya, maka ia meminta ampun kepada Tuhan-nya, lalu menyungkur sujud dan bertobat.</text>
      </translation>
    </translations>
    <rules>[{"start": 67, "end": 70, "rule_id": 0}, {"start": 80, "end": 83, "rule_id": 0}, {"start": 199, "end": 202, "rule_id": 0}, {"start": 215, "end": 218, "rule_id": 0}, {"start": 230, "end": 233, "rule_id": 0}, {"start": 241, "end": 245, "rule_id": 0}, {"start": 10, "end": 12, "rule_id": 1}, {"start": 104, "end": 106, "rule_id": 1}, {"start": 76, "end": 83, "rule_id": 3}, {"start": 196, "end": 202, "rule_id": 3}, {"start": 284, "end": 290, "rule_id": 3}]</rules>
  </verse>
  <verse>
    <verseIdArabic>٢٥</verseIdArabic>
    <verseId>25</verseId>
    <chapterId>38</chapterId>
    <textIndopak>فَغَفَرۡنَا لَهُۥ ذَٰلِكَۖ وَإِنَّ لَهُۥ عِندَنَا لَزُلۡفَىٰ وَحُسۡنَ مَـَٔابٖ</textIndopak>
    <translations>
      <translation>
        <author>King Fahad Quran Complex</author>
        <text>Maka Kami ampuni baginya kesalahannya itu. Dan sesungguhnya dia mempunyai kedudukan dekat pada sisi Kami dan tempat kembali yang baik.</text>
      </translation>
    </translations>
    <rules>[{"start": 32, "end": 35, "rule_id": 0}, {"start": 77, "end": 79, "rule_id": 1}, {"start": 44, "end": 47, "rule_id": 6}]</rules>
  </verse>
  <verse>
    <verseIdArabic>٢٦</verseIdArabic>
    <verseId>26</verseId>
    <chapterId>38</chapterId>
    <textIndopak>يَٰدَاوُۥدُ إِنَّا جَعَلۡنَٰكَ خَلِيفَةٗ فِي ٱلۡأَرۡضِ فَٱحۡكُم بَيۡنَ ٱلنَّاسِ بِٱلۡحَقِّ وَلَا تَتَّبِعِ ٱلۡهَوَىٰ فَيُضِلَّكَ عَن سَبِيلِ ٱللَّهِۚ إِنَّ ٱلَّذِينَ يَضِلُّونَ عَن سَبِيلِ ٱللَّهِ لَهُمۡ عَذَابٞ شَدِيدُۢ بِمَا نَسُواْ يَوۡمَ ٱلۡحِسَابِ</textIndopak>
    <translations>
      <translation>
        <author>King Fahad Quran Complex</author>
        <text>Hai Dāwūd, sesungguhnya Kami menjadikan kamu khalifah (penguasa) di muka bumi, maka berilah keputusan (perkara) di antara manusia dengan adil dan janganlah kamu mengikuti hawa nafsu karena ia akan menyesatkan kamu dari jalan Allah. Sesungguhnya orang-orang yang sesat dari jalan Allah akan mendapat azab yang berat karena mereka melupakan hari perhitungan.</text>
      </translation>
    </translations>
    <rules>[{"start": 14, "end": 17, "rule_id": 0}, {"start": 73, "end": 76, "rule_id": 0}, {"start": 153, "end": 156, "rule_id": 0}, {"start": 251, "end": 253, "rule_id": 1}, {"start": 218, "end": 224, "rule_id": 2}, {"start": 131, "end": 135, "rule_id": 6}, {"start": 180, "end": 184, "rule_id": 6}, {"start": 38, "end": 43, "rule_id": 6}, {"start": 210, "end": 215, "rule_id": 6}, {"start": 62, "end": 66, "rule_id": 7}]</rules>
  </verse>
  <verse>
    <verseIdArabic>٢٧</verseIdArabic>
    <verseId>27</verseId>
    <chapterId>38</chapterId>
    <textIndopak>وَمَا خَلَقۡنَا ٱلسَّمَآءَ وَٱلۡأَرۡضَ وَمَا بَيۡنَهُمَا بَٰطِلٗاۚ ذَٰلِكَ ظَنُّ ٱلَّذِينَ كَفَرُواْۚ فَوَيۡلٞ لِّلَّذِينَ كَفَرُواْ مِنَ ٱلنَّارِ</textIndopak>
    <translations>
      <translation>
        <author>King Fahad Quran Complex</author>
        <text>Dan Kami tidak menciptakan langit dan bumi dan apa yang ada antara keduanya tanpa hikmah. Yang demikian itu adalah anggapan orang-orang kafir, maka celakalah orang-orang kafir itu karena mereka akan masuk neraka.</text>
      </translation>
    </translations>
    <rules>[{"start": 79, "end": 82, "rule_id": 0}, {"start": 143, "end": 146, "rule_id": 0}, {"start": 10, "end": 12, "rule_id": 1}, {"start": 111, "end": 117, "rule_id": 5}]</rules>
  </verse>
  <verse>
    <verseIdArabic>٢٨</verseIdArabic>
    <verseId>28</verseId>
    <chapterId>38</chapterId>
    <textIndopak>أَمۡ نَجۡعَلُ ٱلَّذِينَ ءَامَنُواْ وَعَمِلُواْ ٱلصَّٰلِحَٰتِ كَٱلۡمُفۡسِدِينَ فِي ٱلۡأَرۡضِ أَمۡ نَجۡعَلُ ٱلۡمُتَّقِينَ كَٱلۡفُجَّارِ</textIndopak>
    <translations>
      <translation>
        <author>King Fahad Quran Complex</author>
        <text>Patutkah Kami menganggap orang-orang yang beriman dan mengerjakan amal yang saleh sama dengan orang-orang yang berbuat kerusakan di muka bumi? Patutkah (pula) Kami menganggap orang-orang yang bertakwa sama dengan orang-orang yang berbuat maksiat?</text>
      </translation>
    </translations>
    <rules>[{"start": 7, "end": 9, "rule_id": 1}, {"start": 99, "end": 101, "rule_id": 1}]</rules>
  </verse>
  <verse>
    <verseIdArabic>٢٩</verseIdArabic>
    <verseId>29</verseId>
    <chapterId>38</chapterId>
    <textIndopak>كِتَٰبٌ أَنزَلۡنَٰهُ إِلَيۡكَ مُبَٰرَكٞ لِّيَدَّبَّرُوٓاْ ءَايَٰتِهِۦ وَلِيَتَذَكَّرَ أُوْلُواْ ٱلۡأَلۡبَٰبِ</textIndopak>
    <translations>
      <translation>
        <author>King Fahad Quran Complex</author>
        <text>Ini adalah sebuah kitab yang Kami turunkan kepadamu penuh dengan berkah supaya mereka memperhatikan ayat-ayatnya dan supaya mendapat pelajaran orang-orang yang mempunyai pikiran.</text>
      </translation>
    </translations>
    <rules>[{"start": 106, "end": 108, "rule_id": 1}, {"start": 37, "end": 43, "rule_id": 5}, {"start": 10, "end": 13, "rule_id": 6}]</rules>
  </verse>
  <verse>
    <verseIdArabic>٣٠</verseIdArabic>
    <verseId>30</verseId>
    <chapterId>38</chapterId>
    <textIndopak>وَوَهَبۡنَا لِدَاوُۥدَ سُلَيۡمَٰنَۚ نِعۡمَ ٱلۡعَبۡدُ إِنَّهُۥٓ أَوَّابٌ</textIndopak>
    <translations>
      <translation>
        <author>King Fahad Quran Complex</author>
        <text>Dan Kami karuniakan kepada Dāwūd, Sulaymān, dia adalah sebaik-baik hamba. Sesungguhnya dia amat taat (kepada Tuhan-nya),</text>
      </translation>
    </translations>
    <rules>[{"start": 58, "end": 61, "rule_id": 0}, {"start": 6, "end": 8, "rule_id": 1}, {"start": 49, "end": 51, "rule_id": 1}, {"start": 72, "end": 74, "rule_id": 1}]</rules>
  </verse>
  <verse>
    <verseIdArabic>٣١</verseIdArabic>
    <verseId>31</verseId>
    <chapterId>38</chapterId>
    <textIndopak>إِذۡ عُرِضَ عَلَيۡهِ بِٱلۡعَشِيِّ ٱلصَّٰفِنَٰتُ ٱلۡجِيَادُ</textIndopak>
    <translations>
      <translation>
        <author>King Fahad Quran Complex</author>
        <text>(ingatlah) ketika dipertunjukkan kepadanya kuda-kuda yang tenang pada waktu berhenti dan cepat waktu berlari pada waktu sore.</text>
      </translation>
    </translations>
    <rules>[{"start": 56, "end": 58, "rule_id": 1}]</rules>
  </verse>
  <verse>
    <verseIdArabic>٣٢</verseIdArabic>
    <verseId>32</verseId>
    <chapterId>38</chapterId>
    <textIndopak>فَقَالَ إِنِّيٓ أَحۡبَبۡتُ حُبَّ ٱلۡخَيۡرِ عَن ذِكۡرِ رَبِّي حَتَّىٰ تَوَارَتۡ بِٱلۡحِجَابِ</textIndopak>
    <translations>
      <translation>
        <author>King Fahad Quran Complex</author>
        <text>maka ia berkata, "Sesungguhnya aku menyukai kesenangan terhadap barang yang baik (kuda) sehingga aku lalai mengingat Tuhan-ku sampai kuda itu hilang dari pandangan".</text>
      </translation>
    </translations>
    <rules>[{"start": 10, "end": 13, "rule_id": 0}, {"start": 22, "end": 24, "rule_id": 1}, {"start": 89, "end": 91, "rule_id": 1}, {"start": 45, "end": 49, "rule_id": 6}]</rules>
  </verse>
  <verse>
    <verseIdArabic>٣٣</verseIdArabic>
    <verseId>33</verseId>
    <chapterId>38</chapterId>
    <textIndopak>رُدُّوهَا عَلَيَّۖ فَطَفِقَ مَسۡحَۢا بِٱلسُّوقِ وَٱلۡأَعۡنَاقِ</textIndopak>
    <translations>
      <translation>
        <author>King Fahad Quran Complex</author>
        <text>"Bawalah semua kuda itu kembali kepadaku". Lalu, ia potong kaki dan leher kuda itu b.</text>
      </translation>
    </translations>
    <rules>[{"start": 61, "end": 63, "rule_id": 1}]</rules>
  </verse>
  <verse>
    <verseIdArabic>٣٤</verseIdArabic>
    <verseId>34</verseId>
    <chapterId>38</chapterId>
    <textIndopak>وَلَقَدۡ فَتَنَّا سُلَيۡمَٰنَ وَأَلۡقَيۡنَا عَلَىٰ كُرۡسِيِّهِۦ جَسَدٗا ثُمَّ أَنَابَ</textIndopak>
    <translations>
      <translation>
        <author>King Fahad Quran Complex</author>
        <text>Dan sesungguhnya, Kami telah menguji Sulaymān dan Kami jadikan (dia) tergeletak di atas kursinya sebagai tubuh (yang lemah karena sakit), kemudian ia bertobat .</text>
      </translation>
    </translations>
    <rules>[{"start": 13, "end": 16, "rule_id": 0}, {"start": 74, "end": 77, "rule_id": 0}, {"start": 6, "end": 8, "rule_id": 1}, {"start": 83, "end": 85, "rule_id": 1}]</rules>
  </verse>
  <verse>
    <verseIdArabic>٣٥</verseIdArabic>
    <verseId>35</verseId>
    <chapterId>38</chapterId>
    <textIndopak>قَالَ رَبِّ ٱغۡفِرۡ لِي وَهَبۡ لِي مُلۡكٗا لَّا يَنۢبَغِي لِأَحَدٖ مِّنۢ بَعۡدِيٓۖ إِنَّكَ أَنتَ ٱلۡوَهَّابُ</textIndopak>
    <translations>
      <translation>
        <author>King Fahad Quran Complex</author>
        <text>Ia berkata, "Ya Tuhan-ku, ampunilah aku dan anugerahkanlah kepadaku kerajaan yang tidak dimiliki oleh seorang jua pun sesudahku; sesungguhnya Engkaulah Yang Maha Pemberi".</text>
      </translation>
    </translations>
    <rules>[{"start": 67, "end": 70, "rule_id": 0}, {"start": 86, "end": 89, "rule_id": 0}, {"start": 28, "end": 30, "rule_id": 1}, {"start": 107, "end": 109, "rule_id": 1}, {"start": 50, "end": 54, "rule_id": 2}, {"start": 70, "end": 75, "rule_id": 2}, {"start": 64, "end": 70, "rule_id": 3}, {"start": 39, "end": 46, "rule_id": 5}, {"start": 94, "end": 97, "rule_id": 6}]</rules>
  </verse>
  <verse>
    <verseIdArabic>٣٦</verseIdArabic>
    <verseId>36</verseId>
    <chapterId>38</chapterId>
    <textIndopak>فَسَخَّرۡنَا لَهُ ٱلرِّيحَ تَجۡرِي بِأَمۡرِهِۦ رُخَآءً حَيۡثُ أَصَابَ</textIndopak>
    <translations>
      <translation>
        <author>King Fahad Quran Complex</author>
        <text>Kemudian, Kami tundukkan kepadanya angin yang berhembus dengan baik menurut ke mana saja yang dikehendakinya,</text>
      </translation>
    </translations>
    <rules>[{"start": 29, "end": 31, "rule_id": 1}, {"start": 68, "end": 70, "rule_id": 1}]</rules>
  </verse>
  <verse>
    <verseIdArabic>٣٧</verseIdArabic>
    <verseId>37</verseId>
    <chapterId>38</chapterId>
    <textIndopak>وَٱلشَّيَٰطِينَ كُلَّ بَنَّآءٖ وَغَوَّاصٖ</textIndopak>
    <translations>
      <translation>
        <author>King Fahad Quran Complex</author>
        <text>dan (Kami tundukkan pula kepadanya) setan-setan semuanya ahli bangunan dan penyelam,</text>
      </translation>
    </translations>
    <rules>[{"start": 24, "end": 27, "rule_id": 0}, {"start": 29, "end": 34, "rule_id": 3}]</rules>
  </verse>
  <verse>
    <verseIdArabic>٣٨</verseIdArabic>
    <verseId>38</verseId>
    <chapterId>38</chapterId>
    <textIndopak>وَءَاخَرِينَ مُقَرَّنِينَ فِي ٱلۡأَصۡفَادِ</textIndopak>
    <translations>
      <translation>
        <author>King Fahad Quran Complex</author>
        <text>dan setan yang lain yang terikat dalam belenggu.</text>
      </translation>
    </translations>
    <rules>[{"start": 40, "end": 42, "rule_id": 1}]</rules>
  </verse>
  <verse>
    <verseIdArabic>٣٩</verseIdArabic>
    <verseId>39</verseId>
    <chapterId>38</chapterId>
    <textIndopak>هَٰذَا عَطَآؤُنَا فَٱمۡنُنۡ أَوۡ أَمۡسِكۡ بِغَيۡرِ حِسَابٖ</textIndopak>
    <translations>
      <translation>
        <author>King Fahad Quran Complex</author>
        <text>Inilah anugerah Kami, maka berikanlah (kepada orang lain) atau tahanlah (untuk dirimu sendiri) dengan tiada pertanggungan jawab.</text>
      </translation>
    </translations>
    <rules>[{"start": 57, "end": 59, "rule_id": 1}]</rules>
  </verse>
  <verse>
    <verseIdArabic>٤٠</verseIdArabic>
    <verseId>40</verseId>
    <chapterId>38</chapterId>
    <textIndopak>وَإِنَّ لَهُۥ عِندَنَا لَزُلۡفَىٰ وَحُسۡنَ مَـَٔابٖ</textIndopak>
    <translations>
      <translation>
        <author>King Fahad Quran Complex</author>
        <text>Dan sesungguhnya dia mempunyai kedudukan yang dekat pada sisi Kami dan tempat kembali yang baik.</text>
      </translation>
    </translations>
    <rules>[{"start": 4, "end": 7, "rule_id": 0}, {"start": 49, "end": 51, "rule_id": 1}, {"start": 16, "end": 19, "rule_id": 6}]</rules>
  </verse>
  <verse>
    <verseIdArabic>٤١</verseIdArabic>
    <verseId>41</verseId>
    <chapterId>38</chapterId>
    <textIndopak>وَٱذۡكُرۡ عَبۡدَنَآ أَيُّوبَ إِذۡ نَادَىٰ رَبَّهُۥٓ أَنِّي مَسَّنِيَ ٱلشَّيۡطَٰنُ بِنُصۡبٖ وَعَذَابٍ</textIndopak>
    <translations>
      <translation>
        <author>King Fahad Quran Complex</author>
        <text>Dan ingatlah akan hamba Kami Ayyūb ketika ia menyeru Tuhan-nya, "Sesungguhnya aku diganggu setan dengan kepayahan dan siksaan".</text>
      </translation>
    </translations>
    <rules>[{"start": 55, "end": 58, "rule_id": 0}, {"start": 12, "end": 14, "rule_id": 1}, {"start": 99, "end": 101, "rule_id": 1}, {"start": 89, "end": 94, "rule_id": 3}]</rules>
  </verse>
  <verse>
    <verseIdArabic>٤٢</verseIdArabic>
    <verseId>42</verseId>
    <chapterId>38</chapterId>
    <textIndopak>ٱرۡكُضۡ بِرِجۡلِكَۖ هَٰذَا مُغۡتَسَلُۢ بَارِدٞ وَشَرَابٞ</textIndopak>
    <translations>
      <translation>
        <author>King Fahad Quran Complex</author>
        <text>(Allah berfirman), "Hantamkanlah kakimu; inilah air yang sejuk untuk mandi dan untuk minum.</text>
      </translation>
    </translations>
    <rules>[{"start": 12, "end": 14, "rule_id": 1}, {"start": 55, "end": 57, "rule_id": 1}, {"start": 36, "end": 42, "rule_id": 2}, {"start": 45, "end": 50, "rule_id": 3}]</rules>
  </verse>
  <verse>
    <verseIdArabic>٤٣</verseIdArabic>
    <verseId>43</verseId>
    <chapterId>38</chapterId>
    <textIndopak>وَوَهَبۡنَا لَهُۥٓ أَهۡلَهُۥ وَمِثۡلَهُم مَّعَهُمۡ رَحۡمَةٗ مِّنَّا وَذِكۡرَىٰ لِأُوْلِي ٱلۡأَلۡبَٰبِ</textIndopak>
    <translations>
      <translation>
        <author>King Fahad Quran Complex</author>
        <text>Dan Kami anugerahi dia (dengan mengumpulkan kembali) keluarganya dan (Kami tambahkan) kepada mereka sebanyak mereka pula sebagai rahmat dari Kami dan pelajaran bagi orang-orang yang mempunyai pikiran.</text>
      </translation>
    </translations>
    <rules>[{"start": 41, "end": 44, "rule_id": 0}, {"start": 60, "end": 63, "rule_id": 0}, {"start": 63, "end": 66, "rule_id": 0}, {"start": 6, "end": 8, "rule_id": 1}, {"start": 99, "end": 101, "rule_id": 1}, {"start": 57, "end": 63, "rule_id": 3}, {"start": 39, "end": 44, "rule_id": 4}]</rules>
  </verse>
  <verse>
    <verseIdArabic>٤٤</verseIdArabic>
    <verseId>44</verseId>
    <chapterId>38</chapterId>
    <textIndopak>وَخُذۡ بِيَدِكَ ضِغۡثٗا فَٱضۡرِب بِّهِۦ وَلَا تَحۡنَثۡۗ إِنَّا وَجَدۡنَٰهُ صَابِرٗاۚ نِّعۡمَ ٱلۡعَبۡدُ إِنَّهُۥٓ أَوَّابٞ</textIndopak>
    <translations>
      <translation>
        <author>King Fahad Quran Complex</author>
        <text>Dan ambillah dengan tanganmu seikat (rumput), maka pukullah dengan itu dan janganlah kamu melanggar sumpah. Sesungguhnya Kami dapati dia (Ayyūb) seorang yang sabar. Dialah sebaik-baik hamba. Sesungguhnya dia amat taat (kepada Tuhan-nya).</text>
      </translation>
    </translations>
    <rules>[{"start": 59, "end": 62, "rule_id": 0}, {"start": 87, "end": 90, "rule_id": 0}, {"start": 109, "end": 112, "rule_id": 0}, {"start": 68, "end": 70, "rule_id": 1}, {"start": 100, "end": 102, "rule_id": 1}, {"start": 123, "end": 125, "rule_id": 1}]</rules>
  </verse>
  <verse>
    <verseIdArabic>٤٥</verseIdArabic>
    <verseId>45</verseId>
    <chapterId>38</chapterId>
    <textIndopak>وَٱذۡكُرۡ عِبَٰدَنَآ إِبۡرَٰهِيمَ وَإِسۡحَٰقَ وَيَعۡقُوبَ أُوْلِي ٱلۡأَيۡدِي وَٱلۡأَبۡصَٰرِ</textIndopak>
    <translations>
      <translation>
        <author>King Fahad Quran Complex</author>
        <text>Dan ingatlah hamba-hamba Kami, Ibrāhīm, Isḥāq, dan Ya`qūb yang mempunyai perbuatan-perbuatan yang besar dan ilmu-ilmu yang tinggi.</text>
      </translation>
    </translations>
    <rules>[{"start": 24, "end": 26, "rule_id": 1}, {"start": 85, "end": 87, "rule_id": 1}]</rules>
  </verse>
  <verse>
    <verseIdArabic>٤٦</verseIdArabic>
    <verseId>46</verseId>
    <chapterId>38</chapterId>
    <textIndopak>إِنَّآ أَخۡلَصۡنَٰهُم بِخَالِصَةٖ ذِكۡرَى ٱلدَّارِ</textIndopak>
    <translations>
      <translation>
        <author>King Fahad Quran Complex</author>
        <text>Sesungguhnya Kami telah mensucikan mereka dengan (menganugerahkan kepada mereka) akhlak yang tinggi, yaitu selalu mengingatkan (manusia) kepada negeri akhirat.</text>
      </translation>
    </translations>
    <rules>[{"start": 2, "end": 5, "rule_id": 0}, {"start": 32, "end": 37, "rule_id": 6}, {"start": 21, "end": 25, "rule_id": 7}]</rules>
  </verse>
  <verse>
    <verseIdArabic>٤٧</verseIdArabic>
    <verseId>47</verseId>
    <chapterId>38</chapterId>
    <textIndopak>وَإِنَّهُمۡ عِندَنَا لَمِنَ ٱلۡمُصۡطَفَيۡنَ ٱلۡأَخۡيَارِ</textIndopak>
    <translations>
      <translation>
        <author>King Fahad Quran Complex</author>
        <text>Dan sesungguhnya mereka pada sisi Kami benar-benar termasuk orang-orang pilihan yang paling baik.</text>
      </translation>
    </translations>
    <rules>[{"start": 4, "end": 7, "rule_id": 0}, {"start": 14, "end": 17, "rule_id": 6}]</rules>
  </verse>
  <verse>
    <verseIdArabic>٤٨</verseIdArabic>
    <verseId>48</verseId>
    <chapterId>38</chapterId>
    <textIndopak>وَٱذۡكُرۡ إِسۡمَٰعِيلَ وَٱلۡيَسَعَ وَذَا ٱلۡكِفۡلِۖ وَكُلّٞ مِّنَ ٱلۡأَخۡيَارِ</textIndopak>
    <translations>
      <translation>
        <author>King Fahad Quran Complex</author>
        <text>Dan ingatlah akan Ismā`īl, Ilyasa` dan Żulkifli. Semuanya termasuk orang-orang yang paling baik.</text>
      </translation>
    </translations>
    <rules>[{"start": 61, "end": 64, "rule_id": 0}, {"start": 57, "end": 64, "rule_id": 3}]</rules>
  </verse>
  <verse>
    <verseIdArabic>٤٩</verseIdArabic>
    <verseId>49</verseId>
    <chapterId>38</chapterId>
    <textIndopak>هَٰذَا ذِكۡرٞۚ وَإِنَّ لِلۡمُتَّقِينَ لَحُسۡنَ مَـَٔابٖ</textIndopak>
    <translations>
      <translation>
        <author>King Fahad Quran Complex</author>
        <text>Ini adalah kehormatan (bagi mereka). Dan sesungguhnya bagi orang-orang yang bertakwa benar-benar (disediakan) tempat kembali yang baik,</text>
      </translation>
    </translations>
    <rules>[{"start": 20, "end": 23, "rule_id": 0}, {"start": 54, "end": 56, "rule_id": 1}]</rules>
  </verse>
  <verse>
    <verseIdArabic>٥٠</verseIdArabic>
    <verseId>50</verseId>
    <chapterId>38</chapterId>
    <textIndopak>جَنَّٰتِ عَدۡنٖ مُّفَتَّحَةٗ لَّهُمُ ٱلۡأَبۡوَٰبُ</textIndopak>
    <translations>
      <translation>
        <author>King Fahad Quran Complex</author>
        <text>(yaitu) surga 'Adn yang pintu-pintunya terbuka bagi mereka,</text>
      </translation>
    </translations>
    <rules>[{"start": 2, "end": 6, "rule_id": 0}, {"start": 16, "end": 19, "rule_id": 0}, {"start": 11, "end": 13, "rule_id": 1}, {"start": 42, "end": 44, "rule_id": 1}, {"start": 47, "end": 49, "rule_id": 1}, {"start": 13, "end": 19, "rule_id": 3}, {"start": 26, "end": 32, "rule_id": 5}]</rules>
  </verse>
  <verse>
    <verseIdArabic>٥١</verseIdArabic>
    <verseId>51</verseId>
    <chapterId>38</chapterId>
    <textIndopak>مُتَّكِـِٔينَ فِيهَا يَدۡعُونَ فِيهَا بِفَٰكِهَةٖ كَثِيرَةٖ وَشَرَابٖ</textIndopak>
    <translations>
      <translation>
        <author>King Fahad Quran Complex</author>
        <text>di dalamnya mereka bertelekan (di atas dipan-dipan) sambil meminta buah-buahan yang banyak dan minuman di surga itu.</text>
      </translation>
    </translations>
    <rules>[{"start": 23, "end": 25, "rule_id": 1}, {"start": 67, "end": 69, "rule_id": 1}, {"start": 57, "end": 62, "rule_id": 3}, {"start": 47, "end": 52, "rule_id": 6}]</rules>
  </verse>
  <verse>
    <verseIdArabic>٥٢</verseIdArabic>
    <verseId>52</verseId>
    <chapterId>38</chapterId>
    <textIndopak>۞ وَعِندَهُمۡ قَٰصِرَٰتُ ٱلطَّرۡفِ أَتۡرَابٌ</textIndopak>
    <translations>
      <translation>
        <author>King Fahad Quran Complex</author>
        <text>Dan di sisi mereka (ada bidadari-bidadari) yang tidak liar pandangannya dan sebaya umurnya.</text>
      </translation>
    </translations>
    <rules>[{"start": 42, "end": 44, "rule_id": 1}, {"start": 6, "end": 9, "rule_id": 6}]</rules>
  </verse>
  <verse>
    <verseIdArabic>٥٣</verseIdArabic>
    <verseId>53</verseId>
    <chapterId>38</chapterId>
    <textIndopak>هَٰذَا مَا تُوعَدُونَ لِيَوۡمِ ٱلۡحِسَابِ</textIndopak>
    <translations>
      <translation>
        <author>King Fahad Quran Complex</author>
        <text>Inilah apa yang dijanjikan kepadamu pada hari berhisab.</text>
      </translation>
    </translations>
    <rules>[{"start": 39, "end": 41, "rule_id": 1}]</rules>
  </verse>
  <verse>
    <verseIdArabic>٥٤</verseIdArabic>
    <verseId>54</verseId>
    <chapterId>38</chapterId>
    <textIndopak>إِنَّ هَٰذَا لَرِزۡقُنَا مَا لَهُۥ مِن نَّفَادٍ</textIndopak>
    <translations>
      <translation>
        <author>King Fahad Quran Complex</author>
        <text>Sesungguhnya ini adalah benar-benar rezeki dari Kami yang tiada habis-habisnya.</text>
      </translation>
    </translations>
    <rules>[{"start": 2, "end": 5, "rule_id": 0}, {"start": 39, "end": 42, "rule_id": 0}, {"start": 45, "end": 47, "rule_id": 1}, {"start": 37, "end": 42, "rule_id": 3}]</rules>
  </verse>
  <verse>
    <verseIdArabic>٥٥</verseIdArabic>
    <verseId>55</verseId>
    <chapterId>38</chapterId>
    <textIndopak>هَٰذَاۚ وَإِنَّ لِلطَّٰغِينَ لَشَرَّ مَـَٔابٖ</textIndopak>
    <translations>
      <translation>
        <author>King Fahad Quran Complex</author>
        <text>Beginilah (keadaan mereka). Dan sesungguhnya bagi orang-orang yang durhaka benar-benar (disediakan) tempat kembali yang buruk,</text>
      </translation>
    </translations>
    <rules>[{"start": 13, "end": 16, "rule_id": 0}, {"start": 44, "end": 46, "rule_id": 1}]</rules>
  </verse>
  <verse>
    <verseIdArabic>٥٦</verseIdArabic>
    <verseId>56</verseId>
    <chapterId>38</chapterId>
    <textIndopak>جَهَنَّمَ يَصۡلَوۡنَهَا فَبِئۡسَ ٱلۡمِهَادُ</textIndopak>
    <translations>
      <translation>
        <author>King Fahad Quran Complex</author>
        <text>(yaitu) neraka Jahanam yang mereka masuk ke dalamnya; maka amat buruklah Jahanam itu sebagai tempat tinggal.</text>
      </translation>
    </translations>
    <rules>[{"start": 4, "end": 7, "rule_id": 0}, {"start": 41, "end": 43, "rule_id": 1}]</rules>
  </verse>
  <verse>
    <verseIdArabic>٥٧</verseIdArabic>
    <verseId>57</verseId>
    <chapterId>38</chapterId>
    <textIndopak>هَٰذَا فَلۡيَذُوقُوهُ حَمِيمٞ وَغَسَّاقٞ</textIndopak>
    <translations>
      <translation>
        <author>King Fahad Quran Complex</author>
        <text>Inilah (azab neraka); biarlah mereka merasakannya; (minuman mereka) air yang sangat panas dan air yang sangat dingin.</text>
      </translation>
    </translations>
    <rules>[{"start": 38, "end": 40, "rule_id": 1}, {"start": 27, "end": 32, "rule_id": 3}]</rules>
  </verse>
  <verse>
    <verseIdArabic>٥٨</verseIdArabic>
    <verseId>58</verseId>
    <chapterId>38</chapterId>
    <textIndopak>وَءَاخَرُ مِن شَكۡلِهِۦٓ أَزۡوَٰجٌ</textIndopak>
    <translations>
      <translation>
        <author>King Fahad Quran Complex</author>
        <text>Dan azab yang lain yang serupa itu berbagai macam.</text>
      </translation>
    </translations>
    <rules>[{"start": 32, "end": 34, "rule_id": 1}, {"start": 12, "end": 16, "rule_id": 6}]</rules>
  </verse>
  <verse>
    <verseIdArabic>٥٩</verseIdArabic>
    <verseId>59</verseId>
    <chapterId>38</chapterId>
    <textIndopak>هَٰذَا فَوۡجٞ مُّقۡتَحِمٞ مَّعَكُمۡ لَا مَرۡحَبَۢا بِهِمۡۚ إِنَّهُمۡ صَالُواْ ٱلنَّارِ</textIndopak>
    <translations>
      <translation>
        <author>King Fahad Quran Complex</author>
        <text>(Dikatakan kepada mereka), "Ini adalah suatu rombongan (pengikut-pengikutmu) yang masuk berdesak-desak bersama kamu (ke neraka)". (Berkata pemimpin-pemimpin mereka yang durhaka), "Tiadalah ucapan selamat datang kepada mereka karena sesungguhnya mereka akan masuk neraka".</text>
      </translation>
    </translations>
    <rules>[{"start": 14, "end": 17, "rule_id": 0}, {"start": 26, "end": 29, "rule_id": 0}, {"start": 64, "end": 67, "rule_id": 0}, {"start": 83, "end": 86, "rule_id": 0}, {"start": 17, "end": 19, "rule_id": 1}, {"start": 11, "end": 17, "rule_id": 3}, {"start": 23, "end": 29, "rule_id": 3}]</rules>
  </verse>
  <verse>
    <verseIdArabic>٦٠</verseIdArabic>
    <verseId>60</verseId>
    <chapterId>38</chapterId>
    <textIndopak>قَالُواْ بَلۡ أَنتُمۡ لَا مَرۡحَبَۢا بِكُمۡۖ أَنتُمۡ قَدَّمۡتُمُوهُ لَنَاۖ فَبِئۡسَ ٱلۡقَرَارُ</textIndopak>
    <translations>
      <translation>
        <author>King Fahad Quran Complex</author>
        <text>Pengikut-pengikut mereka menjawab, "Sebenarnya kamulah. Tiada ucapan selamat datang bagimu karena kamulah yang menjerumuskan kami ke dalam azab, maka amat buruklah Jahanam itu sebagai tempat menetap".</text>
      </translation>
    </translations>
    <rules>[{"start": 16, "end": 19, "rule_id": 6}, {"start": 48, "end": 51, "rule_id": 6}]</rules>
  </verse>
  <verse>
    <verseIdArabic>٦١</verseIdArabic>
    <verseId>61</verseId>
    <chapterId>38</chapterId>
    <textIndopak>قَالُواْ رَبَّنَا مَن قَدَّمَ لَنَا هَٰذَا فَزِدۡهُ عَذَابٗا ضِعۡفٗا فِي ٱلنَّارِ</textIndopak>
    <translations>
      <translation>
        <author>King Fahad Quran Complex</author>
        <text>Mereka berkata (lagi), "Ya Tuhan kami; barang siapa yang menjerumuskan kami ke dalam azab ini, maka tambahkanlah azab kepadanya dengan berlipat ganda di dalam neraka."</text>
      </translation>
    </translations>
    <rules>[{"start": 75, "end": 78, "rule_id": 0}, {"start": 47, "end": 49, "rule_id": 1}, {"start": 20, "end": 24, "rule_id": 6}]</rules>
  </verse>
  <verse>
    <verseIdArabic>٦٢</verseIdArabic>
    <verseId>62</verseId>
    <chapterId>38</chapterId>
    <textIndopak>وَقَالُواْ مَا لَنَا لَا نَرَىٰ رِجَالٗا كُنَّا نَعُدُّهُم مِّنَ ٱلۡأَشۡرَارِ</textIndopak>
    <translations>
      <translation>
        <author>King Fahad Quran Complex</author>
        <text>Dan (orang-orang durhaka) berkata, "Mengapa kami tidak melihat orang-orang yang dahulu (di dunia) kami anggap sebagai orang-orang yang jahat (hina).</text>
      </translation>
    </translations>
    <rules>[{"start": 43, "end": 46, "rule_id": 0}, {"start": 59, "end": 62, "rule_id": 0}, {"start": 57, "end": 62, "rule_id": 4}]</rules>
  </verse>
  <verse>
    <verseIdArabic>٦٣</verseIdArabic>
    <verseId>63</verseId>
    <chapterId>38</chapterId>
    <textIndopak>أَتَّخَذۡنَٰهُمۡ سِخۡرِيًّا أَمۡ زَاغَتۡ عَنۡهُمُ ٱلۡأَبۡصَٰرُ</textIndopak>
    <translations>
      <translation>
        <author>King Fahad Quran Complex</author>
        <text>Apakah kami dahulu menjadikan mereka olok-olokan ataukah karena mata kami tidak melihat mereka?"</text>
      </translation>
    </translations>
    <rules>[{"start": 55, "end": 57, "rule_id": 1}]</rules>
  </verse>
  <verse>
    <verseIdArabic>٦٤</verseIdArabic>
    <verseId>64</verseId>
    <chapterId>38</chapterId>
    <textIndopak>إِنَّ ذَٰلِكَ لَحَقّٞ تَخَاصُمُ أَهۡلِ ٱلنَّارِ</textIndopak>
    <translations>
      <translation>
        <author>King Fahad Quran Complex</author>
        <text>Sesungguhnya yang demikian itu pasti terjadi, (yaitu) pertengkaran penghuni neraka.</text>
      </translation>
    </translations>
    <rules>[{"start": 2, "end": 5, "rule_id": 0}, {"start": 41, "end": 44, "rule_id": 0}, {"start": 18, "end": 24, "rule_id": 6}]</rules>
  </verse>
  <verse>
    <verseIdArabic>٦٥</verseIdArabic>
    <verseId>65</verseId>
    <chapterId>38</chapterId>
    <textIndopak>قُلۡ إِنَّمَآ أَنَا۠ مُنذِرٞۖ وَمَا مِنۡ إِلَٰهٍ إِلَّا ٱللَّهُ ٱلۡوَٰحِدُ ٱلۡقَهَّارُ</textIndopak>
    <translations>
      <translation>
        <author>King Fahad Quran Complex</author>
        <text>Katakanlah (ya Muhammad), "Sesungguhnya aku hanya seorang pemberi peringatan dan sekali-kali tidak ada Tuhan (yang berhak disembah), selain Allah Yang Maha Esa dan Maha Mengalahkan.</text>
      </translation>
    </translations>
    <rules>[{"start": 7, "end": 10, "rule_id": 0}, {"start": 27, "end": 34, "rule_id": 3}, {"start": 24, "end": 27, "rule_id": 6}]</rules>
  </verse>
  <verse>
    <verseIdArabic>٦٦</verseIdArabic>
    <verseId>66</verseId>
    <chapterId>38</chapterId>
    <textIndopak>رَبُّ ٱلسَّمَٰوَٰتِ وَٱلۡأَرۡضِ وَمَا بَيۡنَهُمَا ٱلۡعَزِيزُ ٱلۡغَفَّٰرُ</textIndopak>
    <translations>
      <translation>
        <author>King Fahad Quran Complex</author>
        <text>Tuhan langit dan bumi dan apa yang ada di antara keduanya Yang Maha Perkasa lagi Maha Pengampun.</text>
      </translation>
    </translations>
  </verse>
  <verse>
    <verseIdArabic>٦٧</verseIdArabic>
    <verseId>67</verseId>
    <chapterId>38</chapterId>
    <textIndopak>قُلۡ هُوَ نَبَؤٌاْ عَظِيمٌ</textIndopak>
    <translations>
      <translation>
        <author>King Fahad Quran Complex</author>
        <text>Katakanlah, "Berita itu adalah berita yang besar,</text>
      </translation>
    </translations>
  </verse>
  <verse>
    <verseIdArabic>٦٨</verseIdArabic>
    <verseId>68</verseId>
    <chapterId>38</chapterId>
    <textIndopak>أَنتُمۡ عَنۡهُ مُعۡرِضُونَ</textIndopak>
    <translations>
      <translation>
        <author>King Fahad Quran Complex</author>
        <text>yang kamu berpaling darinya.</text>
      </translation>
    </translations>
    <rules>[{"start": 2, "end": 5, "rule_id": 6}]</rules>
  </verse>
  <verse>
    <verseIdArabic>٦٩</verseIdArabic>
    <verseId>69</verseId>
    <chapterId>38</chapterId>
    <textIndopak>مَا كَانَ لِيَ مِنۡ عِلۡمِۭ بِٱلۡمَلَإِ ٱلۡأَعۡلَىٰٓ إِذۡ يَخۡتَصِمُونَ</textIndopak>
    <translations>
      <translation>
        <author>King Fahad Quran Complex</author>
        <text>Aku tiada mempunyai pengetahuan sedikit pun tentang almalā`il ‘alā (malaikat) itu ketika mereka berbantah-bantahan.</text>
      </translation>
    </translations>
    <rules>[{"start": 24, "end": 30, "rule_id": 2}]</rules>
  </verse>
  <verse>
    <verseIdArabic>٧٠</verseIdArabic>
    <verseId>70</verseId>
    <chapterId>38</chapterId>
    <textIndopak>إِن يُوحَىٰٓ إِلَيَّ إِلَّآ أَنَّمَآ أَنَا۠ نَذِيرٞ مُّبِينٌ</textIndopak>
    <translations>
      <translation>
        <author>King Fahad Quran Complex</author>
        <text>Tidak diwahyukan kepadaku, melainkan bahwa sesungguhnya aku hanyalah seorang pemberi peringatan yang nyata".</text>
      </translation>
    </translations>
    <rules>[{"start": 31, "end": 34, "rule_id": 0}, {"start": 54, "end": 57, "rule_id": 0}, {"start": 2, "end": 6, "rule_id": 3}, {"start": 51, "end": 57, "rule_id": 3}]</rules>
  </verse>
  <verse>
    <verseIdArabic>٧١</verseIdArabic>
    <verseId>71</verseId>
    <chapterId>38</chapterId>
    <textIndopak>إِذۡ قَالَ رَبُّكَ لِلۡمَلَٰٓئِكَةِ إِنِّي خَٰلِقُۢ بَشَرٗا مِّن طِينٖ</textIndopak>
    <translations>
      <translation>
        <author>King Fahad Quran Complex</author>
        <text>(Ingatlah) ketika Tuhan-mu berfirman kepada malaikat, "Sesungguhnya Aku akan menciptakan manusia dari tanah".</text>
      </translation>
    </translations>
    <rules>[{"start": 38, "end": 41, "rule_id": 0}, {"start": 60, "end": 63, "rule_id": 0}, {"start": 48, "end": 54, "rule_id": 2}, {"start": 56, "end": 63, "rule_id": 3}, {"start": 63, "end": 67, "rule_id": 6}]</rules>
  </verse>
  <verse>
    <verseIdArabic>٧٢</verseIdArabic>
    <verseId>72</verseId>
    <chapterId>38</chapterId>
    <textIndopak>فَإِذَا سَوَّيۡتُهُۥ وَنَفَخۡتُ فِيهِ مِن رُّوحِي فَقَعُواْ لَهُۥ سَٰجِدِينَ</textIndopak>
    <translations>
      <translation>
        <author>King Fahad Quran Complex</author>
        <text>Maka apabila telah Kusempurnakan kejadiannya dan Kutiupkan kepadanya roh (ciptaan)Ku, maka hendaklah kamu tersungkur dengan bersujud kepadanya".</text>
      </translation>
    </translations>
    <rules>[{"start": 40, "end": 45, "rule_id": 5}]</rules>
  </verse>
  <verse>
    <verseIdArabic>٧٣</verseIdArabic>
    <verseId>73</verseId>
    <chapterId>38</chapterId>
    <textIndopak>فَسَجَدَ ٱلۡمَلَٰٓئِكَةُ كُلُّهُمۡ أَجۡمَعُونَ</textIndopak>
    <translations>
      <translation>
        <author>King Fahad Quran Complex</author>
        <text>Lalu, seluruh malaikat-malaikat itu bersujud semuanya,</text>
      </translation>
    </translations>
    <rules>[{"start": 37, "end": 39, "rule_id": 1}]</rules>
  </verse>
  <verse>
    <verseIdArabic>٧٤</verseIdArabic>
    <verseId>74</verseId>
    <chapterId>38</chapterId>
    <textIndopak>إِلَّآ إِبۡلِيسَ ٱسۡتَكۡبَرَ وَكَانَ مِنَ ٱلۡكَٰفِرِينَ</textIndopak>
    <translations>
      <translation>
        <author>King Fahad Quran Complex</author>
        <text>kecuali iblis; dia menyombongkan diri dan adalah dia termasuk orang-orang yang kafir.</text>
      </translation>
    </translations>
    <rules>[{"start": 10, "end": 12, "rule_id": 1}]</rules>
  </verse>
  <verse>
    <verseIdArabic>٧٥</verseIdArabic>
    <verseId>75</verseId>
    <chapterId>38</chapterId>
    <textIndopak>قَالَ يَٰٓإِبۡلِيسُ مَا مَنَعَكَ أَن تَسۡجُدَ لِمَا خَلَقۡتُ بِيَدَيَّۖ أَسۡتَكۡبَرۡتَ أَمۡ كُنتَ مِنَ ٱلۡعَالِينَ</textIndopak>
    <translations>
      <translation>
        <author>King Fahad Quran Complex</author>
        <text>Allah berfirman, "Hai Iblis, apakah yang menghalangi kamu sujud kepada yang telah Ku-ciptakan dengan kedua tangan-Ku. Apakah kamu menyombongkan diri ataukah kamu (merasa) termasuk orang-orang yang (lebih) tinggi?"</text>
      </translation>
    </translations>
    <rules>[{"start": 12, "end": 14, "rule_id": 1}, {"start": 56, "end": 58, "rule_id": 1}, {"start": 35, "end": 39, "rule_id": 6}, {"start": 95, "end": 98, "rule_id": 6}]</rules>
  </verse>
  <verse>
    <verseIdArabic>٧٦</verseIdArabic>
    <verseId>76</verseId>
    <chapterId>38</chapterId>
    <textIndopak>قَالَ أَنَا۠ خَيۡرٞ مِّنۡهُ خَلَقۡتَنِي مِن نَّارٖ وَخَلَقۡتَهُۥ مِن طِينٖ</textIndopak>
    <translations>
      <translation>
        <author>King Fahad Quran Complex</author>
        <text>Iblis berkata, "Aku lebih baik daripadanya karena Engkau ciptakan aku dari api, sedangkan dia Engkau ciptakan dari tanah".</text>
      </translation>
    </translations>
    <rules>[{"start": 20, "end": 23, "rule_id": 0}, {"start": 46, "end": 49, "rule_id": 0}, {"start": 34, "end": 36, "rule_id": 1}, {"start": 59, "end": 61, "rule_id": 1}, {"start": 44, "end": 49, "rule_id": 3}, {"start": 17, "end": 23, "rule_id": 3}, {"start": 50, "end": 55, "rule_id": 3}, {"start": 69, "end": 73, "rule_id": 6}]</rules>
  </verse>
  <verse>
    <verseIdArabic>٧٧</verseIdArabic>
    <verseId>77</verseId>
    <chapterId>38</chapterId>
    <textIndopak>قَالَ فَٱخۡرُجۡ مِنۡهَا فَإِنَّكَ رَجِيمٞ</textIndopak>
    <translations>
      <translation>
        <author>King Fahad Quran Complex</author>
        <text>Allah berfirman, "Maka keluarlah kamu dari surga; sesungguhnya kamu adalah orang yang terkutuk,</text>
      </translation>
    </translations>
    <rules>[{"start": 28, "end": 31, "rule_id": 0}, {"start": 13, "end": 15, "rule_id": 1}]</rules>
  </verse>
  <verse>
    <verseIdArabic>٧٨</verseIdArabic>
    <verseId>78</verseId>
    <chapterId>38</chapterId>
    <textIndopak>وَإِنَّ عَلَيۡكَ لَعۡنَتِيٓ إِلَىٰ يَوۡمِ ٱلدِّينِ</textIndopak>
    <translations>
      <translation>
        <author>King Fahad Quran Complex</author>
        <text>Sesungguhnya kutukan-Ku tetap atasmu sampai hari pembalasan".</text>
      </translation>
    </translations>
    <rules>[{"start": 4, "end": 7, "rule_id": 0}]</rules>
  </verse>
  <verse>
    <verseIdArabic>٧٩</verseIdArabic>
    <verseId>79</verseId>
    <chapterId>38</chapterId>
    <textIndopak>قَالَ رَبِّ فَأَنظِرۡنِيٓ إِلَىٰ يَوۡمِ يُبۡعَثُونَ</textIndopak>
    <translations>
      <translation>
        <author>King Fahad Quran Complex</author>
        <text>Iblis berkata, "Ya Tuhan-ku, beri tangguhlah aku sampai hari mereka dibangkitkan".</text>
      </translation>
    </translations>
    <rules>[{"start": 42, "end": 44, "rule_id": 1}, {"start": 16, "end": 19, "rule_id": 6}]</rules>
  </verse>
  <verse>
    <verseIdArabic>٨٠</verseIdArabic>
    <verseId>80</verseId>
    <chapterId>38</chapterId>
    <textIndopak>قَالَ فَإِنَّكَ مِنَ ٱلۡمُنظَرِينَ</textIndopak>
    <translations>
      <translation>
        <author>King Fahad Quran Complex</author>
        <text>Allah berfirman, "Sesungguhnya kamu termasuk orang-orang yang diberi tangguh,</text>
      </translation>
    </translations>
    <rules>[{"start": 10, "end": 13, "rule_id": 0}, {"start": 26, "end": 29, "rule_id": 6}]</rules>
  </verse>
  <verse>
    <verseIdArabic>٨١</verseIdArabic>
    <verseId>81</verseId>
    <chapterId>38</chapterId>
    <textIndopak>إِلَىٰ يَوۡمِ ٱلۡوَقۡتِ ٱلۡمَعۡلُومِ</textIndopak>
    <translations>
      <translation>
        <author>King Fahad Quran Complex</author>
        <text>sampai kepada hari yang telah ditentukan waktunya (hari Kiamat)".</text>
      </translation>
    </translations>
    <rules>[{"start": 19, "end": 21, "rule_id": 1}]</rules>
  </verse>
  <verse>
    <verseIdArabic>٨٢</verseIdArabic>
    <verseId>82</verseId>
    <chapterId>38</chapterId>
    <textIndopak>قَالَ فَبِعِزَّتِكَ لَأُغۡوِيَنَّهُمۡ أَجۡمَعِينَ</textIndopak>
    <translations>
      <translation>
        <author>King Fahad Quran Complex</author>
        <text>Iblis menjawab, "Demi kekuasaan Engkau aku akan menyesatkan mereka semuanya,</text>
      </translation>
    </translations>
    <rules>[{"start": 30, "end": 33, "rule_id": 0}, {"start": 40, "end": 42, "rule_id": 1}]</rules>
  </verse>
  <verse>
    <verseIdArabic>٨٣</verseIdArabic>
    <verseId>83</verseId>
    <chapterId>38</chapterId>
    <textIndopak>إِلَّا عِبَادَكَ مِنۡهُمُ ٱلۡمُخۡلَصِينَ</textIndopak>
    <translations>
      <translation>
        <author>King Fahad Quran Complex</author>
        <text>kecuali hamba-hamba-Mu yang mukhlis di antara mereka .</text>
      </translation>
    </translations>
  </verse>
  <verse>
    <verseIdArabic>٨٤</verseIdArabic>
    <verseId>84</verseId>
    <chapterId>38</chapterId>
    <textIndopak>قَالَ فَٱلۡحَقُّ وَٱلۡحَقَّ أَقُولُ</textIndopak>
    <translations>
      <translation>
        <author>King Fahad Quran Complex</author>
        <text>Allah berfirman, "Maka yang benar (adalah sumpah-Ku) dan hanya kebenaran itulah yang Ku-katakan".</text>
      </translation>
    </translations>
  </verse>
  <verse>
    <verseIdArabic>٨٥</verseIdArabic>
    <verseId>85</verseId>
    <chapterId>38</chapterId>
    <textIndopak>لَأَمۡلَأَنَّ جَهَنَّمَ مِنكَ وَمِمَّن تَبِعَكَ مِنۡهُمۡ أَجۡمَعِينَ</textIndopak>
    <translations>
      <translation>
        <author>King Fahad Quran Complex</author>
        <text>Sesungguhnya Aku pasti akan memenuhi neraka Jahanam dengan jenis kamu dan dengan orang-orang yang mengikuti kamu di antara mereka kesemuanya.</text>
      </translation>
    </translations>
    <rules>[{"start": 10, "end": 13, "rule_id": 0}, {"start": 18, "end": 21, "rule_id": 0}, {"start": 34, "end": 37, "rule_id": 0}, {"start": 59, "end": 61, "rule_id": 1}, {"start": 26, "end": 29, "rule_id": 6}, {"start": 37, "end": 41, "rule_id": 6}]</rules>
  </verse>
  <verse>
    <verseIdArabic>٨٦</verseIdArabic>
    <verseId>86</verseId>
    <chapterId>38</chapterId>
    <textIndopak>قُلۡ مَآ أَسۡـَٔلُكُمۡ عَلَيۡهِ مِنۡ أَجۡرٖ وَمَآ أَنَا۠ مِنَ ٱلۡمُتَكَلِّفِينَ</textIndopak>
    <translations>
      <translation>
        <author>King Fahad Quran Complex</author>
        <text>Katakanlah (hai Muhammad), "Aku tidak meminta upah sedikit pun padamu atas dakwahku dan bukanlah aku termasuk orang-orang yang mengada-adakan.</text>
      </translation>
    </translations>
    <rules>[{"start": 40, "end": 42, "rule_id": 1}, {"start": 42, "end": 47, "rule_id": 3}]</rules>
  </verse>
  <verse>
    <verseIdArabic>٨٧</verseIdArabic>
    <verseId>87</verseId>
    <chapterId>38</chapterId>
    <textIndopak>إِنۡ هُوَ إِلَّا ذِكۡرٞ لِّلۡعَٰلَمِينَ</textIndopak>
    <translations>
      <translation>
        <author>King Fahad Quran Complex</author>
        <text>Al-Qur`ān ini tidak lain hanyalah peringatan bagi semesta alam.</text>
      </translation>
    </translations>
    <rules>[{"start": 21, "end": 27, "rule_id": 5}]</rules>
  </verse>
  <verse>
    <verseIdArabic>٨٨</verseIdArabic>
    <verseId>88</verseId>
    <chapterId>38</chapterId>
    <textIndopak>وَلَتَعۡلَمُنَّ نَبَأَهُۥ بَعۡدَ حِينِۭ</textIndopak>
    <translations>
      <translation>
        <author>King Fahad Quran Complex</author>
        <text>Dan sesungguhnya, kamu akan mengetahui (kebenaran) berita Al-Qur`ān setelah beberapa waktu lagi .</text>
      </translation>
    </translations>
    <rules>[{"start": 12, "end": 15, "rule_id": 0}]</rules>
  </verse>
</verses>
