<?xml version="1.0" encoding="UTF-8"?>

<verses>
  <verse>
    <verseIdArabic>١</verseIdArabic>
    <verseId>1</verseId>
    <chapterId>39</chapterId>
    <textIndopak>تَنزِيلُ ٱلۡكِتَٰبِ مِنَ ٱللَّهِ ٱلۡعَزِيزِ ٱلۡحَكِيمِ</textIndopak>
    <translations>
      <translation>
        <author>King Fahad Quran Complex</author>
        <text>Kitab (Al-Qur`ān ini) diturunkan oleh Allah Yang Maha Perkasa lagi Maha Bijaksana.</text>
      </translation>
    </translations>
    <rules>[{"start": 2, "end": 5, "rule_id": 6}]</rules>
  </verse>
  <verse>
    <verseIdArabic>٢</verseIdArabic>
    <verseId>2</verseId>
    <chapterId>39</chapterId>
    <textIndopak>إِنَّآ أَنزَلۡنَآ إِلَيۡكَ ٱلۡكِتَٰبَ بِٱلۡحَقِّ فَٱعۡبُدِ ٱللَّهَ مُخۡلِصٗا لَّهُ ٱلدِّينَ</textIndopak>
    <translations>
      <translation>
        <author>King Fahad Quran Complex</author>
        <text>Sesunguhnya Kami menurunkan kepadamu Kitab (Al-Qur`ān) dengan (membawa) kebenaran. Maka sembahlah Allah dengan memurnikan ketaatan kepada-Nya.</text>
      </translation>
    </translations>
    <rules>[{"start": 2, "end": 5, "rule_id": 0}, {"start": 75, "end": 82, "rule_id": 5}, {"start": 10, "end": 13, "rule_id": 6}]</rules>
  </verse>
  <verse>
    <verseIdArabic>٣</verseIdArabic>
    <verseId>3</verseId>
    <chapterId>39</chapterId>
    <textIndopak>أَلَا لِلَّهِ ٱلدِّينُ ٱلۡخَالِصُۚ وَٱلَّذِينَ ٱتَّخَذُواْ مِن دُونِهِۦٓ أَوۡلِيَآءَ مَا نَعۡبُدُهُمۡ إِلَّا لِيُقَرِّبُونَآ إِلَى ٱللَّهِ زُلۡفَىٰٓ إِنَّ ٱللَّهَ يَحۡكُمُ بَيۡنَهُمۡ فِي مَا هُمۡ فِيهِ يَخۡتَلِفُونَۗ إِنَّ ٱللَّهَ لَا يَهۡدِي مَنۡ هُوَ كَٰذِبٞ كَفَّارٞ</textIndopak>
    <translations>
      <translation>
        <author>King Fahad Quran Complex</author>
        <text>Ingatlah, hanya kepunyaan Allah-lah agama yang bersih (dari syirik). Dan orang-orang yang mengambil pelindung selain Allah (berkata), "Kami tidak menyembah mereka, melainkan supaya mereka mendekatkan kami kepada Allah dengan sedekat-dekatnya". Sesungguhnya Allah akan memutuskan di antara mereka tentang apa yang mereka berselisih padanya. Sesungguhnya Allah tidak menunjuki orang-orang yang pendusta dan sangat ingkar.</text>
      </translation>
    </translations>
    <rules>[{"start": 154, "end": 157, "rule_id": 0}, {"start": 223, "end": 226, "rule_id": 0}, {"start": 62, "end": 66, "rule_id": 6}, {"start": 262, "end": 267, "rule_id": 6}]</rules>
  </verse>
  <verse>
    <verseIdArabic>٤</verseIdArabic>
    <verseId>4</verseId>
    <chapterId>39</chapterId>
    <textIndopak>لَّوۡ أَرَادَ ٱللَّهُ أَن يَتَّخِذَ وَلَدٗا لَّٱصۡطَفَىٰ مِمَّا يَخۡلُقُ مَا يَشَآءُۚ سُبۡحَٰنَهُۥۖ هُوَ ٱللَّهُ ٱلۡوَٰحِدُ ٱلۡقَهَّارُ</textIndopak>
    <translations>
      <translation>
        <author>King Fahad Quran Complex</author>
        <text>Kalau sekiranya Allah hendak mengambil anak, tentu Dia akan memilih apa yang dikehendaki-Nya di antara ciptaan-ciptaan yang telah diciptakan-Nya. Maha Suci Allah. Dia-lah Allah Yang Maha Esa lagi Maha Mengalahkan.</text>
      </translation>
    </translations>
    <rules>[{"start": 59, "end": 62, "rule_id": 0}, {"start": 90, "end": 92, "rule_id": 1}, {"start": 24, "end": 28, "rule_id": 3}, {"start": 40, "end": 47, "rule_id": 5}]</rules>
  </verse>
  <verse>
    <verseIdArabic>٥</verseIdArabic>
    <verseId>5</verseId>
    <chapterId>39</chapterId>
    <textIndopak>خَلَقَ ٱلسَّمَٰوَٰتِ وَٱلۡأَرۡضَ بِٱلۡحَقِّۖ يُكَوِّرُ ٱلَّيۡلَ عَلَى ٱلنَّهَارِ وَيُكَوِّرُ ٱلنَّهَارَ عَلَى ٱلَّيۡلِۖ وَسَخَّرَ ٱلشَّمۡسَ وَٱلۡقَمَرَۖ كُلّٞ يَجۡرِي لِأَجَلٖ مُّسَمًّىۗ أَلَا هُوَ ٱلۡعَزِيزُ ٱلۡغَفَّٰرُ</textIndopak>
    <translations>
      <translation>
        <author>King Fahad Quran Complex</author>
        <text>Dia menciptakan langit dan bumi dengan (tujuan) yang benar; Dia menutupkan malam atas siang dan menutupkan siang atas malam dan menundukkan matahari dan bulan; masing-masing berjalan menurut waktu yang ditentukan. Ingatlah Dia-lah Yang Maha Perkasa lagi Maha Pengampun.</text>
      </translation>
    </translations>
    <rules>[{"start": 73, "end": 76, "rule_id": 0}, {"start": 96, "end": 99, "rule_id": 0}, {"start": 179, "end": 182, "rule_id": 0}, {"start": 184, "end": 187, "rule_id": 0}, {"start": 164, "end": 166, "rule_id": 1}, {"start": 158, "end": 164, "rule_id": 3}, {"start": 176, "end": 182, "rule_id": 3}]</rules>
  </verse>
  <verse>
    <verseIdArabic>٦</verseIdArabic>
    <verseId>6</verseId>
    <chapterId>39</chapterId>
    <textIndopak>خَلَقَكُم مِّن نَّفۡسٖ وَٰحِدَةٖ ثُمَّ جَعَلَ مِنۡهَا زَوۡجَهَا وَأَنزَلَ لَكُم مِّنَ ٱلۡأَنۡعَٰمِ ثَمَٰنِيَةَ أَزۡوَٰجٖۚ يَخۡلُقُكُمۡ فِي بُطُونِ أُمَّهَٰتِكُمۡ خَلۡقٗا مِّنۢ بَعۡدِ خَلۡقٖ فِي ظُلُمَٰتٖ ثَلَٰثٖۚ ذَٰلِكُمُ ٱللَّهُ رَبُّكُمۡ لَهُ ٱلۡمُلۡكُۖ لَآ إِلَٰهَ إِلَّا هُوَۖ فَأَنَّىٰ تُصۡرَفُونَ</textIndopak>
    <translations>
      <translation>
        <author>King Fahad Quran Complex</author>
        <text>Dia menciptakan kamu dari seorang diri, kemudian Dia jadikan darinya istrinya dan Dia menurunkan untuk kamu delapan ekor yang berpasangan dari binatang ternak. Dia menjadikan kamu dalam perut ibumu kejadian demi kejadian dalam tiga kegelapan. Yang (berbuat) demikian itu adalah Allah, Tuhan kamu, Tuhan Yang mempunyai kerajaan. Tidak ada Tuhan (yang berhak disembah) selain Dia, maka bagaimana kamu dapat dipalingkan?</text>
      </translation>
    </translations>
    <rules>[{"start": 10, "end": 13, "rule_id": 0}, {"start": 15, "end": 18, "rule_id": 0}, {"start": 35, "end": 38, "rule_id": 0}, {"start": 80, "end": 83, "rule_id": 0}, {"start": 150, "end": 153, "rule_id": 0}, {"start": 171, "end": 174, "rule_id": 0}, {"start": 291, "end": 294, "rule_id": 0}, {"start": 174, "end": 179, "rule_id": 2}, {"start": 13, "end": 18, "rule_id": 3}, {"start": 20, "end": 26, "rule_id": 3}, {"start": 167, "end": 174, "rule_id": 3}, {"start": 8, "end": 13, "rule_id": 4}, {"start": 78, "end": 83, "rule_id": 4}, {"start": 68, "end": 71, "rule_id": 6}, {"start": 30, "end": 35, "rule_id": 6}, {"start": 188, "end": 193, "rule_id": 6}, {"start": 202, "end": 207, "rule_id": 6}]</rules>
  </verse>
  <verse>
    <verseIdArabic>٧</verseIdArabic>
    <verseId>7</verseId>
    <chapterId>39</chapterId>
    <textIndopak>إِن تَكۡفُرُواْ فَإِنَّ ٱللَّهَ غَنِيٌّ عَنكُمۡۖ وَلَا يَرۡضَىٰ لِعِبَادِهِ ٱلۡكُفۡرَۖ وَإِن تَشۡكُرُواْ يَرۡضَهُ لَكُمۡۗ وَلَا تَزِرُ وَازِرَةٞ وِزۡرَ أُخۡرَىٰۚ ثُمَّ إِلَىٰ رَبِّكُم مَّرۡجِعُكُمۡ فَيُنَبِّئُكُم بِمَا كُنتُمۡ تَعۡمَلُونَۚ إِنَّهُۥ عَلِيمُۢ بِذَاتِ ٱلصُّدُورِ</textIndopak>
    <translations>
      <translation>
        <author>King Fahad Quran Complex</author>
        <text>Jika kamu kafir, maka sesungguhnya Allah tidak memerlukan (iman)mu dan Dia tidak meridai kekafiran bagi hamba-Nya; dan jika kamu bersyukur, niscaya Dia meridai bagimu kesyukuranmu itu; dan seorang yang berdosa tidak akan memikul dosa orang lain. Kemudian, kepada Tuhan-mulah kembalimu, lalu Dia memberitakan kepadamu apa yang telah kamu kerjakan. Sesungguhnya Dia Maha Mengetahui apa yang tersimpan dalam (dada)mu.</text>
      </translation>
    </translations>
    <rules>[{"start": 20, "end": 23, "rule_id": 0}, {"start": 168, "end": 171, "rule_id": 0}, {"start": 188, "end": 191, "rule_id": 0}, {"start": 247, "end": 250, "rule_id": 0}, {"start": 259, "end": 265, "rule_id": 2}, {"start": 145, "end": 150, "rule_id": 3}, {"start": 186, "end": 191, "rule_id": 4}, {"start": 2, "end": 6, "rule_id": 6}, {"start": 42, "end": 45, "rule_id": 6}, {"start": 93, "end": 97, "rule_id": 6}, {"start": 225, "end": 228, "rule_id": 6}, {"start": 215, "end": 219, "rule_id": 7}]</rules>
  </verse>
  <verse>
    <verseIdArabic>٨</verseIdArabic>
    <verseId>8</verseId>
    <chapterId>39</chapterId>
    <textIndopak>۞ وَإِذَا مَسَّ ٱلۡإِنسَٰنَ ضُرّٞ دَعَا رَبَّهُۥ مُنِيبًا إِلَيۡهِ ثُمَّ إِذَا خَوَّلَهُۥ نِعۡمَةٗ مِّنۡهُ نَسِيَ مَا كَانَ يَدۡعُوٓاْ إِلَيۡهِ مِن قَبۡلُ وَجَعَلَ لِلَّهِ أَندَادٗا لِّيُضِلَّ عَن سَبِيلِهِۦۚ قُلۡ تَمَتَّعۡ بِكُفۡرِكَ قَلِيلًا إِنَّكَ مِنۡ أَصۡحَٰبِ ٱلنَّارِ</textIndopak>
    <translations>
      <translation>
        <author>King Fahad Quran Complex</author>
        <text>Dan apabila manusia itu ditimpa kemudaratan, dia memohon (pertolongan) kepada Tuhan-nya dengan kembali kepada-Nya, kemudian apabila Tuhan memberikan nikmat-Nya kepadanya lupalah dia akan kemudaratan yang pernah dia berdoa (kepada Allah) untuk (menghilangkannya) sebelum itu dan dia mengada-adakan sekutu-sekutu bagi Allah untuk menyesatkan (manusia) dari jalan-Nya. Katakanlah, "Bersenang-senanglah dengan kekafiranmu itu sementara waktu; sesungguhnya kamu termasuk penghuni neraka".</text>
      </translation>
    </translations>
    <rules>[{"start": 69, "end": 72, "rule_id": 0}, {"start": 99, "end": 102, "rule_id": 0}, {"start": 249, "end": 252, "rule_id": 0}, {"start": 272, "end": 275, "rule_id": 0}, {"start": 126, "end": 128, "rule_id": 1}, {"start": 150, "end": 152, "rule_id": 1}, {"start": 96, "end": 102, "rule_id": 3}, {"start": 178, "end": 185, "rule_id": 5}, {"start": 21, "end": 25, "rule_id": 6}, {"start": 146, "end": 150, "rule_id": 6}, {"start": 174, "end": 177, "rule_id": 6}, {"start": 195, "end": 199, "rule_id": 6}, {"start": 30, "end": 36, "rule_id": 6}]</rules>
  </verse>
  <verse>
    <verseIdArabic>٩</verseIdArabic>
    <verseId>9</verseId>
    <chapterId>39</chapterId>
    <textIndopak>أَمَّنۡ هُوَ قَٰنِتٌ ءَانَآءَ ٱلَّيۡلِ سَاجِدٗا وَقَآئِمٗا يَحۡذَرُ ٱلۡأٓخِرَةَ وَيَرۡجُواْ رَحۡمَةَ رَبِّهِۦۗ قُلۡ هَلۡ يَسۡتَوِي ٱلَّذِينَ يَعۡلَمُونَ وَٱلَّذِينَ لَا يَعۡلَمُونَۗ إِنَّمَا يَتَذَكَّرُ أُوْلُواْ ٱلۡأَلۡبَٰبِ</textIndopak>
    <translations>
      <translation>
        <author>King Fahad Quran Complex</author>
        <text>(Apakah kamu hai orang musyrik yang lebih beruntung) ataukah orang yang beribadat pada waktu-waktu malam dengan sujud dan berdiri, sedang ia takut kepada (azab) akhirat dan mengharapkan rahmat Tuhan-nya? Katakanlah, "Adakah sama orang-orang yang mengetahui dengan orang-orang yang tidak mengetahui?" Sesungguhnya orang yang berakallah yang dapat menerima pelajaran.</text>
      </translation>
    </translations>
    <rules>[{"start": 2, "end": 5, "rule_id": 0}, {"start": 189, "end": 192, "rule_id": 0}, {"start": 228, "end": 230, "rule_id": 1}, {"start": 45, "end": 51, "rule_id": 3}, {"start": 57, "end": 63, "rule_id": 3}]</rules>
  </verse>
  <verse>
    <verseIdArabic>١٠</verseIdArabic>
    <verseId>10</verseId>
    <chapterId>39</chapterId>
    <textIndopak>قُلۡ يَٰعِبَادِ ٱلَّذِينَ ءَامَنُواْ ٱتَّقُواْ رَبَّكُمۡۚ لِلَّذِينَ أَحۡسَنُواْ فِي هَٰذِهِ ٱلدُّنۡيَا حَسَنَةٞۗ وَأَرۡضُ ٱللَّهِ وَٰسِعَةٌۗ إِنَّمَا يُوَفَّى ٱلصَّٰبِرُونَ أَجۡرَهُم بِغَيۡرِ حِسَابٖ</textIndopak>
    <translations>
      <translation>
        <author>King Fahad Quran Complex</author>
        <text>Katakanlah, "Hai hamba-hamba-Ku yang beriman, bertakwalah kepada Tuhan-mu". Orang-orang yang berbuat baik di dunia ini memperoleh kebaikan. Dan bumi Allah itu adalah luas. Sesungguhnya hanya orang-orang yang bersabarlah yang dicukupkan pahala mereka tanpa batas.</text>
      </translation>
    </translations>
    <rules>[{"start": 147, "end": 150, "rule_id": 0}, {"start": 179, "end": 181, "rule_id": 1}, {"start": 201, "end": 203, "rule_id": 1}, {"start": 185, "end": 189, "rule_id": 7}]</rules>
  </verse>
  <verse>
    <verseIdArabic>١١</verseIdArabic>
    <verseId>11</verseId>
    <chapterId>39</chapterId>
    <textIndopak>قُلۡ إِنِّيٓ أُمِرۡتُ أَنۡ أَعۡبُدَ ٱللَّهَ مُخۡلِصٗا لَّهُ ٱلدِّينَ</textIndopak>
    <translations>
      <translation>
        <author>King Fahad Quran Complex</author>
        <text>Katakanlah, "Sesungguhnya aku diperintahkan supaya menyembah Allah dengan memurnikan ketaatan kepada-Nya dalam (menjalankan) agama.</text>
      </translation>
    </translations>
    <rules>[{"start": 7, "end": 10, "rule_id": 0}, {"start": 50, "end": 57, "rule_id": 5}]</rules>
  </verse>
  <verse>
    <verseIdArabic>١٢</verseIdArabic>
    <verseId>12</verseId>
    <chapterId>39</chapterId>
    <textIndopak>وَأُمِرۡتُ لِأَنۡ أَكُونَ أَوَّلَ ٱلۡمُسۡلِمِينَ</textIndopak>
    <translations>
      <translation>
        <author>King Fahad Quran Complex</author>
        <text>Dan aku diperintahkan supaya menjadi orang yang pertama-tama berserah diri".</text>
      </translation>
    </translations>
  </verse>
  <verse>
    <verseIdArabic>١٣</verseIdArabic>
    <verseId>13</verseId>
    <chapterId>39</chapterId>
    <textIndopak>قُلۡ إِنِّيٓ أَخَافُ إِنۡ عَصَيۡتُ رَبِّي عَذَابَ يَوۡمٍ عَظِيمٖ</textIndopak>
    <translations>
      <translation>
        <author>King Fahad Quran Complex</author>
        <text>Katakanlah, "Sesungguhnya aku takut akan siksaan hari yang besar jika aku durhaka kepada Tuhan-ku".</text>
      </translation>
    </translations>
    <rules>[{"start": 7, "end": 10, "rule_id": 0}]</rules>
  </verse>
  <verse>
    <verseIdArabic>١٤</verseIdArabic>
    <verseId>14</verseId>
    <chapterId>39</chapterId>
    <textIndopak>قُلِ ٱللَّهَ أَعۡبُدُ مُخۡلِصٗا لَّهُۥ دِينِي</textIndopak>
    <translations>
      <translation>
        <author>King Fahad Quran Complex</author>
        <text>Katakanlah, "Hanya Allah saja Yang aku sembah dengan memurnikan ketaatan kepada-Nya dalam (menjalankan) agamaku".</text>
      </translation>
    </translations>
    <rules>[{"start": 28, "end": 35, "rule_id": 5}]</rules>
  </verse>
  <verse>
    <verseIdArabic>١٥</verseIdArabic>
    <verseId>15</verseId>
    <chapterId>39</chapterId>
    <textIndopak>فَٱعۡبُدُواْ مَا شِئۡتُم مِّن دُونِهِۦۗ قُلۡ إِنَّ ٱلۡخَٰسِرِينَ ٱلَّذِينَ خَسِرُوٓاْ أَنفُسَهُمۡ وَأَهۡلِيهِمۡ يَوۡمَ ٱلۡقِيَٰمَةِۗ أَلَا ذَٰلِكَ هُوَ ٱلۡخُسۡرَانُ ٱلۡمُبِينُ</textIndopak>
    <translations>
      <translation>
        <author>King Fahad Quran Complex</author>
        <text>Maka sembahlah olehmu (hai orang-orang musyrik) apa yang kamu kehendaki selain Dia . Katakanlah, "Sesungguhnya orang-orang yang rugi ialah orang-orang yang merugikan diri mereka sendiri dan keluarganya pada hari kiamat". Ingatlah yang demikian itu adalah kerugian yang nyata.</text>
      </translation>
    </translations>
    <rules>[{"start": 25, "end": 28, "rule_id": 0}, {"start": 48, "end": 51, "rule_id": 0}, {"start": 23, "end": 28, "rule_id": 4}, {"start": 28, "end": 32, "rule_id": 6}, {"start": 89, "end": 92, "rule_id": 6}]</rules>
  </verse>
  <verse>
    <verseIdArabic>١٦</verseIdArabic>
    <verseId>16</verseId>
    <chapterId>39</chapterId>
    <textIndopak>لَهُم مِّن فَوۡقِهِمۡ ظُلَلٞ مِّنَ ٱلنَّارِ وَمِن تَحۡتِهِمۡ ظُلَلٞۚ ذَٰلِكَ يُخَوِّفُ ٱللَّهُ بِهِۦ عِبَادَهُۥۚ يَٰعِبَادِ فَٱتَّقُونِ</textIndopak>
    <translations>
      <translation>
        <author>King Fahad Quran Complex</author>
        <text>Bagi mereka lapisan-lapisan dari api di atas mereka dan di bawah mereka pun lapisan-lapisan (dari api). Demikianlah, Allah mempertakuti hamba-hamba-Nya dengan azab itu. Maka bertakwalah kepada-Ku, hai hamba-hamba-Ku.</text>
      </translation>
    </translations>
    <rules>[{"start": 6, "end": 9, "rule_id": 0}, {"start": 29, "end": 32, "rule_id": 0}, {"start": 37, "end": 40, "rule_id": 0}, {"start": 26, "end": 32, "rule_id": 3}, {"start": 4, "end": 9, "rule_id": 4}, {"start": 9, "end": 13, "rule_id": 6}, {"start": 48, "end": 52, "rule_id": 6}]</rules>
  </verse>
  <verse>
    <verseIdArabic>١٧</verseIdArabic>
    <verseId>17</verseId>
    <chapterId>39</chapterId>
    <textIndopak>وَٱلَّذِينَ ٱجۡتَنَبُواْ ٱلطَّٰغُوتَ أَن يَعۡبُدُوهَا وَأَنَابُوٓاْ إِلَى ٱللَّهِ لَهُمُ ٱلۡبُشۡرَىٰۚ فَبَشِّرۡ عِبَادِ</textIndopak>
    <translations>
      <translation>
        <author>King Fahad Quran Complex</author>
        <text>Dan orang-orang yang menjauhi ṭāgūt, (yaitu) tidak menyembahnya dan kembali kepada Allah, bagi mereka berita gembira; sebab itu sampaikanlah berita itu kepada hamba-hamba-Ku,</text>
      </translation>
    </translations>
    <rules>[{"start": 13, "end": 15, "rule_id": 1}, {"start": 118, "end": 120, "rule_id": 1}, {"start": 39, "end": 43, "rule_id": 3}]</rules>
  </verse>
  <verse>
    <verseIdArabic>١٨</verseIdArabic>
    <verseId>18</verseId>
    <chapterId>39</chapterId>
    <textIndopak>ٱلَّذِينَ يَسۡتَمِعُونَ ٱلۡقَوۡلَ فَيَتَّبِعُونَ أَحۡسَنَهُۥٓۚ أُوْلَٰٓئِكَ ٱلَّذِينَ هَدَىٰهُمُ ٱللَّهُۖ وَأُوْلَٰٓئِكَ هُمۡ أُوْلُواْ ٱلۡأَلۡبَٰبِ</textIndopak>
    <translations>
      <translation>
        <author>King Fahad Quran Complex</author>
        <text>yang mendengarkan perkataan, lalu mengikuti apa yang paling baik di antaranya . Mereka itulah orang-orang yang telah diberi Allah petunjuk dan mereka itulah orang-orang yang mempunyai akal.</text>
      </translation>
    </translations>
    <rules>[{"start": 148, "end": 150, "rule_id": 1}]</rules>
  </verse>
  <verse>
    <verseIdArabic>١٩</verseIdArabic>
    <verseId>19</verseId>
    <chapterId>39</chapterId>
    <textIndopak>أَفَمَنۡ حَقَّ عَلَيۡهِ كَلِمَةُ ٱلۡعَذَابِ أَفَأَنتَ تُنقِذُ مَن فِي ٱلنَّارِ</textIndopak>
    <translations>
      <translation>
        <author>King Fahad Quran Complex</author>
        <text>Apakah (kamu hendak mengubah nasib) orang-orang yang telah pasti ketentuan azab atasnya? Apakah kamu akan menyelamatkan orang yang berada dalam api neraka?</text>
      </translation>
    </translations>
    <rules>[{"start": 72, "end": 75, "rule_id": 0}, {"start": 50, "end": 53, "rule_id": 6}, {"start": 56, "end": 59, "rule_id": 6}, {"start": 64, "end": 68, "rule_id": 6}]</rules>
  </verse>
  <verse>
    <verseIdArabic>٢٠</verseIdArabic>
    <verseId>20</verseId>
    <chapterId>39</chapterId>
    <textIndopak>لَٰكِنِ ٱلَّذِينَ ٱتَّقَوۡاْ رَبَّهُمۡ لَهُمۡ غُرَفٞ مِّن فَوۡقِهَا غُرَفٞ مَّبۡنِيَّةٞ تَجۡرِي مِن تَحۡتِهَا ٱلۡأَنۡهَٰرُۖ وَعۡدَ ٱللَّهِ لَا يُخۡلِفُ ٱللَّهُ ٱلۡمِيعَادَ</textIndopak>
    <translations>
      <translation>
        <author>King Fahad Quran Complex</author>
        <text>Tetapi orang-orang yang bertakwa kepada Tuhan-nya mereka mendapat tempat-tempat yang tinggi, di atasnya dibangun pula tempat-tempat yang tinggi yang di bawahnya mengalir sungai-sungai. Allah telah berjanji dengan sebenar-benarnya. Allah tidak akan memungkiri janji-Nya.</text>
      </translation>
    </translations>
    <rules>[{"start": 53, "end": 56, "rule_id": 0}, {"start": 75, "end": 78, "rule_id": 0}, {"start": 78, "end": 80, "rule_id": 1}, {"start": 90, "end": 92, "rule_id": 1}, {"start": 172, "end": 174, "rule_id": 1}, {"start": 50, "end": 56, "rule_id": 3}, {"start": 72, "end": 78, "rule_id": 3}, {"start": 56, "end": 60, "rule_id": 6}, {"start": 98, "end": 102, "rule_id": 6}, {"start": 85, "end": 90, "rule_id": 6}]</rules>
  </verse>
  <verse>
    <verseIdArabic>٢١</verseIdArabic>
    <verseId>21</verseId>
    <chapterId>39</chapterId>
    <textIndopak>أَلَمۡ تَرَ أَنَّ ٱللَّهَ أَنزَلَ مِنَ ٱلسَّمَآءِ مَآءٗ فَسَلَكَهُۥ يَنَٰبِيعَ فِي ٱلۡأَرۡضِ ثُمَّ يُخۡرِجُ بِهِۦ زَرۡعٗا مُّخۡتَلِفًا أَلۡوَٰنُهُۥ ثُمَّ يَهِيجُ فَتَرَىٰهُ مُصۡفَرّٗا ثُمَّ يَجۡعَلُهُۥ حُطَٰمًاۚ إِنَّ فِي ذَٰلِكَ لَذِكۡرَىٰ لِأُوْلِي ٱلۡأَلۡبَٰبِ</textIndopak>
    <translations>
      <translation>
        <author>King Fahad Quran Complex</author>
        <text>Apakah kamu tidak memperhatikan bahwa sesungguhnya Allah menurunkan air dari langit, maka diaturnya menjadi sumber-sumber air di bumi, kemudian ditumbuhkan-Nya dengan air itu tanam-tanaman yang bermacam-macam warnanya, lalu ia menjadi kering, lalu kamu melihatnya kekuning-kuningan, kemudian dijadikan-Nya hancur berderai-derai. Sesungguhnya pada yang demikian itu, benar-benar terdapat pelajaran bagi orang-orang yang mempunyai akal.</text>
      </translation>
    </translations>
    <rules>[{"start": 14, "end": 17, "rule_id": 0}, {"start": 97, "end": 100, "rule_id": 0}, {"start": 124, "end": 127, "rule_id": 0}, {"start": 152, "end": 155, "rule_id": 0}, {"start": 188, "end": 191, "rule_id": 0}, {"start": 217, "end": 220, "rule_id": 0}, {"start": 194, "end": 196, "rule_id": 1}, {"start": 264, "end": 266, "rule_id": 1}, {"start": 120, "end": 127, "rule_id": 3}, {"start": 28, "end": 31, "rule_id": 6}, {"start": 55, "end": 60, "rule_id": 6}]</rules>
  </verse>
  <verse>
    <verseIdArabic>٢٢</verseIdArabic>
    <verseId>22</verseId>
    <chapterId>39</chapterId>
    <textIndopak>أَفَمَن شَرَحَ ٱللَّهُ صَدۡرَهُۥ لِلۡإِسۡلَٰمِ فَهُوَ عَلَىٰ نُورٖ مِّن رَّبِّهِۦۚ فَوَيۡلٞ لِّلۡقَٰسِيَةِ قُلُوبُهُم مِّن ذِكۡرِ ٱللَّهِۚ أُوْلَٰٓئِكَ فِي ضَلَٰلٖ مُّبِينٍ</textIndopak>
    <translations>
      <translation>
        <author>King Fahad Quran Complex</author>
        <text>Maka apakah orang-orang yang dibukakan Allah hatinya untuk (menerima) agama Islam, lalu ia mendapat cahaya dari Tuhan-nya (sama dengan orang yang membatu hatinya)? Maka kecelakaan yang besarlah bagi mereka yang telah membatu hatinya untuk mengingat Allah. Mereka itu dalam kesesatan yang nyata.</text>
      </translation>
    </translations>
    <rules>[{"start": 67, "end": 70, "rule_id": 0}, {"start": 119, "end": 122, "rule_id": 0}, {"start": 166, "end": 169, "rule_id": 0}, {"start": 25, "end": 27, "rule_id": 1}, {"start": 64, "end": 70, "rule_id": 3}, {"start": 163, "end": 169, "rule_id": 3}, {"start": 117, "end": 122, "rule_id": 4}, {"start": 70, "end": 75, "rule_id": 5}, {"start": 90, "end": 96, "rule_id": 5}, {"start": 6, "end": 10, "rule_id": 6}, {"start": 122, "end": 126, "rule_id": 6}]</rules>
  </verse>
  <verse>
    <verseIdArabic>٢٣</verseIdArabic>
    <verseId>23</verseId>
    <chapterId>39</chapterId>
    <textIndopak>ٱللَّهُ نَزَّلَ أَحۡسَنَ ٱلۡحَدِيثِ كِتَٰبٗا مُّتَشَٰبِهٗا مَّثَانِيَ تَقۡشَعِرُّ مِنۡهُ جُلُودُ ٱلَّذِينَ يَخۡشَوۡنَ رَبَّهُمۡ ثُمَّ تَلِينُ جُلُودُهُمۡ وَقُلُوبُهُمۡ إِلَىٰ ذِكۡرِ ٱللَّهِۚ ذَٰلِكَ هُدَى ٱللَّهِ يَهۡدِي بِهِۦ مَن يَشَآءُۚ وَمَن يُضۡلِلِ ٱللَّهُ فَمَا لَهُۥ مِنۡ هَادٍ</textIndopak>
    <translations>
      <translation>
        <author>King Fahad Quran Complex</author>
        <text>Allah telah menurunkan perkataan yang paling baik (yaitu) Al-Qur`ān yang serupa (mutu ayat-ayatnya) lagi berulang-ulang; gemetar karenanya kulit orang-orang yang takut kepada Tuhan-nya, kemudian menjadi tenang kulit dan hati mereka pada waktu mengingat Allah. Itulah petunjuk Allah dengan kitab itu Dia menunjuki siapa yang dikehendaki-Nya. Dan barang siapa yang disesatkan Allah, maka tidak ada seorang pemberi petunjuk baginya.</text>
      </translation>
    </translations>
    <rules>[{"start": 45, "end": 48, "rule_id": 0}, {"start": 59, "end": 62, "rule_id": 0}, {"start": 130, "end": 133, "rule_id": 0}, {"start": 72, "end": 74, "rule_id": 1}, {"start": 286, "end": 288, "rule_id": 1}, {"start": 230, "end": 234, "rule_id": 3}, {"start": 247, "end": 251, "rule_id": 3}, {"start": 41, "end": 48, "rule_id": 3}, {"start": 55, "end": 62, "rule_id": 3}]</rules>
  </verse>
  <verse>
    <verseIdArabic>٢٤</verseIdArabic>
    <verseId>24</verseId>
    <chapterId>39</chapterId>
    <textIndopak>أَفَمَن يَتَّقِي بِوَجۡهِهِۦ سُوٓءَ ٱلۡعَذَابِ يَوۡمَ ٱلۡقِيَٰمَةِۚ وَقِيلَ لِلظَّٰلِمِينَ ذُوقُواْ مَا كُنتُمۡ تَكۡسِبُونَ</textIndopak>
    <translations>
      <translation>
        <author>King Fahad Quran Complex</author>
        <text>Maka apakah orang-orang yang menoleh dengan mukanya menghindari azab yang buruk pada hari kiamat (sama dengan orang mukmin yang tidak kena azab)? Dan dikatakan kepada orang-orang yang zalim, "Rasakanlah olehmu, balasan apa yang telah kamu kerjakan".</text>
      </translation>
    </translations>
    <rules>[{"start": 21, "end": 23, "rule_id": 1}, {"start": 6, "end": 10, "rule_id": 3}, {"start": 107, "end": 110, "rule_id": 6}]</rules>
  </verse>
  <verse>
    <verseIdArabic>٢٥</verseIdArabic>
    <verseId>25</verseId>
    <chapterId>39</chapterId>
    <textIndopak>كَذَّبَ ٱلَّذِينَ مِن قَبۡلِهِمۡ فَأَتَىٰهُمُ ٱلۡعَذَابُ مِنۡ حَيۡثُ لَا يَشۡعُرُونَ</textIndopak>
    <translations>
      <translation>
        <author>King Fahad Quran Complex</author>
        <text>Orang-orang yang sebelum mereka telah mendustakan (rasul-rasul), maka datanglah kepada mereka azab dari arah yang tidak mereka sangka.</text>
      </translation>
    </translations>
    <rules>[{"start": 24, "end": 26, "rule_id": 1}, {"start": 20, "end": 24, "rule_id": 6}]</rules>
  </verse>
  <verse>
    <verseIdArabic>٢٦</verseIdArabic>
    <verseId>26</verseId>
    <chapterId>39</chapterId>
    <textIndopak>فَأَذَاقَهُمُ ٱللَّهُ ٱلۡخِزۡيَ فِي ٱلۡحَيَوٰةِ ٱلدُّنۡيَاۖ وَلَعَذَابُ ٱلۡأٓخِرَةِ أَكۡبَرُۚ لَوۡ كَانُواْ يَعۡلَمُونَ</textIndopak>
    <translations>
      <translation>
        <author>King Fahad Quran Complex</author>
        <text>Maka Allah merasakan kepada mereka kehinaan pada kehidupan dunia. Dan sesungguhnya azab pada hari akhirat lebih besar kalau mereka mengetahui.</text>
      </translation>
    </translations>
  </verse>
  <verse>
    <verseIdArabic>٢٧</verseIdArabic>
    <verseId>27</verseId>
    <chapterId>39</chapterId>
    <textIndopak>وَلَقَدۡ ضَرَبۡنَا لِلنَّاسِ فِي هَٰذَا ٱلۡقُرۡءَانِ مِن كُلِّ مَثَلٖ لَّعَلَّهُمۡ يَتَذَكَّرُونَ</textIndopak>
    <translations>
      <translation>
        <author>King Fahad Quran Complex</author>
        <text>Sesungguhnya telah Kami buatkan bagi manusia dalam Al-Qur`ān ini setiap macam perumpamaan supaya mereka dapat pelajaran.</text>
      </translation>
    </translations>
    <rules>[{"start": 22, "end": 25, "rule_id": 0}, {"start": 6, "end": 8, "rule_id": 1}, {"start": 13, "end": 15, "rule_id": 1}, {"start": 67, "end": 73, "rule_id": 5}, {"start": 55, "end": 59, "rule_id": 6}]</rules>
  </verse>
  <verse>
    <verseIdArabic>٢٨</verseIdArabic>
    <verseId>28</verseId>
    <chapterId>39</chapterId>
    <textIndopak>قُرۡءَانًا عَرَبِيًّا غَيۡرَ ذِي عِوَجٖ لَّعَلَّهُمۡ يَتَّقُونَ</textIndopak>
    <translations>
      <translation>
        <author>King Fahad Quran Complex</author>
        <text>(Ialah) Al-Qur`ān dalam bahasa Arab yang tidak ada kebengkokan (di dalamnya) supaya mereka bertakwa.</text>
      </translation>
    </translations>
    <rules>[{"start": 37, "end": 43, "rule_id": 5}]</rules>
  </verse>
  <verse>
    <verseIdArabic>٢٩</verseIdArabic>
    <verseId>29</verseId>
    <chapterId>39</chapterId>
    <textIndopak>ضَرَبَ ٱللَّهُ مَثَلٗا رَّجُلٗا فِيهِ شُرَكَآءُ مُتَشَٰكِسُونَ وَرَجُلٗا سَلَمٗا لِّرَجُلٍ هَلۡ يَسۡتَوِيَانِ مَثَلًاۚ ٱلۡحَمۡدُ لِلَّهِۚ بَلۡ أَكۡثَرُهُمۡ لَا يَعۡلَمُونَ</textIndopak>
    <translations>
      <translation>
        <author>King Fahad Quran Complex</author>
        <text>Allah membuat perumpamaan, (yaitu) seorang laki-laki (budak) yang dimiliki oleh beberapa orang yang berserikat yang dalam perselisihan dan seorang budak yang menjadi milik penuh dari seorang laki-laki (saja); Adakah kedua budak itu sama halnya? Segala puji bagi Allah, tetapi kebanyakan mereka tidak mengetahui.</text>
      </translation>
    </translations>
    <rules>[{"start": 19, "end": 26, "rule_id": 5}, {"start": 78, "end": 85, "rule_id": 5}]</rules>
  </verse>
  <verse>
    <verseIdArabic>٣٠</verseIdArabic>
    <verseId>30</verseId>
    <chapterId>39</chapterId>
    <textIndopak>إِنَّكَ مَيِّتٞ وَإِنَّهُم مَّيِّتُونَ</textIndopak>
    <translations>
      <translation>
        <author>King Fahad Quran Complex</author>
        <text>Sesungguhnya kamu akan mati dan sesungguhnya mereka akan mati (pula).</text>
      </translation>
    </translations>
    <rules>[{"start": 2, "end": 5, "rule_id": 0}, {"start": 20, "end": 23, "rule_id": 0}, {"start": 27, "end": 30, "rule_id": 0}, {"start": 13, "end": 18, "rule_id": 3}, {"start": 25, "end": 30, "rule_id": 4}]</rules>
  </verse>
  <verse>
    <verseIdArabic>٣١</verseIdArabic>
    <verseId>31</verseId>
    <chapterId>39</chapterId>
    <textIndopak>ثُمَّ إِنَّكُمۡ يَوۡمَ ٱلۡقِيَٰمَةِ عِندَ رَبِّكُمۡ تَخۡتَصِمُونَ</textIndopak>
    <translations>
      <translation>
        <author>King Fahad Quran Complex</author>
        <text>Kemudian, sesungguhnya kamu pada hari kiamat akan berbantah-bantah di hadapan Tuhan-mu.</text>
      </translation>
    </translations>
    <rules>[{"start": 2, "end": 5, "rule_id": 0}, {"start": 8, "end": 11, "rule_id": 0}, {"start": 38, "end": 41, "rule_id": 6}]</rules>
  </verse>
  <verse>
    <verseIdArabic>٣٢</verseIdArabic>
    <verseId>32</verseId>
    <chapterId>39</chapterId>
    <textIndopak>۞ فَمَنۡ أَظۡلَمُ مِمَّن كَذَبَ عَلَى ٱللَّهِ وَكَذَّبَ بِٱلصِّدۡقِ إِذۡ جَآءَهُۥٓۚ أَلَيۡسَ فِي جَهَنَّمَ مَثۡوٗى لِّلۡكَٰفِرِينَ</textIndopak>
    <translations>
      <translation>
        <author>King Fahad Quran Complex</author>
        <text>Maka siapakah yang lebih zalim daripada orang yang membuat-buat dusta terhadap Allah dan mendustakan kebenaran ketika datang kepadanya? Bukankah di neraka Jahanam tersedia tempat tinggal bagi orang-orang yang kafir?</text>
      </translation>
    </translations>
    <rules>[{"start": 20, "end": 23, "rule_id": 0}, {"start": 103, "end": 106, "rule_id": 0}, {"start": 63, "end": 65, "rule_id": 1}, {"start": 23, "end": 27, "rule_id": 6}]</rules>
  </verse>
  <verse>
    <verseIdArabic>٣٣</verseIdArabic>
    <verseId>33</verseId>
    <chapterId>39</chapterId>
    <textIndopak>وَٱلَّذِي جَآءَ بِٱلصِّدۡقِ وَصَدَّقَ بِهِۦٓ أُوْلَٰٓئِكَ هُمُ ٱلۡمُتَّقُونَ</textIndopak>
    <translations>
      <translation>
        <author>King Fahad Quran Complex</author>
        <text>Dan orang yang membawa kebenaran (Muhammad) dan membenarkannya, mereka itulah orang-orang yang bertakwa.</text>
      </translation>
    </translations>
    <rules>[{"start": 24, "end": 26, "rule_id": 1}]</rules>
  </verse>
  <verse>
    <verseIdArabic>٣٤</verseIdArabic>
    <verseId>34</verseId>
    <chapterId>39</chapterId>
    <textIndopak>لَهُم مَّا يَشَآءُونَ عِندَ رَبِّهِمۡۚ ذَٰلِكَ جَزَآءُ ٱلۡمُحۡسِنِينَ</textIndopak>
    <translations>
      <translation>
        <author>King Fahad Quran Complex</author>
        <text>Mereka memperoleh apa yang mereka kehendaki pada sisi Tuhan mereka. Demikianlah balasan orang-orang yang berbuat baik,</text>
      </translation>
    </translations>
    <rules>[{"start": 6, "end": 9, "rule_id": 0}, {"start": 4, "end": 9, "rule_id": 4}, {"start": 25, "end": 28, "rule_id": 6}]</rules>
  </verse>
  <verse>
    <verseIdArabic>٣٥</verseIdArabic>
    <verseId>35</verseId>
    <chapterId>39</chapterId>
    <textIndopak>لِيُكَفِّرَ ٱللَّهُ عَنۡهُمۡ أَسۡوَأَ ٱلَّذِي عَمِلُواْ وَيَجۡزِيَهُمۡ أَجۡرَهُم بِأَحۡسَنِ ٱلَّذِي كَانُواْ يَعۡمَلُونَ</textIndopak>
    <translations>
      <translation>
        <author>King Fahad Quran Complex</author>
        <text>agar Allah akan menutupi (mengampuni) bagi mereka perbuatan yang paling buruk yang mereka kerjakan dan membalas mereka dengan upah yang lebih baik dari apa yang telah mereka kerjakan.</text>
      </translation>
    </translations>
    <rules>[{"start": 60, "end": 62, "rule_id": 1}, {"start": 73, "end": 75, "rule_id": 1}, {"start": 79, "end": 83, "rule_id": 7}]</rules>
  </verse>
  <verse>
    <verseIdArabic>٣٦</verseIdArabic>
    <verseId>36</verseId>
    <chapterId>39</chapterId>
    <textIndopak>أَلَيۡسَ ٱللَّهُ بِكَافٍ عَبۡدَهُۥۖ وَيُخَوِّفُونَكَ بِٱلَّذِينَ مِن دُونِهِۦۚ وَمَن يُضۡلِلِ ٱللَّهُ فَمَا لَهُۥ مِنۡ هَادٖ</textIndopak>
    <translations>
      <translation>
        <author>King Fahad Quran Complex</author>
        <text>Bukankah Allah cukup untuk melindungi hamba-hamba-Nya. Dan mereka mempertakuti kamu dengan (sembahan-sembahan) yang selain Allah? Dan siapa yang disesatkan Allah maka tidak seorang pun pemberi petunjuk baginya.</text>
      </translation>
    </translations>
    <rules>[{"start": 27, "end": 29, "rule_id": 1}, {"start": 124, "end": 126, "rule_id": 1}, {"start": 85, "end": 89, "rule_id": 3}, {"start": 68, "end": 72, "rule_id": 6}]</rules>
  </verse>
  <verse>
    <verseIdArabic>٣٧</verseIdArabic>
    <verseId>37</verseId>
    <chapterId>39</chapterId>
    <textIndopak>وَمَن يَهۡدِ ٱللَّهُ فَمَا لَهُۥ مِن مُّضِلٍّۗ أَلَيۡسَ ٱللَّهُ بِعَزِيزٖ ذِي ٱنتِقَامٖ</textIndopak>
    <translations>
      <translation>
        <author>King Fahad Quran Complex</author>
        <text>Dan barang siapa yang diberi petunjuk oleh Allah, maka tidak seorang pun yang dapat menyesatkannya. Bukankah Allah Maha Perkasa lagi mempunyai (kekuasaan untuk) mengazab?</text>
      </translation>
    </translations>
    <rules>[{"start": 37, "end": 40, "rule_id": 0}, {"start": 4, "end": 8, "rule_id": 3}, {"start": 35, "end": 40, "rule_id": 3}, {"start": 80, "end": 83, "rule_id": 6}, {"start": 72, "end": 77, "rule_id": 6}]</rules>
  </verse>
  <verse>
    <verseIdArabic>٣٨</verseIdArabic>
    <verseId>38</verseId>
    <chapterId>39</chapterId>
    <textIndopak>وَلَئِن سَأَلۡتَهُم مَّنۡ خَلَقَ ٱلسَّمَٰوَٰتِ وَٱلۡأَرۡضَ لَيَقُولُنَّ ٱللَّهُۚ قُلۡ أَفَرَءَيۡتُم مَّا تَدۡعُونَ مِن دُونِ ٱللَّهِ إِنۡ أَرَادَنِيَ ٱللَّهُ بِضُرٍّ هَلۡ هُنَّ كَٰشِفَٰتُ ضُرِّهِۦٓ أَوۡ أَرَادَنِي بِرَحۡمَةٍ هَلۡ هُنَّ مُمۡسِكَٰتُ رَحۡمَتِهِۦۚ قُلۡ حَسۡبِيَ ٱللَّهُۖ عَلَيۡهِ يَتَوَكَّلُ ٱلۡمُتَوَكِّلُونَ</textIndopak>
    <translations>
      <translation>
        <author>King Fahad Quran Complex</author>
        <text>Dan sungguh jika kamu bertanya kepada mereka, "Siapakah yang menciptakan langit dan bumi?", niscaya mereka menjawab, "Allah". Katakanlah, "Maka terangkanlah kepadaku tentang apa yang kamu seru selain Allah, jika Allah hendak mendatangkan kemudaratan kepadaku, apakah berhala-berhalamu itu dapat menghilangkan kemudaratan itu atau jika Allah hendak memberi rahmat kepadaku, apakah mereka dapat menahan rahmat-Nya? Katakanlah, "Cukuplah Allah bagiku". Kepada-Nya-lah bertawakal orang-orang yang berserah diri.</text>
      </translation>
    </translations>
    <rules>[{"start": 20, "end": 23, "rule_id": 0}, {"start": 68, "end": 71, "rule_id": 0}, {"start": 101, "end": 104, "rule_id": 0}, {"start": 174, "end": 177, "rule_id": 0}, {"start": 233, "end": 236, "rule_id": 0}, {"start": 108, "end": 110, "rule_id": 1}, {"start": 18, "end": 23, "rule_id": 4}, {"start": 99, "end": 104, "rule_id": 4}, {"start": 6, "end": 10, "rule_id": 6}, {"start": 118, "end": 122, "rule_id": 6}]</rules>
  </verse>
  <verse>
    <verseIdArabic>٣٩</verseIdArabic>
    <verseId>39</verseId>
    <chapterId>39</chapterId>
    <textIndopak>قُلۡ يَٰقَوۡمِ ٱعۡمَلُواْ عَلَىٰ مَكَانَتِكُمۡ إِنِّي عَٰمِلٞۖ فَسَوۡفَ تَعۡلَمُونَ</textIndopak>
    <translations>
      <translation>
        <author>King Fahad Quran Complex</author>
        <text>Katakanlah, "Hai kaumku, bekerjalah sesuai dengan keadaanmu; sesungguhnya aku akan bekerja (pula), maka kelak kamu akan mengetahui,</text>
      </translation>
    </translations>
    <rules>[{"start": 49, "end": 52, "rule_id": 0}]</rules>
  </verse>
  <verse>
    <verseIdArabic>٤٠</verseIdArabic>
    <verseId>40</verseId>
    <chapterId>39</chapterId>
    <textIndopak>مَن يَأۡتِيهِ عَذَابٞ يُخۡزِيهِ وَيَحِلُّ عَلَيۡهِ عَذَابٞ مُّقِيمٌ</textIndopak>
    <translations>
      <translation>
        <author>King Fahad Quran Complex</author>
        <text>siapa yang akan mendapat siksa yang menghinakannya dan lagi ditimpa oleh azab yang kekal".</text>
      </translation>
    </translations>
    <rules>[{"start": 59, "end": 62, "rule_id": 0}, {"start": 2, "end": 6, "rule_id": 3}, {"start": 19, "end": 24, "rule_id": 3}, {"start": 56, "end": 62, "rule_id": 3}]</rules>
  </verse>
  <verse>
    <verseIdArabic>٤١</verseIdArabic>
    <verseId>41</verseId>
    <chapterId>39</chapterId>
    <textIndopak>إِنَّآ أَنزَلۡنَا عَلَيۡكَ ٱلۡكِتَٰبَ لِلنَّاسِ بِٱلۡحَقِّۖ فَمَنِ ٱهۡتَدَىٰ فَلِنَفۡسِهِۦۖ وَمَن ضَلَّ فَإِنَّمَا يَضِلُّ عَلَيۡهَاۖ وَمَآ أَنتَ عَلَيۡهِم بِوَكِيلٍ</textIndopak>
    <translations>
      <translation>
        <author>King Fahad Quran Complex</author>
        <text>Sesungguhnya Kami menurunkan kepadamu Alkitab (Al-Qur`ān) untuk manusia dengan membawa kebenaran; siapa yang mendapat petunjuk maka (petunjuk itu) untuk dirinya sendiri dan siapa yang sesat, maka sesungguhnya dia semata-mata sesat buat (kerugian) dirinya sendiri dan kamu sekali-kali bukanlah orang yang bertanggung jawab terhadap mereka.</text>
      </translation>
    </translations>
    <rules>[{"start": 2, "end": 5, "rule_id": 0}, {"start": 42, "end": 45, "rule_id": 0}, {"start": 111, "end": 114, "rule_id": 0}, {"start": 10, "end": 13, "rule_id": 6}, {"start": 99, "end": 103, "rule_id": 6}, {"start": 147, "end": 150, "rule_id": 6}, {"start": 159, "end": 163, "rule_id": 7}]</rules>
  </verse>
  <verse>
    <verseIdArabic>٤٢</verseIdArabic>
    <verseId>42</verseId>
    <chapterId>39</chapterId>
    <textIndopak>ٱللَّهُ يَتَوَفَّى ٱلۡأَنفُسَ حِينَ مَوۡتِهَا وَٱلَّتِي لَمۡ تَمُتۡ فِي مَنَامِهَاۖ فَيُمۡسِكُ ٱلَّتِي قَضَىٰ عَلَيۡهَا ٱلۡمَوۡتَ وَيُرۡسِلُ ٱلۡأُخۡرَىٰٓ إِلَىٰٓ أَجَلٖ مُّسَمًّىۚ إِنَّ فِي ذَٰلِكَ لَأٓيَٰتٖ لِّقَوۡمٖ يَتَفَكَّرُونَ</textIndopak>
    <translations>
      <translation>
        <author>King Fahad Quran Complex</author>
        <text>Allah memegang jiwa (orang) ketika matinya dan (memegang) jiwa (orang) yang belum mati di waktu tidurnya; maka Dia tahanlah jiwa (orang) yang telah Dia tetapkan kematiannya dan Dia melepaskan jiwa yang lain sampai waktu yang ditetapkan. Sesungguhnya pada yang demikian itu terdapat tanda-tanda kekuasaan Allah bagi kaum yang berpikir.</text>
      </translation>
    </translations>
    <rules>[{"start": 170, "end": 173, "rule_id": 0}, {"start": 175, "end": 178, "rule_id": 0}, {"start": 184, "end": 187, "rule_id": 0}, {"start": 167, "end": 173, "rule_id": 3}, {"start": 218, "end": 223, "rule_id": 3}, {"start": 208, "end": 214, "rule_id": 5}, {"start": 24, "end": 27, "rule_id": 6}]</rules>
  </verse>
  <verse>
    <verseIdArabic>٤٣</verseIdArabic>
    <verseId>43</verseId>
    <chapterId>39</chapterId>
    <textIndopak>أَمِ ٱتَّخَذُواْ مِن دُونِ ٱللَّهِ شُفَعَآءَۚ قُلۡ أَوَلَوۡ كَانُواْ لَا يَمۡلِكُونَ شَيۡـٔٗا وَلَا يَعۡقِلُونَ</textIndopak>
    <translations>
      <translation>
        <author>King Fahad Quran Complex</author>
        <text>Bahkan, mereka mengambil pemberi syafaat selain Allah. Katakanlah, "Dan apakah (kamu mengambilnya juga), meskipun mereka tidak memiliki sesuatu pun dan tidak berakal?"</text>
      </translation>
    </translations>
    <rules>[{"start": 92, "end": 98, "rule_id": 3}, {"start": 19, "end": 23, "rule_id": 6}]</rules>
  </verse>
  <verse>
    <verseIdArabic>٤٤</verseIdArabic>
    <verseId>44</verseId>
    <chapterId>39</chapterId>
    <textIndopak>قُل لِّلَّهِ ٱلشَّفَٰعَةُ جَمِيعٗاۖ لَّهُۥ مُلۡكُ ٱلسَّمَٰوَٰتِ وَٱلۡأَرۡضِۖ ثُمَّ إِلَيۡهِ تُرۡجَعُونَ</textIndopak>
    <translations>
      <translation>
        <author>King Fahad Quran Complex</author>
        <text>Katakanlah, "Hanya kepunyaan Allah syafaat itu semuanya. Kepunyaan-Nya kerajaan langit dan bumi. Kemudian, kepada-Nya-lah kamu dikembalikan"</text>
      </translation>
    </translations>
    <rules>[{"start": 81, "end": 84, "rule_id": 0}, {"start": 31, "end": 40, "rule_id": 5}]</rules>
  </verse>
  <verse>
    <verseIdArabic>٤٥</verseIdArabic>
    <verseId>45</verseId>
    <chapterId>39</chapterId>
    <textIndopak>وَإِذَا ذُكِرَ ٱللَّهُ وَحۡدَهُ ٱشۡمَأَزَّتۡ قُلُوبُ ٱلَّذِينَ لَا يُؤۡمِنُونَ بِٱلۡأٓخِرَةِۖ وَإِذَا ذُكِرَ ٱلَّذِينَ مِن دُونِهِۦٓ إِذَا هُمۡ يَسۡتَبۡشِرُونَ</textIndopak>
    <translations>
      <translation>
        <author>King Fahad Quran Complex</author>
        <text>Dan apabila hanya nama Allah saja disebut, kesallah hati orang-orang yang tidak beriman kepada kehidupan akhirat; dan apabila nama sembahan-sembahan selain Allah yang disebut, tiba-tiba mereka bergirang hati.</text>
      </translation>
    </translations>
    <rules>[{"start": 152, "end": 154, "rule_id": 1}, {"start": 123, "end": 127, "rule_id": 6}]</rules>
  </verse>
  <verse>
    <verseIdArabic>٤٦</verseIdArabic>
    <verseId>46</verseId>
    <chapterId>39</chapterId>
    <textIndopak>قُلِ ٱللَّهُمَّ فَاطِرَ ٱلسَّمَٰوَٰتِ وَٱلۡأَرۡضِ عَٰلِمَ ٱلۡغَيۡبِ وَٱلشَّهَٰدَةِ أَنتَ تَحۡكُمُ بَيۡنَ عِبَادِكَ فِي مَا كَانُواْ فِيهِ يَخۡتَلِفُونَ</textIndopak>
    <translations>
      <translation>
        <author>King Fahad Quran Complex</author>
        <text>Katakanlah, "Wahai Allah, Pencipta langit dan bumi; Yang mengetahui barang gaib dan yang nyata, Engkaulah Yang memutuskan antara hamba-hamba-Mu tentang apa yang selalu mereka memperselisihkannya."</text>
      </translation>
    </translations>
    <rules>[{"start": 12, "end": 15, "rule_id": 0}, {"start": 85, "end": 88, "rule_id": 6}]</rules>
  </verse>
  <verse>
    <verseIdArabic>٤٧</verseIdArabic>
    <verseId>47</verseId>
    <chapterId>39</chapterId>
    <textIndopak>وَلَوۡ أَنَّ لِلَّذِينَ ظَلَمُواْ مَا فِي ٱلۡأَرۡضِ جَمِيعٗا وَمِثۡلَهُۥ مَعَهُۥ لَٱفۡتَدَوۡاْ بِهِۦ مِن سُوٓءِ ٱلۡعَذَابِ يَوۡمَ ٱلۡقِيَٰمَةِۚ وَبَدَا لَهُم مِّنَ ٱللَّهِ مَا لَمۡ يَكُونُواْ يَحۡتَسِبُونَ</textIndopak>
    <translations>
      <translation>
        <author>King Fahad Quran Complex</author>
        <text>Dan sekiranya orang-orang yang zalim mempunyai apa yang ada di bumi semuanya dan (ada pula) sebanyak itu besertanya, niscaya mereka akan menebus dirinya dengan itu dari siksa yang buruk pada hari kiamat. Dan jelaslah bagi mereka azab dari Allah yang belum pernah mereka perkirakan.</text>
      </translation>
    </translations>
    <rules>[{"start": 9, "end": 12, "rule_id": 0}, {"start": 159, "end": 162, "rule_id": 0}, {"start": 57, "end": 63, "rule_id": 3}, {"start": 157, "end": 162, "rule_id": 4}, {"start": 103, "end": 107, "rule_id": 6}]</rules>
  </verse>
  <verse>
    <verseIdArabic>٤٨</verseIdArabic>
    <verseId>48</verseId>
    <chapterId>39</chapterId>
    <textIndopak>وَبَدَا لَهُمۡ سَيِّـَٔاتُ مَا كَسَبُواْ وَحَاقَ بِهِم مَّا كَانُواْ بِهِۦ يَسۡتَهۡزِءُونَ</textIndopak>
    <translations>
      <translation>
        <author>King Fahad Quran Complex</author>
        <text>Dan (jelaslah) bagi mereka akibat buruk dari apa yang telah mereka perbuat dan mereka diliputi oleh pembalasan yang mereka dahulu selalu memperolok-olokkannya.</text>
      </translation>
    </translations>
    <rules>[{"start": 55, "end": 58, "rule_id": 0}, {"start": 53, "end": 58, "rule_id": 4}]</rules>
  </verse>
  <verse>
    <verseIdArabic>٤٩</verseIdArabic>
    <verseId>49</verseId>
    <chapterId>39</chapterId>
    <textIndopak>فَإِذَا مَسَّ ٱلۡإِنسَٰنَ ضُرّٞ دَعَانَا ثُمَّ إِذَا خَوَّلۡنَٰهُ نِعۡمَةٗ مِّنَّا قَالَ إِنَّمَآ أُوتِيتُهُۥ عَلَىٰ عِلۡمِۭۚ بَلۡ هِيَ فِتۡنَةٞ وَلَٰكِنَّ أَكۡثَرَهُمۡ لَا يَعۡلَمُونَ</textIndopak>
    <translations>
      <translation>
        <author>King Fahad Quran Complex</author>
        <text>Maka apabila manusia ditimpa bahaya ia menyeru Kami, kemudian apabila Kami berikan kepadanya nikmat dari Kami ia berkata, "Sesungguhnya aku diberi nikmat itu hanyalah karena kepintaranku". Sebenarnya itu adalah ujian, tetapi kebanyakan mereka itu tidak mengetahui.</text>
      </translation>
    </translations>
    <rules>[{"start": 43, "end": 46, "rule_id": 0}, {"start": 75, "end": 78, "rule_id": 0}, {"start": 78, "end": 81, "rule_id": 0}, {"start": 91, "end": 94, "rule_id": 0}, {"start": 154, "end": 157, "rule_id": 0}, {"start": 72, "end": 78, "rule_id": 3}, {"start": 144, "end": 149, "rule_id": 3}, {"start": 19, "end": 23, "rule_id": 6}, {"start": 28, "end": 34, "rule_id": 6}]</rules>
  </verse>
  <verse>
    <verseIdArabic>٥٠</verseIdArabic>
    <verseId>50</verseId>
    <chapterId>39</chapterId>
    <textIndopak>قَدۡ قَالَهَا ٱلَّذِينَ مِن قَبۡلِهِمۡ فَمَآ أَغۡنَىٰ عَنۡهُم مَّا كَانُواْ يَكۡسِبُونَ</textIndopak>
    <translations>
      <translation>
        <author>King Fahad Quran Complex</author>
        <text>Sungguh orang-orang yang sebelum mereka (juga) telah mengatakan itu pula, maka tiadalah berguna bagi mereka apa yang dahulu mereka usahakan.</text>
      </translation>
    </translations>
    <rules>[{"start": 63, "end": 66, "rule_id": 0}, {"start": 2, "end": 4, "rule_id": 1}, {"start": 30, "end": 32, "rule_id": 1}, {"start": 61, "end": 66, "rule_id": 4}, {"start": 26, "end": 30, "rule_id": 6}]</rules>
  </verse>
  <verse>
    <verseIdArabic>٥١</verseIdArabic>
    <verseId>51</verseId>
    <chapterId>39</chapterId>
    <textIndopak>فَأَصَابَهُمۡ سَيِّـَٔاتُ مَا كَسَبُواْۚ وَٱلَّذِينَ ظَلَمُواْ مِنۡ هَٰٓؤُلَآءِ سَيُصِيبُهُمۡ سَيِّـَٔاتُ مَا كَسَبُواْ وَمَا هُم بِمُعۡجِزِينَ</textIndopak>
    <translations>
      <translation>
        <author>King Fahad Quran Complex</author>
        <text>Maka mereka ditimpa oleh akibat buruk dari apa yang mereka usahakan. Dan orang-orang yang zalim di antara mereka akan ditimpa akibat buruk dari usahanya dan mereka tidak dapat melepaskan diri.</text>
      </translation>
    </translations>
    <rules>[{"start": 130, "end": 134, "rule_id": 7}]</rules>
  </verse>
  <verse>
    <verseIdArabic>٥٢</verseIdArabic>
    <verseId>52</verseId>
    <chapterId>39</chapterId>
    <textIndopak>أَوَلَمۡ يَعۡلَمُوٓاْ أَنَّ ٱللَّهَ يَبۡسُطُ ٱلرِّزۡقَ لِمَن يَشَآءُ وَيَقۡدِرُۚ إِنَّ فِي ذَٰلِكَ لَأٓيَٰتٖ لِّقَوۡمٖ يُؤۡمِنُونَ</textIndopak>
    <translations>
      <translation>
        <author>King Fahad Quran Complex</author>
        <text>Dan tidakkah mereka mengetahui bahwa Allah melapangkan rezeki dan menyempitkannya bagi siapa yang dikehendaki-Nya? Sesungguhnya pada yang demikian itu terdapat tanda-tanda kekuasaan Allah bagi kaum yang beriman.</text>
      </translation>
    </translations>
    <rules>[{"start": 24, "end": 27, "rule_id": 0}, {"start": 85, "end": 88, "rule_id": 0}, {"start": 38, "end": 40, "rule_id": 1}, {"start": 74, "end": 76, "rule_id": 1}, {"start": 59, "end": 63, "rule_id": 3}, {"start": 119, "end": 124, "rule_id": 3}, {"start": 109, "end": 115, "rule_id": 5}]</rules>
  </verse>
  <verse>
    <verseIdArabic>٥٣</verseIdArabic>
    <verseId>53</verseId>
    <chapterId>39</chapterId>
    <textIndopak>۞ قُلۡ يَٰعِبَادِيَ ٱلَّذِينَ أَسۡرَفُواْ عَلَىٰٓ أَنفُسِهِمۡ لَا تَقۡنَطُواْ مِن رَّحۡمَةِ ٱللَّهِۚ إِنَّ ٱللَّهَ يَغۡفِرُ ٱلذُّنُوبَ جَمِيعًاۚ إِنَّهُۥ هُوَ ٱلۡغَفُورُ ٱلرَّحِيمُ</textIndopak>
    <translations>
      <translation>
        <author>King Fahad Quran Complex</author>
        <text>Katakanlah, "Hai hamba-hamba-Ku yang malampaui batas terhadap diri mereka sendiri, janganlah kamu berputus asa dari rahmat Allah. Sesungguhnya Allah mengampuni dosa-dosa semuanya. Sesungguhnya Dia-lah Yang Maha Pengampun lagi Maha Penyayang.</text>
      </translation>
    </translations>
    <rules>[{"start": 104, "end": 107, "rule_id": 0}, {"start": 149, "end": 152, "rule_id": 0}, {"start": 68, "end": 70, "rule_id": 1}, {"start": 80, "end": 85, "rule_id": 5}, {"start": 52, "end": 55, "rule_id": 6}]</rules>
  </verse>
  <verse>
    <verseIdArabic>٥٤</verseIdArabic>
    <verseId>54</verseId>
    <chapterId>39</chapterId>
    <textIndopak>وَأَنِيبُوٓاْ إِلَىٰ رَبِّكُمۡ وَأَسۡلِمُواْ لَهُۥ مِن قَبۡلِ أَن يَأۡتِيَكُمُ ٱلۡعَذَابُ ثُمَّ لَا تُنصَرُونَ</textIndopak>
    <translations>
      <translation>
        <author>King Fahad Quran Complex</author>
        <text>Dan kembalilah kamu kepada Tuhan-mu dan berserah dirilah kepada-Nya sebelum datang azab kepadamu, kemudian kamu tidak dapat ditolong (lagi).</text>
      </translation>
    </translations>
    <rules>[{"start": 92, "end": 95, "rule_id": 0}, {"start": 57, "end": 59, "rule_id": 1}, {"start": 64, "end": 68, "rule_id": 3}, {"start": 53, "end": 57, "rule_id": 6}, {"start": 102, "end": 105, "rule_id": 6}]</rules>
  </verse>
  <verse>
    <verseIdArabic>٥٥</verseIdArabic>
    <verseId>55</verseId>
    <chapterId>39</chapterId>
    <textIndopak>وَٱتَّبِعُوٓاْ أَحۡسَنَ مَآ أُنزِلَ إِلَيۡكُم مِّن رَّبِّكُم مِّن قَبۡلِ أَن يَأۡتِيَكُمُ ٱلۡعَذَابُ بَغۡتَةٗ وَأَنتُمۡ لَا تَشۡعُرُونَ</textIndopak>
    <translations>
      <translation>
        <author>King Fahad Quran Complex</author>
        <text>Dan ikutilah sebaik-baik apa yang telah diturunkan kepadamu dari Tuhan-mu sebelum datang azab kepadamu dengan tiba-tiba, sedang kamu tidak menyadarinya,</text>
      </translation>
    </translations>
    <rules>[{"start": 47, "end": 50, "rule_id": 0}, {"start": 62, "end": 65, "rule_id": 0}, {"start": 69, "end": 71, "rule_id": 1}, {"start": 76, "end": 80, "rule_id": 3}, {"start": 108, "end": 113, "rule_id": 3}, {"start": 45, "end": 50, "rule_id": 4}, {"start": 60, "end": 65, "rule_id": 4}, {"start": 50, "end": 55, "rule_id": 5}, {"start": 31, "end": 34, "rule_id": 6}, {"start": 65, "end": 69, "rule_id": 6}, {"start": 115, "end": 118, "rule_id": 6}]</rules>
  </verse>
  <verse>
    <verseIdArabic>٥٦</verseIdArabic>
    <verseId>56</verseId>
    <chapterId>39</chapterId>
    <textIndopak>أَن تَقُولَ نَفۡسٞ يَٰحَسۡرَتَىٰ عَلَىٰ مَا فَرَّطتُ فِي جَنۢبِ ٱللَّهِ وَإِن كُنتُ لَمِنَ ٱلسَّٰخِرِينَ</textIndopak>
    <translations>
      <translation>
        <author>King Fahad Quran Complex</author>
        <text>supaya jangan ada orang yang mengatakan, "Amat besar penyesalanku atas kelalaianku dalam (menunaikan kewajiban) terhadap Allah, sedang aku sesungguhnya termasuk orang-orang yang memperolok-olokkan (agama Allah),</text>
      </translation>
    </translations>
    <rules>[{"start": 59, "end": 63, "rule_id": 2}, {"start": 16, "end": 22, "rule_id": 3}, {"start": 2, "end": 6, "rule_id": 6}, {"start": 76, "end": 80, "rule_id": 6}, {"start": 80, "end": 83, "rule_id": 6}]</rules>
  </verse>
  <verse>
    <verseIdArabic>٥٧</verseIdArabic>
    <verseId>57</verseId>
    <chapterId>39</chapterId>
    <textIndopak>أَوۡ تَقُولَ لَوۡ أَنَّ ٱللَّهَ هَدَىٰنِي لَكُنتُ مِنَ ٱلۡمُتَّقِينَ</textIndopak>
    <translations>
      <translation>
        <author>King Fahad Quran Complex</author>
        <text>atau supaya jangan ada yang berkata, "Kalau sekiranya Allah memberi petunjuk kepadaku, tentulah aku termasuk orang-orang yang bertakwa".</text>
      </translation>
    </translations>
    <rules>[{"start": 20, "end": 23, "rule_id": 0}, {"start": 46, "end": 49, "rule_id": 6}]</rules>
  </verse>
  <verse>
    <verseIdArabic>٥٨</verseIdArabic>
    <verseId>58</verseId>
    <chapterId>39</chapterId>
    <textIndopak>أَوۡ تَقُولَ حِينَ تَرَى ٱلۡعَذَابَ لَوۡ أَنَّ لِي كَرَّةٗ فَأَكُونَ مِنَ ٱلۡمُحۡسِنِينَ</textIndopak>
    <translations>
      <translation>
        <author>King Fahad Quran Complex</author>
        <text>Atau supaya jangan ada yang berkata ketika ia melihat azab, "Kalau sekiranya aku dapat kembali (ke dunia), niscaya aku akan termasuk orang-orang berbuat baik".</text>
      </translation>
    </translations>
    <rules>[{"start": 43, "end": 46, "rule_id": 0}, {"start": 56, "end": 61, "rule_id": 6}]</rules>
  </verse>
  <verse>
    <verseIdArabic>٥٩</verseIdArabic>
    <verseId>59</verseId>
    <chapterId>39</chapterId>
    <textIndopak>بَلَىٰ قَدۡ جَآءَتۡكَ ءَايَٰتِي فَكَذَّبۡتَ بِهَا وَٱسۡتَكۡبَرۡتَ وَكُنتَ مِنَ ٱلۡكَٰفِرِينَ</textIndopak>
    <translations>
      <translation>
        <author>King Fahad Quran Complex</author>
        <text>"(Bukan demikian) sebenarnya telah datang keterangan-keterangan-Ku kepadamu, lalu kamu mendustakannya dan kamu menyombongkan diri dan adalah kamu termasuk orang-orang yang kafir".</text>
      </translation>
    </translations>
    <rules>[{"start": 9, "end": 11, "rule_id": 1}, {"start": 40, "end": 42, "rule_id": 1}, {"start": 71, "end": 74, "rule_id": 6}]</rules>
  </verse>
  <verse>
    <verseIdArabic>٦٠</verseIdArabic>
    <verseId>60</verseId>
    <chapterId>39</chapterId>
    <textIndopak>وَيَوۡمَ ٱلۡقِيَٰمَةِ تَرَى ٱلَّذِينَ كَذَبُواْ عَلَى ٱللَّهِ وُجُوهُهُم مُّسۡوَدَّةٌۚ أَلَيۡسَ فِي جَهَنَّمَ مَثۡوٗى لِّلۡمُتَكَبِّرِينَ</textIndopak>
    <translations>
      <translation>
        <author>King Fahad Quran Complex</author>
        <text>Dan pada hari kiamat, kamu akan melihat orang-orang yang berbuat dusta terhadap Allah; mukanya menjadi hitam. Bukankah dalam neraka Jahanam itu ada tempat bagi orang-orang yang menyombongkan diri?</text>
      </translation>
    </translations>
    <rules>[{"start": 73, "end": 76, "rule_id": 0}, {"start": 105, "end": 108, "rule_id": 0}, {"start": 71, "end": 76, "rule_id": 4}]</rules>
  </verse>
  <verse>
    <verseIdArabic>٦١</verseIdArabic>
    <verseId>61</verseId>
    <chapterId>39</chapterId>
    <textIndopak>وَيُنَجِّي ٱللَّهُ ٱلَّذِينَ ٱتَّقَوۡاْ بِمَفَازَتِهِمۡ لَا يَمَسُّهُمُ ٱلسُّوٓءُ وَلَا هُمۡ يَحۡزَنُونَ</textIndopak>
    <translations>
      <translation>
        <author>King Fahad Quran Complex</author>
        <text>Dan Allah menyelamatkan orang-orang yang bertakwa karena kemenangan mereka; mereka tiada disentuh oleh azab (neraka dan tidak pula) mereka berduka cita.</text>
      </translation>
    </translations>
  </verse>
  <verse>
    <verseIdArabic>٦٢</verseIdArabic>
    <verseId>62</verseId>
    <chapterId>39</chapterId>
    <textIndopak>ٱللَّهُ خَٰلِقُ كُلِّ شَيۡءٖۖ وَهُوَ عَلَىٰ كُلِّ شَيۡءٖ وَكِيلٞ</textIndopak>
    <translations>
      <translation>
        <author>King Fahad Quran Complex</author>
        <text>Allah menciptakan segala sesuatu dan Dia memelihara segala sesuatu.</text>
      </translation>
    </translations>
    <rules>[{"start": 26, "end": 33, "rule_id": 3}, {"start": 55, "end": 60, "rule_id": 3}]</rules>
  </verse>
  <verse>
    <verseIdArabic>٦٣</verseIdArabic>
    <verseId>63</verseId>
    <chapterId>39</chapterId>
    <textIndopak>لَّهُۥ مَقَالِيدُ ٱلسَّمَٰوَٰتِ وَٱلۡأَرۡضِۗ وَٱلَّذِينَ كَفَرُواْ بِـَٔايَٰتِ ٱللَّهِ أُوْلَٰٓئِكَ هُمُ ٱلۡخَٰسِرُونَ</textIndopak>
    <translations>
      <translation>
        <author>King Fahad Quran Complex</author>
        <text>Kepunyaan-Nya-lah kunci-kunci (perbendaharaan) langit dan bumi. Dan orang-orang yang kafir terhadap ayat-ayat Allah, mereka itulah orang-orang yang merugi.</text>
      </translation>
    </translations>
  </verse>
  <verse>
    <verseIdArabic>٦٤</verseIdArabic>
    <verseId>64</verseId>
    <chapterId>39</chapterId>
    <textIndopak>قُلۡ أَفَغَيۡرَ ٱللَّهِ تَأۡمُرُوٓنِّيٓ أَعۡبُدُ أَيُّهَا ٱلۡجَٰهِلُونَ</textIndopak>
    <translations>
      <translation>
        <author>King Fahad Quran Complex</author>
        <text>Katakanlah, "Maka apakah kamu menyuruh aku menyembah selain Allah, hai orang-orang yang tidak berpengetahuan?"</text>
      </translation>
    </translations>
    <rules>[{"start": 34, "end": 37, "rule_id": 0}]</rules>
  </verse>
  <verse>
    <verseIdArabic>٦٥</verseIdArabic>
    <verseId>65</verseId>
    <chapterId>39</chapterId>
    <textIndopak>وَلَقَدۡ أُوحِيَ إِلَيۡكَ وَإِلَى ٱلَّذِينَ مِن قَبۡلِكَ لَئِنۡ أَشۡرَكۡتَ لَيَحۡبَطَنَّ عَمَلُكَ وَلَتَكُونَنَّ مِنَ ٱلۡخَٰسِرِينَ</textIndopak>
    <translations>
      <translation>
        <author>King Fahad Quran Complex</author>
        <text>Dan sesungguhnya telah diwahyukan kepadamu dan kepada (nabi-nabi) yang sebelummu. "Jika kamu mempersekutukan (Tuhan), niscaya akan hapuslah amalmu dan tentulah kamu termasuk orang-orang yang merugi.</text>
      </translation>
    </translations>
    <rules>[{"start": 85, "end": 88, "rule_id": 0}, {"start": 109, "end": 112, "rule_id": 0}, {"start": 6, "end": 8, "rule_id": 1}, {"start": 50, "end": 52, "rule_id": 1}, {"start": 46, "end": 50, "rule_id": 6}]</rules>
  </verse>
  <verse>
    <verseIdArabic>٦٦</verseIdArabic>
    <verseId>66</verseId>
    <chapterId>39</chapterId>
    <textIndopak>بَلِ ٱللَّهَ فَٱعۡبُدۡ وَكُن مِّنَ ٱلشَّٰكِرِينَ</textIndopak>
    <translations>
      <translation>
        <author>King Fahad Quran Complex</author>
        <text>Karena itu, maka hendaklah Allah saja kamu sembah dan hendaklah kamu termasuk orang-orang yang bersyukur".</text>
      </translation>
    </translations>
    <rules>[{"start": 29, "end": 32, "rule_id": 0}, {"start": 20, "end": 22, "rule_id": 1}, {"start": 27, "end": 32, "rule_id": 3}]</rules>
  </verse>
  <verse>
    <verseIdArabic>٦٧</verseIdArabic>
    <verseId>67</verseId>
    <chapterId>39</chapterId>
    <textIndopak>وَمَا قَدَرُواْ ٱللَّهَ حَقَّ قَدۡرِهِۦ وَٱلۡأَرۡضُ جَمِيعٗا قَبۡضَتُهُۥ يَوۡمَ ٱلۡقِيَٰمَةِ وَٱلسَّمَٰوَٰتُ مَطۡوِيَّٰتُۢ بِيَمِينِهِۦۚ سُبۡحَٰنَهُۥ وَتَعَٰلَىٰ عَمَّا يُشۡرِكُونَ</textIndopak>
    <translations>
      <translation>
        <author>King Fahad Quran Complex</author>
        <text>Dan mereka tidak mengagungkan Allah dengan pengagungan yang semestinya, padahal bumi seluruhnya dalam genggaman-Nya pada hari kiamat dan langit digulung dengan tangan kanan-Nya . Maha Suci Tuhan dan Maha Tinggi Dia dari apa yang mereka persekutukan.</text>
      </translation>
    </translations>
    <rules>[{"start": 165, "end": 168, "rule_id": 0}, {"start": 32, "end": 34, "rule_id": 1}, {"start": 63, "end": 65, "rule_id": 1}, {"start": 111, "end": 113, "rule_id": 1}, {"start": 140, "end": 142, "rule_id": 1}, {"start": 119, "end": 125, "rule_id": 2}]</rules>
  </verse>
  <verse>
    <verseIdArabic>٦٨</verseIdArabic>
    <verseId>68</verseId>
    <chapterId>39</chapterId>
    <textIndopak>وَنُفِخَ فِي ٱلصُّورِ فَصَعِقَ مَن فِي ٱلسَّمَٰوَٰتِ وَمَن فِي ٱلۡأَرۡضِ إِلَّا مَن شَآءَ ٱللَّهُۖ ثُمَّ نُفِخَ فِيهِ أُخۡرَىٰ فَإِذَا هُمۡ قِيَامٞ يَنظُرُونَ</textIndopak>
    <translations>
      <translation>
        <author>King Fahad Quran Complex</author>
        <text>Dan ditiuplah sangkakala, maka matilah siapa yang di langit dan di bumi, kecuali siapa yang dikehendaki Allah. Kemudian, ditiup sangkakala itu sekali lagi, maka tiba-tiba mereka berdiri menunggu (putusannya masing-masing).</text>
      </translation>
    </translations>
    <rules>[{"start": 103, "end": 106, "rule_id": 0}, {"start": 147, "end": 152, "rule_id": 3}, {"start": 33, "end": 37, "rule_id": 6}, {"start": 57, "end": 61, "rule_id": 6}, {"start": 82, "end": 86, "rule_id": 6}, {"start": 152, "end": 155, "rule_id": 6}]</rules>
  </verse>
  <verse>
    <verseIdArabic>٦٩</verseIdArabic>
    <verseId>69</verseId>
    <chapterId>39</chapterId>
    <textIndopak>وَأَشۡرَقَتِ ٱلۡأَرۡضُ بِنُورِ رَبِّهَا وَوُضِعَ ٱلۡكِتَٰبُ وَجِاْيٓءَ بِٱلنَّبِيِّـۧنَ وَٱلشُّهَدَآءِ وَقُضِيَ بَيۡنَهُم بِٱلۡحَقِّ وَهُمۡ لَا يُظۡلَمُونَ</textIndopak>
    <translations>
      <translation>
        <author>King Fahad Quran Complex</author>
        <text>Dan terang benderanglah bumi (Padang Mahsyar) dengan cahaya (keadilan) Tuhan-nya dan diberikanlah buku (perhitungan perbuatan masing-masing) dan didatangkanlah para nabi dan saksi-saksi dan diberi keputusan di antara mereka dengan adil, sedang mereka tidak dirugikan.</text>
      </translation>
    </translations>
    <rules>[{"start": 75, "end": 78, "rule_id": 0}, {"start": 120, "end": 124, "rule_id": 7}]</rules>
  </verse>
  <verse>
    <verseIdArabic>٧٠</verseIdArabic>
    <verseId>70</verseId>
    <chapterId>39</chapterId>
    <textIndopak>وَوُفِّيَتۡ كُلُّ نَفۡسٖ مَّا عَمِلَتۡ وَهُوَ أَعۡلَمُ بِمَا يَفۡعَلُونَ</textIndopak>
    <translations>
      <translation>
        <author>King Fahad Quran Complex</author>
        <text>Dan disempurnakan bagi tiap-tiap jiwa (balasan) apa yang telah dikerjakannya dan Dia lebih mengetahui apa yang mereka kerjakan.</text>
      </translation>
    </translations>
    <rules>[{"start": 25, "end": 28, "rule_id": 0}, {"start": 22, "end": 28, "rule_id": 3}]</rules>
  </verse>
  <verse>
    <verseIdArabic>٧١</verseIdArabic>
    <verseId>71</verseId>
    <chapterId>39</chapterId>
    <textIndopak>وَسِيقَ ٱلَّذِينَ كَفَرُوٓاْ إِلَىٰ جَهَنَّمَ زُمَرًاۖ حَتَّىٰٓ إِذَا جَآءُوهَا فُتِحَتۡ أَبۡوَٰبُهَا وَقَالَ لَهُمۡ خَزَنَتُهَآ أَلَمۡ يَأۡتِكُمۡ رُسُلٞ مِّنكُمۡ يَتۡلُونَ عَلَيۡكُمۡ ءَايَٰتِ رَبِّكُمۡ وَيُنذِرُونَكُمۡ لِقَآءَ يَوۡمِكُمۡ هَٰذَاۚ قَالُواْ بَلَىٰ وَلَٰكِنۡ حَقَّتۡ كَلِمَةُ ٱلۡعَذَابِ عَلَى ٱلۡكَٰفِرِينَ</textIndopak>
    <translations>
      <translation>
        <author>King Fahad Quran Complex</author>
        <text>Orang-orang kafir dibawa ke neraka Jahanam berombong-rombongan. Sehingga apabila mereka sampai ke neraka itu, dibukakanlah pintu-pintunya dan berkatalah kepada mereka penjaga-penjaganya, "Apakah belum pernah datang kepadamu rasul-rasul di antaramu yang membacakan kepadamu ayat-ayat Tuhan-mu dan memperingatkan kepadamu akan pertemuan dengan hari ini?" Mereka menjawab, "Benar (telah datang)". Tetapi telah pasti berlaku ketetapan azab terhadap orang-orang yang kafir.</text>
      </translation>
    </translations>
    <rules>[{"start": 40, "end": 43, "rule_id": 0}, {"start": 157, "end": 160, "rule_id": 0}, {"start": 93, "end": 95, "rule_id": 1}, {"start": 154, "end": 160, "rule_id": 3}, {"start": 160, "end": 163, "rule_id": 6}, {"start": 210, "end": 213, "rule_id": 6}]</rules>
  </verse>
  <verse>
    <verseIdArabic>٧٢</verseIdArabic>
    <verseId>72</verseId>
    <chapterId>39</chapterId>
    <textIndopak>قِيلَ ٱدۡخُلُوٓاْ أَبۡوَٰبَ جَهَنَّمَ خَٰلِدِينَ فِيهَاۖ فَبِئۡسَ مَثۡوَى ٱلۡمُتَكَبِّرِينَ</textIndopak>
    <translations>
      <translation>
        <author>King Fahad Quran Complex</author>
        <text>Dikatakan (kepada mereka), "Masukilah pintu-pintu neraka Jahanam itu, sedang kamu kekal di dalamnya" Maka neraka Jahanam itulah seburuk-buruk tempat bagi orang-orang yang menyombongkan diri.</text>
      </translation>
    </translations>
    <rules>[{"start": 32, "end": 35, "rule_id": 0}, {"start": 7, "end": 9, "rule_id": 1}, {"start": 20, "end": 22, "rule_id": 1}]</rules>
  </verse>
  <verse>
    <verseIdArabic>٧٣</verseIdArabic>
    <verseId>73</verseId>
    <chapterId>39</chapterId>
    <textIndopak>وَسِيقَ ٱلَّذِينَ ٱتَّقَوۡاْ رَبَّهُمۡ إِلَى ٱلۡجَنَّةِ زُمَرًاۖ حَتَّىٰٓ إِذَا جَآءُوهَا وَفُتِحَتۡ أَبۡوَٰبُهَا وَقَالَ لَهُمۡ خَزَنَتُهَا سَلَٰمٌ عَلَيۡكُمۡ طِبۡتُمۡ فَٱدۡخُلُوهَا خَٰلِدِينَ</textIndopak>
    <translations>
      <translation>
        <author>King Fahad Quran Complex</author>
        <text>Dan orang-orang yang bertakwa kepada Tuhan dibawa ke dalam surga berombong-rombongan (pula). Sehingga apabila mereka sampai ke surga itu sedang pintu-pintunya telah terbuka dan berkatalah kepada mereka penjaga-penjaganya, "Kesejahteraan (dilimpahkan) atasmu. Berbahagialah kamu! Maka masukilah surga ini, sedang kamu kekal di dalamnya".</text>
      </translation>
    </translations>
    <rules>[{"start": 50, "end": 53, "rule_id": 0}, {"start": 105, "end": 107, "rule_id": 1}, {"start": 164, "end": 166, "rule_id": 1}, {"start": 174, "end": 176, "rule_id": 1}]</rules>
  </verse>
  <verse>
    <verseIdArabic>٧٤</verseIdArabic>
    <verseId>74</verseId>
    <chapterId>39</chapterId>
    <textIndopak>وَقَالُواْ ٱلۡحَمۡدُ لِلَّهِ ٱلَّذِي صَدَقَنَا وَعۡدَهُۥ وَأَوۡرَثَنَا ٱلۡأَرۡضَ نَتَبَوَّأُ مِنَ ٱلۡجَنَّةِ حَيۡثُ نَشَآءُۖ فَنِعۡمَ أَجۡرُ ٱلۡعَٰمِلِينَ</textIndopak>
    <translations>
      <translation>
        <author>King Fahad Quran Complex</author>
        <text>Dan mereka mengucapkan, "Segala puji bagi Allah yang telah memenuhi janji-Nya kepada kami dan telah (memberi) kepada kami tempat ini, sedang kami (diperkenankan) menempati tempat dalam surga di mana saja yang kami kehendaki; maka surga itulah sebaik-baik balasan bagi orang-orang yang beramal".</text>
      </translation>
    </translations>
    <rules>[{"start": 103, "end": 106, "rule_id": 0}, {"start": 138, "end": 140, "rule_id": 1}]</rules>
  </verse>
  <verse>
    <verseIdArabic>٧٥</verseIdArabic>
    <verseId>75</verseId>
    <chapterId>39</chapterId>
    <textIndopak>وَتَرَى ٱلۡمَلَٰٓئِكَةَ حَآفِّينَ مِنۡ حَوۡلِ ٱلۡعَرۡشِ يُسَبِّحُونَ بِحَمۡدِ رَبِّهِمۡۚ وَقُضِيَ بَيۡنَهُم بِٱلۡحَقِّۚ وَقِيلَ ٱلۡحَمۡدُ لِلَّهِ رَبِّ ٱلۡعَٰلَمِينَ</textIndopak>
    <translations>
      <translation>
        <author>King Fahad Quran Complex</author>
        <text>Dan kamu (Muhammad) akan melihat malaikat-malaikat berlingkar di sekeliling arasy bertasbih sambil memuji Tuhan-nya dan diberi putusan di antara hamba-hamba Allah dengan adil dan diucapkan, "Segala puji bagi Allah, Tuhan semesta alam".</text>
      </translation>
    </translations>
    <rules>[{"start": 108, "end": 112, "rule_id": 7}]</rules>
  </verse>
</verses>
