<?xml version="1.0" encoding="UTF-8"?>

<verses>
  <verse>
    <verseIdArabic>١</verseIdArabic>
    <verseId>1</verseId>
    <chapterId>41</chapterId>
    <textIndopak>حمٓ</textIndopak>
    <translations>
      <translation>
        <author>King Fahad Quran Complex</author>
        <text>Ḥā Mīm .</text>
      </translation>
    </translations>
  </verse>
  <verse>
    <verseIdArabic>٢</verseIdArabic>
    <verseId>2</verseId>
    <chapterId>41</chapterId>
    <textIndopak>تَنزِيلٞ مِّنَ ٱلرَّحۡمَٰنِ ٱلرَّحِيمِ</textIndopak>
    <translations>
      <translation>
        <author>King Fahad Quran Complex</author>
        <text>Diturunkan dari Tuhan Yang Maha Pemurah lagi Maha Penyayang.</text>
      </translation>
    </translations>
    <rules>[{"start": 9, "end": 12, "rule_id": 0}, {"start": 6, "end": 12, "rule_id": 3}, {"start": 2, "end": 5, "rule_id": 6}]</rules>
  </verse>
  <verse>
    <verseIdArabic>٣</verseIdArabic>
    <verseId>3</verseId>
    <chapterId>41</chapterId>
    <textIndopak>كِتَٰبٞ فُصِّلَتۡ ءَايَٰتُهُۥ قُرۡءَانًا عَرَبِيّٗا لِّقَوۡمٖ يَعۡلَمُونَ</textIndopak>
    <translations>
      <translation>
        <author>King Fahad Quran Complex</author>
        <text>Kitab yang dijelaskan ayat-ayatnya, yakni bacaan dalam bahasa Arab untuk kaum yang mengetahui,</text>
      </translation>
    </translations>
    <rules>[{"start": 59, "end": 64, "rule_id": 3}, {"start": 47, "end": 55, "rule_id": 5}, {"start": 5, "end": 10, "rule_id": 6}]</rules>
  </verse>
  <verse>
    <verseIdArabic>٤</verseIdArabic>
    <verseId>4</verseId>
    <chapterId>41</chapterId>
    <textIndopak>بَشِيرٗا وَنَذِيرٗا فَأَعۡرَضَ أَكۡثَرُهُمۡ فَهُمۡ لَا يَسۡمَعُونَ</textIndopak>
    <translations>
      <translation>
        <author>King Fahad Quran Complex</author>
        <text>yang membawa berita gembira dan yang membawa peringatan, tetapi kebanyakan mereka berpaling (daripadanya), maka mereka tidak mau mendengarkan.</text>
      </translation>
    </translations>
    <rules>[{"start": 5, "end": 11, "rule_id": 3}]</rules>
  </verse>
  <verse>
    <verseIdArabic>٥</verseIdArabic>
    <verseId>5</verseId>
    <chapterId>41</chapterId>
    <textIndopak>وَقَالُواْ قُلُوبُنَا فِيٓ أَكِنَّةٖ مِّمَّا تَدۡعُونَآ إِلَيۡهِ وَفِيٓ ءَاذَانِنَا وَقۡرٞ وَمِنۢ بَيۡنِنَا وَبَيۡنِكَ حِجَابٞ فَٱعۡمَلۡ إِنَّنَا عَٰمِلُونَ</textIndopak>
    <translations>
      <translation>
        <author>King Fahad Quran Complex</author>
        <text>Mereka berkata, "Hati kami berada dalam tutupan (yang menutupi) apa yang kamu seru kami kepadanya dan di telinga kami ada sumbatan dan antara kami dan kamu ada dinding, maka bekerjalah kamu; sesungguhnya kami bekerja (pula)".</text>
      </translation>
    </translations>
    <rules>[{"start": 31, "end": 34, "rule_id": 0}, {"start": 37, "end": 40, "rule_id": 0}, {"start": 40, "end": 43, "rule_id": 0}, {"start": 140, "end": 143, "rule_id": 0}, {"start": 47, "end": 49, "rule_id": 1}, {"start": 87, "end": 89, "rule_id": 1}, {"start": 96, "end": 101, "rule_id": 2}, {"start": 34, "end": 40, "rule_id": 3}, {"start": 89, "end": 94, "rule_id": 3}, {"start": 125, "end": 130, "rule_id": 6}]</rules>
  </verse>
  <verse>
    <verseIdArabic>٦</verseIdArabic>
    <verseId>6</verseId>
    <chapterId>41</chapterId>
    <textIndopak>قُلۡ إِنَّمَآ أَنَا۠ بَشَرٞ مِّثۡلُكُمۡ يُوحَىٰٓ إِلَيَّ أَنَّمَآ إِلَٰهُكُمۡ إِلَٰهٞ وَٰحِدٞ فَٱسۡتَقِيمُوٓاْ إِلَيۡهِ وَٱسۡتَغۡفِرُوهُۗ وَوَيۡلٞ لِّلۡمُشۡرِكِينَ</textIndopak>
    <translations>
      <translation>
        <author>King Fahad Quran Complex</author>
        <text>Katakanlah, "Bahwasanya aku hanyalah seorang manusia seperti kamu; diwahyukan kepadaku bahwasanya Tuhan kamu adalah Tuhan yang Maha Esa, maka tetaplah pada jalan yang lurus menuju kepada-Nya dan mohonlah ampun kepada-Nya. Dan kecelakaan yang besarlah bagi orang-orang yang mempersekutukan-(Nya),</text>
      </translation>
    </translations>
    <rules>[{"start": 7, "end": 10, "rule_id": 0}, {"start": 29, "end": 32, "rule_id": 0}, {"start": 60, "end": 63, "rule_id": 0}, {"start": 26, "end": 32, "rule_id": 3}, {"start": 85, "end": 91, "rule_id": 3}, {"start": 147, "end": 153, "rule_id": 5}, {"start": 93, "end": 98, "rule_id": 6}]</rules>
  </verse>
  <verse>
    <verseIdArabic>٧</verseIdArabic>
    <verseId>7</verseId>
    <chapterId>41</chapterId>
    <textIndopak>ٱلَّذِينَ لَا يُؤۡتُونَ ٱلزَّكَوٰةَ وَهُم بِٱلۡأٓخِرَةِ هُمۡ كَٰفِرُونَ</textIndopak>
    <translations>
      <translation>
        <author>King Fahad Quran Complex</author>
        <text>(yaitu) orang-orang yang tidak menunaikan zakat dan mereka kafir akan adanya (kehidupan) akhirat.</text>
      </translation>
    </translations>
    <rules>[{"start": 40, "end": 44, "rule_id": 7}]</rules>
  </verse>
  <verse>
    <verseIdArabic>٨</verseIdArabic>
    <verseId>8</verseId>
    <chapterId>41</chapterId>
    <textIndopak>إِنَّ ٱلَّذِينَ ءَامَنُواْ وَعَمِلُواْ ٱلصَّٰلِحَٰتِ لَهُمۡ أَجۡرٌ غَيۡرُ مَمۡنُونٖ</textIndopak>
    <translations>
      <translation>
        <author>King Fahad Quran Complex</author>
        <text>Sesungguhnya orang-orang yang beriman dan mengerjakan amal yang saleh, mereka mendapat pahala yang tiada putus-putusnya".</text>
      </translation>
    </translations>
    <rules>[{"start": 2, "end": 5, "rule_id": 0}, {"start": 62, "end": 64, "rule_id": 1}]</rules>
  </verse>
  <verse>
    <verseIdArabic>٩</verseIdArabic>
    <verseId>9</verseId>
    <chapterId>41</chapterId>
    <textIndopak>۞ قُلۡ أَئِنَّكُمۡ لَتَكۡفُرُونَ بِٱلَّذِي خَلَقَ ٱلۡأَرۡضَ فِي يَوۡمَيۡنِ وَتَجۡعَلُونَ لَهُۥٓ أَندَادٗاۚ ذَٰلِكَ رَبُّ ٱلۡعَٰلَمِينَ</textIndopak>
    <translations>
      <translation>
        <author>King Fahad Quran Complex</author>
        <text>Katakanlah, "Sesungguhnya patutkah kamu kafir kepada Yang menciptakan bumi dalam dua hari dan kamu adakan sekutu-sekutu bagi-Nya? (Yang bersifat) demikian itu adalah Tuhan semesta alam".</text>
      </translation>
    </translations>
    <rules>[{"start": 11, "end": 14, "rule_id": 0}, {"start": 79, "end": 81, "rule_id": 1}, {"start": 98, "end": 101, "rule_id": 6}]</rules>
  </verse>
  <verse>
    <verseIdArabic>١٠</verseIdArabic>
    <verseId>10</verseId>
    <chapterId>41</chapterId>
    <textIndopak>وَجَعَلَ فِيهَا رَوَٰسِيَ مِن فَوۡقِهَا وَبَٰرَكَ فِيهَا وَقَدَّرَ فِيهَآ أَقۡوَٰتَهَا فِيٓ أَرۡبَعَةِ أَيَّامٖ سَوَآءٗ لِّلسَّآئِلِينَ</textIndopak>
    <translations>
      <translation>
        <author>King Fahad Quran Complex</author>
        <text>Dan dia menciptakan di bumi itu gunung-gunung yang kokoh di atasnya. Dia memberkahinya dan Dia menentukan padanya kadar makanan-makanan (penghuni)nya dalam empat hari. (Penjelasan itu sebagai jawaban) bagi orang-orang yang bertanya.</text>
      </translation>
    </translations>
    <rules>[{"start": 77, "end": 79, "rule_id": 1}, {"start": 119, "end": 125, "rule_id": 5}, {"start": 28, "end": 32, "rule_id": 6}, {"start": 110, "end": 115, "rule_id": 6}]</rules>
  </verse>
  <verse>
    <verseIdArabic>١١</verseIdArabic>
    <verseId>11</verseId>
    <chapterId>41</chapterId>
    <textIndopak>ثُمَّ ٱسۡتَوَىٰٓ إِلَى ٱلسَّمَآءِ وَهِيَ دُخَانٞ فَقَالَ لَهَا وَلِلۡأَرۡضِ ٱئۡتِيَا طَوۡعًا أَوۡ كَرۡهٗا قَالَتَآ أَتَيۡنَا طَآئِعِينَ</textIndopak>
    <translations>
      <translation>
        <author>King Fahad Quran Complex</author>
        <text>Kemudian, Dia menuju langit dan langit itu masih merupakan asap, lalu Dia berkata kepadanya dan kepada bumi, "Datanglah kamu keduanya menurut perintah-Ku dengan suka hati atau terpaksa". Keduanya menjawab, "Kami datang dengan suka hati".</text>
      </translation>
    </translations>
    <rules>[{"start": 2, "end": 5, "rule_id": 0}, {"start": 47, "end": 52, "rule_id": 6}]</rules>
  </verse>
  <verse>
    <verseIdArabic>١٢</verseIdArabic>
    <verseId>12</verseId>
    <chapterId>41</chapterId>
    <textIndopak>فَقَضَىٰهُنَّ سَبۡعَ سَمَٰوَاتٖ فِي يَوۡمَيۡنِ وَأَوۡحَىٰ فِي كُلِّ سَمَآءٍ أَمۡرَهَاۚ وَزَيَّنَّا ٱلسَّمَآءَ ٱلدُّنۡيَا بِمَصَٰبِيحَ وَحِفۡظٗاۚ ذَٰلِكَ تَقۡدِيرُ ٱلۡعَزِيزِ ٱلۡعَلِيمِ</textIndopak>
    <translations>
      <translation>
        <author>King Fahad Quran Complex</author>
        <text>Maka Dia menjadikannya tujuh langit dalam dua hari. Dia mewahyukan pada tiap-tiap langit urusannya. Dan Kami hiasi langit yang dekat dengan bintang-bintang yang cemerlang dan Kami memeliharanya dengan sebaik-baiknya. Demikianlah ketentuan Yang Maha Perkasa lagi Maha Mengetahui.</text>
      </translation>
    </translations>
    <rules>[{"start": 10, "end": 13, "rule_id": 0}, {"start": 96, "end": 99, "rule_id": 0}, {"start": 16, "end": 18, "rule_id": 1}, {"start": 159, "end": 161, "rule_id": 1}, {"start": 29, "end": 34, "rule_id": 6}]</rules>
  </verse>
  <verse>
    <verseIdArabic>١٣</verseIdArabic>
    <verseId>13</verseId>
    <chapterId>41</chapterId>
    <textIndopak>فَإِنۡ أَعۡرَضُواْ فَقُلۡ أَنذَرۡتُكُمۡ صَٰعِقَةٗ مِّثۡلَ صَٰعِقَةِ عَادٖ وَثَمُودَ</textIndopak>
    <translations>
      <translation>
        <author>King Fahad Quran Complex</author>
        <text>Jika mereka berpaling maka katakanlah, "Aku telah memperingatkan kamu dengan petir, seperti petir yang menimpa kaum ‘Ād dan Ṡamūd".</text>
      </translation>
    </translations>
    <rules>[{"start": 50, "end": 53, "rule_id": 0}, {"start": 81, "end": 83, "rule_id": 1}, {"start": 47, "end": 53, "rule_id": 3}, {"start": 71, "end": 76, "rule_id": 3}, {"start": 28, "end": 31, "rule_id": 6}]</rules>
  </verse>
  <verse>
    <verseIdArabic>١٤</verseIdArabic>
    <verseId>14</verseId>
    <chapterId>41</chapterId>
    <textIndopak>إِذۡ جَآءَتۡهُمُ ٱلرُّسُلُ مِنۢ بَيۡنِ أَيۡدِيهِمۡ وَمِنۡ خَلۡفِهِمۡ أَلَّا تَعۡبُدُوٓاْ إِلَّا ٱللَّهَۖ قَالُواْ لَوۡ شَآءَ رَبُّنَا لَأَنزَلَ مَلَٰٓئِكَةٗ فَإِنَّا بِمَآ أُرۡسِلۡتُم بِهِۦ كَٰفِرُونَ</textIndopak>
    <translations>
      <translation>
        <author>King Fahad Quran Complex</author>
        <text>Ketika rasul-rasul datang kepada mereka dari depan dan belakang mereka (dengan menyerukan), "Janganlah kamu menyembah selain Allah". Mereka menjawab, "Kalau Tuhan kami menghendaki, tentu Dia akan menurunkan malaikat-malaikat-Nya, maka sesungguhnya kami kafir kepada wahyu yang kamu diutus membawanya".</text>
      </translation>
    </translations>
    <rules>[{"start": 164, "end": 167, "rule_id": 0}, {"start": 30, "end": 35, "rule_id": 2}, {"start": 141, "end": 144, "rule_id": 6}, {"start": 157, "end": 162, "rule_id": 6}, {"start": 186, "end": 190, "rule_id": 7}]</rules>
  </verse>
  <verse>
    <verseIdArabic>١٥</verseIdArabic>
    <verseId>15</verseId>
    <chapterId>41</chapterId>
    <textIndopak>فَأَمَّا عَادٞ فَٱسۡتَكۡبَرُواْ فِي ٱلۡأَرۡضِ بِغَيۡرِ ٱلۡحَقِّ وَقَالُواْ مَنۡ أَشَدُّ مِنَّا قُوَّةًۖ أَوَلَمۡ يَرَوۡاْ أَنَّ ٱللَّهَ ٱلَّذِي خَلَقَهُمۡ هُوَ أَشَدُّ مِنۡهُمۡ قُوَّةٗۖ وَكَانُواْ بِـَٔايَٰتِنَا يَجۡحَدُونَ</textIndopak>
    <translations>
      <translation>
        <author>King Fahad Quran Complex</author>
        <text>Adapun kaum ‘Ād maka mereka menyombongkan diri di muka bumi tanpa alasan yang benar dan berkata, "Siapakah yang lebih besar kekuatannya dari kami?" Dan apakah mereka itu tidak memperhatikan bahwa Allah Yang menciptakan mereka adalah lebih besar kekuatan-Nya dari mereka? Dan adalah mereka mengingkari tanda-tanda (kekuatan) Kami.</text>
      </translation>
    </translations>
    <rules>[{"start": 4, "end": 7, "rule_id": 0}, {"start": 90, "end": 93, "rule_id": 0}, {"start": 125, "end": 128, "rule_id": 0}, {"start": 216, "end": 218, "rule_id": 1}, {"start": 183, "end": 190, "rule_id": 3}, {"start": 12, "end": 17, "rule_id": 6}]</rules>
  </verse>
  <verse>
    <verseIdArabic>١٦</verseIdArabic>
    <verseId>16</verseId>
    <chapterId>41</chapterId>
    <textIndopak>فَأَرۡسَلۡنَا عَلَيۡهِمۡ رِيحٗا صَرۡصَرٗا فِيٓ أَيَّامٖ نَّحِسَاتٖ لِّنُذِيقَهُمۡ عَذَابَ ٱلۡخِزۡيِ فِي ٱلۡحَيَوٰةِ ٱلدُّنۡيَاۖ وَلَعَذَابُ ٱلۡأٓخِرَةِ أَخۡزَىٰۖ وَهُمۡ لَا يُنصَرُونَ</textIndopak>
    <translations>
      <translation>
        <author>King Fahad Quran Complex</author>
        <text>Maka Kami meniupkan angin yang amat gemuruh kepada mereka dalam beberapa hari yang sial karena Kami hendak merasakan kepada mereka itu siksaan yang menghinakan dalam kehidupan dunia. Dan Sesungguhnya, siksaan akhirat lebih menghinakan, sedang mereka tidak diberi pertolongan.</text>
      </translation>
    </translations>
    <rules>[{"start": 56, "end": 59, "rule_id": 0}, {"start": 53, "end": 59, "rule_id": 3}, {"start": 64, "end": 70, "rule_id": 5}, {"start": 178, "end": 181, "rule_id": 6}]</rules>
  </verse>
  <verse>
    <verseIdArabic>١٧</verseIdArabic>
    <verseId>17</verseId>
    <chapterId>41</chapterId>
    <textIndopak>وَأَمَّا ثَمُودُ فَهَدَيۡنَٰهُمۡ فَٱسۡتَحَبُّواْ ٱلۡعَمَىٰ عَلَى ٱلۡهُدَىٰ فَأَخَذَتۡهُمۡ صَٰعِقَةُ ٱلۡعَذَابِ ٱلۡهُونِ بِمَا كَانُواْ يَكۡسِبُونَ</textIndopak>
    <translations>
      <translation>
        <author>King Fahad Quran Complex</author>
        <text>Dan adapun kaum Ṡamūd, maka mereka telah Kami beri petunjuk, tetapi mereka lebih menyukai buta (kesesatan) dari petunjuk, maka mereka disambar petir azab yang menghinakan disebabkan apa yang telah mereka kerjakan.</text>
      </translation>
    </translations>
    <rules>[{"start": 4, "end": 7, "rule_id": 0}]</rules>
  </verse>
  <verse>
    <verseIdArabic>١٨</verseIdArabic>
    <verseId>18</verseId>
    <chapterId>41</chapterId>
    <textIndopak>وَنَجَّيۡنَا ٱلَّذِينَ ءَامَنُواْ وَكَانُواْ يَتَّقُونَ</textIndopak>
    <translations>
      <translation>
        <author>King Fahad Quran Complex</author>
        <text>Dan Kami selamatkan orang-orang yang beriman dan mereka adalah orang-orang yang bertakwa.</text>
      </translation>
    </translations>
  </verse>
  <verse>
    <verseIdArabic>١٩</verseIdArabic>
    <verseId>19</verseId>
    <chapterId>41</chapterId>
    <textIndopak>وَيَوۡمَ يُحۡشَرُ أَعۡدَآءُ ٱللَّهِ إِلَى ٱلنَّارِ فَهُمۡ يُوزَعُونَ</textIndopak>
    <translations>
      <translation>
        <author>King Fahad Quran Complex</author>
        <text>Dan (ingatlah) hari (ketika) musuh-musuh Allah digiring ke dalam neraka, lalu mereka dikumpulkan semuanya.</text>
      </translation>
    </translations>
    <rules>[{"start": 45, "end": 48, "rule_id": 0}]</rules>
  </verse>
  <verse>
    <verseIdArabic>٢٠</verseIdArabic>
    <verseId>20</verseId>
    <chapterId>41</chapterId>
    <textIndopak>حَتَّىٰٓ إِذَا مَا جَآءُوهَا شَهِدَ عَلَيۡهِمۡ سَمۡعُهُمۡ وَأَبۡصَٰرُهُمۡ وَجُلُودُهُم بِمَا كَانُواْ يَعۡمَلُونَ</textIndopak>
    <translations>
      <translation>
        <author>King Fahad Quran Complex</author>
        <text>Sehingga apabila mereka sampai ke neraka, pendengaran, penglihatan, dan kulit mereka menjadi saksi terhadap mereka tentang apa yang telah mereka kerjakan.</text>
      </translation>
    </translations>
    <rules>[{"start": 63, "end": 65, "rule_id": 1}, {"start": 86, "end": 90, "rule_id": 7}]</rules>
  </verse>
  <verse>
    <verseIdArabic>٢١</verseIdArabic>
    <verseId>21</verseId>
    <chapterId>41</chapterId>
    <textIndopak>وَقَالُواْ لِجُلُودِهِمۡ لِمَ شَهِدتُّمۡ عَلَيۡنَاۖ قَالُوٓاْ أَنطَقَنَا ٱللَّهُ ٱلَّذِيٓ أَنطَقَ كُلَّ شَيۡءٖۚ وَهُوَ خَلَقَكُمۡ أَوَّلَ مَرَّةٖ وَإِلَيۡهِ تُرۡجَعُونَ</textIndopak>
    <translations>
      <translation>
        <author>King Fahad Quran Complex</author>
        <text>Dan mereka berkata kepada kulit mereka, "Mengapa kamu menjadi saksi terhadap kami?" Kulit mereka menjawab, "Allah yang menjadikan segala sesuatu pandai berkata telah menjadikan kami pandai (pula) berkata, dan Dia-lah yang menciptakan kamu pada kali pertama dan hanya kepada-Nya-lah kamu dikembalikan".</text>
      </translation>
    </translations>
    <rules>[{"start": 109, "end": 114, "rule_id": 3}, {"start": 143, "end": 148, "rule_id": 3}, {"start": 65, "end": 68, "rule_id": 6}, {"start": 93, "end": 96, "rule_id": 6}]</rules>
  </verse>
  <verse>
    <verseIdArabic>٢٢</verseIdArabic>
    <verseId>22</verseId>
    <chapterId>41</chapterId>
    <textIndopak>وَمَا كُنتُمۡ تَسۡتَتِرُونَ أَن يَشۡهَدَ عَلَيۡكُمۡ سَمۡعُكُمۡ وَلَآ أَبۡصَٰرُكُمۡ وَلَا جُلُودُكُمۡ وَلَٰكِن ظَنَنتُمۡ أَنَّ ٱللَّهَ لَا يَعۡلَمُ كَثِيرٗا مِّمَّا تَعۡمَلُونَ</textIndopak>
    <translations>
      <translation>
        <author>King Fahad Quran Complex</author>
        <text>Kamu sekali-sekali tidak dapat bersembunyi dari kesaksian pendengaran, penglihatan, dan kulitmu kepadamu , bahkan kamu mengira bahwa Allah tidak mengetahui kebanyakan dari apa yang kamu kerjakan.</text>
      </translation>
    </translations>
    <rules>[{"start": 123, "end": 126, "rule_id": 0}, {"start": 157, "end": 160, "rule_id": 0}, {"start": 160, "end": 163, "rule_id": 0}, {"start": 72, "end": 74, "rule_id": 1}, {"start": 30, "end": 34, "rule_id": 3}, {"start": 153, "end": 160, "rule_id": 3}, {"start": 8, "end": 11, "rule_id": 6}, {"start": 109, "end": 113, "rule_id": 6}, {"start": 115, "end": 118, "rule_id": 6}]</rules>
  </verse>
  <verse>
    <verseIdArabic>٢٣</verseIdArabic>
    <verseId>23</verseId>
    <chapterId>41</chapterId>
    <textIndopak>وَذَٰلِكُمۡ ظَنُّكُمُ ٱلَّذِي ظَنَنتُم بِرَبِّكُمۡ أَرۡدَىٰكُمۡ فَأَصۡبَحۡتُم مِّنَ ٱلۡخَٰسِرِينَ</textIndopak>
    <translations>
      <translation>
        <author>King Fahad Quran Complex</author>
        <text>Dan yang demikian itu adalah prasangkamu yang telah kamu sangka kepada Tuhan-mu, prasangka itu telah membinasakan kamu, maka jadilah kamu termasuk orang-orang yang merugi.</text>
      </translation>
    </translations>
    <rules>[{"start": 14, "end": 17, "rule_id": 0}, {"start": 78, "end": 81, "rule_id": 0}, {"start": 76, "end": 81, "rule_id": 4}, {"start": 34, "end": 37, "rule_id": 6}, {"start": 37, "end": 41, "rule_id": 7}]</rules>
  </verse>
  <verse>
    <verseIdArabic>٢٤</verseIdArabic>
    <verseId>24</verseId>
    <chapterId>41</chapterId>
    <textIndopak>فَإِن يَصۡبِرُواْ فَٱلنَّارُ مَثۡوٗى لَّهُمۡۖ وَإِن يَسۡتَعۡتِبُواْ فَمَا هُم مِّنَ ٱلۡمُعۡتَبِينَ</textIndopak>
    <translations>
      <translation>
        <author>King Fahad Quran Complex</author>
        <text>Jika mereka bersabar (menderita azab), maka nerakalah tempat diam mereka dan jika mereka mengemukakan alasan-alasan, maka tidaklah mereka termasuk orang-orang yang diterima alasannya.</text>
      </translation>
    </translations>
    <rules>[{"start": 22, "end": 25, "rule_id": 0}, {"start": 79, "end": 82, "rule_id": 0}, {"start": 4, "end": 8, "rule_id": 3}, {"start": 51, "end": 55, "rule_id": 3}, {"start": 77, "end": 82, "rule_id": 4}]</rules>
  </verse>
  <verse>
    <verseIdArabic>٢٥</verseIdArabic>
    <verseId>25</verseId>
    <chapterId>41</chapterId>
    <textIndopak>۞ وَقَيَّضۡنَا لَهُمۡ قُرَنَآءَ فَزَيَّنُواْ لَهُم مَّا بَيۡنَ أَيۡدِيهِمۡ وَمَا خَلۡفَهُمۡ وَحَقَّ عَلَيۡهِمُ ٱلۡقَوۡلُ فِيٓ أُمَمٖ قَدۡ خَلَتۡ مِن قَبۡلِهِم مِّنَ ٱلۡجِنِّ وَٱلۡإِنسِۖ إِنَّهُمۡ كَانُواْ خَٰسِرِينَ</textIndopak>
    <translations>
      <translation>
        <author>King Fahad Quran Complex</author>
        <text>Dan Kami tetapkan bagi mereka, teman-teman yang menjadikan mereka memandang bagus apa yang ada di hadapan dan di belakang mereka dan tetaplah atas mereka keputusan azab pada umat-umat yang terdahulu sebelum mereka dari jin dan manusia; sesungguhnya mereka adalah orang-orang yang merugi.</text>
      </translation>
    </translations>
    <rules>[{"start": 52, "end": 55, "rule_id": 0}, {"start": 160, "end": 163, "rule_id": 0}, {"start": 171, "end": 174, "rule_id": 0}, {"start": 190, "end": 193, "rule_id": 0}, {"start": 136, "end": 138, "rule_id": 1}, {"start": 152, "end": 154, "rule_id": 1}, {"start": 50, "end": 55, "rule_id": 4}, {"start": 158, "end": 163, "rule_id": 4}, {"start": 148, "end": 152, "rule_id": 6}, {"start": 182, "end": 185, "rule_id": 6}, {"start": 131, "end": 136, "rule_id": 6}]</rules>
  </verse>
  <verse>
    <verseIdArabic>٢٦</verseIdArabic>
    <verseId>26</verseId>
    <chapterId>41</chapterId>
    <textIndopak>وَقَالَ ٱلَّذِينَ كَفَرُواْ لَا تَسۡمَعُواْ لِهَٰذَا ٱلۡقُرۡءَانِ وَٱلۡغَوۡاْ فِيهِ لَعَلَّكُمۡ تَغۡلِبُونَ</textIndopak>
    <translations>
      <translation>
        <author>King Fahad Quran Complex</author>
        <text>Dan orang-orang yang kafir berkata, "Janganlah kamu mendengar dengan sungguh-sungguh akan Al-Qur`ān ini dan buatlah hiruk-pikuk terhadapnya supaya kamu dapat mengalahkan (mereka)".</text>
      </translation>
    </translations>
  </verse>
  <verse>
    <verseIdArabic>٢٧</verseIdArabic>
    <verseId>27</verseId>
    <chapterId>41</chapterId>
    <textIndopak>فَلَنُذِيقَنَّ ٱلَّذِينَ كَفَرُواْ عَذَابٗا شَدِيدٗا وَلَنَجۡزِيَنَّهُمۡ أَسۡوَأَ ٱلَّذِي كَانُواْ يَعۡمَلُونَ</textIndopak>
    <translations>
      <translation>
        <author>King Fahad Quran Complex</author>
        <text>Maka sesungguhnya, Kami akan merasakan azab yang keras kepada orang-orang kafir dan Kami akan memberi balasan kepada mereka dengan seburuk-buruk pembalasan bagi apa yang telah mereka kerjakan.</text>
      </translation>
    </translations>
    <rules>[{"start": 11, "end": 14, "rule_id": 0}, {"start": 65, "end": 68, "rule_id": 0}, {"start": 59, "end": 61, "rule_id": 1}, {"start": 49, "end": 55, "rule_id": 3}]</rules>
  </verse>
  <verse>
    <verseIdArabic>٢٨</verseIdArabic>
    <verseId>28</verseId>
    <chapterId>41</chapterId>
    <textIndopak>ذَٰلِكَ جَزَآءُ أَعۡدَآءِ ٱللَّهِ ٱلنَّارُۖ لَهُمۡ فِيهَا دَارُ ٱلۡخُلۡدِ جَزَآءَۢ بِمَا كَانُواْ بِـَٔايَٰتِنَا يَجۡحَدُونَ</textIndopak>
    <translations>
      <translation>
        <author>King Fahad Quran Complex</author>
        <text>Demikianlah balasan (terhadap) musuh-musuh Allah, (yaitu) neraka; mereka mendapat tempat tinggal yang kekal di dalamnya sebagai pembalasan atas keingkaran mereka terhadap ayat-ayat Kami.</text>
      </translation>
    </translations>
    <rules>[{"start": 38, "end": 41, "rule_id": 0}, {"start": 121, "end": 123, "rule_id": 1}, {"start": 85, "end": 91, "rule_id": 2}]</rules>
  </verse>
  <verse>
    <verseIdArabic>٢٩</verseIdArabic>
    <verseId>29</verseId>
    <chapterId>41</chapterId>
    <textIndopak>وَقَالَ ٱلَّذِينَ كَفَرُواْ رَبَّنَآ أَرِنَا ٱلَّذَيۡنِ أَضَلَّانَا مِنَ ٱلۡجِنِّ وَٱلۡإِنسِ نَجۡعَلۡهُمَا تَحۡتَ أَقۡدَامِنَا لِيَكُونَا مِنَ ٱلۡأَسۡفَلِينَ</textIndopak>
    <translations>
      <translation>
        <author>King Fahad Quran Complex</author>
        <text>Dan orang-orang kafir berkata, "Ya Tuhan kami perlihatkanlah kepada kami dua jenis orang yang telah menyesatkan kami, (yaitu) sebagian dari jin dan manusia agar kami letakkan keduanya di bawah telapak kaki kami supaya kedua jenis itu menjadi orang-orang yang hina".</text>
      </translation>
    </translations>
    <rules>[{"start": 79, "end": 82, "rule_id": 0}, {"start": 96, "end": 98, "rule_id": 1}, {"start": 117, "end": 119, "rule_id": 1}, {"start": 90, "end": 93, "rule_id": 6}]</rules>
  </verse>
  <verse>
    <verseIdArabic>٣٠</verseIdArabic>
    <verseId>30</verseId>
    <chapterId>41</chapterId>
    <textIndopak>إِنَّ ٱلَّذِينَ قَالُواْ رَبُّنَا ٱللَّهُ ثُمَّ ٱسۡتَقَٰمُواْ تَتَنَزَّلُ عَلَيۡهِمُ ٱلۡمَلَٰٓئِكَةُ أَلَّا تَخَافُواْ وَلَا تَحۡزَنُواْ وَأَبۡشِرُواْ بِٱلۡجَنَّةِ ٱلَّتِي كُنتُمۡ تُوعَدُونَ</textIndopak>
    <translations>
      <translation>
        <author>King Fahad Quran Complex</author>
        <text>Sesungguhnya orang-orang yang mengatakan, "Tuhan kami ialah Allah", kemudian mereka meneguhkan pendirian mereka, maka malaikat akan turun kepada mereka (dengan mengatakan), "Janganlah kamu takut dan janganlah kamu merasa sedih; dan bergembiralah kamu dengan (memperoleh) surga yang telah dijanjikan Allah kepadamu".</text>
      </translation>
    </translations>
    <rules>[{"start": 2, "end": 5, "rule_id": 0}, {"start": 44, "end": 47, "rule_id": 0}, {"start": 158, "end": 161, "rule_id": 0}, {"start": 141, "end": 143, "rule_id": 1}, {"start": 174, "end": 177, "rule_id": 6}]</rules>
  </verse>
  <verse>
    <verseIdArabic>٣١</verseIdArabic>
    <verseId>31</verseId>
    <chapterId>41</chapterId>
    <textIndopak>نَحۡنُ أَوۡلِيَآؤُكُمۡ فِي ٱلۡحَيَوٰةِ ٱلدُّنۡيَا وَفِي ٱلۡأٓخِرَةِۖ وَلَكُمۡ فِيهَا مَا تَشۡتَهِيٓ أَنفُسُكُمۡ وَلَكُمۡ فِيهَا مَا تَدَّعُونَ</textIndopak>
    <translations>
      <translation>
        <author>King Fahad Quran Complex</author>
        <text>Kamilah pelindung-pelindungmu dalam kehidupan dunia dan akhirat; di dalamnya kamu memperoleh apa yang kamu inginkan dan memperoleh (pula) di dalamnya apa yang kamu minta.</text>
      </translation>
    </translations>
    <rules>[{"start": 105, "end": 108, "rule_id": 6}]</rules>
  </verse>
  <verse>
    <verseIdArabic>٣٢</verseIdArabic>
    <verseId>32</verseId>
    <chapterId>41</chapterId>
    <textIndopak>نُزُلٗا مِّنۡ غَفُورٖ رَّحِيمٖ</textIndopak>
    <translations>
      <translation>
        <author>King Fahad Quran Complex</author>
        <text>Sebagai hidangan (bagimu) dari Tuhan Yang Maha Pengampun lagi Maha Penyayang.</text>
      </translation>
    </translations>
    <rules>[{"start": 8, "end": 11, "rule_id": 0}, {"start": 4, "end": 11, "rule_id": 3}, {"start": 19, "end": 25, "rule_id": 5}]</rules>
  </verse>
  <verse>
    <verseIdArabic>٣٣</verseIdArabic>
    <verseId>33</verseId>
    <chapterId>41</chapterId>
    <textIndopak>وَمَنۡ أَحۡسَنُ قَوۡلٗا مِّمَّن دَعَآ إِلَى ٱللَّهِ وَعَمِلَ صَٰلِحٗا وَقَالَ إِنَّنِي مِنَ ٱلۡمُسۡلِمِينَ</textIndopak>
    <translations>
      <translation>
        <author>King Fahad Quran Complex</author>
        <text>Siapakah yang lebih baik perkataannya daripada orang yang menyeru kepada Allah, mengerjakan amal yang saleh, dan berkata, "Sesungguhnya aku termasuk orang-orang yang berserah diri?"</text>
      </translation>
    </translations>
    <rules>[{"start": 24, "end": 27, "rule_id": 0}, {"start": 27, "end": 30, "rule_id": 0}, {"start": 81, "end": 84, "rule_id": 0}, {"start": 20, "end": 27, "rule_id": 3}, {"start": 67, "end": 73, "rule_id": 3}, {"start": 30, "end": 34, "rule_id": 6}]</rules>
  </verse>
  <verse>
    <verseIdArabic>٣٤</verseIdArabic>
    <verseId>34</verseId>
    <chapterId>41</chapterId>
    <textIndopak>وَلَا تَسۡتَوِي ٱلۡحَسَنَةُ وَلَا ٱلسَّيِّئَةُۚ ٱدۡفَعۡ بِٱلَّتِي هِيَ أَحۡسَنُ فَإِذَا ٱلَّذِي بَيۡنَكَ وَبَيۡنَهُۥ عَدَٰوَةٞ كَأَنَّهُۥ وَلِيٌّ حَمِيمٞ</textIndopak>
    <translations>
      <translation>
        <author>King Fahad Quran Complex</author>
        <text>Dan tidaklah sama kebaikan dan kejahatan. Tolaklah (kejahatan itu) dengan cara yang lebih baik, maka tiba-tiba orang yang antaramu dan antara dia ada permusuhan seolah-olah telah menjadi teman yang sangat setia.</text>
      </translation>
    </translations>
    <rules>[{"start": 132, "end": 135, "rule_id": 0}, {"start": 50, "end": 52, "rule_id": 1}, {"start": 125, "end": 130, "rule_id": 6}]</rules>
  </verse>
  <verse>
    <verseIdArabic>٣٥</verseIdArabic>
    <verseId>35</verseId>
    <chapterId>41</chapterId>
    <textIndopak>وَمَا يُلَقَّىٰهَآ إِلَّا ٱلَّذِينَ صَبَرُواْ وَمَا يُلَقَّىٰهَآ إِلَّا ذُو حَظٍّ عَظِيمٖ</textIndopak>
    <translations>
      <translation>
        <author>King Fahad Quran Complex</author>
        <text>Sifat-sifat yang baik itu tidak dianugerahkan, melainkan kepada orang-orang yang sabar dan tidak dianugerahkan, melainkan kepada orang-orang yang mempunyai keuntungan yang besar.</text>
      </translation>
    </translations>
  </verse>
  <verse>
    <verseIdArabic>٣٦</verseIdArabic>
    <verseId>36</verseId>
    <chapterId>41</chapterId>
    <textIndopak>وَإِمَّا يَنزَغَنَّكَ مِنَ ٱلشَّيۡطَٰنِ نَزۡغٞ فَٱسۡتَعِذۡ بِٱللَّهِۖ إِنَّهُۥ هُوَ ٱلسَّمِيعُ ٱلۡعَلِيمُ</textIndopak>
    <translations>
      <translation>
        <author>King Fahad Quran Complex</author>
        <text>Dan jika setan mengganggumu dengan suatu gangguan, maka mohonlah perlindungan kepada Allah. Sesungguhnya Dia-lah yang Maha Mendengar lagi Maha Mengetahui.</text>
      </translation>
    </translations>
    <rules>[{"start": 4, "end": 7, "rule_id": 0}, {"start": 16, "end": 19, "rule_id": 0}, {"start": 73, "end": 76, "rule_id": 0}, {"start": 11, "end": 14, "rule_id": 6}, {"start": 44, "end": 49, "rule_id": 6}]</rules>
  </verse>
  <verse>
    <verseIdArabic>٣٧</verseIdArabic>
    <verseId>37</verseId>
    <chapterId>41</chapterId>
    <textIndopak>وَمِنۡ ءَايَٰتِهِ ٱلَّيۡلُ وَٱلنَّهَارُ وَٱلشَّمۡسُ وَٱلۡقَمَرُۚ لَا تَسۡجُدُواْ لِلشَّمۡسِ وَلَا لِلۡقَمَرِ وَٱسۡجُدُواْۤ لِلَّهِۤ ٱلَّذِي خَلَقَهُنَّ إِن كُنتُمۡ إِيَّاهُ تَعۡبُدُونَ</textIndopak>
    <translations>
      <translation>
        <author>King Fahad Quran Complex</author>
        <text>Dan sebagian dari tanda-tanda kekuasaan-Nya ialah malam, siang, matahari, dan bulan. Janganlah bersujud kepada matahari dan janganlah (pula) kepada bulan, tetapi bersujudlah kepada Allah Yang menciptakannya, jika kamu hanya kepada-Nya saja menyembah.</text>
      </translation>
    </translations>
    <rules>[{"start": 31, "end": 34, "rule_id": 0}, {"start": 147, "end": 150, "rule_id": 0}, {"start": 153, "end": 157, "rule_id": 6}, {"start": 157, "end": 160, "rule_id": 6}]</rules>
  </verse>
  <verse>
    <verseIdArabic>٣٨</verseIdArabic>
    <verseId>38</verseId>
    <chapterId>41</chapterId>
    <textIndopak>فَإِنِ ٱسۡتَكۡبَرُواْ فَٱلَّذِينَ عِندَ رَبِّكَ يُسَبِّحُونَ لَهُۥ بِٱلَّيۡلِ وَٱلنَّهَارِ وَهُمۡ لَا يَسۡـَٔمُونَ۩</textIndopak>
    <translations>
      <translation>
        <author>King Fahad Quran Complex</author>
        <text>Jika mereka menyombongkan diri, maka mereka (malaikat) yang di sisi Tuhan-mu bertasbih kepada-Nya pada malam dan siang hari, sedang mereka tidak jemu-jemu.</text>
      </translation>
    </translations>
    <rules>[{"start": 82, "end": 85, "rule_id": 0}, {"start": 36, "end": 39, "rule_id": 6}]</rules>
  </verse>
  <verse>
    <verseIdArabic>٣٩</verseIdArabic>
    <verseId>39</verseId>
    <chapterId>41</chapterId>
    <textIndopak>وَمِنۡ ءَايَٰتِهِۦٓ أَنَّكَ تَرَى ٱلۡأَرۡضَ خَٰشِعَةٗ فَإِذَآ أَنزَلۡنَا عَلَيۡهَا ٱلۡمَآءَ ٱهۡتَزَّتۡ وَرَبَتۡۚ إِنَّ ٱلَّذِيٓ أَحۡيَاهَا لَمُحۡيِ ٱلۡمَوۡتَىٰٓۚ إِنَّهُۥ عَلَىٰ كُلِّ شَيۡءٖ قَدِيرٌ</textIndopak>
    <translations>
      <translation>
        <author>King Fahad Quran Complex</author>
        <text>Dan sebagian dari tanda-tanda (kekuasaan)-Nya bahwa kamu melihat bumi itu kering dan gersang, maka apabila Kami turunkan air di atasnya, niscaya ia bergerak dan subur. Sesungguhnya Tuhan Yang menghidupkannya, tentu dapat menghidupkan yang mati. Sesungguhnya Dia Maha Kuasa atas segala sesuatu.</text>
      </translation>
    </translations>
    <rules>[{"start": 22, "end": 25, "rule_id": 0}, {"start": 118, "end": 121, "rule_id": 0}, {"start": 168, "end": 171, "rule_id": 0}, {"start": 65, "end": 68, "rule_id": 6}, {"start": 51, "end": 56, "rule_id": 6}, {"start": 192, "end": 197, "rule_id": 6}]</rules>
  </verse>
  <verse>
    <verseIdArabic>٤٠</verseIdArabic>
    <verseId>40</verseId>
    <chapterId>41</chapterId>
    <textIndopak>إِنَّ ٱلَّذِينَ يُلۡحِدُونَ فِيٓ ءَايَٰتِنَا لَا يَخۡفَوۡنَ عَلَيۡنَآۗ أَفَمَن يُلۡقَىٰ فِي ٱلنَّارِ خَيۡرٌ أَم مَّن يَأۡتِيٓ ءَامِنٗا يَوۡمَ ٱلۡقِيَٰمَةِۚ ٱعۡمَلُواْ مَا شِئۡتُمۡ إِنَّهُۥ بِمَا تَعۡمَلُونَ بَصِيرٌ</textIndopak>
    <translations>
      <translation>
        <author>King Fahad Quran Complex</author>
        <text>Sesungguhnya orang-orang yang mengingkari ayat-ayat Kami, mereka tidak tersembunyi dari Kami. Maka apakah orang-orang yang dilemparkan ke dalam neraka lebih baik ataukah orang-orang yang datang dengan aman sentosa pada hari Kiamat? Perbuatlah apa yang kamu kehendaki; Sesungguhnya Dia Maha Melihat apa yang kamu kerjakan.</text>
      </translation>
    </translations>
    <rules>[{"start": 2, "end": 5, "rule_id": 0}, {"start": 96, "end": 99, "rule_id": 0}, {"start": 114, "end": 117, "rule_id": 0}, {"start": 187, "end": 190, "rule_id": 0}, {"start": 79, "end": 83, "rule_id": 3}, {"start": 117, "end": 121, "rule_id": 3}, {"start": 133, "end": 139, "rule_id": 3}, {"start": 112, "end": 117, "rule_id": 4}]</rules>
  </verse>
  <verse>
    <verseIdArabic>٤١</verseIdArabic>
    <verseId>41</verseId>
    <chapterId>41</chapterId>
    <textIndopak>إِنَّ ٱلَّذِينَ كَفَرُواْ بِٱلذِّكۡرِ لَمَّا جَآءَهُمۡۖ وَإِنَّهُۥ لَكِتَٰبٌ عَزِيزٞ</textIndopak>
    <translations>
      <translation>
        <author>King Fahad Quran Complex</author>
        <text>Sesungguhnya orang-orang yang mengingkari Al-Qur`ān ketika Al-Qur`ān itu datang kepada mereka, (mereka itu pasti akan celaka) dan sesungguhnya Al-Qur`ān itu adalah kitab yang mulia.</text>
      </translation>
    </translations>
    <rules>[{"start": 2, "end": 5, "rule_id": 0}, {"start": 40, "end": 43, "rule_id": 0}, {"start": 62, "end": 65, "rule_id": 0}]</rules>
  </verse>
  <verse>
    <verseIdArabic>٤٢</verseIdArabic>
    <verseId>42</verseId>
    <chapterId>41</chapterId>
    <textIndopak>لَّا يَأۡتِيهِ ٱلۡبَٰطِلُ مِنۢ بَيۡنِ يَدَيۡهِ وَلَا مِنۡ خَلۡفِهِۦۖ تَنزِيلٞ مِّنۡ حَكِيمٍ حَمِيدٖ</textIndopak>
    <translations>
      <translation>
        <author>King Fahad Quran Complex</author>
        <text>Yang tidak datang kepadanya (Al-Qur`ān) kebatilan, baik dari depan maupun dari belakangnya yang diturunkan dari Tuhan Yang Maha Bijaksana lagi Maha Terpuji.</text>
      </translation>
    </translations>
    <rules>[{"start": 79, "end": 82, "rule_id": 0}, {"start": 98, "end": 100, "rule_id": 1}, {"start": 28, "end": 33, "rule_id": 2}, {"start": 76, "end": 82, "rule_id": 3}, {"start": 72, "end": 75, "rule_id": 6}]</rules>
  </verse>
  <verse>
    <verseIdArabic>٤٣</verseIdArabic>
    <verseId>43</verseId>
    <chapterId>41</chapterId>
    <textIndopak>مَّا يُقَالُ لَكَ إِلَّا مَا قَدۡ قِيلَ لِلرُّسُلِ مِن قَبۡلِكَۚ إِنَّ رَبَّكَ لَذُو مَغۡفِرَةٖ وَذُو عِقَابٍ أَلِيمٖ</textIndopak>
    <translations>
      <translation>
        <author>King Fahad Quran Complex</author>
        <text>Tidaklah ada yang dikatakan (oleh orang-orang kafir) kepadamu itu, selain apa yang sesungguhnya telah dikatakan kepada rasul-rasul sebelum kamu. Sesungguhnya Tuhan kamu benar-benar mempunyai ampunan dan hukuman yang pedih.</text>
      </translation>
    </translations>
    <rules>[{"start": 0, "end": 3, "rule_id": 0}, {"start": 68, "end": 71, "rule_id": 0}, {"start": 31, "end": 33, "rule_id": 1}, {"start": 57, "end": 59, "rule_id": 1}, {"start": 94, "end": 99, "rule_id": 3}, {"start": 53, "end": 57, "rule_id": 6}]</rules>
  </verse>
  <verse>
    <verseIdArabic>٤٤</verseIdArabic>
    <verseId>44</verseId>
    <chapterId>41</chapterId>
    <textIndopak>وَلَوۡ جَعَلۡنَٰهُ قُرۡءَانًا أَعۡجَمِيّٗا لَّقَالُواْ لَوۡلَا فُصِّلَتۡ ءَايَٰتُهُۥٓۖ ءَا۬عۡجَمِيّٞ وَعَرَبِيّٞۗ قُلۡ هُوَ لِلَّذِينَ ءَامَنُواْ هُدٗى وَشِفَآءٞۚ وَٱلَّذِينَ لَا يُؤۡمِنُونَ فِيٓ ءَاذَانِهِمۡ وَقۡرٞ وَهُوَ عَلَيۡهِمۡ عَمًىۚ أُوْلَٰٓئِكَ يُنَادَوۡنَ مِن مَّكَانِۭ بَعِيدٖ</textIndopak>
    <translations>
      <translation>
        <author>King Fahad Quran Complex</author>
        <text>Dan jikalau Kami jadikan Al-Qur`ān itu suatu bacaan dalam bahasa selain bahasa Arab, tentulah mereka mengatakan, "Mengapa tidak dijelaskan ayat-ayatnya?" Apakah (patut Al-Qur`ān) dalam bahasa asing, sedang (rasul adalah orang) Arab? Katakanlah, "Al-Qur`ān itu adalah petunjuk dan penawar bagi orang-orang yang beriman. Dan orang-orang yang tidak beriman pada telinga mereka ada sumbatan, sedang Al-Qur`ān itu suatu kegelapan bagi mereka . Mereka itu adalah (seperti) orang-orang yang dipanggil dari tempat yang jauh".</text>
      </translation>
    </translations>
    <rules>[{"start": 275, "end": 278, "rule_id": 0}, {"start": 215, "end": 217, "rule_id": 1}, {"start": 290, "end": 292, "rule_id": 1}, {"start": 281, "end": 287, "rule_id": 2}, {"start": 273, "end": 278, "rule_id": 3}, {"start": 98, "end": 104, "rule_id": 3}, {"start": 162, "end": 169, "rule_id": 3}, {"start": 217, "end": 222, "rule_id": 3}, {"start": 38, "end": 46, "rule_id": 5}]</rules>
  </verse>
  <verse>
    <verseIdArabic>٤٥</verseIdArabic>
    <verseId>45</verseId>
    <chapterId>41</chapterId>
    <textIndopak>وَلَقَدۡ ءَاتَيۡنَا مُوسَى ٱلۡكِتَٰبَ فَٱخۡتُلِفَ فِيهِۚ وَلَوۡلَا كَلِمَةٞ سَبَقَتۡ مِن رَّبِّكَ لَقُضِيَ بَيۡنَهُمۡۚ وَإِنَّهُمۡ لَفِي شَكّٖ مِّنۡهُ مُرِيبٖ</textIndopak>
    <translations>
      <translation>
        <author>King Fahad Quran Complex</author>
        <text>Dan sesungguhnya telah Kami berikan kepada Musa Taurat, lalu diperselisihkan tentang Taurat itu. Kalau tidak ada keputusan yang telah terdahulu dari Tuhan-mu, tentulah orang-orang kafir itu sudah dibinasakan. Dan Sesungguhnya, mereka terhadap Al-Qur`ān benar-benar dalam keragu-raguan yang membingungkan.</text>
      </translation>
    </translations>
    <rules>[{"start": 125, "end": 128, "rule_id": 0}, {"start": 145, "end": 148, "rule_id": 0}, {"start": 6, "end": 8, "rule_id": 1}, {"start": 158, "end": 160, "rule_id": 1}, {"start": 141, "end": 148, "rule_id": 3}, {"start": 88, "end": 93, "rule_id": 5}, {"start": 74, "end": 79, "rule_id": 6}]</rules>
  </verse>
  <verse>
    <verseIdArabic>٤٦</verseIdArabic>
    <verseId>46</verseId>
    <chapterId>41</chapterId>
    <textIndopak>مَّنۡ عَمِلَ صَٰلِحٗا فَلِنَفۡسِهِۦۖ وَمَنۡ أَسَآءَ فَعَلَيۡهَاۗ وَمَا رَبُّكَ بِظَلَّٰمٖ لِّلۡعَبِيدِ</textIndopak>
    <translations>
      <translation>
        <author>King Fahad Quran Complex</author>
        <text>Barang siapa yang mengerjakan amal yang saleh, maka (pahalanya) untuk dirinya sendiri dan barang siapa yang berbuat jahat, maka (dosanya) untuk dirinya sendiri dan sekali-kali tidaklah Tuhan-mu menganiaya hamba-hamba(Nya).</text>
      </translation>
    </translations>
    <rules>[{"start": 0, "end": 3, "rule_id": 0}, {"start": 103, "end": 105, "rule_id": 1}, {"start": 90, "end": 96, "rule_id": 5}]</rules>
  </verse>
  <verse>
    <verseIdArabic>٤٧</verseIdArabic>
    <verseId>47</verseId>
    <chapterId>41</chapterId>
    <textIndopak>۞ إِلَيۡهِ يُرَدُّ عِلۡمُ ٱلسَّاعَةِۚ وَمَا تَخۡرُجُ مِن ثَمَرَٰتٖ مِّنۡ أَكۡمَامِهَا وَمَا تَحۡمِلُ مِنۡ أُنثَىٰ وَلَا تَضَعُ إِلَّا بِعِلۡمِهِۦۚ وَيَوۡمَ يُنَادِيهِمۡ أَيۡنَ شُرَكَآءِي قَالُوٓاْ ءَاذَنَّٰكَ مَا مِنَّا مِن شَهِيدٖ</textIndopak>
    <translations>
      <translation>
        <author>King Fahad Quran Complex</author>
        <text>Kepada-Nyalah dikembalikan pengetahuan tentang hari kiamat . Dan tidak ada buah-buahan keluar dari kelopaknya dan tidak seorang perempuan pun mengandung dan tidak (pula) melahirkan, melainkan dengan sepengetahuan-Nya. Pada hari Tuhan memanggil mereka, "Di manakah sekutu-sekutu-Ku itu? ", mereka menjawab, "Kami nyatakan kepada Engkau bahwa tidak ada seorang pun di antara kami yang memberi kesaksian (bahwa Engkau punya sekutu)".</text>
      </translation>
    </translations>
    <rules>[{"start": 68, "end": 71, "rule_id": 0}, {"start": 205, "end": 209, "rule_id": 0}, {"start": 218, "end": 221, "rule_id": 0}, {"start": 232, "end": 234, "rule_id": 1}, {"start": 65, "end": 71, "rule_id": 3}, {"start": 56, "end": 60, "rule_id": 6}, {"start": 109, "end": 112, "rule_id": 6}, {"start": 225, "end": 229, "rule_id": 6}]</rules>
  </verse>
  <verse>
    <verseIdArabic>٤٨</verseIdArabic>
    <verseId>48</verseId>
    <chapterId>41</chapterId>
    <textIndopak>وَضَلَّ عَنۡهُم مَّا كَانُواْ يَدۡعُونَ مِن قَبۡلُۖ وَظَنُّواْ مَا لَهُم مِّن مَّحِيصٖ</textIndopak>
    <translations>
      <translation>
        <author>King Fahad Quran Complex</author>
        <text>Dan lenyaplah dari mereka apa yang selalu mereka sembah dahulu dan mereka yakin bahwa tidak ada bagi mereka sesatu jalan keluar pun.</text>
      </translation>
    </translations>
    <rules>[{"start": 16, "end": 19, "rule_id": 0}, {"start": 57, "end": 60, "rule_id": 0}, {"start": 74, "end": 77, "rule_id": 0}, {"start": 79, "end": 82, "rule_id": 0}, {"start": 32, "end": 34, "rule_id": 1}, {"start": 46, "end": 48, "rule_id": 1}, {"start": 77, "end": 82, "rule_id": 3}, {"start": 14, "end": 19, "rule_id": 4}, {"start": 72, "end": 77, "rule_id": 4}, {"start": 42, "end": 46, "rule_id": 6}]</rules>
  </verse>
  <verse>
    <verseIdArabic>٤٩</verseIdArabic>
    <verseId>49</verseId>
    <chapterId>41</chapterId>
    <textIndopak>لَّا يَسۡـَٔمُ ٱلۡإِنسَٰنُ مِن دُعَآءِ ٱلۡخَيۡرِ وَإِن مَّسَّهُ ٱلشَّرُّ فَيَـُٔوسٞ قَنُوطٞ</textIndopak>
    <translations>
      <translation>
        <author>King Fahad Quran Complex</author>
        <text>Manusia tidak jemu memohon kebaikan dan jika mereka ditimpa malapetaka, dia menjadi putus asa lagi putus harapan.</text>
      </translation>
    </translations>
    <rules>[{"start": 56, "end": 59, "rule_id": 0}, {"start": 90, "end": 92, "rule_id": 1}, {"start": 54, "end": 59, "rule_id": 3}, {"start": 20, "end": 24, "rule_id": 6}, {"start": 29, "end": 33, "rule_id": 6}, {"start": 82, "end": 87, "rule_id": 6}]</rules>
  </verse>
  <verse>
    <verseIdArabic>٥٠</verseIdArabic>
    <verseId>50</verseId>
    <chapterId>41</chapterId>
    <textIndopak>وَلَئِنۡ أَذَقۡنَٰهُ رَحۡمَةٗ مِّنَّا مِنۢ بَعۡدِ ضَرَّآءَ مَسَّتۡهُ لَيَقُولَنَّ هَٰذَا لِي وَمَآ أَظُنُّ ٱلسَّاعَةَ قَآئِمَةٗ وَلَئِن رُّجِعۡتُ إِلَىٰ رَبِّيٓ إِنَّ لِي عِندَهُۥ لَلۡحُسۡنَىٰۚ فَلَنُنَبِّئَنَّ ٱلَّذِينَ كَفَرُواْ بِمَا عَمِلُواْ وَلَنُذِيقَنَّهُم مِّنۡ عَذَابٍ غَلِيظٖ</textIndopak>
    <translations>
      <translation>
        <author>King Fahad Quran Complex</author>
        <text>Dan jika Kami merasakan kepadanya sesuatu rahmat dari Kami sesudah dia ditimpa kesusahan, pastilah dia berkata, "Ini adalah hakku dan aku tidak yakin bahwa hari kiamat itu akan datang. Dan jika aku dikembalikan kepada Tuhan-ku, maka sesungguhnya aku akan memperoleh kebaikan pada sisi-Nya". Maka Kami benar-benar akan memberitakan kepada orang-orang kafir, apa yang telah mereka kerjakan dan akan Kami rasakan kepada mereka azab yang keras.</text>
      </translation>
    </translations>
    <rules>[{"start": 30, "end": 33, "rule_id": 0}, {"start": 33, "end": 36, "rule_id": 0}, {"start": 79, "end": 82, "rule_id": 0}, {"start": 105, "end": 108, "rule_id": 0}, {"start": 166, "end": 169, "rule_id": 0}, {"start": 211, "end": 214, "rule_id": 0}, {"start": 262, "end": 265, "rule_id": 0}, {"start": 269, "end": 272, "rule_id": 0}, {"start": 13, "end": 15, "rule_id": 1}, {"start": 40, "end": 45, "rule_id": 2}, {"start": 27, "end": 33, "rule_id": 3}, {"start": 128, "end": 133, "rule_id": 3}, {"start": 267, "end": 272, "rule_id": 4}, {"start": 137, "end": 142, "rule_id": 5}, {"start": 176, "end": 179, "rule_id": 6}]</rules>
  </verse>
  <verse>
    <verseIdArabic>٥١</verseIdArabic>
    <verseId>51</verseId>
    <chapterId>41</chapterId>
    <textIndopak>وَإِذَآ أَنۡعَمۡنَا عَلَى ٱلۡإِنسَٰنِ أَعۡرَضَ وَنَـَٔا بِجَانِبِهِۦ وَإِذَا مَسَّهُ ٱلشَّرُّ فَذُو دُعَآءٍ عَرِيضٖ</textIndopak>
    <translations>
      <translation>
        <author>King Fahad Quran Complex</author>
        <text>Dan apabila Kami memberikan nikmat kepada manusia, ia berpaling dan menjauhkan diri; tetapi apabila ia ditimpa malapetaka, maka ia banyak berdoa.</text>
      </translation>
    </translations>
    <rules>[{"start": 32, "end": 36, "rule_id": 6}]</rules>
  </verse>
  <verse>
    <verseIdArabic>٥٢</verseIdArabic>
    <verseId>52</verseId>
    <chapterId>41</chapterId>
    <textIndopak>قُلۡ أَرَءَيۡتُمۡ إِن كَانَ مِنۡ عِندِ ٱللَّهِ ثُمَّ كَفَرۡتُم بِهِۦ مَنۡ أَضَلُّ مِمَّنۡ هُوَ فِي شِقَاقِۭ بَعِيدٖ</textIndopak>
    <translations>
      <translation>
        <author>King Fahad Quran Complex</author>
        <text>Katakanlah, "Bagaimana pendapatmu jika (Al-Qur`ān) itu datang dari sisi Allah, kemudian kamu mengingkarinya. Siapakah yang lebih sesat daripada orang yang selalu berada dalam penyimpangan yang jauh?"</text>
      </translation>
    </translations>
    <rules>[{"start": 49, "end": 52, "rule_id": 0}, {"start": 84, "end": 87, "rule_id": 0}, {"start": 113, "end": 115, "rule_id": 1}, {"start": 104, "end": 110, "rule_id": 2}, {"start": 20, "end": 24, "rule_id": 6}, {"start": 35, "end": 38, "rule_id": 6}, {"start": 61, "end": 65, "rule_id": 7}]</rules>
  </verse>
  <verse>
    <verseIdArabic>٥٣</verseIdArabic>
    <verseId>53</verseId>
    <chapterId>41</chapterId>
    <textIndopak>سَنُرِيهِمۡ ءَايَٰتِنَا فِي ٱلۡأٓفَاقِ وَفِيٓ أَنفُسِهِمۡ حَتَّىٰ يَتَبَيَّنَ لَهُمۡ أَنَّهُ ٱلۡحَقُّۗ أَوَلَمۡ يَكۡفِ بِرَبِّكَ أَنَّهُۥ عَلَىٰ كُلِّ شَيۡءٖ شَهِيدٌ</textIndopak>
    <translations>
      <translation>
        <author>King Fahad Quran Complex</author>
        <text>Kami akan memperlihatkan kepada mereka tanda-tanda (kekuasaan) Kami di segenap ufuk dan pada diri mereka sendiri sehingga jelaslah bagi mereka bahwa Al-Qur`ān itu adalah benar. Dan apakah Tuhan-mu tidak cukup (bagi kamu) bahwa sesungguhnya Dia menyaksikan segala sesuatu?</text>
      </translation>
    </translations>
    <rules>[{"start": 88, "end": 91, "rule_id": 0}, {"start": 133, "end": 136, "rule_id": 0}, {"start": 165, "end": 167, "rule_id": 1}, {"start": 49, "end": 52, "rule_id": 6}, {"start": 157, "end": 162, "rule_id": 6}]</rules>
  </verse>
  <verse>
    <verseIdArabic>٥٤</verseIdArabic>
    <verseId>54</verseId>
    <chapterId>41</chapterId>
    <textIndopak>أَلَآ إِنَّهُمۡ فِي مِرۡيَةٖ مِّن لِّقَآءِ رَبِّهِمۡۗ أَلَآ إِنَّهُۥ بِكُلِّ شَيۡءٖ مُّحِيطُۢ</textIndopak>
    <translations>
      <translation>
        <author>King Fahad Quran Complex</author>
        <text>Ingatlah bahwa sesungguhnya mereka adalah dalam keraguan tentang pertemuan dengan Tuhan mereka. Ingatlah bahwa sesungguhnya Dia Maha Meliputi segala sesuatu.</text>
      </translation>
    </translations>
    <rules>[{"start": 9, "end": 12, "rule_id": 0}, {"start": 30, "end": 33, "rule_id": 0}, {"start": 66, "end": 69, "rule_id": 0}, {"start": 88, "end": 91, "rule_id": 0}, {"start": 94, "end": 97, "rule_id": 1}, {"start": 27, "end": 33, "rule_id": 3}, {"start": 85, "end": 91, "rule_id": 3}, {"start": 33, "end": 38, "rule_id": 5}]</rules>
  </verse>
</verses>
