<?xml version="1.0" encoding="UTF-8"?>

<verses>
  <verse>
    <verseIdArabic>١</verseIdArabic>
    <verseId>1</verseId>
    <chapterId>42</chapterId>
    <textIndopak>حمٓ</textIndopak>
    <translations>
      <translation>
        <author>King Fahad Quran Complex</author>
        <text>Ḥā Mīm .</text>
      </translation>
    </translations>
  </verse>
  <verse>
    <verseIdArabic>٢</verseIdArabic>
    <verseId>2</verseId>
    <chapterId>42</chapterId>
    <textIndopak>عٓسٓقٓ</textIndopak>
    <translations>
      <translation>
        <author>King Fahad Quran Complex</author>
        <text>ʻAin Sīn Qāf .</text>
      </translation>
    </translations>
    <rules>[{"start": 4, "end": 6, "rule_id": 1}]</rules>
  </verse>
  <verse>
    <verseIdArabic>٣</verseIdArabic>
    <verseId>3</verseId>
    <chapterId>42</chapterId>
    <textIndopak>كَذَٰلِكَ يُوحِيٓ إِلَيۡكَ وَإِلَى ٱلَّذِينَ مِن قَبۡلِكَ ٱللَّهُ ٱلۡعَزِيزُ ٱلۡحَكِيمُ</textIndopak>
    <translations>
      <translation>
        <author>King Fahad Quran Complex</author>
        <text>Demikianlah, Allah Yang Maha Perkasa lagi Maha Bijaksana mewahyukan kepada kamu dan kepada orang-orang sebelum kamu.</text>
      </translation>
    </translations>
    <rules>[{"start": 51, "end": 53, "rule_id": 1}, {"start": 47, "end": 51, "rule_id": 6}]</rules>
  </verse>
  <verse>
    <verseIdArabic>٤</verseIdArabic>
    <verseId>4</verseId>
    <chapterId>42</chapterId>
    <textIndopak>لَهُۥ مَا فِي ٱلسَّمَٰوَٰتِ وَمَا فِي ٱلۡأَرۡضِۖ وَهُوَ ٱلۡعَلِيُّ ٱلۡعَظِيمُ</textIndopak>
    <translations>
      <translation>
        <author>King Fahad Quran Complex</author>
        <text>Kepunyaan-Nya-lah apa yang ada di langit dan apa yang ada di bumi. Dan Dialah yang Maha Tinggi lagi Maha Besar.</text>
      </translation>
    </translations>
  </verse>
  <verse>
    <verseIdArabic>٥</verseIdArabic>
    <verseId>5</verseId>
    <chapterId>42</chapterId>
    <textIndopak>تَكَادُ ٱلسَّمَٰوَٰتُ يَتَفَطَّرۡنَ مِن فَوۡقِهِنَّۚ وَٱلۡمَلَٰٓئِكَةُ يُسَبِّحُونَ بِحَمۡدِ رَبِّهِمۡ وَيَسۡتَغۡفِرُونَ لِمَن فِي ٱلۡأَرۡضِۗ أَلَآ إِنَّ ٱللَّهَ هُوَ ٱلۡغَفُورُ ٱلرَّحِيمُ</textIndopak>
    <translations>
      <translation>
        <author>King Fahad Quran Complex</author>
        <text>Hampir saja langit itu pecah dari sebelah atasnya (karena kebesaran Tuhan) dan malaikat-malaikat bertasbih serta memuji Tuhan-nya dan memohonkan ampun bagi orang-orang yang ada di bumi. Ingatlah bahwa sesungguhnya Allah Dia-lah Yang Maha Pengampun lagi Penyayang.</text>
      </translation>
    </translations>
    <rules>[{"start": 48, "end": 51, "rule_id": 0}, {"start": 153, "end": 156, "rule_id": 0}, {"start": 38, "end": 42, "rule_id": 6}, {"start": 126, "end": 130, "rule_id": 6}]</rules>
  </verse>
  <verse>
    <verseIdArabic>٦</verseIdArabic>
    <verseId>6</verseId>
    <chapterId>42</chapterId>
    <textIndopak>وَٱلَّذِينَ ٱتَّخَذُواْ مِن دُونِهِۦٓ أَوۡلِيَآءَ ٱللَّهُ حَفِيظٌ عَلَيۡهِمۡ وَمَآ أَنتَ عَلَيۡهِم بِوَكِيلٖ</textIndopak>
    <translations>
      <translation>
        <author>King Fahad Quran Complex</author>
        <text>Dan orang-orang yang mengambil pelindung-pelindung selain Allah, Allah mengawasi (perbuatan) mereka; dan kamu (ya Muhammad) bukanlah orang yang diserahi mengawasi mereka.</text>
      </translation>
    </translations>
    <rules>[{"start": 26, "end": 30, "rule_id": 6}, {"start": 87, "end": 90, "rule_id": 6}, {"start": 99, "end": 103, "rule_id": 7}]</rules>
  </verse>
  <verse>
    <verseIdArabic>٧</verseIdArabic>
    <verseId>7</verseId>
    <chapterId>42</chapterId>
    <textIndopak>وَكَذَٰلِكَ أَوۡحَيۡنَآ إِلَيۡكَ قُرۡءَانًا عَرَبِيّٗا لِّتُنذِرَ أُمَّ ٱلۡقُرَىٰ وَمَنۡ حَوۡلَهَا وَتُنذِرَ يَوۡمَ ٱلۡجَمۡعِ لَا رَيۡبَ فِيهِۚ فَرِيقٞ فِي ٱلۡجَنَّةِ وَفَرِيقٞ فِي ٱلسَّعِيرِ</textIndopak>
    <translations>
      <translation>
        <author>King Fahad Quran Complex</author>
        <text>Demikianlah Kami wahyukan kepadamu Al-Qur`ān dalam bahasa Arab supaya kamu memberi peringatan kepada ummul Qurā (penduduk Mekah) dan penduduk (negeri-negeri) sekelilingnya serta memberi peringatan (pula) tentang hari berkumpul (kiamat) yang tidak ada keraguan padanya. Segolongan masuk surga dan segolongan masuk neraka.</text>
      </translation>
    </translations>
    <rules>[{"start": 69, "end": 72, "rule_id": 0}, {"start": 163, "end": 166, "rule_id": 0}, {"start": 51, "end": 59, "rule_id": 5}, {"start": 61, "end": 64, "rule_id": 6}, {"start": 104, "end": 107, "rule_id": 6}, {"start": 151, "end": 156, "rule_id": 6}, {"start": 176, "end": 181, "rule_id": 6}]</rules>
  </verse>
  <verse>
    <verseIdArabic>٨</verseIdArabic>
    <verseId>8</verseId>
    <chapterId>42</chapterId>
    <textIndopak>وَلَوۡ شَآءَ ٱللَّهُ لَجَعَلَهُمۡ أُمَّةٗ وَٰحِدَةٗ وَلَٰكِن يُدۡخِلُ مَن يَشَآءُ فِي رَحۡمَتِهِۦۚ وَٱلظَّٰلِمُونَ مَا لَهُم مِّن وَلِيّٖ وَلَا نَصِيرٍ</textIndopak>
    <translations>
      <translation>
        <author>King Fahad Quran Complex</author>
        <text>Dan kalau Allah menghendaki, niscaya Allah menjadikan mereka satu umat (saja), tetapi Dia memasukkan orang-orang yang dikehendaki-Nya ke dalam rahmat-Nya. Dan orang-orang yang zalim, tidak ada bagi mereka seorang pelindungpun dan tidak pula seorang penolong.</text>
      </translation>
    </translations>
    <rules>[{"start": 37, "end": 40, "rule_id": 0}, {"start": 128, "end": 131, "rule_id": 0}, {"start": 64, "end": 66, "rule_id": 1}, {"start": 60, "end": 64, "rule_id": 3}, {"start": 73, "end": 77, "rule_id": 3}, {"start": 131, "end": 135, "rule_id": 3}, {"start": 40, "end": 46, "rule_id": 3}, {"start": 50, "end": 55, "rule_id": 3}, {"start": 137, "end": 143, "rule_id": 3}, {"start": 126, "end": 131, "rule_id": 4}]</rules>
  </verse>
  <verse>
    <verseIdArabic>٩</verseIdArabic>
    <verseId>9</verseId>
    <chapterId>42</chapterId>
    <textIndopak>أَمِ ٱتَّخَذُواْ مِن دُونِهِۦٓ أَوۡلِيَآءَۖ فَٱللَّهُ هُوَ ٱلۡوَلِيُّ وَهُوَ يُحۡيِ ٱلۡمَوۡتَىٰ وَهُوَ عَلَىٰ كُلِّ شَيۡءٖ قَدِيرٞ</textIndopak>
    <translations>
      <translation>
        <author>King Fahad Quran Complex</author>
        <text>Atau patutkah mereka mengambil pelindung-pelindung selain Allah? Maka Allah, Dia-lah pelindung (yang sebenarnya) dan Dia menghidupkan orang-orang yang mati dan Dia adalah Maha Kuasa atas segala sesuatu.</text>
      </translation>
    </translations>
    <rules>[{"start": 19, "end": 23, "rule_id": 6}, {"start": 122, "end": 127, "rule_id": 6}]</rules>
  </verse>
  <verse>
    <verseIdArabic>١٠</verseIdArabic>
    <verseId>10</verseId>
    <chapterId>42</chapterId>
    <textIndopak>وَمَا ٱخۡتَلَفۡتُمۡ فِيهِ مِن شَيۡءٖ فَحُكۡمُهُۥٓ إِلَى ٱللَّهِۚ ذَٰلِكُمُ ٱللَّهُ رَبِّي عَلَيۡهِ تَوَكَّلۡتُ وَإِلَيۡهِ أُنِيبُ</textIndopak>
    <translations>
      <translation>
        <author>King Fahad Quran Complex</author>
        <text>Tentang sesuatu apa pun kamu berselisih, maka putusannya (terserah) kepada Allah. (Yang mempunyai sifat-sifat demikian) itulah Allah Tuhan-ku. Kepada-Nya lah aku bertawakal dan kepada-Nya-lah aku kembali.</text>
      </translation>
    </translations>
    <rules>[{"start": 128, "end": 130, "rule_id": 1}, {"start": 28, "end": 32, "rule_id": 6}, {"start": 34, "end": 39, "rule_id": 6}]</rules>
  </verse>
  <verse>
    <verseIdArabic>١١</verseIdArabic>
    <verseId>11</verseId>
    <chapterId>42</chapterId>
    <textIndopak>فَاطِرُ ٱلسَّمَٰوَٰتِ وَٱلۡأَرۡضِۚ جَعَلَ لَكُم مِّنۡ أَنفُسِكُمۡ أَزۡوَٰجٗا وَمِنَ ٱلۡأَنۡعَٰمِ أَزۡوَٰجٗا يَذۡرَؤُكُمۡ فِيهِۚ لَيۡسَ كَمِثۡلِهِۦ شَيۡءٞۖ وَهُوَ ٱلسَّمِيعُ ٱلۡبَصِيرُ</textIndopak>
    <translations>
      <translation>
        <author>King Fahad Quran Complex</author>
        <text>(Dia) Pencipta langit dan bumi. Dia menjadikan bagi kamu dari jenis kamu sendiri pasangan-pasangan dan dari jenis binatang ternak pasangan-pasangan (pula); dijadikan-Nya kamu berkembang biak dengan jalan itu. Tidak ada sesuatu pun yang serupa dengan Dia, dan Dia-lah yang Maha Mendengar dan Melihat.</text>
      </translation>
    </translations>
    <rules>[{"start": 49, "end": 52, "rule_id": 0}, {"start": 74, "end": 80, "rule_id": 3}, {"start": 105, "end": 113, "rule_id": 3}, {"start": 155, "end": 162, "rule_id": 3}, {"start": 47, "end": 52, "rule_id": 4}, {"start": 57, "end": 60, "rule_id": 6}]</rules>
  </verse>
  <verse>
    <verseIdArabic>١٢</verseIdArabic>
    <verseId>12</verseId>
    <chapterId>42</chapterId>
    <textIndopak>لَهُۥ مَقَالِيدُ ٱلسَّمَٰوَٰتِ وَٱلۡأَرۡضِۖ يَبۡسُطُ ٱلرِّزۡقَ لِمَن يَشَآءُ وَيَقۡدِرُۚ إِنَّهُۥ بِكُلِّ شَيۡءٍ عَلِيمٞ</textIndopak>
    <translations>
      <translation>
        <author>King Fahad Quran Complex</author>
        <text>Kepunyaan-Nya-lah perbendaharaan langit dan bumi; Dia melapangkan rezeki bagi siapa yang dikehendaki-Nya dan menyempitkan(nya). Sesungguhnya Dia Maha Mengetahui segala sesuatu.</text>
      </translation>
    </translations>
    <rules>[{"start": 94, "end": 97, "rule_id": 0}, {"start": 47, "end": 49, "rule_id": 1}, {"start": 83, "end": 85, "rule_id": 1}, {"start": 68, "end": 72, "rule_id": 3}]</rules>
  </verse>
  <verse>
    <verseIdArabic>١٣</verseIdArabic>
    <verseId>13</verseId>
    <chapterId>42</chapterId>
    <textIndopak>۞ شَرَعَ لَكُم مِّنَ ٱلدِّينِ مَا وَصَّىٰ بِهِۦ نُوحٗا وَٱلَّذِيٓ أَوۡحَيۡنَآ إِلَيۡكَ وَمَا وَصَّيۡنَا بِهِۦٓ إِبۡرَٰهِيمَ وَمُوسَىٰ وَعِيسَىٰٓۖ أَنۡ أَقِيمُواْ ٱلدِّينَ وَلَا تَتَفَرَّقُواْ فِيهِۚ كَبُرَ عَلَى ٱلۡمُشۡرِكِينَ مَا تَدۡعُوهُمۡ إِلَيۡهِۚ ٱللَّهُ يَجۡتَبِيٓ إِلَيۡهِ مَن يَشَآءُ وَيَهۡدِيٓ إِلَيۡهِ مَن يُنِيبُ</textIndopak>
    <translations>
      <translation>
        <author>King Fahad Quran Complex</author>
        <text>Dia telah mensyariatkan bagi kamu tentang agama apa yang telah diwasiatkan-Nya kepada Nūḥ dan apa yang telah Kami wahyukan kepadamu dan apa yang telah Kami wasiatkan kepada Ibrāhīm, Musa, dan `Isa, yaitu, Tegakkanlah agama dan janganlah kamu berpecah belah tentangnya. Amat berat bagi orang-orang musyrik agama yang kamu seru mereka kepadanya. Allah menarik kepada agama itu orang yang dikehendaki-Nya dan memberi petunjuk kepada (agama)-Nya orang yang kembali (kepada-Nya).</text>
      </translation>
    </translations>
    <rules>[{"start": 15, "end": 18, "rule_id": 0}, {"start": 114, "end": 116, "rule_id": 1}, {"start": 236, "end": 238, "rule_id": 1}, {"start": 267, "end": 269, "rule_id": 1}, {"start": 327, "end": 329, "rule_id": 1}, {"start": 287, "end": 291, "rule_id": 3}, {"start": 320, "end": 324, "rule_id": 3}, {"start": 51, "end": 57, "rule_id": 3}, {"start": 13, "end": 18, "rule_id": 4}]</rules>
  </verse>
  <verse>
    <verseIdArabic>١٤</verseIdArabic>
    <verseId>14</verseId>
    <chapterId>42</chapterId>
    <textIndopak>وَمَا تَفَرَّقُوٓاْ إِلَّا مِنۢ بَعۡدِ مَا جَآءَهُمُ ٱلۡعِلۡمُ بَغۡيَۢا بَيۡنَهُمۡۚ وَلَوۡلَا كَلِمَةٞ سَبَقَتۡ مِن رَّبِّكَ إِلَىٰٓ أَجَلٖ مُّسَمّٗى لَّقُضِيَ بَيۡنَهُمۡۚ وَإِنَّ ٱلَّذِينَ أُورِثُواْ ٱلۡكِتَٰبَ مِنۢ بَعۡدِهِمۡ لَفِي شَكّٖ مِّنۡهُ مُرِيبٖ</textIndopak>
    <translations>
      <translation>
        <author>King Fahad Quran Complex</author>
        <text>Dan mereka (ahli kitab) tidak berpecah belah, melainkan sesudah datangnya pengetahuan kepada mereka karena kedengkian di antara mereka. Kalau tidaklah karena sesuatu ketetapan yang telah ada dari Tuhan-mu dahulunya (untuk menangguhkan azab) sampai kepada waktu yang ditentukan, pastilah mereka telah dibinasakan. Dan sesungguhnya, orang-orang yang diwariskan kepada mereka Alkitab (Taurat dan Injil) sesudah mereka, benar-benar berada dalam keraguan yang menggoncangkan tentang kitab itu.</text>
      </translation>
    </translations>
    <rules>[{"start": 142, "end": 145, "rule_id": 0}, {"start": 147, "end": 150, "rule_id": 0}, {"start": 179, "end": 182, "rule_id": 0}, {"start": 243, "end": 246, "rule_id": 0}, {"start": 256, "end": 258, "rule_id": 1}, {"start": 29, "end": 34, "rule_id": 2}, {"start": 217, "end": 222, "rule_id": 2}, {"start": 139, "end": 145, "rule_id": 3}, {"start": 239, "end": 246, "rule_id": 3}, {"start": 116, "end": 121, "rule_id": 5}, {"start": 102, "end": 107, "rule_id": 6}]</rules>
  </verse>
  <verse>
    <verseIdArabic>١٥</verseIdArabic>
    <verseId>15</verseId>
    <chapterId>42</chapterId>
    <textIndopak>فَلِذَٰلِكَ فَٱدۡعُۖ وَٱسۡتَقِمۡ كَمَآ أُمِرۡتَۖ وَلَا تَتَّبِعۡ أَهۡوَآءَهُمۡۖ وَقُلۡ ءَامَنتُ بِمَآ أَنزَلَ ٱللَّهُ مِن كِتَٰبٖۖ وَأُمِرۡتُ لِأَعۡدِلَ بَيۡنَكُمُۖ ٱللَّهُ رَبُّنَا وَرَبُّكُمۡۖ لَنَآ أَعۡمَٰلُنَا وَلَكُمۡ أَعۡمَٰلُكُمۡۖ لَا حُجَّةَ بَيۡنَنَا وَبَيۡنَكُمُۖ ٱللَّهُ يَجۡمَعُ بَيۡنَنَاۖ وَإِلَيۡهِ ٱلۡمَصِيرُ</textIndopak>
    <translations>
      <translation>
        <author>King Fahad Quran Complex</author>
        <text>Maka karena itu, serulah (mereka kepada agama itu) dan tetaplah sebagaimana diperintahkan kepadamu dan janganlah mengikuti hawa nafsu mereka dan katakanlah, "Aku beriman kepada semua kitab yang diturunkan Allah dan aku diperintahkan supaya berlaku adil di antara kamu. Allah-lah Tuhan kami dan Tuhan kamu. Bagi kami, amal-amal kami dan bagi kamu, amal-amal kamu. Tidak ada pertengkaran antara kami dan kamu; Allah mengumpulkan antara kita dan kepada-Nyalah kembali (kita)".</text>
      </translation>
    </translations>
    <rules>[{"start": 15, "end": 17, "rule_id": 1}, {"start": 296, "end": 298, "rule_id": 1}, {"start": 133, "end": 140, "rule_id": 3}, {"start": 97, "end": 100, "rule_id": 6}, {"start": 110, "end": 113, "rule_id": 6}, {"start": 126, "end": 130, "rule_id": 6}]</rules>
  </verse>
  <verse>
    <verseIdArabic>١٦</verseIdArabic>
    <verseId>16</verseId>
    <chapterId>42</chapterId>
    <textIndopak>وَٱلَّذِينَ يُحَآجُّونَ فِي ٱللَّهِ مِنۢ بَعۡدِ مَا ٱسۡتُجِيبَ لَهُۥ حُجَّتُهُمۡ دَاحِضَةٌ عِندَ رَبِّهِمۡ وَعَلَيۡهِمۡ غَضَبٞ وَلَهُمۡ عَذَابٞ شَدِيدٌ</textIndopak>
    <translations>
      <translation>
        <author>King Fahad Quran Complex</author>
        <text>Dan orang-orang yang membantah (agama) Allah sesudah agama itu diterima, maka bantahan mereka itu sia-sia saja di sisi Tuhan mereka. Mereka mendapat kemurkaan (Allah) dan bagi mereka azab yang sangat keras.</text>
      </translation>
    </translations>
    <rules>[{"start": 150, "end": 152, "rule_id": 1}, {"start": 39, "end": 44, "rule_id": 2}, {"start": 125, "end": 130, "rule_id": 3}, {"start": 94, "end": 97, "rule_id": 6}, {"start": 142, "end": 147, "rule_id": 6}]</rules>
  </verse>
  <verse>
    <verseIdArabic>١٧</verseIdArabic>
    <verseId>17</verseId>
    <chapterId>42</chapterId>
    <textIndopak>ٱللَّهُ ٱلَّذِيٓ أَنزَلَ ٱلۡكِتَٰبَ بِٱلۡحَقِّ وَٱلۡمِيزَانَۗ وَمَا يُدۡرِيكَ لَعَلَّ ٱلسَّاعَةَ قَرِيبٞ</textIndopak>
    <translations>
      <translation>
        <author>King Fahad Quran Complex</author>
        <text>Allah-lah yang menurunkan kitab dengan (membawa) kebenaran dan (menurunkan) neraca (keadilan). Dan tahukah kamu, boleh jadi hari kiamat itu (sudah) dekat?</text>
      </translation>
    </translations>
    <rules>[{"start": 71, "end": 73, "rule_id": 1}, {"start": 103, "end": 105, "rule_id": 1}, {"start": 19, "end": 22, "rule_id": 6}]</rules>
  </verse>
  <verse>
    <verseIdArabic>١٨</verseIdArabic>
    <verseId>18</verseId>
    <chapterId>42</chapterId>
    <textIndopak>يَسۡتَعۡجِلُ بِهَا ٱلَّذِينَ لَا يُؤۡمِنُونَ بِهَاۖ وَٱلَّذِينَ ءَامَنُواْ مُشۡفِقُونَ مِنۡهَا وَيَعۡلَمُونَ أَنَّهَا ٱلۡحَقُّۗ أَلَآ إِنَّ ٱلَّذِينَ يُمَارُونَ فِي ٱلسَّاعَةِ لَفِي ضَلَٰلِۭ بَعِيدٍ</textIndopak>
    <translations>
      <translation>
        <author>King Fahad Quran Complex</author>
        <text>Orang-orang yang tidak beriman kepada hari kiamat meminta supaya hari itu segera didatangkan dan orang-orang yang beriman merasa takut kepadanya dan mereka yakin bahwa kiamat itu adalah benar (akan terjadi). Ketahuilah bahwa sesungguhnya orang-orang yang membantah tentang terjadinya kiamat itu benar-benar dalam kesesatan yang jauh.</text>
      </translation>
    </translations>
    <rules>[{"start": 112, "end": 115, "rule_id": 0}, {"start": 139, "end": 142, "rule_id": 0}, {"start": 199, "end": 201, "rule_id": 1}, {"start": 190, "end": 196, "rule_id": 2}]</rules>
  </verse>
  <verse>
    <verseIdArabic>١٩</verseIdArabic>
    <verseId>19</verseId>
    <chapterId>42</chapterId>
    <textIndopak>ٱللَّهُ لَطِيفُۢ بِعِبَادِهِۦ يَرۡزُقُ مَن يَشَآءُۖ وَهُوَ ٱلۡقَوِيُّ ٱلۡعَزِيزُ</textIndopak>
    <translations>
      <translation>
        <author>King Fahad Quran Complex</author>
        <text>Allah Maha lembut terhadap hamba-hamba-Nya; Dia memberi rezeki kepada yang dikehendaki-Nya dan Dia-lah Yang Maha Kuat lagi Maha Perkasa.</text>
      </translation>
    </translations>
    <rules>[{"start": 13, "end": 19, "rule_id": 2}, {"start": 41, "end": 45, "rule_id": 3}]</rules>
  </verse>
  <verse>
    <verseIdArabic>٢٠</verseIdArabic>
    <verseId>20</verseId>
    <chapterId>42</chapterId>
    <textIndopak>مَن كَانَ يُرِيدُ حَرۡثَ ٱلۡأٓخِرَةِ نَزِدۡ لَهُۥ فِي حَرۡثِهِۦۖ وَمَن كَانَ يُرِيدُ حَرۡثَ ٱلدُّنۡيَا نُؤۡتِهِۦ مِنۡهَا وَمَا لَهُۥ فِي ٱلۡأٓخِرَةِ مِن نَّصِيبٍ</textIndopak>
    <translations>
      <translation>
        <author>King Fahad Quran Complex</author>
        <text>Barang siapa yang menghendaki keuntungan di akhirat akan Kami tambah keuntungan itu baginya dan barang siapa yang menghendaki keuntungan di dunia, Kami berikan kepadanya sebagian dari keuntungan dunia dan tidak ada baginya suatu bagian pun di akhirat.</text>
      </translation>
    </translations>
    <rules>[{"start": 156, "end": 159, "rule_id": 0}, {"start": 42, "end": 44, "rule_id": 1}, {"start": 162, "end": 164, "rule_id": 1}, {"start": 154, "end": 159, "rule_id": 3}, {"start": 2, "end": 6, "rule_id": 6}, {"start": 71, "end": 75, "rule_id": 6}]</rules>
  </verse>
  <verse>
    <verseIdArabic>٢١</verseIdArabic>
    <verseId>21</verseId>
    <chapterId>42</chapterId>
    <textIndopak>أَمۡ لَهُمۡ شُرَكَٰٓؤُاْ شَرَعُواْ لَهُم مِّنَ ٱلدِّينِ مَا لَمۡ يَأۡذَنۢ بِهِ ٱللَّهُۚ وَلَوۡلَا كَلِمَةُ ٱلۡفَصۡلِ لَقُضِيَ بَيۡنَهُمۡۗ وَإِنَّ ٱلظَّٰلِمِينَ لَهُمۡ عَذَابٌ أَلِيمٞ</textIndopak>
    <translations>
      <translation>
        <author>King Fahad Quran Complex</author>
        <text>Apakah mereka mempunyai sembahan-sembahan selain Allah yang mensyariatkan untuk mereka agama yang tidak diizinkan Allah? Sekiranya tak ada ketetapan yang menentukan (dari Allah), tentulah mereka telah dibinasakan. Dan sesungguhnya, orang-orang yang zalim itu akan memperoleh azab yang amat pedih.</text>
      </translation>
    </translations>
    <rules>[{"start": 41, "end": 44, "rule_id": 0}, {"start": 144, "end": 147, "rule_id": 0}, {"start": 71, "end": 76, "rule_id": 2}, {"start": 39, "end": 44, "rule_id": 4}]</rules>
  </verse>
  <verse>
    <verseIdArabic>٢٢</verseIdArabic>
    <verseId>22</verseId>
    <chapterId>42</chapterId>
    <textIndopak>تَرَى ٱلظَّٰلِمِينَ مُشۡفِقِينَ مِمَّا كَسَبُواْ وَهُوَ وَاقِعُۢ بِهِمۡۗ وَٱلَّذِينَ ءَامَنُواْ وَعَمِلُواْ ٱلصَّٰلِحَٰتِ فِي رَوۡضَاتِ ٱلۡجَنَّاتِۖ لَهُم مَّا يَشَآءُونَ عِندَ رَبِّهِمۡۚ ذَٰلِكَ هُوَ ٱلۡفَضۡلُ ٱلۡكَبِيرُ</textIndopak>
    <translations>
      <translation>
        <author>King Fahad Quran Complex</author>
        <text>Kamu lihat orang-orang yang zalim sangat ketakutan karena kejahatan-kejahatan yang telah mereka kerjakan, sedang siksaan menimpa mereka. Dan orang-orang yang beriman serta mengerjakan amal saleh (berada) di dalam taman-taman surga, mereka memperoleh apa yang mereka kehendaki di sisi Tuhan mereka. Yang demikian itu adalah karunia yang besar.</text>
      </translation>
    </translations>
    <rules>[{"start": 34, "end": 37, "rule_id": 0}, {"start": 142, "end": 145, "rule_id": 0}, {"start": 157, "end": 160, "rule_id": 0}, {"start": 61, "end": 67, "rule_id": 2}, {"start": 155, "end": 160, "rule_id": 4}, {"start": 176, "end": 179, "rule_id": 6}]</rules>
  </verse>
  <verse>
    <verseIdArabic>٢٣</verseIdArabic>
    <verseId>23</verseId>
    <chapterId>42</chapterId>
    <textIndopak>ذَٰلِكَ ٱلَّذِي يُبَشِّرُ ٱللَّهُ عِبَادَهُ ٱلَّذِينَ ءَامَنُواْ وَعَمِلُواْ ٱلصَّٰلِحَٰتِۗ قُل لَّآ أَسۡـَٔلُكُمۡ عَلَيۡهِ أَجۡرًا إِلَّا ٱلۡمَوَدَّةَ فِي ٱلۡقُرۡبَىٰۗ وَمَن يَقۡتَرِفۡ حَسَنَةٗ نَّزِدۡ لَهُۥ فِيهَا حُسۡنًاۚ إِنَّ ٱللَّهَ غَفُورٞ شَكُورٌ</textIndopak>
    <translations>
      <translation>
        <author>King Fahad Quran Complex</author>
        <text>Itulah (karunia) yang (dengan itu) Allah menggembirakan hamba-hamba-Nya yang beriman dan mengerjakan amal yang saleh. Katakanlah, "Aku tidak meminta kepadamu sesuatu upah pun atas seruanku, kecuali kasih sayang dalam kekeluargaan". Dan siapa yang mengerjakan kebaikan akan Kami tambahkan baginya kebaikan pada kebaikannya itu. Sesungguhnya Allah Maha Pengampun lagi Maha Mensyukuri .</text>
      </translation>
    </translations>
    <rules>[{"start": 198, "end": 201, "rule_id": 0}, {"start": 231, "end": 234, "rule_id": 0}, {"start": 128, "end": 130, "rule_id": 1}, {"start": 180, "end": 182, "rule_id": 1}, {"start": 203, "end": 205, "rule_id": 1}, {"start": 176, "end": 180, "rule_id": 3}, {"start": 195, "end": 201, "rule_id": 3}, {"start": 248, "end": 253, "rule_id": 6}]</rules>
  </verse>
  <verse>
    <verseIdArabic>٢٤</verseIdArabic>
    <verseId>24</verseId>
    <chapterId>42</chapterId>
    <textIndopak>أَمۡ يَقُولُونَ ٱفۡتَرَىٰ عَلَى ٱللَّهِ كَذِبٗاۖ فَإِن يَشَإِ ٱللَّهُ يَخۡتِمۡ عَلَىٰ قَلۡبِكَۗ وَيَمۡحُ ٱللَّهُ ٱلۡبَٰطِلَ وَيُحِقُّ ٱلۡحَقَّ بِكَلِمَٰتِهِۦٓۚ إِنَّهُۥ عَلِيمُۢ بِذَاتِ ٱلصُّدُورِ</textIndopak>
    <translations>
      <translation>
        <author>King Fahad Quran Complex</author>
        <text>Bahkan, mereka mengatakan, "Dia (Muhammad) telah mengada-adakan dusta terhadap Allah". Maka jika Allah menghendaki, niscaya Dia mengunci mati hatimu dan Allah menghapuskan yang batil dan membenarkan yang hak dengan kalimat-kalimat-Nya (Al-Qur`ān). Sesungguhnya Dia Maha Mengetahui segala isi hati.</text>
      </translation>
    </translations>
    <rules>[{"start": 165, "end": 168, "rule_id": 0}, {"start": 177, "end": 183, "rule_id": 2}, {"start": 54, "end": 58, "rule_id": 3}]</rules>
  </verse>
  <verse>
    <verseIdArabic>٢٥</verseIdArabic>
    <verseId>25</verseId>
    <chapterId>42</chapterId>
    <textIndopak>وَهُوَ ٱلَّذِي يَقۡبَلُ ٱلتَّوۡبَةَ عَنۡ عِبَادِهِۦ وَيَعۡفُواْ عَنِ ٱلسَّيِّـَٔاتِ وَيَعۡلَمُ مَا تَفۡعَلُونَ</textIndopak>
    <translations>
      <translation>
        <author>King Fahad Quran Complex</author>
        <text>Dan Dia-lah yang menerima tobat dari hamba-hamba-Nya dan memaafkan kesalahan-kesalahan dan mengetahui apa yang kamu kerjakan,</text>
      </translation>
    </translations>
    <rules>[{"start": 17, "end": 19, "rule_id": 1}]</rules>
  </verse>
  <verse>
    <verseIdArabic>٢٦</verseIdArabic>
    <verseId>26</verseId>
    <chapterId>42</chapterId>
    <textIndopak>وَيَسۡتَجِيبُ ٱلَّذِينَ ءَامَنُواْ وَعَمِلُواْ ٱلصَّٰلِحَٰتِ وَيَزِيدُهُم مِّن فَضۡلِهِۦۚ وَٱلۡكَٰفِرُونَ لَهُمۡ عَذَابٞ شَدِيدٞ</textIndopak>
    <translations>
      <translation>
        <author>King Fahad Quran Complex</author>
        <text>dan Dia memperkenankan (doa) orang-orang yang beriman serta mengerjakan amal yang saleh dan menambah (pahala) kepada mereka dari karunia-Nya. Dan orang-orang yang kafir bagi mereka azab yang sangat keras.</text>
      </translation>
    </translations>
    <rules>[{"start": 74, "end": 77, "rule_id": 0}, {"start": 127, "end": 129, "rule_id": 1}, {"start": 72, "end": 77, "rule_id": 4}, {"start": 77, "end": 81, "rule_id": 6}, {"start": 119, "end": 124, "rule_id": 6}]</rules>
  </verse>
  <verse>
    <verseIdArabic>٢٧</verseIdArabic>
    <verseId>27</verseId>
    <chapterId>42</chapterId>
    <textIndopak>۞ وَلَوۡ بَسَطَ ٱللَّهُ ٱلرِّزۡقَ لِعِبَادِهِۦ لَبَغَوۡاْ فِي ٱلۡأَرۡضِ وَلَٰكِن يُنَزِّلُ بِقَدَرٖ مَّا يَشَآءُۚ إِنَّهُۥ بِعِبَادِهِۦ خَبِيرُۢ بَصِيرٞ</textIndopak>
    <translations>
      <translation>
        <author>King Fahad Quran Complex</author>
        <text>Dan jikalau Allah melapangkan rezeki kepada hamba-hamba-Nya, tentulah mereka akan melampaui batas di muka bumi, tetapi Allah menurunkan apa yang dikehendaki-Nya dengan ukuran. Sesungguhnya Dia Maha Mengetahui (keadaan) hamba-hamba-Nya lagi Maha Melihat.</text>
      </translation>
    </translations>
    <rules>[{"start": 100, "end": 103, "rule_id": 0}, {"start": 118, "end": 121, "rule_id": 0}, {"start": 143, "end": 149, "rule_id": 2}, {"start": 79, "end": 83, "rule_id": 3}, {"start": 97, "end": 103, "rule_id": 3}]</rules>
  </verse>
  <verse>
    <verseIdArabic>٢٨</verseIdArabic>
    <verseId>28</verseId>
    <chapterId>42</chapterId>
    <textIndopak>وَهُوَ ٱلَّذِي يُنَزِّلُ ٱلۡغَيۡثَ مِنۢ بَعۡدِ مَا قَنَطُواْ وَيَنشُرُ رَحۡمَتَهُۥۚ وَهُوَ ٱلۡوَلِيُّ ٱلۡحَمِيدُ</textIndopak>
    <translations>
      <translation>
        <author>King Fahad Quran Complex</author>
        <text>Dan Dia-lah Yang menurunkan hujan sesudah mereka berputus asa dan menyebarkan rahmat-Nya. Dan Dia-lah Yang Maha Pelindung lagi Maha Terpuji.</text>
      </translation>
    </translations>
    <rules>[{"start": 111, "end": 113, "rule_id": 1}, {"start": 37, "end": 42, "rule_id": 2}, {"start": 65, "end": 68, "rule_id": 6}]</rules>
  </verse>
  <verse>
    <verseIdArabic>٢٩</verseIdArabic>
    <verseId>29</verseId>
    <chapterId>42</chapterId>
    <textIndopak>وَمِنۡ ءَايَٰتِهِۦ خَلۡقُ ٱلسَّمَٰوَٰتِ وَٱلۡأَرۡضِ وَمَا بَثَّ فِيهِمَا مِن دَآبَّةٖۚ وَهُوَ عَلَىٰ جَمۡعِهِمۡ إِذَا يَشَآءُ قَدِيرٞ</textIndopak>
    <translations>
      <translation>
        <author>King Fahad Quran Complex</author>
        <text>Di antara ayat-ayat (tanda-tanda kekuasaan)-Nya ialah menciptakan langit dan bumi dan makhluk-makhluk yang melata yang Dia sebarkan pada keduanya. Dan Dia Maha Kuasa mengumpulkan semuanya apabila dikehendaki-Nya.</text>
      </translation>
    </translations>
    <rules>[{"start": 75, "end": 79, "rule_id": 6}]</rules>
  </verse>
  <verse>
    <verseIdArabic>٣٠</verseIdArabic>
    <verseId>30</verseId>
    <chapterId>42</chapterId>
    <textIndopak>وَمَآ أَصَٰبَكُم مِّن مُّصِيبَةٖ فَبِمَا كَسَبَتۡ أَيۡدِيكُمۡ وَيَعۡفُواْ عَن كَثِيرٖ</textIndopak>
    <translations>
      <translation>
        <author>King Fahad Quran Complex</author>
        <text>Dan apa saja musibah yang menimpa kamu, maka adalah disebabkan oleh perbuatan tanganmu sendiri dan Allah memaafkan sebagian besar (dari kesalahan-kesalahanmu).</text>
      </translation>
    </translations>
    <rules>[{"start": 18, "end": 21, "rule_id": 0}, {"start": 23, "end": 26, "rule_id": 0}, {"start": 21, "end": 26, "rule_id": 3}, {"start": 16, "end": 21, "rule_id": 4}, {"start": 77, "end": 81, "rule_id": 6}, {"start": 31, "end": 36, "rule_id": 6}]</rules>
  </verse>
  <verse>
    <verseIdArabic>٣١</verseIdArabic>
    <verseId>31</verseId>
    <chapterId>42</chapterId>
    <textIndopak>وَمَآ أَنتُم بِمُعۡجِزِينَ فِي ٱلۡأَرۡضِۖ وَمَا لَكُم مِّن دُونِ ٱللَّهِ مِن وَلِيّٖ وَلَا نَصِيرٖ</textIndopak>
    <translations>
      <translation>
        <author>King Fahad Quran Complex</author>
        <text>Dan kamu tidak dapat melepaskan diri (dari azab Allah) di muka bumi dan kamu tidak memperoleh seorang pelindung dan tidak pula penolong selain Allah.</text>
      </translation>
    </translations>
    <rules>[{"start": 56, "end": 59, "rule_id": 0}, {"start": 77, "end": 81, "rule_id": 3}, {"start": 83, "end": 89, "rule_id": 3}, {"start": 54, "end": 59, "rule_id": 4}, {"start": 9, "end": 12, "rule_id": 6}, {"start": 59, "end": 63, "rule_id": 6}, {"start": 12, "end": 16, "rule_id": 7}]</rules>
  </verse>
  <verse>
    <verseIdArabic>٣٢</verseIdArabic>
    <verseId>32</verseId>
    <chapterId>42</chapterId>
    <textIndopak>وَمِنۡ ءَايَٰتِهِ ٱلۡجَوَارِ فِي ٱلۡبَحۡرِ كَٱلۡأَعۡلَٰمِ</textIndopak>
    <translations>
      <translation>
        <author>King Fahad Quran Complex</author>
        <text>Dan di antara tanda-tanda kekuasaan-Nya ialah kapal-kapal (yang berlayar) di laut seperti gunung-gunung.</text>
      </translation>
    </translations>
  </verse>
  <verse>
    <verseIdArabic>٣٣</verseIdArabic>
    <verseId>33</verseId>
    <chapterId>42</chapterId>
    <textIndopak>إِن يَشَأۡ يُسۡكِنِ ٱلرِّيحَ فَيَظۡلَلۡنَ رَوَاكِدَ عَلَىٰ ظَهۡرِهِۦٓۚ إِنَّ فِي ذَٰلِكَ لَأٓيَٰتٖ لِّكُلِّ صَبَّارٖ شَكُورٍ</textIndopak>
    <translations>
      <translation>
        <author>King Fahad Quran Complex</author>
        <text>Jika Dia menghendaki, Dia akan menenangkan angin, maka jadilah kapal-kapal itu terhenti di permukaan laut. Sesungguhnya pada yang demikian itu, terdapat tanda-tanda (kekuasaan)-Nya bagi setiap orang yang banyak bersabar dan banyak bersyukur,</text>
      </translation>
    </translations>
    <rules>[{"start": 74, "end": 77, "rule_id": 0}, {"start": 2, "end": 6, "rule_id": 3}, {"start": 98, "end": 104, "rule_id": 5}, {"start": 116, "end": 121, "rule_id": 6}]</rules>
  </verse>
  <verse>
    <verseIdArabic>٣٤</verseIdArabic>
    <verseId>34</verseId>
    <chapterId>42</chapterId>
    <textIndopak>أَوۡ يُوبِقۡهُنَّ بِمَا كَسَبُواْ وَيَعۡفُ عَن كَثِيرٖ</textIndopak>
    <translations>
      <translation>
        <author>King Fahad Quran Complex</author>
        <text>atau kapal-kapal itu dibinasakan-Nya karena perbuatan mereka atau Dia memberi maaf sebagian besar (dari mereka).</text>
      </translation>
    </translations>
    <rules>[{"start": 14, "end": 17, "rule_id": 0}, {"start": 10, "end": 12, "rule_id": 1}, {"start": 45, "end": 49, "rule_id": 6}]</rules>
  </verse>
  <verse>
    <verseIdArabic>٣٥</verseIdArabic>
    <verseId>35</verseId>
    <chapterId>42</chapterId>
    <textIndopak>وَيَعۡلَمَ ٱلَّذِينَ يُجَٰدِلُونَ فِيٓ ءَايَٰتِنَا مَا لَهُم مِّن مَّحِيصٖ</textIndopak>
    <translations>
      <translation>
        <author>King Fahad Quran Complex</author>
        <text>Dan supaya orang-orang yang membantah ayat-ayat (kekuasaan) Kami mengetahui bahwa mereka sekali-kali tidak akan memperoleh jalan ke luar (dari siksaan).</text>
      </translation>
    </translations>
    <rules>[{"start": 61, "end": 64, "rule_id": 0}, {"start": 66, "end": 69, "rule_id": 0}, {"start": 64, "end": 69, "rule_id": 3}, {"start": 59, "end": 64, "rule_id": 4}]</rules>
  </verse>
  <verse>
    <verseIdArabic>٣٦</verseIdArabic>
    <verseId>36</verseId>
    <chapterId>42</chapterId>
    <textIndopak>فَمَآ أُوتِيتُم مِّن شَيۡءٖ فَمَتَٰعُ ٱلۡحَيَوٰةِ ٱلدُّنۡيَاۚ وَمَا عِندَ ٱللَّهِ خَيۡرٞ وَأَبۡقَىٰ لِلَّذِينَ ءَامَنُواْ وَعَلَىٰ رَبِّهِمۡ يَتَوَكَّلُونَ</textIndopak>
    <translations>
      <translation>
        <author>King Fahad Quran Complex</author>
        <text>Maka sesuatu yang diberikan kepadamu, itu adalah kenikmatan hidup di dunia dan yang ada pada sisi Allah lebih baik dan lebih kekal bagi orang-orang yang beriman dan hanya kepada Tuhan mereka, mereka bertawakal.</text>
      </translation>
    </translations>
    <rules>[{"start": 17, "end": 20, "rule_id": 0}, {"start": 95, "end": 97, "rule_id": 1}, {"start": 88, "end": 93, "rule_id": 3}, {"start": 15, "end": 20, "rule_id": 4}, {"start": 20, "end": 24, "rule_id": 6}, {"start": 72, "end": 75, "rule_id": 6}, {"start": 26, "end": 31, "rule_id": 6}]</rules>
  </verse>
  <verse>
    <verseIdArabic>٣٧</verseIdArabic>
    <verseId>37</verseId>
    <chapterId>42</chapterId>
    <textIndopak>وَٱلَّذِينَ يَجۡتَنِبُونَ كَبَٰٓئِرَ ٱلۡإِثۡمِ وَٱلۡفَوَٰحِشَ وَإِذَا مَا غَضِبُواْ هُمۡ يَغۡفِرُونَ</textIndopak>
    <translations>
      <translation>
        <author>King Fahad Quran Complex</author>
        <text>Dan (bagi) orang-orang yang menjauhi dosa-dosa besar dan perbuatan-perbuatan keji dan apabila mereka marah, mereka memberi maaf.</text>
      </translation>
    </translations>
    <rules>[{"start": 14, "end": 16, "rule_id": 1}]</rules>
  </verse>
  <verse>
    <verseIdArabic>٣٨</verseIdArabic>
    <verseId>38</verseId>
    <chapterId>42</chapterId>
    <textIndopak>وَٱلَّذِينَ ٱسۡتَجَابُواْ لِرَبِّهِمۡ وَأَقَامُواْ ٱلصَّلَوٰةَ وَأَمۡرُهُمۡ شُورَىٰ بَيۡنَهُمۡ وَمِمَّا رَزَقۡنَٰهُمۡ يُنفِقُونَ</textIndopak>
    <translations>
      <translation>
        <author>King Fahad Quran Complex</author>
        <text>Dan (bagi) orang-orang yang menerima (mematuhi) seruan Tuhan-nya dan mendirikan salat, sedang urusan mereka (diputuskan) dengan musyawarah antara mereka, dan mereka menafkahkan sebagian dari rezeki yang Kami berikan kepada mereka.</text>
      </translation>
    </translations>
    <rules>[{"start": 99, "end": 102, "rule_id": 0}, {"start": 108, "end": 110, "rule_id": 1}, {"start": 120, "end": 123, "rule_id": 6}]</rules>
  </verse>
  <verse>
    <verseIdArabic>٣٩</verseIdArabic>
    <verseId>39</verseId>
    <chapterId>42</chapterId>
    <textIndopak>وَٱلَّذِينَ إِذَآ أَصَابَهُمُ ٱلۡبَغۡيُ هُمۡ يَنتَصِرُونَ</textIndopak>
    <translations>
      <translation>
        <author>King Fahad Quran Complex</author>
        <text>Dan ( bagi) orang-orang yang apabila mereka diperlakukan dengan zalim mereka membela diri.</text>
      </translation>
    </translations>
    <rules>[{"start": 48, "end": 51, "rule_id": 6}]</rules>
  </verse>
  <verse>
    <verseIdArabic>٤٠</verseIdArabic>
    <verseId>40</verseId>
    <chapterId>42</chapterId>
    <textIndopak>وَجَزَٰٓؤُاْ سَيِّئَةٖ سَيِّئَةٞ مِّثۡلُهَاۖ فَمَنۡ عَفَا وَأَصۡلَحَ فَأَجۡرُهُۥ عَلَى ٱللَّهِۚ إِنَّهُۥ لَا يُحِبُّ ٱلظَّٰلِمِينَ</textIndopak>
    <translations>
      <translation>
        <author>King Fahad Quran Complex</author>
        <text>Dan balasan suatu kejahatan adalah kejahatan yang serupa, maka barang siapa memaafkan dan berbuat baik , maka pahalanya atas (tanggungan) Allah. Sesungguhnya Dia tidak menyukai orang-orang yang zalim.</text>
      </translation>
    </translations>
    <rules>[{"start": 33, "end": 36, "rule_id": 0}, {"start": 100, "end": 103, "rule_id": 0}, {"start": 74, "end": 76, "rule_id": 1}, {"start": 30, "end": 36, "rule_id": 3}, {"start": 20, "end": 25, "rule_id": 6}]</rules>
  </verse>
  <verse>
    <verseIdArabic>٤١</verseIdArabic>
    <verseId>41</verseId>
    <chapterId>42</chapterId>
    <textIndopak>وَلَمَنِ ٱنتَصَرَ بَعۡدَ ظُلۡمِهِۦ فَأُوْلَٰٓئِكَ مَا عَلَيۡهِم مِّن سَبِيلٍ</textIndopak>
    <translations>
      <translation>
        <author>King Fahad Quran Complex</author>
        <text>Dan sesungguhnya orang-orang yang membela diri sesudah teraniaya, tidak ada suatu dosa pun terhadap mereka.</text>
      </translation>
    </translations>
    <rules>[{"start": 64, "end": 67, "rule_id": 0}, {"start": 62, "end": 67, "rule_id": 4}, {"start": 10, "end": 13, "rule_id": 6}, {"start": 67, "end": 71, "rule_id": 6}]</rules>
  </verse>
  <verse>
    <verseIdArabic>٤٢</verseIdArabic>
    <verseId>42</verseId>
    <chapterId>42</chapterId>
    <textIndopak>إِنَّمَا ٱلسَّبِيلُ عَلَى ٱلَّذِينَ يَظۡلِمُونَ ٱلنَّاسَ وَيَبۡغُونَ فِي ٱلۡأَرۡضِ بِغَيۡرِ ٱلۡحَقِّۚ أُوْلَٰٓئِكَ لَهُمۡ عَذَابٌ أَلِيمٞ</textIndopak>
    <translations>
      <translation>
        <author>King Fahad Quran Complex</author>
        <text>Sesungguhnya dosa itu atas orang-orang yang berbuat zalim kepada manusia dan melampaui batas di muka bumi tanpa hak. Mereka itu mendapat azab yang pedih.</text>
      </translation>
    </translations>
    <rules>[{"start": 2, "end": 5, "rule_id": 0}, {"start": 50, "end": 53, "rule_id": 0}, {"start": 61, "end": 63, "rule_id": 1}]</rules>
  </verse>
  <verse>
    <verseIdArabic>٤٣</verseIdArabic>
    <verseId>43</verseId>
    <chapterId>42</chapterId>
    <textIndopak>وَلَمَن صَبَرَ وَغَفَرَ إِنَّ ذَٰلِكَ لَمِنۡ عَزۡمِ ٱلۡأُمُورِ</textIndopak>
    <translations>
      <translation>
        <author>King Fahad Quran Complex</author>
        <text>Tetapi, orang yang bersabar dan memaafkan, sesungguhnya (perbuatan) yang demikian itu termasuk hal-hal yang diutamakan.</text>
      </translation>
    </translations>
    <rules>[{"start": 26, "end": 29, "rule_id": 0}, {"start": 6, "end": 10, "rule_id": 6}]</rules>
  </verse>
  <verse>
    <verseIdArabic>٤٤</verseIdArabic>
    <verseId>44</verseId>
    <chapterId>42</chapterId>
    <textIndopak>وَمَن يُضۡلِلِ ٱللَّهُ فَمَا لَهُۥ مِن وَلِيّٖ مِّنۢ بَعۡدِهِۦۗ وَتَرَى ٱلظَّٰلِمِينَ لَمَّا رَأَوُاْ ٱلۡعَذَابَ يَقُولُونَ هَلۡ إِلَىٰ مَرَدّٖ مِّن سَبِيلٖ</textIndopak>
    <translations>
      <translation>
        <author>King Fahad Quran Complex</author>
        <text>Dan siapa yang disesatkan Allah, maka tidak ada baginya seorang pemimpin pun sesudah itu. Dan kamu akan melihat orang-orang yang zalim ketika mereka melihat azab berkata, "Adakah kiranya jalan untuk kembali (ke dunia)?"</text>
      </translation>
    </translations>
    <rules>[{"start": 47, "end": 50, "rule_id": 0}, {"start": 89, "end": 92, "rule_id": 0}, {"start": 145, "end": 148, "rule_id": 0}, {"start": 50, "end": 55, "rule_id": 2}, {"start": 4, "end": 8, "rule_id": 3}, {"start": 37, "end": 41, "rule_id": 3}, {"start": 43, "end": 50, "rule_id": 3}, {"start": 141, "end": 148, "rule_id": 3}, {"start": 148, "end": 152, "rule_id": 6}]</rules>
  </verse>
  <verse>
    <verseIdArabic>٤٥</verseIdArabic>
    <verseId>45</verseId>
    <chapterId>42</chapterId>
    <textIndopak>وَتَرَىٰهُمۡ يُعۡرَضُونَ عَلَيۡهَا خَٰشِعِينَ مِنَ ٱلذُّلِّ يَنظُرُونَ مِن طَرۡفٍ خَفِيّٖۗ وَقَالَ ٱلَّذِينَ ءَامَنُوٓاْ إِنَّ ٱلۡخَٰسِرِينَ ٱلَّذِينَ خَسِرُوٓاْ أَنفُسَهُمۡ وَأَهۡلِيهِمۡ يَوۡمَ ٱلۡقِيَٰمَةِۗ أَلَآ إِنَّ ٱلظَّٰلِمِينَ فِي عَذَابٖ مُّقِيمٖ</textIndopak>
    <translations>
      <translation>
        <author>King Fahad Quran Complex</author>
        <text>Dan kamu akan melihat mereka dihadapkan ke neraka dalam keadaan tunduk karena (merasa) hina, mereka melihat dengan pandangan yang lesu. Dan orang-orang yang beriman berkata, "Sesungguhnya orang-orang yang merugi ialah orang-orang yang kehilangan diri mereka sendiri dan (kehilangan) keluarga mereka pada hari kiamat . Ingatlah, sesungguhnya orang-orang yang zalim itu berada dalam azab yang kekal.</text>
      </translation>
    </translations>
    <rules>[{"start": 124, "end": 127, "rule_id": 0}, {"start": 220, "end": 223, "rule_id": 0}, {"start": 250, "end": 253, "rule_id": 0}, {"start": 247, "end": 253, "rule_id": 3}, {"start": 62, "end": 65, "rule_id": 6}, {"start": 73, "end": 77, "rule_id": 6}, {"start": 165, "end": 168, "rule_id": 6}]</rules>
  </verse>
  <verse>
    <verseIdArabic>٤٦</verseIdArabic>
    <verseId>46</verseId>
    <chapterId>42</chapterId>
    <textIndopak>وَمَا كَانَ لَهُم مِّنۡ أَوۡلِيَآءَ يَنصُرُونَهُم مِّن دُونِ ٱللَّهِۗ وَمَن يُضۡلِلِ ٱللَّهُ فَمَا لَهُۥ مِن سَبِيلٍ</textIndopak>
    <translations>
      <translation>
        <author>King Fahad Quran Complex</author>
        <text>Dan mereka sekali-kali tidak mempunyai pelindung-pelindung yang dapat menolong mereka selain Allah. Dan siapa yang disesatkan Allah, maka tidaklah ada baginya sesuatu jalan pun (untuk mendapat petunjuk).</text>
      </translation>
    </translations>
    <rules>[{"start": 18, "end": 21, "rule_id": 0}, {"start": 51, "end": 54, "rule_id": 0}, {"start": 76, "end": 80, "rule_id": 3}, {"start": 16, "end": 21, "rule_id": 4}, {"start": 49, "end": 54, "rule_id": 4}, {"start": 39, "end": 42, "rule_id": 6}, {"start": 54, "end": 58, "rule_id": 6}, {"start": 109, "end": 113, "rule_id": 6}]</rules>
  </verse>
  <verse>
    <verseIdArabic>٤٧</verseIdArabic>
    <verseId>47</verseId>
    <chapterId>42</chapterId>
    <textIndopak>ٱسۡتَجِيبُواْ لِرَبِّكُم مِّن قَبۡلِ أَن يَأۡتِيَ يَوۡمٞ لَّا مَرَدَّ لَهُۥ مِنَ ٱللَّهِۚ مَا لَكُم مِّن مَّلۡجَإٖ يَوۡمَئِذٖ وَمَا لَكُم مِّن نَّكِيرٖ</textIndopak>
    <translations>
      <translation>
        <author>King Fahad Quran Complex</author>
        <text>Patuhilah seruan Tuhan-mu sebelum datang dari Allah suatu hari yang tidak dapat ditolak kedatangannya. Kamu tidak memperoleh tempat berlindung pada hari itu dan tidak (pula) dapat mengingkari (dosa-dosamu).</text>
      </translation>
    </translations>
    <rules>[{"start": 25, "end": 28, "rule_id": 0}, {"start": 101, "end": 104, "rule_id": 0}, {"start": 106, "end": 109, "rule_id": 0}, {"start": 139, "end": 142, "rule_id": 0}, {"start": 144, "end": 147, "rule_id": 0}, {"start": 32, "end": 34, "rule_id": 1}, {"start": 39, "end": 43, "rule_id": 3}, {"start": 104, "end": 109, "rule_id": 3}, {"start": 142, "end": 147, "rule_id": 3}, {"start": 113, "end": 118, "rule_id": 3}, {"start": 124, "end": 129, "rule_id": 3}, {"start": 23, "end": 28, "rule_id": 4}, {"start": 99, "end": 104, "rule_id": 4}, {"start": 137, "end": 142, "rule_id": 4}, {"start": 54, "end": 60, "rule_id": 5}, {"start": 28, "end": 32, "rule_id": 6}]</rules>
  </verse>
  <verse>
    <verseIdArabic>٤٨</verseIdArabic>
    <verseId>48</verseId>
    <chapterId>42</chapterId>
    <textIndopak>فَإِنۡ أَعۡرَضُواْ فَمَآ أَرۡسَلۡنَٰكَ عَلَيۡهِمۡ حَفِيظًاۖ إِنۡ عَلَيۡكَ إِلَّا ٱلۡبَلَٰغُۗ وَإِنَّآ إِذَآ أَذَقۡنَا ٱلۡإِنسَٰنَ مِنَّا رَحۡمَةٗ فَرِحَ بِهَاۖ وَإِن تُصِبۡهُمۡ سَيِّئَةُۢ بِمَا قَدَّمَتۡ أَيۡدِيهِمۡ فَإِنَّ ٱلۡإِنسَٰنَ كَفُورٞ</textIndopak>
    <translations>
      <translation>
        <author>King Fahad Quran Complex</author>
        <text>Jika mereka berpaling, maka Kami tidak mengutus kamu sebagai pengawas bagi mereka. Kewajibanmu tidak lain hanyalah menyampaikan (risalah). Sesungguhnya apabila Kami merasakan kepada manusia sesuatu rahmat dari Kami, dia bergembira ria karena rahmat itu. Dan jika mereka ditimpa kesusahan disebabkan perbuatan tangan mereka sendiri, (niscaya mereka ingkar) karena sesungguhnya manusia itu amat ingkar (kepada nikmat).</text>
      </translation>
    </translations>
    <rules>[{"start": 100, "end": 103, "rule_id": 0}, {"start": 137, "end": 140, "rule_id": 0}, {"start": 226, "end": 229, "rule_id": 0}, {"start": 117, "end": 119, "rule_id": 1}, {"start": 176, "end": 178, "rule_id": 1}, {"start": 190, "end": 196, "rule_id": 2}, {"start": 128, "end": 132, "rule_id": 6}, {"start": 170, "end": 174, "rule_id": 6}, {"start": 235, "end": 239, "rule_id": 6}, {"start": 148, "end": 153, "rule_id": 6}]</rules>
  </verse>
  <verse>
    <verseIdArabic>٤٩</verseIdArabic>
    <verseId>49</verseId>
    <chapterId>42</chapterId>
    <textIndopak>لِّلَّهِ مُلۡكُ ٱلسَّمَٰوَٰتِ وَٱلۡأَرۡضِۚ يَخۡلُقُ مَا يَشَآءُۚ يَهَبُ لِمَن يَشَآءُ إِنَٰثٗا وَيَهَبُ لِمَن يَشَآءُ ٱلذُّكُورَ</textIndopak>
    <translations>
      <translation>
        <author>King Fahad Quran Complex</author>
        <text>Kepunyaan Allah-lah kerajaan langit dan bumi, Dia menciptakan apa yang Dia kehendaki, Dia memberikan anak-anak perempuan kepada siapa yang Dia kehendaki dan memberikan anak-anak lelaki kepada siapa yang Dia kehendaki,</text>
      </translation>
    </translations>
    <rules>[{"start": 79, "end": 83, "rule_id": 3}, {"start": 112, "end": 116, "rule_id": 3}, {"start": 95, "end": 101, "rule_id": 3}]</rules>
  </verse>
  <verse>
    <verseIdArabic>٥٠</verseIdArabic>
    <verseId>50</verseId>
    <chapterId>42</chapterId>
    <textIndopak>أَوۡ يُزَوِّجُهُمۡ ذُكۡرَانٗا وَإِنَٰثٗاۖ وَيَجۡعَلُ مَن يَشَآءُ عَقِيمًاۚ إِنَّهُۥ عَلِيمٞ قَدِيرٞ</textIndopak>
    <translations>
      <translation>
        <author>King Fahad Quran Complex</author>
        <text>atau Dia menganugerahkan kedua jenis laki-laki dan perempuan (kepada siapa yang dikehendaki-Nya) dan Dia menjadikan mandul siapa yang Dia kehendaki. Sesungguhnya Dia Maha Mengetahui lagi Maha Kuasa.</text>
      </translation>
    </translations>
    <rules>[{"start": 80, "end": 83, "rule_id": 0}, {"start": 47, "end": 49, "rule_id": 1}, {"start": 56, "end": 60, "rule_id": 3}, {"start": 26, "end": 32, "rule_id": 3}, {"start": 37, "end": 45, "rule_id": 3}, {"start": 92, "end": 97, "rule_id": 6}]</rules>
  </verse>
  <verse>
    <verseIdArabic>٥١</verseIdArabic>
    <verseId>51</verseId>
    <chapterId>42</chapterId>
    <textIndopak>۞ وَمَا كَانَ لِبَشَرٍ أَن يُكَلِّمَهُ ٱللَّهُ إِلَّا وَحۡيًا أَوۡ مِن وَرَآيِٕ حِجَابٍ أَوۡ يُرۡسِلَ رَسُولٗا فَيُوحِيَ بِإِذۡنِهِۦ مَا يَشَآءُۚ إِنَّهُۥ عَلِيٌّ حَكِيمٞ</textIndopak>
    <translations>
      <translation>
        <author>King Fahad Quran Complex</author>
        <text>Dan tidak ada bagi seorang manusia pun bahwa Allah berkata-kata dengan dia, kecuali dengan perantaraan wahyu atau di belakang tabir atau dengan mengutus seorang utusan (malaikat), lalu diwahyukan kepadanya dengan seizin-Nya apa yang Dia kehendaki. Sesungguhnya Dia Maha Tinggi lagi Maha Bijaksana.</text>
      </translation>
    </translations>
    <rules>[{"start": 150, "end": 153, "rule_id": 0}, {"start": 25, "end": 29, "rule_id": 3}, {"start": 69, "end": 73, "rule_id": 3}]</rules>
  </verse>
  <verse>
    <verseIdArabic>٥٢</verseIdArabic>
    <verseId>52</verseId>
    <chapterId>42</chapterId>
    <textIndopak>وَكَذَٰلِكَ أَوۡحَيۡنَآ إِلَيۡكَ رُوحٗا مِّنۡ أَمۡرِنَاۚ مَا كُنتَ تَدۡرِي مَا ٱلۡكِتَٰبُ وَلَا ٱلۡإِيمَٰنُ وَلَٰكِن جَعَلۡنَٰهُ نُورٗا نَّهۡدِي بِهِۦ مَن نَّشَآءُ مِنۡ عِبَادِنَاۚ وَإِنَّكَ لَتَهۡدِيٓ إِلَىٰ صِرَٰطٖ مُّسۡتَقِيمٖ</textIndopak>
    <translations>
      <translation>
        <author>King Fahad Quran Complex</author>
        <text>Dan demikianlah, Kami wahyukan kepadamu wahyu (Al-Qur`ān) dengan perintah Kami. Sebelumnya, kamu tidaklah mengetahui apakah Alkitab (Al-Qur`ān) dan tidak pula mengetahui apakah iman itu, tetapi Kami menjadikan Al-Qur`ān itu cahaya yang Kami tunjuki dengan dia siapa yang kami kehendaki di antara hamba-hamba Kami. Dan sesungguhnya, kamu benar-benar memberi petunjuk kepada jalan yang lurus.</text>
      </translation>
    </translations>
    <rules>[{"start": 41, "end": 44, "rule_id": 0}, {"start": 138, "end": 141, "rule_id": 0}, {"start": 157, "end": 160, "rule_id": 0}, {"start": 189, "end": 192, "rule_id": 0}, {"start": 221, "end": 224, "rule_id": 0}, {"start": 71, "end": 73, "rule_id": 1}, {"start": 155, "end": 160, "rule_id": 3}, {"start": 37, "end": 44, "rule_id": 3}, {"start": 134, "end": 141, "rule_id": 3}, {"start": 218, "end": 224, "rule_id": 3}, {"start": 65, "end": 68, "rule_id": 6}, {"start": 117, "end": 121, "rule_id": 6}]</rules>
  </verse>
  <verse>
    <verseIdArabic>٥٣</verseIdArabic>
    <verseId>53</verseId>
    <chapterId>42</chapterId>
    <textIndopak>صِرَٰطِ ٱللَّهِ ٱلَّذِي لَهُۥ مَا فِي ٱلسَّمَٰوَٰتِ وَمَا فِي ٱلۡأَرۡضِۗ أَلَآ إِلَى ٱللَّهِ تَصِيرُ ٱلۡأُمُورُ</textIndopak>
    <translations>
      <translation>
        <author>King Fahad Quran Complex</author>
        <text>(Yaitu) jalan Allah yang kepunyaan-Nya segala apa yang ada di langit dan apa yang ada di bumi. Ingatlah bahwa kepada Allah-lah kembali semua urusan.</text>
      </translation>
    </translations>
  </verse>
</verses>
