<?xml version="1.0" encoding="UTF-8"?>

<verses>
  <verse>
    <verseIdArabic>١</verseIdArabic>
    <verseId>1</verseId>
    <chapterId>44</chapterId>
    <textIndopak>حمٓ</textIndopak>
    <translations>
      <translation>
        <author>King Fahad Quran Complex</author>
        <text>Ḥā Mīm .</text>
      </translation>
    </translations>
  </verse>
  <verse>
    <verseIdArabic>٢</verseIdArabic>
    <verseId>2</verseId>
    <chapterId>44</chapterId>
    <textIndopak>وَٱلۡكِتَٰبِ ٱلۡمُبِينِ</textIndopak>
    <translations>
      <translation>
        <author>King Fahad Quran Complex</author>
        <text>Demi Kitab (Al-Qur`ān) yang menjelaskan,</text>
      </translation>
    </translations>
  </verse>
  <verse>
    <verseIdArabic>٣</verseIdArabic>
    <verseId>3</verseId>
    <chapterId>44</chapterId>
    <textIndopak>إِنَّآ أَنزَلۡنَٰهُ فِي لَيۡلَةٖ مُّبَٰرَكَةٍۚ إِنَّا كُنَّا مُنذِرِينَ</textIndopak>
    <translations>
      <translation>
        <author>King Fahad Quran Complex</author>
        <text>sesungguhnya Kami menurunkannya pada suatu malam yang diberkahi dan sesungguhnya Kami-lah yang memberi peringatan.</text>
      </translation>
    </translations>
    <rules>[{"start": 2, "end": 5, "rule_id": 0}, {"start": 34, "end": 37, "rule_id": 0}, {"start": 51, "end": 54, "rule_id": 0}, {"start": 58, "end": 61, "rule_id": 0}, {"start": 31, "end": 37, "rule_id": 3}, {"start": 10, "end": 13, "rule_id": 6}, {"start": 65, "end": 68, "rule_id": 6}]</rules>
  </verse>
  <verse>
    <verseIdArabic>٤</verseIdArabic>
    <verseId>4</verseId>
    <chapterId>44</chapterId>
    <textIndopak>فِيهَا يُفۡرَقُ كُلُّ أَمۡرٍ حَكِيمٍ</textIndopak>
    <translations>
      <translation>
        <author>King Fahad Quran Complex</author>
        <text>Pada malam itu dijelaskan segala urusan yang penuh hikmah ,</text>
      </translation>
    </translations>
  </verse>
  <verse>
    <verseIdArabic>٥</verseIdArabic>
    <verseId>5</verseId>
    <chapterId>44</chapterId>
    <textIndopak>أَمۡرٗا مِّنۡ عِندِنَآۚ إِنَّا كُنَّا مُرۡسِلِينَ</textIndopak>
    <translations>
      <translation>
        <author>King Fahad Quran Complex</author>
        <text>(yaitu) urusan yang besar dari sisi Kami. Sesungguhnya Kami adalah Yang mengutus rasul-rasul,</text>
      </translation>
    </translations>
    <rules>[{"start": 8, "end": 11, "rule_id": 0}, {"start": 28, "end": 31, "rule_id": 0}, {"start": 35, "end": 38, "rule_id": 0}, {"start": 4, "end": 11, "rule_id": 3}, {"start": 16, "end": 19, "rule_id": 6}]</rules>
  </verse>
  <verse>
    <verseIdArabic>٦</verseIdArabic>
    <verseId>6</verseId>
    <chapterId>44</chapterId>
    <textIndopak>رَحۡمَةٗ مِّن رَّبِّكَۚ إِنَّهُۥ هُوَ ٱلسَّمِيعُ ٱلۡعَلِيمُ</textIndopak>
    <translations>
      <translation>
        <author>King Fahad Quran Complex</author>
        <text>sebagai rahmat dari Tuhan-mu. Sesungguhnya Dia-lah Yang Maha Mendengar lagi Maha Mengetahui,</text>
      </translation>
    </translations>
    <rules>[{"start": 9, "end": 12, "rule_id": 0}, {"start": 27, "end": 30, "rule_id": 0}, {"start": 6, "end": 12, "rule_id": 3}, {"start": 12, "end": 17, "rule_id": 5}]</rules>
  </verse>
  <verse>
    <verseIdArabic>٧</verseIdArabic>
    <verseId>7</verseId>
    <chapterId>44</chapterId>
    <textIndopak>رَبِّ ٱلسَّمَٰوَٰتِ وَٱلۡأَرۡضِ وَمَا بَيۡنَهُمَآۖ إِن كُنتُم مُّوقِنِينَ</textIndopak>
    <translations>
      <translation>
        <author>King Fahad Quran Complex</author>
        <text>Tuhan Yang memelihara langit dan bumi dan apa yang ada di antara keduanya, jika kamu adalah orang yang meyakini.</text>
      </translation>
    </translations>
    <rules>[{"start": 64, "end": 67, "rule_id": 0}, {"start": 62, "end": 67, "rule_id": 4}, {"start": 55, "end": 59, "rule_id": 6}, {"start": 59, "end": 62, "rule_id": 6}]</rules>
  </verse>
  <verse>
    <verseIdArabic>٨</verseIdArabic>
    <verseId>8</verseId>
    <chapterId>44</chapterId>
    <textIndopak>لَآ إِلَٰهَ إِلَّا هُوَ يُحۡيِۦ وَيُمِيتُۖ رَبُّكُمۡ وَرَبُّ ءَابَآئِكُمُ ٱلۡأَوَّلِينَ</textIndopak>
    <translations>
      <translation>
        <author>King Fahad Quran Complex</author>
        <text>Tidak ada Tuhan (yang berhak disembah), melainkan Dia, yang menghidupkan dan yang mematikan. (Dia-lah) Tuhan-mu dan Tuhan bapak-bapakmu yang terdahulu.</text>
      </translation>
    </translations>
  </verse>
  <verse>
    <verseIdArabic>٩</verseIdArabic>
    <verseId>9</verseId>
    <chapterId>44</chapterId>
    <textIndopak>بَلۡ هُمۡ فِي شَكّٖ يَلۡعَبُونَ</textIndopak>
    <translations>
      <translation>
        <author>King Fahad Quran Complex</author>
        <text>Tetapi mereka bermain-main dalam keragu-raguan.</text>
      </translation>
    </translations>
    <rules>[{"start": 16, "end": 22, "rule_id": 3}]</rules>
  </verse>
  <verse>
    <verseIdArabic>١٠</verseIdArabic>
    <verseId>10</verseId>
    <chapterId>44</chapterId>
    <textIndopak>فَٱرۡتَقِبۡ يَوۡمَ تَأۡتِي ٱلسَّمَآءُ بِدُخَانٖ مُّبِينٖ</textIndopak>
    <translations>
      <translation>
        <author>King Fahad Quran Complex</author>
        <text>Maka tunggulah hari ketika langit membawa kabut yang nyata ,</text>
      </translation>
    </translations>
    <rules>[{"start": 49, "end": 52, "rule_id": 0}, {"start": 9, "end": 11, "rule_id": 1}, {"start": 46, "end": 52, "rule_id": 3}]</rules>
  </verse>
  <verse>
    <verseIdArabic>١١</verseIdArabic>
    <verseId>11</verseId>
    <chapterId>44</chapterId>
    <textIndopak>يَغۡشَى ٱلنَّاسَۖ هَٰذَا عَذَابٌ أَلِيمٞ</textIndopak>
    <translations>
      <translation>
        <author>King Fahad Quran Complex</author>
        <text>yang meliputi manusia. Inilah azab yang pedih.</text>
      </translation>
    </translations>
    <rules>[{"start": 10, "end": 13, "rule_id": 0}]</rules>
  </verse>
  <verse>
    <verseIdArabic>١٢</verseIdArabic>
    <verseId>12</verseId>
    <chapterId>44</chapterId>
    <textIndopak>رَّبَّنَا ٱكۡشِفۡ عَنَّا ٱلۡعَذَابَ إِنَّا مُؤۡمِنُونَ</textIndopak>
    <translations>
      <translation>
        <author>King Fahad Quran Complex</author>
        <text>(Mereka berdoa), "Ya Tuhan kami, lenyapkanlah dari kami azab itu. Sesungguhnya kami akan beriman."</text>
      </translation>
    </translations>
    <rules>[{"start": 20, "end": 23, "rule_id": 0}, {"start": 38, "end": 41, "rule_id": 0}]</rules>
  </verse>
  <verse>
    <verseIdArabic>١٣</verseIdArabic>
    <verseId>13</verseId>
    <chapterId>44</chapterId>
    <textIndopak>أَنَّىٰ لَهُمُ ٱلذِّكۡرَىٰ وَقَدۡ جَآءَهُمۡ رَسُولٞ مُّبِينٞ</textIndopak>
    <translations>
      <translation>
        <author>King Fahad Quran Complex</author>
        <text>Bagaimanakah mereka dapat menerima peringatan, padahal telah datang kepada mereka seorang rasul yang memberi penjelasan,</text>
      </translation>
    </translations>
    <rules>[{"start": 2, "end": 5, "rule_id": 0}, {"start": 53, "end": 56, "rule_id": 0}, {"start": 31, "end": 33, "rule_id": 1}, {"start": 50, "end": 56, "rule_id": 3}]</rules>
  </verse>
  <verse>
    <verseIdArabic>١٤</verseIdArabic>
    <verseId>14</verseId>
    <chapterId>44</chapterId>
    <textIndopak>ثُمَّ تَوَلَّوۡاْ عَنۡهُ وَقَالُواْ مُعَلَّمٞ مَّجۡنُونٌ</textIndopak>
    <translations>
      <translation>
        <author>King Fahad Quran Complex</author>
        <text>kemudian mereka berpaling darinya dan berkata, "Dia adalah seorang yang menerima ajaran (dari orang lain) lagi pula seorang yang gila".</text>
      </translation>
    </translations>
    <rules>[{"start": 2, "end": 5, "rule_id": 0}, {"start": 46, "end": 49, "rule_id": 0}, {"start": 49, "end": 51, "rule_id": 1}, {"start": 43, "end": 49, "rule_id": 3}]</rules>
  </verse>
  <verse>
    <verseIdArabic>١٥</verseIdArabic>
    <verseId>15</verseId>
    <chapterId>44</chapterId>
    <textIndopak>إِنَّا كَاشِفُواْ ٱلۡعَذَابِ قَلِيلًاۚ إِنَّكُمۡ عَآئِدُونَ</textIndopak>
    <translations>
      <translation>
        <author>King Fahad Quran Complex</author>
        <text>Sesungguhnya (kalau) Kami akan melenyapkan siksaan itu agak sedikit sesungguhnya kamu akan kembali (ingkar).</text>
      </translation>
    </translations>
    <rules>[{"start": 2, "end": 5, "rule_id": 0}, {"start": 42, "end": 45, "rule_id": 0}]</rules>
  </verse>
  <verse>
    <verseIdArabic>١٦</verseIdArabic>
    <verseId>16</verseId>
    <chapterId>44</chapterId>
    <textIndopak>يَوۡمَ نَبۡطِشُ ٱلۡبَطۡشَةَ ٱلۡكُبۡرَىٰٓ إِنَّا مُنتَقِمُونَ</textIndopak>
    <translations>
      <translation>
        <author>King Fahad Quran Complex</author>
        <text>(Ingatlah) hari (ketika) Kami menghantam mereka dengan hantaman yang keras . Sesungguhnya Kami adalah Pemberi balasan.</text>
      </translation>
    </translations>
    <rules>[{"start": 43, "end": 46, "rule_id": 0}, {"start": 9, "end": 11, "rule_id": 1}, {"start": 21, "end": 23, "rule_id": 1}, {"start": 33, "end": 35, "rule_id": 1}, {"start": 50, "end": 53, "rule_id": 6}]</rules>
  </verse>
  <verse>
    <verseIdArabic>١٧</verseIdArabic>
    <verseId>17</verseId>
    <chapterId>44</chapterId>
    <textIndopak>۞ وَلَقَدۡ فَتَنَّا قَبۡلَهُمۡ قَوۡمَ فِرۡعَوۡنَ وَجَآءَهُمۡ رَسُولٞ كَرِيمٌ</textIndopak>
    <translations>
      <translation>
        <author>King Fahad Quran Complex</author>
        <text>Sesungguhnya sebelum mereka telah Kami uji kaum Firʻawn dan telah datang kepada mereka seorang rasul yang mulia,</text>
      </translation>
    </translations>
    <rules>[{"start": 15, "end": 18, "rule_id": 0}, {"start": 8, "end": 10, "rule_id": 1}, {"start": 22, "end": 24, "rule_id": 1}, {"start": 67, "end": 72, "rule_id": 6}]</rules>
  </verse>
  <verse>
    <verseIdArabic>١٨</verseIdArabic>
    <verseId>18</verseId>
    <chapterId>44</chapterId>
    <textIndopak>أَنۡ أَدُّوٓاْ إِلَيَّ عِبَادَ ٱللَّهِۖ إِنِّي لَكُمۡ رَسُولٌ أَمِينٞ</textIndopak>
    <translations>
      <translation>
        <author>King Fahad Quran Complex</author>
        <text>(dengan berkata), "Serahkanlah kepadaku hamba-hamba Allah (Bani Isrā`īl yang kamu perbudak). Sesungguhnya aku adalah utusan (Allah) yang dipercaya kepadamu,</text>
      </translation>
    </translations>
    <rules>[{"start": 43, "end": 46, "rule_id": 0}]</rules>
  </verse>
  <verse>
    <verseIdArabic>١٩</verseIdArabic>
    <verseId>19</verseId>
    <chapterId>44</chapterId>
    <textIndopak>وَأَن لَّا تَعۡلُواْ عَلَى ٱللَّهِۖ إِنِّيٓ ءَاتِيكُم بِسُلۡطَٰنٖ مُّبِينٖ</textIndopak>
    <translations>
      <translation>
        <author>King Fahad Quran Complex</author>
        <text>dan janganlah kamu menyombongkan diri terhadap Allah. Sesungguhnya aku datang kepadamu dengan membawa bukti yang nyata.</text>
      </translation>
    </translations>
    <rules>[{"start": 39, "end": 42, "rule_id": 0}, {"start": 67, "end": 70, "rule_id": 0}, {"start": 64, "end": 70, "rule_id": 3}, {"start": 4, "end": 9, "rule_id": 5}, {"start": 53, "end": 57, "rule_id": 7}]</rules>
  </verse>
  <verse>
    <verseIdArabic>٢٠</verseIdArabic>
    <verseId>20</verseId>
    <chapterId>44</chapterId>
    <textIndopak>وَإِنِّي عُذۡتُ بِرَبِّي وَرَبِّكُمۡ أَن تَرۡجُمُونِ</textIndopak>
    <translations>
      <translation>
        <author>King Fahad Quran Complex</author>
        <text>Dan sesungguhnya aku berlindung kepada Tuhan-ku dan Tuhan-mu dari keinginanmu merajamku,</text>
      </translation>
    </translations>
    <rules>[{"start": 4, "end": 7, "rule_id": 0}, {"start": 39, "end": 43, "rule_id": 6}]</rules>
  </verse>
  <verse>
    <verseIdArabic>٢١</verseIdArabic>
    <verseId>21</verseId>
    <chapterId>44</chapterId>
    <textIndopak>وَإِن لَّمۡ تُؤۡمِنُواْ لِي فَٱعۡتَزِلُونِ</textIndopak>
    <translations>
      <translation>
        <author>King Fahad Quran Complex</author>
        <text>dan jika kamu tidak beriman kepadaku, maka biarkanlah aku (memimpin Bani Isrā`īl)".</text>
      </translation>
    </translations>
    <rules>[{"start": 4, "end": 9, "rule_id": 5}]</rules>
  </verse>
  <verse>
    <verseIdArabic>٢٢</verseIdArabic>
    <verseId>22</verseId>
    <chapterId>44</chapterId>
    <textIndopak>فَدَعَا رَبَّهُۥٓ أَنَّ هَٰٓؤُلَآءِ قَوۡمٞ مُّجۡرِمُونَ</textIndopak>
    <translations>
      <translation>
        <author>King Fahad Quran Complex</author>
        <text>Kemudian Musa berdoa kepada Tuhan-nya, "Sesungguhnya mereka ini adalah kaum yang berdosa (segerakanlah azab kepada mereka)".</text>
      </translation>
    </translations>
    <rules>[{"start": 20, "end": 23, "rule_id": 0}, {"start": 44, "end": 47, "rule_id": 0}, {"start": 47, "end": 49, "rule_id": 1}, {"start": 41, "end": 47, "rule_id": 3}]</rules>
  </verse>
  <verse>
    <verseIdArabic>٢٣</verseIdArabic>
    <verseId>23</verseId>
    <chapterId>44</chapterId>
    <textIndopak>فَأَسۡرِ بِعِبَادِي لَيۡلًا إِنَّكُم مُّتَّبَعُونَ</textIndopak>
    <translations>
      <translation>
        <author>King Fahad Quran Complex</author>
        <text>(Allah berfirman), "Maka berjalanlah kamu dengan membawa hamba-hamba-Ku pada malam hari, sesungguhnya kamu akan dikejar,</text>
      </translation>
    </translations>
    <rules>[{"start": 30, "end": 33, "rule_id": 0}, {"start": 37, "end": 40, "rule_id": 0}, {"start": 35, "end": 40, "rule_id": 4}]</rules>
  </verse>
  <verse>
    <verseIdArabic>٢٤</verseIdArabic>
    <verseId>24</verseId>
    <chapterId>44</chapterId>
    <textIndopak>وَٱتۡرُكِ ٱلۡبَحۡرَ رَهۡوًاۖ إِنَّهُمۡ جُندٞ مُّغۡرَقُونَ</textIndopak>
    <translations>
      <translation>
        <author>King Fahad Quran Complex</author>
        <text>dan biarkanlah laut itu tetap terbelah. Sesungguhnya mereka adalah tentara yang akan ditenggelamkan".</text>
      </translation>
    </translations>
    <rules>[{"start": 32, "end": 35, "rule_id": 0}, {"start": 46, "end": 49, "rule_id": 0}, {"start": 43, "end": 49, "rule_id": 3}, {"start": 42, "end": 45, "rule_id": 6}]</rules>
  </verse>
  <verse>
    <verseIdArabic>٢٥</verseIdArabic>
    <verseId>25</verseId>
    <chapterId>44</chapterId>
    <textIndopak>كَمۡ تَرَكُواْ مِن جَنَّٰتٖ وَعُيُونٖ</textIndopak>
    <translations>
      <translation>
        <author>King Fahad Quran Complex</author>
        <text>Alangkah banyaknya taman dan mata air yang mereka tinggalkan,</text>
      </translation>
    </translations>
    <rules>[{"start": 21, "end": 25, "rule_id": 0}, {"start": 25, "end": 30, "rule_id": 3}, {"start": 17, "end": 21, "rule_id": 6}]</rules>
  </verse>
  <verse>
    <verseIdArabic>٢٦</verseIdArabic>
    <verseId>26</verseId>
    <chapterId>44</chapterId>
    <textIndopak>وَزُرُوعٖ وَمَقَامٖ كَرِيمٖ</textIndopak>
    <translations>
      <translation>
        <author>King Fahad Quran Complex</author>
        <text>dan kebun-kebun serta tempat-tempat yang indah-indah,</text>
      </translation>
    </translations>
    <rules>[{"start": 7, "end": 12, "rule_id": 3}, {"start": 17, "end": 22, "rule_id": 6}]</rules>
  </verse>
  <verse>
    <verseIdArabic>٢٧</verseIdArabic>
    <verseId>27</verseId>
    <chapterId>44</chapterId>
    <textIndopak>وَنَعۡمَةٖ كَانُواْ فِيهَا فَٰكِهِينَ</textIndopak>
    <translations>
      <translation>
        <author>King Fahad Quran Complex</author>
        <text>dan kesenangan-kesenangan yang mereka menikmatinya,</text>
      </translation>
    </translations>
    <rules>[{"start": 8, "end": 13, "rule_id": 6}]</rules>
  </verse>
  <verse>
    <verseIdArabic>٢٨</verseIdArabic>
    <verseId>28</verseId>
    <chapterId>44</chapterId>
    <textIndopak>كَذَٰلِكَۖ وَأَوۡرَثۡنَٰهَا قَوۡمًا ءَاخَرِينَ</textIndopak>
    <translations>
      <translation>
        <author>King Fahad Quran Complex</author>
        <text>demikianlah. Dan Kami wariskan semua itu kepada kaum yang lain.</text>
      </translation>
    </translations>
  </verse>
  <verse>
    <verseIdArabic>٢٩</verseIdArabic>
    <verseId>29</verseId>
    <chapterId>44</chapterId>
    <textIndopak>فَمَا بَكَتۡ عَلَيۡهِمُ ٱلسَّمَآءُ وَٱلۡأَرۡضُ وَمَا كَانُواْ مُنظَرِينَ</textIndopak>
    <translations>
      <translation>
        <author>King Fahad Quran Complex</author>
        <text>Maka langit dan bumi tidak menangisi mereka dan mereka pun tidak diberi tangguh.</text>
      </translation>
    </translations>
    <rules>[{"start": 65, "end": 68, "rule_id": 6}]</rules>
  </verse>
  <verse>
    <verseIdArabic>٣٠</verseIdArabic>
    <verseId>30</verseId>
    <chapterId>44</chapterId>
    <textIndopak>وَلَقَدۡ نَجَّيۡنَا بَنِيٓ إِسۡرَٰٓءِيلَ مِنَ ٱلۡعَذَابِ ٱلۡمُهِينِ</textIndopak>
    <translations>
      <translation>
        <author>King Fahad Quran Complex</author>
        <text>Dan sesungguhnya telah Kami selamatkan Bani Isrā`īl dari siksaan yang menghinakan,</text>
      </translation>
    </translations>
    <rules>[{"start": 6, "end": 8, "rule_id": 1}]</rules>
  </verse>
  <verse>
    <verseIdArabic>٣١</verseIdArabic>
    <verseId>31</verseId>
    <chapterId>44</chapterId>
    <textIndopak>مِن فِرۡعَوۡنَۚ إِنَّهُۥ كَانَ عَالِيٗا مِّنَ ٱلۡمُسۡرِفِينَ</textIndopak>
    <translations>
      <translation>
        <author>King Fahad Quran Complex</author>
        <text>dari (azab) Firʻawn . Sesungguhnya dia adalah orang yang sombong; salah seorang dari orang-orang yang melampaui batas.</text>
      </translation>
    </translations>
    <rules>[{"start": 19, "end": 22, "rule_id": 0}, {"start": 41, "end": 44, "rule_id": 0}, {"start": 37, "end": 44, "rule_id": 3}, {"start": 2, "end": 6, "rule_id": 6}]</rules>
  </verse>
  <verse>
    <verseIdArabic>٣٢</verseIdArabic>
    <verseId>32</verseId>
    <chapterId>44</chapterId>
    <textIndopak>وَلَقَدِ ٱخۡتَرۡنَٰهُمۡ عَلَىٰ عِلۡمٍ عَلَى ٱلۡعَٰلَمِينَ</textIndopak>
    <translations>
      <translation>
        <author>King Fahad Quran Complex</author>
        <text>Dan sesungguhnya, telah Kami pilih mereka dengan pengetahuan (Kami) atas bangsa-bangsa .</text>
      </translation>
    </translations>
  </verse>
  <verse>
    <verseIdArabic>٣٣</verseIdArabic>
    <verseId>33</verseId>
    <chapterId>44</chapterId>
    <textIndopak>وَءَاتَيۡنَٰهُم مِّنَ ٱلۡأٓيَٰتِ مَا فِيهِ بَلَٰٓؤٞاْ مُّبِينٌ</textIndopak>
    <translations>
      <translation>
        <author>King Fahad Quran Complex</author>
        <text>Dan Kami telah memberikan kepada mereka di antara tanda-tanda kekuasaan (Kami) sesuatu yang di dalamnya terdapat nikmat yang nyata .</text>
      </translation>
    </translations>
    <rules>[{"start": 16, "end": 19, "rule_id": 0}, {"start": 55, "end": 58, "rule_id": 0}, {"start": 14, "end": 19, "rule_id": 4}]</rules>
  </verse>
  <verse>
    <verseIdArabic>٣٤</verseIdArabic>
    <verseId>34</verseId>
    <chapterId>44</chapterId>
    <textIndopak>إِنَّ هَٰٓؤُلَآءِ لَيَقُولُونَ</textIndopak>
    <translations>
      <translation>
        <author>King Fahad Quran Complex</author>
        <text>Sesungguhnya mereka (kaum musyrik) itu benar-benar berkata,</text>
      </translation>
    </translations>
    <rules>[{"start": 2, "end": 5, "rule_id": 0}]</rules>
  </verse>
  <verse>
    <verseIdArabic>٣٥</verseIdArabic>
    <verseId>35</verseId>
    <chapterId>44</chapterId>
    <textIndopak>إِنۡ هِيَ إِلَّا مَوۡتَتُنَا ٱلۡأُولَىٰ وَمَا نَحۡنُ بِمُنشَرِينَ</textIndopak>
    <translations>
      <translation>
        <author>King Fahad Quran Complex</author>
        <text>"tidak ada kematian, selain kematian di dunia ini. Dan kami sekali-kali tidak akan dibangkitkan ,</text>
      </translation>
    </translations>
    <rules>[{"start": 57, "end": 60, "rule_id": 6}]</rules>
  </verse>
  <verse>
    <verseIdArabic>٣٦</verseIdArabic>
    <verseId>36</verseId>
    <chapterId>44</chapterId>
    <textIndopak>فَأۡتُواْ بِـَٔابَآئِنَآ إِن كُنتُمۡ صَٰدِقِينَ</textIndopak>
    <translations>
      <translation>
        <author>King Fahad Quran Complex</author>
        <text>maka datangkanlah (kembali) bapak-bapak kami jika kamu memang orang-orang yang benar".</text>
      </translation>
    </translations>
    <rules>[{"start": 29, "end": 33, "rule_id": 6}, {"start": 33, "end": 36, "rule_id": 6}]</rules>
  </verse>
  <verse>
    <verseIdArabic>٣٧</verseIdArabic>
    <verseId>37</verseId>
    <chapterId>44</chapterId>
    <textIndopak>أَهُمۡ خَيۡرٌ أَمۡ قَوۡمُ تُبَّعٖ وَٱلَّذِينَ مِن قَبۡلِهِمۡ أَهۡلَكۡنَٰهُمۡۚ إِنَّهُمۡ كَانُواْ مُجۡرِمِينَ</textIndopak>
    <translations>
      <translation>
        <author>King Fahad Quran Complex</author>
        <text>Apakah mereka (kaum musyrikin) yang lebih baik ataukah kaum Tubbaʻ dan orang-orang yang sebelum mereka. Kami telah membinasakan mereka karena sesungguhnya mereka adalah orang-orang yang berdosa .</text>
      </translation>
    </translations>
    <rules>[{"start": 83, "end": 86, "rule_id": 0}, {"start": 52, "end": 54, "rule_id": 1}, {"start": 102, "end": 104, "rule_id": 1}, {"start": 31, "end": 36, "rule_id": 3}, {"start": 48, "end": 52, "rule_id": 6}]</rules>
  </verse>
  <verse>
    <verseIdArabic>٣٨</verseIdArabic>
    <verseId>38</verseId>
    <chapterId>44</chapterId>
    <textIndopak>وَمَا خَلَقۡنَا ٱلسَّمَٰوَٰتِ وَٱلۡأَرۡضَ وَمَا بَيۡنَهُمَا لَٰعِبِينَ</textIndopak>
    <translations>
      <translation>
        <author>King Fahad Quran Complex</author>
        <text>Dan Kami tidak menciptakan langit dan bumi dan apa yang ada antara keduanya dengan bermain-main.</text>
      </translation>
    </translations>
    <rules>[{"start": 10, "end": 12, "rule_id": 1}]</rules>
  </verse>
  <verse>
    <verseIdArabic>٣٩</verseIdArabic>
    <verseId>39</verseId>
    <chapterId>44</chapterId>
    <textIndopak>مَا خَلَقۡنَٰهُمَآ إِلَّا بِٱلۡحَقِّ وَلَٰكِنَّ أَكۡثَرَهُمۡ لَا يَعۡلَمُونَ</textIndopak>
    <translations>
      <translation>
        <author>King Fahad Quran Complex</author>
        <text>Kami tidak menciptakan keduanya, melainkan dengan hak, tetapi kebanyakan mereka tidak mengetahui.</text>
      </translation>
    </translations>
    <rules>[{"start": 45, "end": 48, "rule_id": 0}, {"start": 8, "end": 10, "rule_id": 1}]</rules>
  </verse>
  <verse>
    <verseIdArabic>٤٠</verseIdArabic>
    <verseId>40</verseId>
    <chapterId>44</chapterId>
    <textIndopak>إِنَّ يَوۡمَ ٱلۡفَصۡلِ مِيقَٰتُهُمۡ أَجۡمَعِينَ</textIndopak>
    <translations>
      <translation>
        <author>King Fahad Quran Complex</author>
        <text>Sesungguhnya hari keputusan (hari kiamat) itu adalah waktu yang dijanjikan bagi mereka semuanya,</text>
      </translation>
    </translations>
    <rules>[{"start": 2, "end": 5, "rule_id": 0}, {"start": 38, "end": 40, "rule_id": 1}]</rules>
  </verse>
  <verse>
    <verseIdArabic>٤١</verseIdArabic>
    <verseId>41</verseId>
    <chapterId>44</chapterId>
    <textIndopak>يَوۡمَ لَا يُغۡنِي مَوۡلًى عَن مَّوۡلٗى شَيۡـٔٗا وَلَا هُمۡ يُنصَرُونَ</textIndopak>
    <translations>
      <translation>
        <author>King Fahad Quran Complex</author>
        <text>yaitu hari yang seorang karib tidak dapat memberi manfaat kepada karibnya sedikit pun dan mereka tidak akan mendapat pertolongan,</text>
      </translation>
    </translations>
    <rules>[{"start": 31, "end": 34, "rule_id": 0}, {"start": 29, "end": 34, "rule_id": 3}, {"start": 45, "end": 51, "rule_id": 3}, {"start": 62, "end": 65, "rule_id": 6}]</rules>
  </verse>
  <verse>
    <verseIdArabic>٤٢</verseIdArabic>
    <verseId>42</verseId>
    <chapterId>44</chapterId>
    <textIndopak>إِلَّا مَن رَّحِمَ ٱللَّهُۚ إِنَّهُۥ هُوَ ٱلۡعَزِيزُ ٱلرَّحِيمُ</textIndopak>
    <translations>
      <translation>
        <author>King Fahad Quran Complex</author>
        <text>kecuali orang yang diberi rahmat oleh Allah. Sesungguhnya Dia-lah Yang Maha Perkasa lagi Maha Penyayang.</text>
      </translation>
    </translations>
    <rules>[{"start": 31, "end": 34, "rule_id": 0}, {"start": 9, "end": 14, "rule_id": 5}]</rules>
  </verse>
  <verse>
    <verseIdArabic>٤٣</verseIdArabic>
    <verseId>43</verseId>
    <chapterId>44</chapterId>
    <textIndopak>إِنَّ شَجَرَتَ ٱلزَّقُّومِ</textIndopak>
    <translations>
      <translation>
        <author>King Fahad Quran Complex</author>
        <text>Sesungguhnya pohon zakum itu,</text>
      </translation>
    </translations>
    <rules>[{"start": 2, "end": 5, "rule_id": 0}]</rules>
  </verse>
  <verse>
    <verseIdArabic>٤٤</verseIdArabic>
    <verseId>44</verseId>
    <chapterId>44</chapterId>
    <textIndopak>طَعَامُ ٱلۡأَثِيمِ</textIndopak>
    <translations>
      <translation>
        <author>King Fahad Quran Complex</author>
        <text>makanan orang yang banyak berdosa.</text>
      </translation>
    </translations>
  </verse>
  <verse>
    <verseIdArabic>٤٥</verseIdArabic>
    <verseId>45</verseId>
    <chapterId>44</chapterId>
    <textIndopak>كَٱلۡمُهۡلِ يَغۡلِي فِي ٱلۡبُطُونِ</textIndopak>
    <translations>
      <translation>
        <author>King Fahad Quran Complex</author>
        <text>(Ia) sebagai kotoran minyak yang mendidih di dalam perut,</text>
      </translation>
    </translations>
  </verse>
  <verse>
    <verseIdArabic>٤٦</verseIdArabic>
    <verseId>46</verseId>
    <chapterId>44</chapterId>
    <textIndopak>كَغَلۡيِ ٱلۡحَمِيمِ</textIndopak>
    <translations>
      <translation>
        <author>King Fahad Quran Complex</author>
        <text>seperti mendidihnya air yang sangat panas.</text>
      </translation>
    </translations>
  </verse>
  <verse>
    <verseIdArabic>٤٧</verseIdArabic>
    <verseId>47</verseId>
    <chapterId>44</chapterId>
    <textIndopak>خُذُوهُ فَٱعۡتِلُوهُ إِلَىٰ سَوَآءِ ٱلۡجَحِيمِ</textIndopak>
    <translations>
      <translation>
        <author>King Fahad Quran Complex</author>
        <text>Peganglah dia, kemudian seretlah dia ke tengah-tengah neraka.</text>
      </translation>
    </translations>
  </verse>
  <verse>
    <verseIdArabic>٤٨</verseIdArabic>
    <verseId>48</verseId>
    <chapterId>44</chapterId>
    <textIndopak>ثُمَّ صُبُّواْ فَوۡقَ رَأۡسِهِۦ مِنۡ عَذَابِ ٱلۡحَمِيمِ</textIndopak>
    <translations>
      <translation>
        <author>King Fahad Quran Complex</author>
        <text>Kemudian, tuangkanlah di atas kepalanya siksaan (dari) air yang amat panas.</text>
      </translation>
    </translations>
    <rules>[{"start": 2, "end": 5, "rule_id": 0}]</rules>
  </verse>
  <verse>
    <verseIdArabic>٤٩</verseIdArabic>
    <verseId>49</verseId>
    <chapterId>44</chapterId>
    <textIndopak>ذُقۡ إِنَّكَ أَنتَ ٱلۡعَزِيزُ ٱلۡكَرِيمُ</textIndopak>
    <translations>
      <translation>
        <author>King Fahad Quran Complex</author>
        <text>Rasakanlah, sesungguhnya kamu orang yang perkasa lagi mulia .</text>
      </translation>
    </translations>
    <rules>[{"start": 7, "end": 10, "rule_id": 0}, {"start": 2, "end": 4, "rule_id": 1}, {"start": 15, "end": 18, "rule_id": 6}]</rules>
  </verse>
  <verse>
    <verseIdArabic>٥٠</verseIdArabic>
    <verseId>50</verseId>
    <chapterId>44</chapterId>
    <textIndopak>إِنَّ هَٰذَا مَا كُنتُم بِهِۦ تَمۡتَرُونَ</textIndopak>
    <translations>
      <translation>
        <author>King Fahad Quran Complex</author>
        <text>Sesungguhnya ini adalah azab yang dahulu selalu kamu meragu-ragukannya.</text>
      </translation>
    </translations>
    <rules>[{"start": 2, "end": 5, "rule_id": 0}, {"start": 19, "end": 22, "rule_id": 6}, {"start": 22, "end": 26, "rule_id": 7}]</rules>
  </verse>
  <verse>
    <verseIdArabic>٥١</verseIdArabic>
    <verseId>51</verseId>
    <chapterId>44</chapterId>
    <textIndopak>إِنَّ ٱلۡمُتَّقِينَ فِي مَقَامٍ أَمِينٖ</textIndopak>
    <translations>
      <translation>
        <author>King Fahad Quran Complex</author>
        <text>Sesungguhnya orang-orang yang bertakwa berada dalam tempat yang aman,</text>
      </translation>
    </translations>
    <rules>[{"start": 2, "end": 5, "rule_id": 0}]</rules>
  </verse>
  <verse>
    <verseIdArabic>٥٢</verseIdArabic>
    <verseId>52</verseId>
    <chapterId>44</chapterId>
    <textIndopak>فِي جَنَّٰتٖ وَعُيُونٖ</textIndopak>
    <translations>
      <translation>
        <author>King Fahad Quran Complex</author>
        <text>(yaitu) di dalam taman-taman dan mata-air-mata-air;</text>
      </translation>
    </translations>
    <rules>[{"start": 6, "end": 10, "rule_id": 0}, {"start": 10, "end": 15, "rule_id": 3}]</rules>
  </verse>
  <verse>
    <verseIdArabic>٥٣</verseIdArabic>
    <verseId>53</verseId>
    <chapterId>44</chapterId>
    <textIndopak>يَلۡبَسُونَ مِن سُندُسٖ وَإِسۡتَبۡرَقٖ مُّتَقَٰبِلِينَ</textIndopak>
    <translations>
      <translation>
        <author>King Fahad Quran Complex</author>
        <text>mereka memakai sutra yang halus dan sutra yang tebal, (duduk) berhadap-hadapan,</text>
      </translation>
    </translations>
    <rules>[{"start": 39, "end": 42, "rule_id": 0}, {"start": 32, "end": 34, "rule_id": 1}, {"start": 21, "end": 26, "rule_id": 3}, {"start": 36, "end": 42, "rule_id": 3}, {"start": 14, "end": 18, "rule_id": 6}, {"start": 18, "end": 21, "rule_id": 6}]</rules>
  </verse>
  <verse>
    <verseIdArabic>٥٤</verseIdArabic>
    <verseId>54</verseId>
    <chapterId>44</chapterId>
    <textIndopak>كَذَٰلِكَ وَزَوَّجۡنَٰهُم بِحُورٍ عِينٖ</textIndopak>
    <translations>
      <translation>
        <author>King Fahad Quran Complex</author>
        <text>demikianlah. Dan Kami berikan kepada mereka bidadari.</text>
      </translation>
    </translations>
    <rules>[{"start": 17, "end": 19, "rule_id": 1}, {"start": 24, "end": 28, "rule_id": 7}]</rules>
  </verse>
  <verse>
    <verseIdArabic>٥٥</verseIdArabic>
    <verseId>55</verseId>
    <chapterId>44</chapterId>
    <textIndopak>يَدۡعُونَ فِيهَا بِكُلِّ فَٰكِهَةٍ ءَامِنِينَ</textIndopak>
    <translations>
      <translation>
        <author>King Fahad Quran Complex</author>
        <text>Di dalamnya mereka meminta segala macam buah-buahan dengan aman (dari segala kekhawatiran) ,</text>
      </translation>
    </translations>
    <rules>[{"start": 2, "end": 4, "rule_id": 1}]</rules>
  </verse>
  <verse>
    <verseIdArabic>٥٦</verseIdArabic>
    <verseId>56</verseId>
    <chapterId>44</chapterId>
    <textIndopak>لَا يَذُوقُونَ فِيهَا ٱلۡمَوۡتَ إِلَّا ٱلۡمَوۡتَةَ ٱلۡأُولَىٰۖ وَوَقَىٰهُمۡ عَذَابَ ٱلۡجَحِيمِ</textIndopak>
    <translations>
      <translation>
        <author>King Fahad Quran Complex</author>
        <text>mereka tidak akan merasakan mati di dalamnya, kecuali mati di dunia. Dan Allah memelihara mereka dari azab neraka,</text>
      </translation>
    </translations>
  </verse>
  <verse>
    <verseIdArabic>٥٧</verseIdArabic>
    <verseId>57</verseId>
    <chapterId>44</chapterId>
    <textIndopak>فَضۡلٗا مِّن رَّبِّكَۚ ذَٰلِكَ هُوَ ٱلۡفَوۡزُ ٱلۡعَظِيمُ</textIndopak>
    <translations>
      <translation>
        <author>King Fahad Quran Complex</author>
        <text>sebagai karunia dari Tuhan-mu. Yang demikian itu adalah keberuntungan yang besar.</text>
      </translation>
    </translations>
    <rules>[{"start": 8, "end": 11, "rule_id": 0}, {"start": 4, "end": 11, "rule_id": 3}, {"start": 11, "end": 16, "rule_id": 5}]</rules>
  </verse>
  <verse>
    <verseIdArabic>٥٨</verseIdArabic>
    <verseId>58</verseId>
    <chapterId>44</chapterId>
    <textIndopak>فَإِنَّمَا يَسَّرۡنَٰهُ بِلِسَانِكَ لَعَلَّهُمۡ يَتَذَكَّرُونَ</textIndopak>
    <translations>
      <translation>
        <author>King Fahad Quran Complex</author>
        <text>Sesungguhnya, Kami mudahkan Al-Qur`ān itu dengan bahasamu supaya mereka mendapat pelajaran.</text>
      </translation>
    </translations>
    <rules>[{"start": 4, "end": 7, "rule_id": 0}]</rules>
  </verse>
  <verse>
    <verseIdArabic>٥٩</verseIdArabic>
    <verseId>59</verseId>
    <chapterId>44</chapterId>
    <textIndopak>فَٱرۡتَقِبۡ إِنَّهُم مُّرۡتَقِبُونَ</textIndopak>
    <translations>
      <translation>
        <author>King Fahad Quran Complex</author>
        <text>Maka tunggulah; sesungguhnya mereka itu menunggu (pula).</text>
      </translation>
    </translations>
    <rules>[{"start": 14, "end": 17, "rule_id": 0}, {"start": 21, "end": 24, "rule_id": 0}, {"start": 9, "end": 11, "rule_id": 1}, {"start": 19, "end": 24, "rule_id": 4}]</rules>
  </verse>
</verses>
