<?xml version="1.0" encoding="UTF-8"?>

<verses>
  <verse>
    <verseIdArabic>١</verseIdArabic>
    <verseId>1</verseId>
    <chapterId>45</chapterId>
    <textIndopak>حمٓ</textIndopak>
    <translations>
      <translation>
        <author>King Fahad Quran Complex</author>
        <text>Ḥā Mīm .</text>
      </translation>
    </translations>
  </verse>
  <verse>
    <verseIdArabic>٢</verseIdArabic>
    <verseId>2</verseId>
    <chapterId>45</chapterId>
    <textIndopak>تَنزِيلُ ٱلۡكِتَٰبِ مِنَ ٱللَّهِ ٱلۡعَزِيزِ ٱلۡحَكِيمِ</textIndopak>
    <translations>
      <translation>
        <author>King Fahad Quran Complex</author>
        <text>Kitab (ini) diturunkan dari Allah Yang Maha Perkasa lagi Maha Bijaksana.</text>
      </translation>
    </translations>
    <rules>[{"start": 2, "end": 5, "rule_id": 6}]</rules>
  </verse>
  <verse>
    <verseIdArabic>٣</verseIdArabic>
    <verseId>3</verseId>
    <chapterId>45</chapterId>
    <textIndopak>إِنَّ فِي ٱلسَّمَٰوَٰتِ وَٱلۡأَرۡضِ لَأٓيَٰتٖ لِّلۡمُؤۡمِنِينَ</textIndopak>
    <translations>
      <translation>
        <author>King Fahad Quran Complex</author>
        <text>Sesungguhnya pada langit dan bumi benar-benar terdapat tanda-tanda (kekuasaan Allah) untuk orang-orang yang beriman.</text>
      </translation>
    </translations>
    <rules>[{"start": 2, "end": 5, "rule_id": 0}, {"start": 44, "end": 50, "rule_id": 5}]</rules>
  </verse>
  <verse>
    <verseIdArabic>٤</verseIdArabic>
    <verseId>4</verseId>
    <chapterId>45</chapterId>
    <textIndopak>وَفِي خَلۡقِكُمۡ وَمَا يَبُثُّ مِن دَآبَّةٍ ءَايَٰتٞ لِّقَوۡمٖ يُوقِنُونَ</textIndopak>
    <translations>
      <translation>
        <author>King Fahad Quran Complex</author>
        <text>Dan pada penciptakan kamu dan pada binatang-binatang yang melata yang bertebaran (di muka bumi) terdapat tanda-tanda (kekuasaan Allah) untuk kaum yang meyakini,</text>
      </translation>
    </translations>
    <rules>[{"start": 61, "end": 66, "rule_id": 3}, {"start": 51, "end": 57, "rule_id": 5}, {"start": 33, "end": 37, "rule_id": 6}]</rules>
  </verse>
  <verse>
    <verseIdArabic>٥</verseIdArabic>
    <verseId>5</verseId>
    <chapterId>45</chapterId>
    <textIndopak>وَٱخۡتِلَٰفِ ٱلَّيۡلِ وَٱلنَّهَارِ وَمَآ أَنزَلَ ٱللَّهُ مِنَ ٱلسَّمَآءِ مِن رِّزۡقٖ فَأَحۡيَا بِهِ ٱلۡأَرۡضَ بَعۡدَ مَوۡتِهَا وَتَصۡرِيفِ ٱلرِّيَٰحِ ءَايَٰتٞ لِّقَوۡمٖ يَعۡقِلُونَ</textIndopak>
    <translations>
      <translation>
        <author>King Fahad Quran Complex</author>
        <text>dan pada pergantian malam dan siang dan hujan yang diturunkan Allah dari langit, lalu dihidupkanNya dengan air hujan itu bumi sesudah matinya, dan pada perkisaran angin terdapat pula tanda-tanda (kekuasaan Allah) bagi kaum yang berakal.</text>
      </translation>
    </translations>
    <rules>[{"start": 26, "end": 29, "rule_id": 0}, {"start": 168, "end": 173, "rule_id": 3}, {"start": 77, "end": 82, "rule_id": 5}, {"start": 158, "end": 164, "rule_id": 5}, {"start": 44, "end": 47, "rule_id": 6}, {"start": 84, "end": 89, "rule_id": 6}]</rules>
  </verse>
  <verse>
    <verseIdArabic>٦</verseIdArabic>
    <verseId>6</verseId>
    <chapterId>45</chapterId>
    <textIndopak>تِلۡكَ ءَايَٰتُ ٱللَّهِ نَتۡلُوهَا عَلَيۡكَ بِٱلۡحَقِّۖ فَبِأَيِّ حَدِيثِۭ بَعۡدَ ٱللَّهِ وَءَايَٰتِهِۦ يُؤۡمِنُونَ</textIndopak>
    <translations>
      <translation>
        <author>King Fahad Quran Complex</author>
        <text>Itulah ayat-ayat Allah yang Kami membacakannya kepadamu dengan sebenarnya, maka dengan perkataan manakah lagi mereka akan beriman sesudah (kalam) Allah dan keterangan-keterangan-Nya.</text>
      </translation>
    </translations>
    <rules>[{"start": 72, "end": 78, "rule_id": 2}]</rules>
  </verse>
  <verse>
    <verseIdArabic>٧</verseIdArabic>
    <verseId>7</verseId>
    <chapterId>45</chapterId>
    <textIndopak>وَيۡلٞ لِّكُلِّ أَفَّاكٍ أَثِيمٖ</textIndopak>
    <translations>
      <translation>
        <author>King Fahad Quran Complex</author>
        <text>Kecelakaan besarlah bagi tiap-tiap orang yang banyak berdusta lagi banyak berdosa,</text>
      </translation>
    </translations>
    <rules>[{"start": 4, "end": 10, "rule_id": 5}]</rules>
  </verse>
  <verse>
    <verseIdArabic>٨</verseIdArabic>
    <verseId>8</verseId>
    <chapterId>45</chapterId>
    <textIndopak>يَسۡمَعُ ءَايَٰتِ ٱللَّهِ تُتۡلَىٰ عَلَيۡهِ ثُمَّ يُصِرُّ مُسۡتَكۡبِرٗا كَأَن لَّمۡ يَسۡمَعۡهَاۖ فَبَشِّرۡهُ بِعَذَابٍ أَلِيمٖ</textIndopak>
    <translations>
      <translation>
        <author>King Fahad Quran Complex</author>
        <text>dia mendengar ayat-ayat Allah dibacakan kepadanya, kemudian dia tetap menyombongkan diri seakan-akan dia tidak mendengarnya. Maka beri kabar gembiralah dia dengan azab yang pedih.</text>
      </translation>
    </translations>
    <rules>[{"start": 46, "end": 49, "rule_id": 0}, {"start": 76, "end": 81, "rule_id": 5}]</rules>
  </verse>
  <verse>
    <verseIdArabic>٩</verseIdArabic>
    <verseId>9</verseId>
    <chapterId>45</chapterId>
    <textIndopak>وَإِذَا عَلِمَ مِنۡ ءَايَٰتِنَا شَيۡـًٔا ٱتَّخَذَهَا هُزُوًاۚ أُوْلَٰٓئِكَ لَهُمۡ عَذَابٞ مُّهِينٞ</textIndopak>
    <translations>
      <translation>
        <author>King Fahad Quran Complex</author>
        <text>Dan apabila dia mengetahui barang sedikit tentang ayat-ayat Kami, maka ayat-ayat itu dijadikan olok-olok. Merekalah yang memperoleh azab yang menghinakan.</text>
      </translation>
    </translations>
    <rules>[{"start": 91, "end": 94, "rule_id": 0}, {"start": 88, "end": 94, "rule_id": 3}]</rules>
  </verse>
  <verse>
    <verseIdArabic>١٠</verseIdArabic>
    <verseId>10</verseId>
    <chapterId>45</chapterId>
    <textIndopak>مِّن وَرَآئِهِمۡ جَهَنَّمُۖ وَلَا يُغۡنِي عَنۡهُم مَّا كَسَبُواْ شَيۡـٔٗا وَلَا مَا ٱتَّخَذُواْ مِن دُونِ ٱللَّهِ أَوۡلِيَآءَۖ وَلَهُمۡ عَذَابٌ عَظِيمٌ</textIndopak>
    <translations>
      <translation>
        <author>King Fahad Quran Complex</author>
        <text>Di hadapan mereka neraka Jahanam dan tidak akan berguna bagi mereka sedikit pun apa yang telah mereka kerjakan dan tidak pula berguna apa yang mereka jadikan sebagai sembahan-sembahan (mereka) dari selain Allah. Dan bagi mereka azab yang besar.</text>
      </translation>
    </translations>
    <rules>[{"start": 0, "end": 3, "rule_id": 0}, {"start": 22, "end": 25, "rule_id": 0}, {"start": 52, "end": 55, "rule_id": 0}, {"start": 3, "end": 7, "rule_id": 3}, {"start": 72, "end": 78, "rule_id": 3}, {"start": 50, "end": 55, "rule_id": 4}, {"start": 100, "end": 104, "rule_id": 6}]</rules>
  </verse>
  <verse>
    <verseIdArabic>١١</verseIdArabic>
    <verseId>11</verseId>
    <chapterId>45</chapterId>
    <textIndopak>هَٰذَا هُدٗىۖ وَٱلَّذِينَ كَفَرُواْ بِـَٔايَٰتِ رَبِّهِمۡ لَهُمۡ عَذَابٞ مِّن رِّجۡزٍ أَلِيمٌ</textIndopak>
    <translations>
      <translation>
        <author>King Fahad Quran Complex</author>
        <text>Ini (Al-Qur`ān) adalah petunjuk. Dan orang-orang yang kafir kepada ayat-ayat Tuhan-nya bagi mereka azab, yaitu siksaan yang sangat pedih.</text>
      </translation>
    </translations>
    <rules>[{"start": 74, "end": 77, "rule_id": 0}, {"start": 82, "end": 84, "rule_id": 1}, {"start": 71, "end": 77, "rule_id": 3}, {"start": 77, "end": 82, "rule_id": 5}]</rules>
  </verse>
  <verse>
    <verseIdArabic>١٢</verseIdArabic>
    <verseId>12</verseId>
    <chapterId>45</chapterId>
    <textIndopak>۞ ٱللَّهُ ٱلَّذِي سَخَّرَ لَكُمُ ٱلۡبَحۡرَ لِتَجۡرِيَ ٱلۡفُلۡكُ فِيهِ بِأَمۡرِهِۦ وَلِتَبۡتَغُواْ مِن فَضۡلِهِۦ وَلَعَلَّكُمۡ تَشۡكُرُونَ</textIndopak>
    <translations>
      <translation>
        <author>King Fahad Quran Complex</author>
        <text>Allahlah yang menundukkan lautan untukmu supaya kapal-kapal dapat berlayar padanya dengan seizin-Nya dan supaya kamu dapat mencari karunia-Nya dan mudah-mudahan kamu bersyukur.</text>
      </translation>
    </translations>
    <rules>[{"start": 47, "end": 49, "rule_id": 1}, {"start": 88, "end": 90, "rule_id": 1}, {"start": 100, "end": 104, "rule_id": 6}]</rules>
  </verse>
  <verse>
    <verseIdArabic>١٣</verseIdArabic>
    <verseId>13</verseId>
    <chapterId>45</chapterId>
    <textIndopak>وَسَخَّرَ لَكُم مَّا فِي ٱلسَّمَٰوَٰتِ وَمَا فِي ٱلۡأَرۡضِ جَمِيعٗا مِّنۡهُۚ إِنَّ فِي ذَٰلِكَ لَأٓيَٰتٖ لِّقَوۡمٖ يَتَفَكَّرُونَ</textIndopak>
    <translations>
      <translation>
        <author>King Fahad Quran Complex</author>
        <text>Dan Dia menundukkan untukmu apa yang ada di langit dan apa yang ada di bumi semuanya (sebagai rahmat) daripada-Nya. Sesungguhnya pada yang demikian itu benar-benar terdapat tanda-tanda (kekuasaan Allah) bagi kaum yang berpikir.</text>
      </translation>
    </translations>
    <rules>[{"start": 16, "end": 19, "rule_id": 0}, {"start": 68, "end": 71, "rule_id": 0}, {"start": 80, "end": 83, "rule_id": 0}, {"start": 64, "end": 71, "rule_id": 3}, {"start": 114, "end": 119, "rule_id": 3}, {"start": 14, "end": 19, "rule_id": 4}, {"start": 104, "end": 110, "rule_id": 5}]</rules>
  </verse>
  <verse>
    <verseIdArabic>١٤</verseIdArabic>
    <verseId>14</verseId>
    <chapterId>45</chapterId>
    <textIndopak>قُل لِّلَّذِينَ ءَامَنُواْ يَغۡفِرُواْ لِلَّذِينَ لَا يَرۡجُونَ أَيَّامَ ٱللَّهِ لِيَجۡزِيَ قَوۡمَۢا بِمَا كَانُواْ يَكۡسِبُونَ</textIndopak>
    <translations>
      <translation>
        <author>King Fahad Quran Complex</author>
        <text>Katakanlah kepada orang-orang yang beriman hendaklah mereka memaafkan orang-orang yang tiada takut akan hari-hari Allah karena Dia akan membalas sesuatu kaum terhadap apa yang telah mereka kerjakan.</text>
      </translation>
    </translations>
    <rules>[{"start": 85, "end": 87, "rule_id": 1}]</rules>
  </verse>
  <verse>
    <verseIdArabic>١٥</verseIdArabic>
    <verseId>15</verseId>
    <chapterId>45</chapterId>
    <textIndopak>مَنۡ عَمِلَ صَٰلِحٗا فَلِنَفۡسِهِۦۖ وَمَنۡ أَسَآءَ فَعَلَيۡهَاۖ ثُمَّ إِلَىٰ رَبِّكُمۡ تُرۡجَعُونَ</textIndopak>
    <translations>
      <translation>
        <author>King Fahad Quran Complex</author>
        <text>Barang siapa yang mengerjakan amal saleh, maka itu adalah untuk dirinya sendiri dan barang siapa yang mengerjakan kejahatan, maka itu akan menimpa dirinya sendiri, kemudian kepada Tuhan-mulah kamu dikembalikan.</text>
      </translation>
    </translations>
    <rules>[{"start": 69, "end": 72, "rule_id": 0}]</rules>
  </verse>
  <verse>
    <verseIdArabic>١٦</verseIdArabic>
    <verseId>16</verseId>
    <chapterId>45</chapterId>
    <textIndopak>وَلَقَدۡ ءَاتَيۡنَا بَنِيٓ إِسۡرَٰٓءِيلَ ٱلۡكِتَٰبَ وَٱلۡحُكۡمَ وَٱلنُّبُوَّةَ وَرَزَقۡنَٰهُم مِّنَ ٱلطَّيِّبَٰتِ وَفَضَّلۡنَٰهُمۡ عَلَى ٱلۡعَٰلَمِينَ</textIndopak>
    <translations>
      <translation>
        <author>King Fahad Quran Complex</author>
        <text>Dan sesungguhnya telah Kami berikan kepada Bani Isrā`īl Alkitab (Taurat), kekuasaan dan kenabian, dan Kami berikan kepada mereka rezeki-rezeki yang baik, dan Kami lebihkan mereka atas bangsa-bangsa (pada masanya).</text>
      </translation>
    </translations>
    <rules>[{"start": 68, "end": 71, "rule_id": 0}, {"start": 94, "end": 97, "rule_id": 0}, {"start": 6, "end": 8, "rule_id": 1}, {"start": 85, "end": 87, "rule_id": 1}, {"start": 92, "end": 97, "rule_id": 4}]</rules>
  </verse>
  <verse>
    <verseIdArabic>١٧</verseIdArabic>
    <verseId>17</verseId>
    <chapterId>45</chapterId>
    <textIndopak>وَءَاتَيۡنَٰهُم بَيِّنَٰتٖ مِّنَ ٱلۡأَمۡرِۖ فَمَا ٱخۡتَلَفُوٓاْ إِلَّا مِنۢ بَعۡدِ مَا جَآءَهُمُ ٱلۡعِلۡمُ بَغۡيَۢا بَيۡنَهُمۡۚ إِنَّ رَبَّكَ يَقۡضِي بَيۡنَهُمۡ يَوۡمَ ٱلۡقِيَٰمَةِ فِيمَا كَانُواْ فِيهِ يَخۡتَلِفُونَ</textIndopak>
    <translations>
      <translation>
        <author>King Fahad Quran Complex</author>
        <text>Dan Kami berikan kepada mereka keterangan-keterangan yang nyata tentang urusan (agama), maka mereka tidak berselisih, melainkan sesudah datang kepada mereka pengetahuan karena kedengkian yang ada di antara mereka. Sesungguhnya Tuhan-mu akan memutuskan antara mereka pada hari kiamat terhadap apa yang mereka selalu berselisih padanya.</text>
      </translation>
    </translations>
    <rules>[{"start": 27, "end": 30, "rule_id": 0}, {"start": 133, "end": 136, "rule_id": 0}, {"start": 147, "end": 149, "rule_id": 1}, {"start": 74, "end": 79, "rule_id": 2}, {"start": 24, "end": 30, "rule_id": 3}, {"start": 14, "end": 18, "rule_id": 7}]</rules>
  </verse>
  <verse>
    <verseIdArabic>١٨</verseIdArabic>
    <verseId>18</verseId>
    <chapterId>45</chapterId>
    <textIndopak>ثُمَّ جَعَلۡنَٰكَ عَلَىٰ شَرِيعَةٖ مِّنَ ٱلۡأَمۡرِ فَٱتَّبِعۡهَا وَلَا تَتَّبِعۡ أَهۡوَآءَ ٱلَّذِينَ لَا يَعۡلَمُونَ</textIndopak>
    <translations>
      <translation>
        <author>King Fahad Quran Complex</author>
        <text>Kemudian, Kami jadikan kamu berada di atas suatu syariat (peraturan) dari urusan (agama itu), maka ikutilah syariat itu dan janganlah kamu ikuti hawa nafsu orang-orang yang tidak mengetahui.</text>
      </translation>
    </translations>
    <rules>[{"start": 2, "end": 5, "rule_id": 0}, {"start": 35, "end": 38, "rule_id": 0}, {"start": 32, "end": 38, "rule_id": 3}]</rules>
  </verse>
  <verse>
    <verseIdArabic>١٩</verseIdArabic>
    <verseId>19</verseId>
    <chapterId>45</chapterId>
    <textIndopak>إِنَّهُمۡ لَن يُغۡنُواْ عَنكَ مِنَ ٱللَّهِ شَيۡـٔٗاۚ وَإِنَّ ٱلظَّٰلِمِينَ بَعۡضُهُمۡ أَوۡلِيَآءُ بَعۡضٖۖ وَٱللَّهُ وَلِيُّ ٱلۡمُتَّقِينَ</textIndopak>
    <translations>
      <translation>
        <author>King Fahad Quran Complex</author>
        <text>Sesungguhnya mereka sekali-kali tidak akan dapat menolak dari kamu sedikit pun dari (siksaan) Allah. Dan Sesungguhnya orang-orang yang zalim itu sebagian mereka menjadi penolong bagi sebagian yang lain, dan Allah adalah pelindung orang-orang yang bertakwa.</text>
      </translation>
    </translations>
    <rules>[{"start": 2, "end": 5, "rule_id": 0}, {"start": 58, "end": 61, "rule_id": 0}, {"start": 12, "end": 16, "rule_id": 3}, {"start": 104, "end": 111, "rule_id": 3}, {"start": 26, "end": 29, "rule_id": 6}]</rules>
  </verse>
  <verse>
    <verseIdArabic>٢٠</verseIdArabic>
    <verseId>20</verseId>
    <chapterId>45</chapterId>
    <textIndopak>هَٰذَا بَصَٰٓئِرُ لِلنَّاسِ وَهُدٗى وَرَحۡمَةٞ لِّقَوۡمٖ يُوقِنُونَ</textIndopak>
    <translations>
      <translation>
        <author>King Fahad Quran Complex</author>
        <text>Al-Qur`ān ini adalah pedoman bagi manusia; petunjuk dan rahmat bagi kaum yang meyakini.</text>
      </translation>
    </translations>
    <rules>[{"start": 21, "end": 24, "rule_id": 0}, {"start": 54, "end": 59, "rule_id": 3}, {"start": 44, "end": 50, "rule_id": 5}]</rules>
  </verse>
  <verse>
    <verseIdArabic>٢١</verseIdArabic>
    <verseId>21</verseId>
    <chapterId>45</chapterId>
    <textIndopak>أَمۡ حَسِبَ ٱلَّذِينَ ٱجۡتَرَحُواْ ٱلسَّيِّـَٔاتِ أَن نَّجۡعَلَهُمۡ كَٱلَّذِينَ ءَامَنُواْ وَعَمِلُواْ ٱلصَّٰلِحَٰتِ سَوَآءٗ مَّحۡيَاهُمۡ وَمَمَاتُهُمۡۚ سَآءَ مَا يَحۡكُمُونَ</textIndopak>
    <translations>
      <translation>
        <author>King Fahad Quran Complex</author>
        <text>Apakah orang-orang yang membuat kejahatan itu menyangka bahwa Kami akan menjadikan mereka seperti orang-orang yang beriman dan mengerjakan amal saleh, yaitu sama antara kehidupan dan kematian mereka? Amat buruklah apa yang mereka sangka itu.</text>
      </translation>
    </translations>
    <rules>[{"start": 54, "end": 57, "rule_id": 0}, {"start": 126, "end": 129, "rule_id": 0}, {"start": 23, "end": 25, "rule_id": 1}, {"start": 57, "end": 59, "rule_id": 1}, {"start": 52, "end": 57, "rule_id": 3}, {"start": 123, "end": 129, "rule_id": 3}]</rules>
  </verse>
  <verse>
    <verseIdArabic>٢٢</verseIdArabic>
    <verseId>22</verseId>
    <chapterId>45</chapterId>
    <textIndopak>وَخَلَقَ ٱللَّهُ ٱلسَّمَٰوَٰتِ وَٱلۡأَرۡضَ بِٱلۡحَقِّ وَلِتُجۡزَىٰ كُلُّ نَفۡسِۭ بِمَا كَسَبَتۡ وَهُمۡ لَا يُظۡلَمُونَ</textIndopak>
    <translations>
      <translation>
        <author>King Fahad Quran Complex</author>
        <text>Dan Allah menciptakan langit dan bumi dengan tujuan yang benar dan agar dibalasi tiap-tiap diri terhadap apa yang dikerjakannya dan mereka tidak akan dirugikan.</text>
      </translation>
    </translations>
    <rules>[{"start": 60, "end": 62, "rule_id": 1}, {"start": 77, "end": 83, "rule_id": 2}]</rules>
  </verse>
  <verse>
    <verseIdArabic>٢٣</verseIdArabic>
    <verseId>23</verseId>
    <chapterId>45</chapterId>
    <textIndopak>أَفَرَءَيۡتَ مَنِ ٱتَّخَذَ إِلَٰهَهُۥ هَوَىٰهُ وَأَضَلَّهُ ٱللَّهُ عَلَىٰ عِلۡمٖ وَخَتَمَ عَلَىٰ سَمۡعِهِۦ وَقَلۡبِهِۦ وَجَعَلَ عَلَىٰ بَصَرِهِۦ غِشَٰوَةٗ فَمَن يَهۡدِيهِ مِنۢ بَعۡدِ ٱللَّهِۚ أَفَلَا تَذَكَّرُونَ</textIndopak>
    <translations>
      <translation>
        <author>King Fahad Quran Complex</author>
        <text>Maka pernahkah kamu melihat orang yang menjadikan hawa nafsunya sebagai tuhannya dan Allah membiarkannya sesat berdasarkan ilmu-Nya dan Allah telah mengunci mati pendengaran dan hatinya dan meletakkan tutupan atas penglihatannya? Maka siapakah yang akan memberinya petunjuk sesudah Allah (membiarkannya sesat). Maka mengapa kamu tidak mengambil pelajaran?</text>
      </translation>
    </translations>
    <rules>[{"start": 173, "end": 178, "rule_id": 2}, {"start": 159, "end": 163, "rule_id": 3}, {"start": 78, "end": 83, "rule_id": 3}, {"start": 152, "end": 157, "rule_id": 6}]</rules>
  </verse>
  <verse>
    <verseIdArabic>٢٤</verseIdArabic>
    <verseId>24</verseId>
    <chapterId>45</chapterId>
    <textIndopak>وَقَالُواْ مَا هِيَ إِلَّا حَيَاتُنَا ٱلدُّنۡيَا نَمُوتُ وَنَحۡيَا وَمَا يُهۡلِكُنَآ إِلَّا ٱلدَّهۡرُۚ وَمَا لَهُم بِذَٰلِكَ مِنۡ عِلۡمٍۖ إِنۡ هُمۡ إِلَّا يَظُنُّونَ</textIndopak>
    <translations>
      <translation>
        <author>King Fahad Quran Complex</author>
        <text>Dan mereka berkata, "Kehidupan ini tidak lain hanyalah kehidupan di dunia saja; kita mati dan kita hidup dan tidak ada yang membinasakan kita selain masa"; dan mereka sekali-kali tidak mempunyai pengetahuan tentang itu; mereka tidak lain hanyalah menduga-duga saja.</text>
      </translation>
    </translations>
    <rules>[{"start": 162, "end": 165, "rule_id": 0}, {"start": 115, "end": 119, "rule_id": 7}]</rules>
  </verse>
  <verse>
    <verseIdArabic>٢٥</verseIdArabic>
    <verseId>25</verseId>
    <chapterId>45</chapterId>
    <textIndopak>وَإِذَا تُتۡلَىٰ عَلَيۡهِمۡ ءَايَٰتُنَا بَيِّنَٰتٖ مَّا كَانَ حُجَّتَهُمۡ إِلَّآ أَن قَالُواْ ٱئۡتُواْ بِـَٔابَآئِنَآ إِن كُنتُمۡ صَٰدِقِينَ</textIndopak>
    <translations>
      <translation>
        <author>King Fahad Quran Complex</author>
        <text>Dan apabila dibacakan kepada mereka ayat-ayat Kami yang jelas, tidak ada bantahan mereka selain dari mengatakan, "Datangkanlah nenek moyang kami, jika kamu adalah orang-orang yang benar.</text>
      </translation>
    </translations>
    <rules>[{"start": 51, "end": 54, "rule_id": 0}, {"start": 48, "end": 54, "rule_id": 3}, {"start": 84, "end": 88, "rule_id": 6}, {"start": 123, "end": 127, "rule_id": 6}, {"start": 127, "end": 130, "rule_id": 6}]</rules>
  </verse>
  <verse>
    <verseIdArabic>٢٦</verseIdArabic>
    <verseId>26</verseId>
    <chapterId>45</chapterId>
    <textIndopak>قُلِ ٱللَّهُ يُحۡيِيكُمۡ ثُمَّ يُمِيتُكُمۡ ثُمَّ يَجۡمَعُكُمۡ إِلَىٰ يَوۡمِ ٱلۡقِيَٰمَةِ لَا رَيۡبَ فِيهِ وَلَٰكِنَّ أَكۡثَرَ ٱلنَّاسِ لَا يَعۡلَمُونَ</textIndopak>
    <translations>
      <translation>
        <author>King Fahad Quran Complex</author>
        <text>Katakanlah, "Allah-lah yang menghidupkan kamu, kemudian mematikan kamu; setelah itu, mengumpulkan kamu pada hari kiamat yang tidak ada keraguan padanya, akan tetapi kebanyakan manusia tidak mengetahui.</text>
      </translation>
    </translations>
    <rules>[{"start": 27, "end": 30, "rule_id": 0}, {"start": 45, "end": 48, "rule_id": 0}, {"start": 113, "end": 116, "rule_id": 0}, {"start": 128, "end": 131, "rule_id": 0}, {"start": 51, "end": 53, "rule_id": 1}]</rules>
  </verse>
  <verse>
    <verseIdArabic>٢٧</verseIdArabic>
    <verseId>27</verseId>
    <chapterId>45</chapterId>
    <textIndopak>وَلِلَّهِ مُلۡكُ ٱلسَّمَٰوَٰتِ وَٱلۡأَرۡضِۚ وَيَوۡمَ تَقُومُ ٱلسَّاعَةُ يَوۡمَئِذٖ يَخۡسَرُ ٱلۡمُبۡطِلُونَ</textIndopak>
    <translations>
      <translation>
        <author>King Fahad Quran Complex</author>
        <text>Dan hanya kepunyaan Allah kerajaan langit dan bumi. Dan pada hari terjadinya kebangkitan, akan rugilah pada hari itu orang-orang yang mengerjakan kebatilan.</text>
      </translation>
    </translations>
    <rules>[{"start": 98, "end": 100, "rule_id": 1}, {"start": 81, "end": 86, "rule_id": 3}]</rules>
  </verse>
  <verse>
    <verseIdArabic>٢٨</verseIdArabic>
    <verseId>28</verseId>
    <chapterId>45</chapterId>
    <textIndopak>وَتَرَىٰ كُلَّ أُمَّةٖ جَاثِيَةٗۚ كُلُّ أُمَّةٖ تُدۡعَىٰٓ إِلَىٰ كِتَٰبِهَا ٱلۡيَوۡمَ تُجۡزَوۡنَ مَا كُنتُمۡ تَعۡمَلُونَ</textIndopak>
    <translations>
      <translation>
        <author>King Fahad Quran Complex</author>
        <text>Dan (pada hari itu), kamu lihat tiap-tiap umat berlutut. Tiap-tiap umat dipanggil untuk (melihat) buku catatan amalnya. Pada hari itu, kamu diberi balasan terhadap apa yang telah kamu kerjakan.</text>
      </translation>
    </translations>
    <rules>[{"start": 17, "end": 20, "rule_id": 0}, {"start": 43, "end": 46, "rule_id": 0}, {"start": 51, "end": 53, "rule_id": 1}, {"start": 89, "end": 91, "rule_id": 1}, {"start": 104, "end": 107, "rule_id": 6}, {"start": 20, "end": 25, "rule_id": 6}, {"start": 46, "end": 51, "rule_id": 6}]</rules>
  </verse>
  <verse>
    <verseIdArabic>٢٩</verseIdArabic>
    <verseId>29</verseId>
    <chapterId>45</chapterId>
    <textIndopak>هَٰذَا كِتَٰبُنَا يَنطِقُ عَلَيۡكُم بِٱلۡحَقِّۚ إِنَّا كُنَّا نَسۡتَنسِخُ مَا كُنتُمۡ تَعۡمَلُونَ</textIndopak>
    <translations>
      <translation>
        <author>King Fahad Quran Complex</author>
        <text>(Allah berfirman), "Inilah kitab (catatan) Kami yang menuturkan terhadapmu dengan benar. Sesungguhnya Kami telah menyuruh mencatat apa yang telah kamu kerjakan."</text>
      </translation>
    </translations>
    <rules>[{"start": 51, "end": 54, "rule_id": 0}, {"start": 58, "end": 61, "rule_id": 0}, {"start": 20, "end": 23, "rule_id": 6}, {"start": 69, "end": 72, "rule_id": 6}, {"start": 81, "end": 84, "rule_id": 6}, {"start": 34, "end": 38, "rule_id": 7}]</rules>
  </verse>
  <verse>
    <verseIdArabic>٣٠</verseIdArabic>
    <verseId>30</verseId>
    <chapterId>45</chapterId>
    <textIndopak>فَأَمَّا ٱلَّذِينَ ءَامَنُواْ وَعَمِلُواْ ٱلصَّٰلِحَٰتِ فَيُدۡخِلُهُمۡ رَبُّهُمۡ فِي رَحۡمَتِهِۦۚ ذَٰلِكَ هُوَ ٱلۡفَوۡزُ ٱلۡمُبِينُ</textIndopak>
    <translations>
      <translation>
        <author>King Fahad Quran Complex</author>
        <text>Adapun orang-orang yang beriman dan mengerjakan amal saleh, maka Tuhan mereka memasukkan mereka ke dalam rahmat-Nya (surga). Itulah keberuntungan yang nyata.</text>
      </translation>
    </translations>
    <rules>[{"start": 4, "end": 7, "rule_id": 0}, {"start": 60, "end": 62, "rule_id": 1}]</rules>
  </verse>
  <verse>
    <verseIdArabic>٣١</verseIdArabic>
    <verseId>31</verseId>
    <chapterId>45</chapterId>
    <textIndopak>وَأَمَّا ٱلَّذِينَ كَفَرُوٓاْ أَفَلَمۡ تَكُنۡ ءَايَٰتِي تُتۡلَىٰ عَلَيۡكُمۡ فَٱسۡتَكۡبَرۡتُمۡ وَكُنتُمۡ قَوۡمٗا مُّجۡرِمِينَ</textIndopak>
    <translations>
      <translation>
        <author>King Fahad Quran Complex</author>
        <text>Dan adapun orang-orang yang kafir (kepada mereka dikatakan), "Maka apakah belum ada ayat-ayat-Ku yang dibacakan kepadamu, lalu kamu menyombongkan diri dan kamu jadi kaum yang berbuat dosa?"</text>
      </translation>
    </translations>
    <rules>[{"start": 4, "end": 7, "rule_id": 0}, {"start": 112, "end": 115, "rule_id": 0}, {"start": 115, "end": 117, "rule_id": 1}, {"start": 108, "end": 115, "rule_id": 3}, {"start": 98, "end": 101, "rule_id": 6}]</rules>
  </verse>
  <verse>
    <verseIdArabic>٣٢</verseIdArabic>
    <verseId>32</verseId>
    <chapterId>45</chapterId>
    <textIndopak>وَإِذَا قِيلَ إِنَّ وَعۡدَ ٱللَّهِ حَقّٞ وَٱلسَّاعَةُ لَا رَيۡبَ فِيهَا قُلۡتُم مَّا نَدۡرِي مَا ٱلسَّاعَةُ إِن نَّظُنُّ إِلَّا ظَنّٗا وَمَا نَحۡنُ بِمُسۡتَيۡقِنِينَ</textIndopak>
    <translations>
      <translation>
        <author>King Fahad Quran Complex</author>
        <text>Dan apabila dikatakan (kepadamu), "Sesungguhnya janji Allah itu adalah benar dan hari berbangkit itu tidak ada keraguan padanya", niscaya kamu menjawab, "Kami tidak tahu apakah hari kiamat itu; kami sekali-kali tidak lain hanyalah menduga-duga saja dan kami sekali-kali tidak meyakini(nya)".</text>
      </translation>
    </translations>
    <rules>[{"start": 16, "end": 19, "rule_id": 0}, {"start": 80, "end": 83, "rule_id": 0}, {"start": 112, "end": 115, "rule_id": 0}, {"start": 117, "end": 120, "rule_id": 0}, {"start": 130, "end": 133, "rule_id": 0}, {"start": 87, "end": 89, "rule_id": 1}, {"start": 110, "end": 115, "rule_id": 3}, {"start": 37, "end": 43, "rule_id": 3}, {"start": 130, "end": 137, "rule_id": 3}, {"start": 78, "end": 83, "rule_id": 4}]</rules>
  </verse>
  <verse>
    <verseIdArabic>٣٣</verseIdArabic>
    <verseId>33</verseId>
    <chapterId>45</chapterId>
    <textIndopak>وَبَدَا لَهُمۡ سَيِّـَٔاتُ مَا عَمِلُواْ وَحَاقَ بِهِم مَّا كَانُواْ بِهِۦ يَسۡتَهۡزِءُونَ</textIndopak>
    <translations>
      <translation>
        <author>King Fahad Quran Complex</author>
        <text>Dan nyatalah bagi mereka keburukan-keburukan dari apa yang mereka kerjakan dan mereka diliputi oleh (azab) yang mereka selalu memperolok-olokkannya.</text>
      </translation>
    </translations>
    <rules>[{"start": 55, "end": 58, "rule_id": 0}, {"start": 53, "end": 58, "rule_id": 4}]</rules>
  </verse>
  <verse>
    <verseIdArabic>٣٤</verseIdArabic>
    <verseId>34</verseId>
    <chapterId>45</chapterId>
    <textIndopak>وَقِيلَ ٱلۡيَوۡمَ نَنسَىٰكُمۡ كَمَا نَسِيتُمۡ لِقَآءَ يَوۡمِكُمۡ هَٰذَا وَمَأۡوَىٰكُمُ ٱلنَّارُ وَمَا لَكُم مِّن نَّٰصِرِينَ</textIndopak>
    <translations>
      <translation>
        <author>King Fahad Quran Complex</author>
        <text>Dan dikatakan (kepada mereka), "Pada hari ini Kami melupakan kamu sebagaimana kamu telah melupakan pertemuan (dengan) harimu ini dan tempat kembalimu ialah neraka dan kamu sekali-kali tidak memperoleh penolong.</text>
      </translation>
    </translations>
    <rules>[{"start": 90, "end": 93, "rule_id": 0}, {"start": 109, "end": 112, "rule_id": 0}, {"start": 114, "end": 118, "rule_id": 0}, {"start": 112, "end": 118, "rule_id": 3}, {"start": 107, "end": 112, "rule_id": 4}, {"start": 20, "end": 23, "rule_id": 6}]</rules>
  </verse>
  <verse>
    <verseIdArabic>٣٥</verseIdArabic>
    <verseId>35</verseId>
    <chapterId>45</chapterId>
    <textIndopak>ذَٰلِكُم بِأَنَّكُمُ ٱتَّخَذۡتُمۡ ءَايَٰتِ ٱللَّهِ هُزُوٗا وَغَرَّتۡكُمُ ٱلۡحَيَوٰةُ ٱلدُّنۡيَاۚ فَٱلۡيَوۡمَ لَا يُخۡرَجُونَ مِنۡهَا وَلَا هُمۡ يُسۡتَعۡتَبُونَ</textIndopak>
    <translations>
      <translation>
        <author>King Fahad Quran Complex</author>
        <text>Yang demikian itu, karena sesungguhnya kamu menjadikan ayat-ayat Allah sebagai olok-olokan dan kamu telah ditipu oleh kehidupan dunia. Maka pada hari ini, mereka tidak dikeluarkan dari neraka dan tidak pula mereka diberi kesempatan untuk bertobat.</text>
      </translation>
    </translations>
    <rules>[{"start": 13, "end": 16, "rule_id": 0}, {"start": 55, "end": 61, "rule_id": 3}, {"start": 7, "end": 11, "rule_id": 7}]</rules>
  </verse>
  <verse>
    <verseIdArabic>٣٦</verseIdArabic>
    <verseId>36</verseId>
    <chapterId>45</chapterId>
    <textIndopak>فَلِلَّهِ ٱلۡحَمۡدُ رَبِّ ٱلسَّمَٰوَٰتِ وَرَبِّ ٱلۡأَرۡضِ رَبِّ ٱلۡعَٰلَمِينَ</textIndopak>
    <translations>
      <translation>
        <author>King Fahad Quran Complex</author>
        <text>Maka bagi Allah-lah segala puji, Tuhan langit dan Tuhan bumi, Tuhan semesta alam.</text>
      </translation>
    </translations>
  </verse>
  <verse>
    <verseIdArabic>٣٧</verseIdArabic>
    <verseId>37</verseId>
    <chapterId>45</chapterId>
    <textIndopak>وَلَهُ ٱلۡكِبۡرِيَآءُ فِي ٱلسَّمَٰوَٰتِ وَٱلۡأَرۡضِۖ وَهُوَ ٱلۡعَزِيزُ ٱلۡحَكِيمُ</textIndopak>
    <translations>
      <translation>
        <author>King Fahad Quran Complex</author>
        <text>Dan bagi-Nya-lah keagungan di langit dan bumi, Dia-lah Yang Maha Perkasa lagi Maha Bijaksana.</text>
      </translation>
    </translations>
    <rules>[{"start": 12, "end": 14, "rule_id": 1}]</rules>
  </verse>
</verses>
