<?xml version="1.0" encoding="UTF-8"?>

<verses>
  <verse>
    <verseIdArabic>١</verseIdArabic>
    <verseId>1</verseId>
    <chapterId>46</chapterId>
    <textIndopak>حمٓ</textIndopak>
    <translations>
      <translation>
        <author>King Fahad Quran Complex</author>
        <text>ῌā Mīm.</text>
      </translation>
    </translations>
  </verse>
  <verse>
    <verseIdArabic>٢</verseIdArabic>
    <verseId>2</verseId>
    <chapterId>46</chapterId>
    <textIndopak>تَنزِيلُ ٱلۡكِتَٰبِ مِنَ ٱللَّهِ ٱلۡعَزِيزِ ٱلۡحَكِيمِ</textIndopak>
    <translations>
      <translation>
        <author>King Fahad Quran Complex</author>
        <text>Diturunkan kitab ini dari Allah Yang Maha Perkasa lagi Maha Bijaksana.</text>
      </translation>
    </translations>
    <rules>[{"start": 2, "end": 5, "rule_id": 6}]</rules>
  </verse>
  <verse>
    <verseIdArabic>٣</verseIdArabic>
    <verseId>3</verseId>
    <chapterId>46</chapterId>
    <textIndopak>مَا خَلَقۡنَا ٱلسَّمَٰوَٰتِ وَٱلۡأَرۡضَ وَمَا بَيۡنَهُمَآ إِلَّا بِٱلۡحَقِّ وَأَجَلٖ مُّسَمّٗىۚ وَٱلَّذِينَ كَفَرُواْ عَمَّآ أُنذِرُواْ مُعۡرِضُونَ</textIndopak>
    <translations>
      <translation>
        <author>King Fahad Quran Complex</author>
        <text>Kami tiada menciptakan langit dan bumi dan apa yang ada antara keduanya melainkan dengan (tujuan) yang benar dan dalam waktu yang ditentukan. Dan orang-orang yang kafir berpaling dari apa yang diperingatkan kepada mereka.</text>
      </translation>
    </translations>
    <rules>[{"start": 86, "end": 89, "rule_id": 0}, {"start": 91, "end": 94, "rule_id": 0}, {"start": 122, "end": 125, "rule_id": 0}, {"start": 8, "end": 10, "rule_id": 1}, {"start": 83, "end": 89, "rule_id": 3}, {"start": 130, "end": 133, "rule_id": 6}]</rules>
  </verse>
  <verse>
    <verseIdArabic>٤</verseIdArabic>
    <verseId>4</verseId>
    <chapterId>46</chapterId>
    <textIndopak>قُلۡ أَرَءَيۡتُم مَّا تَدۡعُونَ مِن دُونِ ٱللَّهِ أَرُونِي مَاذَا خَلَقُواْ مِنَ ٱلۡأَرۡضِ أَمۡ لَهُمۡ شِرۡكٞ فِي ٱلسَّمَٰوَٰتِۖ ٱئۡتُونِي بِكِتَٰبٖ مِّن قَبۡلِ هَٰذَآ أَوۡ أَثَٰرَةٖ مِّنۡ عِلۡمٍ إِن كُنتُمۡ صَٰدِقِينَ</textIndopak>
    <translations>
      <translation>
        <author>King Fahad Quran Complex</author>
        <text>Katakanlah, "Terangkanlah kepadaku tentang apa yang kamu sembah selain Allah; perlihatkan kepada-Ku apakah yang telah mereka ciptakan dari bumi ini atau adakah mereka berserikat (dengan Allah) dalam (penciptaan) langit? Bawalah kepada-Ku Kitab yang sebelum (Al-Qur`ān) ini atau peninggalan dari pengetahuan (orang-orang dahulu), jika kamu adalah orang-orang yang benar".</text>
      </translation>
    </translations>
    <rules>[{"start": 17, "end": 20, "rule_id": 0}, {"start": 150, "end": 153, "rule_id": 0}, {"start": 185, "end": 188, "rule_id": 0}, {"start": 24, "end": 26, "rule_id": 1}, {"start": 157, "end": 159, "rule_id": 1}, {"start": 147, "end": 153, "rule_id": 3}, {"start": 182, "end": 188, "rule_id": 3}, {"start": 15, "end": 20, "rule_id": 4}, {"start": 34, "end": 38, "rule_id": 6}, {"start": 153, "end": 157, "rule_id": 6}, {"start": 200, "end": 204, "rule_id": 6}, {"start": 204, "end": 207, "rule_id": 6}, {"start": 107, "end": 112, "rule_id": 6}]</rules>
  </verse>
  <verse>
    <verseIdArabic>٥</verseIdArabic>
    <verseId>5</verseId>
    <chapterId>46</chapterId>
    <textIndopak>وَمَنۡ أَضَلُّ مِمَّن يَدۡعُواْ مِن دُونِ ٱللَّهِ مَن لَّا يَسۡتَجِيبُ لَهُۥٓ إِلَىٰ يَوۡمِ ٱلۡقِيَٰمَةِ وَهُمۡ عَن دُعَآئِهِمۡ غَٰفِلُونَ</textIndopak>
    <translations>
      <translation>
        <author>King Fahad Quran Complex</author>
        <text>Dan siapakah yang lebih sesat daripada orang yang menyembah sembahan-sembahan selain Allah yang tiada dapat memperkenankan (doa)nya sampai hari kiamat dan mereka lalai dari (memperhatikan) doa mereka?</text>
      </translation>
    </translations>
    <rules>[{"start": 17, "end": 20, "rule_id": 0}, {"start": 24, "end": 26, "rule_id": 1}, {"start": 20, "end": 24, "rule_id": 3}, {"start": 52, "end": 57, "rule_id": 5}, {"start": 34, "end": 38, "rule_id": 6}, {"start": 114, "end": 118, "rule_id": 6}]</rules>
  </verse>
  <verse>
    <verseIdArabic>٦</verseIdArabic>
    <verseId>6</verseId>
    <chapterId>46</chapterId>
    <textIndopak>وَإِذَا حُشِرَ ٱلنَّاسُ كَانُواْ لَهُمۡ أَعۡدَآءٗ وَكَانُواْ بِعِبَادَتِهِمۡ كَٰفِرِينَ</textIndopak>
    <translations>
      <translation>
        <author>King Fahad Quran Complex</author>
        <text>Dan apabila manusia dikumpulkan (pada hari kiamat), niscaya sembahan-sembahan itu menjadi musuh mereka dan mengingkari pemujaan-pemujaan mereka.</text>
      </translation>
    </translations>
    <rules>[{"start": 17, "end": 20, "rule_id": 0}, {"start": 48, "end": 53, "rule_id": 3}]</rules>
  </verse>
  <verse>
    <verseIdArabic>٧</verseIdArabic>
    <verseId>7</verseId>
    <chapterId>46</chapterId>
    <textIndopak>وَإِذَا تُتۡلَىٰ عَلَيۡهِمۡ ءَايَٰتُنَا بَيِّنَٰتٖ قَالَ ٱلَّذِينَ كَفَرُواْ لِلۡحَقِّ لَمَّا جَآءَهُمۡ هَٰذَا سِحۡرٞ مُّبِينٌ</textIndopak>
    <translations>
      <translation>
        <author>King Fahad Quran Complex</author>
        <text>Dan apabila dibacakan kepada mereka ayat-ayat Kami yang menjelaskan, berkatalah orang-orang yang mengingkari kebenaran ketika kebenaran itu datang kepada mereka, "Ini adalah sihir yang nyata".</text>
      </translation>
    </translations>
    <rules>[{"start": 89, "end": 92, "rule_id": 0}, {"start": 119, "end": 122, "rule_id": 0}, {"start": 116, "end": 122, "rule_id": 3}, {"start": 48, "end": 53, "rule_id": 6}]</rules>
  </verse>
  <verse>
    <verseIdArabic>٨</verseIdArabic>
    <verseId>8</verseId>
    <chapterId>46</chapterId>
    <textIndopak>أَمۡ يَقُولُونَ ٱفۡتَرَىٰهُۖ قُلۡ إِنِ ٱفۡتَرَيۡتُهُۥ فَلَا تَمۡلِكُونَ لِي مِنَ ٱللَّهِ شَيۡـًٔاۖ هُوَ أَعۡلَمُ بِمَا تُفِيضُونَ فِيهِۚ كَفَىٰ بِهِۦ شَهِيدَۢا بَيۡنِي وَبَيۡنَكُمۡۖ وَهُوَ ٱلۡغَفُورُ ٱلرَّحِيمُ</textIndopak>
    <translations>
      <translation>
        <author>King Fahad Quran Complex</author>
        <text>Bahkan mereka mengatakan, "Dia (Muhammad) telah mengada-adakannya (Al-Qur`ān)", Katakanlah, "Jika aku mengada-adakannya, maka kamu tiada mempunyai kuasa sedikit pun mempertahankan aku dari (azab) Allah itu. Dia lebih mengetahui apa-apa yang kamu percakapkan tentang Al-Qur`ān itu. Cukuplah Dia menjadi saksi antaraku dan antaramu dan Dia-lah Yang Maha Pengampun lagi Maha Penyayang".</text>
      </translation>
    </translations>
  </verse>
  <verse>
    <verseIdArabic>٩</verseIdArabic>
    <verseId>9</verseId>
    <chapterId>46</chapterId>
    <textIndopak>قُلۡ مَا كُنتُ بِدۡعٗا مِّنَ ٱلرُّسُلِ وَمَآ أَدۡرِي مَا يُفۡعَلُ بِي وَلَا بِكُمۡۖ إِنۡ أَتَّبِعُ إِلَّا مَا يُوحَىٰٓ إِلَيَّ وَمَآ أَنَا۠ إِلَّا نَذِيرٞ مُّبِينٞ</textIndopak>
    <translations>
      <translation>
        <author>King Fahad Quran Complex</author>
        <text>Katakanlah, "Aku bukanlah rasul yang pertama di antara rasul-rasul dan aku tidak mengetahui apa yang akan diperbuat terhadapku dan tidak (pula) terhadapmu. Aku tidak lain hanyalah mengikuti apa yang diwahyukan kepadaku dan aku tidak lain hanyalah seorang pemberi peringatan yang menjelaskan".</text>
      </translation>
    </translations>
    <rules>[{"start": 23, "end": 26, "rule_id": 0}, {"start": 158, "end": 161, "rule_id": 0}, {"start": 17, "end": 19, "rule_id": 1}, {"start": 48, "end": 50, "rule_id": 1}, {"start": 19, "end": 26, "rule_id": 3}, {"start": 155, "end": 161, "rule_id": 3}, {"start": 11, "end": 14, "rule_id": 6}]</rules>
  </verse>
  <verse>
    <verseIdArabic>١٠</verseIdArabic>
    <verseId>10</verseId>
    <chapterId>46</chapterId>
    <textIndopak>قُلۡ أَرَءَيۡتُمۡ إِن كَانَ مِنۡ عِندِ ٱللَّهِ وَكَفَرۡتُم بِهِۦ وَشَهِدَ شَاهِدٞ مِّنۢ بَنِيٓ إِسۡرَٰٓءِيلَ عَلَىٰ مِثۡلِهِۦ فَـَٔامَنَ وَٱسۡتَكۡبَرۡتُمۡۚ إِنَّ ٱللَّهَ لَا يَهۡدِي ٱلۡقَوۡمَ ٱلظَّٰلِمِينَ</textIndopak>
    <translations>
      <translation>
        <author>King Fahad Quran Complex</author>
        <text>Katakanlah, "Terangkanlah kepadaku, bagaimanakah pendapatmu jika Al-Qur`ān itu datang dari sisi Allah, padahal kamu mengingkarinya dan seorang saksi dari Bani Isrā`īl mengakui (kebenaran) yang serupa dengan (yang tersebut dalam) Al-Qur`ān lalu dia beriman, sedang kamu menyombongkan diri. Sesungguhnya Allah tiada memberi petunjuk kepada orang-orang yang zalim".</text>
      </translation>
    </translations>
    <rules>[{"start": 82, "end": 85, "rule_id": 0}, {"start": 159, "end": 162, "rule_id": 0}, {"start": 85, "end": 90, "rule_id": 2}, {"start": 79, "end": 85, "rule_id": 3}, {"start": 20, "end": 24, "rule_id": 6}, {"start": 35, "end": 38, "rule_id": 6}, {"start": 57, "end": 61, "rule_id": 7}]</rules>
  </verse>
  <verse>
    <verseIdArabic>١١</verseIdArabic>
    <verseId>11</verseId>
    <chapterId>46</chapterId>
    <textIndopak>وَقَالَ ٱلَّذِينَ كَفَرُواْ لِلَّذِينَ ءَامَنُواْ لَوۡ كَانَ خَيۡرٗا مَّا سَبَقُونَآ إِلَيۡهِۚ وَإِذۡ لَمۡ يَهۡتَدُواْ بِهِۦ فَسَيَقُولُونَ هَٰذَآ إِفۡكٞ قَدِيمٞ</textIndopak>
    <translations>
      <translation>
        <author>King Fahad Quran Complex</author>
        <text>Dan orang-orang kafir berkata kepada orang-orang yang beriman, "Kalau sekiranya dia (Al-Qur`ān) adalah suatu yang baik, tentulah mereka tiada mendahului kami (beriman) kepadanya". Dan karena mereka tidak mendapat petunjuk dengannya maka mereka akan berkata, "Ini adalah dusta yang lama".</text>
      </translation>
    </translations>
    <rules>[{"start": 69, "end": 72, "rule_id": 0}, {"start": 65, "end": 72, "rule_id": 3}, {"start": 154, "end": 159, "rule_id": 6}]</rules>
  </verse>
  <verse>
    <verseIdArabic>١٢</verseIdArabic>
    <verseId>12</verseId>
    <chapterId>46</chapterId>
    <textIndopak>وَمِن قَبۡلِهِۦ كِتَٰبُ مُوسَىٰٓ إِمَامٗا وَرَحۡمَةٗۚ وَهَٰذَا كِتَٰبٞ مُّصَدِّقٞ لِّسَانًا عَرَبِيّٗا لِّيُنذِرَ ٱلَّذِينَ ظَلَمُواْ وَبُشۡرَىٰ لِلۡمُحۡسِنِينَ</textIndopak>
    <translations>
      <translation>
        <author>King Fahad Quran Complex</author>
        <text>Dan sebelum Al-Qur`ān itu telah ada kitab Musa sebagai petunjuk dan rahmat. Dan ini (Al-Qur`ān) adalah kitab yang membenarkannya dalam bahasa Arab untuk memberi peringatan kepada orang-orang yang zalim dan memberi kabar gembira kepada orang-orang yang berbuat baik.</text>
      </translation>
    </translations>
    <rules>[{"start": 72, "end": 75, "rule_id": 0}, {"start": 8, "end": 10, "rule_id": 1}, {"start": 38, "end": 44, "rule_id": 3}, {"start": 69, "end": 75, "rule_id": 3}, {"start": 80, "end": 86, "rule_id": 5}, {"start": 99, "end": 107, "rule_id": 5}, {"start": 4, "end": 8, "rule_id": 6}, {"start": 109, "end": 112, "rule_id": 6}]</rules>
  </verse>
  <verse>
    <verseIdArabic>١٣</verseIdArabic>
    <verseId>13</verseId>
    <chapterId>46</chapterId>
    <textIndopak>إِنَّ ٱلَّذِينَ قَالُواْ رَبُّنَا ٱللَّهُ ثُمَّ ٱسۡتَقَٰمُواْ فَلَا خَوۡفٌ عَلَيۡهِمۡ وَلَا هُمۡ يَحۡزَنُونَ</textIndopak>
    <translations>
      <translation>
        <author>King Fahad Quran Complex</author>
        <text>Sesungguhnya orang-orang yang mengatakan, "Tuhan kami ialah Allah", kemudian mereka tetap istikamah maka tidak ada kekhawatiran terhadap mereka dan mereka tiada (pula) berduka cita.</text>
      </translation>
    </translations>
    <rules>[{"start": 2, "end": 5, "rule_id": 0}, {"start": 44, "end": 47, "rule_id": 0}]</rules>
  </verse>
  <verse>
    <verseIdArabic>١٤</verseIdArabic>
    <verseId>14</verseId>
    <chapterId>46</chapterId>
    <textIndopak>أُوْلَٰٓئِكَ أَصۡحَٰبُ ٱلۡجَنَّةِ خَٰلِدِينَ فِيهَا جَزَآءَۢ بِمَا كَانُواْ يَعۡمَلُونَ</textIndopak>
    <translations>
      <translation>
        <author>King Fahad Quran Complex</author>
        <text>Mereka itulah penghuni-penghuni surga, mereka kekal di dalamnya; sebagai balasan atas apa yang telah mereka kerjakan.</text>
      </translation>
    </translations>
    <rules>[{"start": 28, "end": 31, "rule_id": 0}, {"start": 58, "end": 64, "rule_id": 2}]</rules>
  </verse>
  <verse>
    <verseIdArabic>١٥</verseIdArabic>
    <verseId>15</verseId>
    <chapterId>46</chapterId>
    <textIndopak>وَوَصَّيۡنَا ٱلۡإِنسَٰنَ بِوَٰلِدَيۡهِ إِحۡسَٰنًاۖ حَمَلَتۡهُ أُمُّهُۥ كُرۡهٗا وَوَضَعَتۡهُ كُرۡهٗاۖ وَحَمۡلُهُۥ وَفِصَٰلُهُۥ ثَلَٰثُونَ شَهۡرًاۚ حَتَّىٰٓ إِذَا بَلَغَ أَشُدَّهُۥ وَبَلَغَ أَرۡبَعِينَ سَنَةٗ قَالَ رَبِّ أَوۡزِعۡنِيٓ أَنۡ أَشۡكُرَ نِعۡمَتَكَ ٱلَّتِيٓ أَنۡعَمۡتَ عَلَيَّ وَعَلَىٰ وَٰلِدَيَّ وَأَنۡ أَعۡمَلَ صَٰلِحٗا تَرۡضَىٰهُ وَأَصۡلِحۡ لِي فِي ذُرِّيَّتِيٓۖ إِنِّي تُبۡتُ إِلَيۡكَ وَإِنِّي مِنَ ٱلۡمُسۡلِمِينَ</textIndopak>
    <translations>
      <translation>
        <author>King Fahad Quran Complex</author>
        <text>Kami perintahkan kepada manusia supaya berbuat baik kepada dua orang ibu bapaknya, ibunya mengandungnya dengan susah payah, dan melahirkannya dengan susah payah (pula). Mengandungnya sampai menyapihnya adalah tiga puluh bulan, sehingga apabila dia telah dewasa dan umurnya sampai empat puluh tahun, ia berdo`a, "Ya Tuhan-ku, tunjukilah aku untuk mensyukuri nikmat Engkau yang telah Engkau berikan kepadaku dan kepada ibu bapakku dan supaya aku dapat berbuat amal yang saleh yang Engkau ridai; berilah kebaikan kepadaku dengan (memberi kebaikan) kepada anak cucuku. Sesungguhnya aku bertobat kepada Engkau dan sesungguhnya aku termasuk orang-orang yang berserah diri."</text>
      </translation>
    </translations>
    <rules>[{"start": 65, "end": 68, "rule_id": 0}, {"start": 380, "end": 383, "rule_id": 0}, {"start": 405, "end": 408, "rule_id": 0}, {"start": 387, "end": 389, "rule_id": 1}, {"start": 76, "end": 82, "rule_id": 3}, {"start": 97, "end": 105, "rule_id": 3}, {"start": 18, "end": 22, "rule_id": 6}, {"start": 207, "end": 212, "rule_id": 6}]</rules>
  </verse>
  <verse>
    <verseIdArabic>١٦</verseIdArabic>
    <verseId>16</verseId>
    <chapterId>46</chapterId>
    <textIndopak>أُوْلَٰٓئِكَ ٱلَّذِينَ نَتَقَبَّلُ عَنۡهُمۡ أَحۡسَنَ مَا عَمِلُواْ وَنَتَجَاوَزُ عَن سَيِّـَٔاتِهِمۡ فِيٓ أَصۡحَٰبِ ٱلۡجَنَّةِۖ وَعۡدَ ٱلصِّدۡقِ ٱلَّذِي كَانُواْ يُوعَدُونَ</textIndopak>
    <translations>
      <translation>
        <author>King Fahad Quran Complex</author>
        <text>Mereka itulah orang-orang yang Kami terima dari mereka amal yang baik yang telah mereka kerjakan dan Kami ampuni kesalahan-kesalahan mereka bersama penghuni-penghuni surga, sebagai janji yang benar yang telah dijanjikan kepada mereka.</text>
      </translation>
    </translations>
    <rules>[{"start": 121, "end": 124, "rule_id": 0}, {"start": 141, "end": 143, "rule_id": 1}, {"start": 83, "end": 87, "rule_id": 6}]</rules>
  </verse>
  <verse>
    <verseIdArabic>١٧</verseIdArabic>
    <verseId>17</verseId>
    <chapterId>46</chapterId>
    <textIndopak>وَٱلَّذِي قَالَ لِوَٰلِدَيۡهِ أُفّٖ لَّكُمَآ أَتَعِدَانِنِيٓ أَنۡ أُخۡرَجَ وَقَدۡ خَلَتِ ٱلۡقُرُونُ مِن قَبۡلِي وَهُمَا يَسۡتَغِيثَانِ ٱللَّهَ وَيۡلَكَ ءَامِنۡ إِنَّ وَعۡدَ ٱللَّهِ حَقّٞ فَيَقُولُ مَا هَٰذَآ إِلَّآ أَسَٰطِيرُ ٱلۡأَوَّلِينَ</textIndopak>
    <translations>
      <translation>
        <author>King Fahad Quran Complex</author>
        <text>Dan orang yang berkata kepada dua orang ibu bapaknya, "Cis bagi kamu keduanya, apakah kamu keduanya memperingatkan kepadaku bahwa aku akan dibangkitkan, padahal sungguh telah berlalu beberapa umat sebelumku? Lalu kedua ibu bapaknya itu memohon pertolongan kepada Allah seraya mengatakan, "Celaka kamu, berimanlah! Sesungguhnya janji Allah adalah benar". Lalu dia berkata, "Ini tidak lain hanyalah dongengan orang-orang dahulu belaka".</text>
      </translation>
    </translations>
    <rules>[{"start": 163, "end": 166, "rule_id": 0}, {"start": 80, "end": 82, "rule_id": 1}, {"start": 107, "end": 109, "rule_id": 1}, {"start": 32, "end": 39, "rule_id": 5}, {"start": 103, "end": 107, "rule_id": 6}, {"start": 184, "end": 190, "rule_id": 6}]</rules>
  </verse>
  <verse>
    <verseIdArabic>١٨</verseIdArabic>
    <verseId>18</verseId>
    <chapterId>46</chapterId>
    <textIndopak>أُوْلَٰٓئِكَ ٱلَّذِينَ حَقَّ عَلَيۡهِمُ ٱلۡقَوۡلُ فِيٓ أُمَمٖ قَدۡ خَلَتۡ مِن قَبۡلِهِم مِّنَ ٱلۡجِنِّ وَٱلۡإِنسِۖ إِنَّهُمۡ كَانُواْ خَٰسِرِينَ</textIndopak>
    <translations>
      <translation>
        <author>King Fahad Quran Complex</author>
        <text>Mereka itulah orang-orang yang telah pasti ketetapan (azab) atas mereka bersama umat-umat yang telah berlalu sebelum mereka dari jin dan manusia. Sesungguhnya mereka adalah orang-orang yang merugi.</text>
      </translation>
    </translations>
    <rules>[{"start": 88, "end": 91, "rule_id": 0}, {"start": 99, "end": 102, "rule_id": 0}, {"start": 118, "end": 121, "rule_id": 0}, {"start": 64, "end": 66, "rule_id": 1}, {"start": 80, "end": 82, "rule_id": 1}, {"start": 86, "end": 91, "rule_id": 4}, {"start": 76, "end": 80, "rule_id": 6}, {"start": 110, "end": 113, "rule_id": 6}, {"start": 59, "end": 64, "rule_id": 6}]</rules>
  </verse>
  <verse>
    <verseIdArabic>١٩</verseIdArabic>
    <verseId>19</verseId>
    <chapterId>46</chapterId>
    <textIndopak>وَلِكُلّٖ دَرَجَٰتٞ مِّمَّا عَمِلُواْۖ وَلِيُوَفِّيَهُمۡ أَعۡمَٰلَهُمۡ وَهُمۡ لَا يُظۡلَمُونَ</textIndopak>
    <translations>
      <translation>
        <author>King Fahad Quran Complex</author>
        <text>Dan bagi masing-masing mereka derajat menurut apa yang telah mereka kerjakan dan agar Allah mencukupkan bagi mereka (balasan) pekerjaan-pekerjaan mereka, sedang mereka tiada dirugikan.</text>
      </translation>
    </translations>
    <rules>[{"start": 20, "end": 23, "rule_id": 0}, {"start": 23, "end": 26, "rule_id": 0}, {"start": 17, "end": 23, "rule_id": 3}, {"start": 6, "end": 12, "rule_id": 6}]</rules>
  </verse>
  <verse>
    <verseIdArabic>٢٠</verseIdArabic>
    <verseId>20</verseId>
    <chapterId>46</chapterId>
    <textIndopak>وَيَوۡمَ يُعۡرَضُ ٱلَّذِينَ كَفَرُواْ عَلَى ٱلنَّارِ أَذۡهَبۡتُمۡ طَيِّبَٰتِكُمۡ فِي حَيَاتِكُمُ ٱلدُّنۡيَا وَٱسۡتَمۡتَعۡتُم بِهَا فَٱلۡيَوۡمَ تُجۡزَوۡنَ عَذَابَ ٱلۡهُونِ بِمَا كُنتُمۡ تَسۡتَكۡبِرُونَ فِي ٱلۡأَرۡضِ بِغَيۡرِ ٱلۡحَقِّ وَبِمَا كُنتُمۡ تَفۡسُقُونَ</textIndopak>
    <translations>
      <translation>
        <author>King Fahad Quran Complex</author>
        <text>Dan (ingatlah) hari (ketika) orang-orang kafir dihadapkan ke neraka (kepada mereka dikatakan), "Kamu telah menghabiskan rezekimu yang baik dalam kehidupan duniawimu (saja) dan kamu telah bersenang-senang dengannya; maka pada hari ini kamu dibalasi dengan azab yang menghinakan karena kamu telah menyombongkan diri di muka bumi tanpa hak dan karena kamu telah fasik".</text>
      </translation>
    </translations>
    <rules>[{"start": 46, "end": 49, "rule_id": 0}, {"start": 59, "end": 61, "rule_id": 1}, {"start": 145, "end": 147, "rule_id": 1}, {"start": 179, "end": 182, "rule_id": 6}, {"start": 243, "end": 246, "rule_id": 6}, {"start": 123, "end": 127, "rule_id": 7}]</rules>
  </verse>
  <verse>
    <verseIdArabic>٢١</verseIdArabic>
    <verseId>21</verseId>
    <chapterId>46</chapterId>
    <textIndopak>۞ وَٱذۡكُرۡ أَخَا عَادٍ إِذۡ أَنذَرَ قَوۡمَهُۥ بِٱلۡأَحۡقَافِ وَقَدۡ خَلَتِ ٱلنُّذُرُ مِنۢ بَيۡنِ يَدَيۡهِ وَمِنۡ خَلۡفِهِۦٓ أَلَّا تَعۡبُدُوٓاْ إِلَّا ٱللَّهَ إِنِّيٓ أَخَافُ عَلَيۡكُمۡ عَذَابَ يَوۡمٍ عَظِيمٖ</textIndopak>
    <translations>
      <translation>
        <author>King Fahad Quran Complex</author>
        <text>Dan ingatlah (Hūd) saudara kaum ʻĀd, yaitu ketika dia memberi peringatan kepada kaumnya di Al-Aḥqāf dan sesungguhnya telah terdahulu beberapa orang pemberi peringatan sebelumnya dan sesudahnya (dengan mengatakan), "Janganlah kamu menyembah selain Allah, sesungguhnya aku khawatir kamu akan ditimpa azab hari yang besar".</text>
      </translation>
    </translations>
    <rules>[{"start": 78, "end": 81, "rule_id": 0}, {"start": 162, "end": 165, "rule_id": 0}, {"start": 66, "end": 68, "rule_id": 1}, {"start": 88, "end": 93, "rule_id": 2}, {"start": 31, "end": 34, "rule_id": 6}]</rules>
  </verse>
  <verse>
    <verseIdArabic>٢٢</verseIdArabic>
    <verseId>22</verseId>
    <chapterId>46</chapterId>
    <textIndopak>قَالُوٓاْ أَجِئۡتَنَا لِتَأۡفِكَنَا عَنۡ ءَالِهَتِنَا فَأۡتِنَا بِمَا تَعِدُنَآ إِن كُنتَ مِنَ ٱلصَّٰدِقِينَ</textIndopak>
    <translations>
      <translation>
        <author>King Fahad Quran Complex</author>
        <text>Mereka menjawab, "Apakah kamu datang kepada kami untuk memalingkan kami dari (menyembah) tuhan-tuhan kami? Maka datangkanlah kepada kami azab yang telah kamu ancamkan kepada kami jika kamu termasuk orang-orang yang benar".</text>
      </translation>
    </translations>
    <rules>[{"start": 83, "end": 87, "rule_id": 6}, {"start": 87, "end": 90, "rule_id": 6}]</rules>
  </verse>
  <verse>
    <verseIdArabic>٢٣</verseIdArabic>
    <verseId>23</verseId>
    <chapterId>46</chapterId>
    <textIndopak>قَالَ إِنَّمَا ٱلۡعِلۡمُ عِندَ ٱللَّهِ وَأُبَلِّغُكُم مَّآ أُرۡسِلۡتُ بِهِۦ وَلَٰكِنِّيٓ أَرَىٰكُمۡ قَوۡمٗا تَجۡهَلُونَ</textIndopak>
    <translations>
      <translation>
        <author>King Fahad Quran Complex</author>
        <text>Ia berkata, "Sesungguhnya pengetahuan (tentang itu) hanya pada sisi Allah dan aku (hanya) menyampaikan kepadamu apa yang aku diutus dengan membawanya, tetapi aku lihat kamu adalah kaum yang bodoh".</text>
      </translation>
    </translations>
    <rules>[{"start": 8, "end": 11, "rule_id": 0}, {"start": 54, "end": 57, "rule_id": 0}, {"start": 84, "end": 87, "rule_id": 0}, {"start": 111, "end": 113, "rule_id": 1}, {"start": 52, "end": 57, "rule_id": 4}, {"start": 27, "end": 30, "rule_id": 6}]</rules>
  </verse>
  <verse>
    <verseIdArabic>٢٤</verseIdArabic>
    <verseId>24</verseId>
    <chapterId>46</chapterId>
    <textIndopak>فَلَمَّا رَأَوۡهُ عَارِضٗا مُّسۡتَقۡبِلَ أَوۡدِيَتِهِمۡ قَالُواْ هَٰذَا عَارِضٞ مُّمۡطِرُنَاۚ بَلۡ هُوَ مَا ٱسۡتَعۡجَلۡتُم بِهِۦۖ رِيحٞ فِيهَا عَذَابٌ أَلِيمٞ</textIndopak>
    <translations>
      <translation>
        <author>King Fahad Quran Complex</author>
        <text>Maka tatkala mereka melihat azab itu berupa awan yang menuju ke lembah-lembah mereka, berkatalah mereka, "Inilah awan yang akan menurunkan hujan kepada kami". (Bukan!) bahkan itulah azab yang kamu minta supaya datang dengan segera, (yaitu) angin yang mengandung azab yang pedih,</text>
      </translation>
    </translations>
    <rules>[{"start": 4, "end": 7, "rule_id": 0}, {"start": 27, "end": 30, "rule_id": 0}, {"start": 80, "end": 83, "rule_id": 0}, {"start": 34, "end": 36, "rule_id": 1}, {"start": 23, "end": 30, "rule_id": 3}, {"start": 77, "end": 83, "rule_id": 3}, {"start": 135, "end": 140, "rule_id": 6}, {"start": 122, "end": 126, "rule_id": 7}]</rules>
  </verse>
  <verse>
    <verseIdArabic>٢٥</verseIdArabic>
    <verseId>25</verseId>
    <chapterId>46</chapterId>
    <textIndopak>تُدَمِّرُ كُلَّ شَيۡءِۭ بِأَمۡرِ رَبِّهَا فَأَصۡبَحُواْ لَا يُرَىٰٓ إِلَّا مَسَٰكِنُهُمۡۚ كَذَٰلِكَ نَجۡزِي ٱلۡقَوۡمَ ٱلۡمُجۡرِمِينَ</textIndopak>
    <translations>
      <translation>
        <author>King Fahad Quran Complex</author>
        <text>yang menghancurkan segala sesuatu dengan perintah Tuhan-nya, maka jadilah mereka tidak ada yang kelihatan lagi kecuali (bekas-bekas) tempat tinggal mereka. Demikianlah Kami memberi balasan kepada kaum yang berdosa.</text>
      </translation>
    </translations>
    <rules>[{"start": 4, "end": 7, "rule_id": 0}, {"start": 103, "end": 105, "rule_id": 1}, {"start": 124, "end": 126, "rule_id": 1}, {"start": 20, "end": 26, "rule_id": 2}]</rules>
  </verse>
  <verse>
    <verseIdArabic>٢٦</verseIdArabic>
    <verseId>26</verseId>
    <chapterId>46</chapterId>
    <textIndopak>وَلَقَدۡ مَكَّنَّٰهُمۡ فِيمَآ إِن مَّكَّنَّٰكُمۡ فِيهِ وَجَعَلۡنَا لَهُمۡ سَمۡعٗا وَأَبۡصَٰرٗا وَأَفۡـِٔدَةٗ فَمَآ أَغۡنَىٰ عَنۡهُمۡ سَمۡعُهُمۡ وَلَآ أَبۡصَٰرُهُمۡ وَلَآ أَفۡـِٔدَتُهُم مِّن شَيۡءٍ إِذۡ كَانُواْ يَجۡحَدُونَ بِـَٔايَٰتِ ٱللَّهِ وَحَاقَ بِهِم مَّا كَانُواْ بِهِۦ يَسۡتَهۡزِءُونَ</textIndopak>
    <translations>
      <translation>
        <author>King Fahad Quran Complex</author>
        <text>Dan sesungguhnya Kami telah meneguhkan kedudukan mereka dalam hal-hal yang Kami belum pernah meneguhkan kedudukanmu dalam hal itu dan Kami telah memberikan kepada mereka pendengaran, penglihatan, dan hati; tetapi pendengaran, penglihatan, dan hati mereka itu tidak berguna sedikit jua pun bagi mereka, karena mereka selalu mengingkari ayat-ayat Allah dan mereka telah diliputi oleh siksa yang dahulu selalu mereka memperolok-olokkannya.</text>
      </translation>
    </translations>
    <rules>[{"start": 14, "end": 18, "rule_id": 0}, {"start": 35, "end": 38, "rule_id": 0}, {"start": 41, "end": 45, "rule_id": 0}, {"start": 189, "end": 192, "rule_id": 0}, {"start": 261, "end": 264, "rule_id": 0}, {"start": 6, "end": 8, "rule_id": 1}, {"start": 87, "end": 89, "rule_id": 1}, {"start": 155, "end": 157, "rule_id": 1}, {"start": 217, "end": 219, "rule_id": 1}, {"start": 33, "end": 38, "rule_id": 3}, {"start": 79, "end": 85, "rule_id": 3}, {"start": 92, "end": 98, "rule_id": 3}, {"start": 187, "end": 192, "rule_id": 4}, {"start": 259, "end": 264, "rule_id": 4}, {"start": 192, "end": 196, "rule_id": 6}, {"start": 107, "end": 112, "rule_id": 6}]</rules>
  </verse>
  <verse>
    <verseIdArabic>٢٧</verseIdArabic>
    <verseId>27</verseId>
    <chapterId>46</chapterId>
    <textIndopak>وَلَقَدۡ أَهۡلَكۡنَا مَا حَوۡلَكُم مِّنَ ٱلۡقُرَىٰ وَصَرَّفۡنَا ٱلۡأٓيَٰتِ لَعَلَّهُمۡ يَرۡجِعُونَ</textIndopak>
    <translations>
      <translation>
        <author>King Fahad Quran Complex</author>
        <text>Dan sesungguhnya Kami telah membinasakan negeri-negeri di sekitarmu dan Kami telah mendatangkan tanda-tanda kebesaran Kami berulang-ulang supaya mereka kembali (bertobat).</text>
      </translation>
    </translations>
    <rules>[{"start": 35, "end": 38, "rule_id": 0}, {"start": 6, "end": 8, "rule_id": 1}, {"start": 33, "end": 38, "rule_id": 4}]</rules>
  </verse>
  <verse>
    <verseIdArabic>٢٨</verseIdArabic>
    <verseId>28</verseId>
    <chapterId>46</chapterId>
    <textIndopak>فَلَوۡلَا نَصَرَهُمُ ٱلَّذِينَ ٱتَّخَذُواْ مِن دُونِ ٱللَّهِ قُرۡبَانًا ءَالِهَةَۢۖ بَلۡ ضَلُّواْ عَنۡهُمۡۚ وَذَٰلِكَ إِفۡكُهُمۡ وَمَا كَانُواْ يَفۡتَرُونَ</textIndopak>
    <translations>
      <translation>
        <author>King Fahad Quran Complex</author>
        <text>Maka mengapa yang mereka sembah selain Allah sebagai Tuhan untuk mendekatkan diri (kepada Allah) tidak dapat menolong mereka. Bahkan tuhan-tuhan itu telah lenyap dari mereka? Itulah akibat kebohongan mereka dan apa yang dahulu mereka ada-adakan.</text>
      </translation>
    </translations>
    <rules>[{"start": 45, "end": 49, "rule_id": 6}]</rules>
  </verse>
  <verse>
    <verseIdArabic>٢٩</verseIdArabic>
    <verseId>29</verseId>
    <chapterId>46</chapterId>
    <textIndopak>وَإِذۡ صَرَفۡنَآ إِلَيۡكَ نَفَرٗا مِّنَ ٱلۡجِنِّ يَسۡتَمِعُونَ ٱلۡقُرۡءَانَ فَلَمَّا حَضَرُوهُ قَالُوٓاْ أَنصِتُواْۖ فَلَمَّا قُضِيَ وَلَّوۡاْ إِلَىٰ قَوۡمِهِم مُّنذِرِينَ</textIndopak>
    <translations>
      <translation>
        <author>King Fahad Quran Complex</author>
        <text>Dan (ingatlah) ketika Kami hadapkan serombongan jin kepadamu yang mendengarkan Al-Qur`ān, maka tatkala mereka menghadiri pembacaan(nya), lalu mereka berkata, "Diamlah kamu (untuk mendengarkannya)". Ketika pembacaan telah selesai mereka kembali kepada kaumnya (untuk) memberi peringatan.</text>
      </translation>
    </translations>
    <rules>[{"start": 35, "end": 38, "rule_id": 0}, {"start": 46, "end": 49, "rule_id": 0}, {"start": 81, "end": 84, "rule_id": 0}, {"start": 123, "end": 126, "rule_id": 0}, {"start": 162, "end": 165, "rule_id": 0}, {"start": 31, "end": 38, "rule_id": 3}, {"start": 160, "end": 165, "rule_id": 4}, {"start": 108, "end": 111, "rule_id": 6}, {"start": 165, "end": 168, "rule_id": 6}]</rules>
  </verse>
  <verse>
    <verseIdArabic>٣٠</verseIdArabic>
    <verseId>30</verseId>
    <chapterId>46</chapterId>
    <textIndopak>قَالُواْ يَٰقَوۡمَنَآ إِنَّا سَمِعۡنَا كِتَٰبًا أُنزِلَ مِنۢ بَعۡدِ مُوسَىٰ مُصَدِّقٗا لِّمَا بَيۡنَ يَدَيۡهِ يَهۡدِيٓ إِلَى ٱلۡحَقِّ وَإِلَىٰ طَرِيقٖ مُّسۡتَقِيمٖ</textIndopak>
    <translations>
      <translation>
        <author>King Fahad Quran Complex</author>
        <text>Mereka berkata, "Hai kaum kami, sesungguhnya kami telah mendengarkan kitab (Al-Qur`ān) yang telah diturunkan sesudah Musa yang membenarkan kitab-kitab yang sebelumnya lagi memimpin kepada kebenaran dan kepada jalan yang lurus.</text>
      </translation>
    </translations>
    <rules>[{"start": 25, "end": 28, "rule_id": 0}, {"start": 152, "end": 155, "rule_id": 0}, {"start": 59, "end": 64, "rule_id": 2}, {"start": 149, "end": 155, "rule_id": 3}, {"start": 84, "end": 91, "rule_id": 5}, {"start": 51, "end": 54, "rule_id": 6}]</rules>
  </verse>
  <verse>
    <verseIdArabic>٣١</verseIdArabic>
    <verseId>31</verseId>
    <chapterId>46</chapterId>
    <textIndopak>يَٰقَوۡمَنَآ أَجِيبُواْ دَاعِيَ ٱللَّهِ وَءَامِنُواْ بِهِۦ يَغۡفِرۡ لَكُم مِّن ذُنُوبِكُمۡ وَيُجِرۡكُم مِّنۡ عَذَابٍ أَلِيمٖ</textIndopak>
    <translations>
      <translation>
        <author>King Fahad Quran Complex</author>
        <text>Hai kaum kami, terimalah (seruan) orang yang menyeru kepada Allah dan berimanlah kepada-Nya, niscaya Allah akan mengampuni dosa-dosa kamu dan melepaskan kamu dari azab yang pedih.</text>
      </translation>
    </translations>
    <rules>[{"start": 75, "end": 78, "rule_id": 0}, {"start": 104, "end": 107, "rule_id": 0}, {"start": 73, "end": 78, "rule_id": 4}, {"start": 102, "end": 107, "rule_id": 4}, {"start": 78, "end": 82, "rule_id": 6}]</rules>
  </verse>
  <verse>
    <verseIdArabic>٣٢</verseIdArabic>
    <verseId>32</verseId>
    <chapterId>46</chapterId>
    <textIndopak>وَمَن لَّا يُجِبۡ دَاعِيَ ٱللَّهِ فَلَيۡسَ بِمُعۡجِزٖ فِي ٱلۡأَرۡضِ وَلَيۡسَ لَهُۥ مِن دُونِهِۦٓ أَوۡلِيَآءُۚ أُوْلَٰٓئِكَ فِي ضَلَٰلٖ مُّبِينٍ</textIndopak>
    <translations>
      <translation>
        <author>King Fahad Quran Complex</author>
        <text>Dan orang yang tidak menerima (seruan) orang yang menyeru kepada Allah maka dia tidak akan melepaskan diri dari azab Allah di muka bumi dan tidak ada baginya pelindung selain Allah. Mereka itu dalam kesesatan yang nyata".</text>
      </translation>
    </translations>
    <rules>[{"start": 137, "end": 140, "rule_id": 0}, {"start": 15, "end": 17, "rule_id": 1}, {"start": 134, "end": 140, "rule_id": 3}, {"start": 4, "end": 9, "rule_id": 5}, {"start": 85, "end": 89, "rule_id": 6}, {"start": 51, "end": 56, "rule_id": 6}]</rules>
  </verse>
  <verse>
    <verseIdArabic>٣٣</verseIdArabic>
    <verseId>33</verseId>
    <chapterId>46</chapterId>
    <textIndopak>أَوَلَمۡ يَرَوۡاْ أَنَّ ٱللَّهَ ٱلَّذِي خَلَقَ ٱلسَّمَٰوَٰتِ وَٱلۡأَرۡضَ وَلَمۡ يَعۡيَ بِخَلۡقِهِنَّ بِقَٰدِرٍ عَلَىٰٓ أَن يُحۡـِۧيَ ٱلۡمَوۡتَىٰۚ بَلَىٰٓۚ إِنَّهُۥ عَلَىٰ كُلِّ شَيۡءٖ قَدِيرٞ</textIndopak>
    <translations>
      <translation>
        <author>King Fahad Quran Complex</author>
        <text>Dan apakah mereka tidak memperhatikan bahwa sesungguhnya Allah yang menciptakan langit dan bumi dan Dia tidak merasa payah karena menciptakannya, kuasa menghidupkan orang-orang mati? Ya, (bahkan) sesungguhnya Dia Maha Kuasa atas segala sesuatu.</text>
      </translation>
    </translations>
    <rules>[{"start": 20, "end": 23, "rule_id": 0}, {"start": 97, "end": 100, "rule_id": 0}, {"start": 156, "end": 159, "rule_id": 0}, {"start": 121, "end": 125, "rule_id": 3}, {"start": 180, "end": 185, "rule_id": 6}]</rules>
  </verse>
  <verse>
    <verseIdArabic>٣٤</verseIdArabic>
    <verseId>34</verseId>
    <chapterId>46</chapterId>
    <textIndopak>وَيَوۡمَ يُعۡرَضُ ٱلَّذِينَ كَفَرُواْ عَلَى ٱلنَّارِ أَلَيۡسَ هَٰذَا بِٱلۡحَقِّۖ قَالُواْ بَلَىٰ وَرَبِّنَاۚ قَالَ فَذُوقُواْ ٱلۡعَذَابَ بِمَا كُنتُمۡ تَكۡفُرُونَ</textIndopak>
    <translations>
      <translation>
        <author>King Fahad Quran Complex</author>
        <text>Dan (ingatlah) hari (ketika) orang-orang kafir dihadapkan kepada neraka, (dikatakan kepada mereka), "Bukankah (azab) ini benar?" Mereka menjawab, "Ya benar, demi Tuhan kami". Allah berfirman, "Maka rasakanlah azab ini disebabkan kamu selalu ingkar".</text>
      </translation>
    </translations>
    <rules>[{"start": 46, "end": 49, "rule_id": 0}, {"start": 147, "end": 150, "rule_id": 6}]</rules>
  </verse>
  <verse>
    <verseIdArabic>٣٥</verseIdArabic>
    <verseId>35</verseId>
    <chapterId>46</chapterId>
    <textIndopak>فَٱصۡبِرۡ كَمَا صَبَرَ أُوْلُواْ ٱلۡعَزۡمِ مِنَ ٱلرُّسُلِ وَلَا تَسۡتَعۡجِل لَّهُمۡۚ كَأَنَّهُمۡ يَوۡمَ يَرَوۡنَ مَا يُوعَدُونَ لَمۡ يَلۡبَثُوٓاْ إِلَّا سَاعَةٗ مِّن نَّهَارِۭۚ بَلَٰغٞۚ فَهَلۡ يُهۡلَكُ إِلَّا ٱلۡقَوۡمُ ٱلۡفَٰسِقُونَ</textIndopak>
    <translations>
      <translation>
        <author>King Fahad Quran Complex</author>
        <text>Maka bersabarlah kamu seperti orang-orang yang mempunyai keteguhan hati dari rasul-rasul telah bersabar dan janganlah kamu meminta disegerakan (azab) bagi mereka. Pada hari mereka melihat azab yang diancamkan kepada mereka, mereka (merasa) seolah-olah tidak tinggal (di dunia) melainkan sesaat pada siang hari. (Inilah) suatu pelajaran yang cukup, maka tidak dibinasakan melainkan kaum yang fasik.</text>
      </translation>
    </translations>
    <rules>[{"start": 90, "end": 93, "rule_id": 0}, {"start": 162, "end": 165, "rule_id": 0}, {"start": 167, "end": 170, "rule_id": 0}, {"start": 165, "end": 170, "rule_id": 3}, {"start": 159, "end": 165, "rule_id": 3}]</rules>
  </verse>
</verses>
