<?xml version="1.0" encoding="UTF-8"?>

<verses>
  <verse>
    <verseIdArabic>١</verseIdArabic>
    <verseId>1</verseId>
    <chapterId>48</chapterId>
    <textIndopak>إِنَّا فَتَحۡنَا لَكَ فَتۡحٗا مُّبِينٗا</textIndopak>
    <translations>
      <translation>
        <author>King Fahad Quran Complex</author>
        <text>Sesungguhnya Kami telah memberikan kepadamu kemenangan yang nyata,</text>
      </translation>
    </translations>
    <rules>[{"start": 2, "end": 5, "rule_id": 0}, {"start": 30, "end": 33, "rule_id": 0}, {"start": 26, "end": 33, "rule_id": 3}]</rules>
  </verse>
  <verse>
    <verseIdArabic>٢</verseIdArabic>
    <verseId>2</verseId>
    <chapterId>48</chapterId>
    <textIndopak>لِّيَغۡفِرَ لَكَ ٱللَّهُ مَا تَقَدَّمَ مِن ذَنۢبِكَ وَمَا تَأَخَّرَ وَيُتِمَّ نِعۡمَتَهُۥ عَلَيۡكَ وَيَهۡدِيَكَ صِرَٰطٗا مُّسۡتَقِيمٗا</textIndopak>
    <translations>
      <translation>
        <author>King Fahad Quran Complex</author>
        <text>supaya Allah memberi ampunan kepadamu terhadap dosamu yang telah lalu dan yang akan datang serta menyempurnakan nikmat-Nya atasmu dan memimpin kamu kepada jalan yang lurus,</text>
      </translation>
    </translations>
    <rules>[{"start": 74, "end": 77, "rule_id": 0}, {"start": 121, "end": 124, "rule_id": 0}, {"start": 45, "end": 49, "rule_id": 2}, {"start": 117, "end": 124, "rule_id": 3}, {"start": 41, "end": 45, "rule_id": 6}]</rules>
  </verse>
  <verse>
    <verseIdArabic>٣</verseIdArabic>
    <verseId>3</verseId>
    <chapterId>48</chapterId>
    <textIndopak>وَيَنصُرَكَ ٱللَّهُ نَصۡرًا عَزِيزًا</textIndopak>
    <translations>
      <translation>
        <author>King Fahad Quran Complex</author>
        <text>dan supaya Allah menolongmu dengan pertolongan yang kuat (banyak).</text>
      </translation>
    </translations>
    <rules>[{"start": 4, "end": 7, "rule_id": 6}]</rules>
  </verse>
  <verse>
    <verseIdArabic>٤</verseIdArabic>
    <verseId>4</verseId>
    <chapterId>48</chapterId>
    <textIndopak>هُوَ ٱلَّذِيٓ أَنزَلَ ٱلسَّكِينَةَ فِي قُلُوبِ ٱلۡمُؤۡمِنِينَ لِيَزۡدَادُوٓاْ إِيمَٰنٗا مَّعَ إِيمَٰنِهِمۡۗ وَلِلَّهِ جُنُودُ ٱلسَّمَٰوَٰتِ وَٱلۡأَرۡضِۚ وَكَانَ ٱللَّهُ عَلِيمًا حَكِيمٗا</textIndopak>
    <translations>
      <translation>
        <author>King Fahad Quran Complex</author>
        <text>Dia-lah yang telah menurunkan ketenangan ke dalam hati orang-orang mukmin supaya keimanan mereka bertambah di samping keimanan mereka (yang telah ada). Dan kepunyaan Allah-lah tentara langit dan bumi dan adalah Allah Maha Mengetahui lagi Maha Bijaksana,</text>
      </translation>
    </translations>
    <rules>[{"start": 88, "end": 91, "rule_id": 0}, {"start": 84, "end": 91, "rule_id": 3}, {"start": 16, "end": 19, "rule_id": 6}]</rules>
  </verse>
  <verse>
    <verseIdArabic>٥</verseIdArabic>
    <verseId>5</verseId>
    <chapterId>48</chapterId>
    <textIndopak>لِّيُدۡخِلَ ٱلۡمُؤۡمِنِينَ وَٱلۡمُؤۡمِنَٰتِ جَنَّٰتٖ تَجۡرِي مِن تَحۡتِهَا ٱلۡأَنۡهَٰرُ خَٰلِدِينَ فِيهَا وَيُكَفِّرَ عَنۡهُمۡ سَيِّـَٔاتِهِمۡۚ وَكَانَ ذَٰلِكَ عِندَ ٱللَّهِ فَوۡزًا عَظِيمٗا</textIndopak>
    <translations>
      <translation>
        <author>King Fahad Quran Complex</author>
        <text>supaya Dia memasukkan orang-orang mukmin laki-laki dan perempuan ke dalam surga yang mengalir di bawahnya sungai-sungai, mereka kekal di dalamnya dan supaya Dia menutupi kesalahan-kesalahan mereka. Dan yang demikian itu adalah keberuntungan yang besar di sisi Allah,</text>
      </translation>
    </translations>
    <rules>[{"start": 46, "end": 50, "rule_id": 0}, {"start": 5, "end": 7, "rule_id": 1}, {"start": 55, "end": 57, "rule_id": 1}, {"start": 63, "end": 67, "rule_id": 6}, {"start": 163, "end": 166, "rule_id": 6}, {"start": 50, "end": 55, "rule_id": 6}]</rules>
  </verse>
  <verse>
    <verseIdArabic>٦</verseIdArabic>
    <verseId>6</verseId>
    <chapterId>48</chapterId>
    <textIndopak>وَيُعَذِّبَ ٱلۡمُنَٰفِقِينَ وَٱلۡمُنَٰفِقَٰتِ وَٱلۡمُشۡرِكِينَ وَٱلۡمُشۡرِكَٰتِ ٱلظَّآنِّينَ بِٱللَّهِ ظَنَّ ٱلسَّوۡءِۚ عَلَيۡهِمۡ دَآئِرَةُ ٱلسَّوۡءِۖ وَغَضِبَ ٱللَّهُ عَلَيۡهِمۡ وَلَعَنَهُمۡ وَأَعَدَّ لَهُمۡ جَهَنَّمَۖ وَسَآءَتۡ مَصِيرٗا</textIndopak>
    <translations>
      <translation>
        <author>King Fahad Quran Complex</author>
        <text>dan supaya Dia mengazab orang-orang munafik laki-laki dan perempuan dan orang-orang musyrik laki-laki dan perempuan yang mereka itu berprasangka buruk terhadap Allah. Mereka akan mendapat giliran (kebinasaan) yang amat buruk dan Allah memurkai dan mengutuk mereka serta menyediakan bagi mereka neraka Jahanam. Dan (neraka Jahanam) itulah sejahat-jahat tempat kembali.</text>
      </translation>
    </translations>
    <rules>[{"start": 87, "end": 90, "rule_id": 0}, {"start": 106, "end": 109, "rule_id": 0}, {"start": 218, "end": 221, "rule_id": 0}]</rules>
  </verse>
  <verse>
    <verseIdArabic>٧</verseIdArabic>
    <verseId>7</verseId>
    <chapterId>48</chapterId>
    <textIndopak>وَلِلَّهِ جُنُودُ ٱلسَّمَٰوَٰتِ وَٱلۡأَرۡضِۚ وَكَانَ ٱللَّهُ عَزِيزًا حَكِيمًا</textIndopak>
    <translations>
      <translation>
        <author>King Fahad Quran Complex</author>
        <text>Dan kepunyaan Allah-lah tentara langit dan bumi. Dan adalah Allah Maha Perkasa lagi Maha Bijaksana.</text>
      </translation>
    </translations>
  </verse>
  <verse>
    <verseIdArabic>٨</verseIdArabic>
    <verseId>8</verseId>
    <chapterId>48</chapterId>
    <textIndopak>إِنَّآ أَرۡسَلۡنَٰكَ شَٰهِدٗا وَمُبَشِّرٗا وَنَذِيرٗا</textIndopak>
    <translations>
      <translation>
        <author>King Fahad Quran Complex</author>
        <text>Sesungguhnya Kami mengutus kamu sebagai saksi, pembawa berita gembira, dan pemberi peringatan,</text>
      </translation>
    </translations>
    <rules>[{"start": 2, "end": 5, "rule_id": 0}, {"start": 27, "end": 33, "rule_id": 3}, {"start": 40, "end": 46, "rule_id": 3}]</rules>
  </verse>
  <verse>
    <verseIdArabic>٩</verseIdArabic>
    <verseId>9</verseId>
    <chapterId>48</chapterId>
    <textIndopak>لِّتُؤۡمِنُواْ بِٱللَّهِ وَرَسُولِهِۦ وَتُعَزِّرُوهُ وَتُوَقِّرُوهُۚ وَتُسَبِّحُوهُ بُكۡرَةٗ وَأَصِيلًا</textIndopak>
    <translations>
      <translation>
        <author>King Fahad Quran Complex</author>
        <text>supaya kamu sekalian beriman kepada Allah dan rasul-Nya, menguatkan (agama)-Nya, membesarkan-Nya, dan bertasbih kepada-Nya di waktu pagi dan petang.</text>
      </translation>
    </translations>
    <rules>[{"start": 89, "end": 94, "rule_id": 3}]</rules>
  </verse>
  <verse>
    <verseIdArabic>١٠</verseIdArabic>
    <verseId>10</verseId>
    <chapterId>48</chapterId>
    <textIndopak>إِنَّ ٱلَّذِينَ يُبَايِعُونَكَ إِنَّمَا يُبَايِعُونَ ٱللَّهَ يَدُ ٱللَّهِ فَوۡقَ أَيۡدِيهِمۡۚ فَمَن نَّكَثَ فَإِنَّمَا يَنكُثُ عَلَىٰ نَفۡسِهِۦۖ وَمَنۡ أَوۡفَىٰ بِمَا عَٰهَدَ عَلَيۡهُ ٱللَّهَ فَسَيُؤۡتِيهِ أَجۡرًا عَظِيمٗا</textIndopak>
    <translations>
      <translation>
        <author>King Fahad Quran Complex</author>
        <text>Bahwasanya orang-orang yang berjanji setia kepada kamu sesungguhnya mereka berjanji setia kepada Allah. Tangan Allah di atas tangan mereka, maka barang siapa yang melanggar janjinya, niscaya akibat ia melanggar janji itu akan menimpa dirinya sendiri dan barang siapa menepati janjinya kepada Allah maka Allah akan memberinya pahala yang besar.</text>
      </translation>
    </translations>
    <rules>[{"start": 2, "end": 5, "rule_id": 0}, {"start": 33, "end": 36, "rule_id": 0}, {"start": 101, "end": 104, "rule_id": 0}, {"start": 113, "end": 116, "rule_id": 0}, {"start": 210, "end": 212, "rule_id": 1}, {"start": 99, "end": 104, "rule_id": 3}, {"start": 122, "end": 125, "rule_id": 6}]</rules>
  </verse>
  <verse>
    <verseIdArabic>١١</verseIdArabic>
    <verseId>11</verseId>
    <chapterId>48</chapterId>
    <textIndopak>سَيَقُولُ لَكَ ٱلۡمُخَلَّفُونَ مِنَ ٱلۡأَعۡرَابِ شَغَلَتۡنَآ أَمۡوَٰلُنَا وَأَهۡلُونَا فَٱسۡتَغۡفِرۡ لَنَاۚ يَقُولُونَ بِأَلۡسِنَتِهِم مَّا لَيۡسَ فِي قُلُوبِهِمۡۚ قُلۡ فَمَن يَمۡلِكُ لَكُم مِّنَ ٱللَّهِ شَيۡـًٔا إِنۡ أَرَادَ بِكُمۡ ضَرًّا أَوۡ أَرَادَ بِكُمۡ نَفۡعَۢاۚ بَلۡ كَانَ ٱللَّهُ بِمَا تَعۡمَلُونَ خَبِيرَۢا</textIndopak>
    <translations>
      <translation>
        <author>King Fahad Quran Complex</author>
        <text>Orang-orang Badui yang tertinggal (tidak turut ke ῌudaybiyyah) akan mengatakan, "Harta dan keluarga kami telah merintangi kami, maka mohonkanlah ampunan untuk kami"; mereka mengucapkan dengan lidahnya apa yang tidak ada dalam hatinya. Katakanlah, "Maka siapakah (gerangan) yang dapat menghalang-halangi kehendak Allah jika Dia menghendaki kemudaratan bagimu atau jika Dia menghendaki manfaat bagimu. Sebenarnya Allah Maha Mengetahui apa yang kamu kerjakan.</text>
      </translation>
    </translations>
    <rules>[{"start": 137, "end": 140, "rule_id": 0}, {"start": 193, "end": 196, "rule_id": 0}, {"start": 176, "end": 180, "rule_id": 3}, {"start": 135, "end": 140, "rule_id": 4}, {"start": 191, "end": 196, "rule_id": 4}]</rules>
  </verse>
  <verse>
    <verseIdArabic>١٢</verseIdArabic>
    <verseId>12</verseId>
    <chapterId>48</chapterId>
    <textIndopak>بَلۡ ظَنَنتُمۡ أَن لَّن يَنقَلِبَ ٱلرَّسُولُ وَٱلۡمُؤۡمِنُونَ إِلَىٰٓ أَهۡلِيهِمۡ أَبَدٗا وَزُيِّنَ ذَٰلِكَ فِي قُلُوبِكُمۡ وَظَنَنتُمۡ ظَنَّ ٱلسَّوۡءِ وَكُنتُمۡ قَوۡمَۢا بُورٗا</textIndopak>
    <translations>
      <translation>
        <author>King Fahad Quran Complex</author>
        <text>Tetapi kamu menyangka bahwa rasul dan orang-orang mukmin tidak sekali-kali akan kembali kepada keluarga mereka selama-lamanya dan setan telah menjadikan kamu memandang baik dalam hatimu persangkaan itu, dan kamu telah menyangka dengan sangkaan yang buruk dan kamu menjadi kaum yang binasa.</text>
      </translation>
    </translations>
    <rules>[{"start": 138, "end": 141, "rule_id": 0}, {"start": 22, "end": 26, "rule_id": 3}, {"start": 86, "end": 92, "rule_id": 3}, {"start": 17, "end": 22, "rule_id": 5}, {"start": 9, "end": 12, "rule_id": 6}, {"start": 26, "end": 29, "rule_id": 6}, {"start": 130, "end": 133, "rule_id": 6}, {"start": 156, "end": 159, "rule_id": 6}]</rules>
  </verse>
  <verse>
    <verseIdArabic>١٣</verseIdArabic>
    <verseId>13</verseId>
    <chapterId>48</chapterId>
    <textIndopak>وَمَن لَّمۡ يُؤۡمِنۢ بِٱللَّهِ وَرَسُولِهِۦ فَإِنَّآ أَعۡتَدۡنَا لِلۡكَٰفِرِينَ سَعِيرٗا</textIndopak>
    <translations>
      <translation>
        <author>King Fahad Quran Complex</author>
        <text>Dan barang siapa yang tidak beriman kepada Allah dan rasul-Nya, maka sesungguhnya Kami menyediakan untuk orang-orang yang kafir neraka yang menyala-nyala.</text>
      </translation>
    </translations>
    <rules>[{"start": 48, "end": 51, "rule_id": 0}, {"start": 60, "end": 62, "rule_id": 1}, {"start": 18, "end": 23, "rule_id": 2}, {"start": 4, "end": 9, "rule_id": 5}]</rules>
  </verse>
  <verse>
    <verseIdArabic>١٤</verseIdArabic>
    <verseId>14</verseId>
    <chapterId>48</chapterId>
    <textIndopak>وَلِلَّهِ مُلۡكُ ٱلسَّمَٰوَٰتِ وَٱلۡأَرۡضِۚ يَغۡفِرُ لِمَن يَشَآءُ وَيُعَذِّبُ مَن يَشَآءُۚ وَكَانَ ٱللَّهُ غَفُورٗا رَّحِيمٗا</textIndopak>
    <translations>
      <translation>
        <author>King Fahad Quran Complex</author>
        <text>Dan hanya kepunyaan Allah-lah kerajaan langit dan bumi. Dia memberikan ampun kepada siapa yang dikehendaki-Nya dan mengazab siapa yang dikehendaki-Nya. Dan Allah Maha Pengampun lagi Maha Penyayang.</text>
      </translation>
    </translations>
    <rules>[{"start": 58, "end": 62, "rule_id": 3}, {"start": 83, "end": 87, "rule_id": 3}, {"start": 117, "end": 124, "rule_id": 5}]</rules>
  </verse>
  <verse>
    <verseIdArabic>١٥</verseIdArabic>
    <verseId>15</verseId>
    <chapterId>48</chapterId>
    <textIndopak>سَيَقُولُ ٱلۡمُخَلَّفُونَ إِذَا ٱنطَلَقۡتُمۡ إِلَىٰ مَغَانِمَ لِتَأۡخُذُوهَا ذَرُونَا نَتَّبِعۡكُمۡۖ يُرِيدُونَ أَن يُبَدِّلُواْ كَلَٰمَ ٱللَّهِۚ قُل لَّن تَتَّبِعُونَا كَذَٰلِكُمۡ قَالَ ٱللَّهُ مِن قَبۡلُۖ فَسَيَقُولُونَ بَلۡ تَحۡسُدُونَنَاۚ بَلۡ كَانُواْ لَا يَفۡقَهُونَ إِلَّا قَلِيلٗا</textIndopak>
    <translations>
      <translation>
        <author>King Fahad Quran Complex</author>
        <text>Orang-orang Badui yang tertinggal itu akan berkata apabila kamu berangkat untuk mengambil barang rampasan, "Biarkanlah kami, niscaya kami mengikuti kamu; mereka hendak merubah janji Allah. Katakanlah, "Kamu sekali-kali tidak (boleh) mengikuti kami; demikian Allah telah menetapkan sebelumnya"; mereka akan mengatakan, "Sebenarnya kamu dengki kepada kami". Bahkan mereka tidak mengerti melainkan sedikit sekali.</text>
      </translation>
    </translations>
    <rules>[{"start": 38, "end": 40, "rule_id": 1}, {"start": 203, "end": 205, "rule_id": 1}, {"start": 115, "end": 119, "rule_id": 3}, {"start": 33, "end": 36, "rule_id": 6}, {"start": 155, "end": 159, "rule_id": 6}, {"start": 199, "end": 203, "rule_id": 6}]</rules>
  </verse>
  <verse>
    <verseIdArabic>١٦</verseIdArabic>
    <verseId>16</verseId>
    <chapterId>48</chapterId>
    <textIndopak>قُل لِّلۡمُخَلَّفِينَ مِنَ ٱلۡأَعۡرَابِ سَتُدۡعَوۡنَ إِلَىٰ قَوۡمٍ أُوْلِي بَأۡسٖ شَدِيدٖ تُقَٰتِلُونَهُمۡ أَوۡ يُسۡلِمُونَۖ فَإِن تُطِيعُواْ يُؤۡتِكُمُ ٱللَّهُ أَجۡرًا حَسَنٗاۖ وَإِن تَتَوَلَّوۡاْ كَمَا تَوَلَّيۡتُم مِّن قَبۡلُ يُعَذِّبۡكُمۡ عَذَابًا أَلِيمٗا</textIndopak>
    <translations>
      <translation>
        <author>King Fahad Quran Complex</author>
        <text>Katakanlah kepada orang-orang Badui yang tertinggal, "Kamu akan diajak untuk (memerangi) kaum yang mempunyai kekuatan yang besar, kamu akan memerangi mereka atau mereka menyerah (masuk Islam). Maka jika kamu patuhi (ajakan itu), niscaya Allah akan memberikan kepadamu pahala yang baik dan jika kamu berpaling sebagaimana kamu telah berpaling sebelumnya, niscaya Dia akan mengazab kamu dengan azab yang pedih".</text>
      </translation>
    </translations>
    <rules>[{"start": 219, "end": 222, "rule_id": 0}, {"start": 44, "end": 46, "rule_id": 1}, {"start": 164, "end": 166, "rule_id": 1}, {"start": 226, "end": 228, "rule_id": 1}, {"start": 238, "end": 240, "rule_id": 1}, {"start": 174, "end": 182, "rule_id": 3}, {"start": 217, "end": 222, "rule_id": 4}, {"start": 130, "end": 134, "rule_id": 6}, {"start": 184, "end": 188, "rule_id": 6}, {"start": 222, "end": 226, "rule_id": 6}, {"start": 79, "end": 84, "rule_id": 6}, {"start": 87, "end": 92, "rule_id": 6}]</rules>
  </verse>
  <verse>
    <verseIdArabic>١٧</verseIdArabic>
    <verseId>17</verseId>
    <chapterId>48</chapterId>
    <textIndopak>لَّيۡسَ عَلَى ٱلۡأَعۡمَىٰ حَرَجٞ وَلَا عَلَى ٱلۡأَعۡرَجِ حَرَجٞ وَلَا عَلَى ٱلۡمَرِيضِ حَرَجٞۗ وَمَن يُطِعِ ٱللَّهَ وَرَسُولَهُۥ يُدۡخِلۡهُ جَنَّٰتٖ تَجۡرِي مِن تَحۡتِهَا ٱلۡأَنۡهَٰرُۖ وَمَن يَتَوَلَّ يُعَذِّبۡهُ عَذَابًا أَلِيمٗا</textIndopak>
    <translations>
      <translation>
        <author>King Fahad Quran Complex</author>
        <text>Tiada dosa atas orang-orang yang buta, dan atas orang yang pincang, dan atas orang yang sakit (apabila tidak ikut berperang). Dan barang siapa yang taat kepada Allah dan rasul-Nya, niscaya Allah akan memasukkannya ke dalam surga yang mengalir di bawahnya sungai-sungai dan barang siapa yang berpaling, niscaya akan diazab-Nya dengan azab yang pedih.</text>
      </translation>
    </translations>
    <rules>[{"start": 143, "end": 147, "rule_id": 0}, {"start": 132, "end": 134, "rule_id": 1}, {"start": 152, "end": 154, "rule_id": 1}, {"start": 210, "end": 212, "rule_id": 1}, {"start": 100, "end": 104, "rule_id": 3}, {"start": 191, "end": 195, "rule_id": 3}, {"start": 30, "end": 35, "rule_id": 3}, {"start": 61, "end": 66, "rule_id": 3}, {"start": 160, "end": 164, "rule_id": 6}, {"start": 147, "end": 152, "rule_id": 6}]</rules>
  </verse>
  <verse>
    <verseIdArabic>١٨</verseIdArabic>
    <verseId>18</verseId>
    <chapterId>48</chapterId>
    <textIndopak>۞ لَّقَدۡ رَضِيَ ٱللَّهُ عَنِ ٱلۡمُؤۡمِنِينَ إِذۡ يُبَايِعُونَكَ تَحۡتَ ٱلشَّجَرَةِ فَعَلِمَ مَا فِي قُلُوبِهِمۡ فَأَنزَلَ ٱلسَّكِينَةَ عَلَيۡهِمۡ وَأَثَٰبَهُمۡ فَتۡحٗا قَرِيبٗا</textIndopak>
    <translations>
      <translation>
        <author>King Fahad Quran Complex</author>
        <text>Sesungguhnya Allah telah rida terhadap orang-orang mukmin ketika mereka berjanji setia kepadamu di bawah pohon, maka Allah mengetahui apa yang ada dalam hati mereka lalu menurunkan ketenangan atas mereka dan memberi balasan kepada mereka dengan kemenangan yang dekat (waktunya).</text>
      </translation>
    </translations>
    <rules>[{"start": 7, "end": 9, "rule_id": 1}, {"start": 117, "end": 120, "rule_id": 6}]</rules>
  </verse>
  <verse>
    <verseIdArabic>١٩</verseIdArabic>
    <verseId>19</verseId>
    <chapterId>48</chapterId>
    <textIndopak>وَمَغَانِمَ كَثِيرَةٗ يَأۡخُذُونَهَاۗ وَكَانَ ٱللَّهُ عَزِيزًا حَكِيمٗا</textIndopak>
    <translations>
      <translation>
        <author>King Fahad Quran Complex</author>
        <text>Serta harta rampasan yang banyak yang dapat mereka ambil. Dan adalah Allah Maha Perkasa lagi Maha Bijaksana.</text>
      </translation>
    </translations>
    <rules>[{"start": 19, "end": 24, "rule_id": 3}]</rules>
  </verse>
  <verse>
    <verseIdArabic>٢٠</verseIdArabic>
    <verseId>20</verseId>
    <chapterId>48</chapterId>
    <textIndopak>وَعَدَكُمُ ٱللَّهُ مَغَانِمَ كَثِيرَةٗ تَأۡخُذُونَهَا فَعَجَّلَ لَكُمۡ هَٰذِهِۦ وَكَفَّ أَيۡدِيَ ٱلنَّاسِ عَنكُمۡ وَلِتَكُونَ ءَايَةٗ لِّلۡمُؤۡمِنِينَ وَيَهۡدِيَكُمۡ صِرَٰطٗا مُّسۡتَقِيمٗا</textIndopak>
    <translations>
      <translation>
        <author>King Fahad Quran Complex</author>
        <text>Allah menjanjikan kepada kamu harta rampasan yang banyak yang dapat kamu ambil, maka disegerakan-Nya harta rampasan ini untukmu, dan Dia menahan tangan manusia dari (membinasakan)mu (agar kamu mensyukuri-Nya), dan agar hal itu menjadi bukti bagi orang-orang mukmin, dan agar Dia menunjuki kamu kepada jalan yang lurus.</text>
      </translation>
    </translations>
    <rules>[{"start": 99, "end": 102, "rule_id": 0}, {"start": 175, "end": 178, "rule_id": 0}, {"start": 171, "end": 178, "rule_id": 3}, {"start": 131, "end": 137, "rule_id": 5}, {"start": 108, "end": 111, "rule_id": 6}, {"start": 36, "end": 41, "rule_id": 6}]</rules>
  </verse>
  <verse>
    <verseIdArabic>٢١</verseIdArabic>
    <verseId>21</verseId>
    <chapterId>48</chapterId>
    <textIndopak>وَأُخۡرَىٰ لَمۡ تَقۡدِرُواْ عَلَيۡهَا قَدۡ أَحَاطَ ٱللَّهُ بِهَاۚ وَكَانَ ٱللَّهُ عَلَىٰ كُلِّ شَيۡءٖ قَدِيرٗا</textIndopak>
    <translations>
      <translation>
        <author>King Fahad Quran Complex</author>
        <text>Dan (telah menjanjikan pula kemenangan-kemenangan) yang lain (atas negeri-negeri) yang kamu belum dapat menguasainya yang sungguh Allah telah menentukan-Nya. Dan adalah Allah Maha Kuasa atas segala sesuatu.</text>
      </translation>
    </translations>
    <rules>[{"start": 18, "end": 20, "rule_id": 1}, {"start": 40, "end": 42, "rule_id": 1}, {"start": 100, "end": 105, "rule_id": 6}]</rules>
  </verse>
  <verse>
    <verseIdArabic>٢٢</verseIdArabic>
    <verseId>22</verseId>
    <chapterId>48</chapterId>
    <textIndopak>وَلَوۡ قَٰتَلَكُمُ ٱلَّذِينَ كَفَرُواْ لَوَلَّوُاْ ٱلۡأَدۡبَٰرَ ثُمَّ لَا يَجِدُونَ وَلِيّٗا وَلَا نَصِيرٗا</textIndopak>
    <translations>
      <translation>
        <author>King Fahad Quran Complex</author>
        <text>Dan sekiranya orang-orang kafir itu memerangi kamu pastilah mereka berbalik melarikan diri ke belakang (kalah) kemudian mereka tiada memperoleh pelindung dan tidak (pula) menolong.</text>
      </translation>
    </translations>
    <rules>[{"start": 66, "end": 69, "rule_id": 0}, {"start": 56, "end": 58, "rule_id": 1}, {"start": 88, "end": 95, "rule_id": 3}]</rules>
  </verse>
  <verse>
    <verseIdArabic>٢٣</verseIdArabic>
    <verseId>23</verseId>
    <chapterId>48</chapterId>
    <textIndopak>سُنَّةَ ٱللَّهِ ٱلَّتِي قَدۡ خَلَتۡ مِن قَبۡلُۖ وَلَن تَجِدَ لِسُنَّةِ ٱللَّهِ تَبۡدِيلٗا</textIndopak>
    <translations>
      <translation>
        <author>King Fahad Quran Complex</author>
        <text>Sebagai suatu sunatullah yang telah berlaku sejak dahulu, kamu sekali-kali tiada akan menemukan perubahan bagi sunatullah itu.</text>
      </translation>
    </translations>
    <rules>[{"start": 2, "end": 5, "rule_id": 0}, {"start": 66, "end": 69, "rule_id": 0}, {"start": 26, "end": 28, "rule_id": 1}, {"start": 42, "end": 44, "rule_id": 1}, {"start": 82, "end": 84, "rule_id": 1}, {"start": 38, "end": 42, "rule_id": 6}, {"start": 53, "end": 57, "rule_id": 6}]</rules>
  </verse>
  <verse>
    <verseIdArabic>٢٤</verseIdArabic>
    <verseId>24</verseId>
    <chapterId>48</chapterId>
    <textIndopak>وَهُوَ ٱلَّذِي كَفَّ أَيۡدِيَهُمۡ عَنكُمۡ وَأَيۡدِيَكُمۡ عَنۡهُم بِبَطۡنِ مَكَّةَ مِنۢ بَعۡدِ أَنۡ أَظۡفَرَكُمۡ عَلَيۡهِمۡۚ وَكَانَ ٱللَّهُ بِمَا تَعۡمَلُونَ بَصِيرًا</textIndopak>
    <translations>
      <translation>
        <author>King Fahad Quran Complex</author>
        <text>Dan Dia-lah yang menahan tangan mereka dari (membinasakan) kamu dan (menahan) tangan kamu dari (membinasakan) mereka di tengah kota Mekah sesudah Allah memenangkan kamu atas mereka, dan adalah Allah Maha Melihat apa yang kamu kerjakan.</text>
      </translation>
    </translations>
    <rules>[{"start": 69, "end": 71, "rule_id": 1}, {"start": 84, "end": 89, "rule_id": 2}, {"start": 36, "end": 39, "rule_id": 6}, {"start": 63, "end": 67, "rule_id": 7}]</rules>
  </verse>
  <verse>
    <verseIdArabic>٢٥</verseIdArabic>
    <verseId>25</verseId>
    <chapterId>48</chapterId>
    <textIndopak>هُمُ ٱلَّذِينَ كَفَرُواْ وَصَدُّوكُمۡ عَنِ ٱلۡمَسۡجِدِ ٱلۡحَرَامِ وَٱلۡهَدۡيَ مَعۡكُوفًا أَن يَبۡلُغَ مَحِلَّهُۥۚ وَلَوۡلَا رِجَالٞ مُّؤۡمِنُونَ وَنِسَآءٞ مُّؤۡمِنَٰتٞ لَّمۡ تَعۡلَمُوهُمۡ أَن تَطَـُٔوهُمۡ فَتُصِيبَكُم مِّنۡهُم مَّعَرَّةُۢ بِغَيۡرِ عِلۡمٖۖ لِّيُدۡخِلَ ٱللَّهُ فِي رَحۡمَتِهِۦ مَن يَشَآءُۚ لَوۡ تَزَيَّلُواْ لَعَذَّبۡنَا ٱلَّذِينَ كَفَرُواْ مِنۡهُمۡ عَذَابًا أَلِيمًا</textIndopak>
    <translations>
      <translation>
        <author>King Fahad Quran Complex</author>
        <text>Merekalah orang-orang yang kafir yang menghalangi kamu dari (masuk) Masjidil Haram dan menghalangi hewan kurban sampai ke tempat (penyembelihan)nya. Dan kalau tidaklah karena laki-laki yang mukmin dan perempuan-perempuan yang mukmin yang tiada kamu ketahui, bahwa kamu akan membunuh mereka yang menyebabkan kamu ditimpa kesusahan tanpa pengetahuanmu (tentulah Allah tidak akan menahan tanganmu dari membinasakan mereka). Supaya Allah memasukkan siapa yang dikehendaki-Nya ke dalam rahmat-Nya. Sekiranya mereka tidak bercampur-baur, tentulah Kami akan mengazab orang-orang yag kafir di antara mereka dengan azab yang pedih.</text>
      </translation>
    </translations>
    <rules>[{"start": 133, "end": 136, "rule_id": 0}, {"start": 157, "end": 160, "rule_id": 0}, {"start": 220, "end": 223, "rule_id": 0}, {"start": 229, "end": 232, "rule_id": 0}, {"start": 73, "end": 75, "rule_id": 1}, {"start": 95, "end": 97, "rule_id": 1}, {"start": 264, "end": 266, "rule_id": 1}, {"start": 335, "end": 337, "rule_id": 1}, {"start": 237, "end": 243, "rule_id": 2}, {"start": 91, "end": 95, "rule_id": 3}, {"start": 297, "end": 301, "rule_id": 3}, {"start": 130, "end": 136, "rule_id": 3}, {"start": 154, "end": 160, "rule_id": 3}, {"start": 218, "end": 223, "rule_id": 4}, {"start": 227, "end": 232, "rule_id": 4}, {"start": 167, "end": 173, "rule_id": 5}, {"start": 254, "end": 262, "rule_id": 5}, {"start": 192, "end": 196, "rule_id": 6}]</rules>
  </verse>
  <verse>
    <verseIdArabic>٢٦</verseIdArabic>
    <verseId>26</verseId>
    <chapterId>48</chapterId>
    <textIndopak>إِذۡ جَعَلَ ٱلَّذِينَ كَفَرُواْ فِي قُلُوبِهِمُ ٱلۡحَمِيَّةَ حَمِيَّةَ ٱلۡجَٰهِلِيَّةِ فَأَنزَلَ ٱللَّهُ سَكِينَتَهُۥ عَلَىٰ رَسُولِهِۦ وَعَلَى ٱلۡمُؤۡمِنِينَ وَأَلۡزَمَهُمۡ كَلِمَةَ ٱلتَّقۡوَىٰ وَكَانُوٓاْ أَحَقَّ بِهَا وَأَهۡلَهَاۚ وَكَانَ ٱللَّهُ بِكُلِّ شَيۡءٍ عَلِيمٗا</textIndopak>
    <translations>
      <translation>
        <author>King Fahad Quran Complex</author>
        <text>Ketika orang-orang kafir menanamkan dalam hati mereka kesombongan, (yaitu) kesombongan jahiliah lalu Allah menurunkan ketenangan kepada rasul-Nya, dan kepada orang-orang mukmin dan Allah mewajibkan kepada mereka kalimat takwa dan adalah mereka berhak dengan kalimat takwa itu dan patut memilikinya. Dan adalah Allah Maha Mengetahui segala sesuatu.</text>
      </translation>
    </translations>
    <rules>[{"start": 188, "end": 190, "rule_id": 1}, {"start": 91, "end": 94, "rule_id": 6}]</rules>
  </verse>
  <verse>
    <verseIdArabic>٢٧</verseIdArabic>
    <verseId>27</verseId>
    <chapterId>48</chapterId>
    <textIndopak>لَّقَدۡ صَدَقَ ٱللَّهُ رَسُولَهُ ٱلرُّءۡيَا بِٱلۡحَقِّۖ لَتَدۡخُلُنَّ ٱلۡمَسۡجِدَ ٱلۡحَرَامَ إِن شَآءَ ٱللَّهُ ءَامِنِينَ مُحَلِّقِينَ رُءُوسَكُمۡ وَمُقَصِّرِينَ لَا تَخَافُونَۖ فَعَلِمَ مَا لَمۡ تَعۡلَمُواْ فَجَعَلَ مِن دُونِ ذَٰلِكَ فَتۡحٗا قَرِيبًا</textIndopak>
    <translations>
      <translation>
        <author>King Fahad Quran Complex</author>
        <text>Sesungguhnya Allah akan membuktikan kepada rasul-Nya, tentang kebenaran mimpinya dengan sebenarnya, (yaitu) bahwa sesungguhnya kamu pasti akan memasuki Masjidil Haram, insyaallah dalam keadaan aman, dengan mencukur rambut kepala dan mengguntingnya, sedang kamu tidak merasa takut. Maka Allah mengetahui apa yang tiada kamu ketahui dan Dia memberikan sebelum itu kemenangan yang dekat.</text>
      </translation>
    </translations>
    <rules>[{"start": 67, "end": 70, "rule_id": 0}, {"start": 5, "end": 7, "rule_id": 1}, {"start": 61, "end": 63, "rule_id": 1}, {"start": 96, "end": 100, "rule_id": 6}, {"start": 222, "end": 226, "rule_id": 6}]</rules>
  </verse>
  <verse>
    <verseIdArabic>٢٨</verseIdArabic>
    <verseId>28</verseId>
    <chapterId>48</chapterId>
    <textIndopak>هُوَ ٱلَّذِيٓ أَرۡسَلَ رَسُولَهُۥ بِٱلۡهُدَىٰ وَدِينِ ٱلۡحَقِّ لِيُظۡهِرَهُۥ عَلَى ٱلدِّينِ كُلِّهِۦۚ وَكَفَىٰ بِٱللَّهِ شَهِيدٗا</textIndopak>
    <translations>
      <translation>
        <author>King Fahad Quran Complex</author>
        <text>Dia-lah yang mengutus rasul-Nya dengan membawa petunjuk dan agama yang hak agar dimenangkan-Nya terhadap semua agama. Dan cukuplah Allah sebagai saksi.</text>
      </translation>
    </translations>
  </verse>
  <verse>
    <verseIdArabic>٢٩</verseIdArabic>
    <verseId>29</verseId>
    <chapterId>48</chapterId>
    <textIndopak>مُّحَمَّدٞ رَّسُولُ ٱللَّهِۚ وَٱلَّذِينَ مَعَهُۥٓ أَشِدَّآءُ عَلَى ٱلۡكُفَّارِ رُحَمَآءُ بَيۡنَهُمۡۖ تَرَىٰهُمۡ رُكَّعٗا سُجَّدٗا يَبۡتَغُونَ فَضۡلٗا مِّنَ ٱللَّهِ وَرِضۡوَٰنٗاۖ سِيمَاهُمۡ فِي وُجُوهِهِم مِّنۡ أَثَرِ ٱلسُّجُودِۚ ذَٰلِكَ مَثَلُهُمۡ فِي ٱلتَّوۡرَىٰةِۚ وَمَثَلُهُمۡ فِي ٱلۡإِنجِيلِ كَزَرۡعٍ أَخۡرَجَ شَطۡـَٔهُۥ فَـَٔازَرَهُۥ فَٱسۡتَغۡلَظَ فَٱسۡتَوَىٰ عَلَىٰ سُوقِهِۦ يُعۡجِبُ ٱلزُّرَّاعَ لِيَغِيظَ بِهِمُ ٱلۡكُفَّارَۗ وَعَدَ ٱللَّهُ ٱلَّذِينَ ءَامَنُواْ وَعَمِلُواْ ٱلصَّٰلِحَٰتِ مِنۡهُم مَّغۡفِرَةٗ وَأَجۡرًا عَظِيمَۢا</textIndopak>
    <translations>
      <translation>
        <author>King Fahad Quran Complex</author>
        <text>Muhammad itu adalah utusan Allah dan orang-orang yang bersama dengan dia adalah keras terhadap orang-orang kafir, tetapi berkasih sayang sesama mereka. Kamu lihat mereka rukuk dan sujud mencari karunia Allah dan keridaan-Nya, tanda-tanda mereka tampak pada muka mereka dari bekas sujud. Demikianlah sifat-sifat mereka dalam Taurat dan sifat-sifat mereka dalam Injil, yaitu seperti tanaman yang mengeluarkan tunasnya, maka tunas itu menjadikan tanaman itu kuat lalu menjadi besarlah dia dan tegak lurus di atas pokoknya; tanaman itu menyenangkan hati penanam-penanamnya karena Allah hendak menjengkelkan hati orang-orang kafir (dengan kekuatan orang-orang mukmin). Allah menjanjikan kepada orang-orang yang beriman dan mengerjakan amal yang saleh di antara mereka ampunan dan pahala yang besar.</text>
      </translation>
    </translations>
    <rules>[{"start": 0, "end": 3, "rule_id": 0}, {"start": 5, "end": 8, "rule_id": 0}, {"start": 154, "end": 157, "rule_id": 0}, {"start": 209, "end": 212, "rule_id": 0}, {"start": 510, "end": 513, "rule_id": 0}, {"start": 136, "end": 138, "rule_id": 1}, {"start": 323, "end": 325, "rule_id": 1}, {"start": 526, "end": 528, "rule_id": 1}, {"start": 130, "end": 136, "rule_id": 3}, {"start": 150, "end": 157, "rule_id": 3}, {"start": 519, "end": 524, "rule_id": 3}, {"start": 207, "end": 212, "rule_id": 4}, {"start": 508, "end": 513, "rule_id": 4}, {"start": 8, "end": 14, "rule_id": 5}, {"start": 296, "end": 299, "rule_id": 6}]</rules>
  </verse>
</verses>
