<?xml version="1.0" encoding="UTF-8"?>

<verses>
  <verse>
    <verseIdArabic>١</verseIdArabic>
    <verseId>1</verseId>
    <chapterId>49</chapterId>
    <textIndopak>يَٰٓأَيُّهَا ٱلَّذِينَ ءَامَنُواْ لَا تُقَدِّمُواْ بَيۡنَ يَدَيِ ٱللَّهِ وَرَسُولِهِۦۖ وَٱتَّقُواْ ٱللَّهَۚ إِنَّ ٱللَّهَ سَمِيعٌ عَلِيمٞ</textIndopak>
    <translations>
      <translation>
        <author>King Fahad Quran Complex</author>
        <text>Hai orang-orang yang beriman, janganlah kamu mendahului Allah dan rasulnya dan bertakwalah kepada Allah. Sesungguhnya Allah Maha Mendengar lagi Maha Mengetahui.</text>
      </translation>
    </translations>
    <rules>[{"start": 112, "end": 115, "rule_id": 0}]</rules>
  </verse>
  <verse>
    <verseIdArabic>٢</verseIdArabic>
    <verseId>2</verseId>
    <chapterId>49</chapterId>
    <textIndopak>يَٰٓأَيُّهَا ٱلَّذِينَ ءَامَنُواْ لَا تَرۡفَعُوٓاْ أَصۡوَٰتَكُمۡ فَوۡقَ صَوۡتِ ٱلنَّبِيِّ وَلَا تَجۡهَرُواْ لَهُۥ بِٱلۡقَوۡلِ كَجَهۡرِ بَعۡضِكُمۡ لِبَعۡضٍ أَن تَحۡبَطَ أَعۡمَٰلُكُمۡ وَأَنتُمۡ لَا تَشۡعُرُونَ</textIndopak>
    <translations>
      <translation>
        <author>King Fahad Quran Complex</author>
        <text>Hai orang-orang yang beriman, janganlah kamu meninggikan suaramu melebihi suara nabi, dan janganlah kamu berkata kepadanya dengan suara keras, sebagaimana kerasnya suara sebagian kamu terhadap sebagian yang lain, supaya tidak hapus (pahala) amalanmu sedangkan kamu tidak menyadari.</text>
      </translation>
    </translations>
    <rules>[{"start": 81, "end": 84, "rule_id": 0}, {"start": 98, "end": 100, "rule_id": 1}, {"start": 157, "end": 161, "rule_id": 6}, {"start": 186, "end": 189, "rule_id": 6}]</rules>
  </verse>
  <verse>
    <verseIdArabic>٣</verseIdArabic>
    <verseId>3</verseId>
    <chapterId>49</chapterId>
    <textIndopak>إِنَّ ٱلَّذِينَ يَغُضُّونَ أَصۡوَٰتَهُمۡ عِندَ رَسُولِ ٱللَّهِ أُوْلَٰٓئِكَ ٱلَّذِينَ ٱمۡتَحَنَ ٱللَّهُ قُلُوبَهُمۡ لِلتَّقۡوَىٰۚ لَهُم مَّغۡفِرَةٞ وَأَجۡرٌ عَظِيمٌ</textIndopak>
    <translations>
      <translation>
        <author>King Fahad Quran Complex</author>
        <text>Sesungguhnya orang yang merendahkan suaranya di sisi Rasulullah, mereka itulah orang-orang yang telah diuji hati mereka oleh Allah untuk bertakwa. Bagi mereka ampunan dan pahala yang besar.</text>
      </translation>
    </translations>
    <rules>[{"start": 2, "end": 5, "rule_id": 0}, {"start": 137, "end": 140, "rule_id": 0}, {"start": 122, "end": 124, "rule_id": 1}, {"start": 153, "end": 155, "rule_id": 1}, {"start": 146, "end": 151, "rule_id": 3}, {"start": 135, "end": 140, "rule_id": 4}, {"start": 43, "end": 46, "rule_id": 6}]</rules>
  </verse>
  <verse>
    <verseIdArabic>٤</verseIdArabic>
    <verseId>4</verseId>
    <chapterId>49</chapterId>
    <textIndopak>إِنَّ ٱلَّذِينَ يُنَادُونَكَ مِن وَرَآءِ ٱلۡحُجُرَٰتِ أَكۡثَرُهُمۡ لَا يَعۡقِلُونَ</textIndopak>
    <translations>
      <translation>
        <author>King Fahad Quran Complex</author>
        <text>Sesungguhnya orang-orang yang memanggil kamu dari luar kamar(mu) kebanyakan mereka tidak mengerti.</text>
      </translation>
    </translations>
    <rules>[{"start": 2, "end": 5, "rule_id": 0}, {"start": 31, "end": 35, "rule_id": 3}]</rules>
  </verse>
  <verse>
    <verseIdArabic>٥</verseIdArabic>
    <verseId>5</verseId>
    <chapterId>49</chapterId>
    <textIndopak>وَلَوۡ أَنَّهُمۡ صَبَرُواْ حَتَّىٰ تَخۡرُجَ إِلَيۡهِمۡ لَكَانَ خَيۡرٗا لَّهُمۡۚ وَٱللَّهُ غَفُورٞ رَّحِيمٞ</textIndopak>
    <translations>
      <translation>
        <author>King Fahad Quran Complex</author>
        <text>Dan kalau sekiranya mereka bersabar sampai kamu keluar menemui mereka, sesungguhnya itu lebih baik bagi mereka, dan Allah Maha Pengampun lagi Maha Penyayang.</text>
      </translation>
    </translations>
    <rules>[{"start": 9, "end": 12, "rule_id": 0}, {"start": 67, "end": 74, "rule_id": 5}, {"start": 96, "end": 102, "rule_id": 5}]</rules>
  </verse>
  <verse>
    <verseIdArabic>٦</verseIdArabic>
    <verseId>6</verseId>
    <chapterId>49</chapterId>
    <textIndopak>يَٰٓأَيُّهَا ٱلَّذِينَ ءَامَنُوٓاْ إِن جَآءَكُمۡ فَاسِقُۢ بِنَبَإٖ فَتَبَيَّنُوٓاْ أَن تُصِيبُواْ قَوۡمَۢا بِجَهَٰلَةٖ فَتُصۡبِحُواْ عَلَىٰ مَا فَعَلۡتُمۡ نَٰدِمِينَ</textIndopak>
    <translations>
      <translation>
        <author>King Fahad Quran Complex</author>
        <text>Hai orang-orang yang beriman, jika datang kepadamu orang fasik membawa suatu berita, maka periksalah dengan teliti, agar kamu tidak menimpakan suatu musibah kepada suatu kaum tanpa mengetahui keadaannya yang menyebabkan kamu menyesal atas perbuatanmu itu.</text>
      </translation>
    </translations>
    <rules>[{"start": 55, "end": 61, "rule_id": 2}, {"start": 37, "end": 41, "rule_id": 6}, {"start": 86, "end": 90, "rule_id": 6}, {"start": 65, "end": 70, "rule_id": 6}, {"start": 117, "end": 122, "rule_id": 6}]</rules>
  </verse>
  <verse>
    <verseIdArabic>٧</verseIdArabic>
    <verseId>7</verseId>
    <chapterId>49</chapterId>
    <textIndopak>وَٱعۡلَمُوٓاْ أَنَّ فِيكُمۡ رَسُولَ ٱللَّهِۚ لَوۡ يُطِيعُكُمۡ فِي كَثِيرٖ مِّنَ ٱلۡأَمۡرِ لَعَنِتُّمۡ وَلَٰكِنَّ ٱللَّهَ حَبَّبَ إِلَيۡكُمُ ٱلۡإِيمَٰنَ وَزَيَّنَهُۥ فِي قُلُوبِكُمۡ وَكَرَّهَ إِلَيۡكُمُ ٱلۡكُفۡرَ وَٱلۡفُسُوقَ وَٱلۡعِصۡيَانَۚ أُوْلَٰٓئِكَ هُمُ ٱلرَّٰشِدُونَ</textIndopak>
    <translations>
      <translation>
        <author>King Fahad Quran Complex</author>
        <text>Dan ketahuilah olehmu bahwa di kalanganmu ada Rasulullah. Kalau ia menuruti (kemauan) kamu dalam beberapa urusan, benar-benarlah kamu mendapat kesusahan, tetapi Allah menjadikan kamu cinta kepada keimanan dan menjadikan iman itu indah di dalam hatimu serta menjadikan kamu benci kepada kekafiran, kefasikan, dan kedurhakaan. Mereka itulah orang-orang yang mengikuti jalan yang lurus,</text>
      </translation>
    </translations>
    <rules>[{"start": 16, "end": 19, "rule_id": 0}, {"start": 75, "end": 78, "rule_id": 0}, {"start": 110, "end": 113, "rule_id": 0}, {"start": 72, "end": 78, "rule_id": 3}]</rules>
  </verse>
  <verse>
    <verseIdArabic>٨</verseIdArabic>
    <verseId>8</verseId>
    <chapterId>49</chapterId>
    <textIndopak>فَضۡلٗا مِّنَ ٱللَّهِ وَنِعۡمَةٗۚ وَٱللَّهُ عَلِيمٌ حَكِيمٞ</textIndopak>
    <translations>
      <translation>
        <author>King Fahad Quran Complex</author>
        <text>sebagai karunia dan nikmat dari Allah. Dan Allah Maha Mengetahui lagi Maha Bijaksana.</text>
      </translation>
    </translations>
    <rules>[{"start": 8, "end": 11, "rule_id": 0}, {"start": 4, "end": 11, "rule_id": 3}]</rules>
  </verse>
  <verse>
    <verseIdArabic>٩</verseIdArabic>
    <verseId>9</verseId>
    <chapterId>49</chapterId>
    <textIndopak>وَإِن طَآئِفَتَانِ مِنَ ٱلۡمُؤۡمِنِينَ ٱقۡتَتَلُواْ فَأَصۡلِحُواْ بَيۡنَهُمَاۖ فَإِنۢ بَغَتۡ إِحۡدَىٰهُمَا عَلَى ٱلۡأُخۡرَىٰ فَقَٰتِلُواْ ٱلَّتِي تَبۡغِي حَتَّىٰ تَفِيٓءَ إِلَىٰٓ أَمۡرِ ٱللَّهِۚ فَإِن فَآءَتۡ فَأَصۡلِحُواْ بَيۡنَهُمَا بِٱلۡعَدۡلِ وَأَقۡسِطُوٓاْۖ إِنَّ ٱللَّهَ يُحِبُّ ٱلۡمُقۡسِطِينَ</textIndopak>
    <translations>
      <translation>
        <author>King Fahad Quran Complex</author>
        <text>Dan jika ada dua golongan dari orang-orang mukmin berperang maka damaikanlah antara keduanya. Jika salah satu dari kedua golongan itu berbuat aniaya terhadap golongan yang lain, maka perangilah golongan yang berbuat aniaya itu sehingga golongan itu kembali kepada perintah Allah; jika golongan itu telah kembali (kepada perintah Allah), maka damaikanlah antara keduanya dengan adil dan berlaku adillah. Sesungguhnya Allah menyukai orang-orang yang berlaku adil.</text>
      </translation>
    </translations>
    <rules>[{"start": 270, "end": 273, "rule_id": 0}, {"start": 41, "end": 43, "rule_id": 1}, {"start": 150, "end": 152, "rule_id": 1}, {"start": 246, "end": 248, "rule_id": 1}, {"start": 255, "end": 257, "rule_id": 1}, {"start": 295, "end": 297, "rule_id": 1}, {"start": 85, "end": 90, "rule_id": 2}, {"start": 4, "end": 8, "rule_id": 6}, {"start": 202, "end": 206, "rule_id": 6}]</rules>
  </verse>
  <verse>
    <verseIdArabic>١٠</verseIdArabic>
    <verseId>10</verseId>
    <chapterId>49</chapterId>
    <textIndopak>إِنَّمَا ٱلۡمُؤۡمِنُونَ إِخۡوَةٞ فَأَصۡلِحُواْ بَيۡنَ أَخَوَيۡكُمۡۚ وَٱتَّقُواْ ٱللَّهَ لَعَلَّكُمۡ تُرۡحَمُونَ</textIndopak>
    <translations>
      <translation>
        <author>King Fahad Quran Complex</author>
        <text>Sesungguhnya orang-orang mukmin adalah bersaudara karena itu damaikanlah antara kedua saudaramu dan bertakwalah kepada Allah supaya kamu mendapat rahmat.</text>
      </translation>
    </translations>
    <rules>[{"start": 2, "end": 5, "rule_id": 0}, {"start": 30, "end": 35, "rule_id": 6}]</rules>
  </verse>
  <verse>
    <verseIdArabic>١١</verseIdArabic>
    <verseId>11</verseId>
    <chapterId>49</chapterId>
    <textIndopak>يَٰٓأَيُّهَا ٱلَّذِينَ ءَامَنُواْ لَا يَسۡخَرۡ قَوۡمٞ مِّن قَوۡمٍ عَسَىٰٓ أَن يَكُونُواْ خَيۡرٗا مِّنۡهُمۡ وَلَا نِسَآءٞ مِّن نِّسَآءٍ عَسَىٰٓ أَن يَكُنَّ خَيۡرٗا مِّنۡهُنَّۖ وَلَا تَلۡمِزُوٓاْ أَنفُسَكُمۡ وَلَا تَنَابَزُواْ بِٱلۡأَلۡقَٰبِۖ بِئۡسَ ٱلِٱسۡمُ ٱلۡفُسُوقُ بَعۡدَ ٱلۡإِيمَٰنِۚ وَمَن لَّمۡ يَتُبۡ فَأُوْلَٰٓئِكَ هُمُ ٱلظَّٰلِمُونَ</textIndopak>
    <translations>
      <translation>
        <author>King Fahad Quran Complex</author>
        <text>Hai orang-orang yang beriman, janganlah suatu kaum mengolok-olokkan kaum yang lain (karena) boleh jadi mereka (yang diolok-olokkan) lebih dari mereka (yang mengolok-olokkan), dan jangan pula wanita-wanita (mengolok-olokkan) wanita-wanita lain (karena) boleh jadi wanita-wanita (yang diperolok-olokkan) lebih baik dari wanita (yang mengolok-olokkan), dan janganlah kamu mencela dirimu sendiri, dan janganlah kamu panggil memanggil dengan gelar-gelar yang buruk. Seburuk-buruk panggilan ialah (panggilan) yang buruk sesudah iman, dan barang siapa yang tidak bertobat, maka mereka itulah orang-orang yang zalim.</text>
      </translation>
    </translations>
    <rules>[{"start": 54, "end": 57, "rule_id": 0}, {"start": 97, "end": 100, "rule_id": 0}, {"start": 122, "end": 125, "rule_id": 0}, {"start": 127, "end": 130, "rule_id": 0}, {"start": 153, "end": 156, "rule_id": 0}, {"start": 165, "end": 168, "rule_id": 0}, {"start": 172, "end": 175, "rule_id": 0}, {"start": 309, "end": 311, "rule_id": 1}, {"start": 76, "end": 80, "rule_id": 3}, {"start": 125, "end": 130, "rule_id": 3}, {"start": 147, "end": 151, "rule_id": 3}, {"start": 51, "end": 57, "rule_id": 3}, {"start": 93, "end": 100, "rule_id": 3}, {"start": 119, "end": 125, "rule_id": 3}, {"start": 161, "end": 168, "rule_id": 3}, {"start": 297, "end": 302, "rule_id": 5}, {"start": 57, "end": 61, "rule_id": 6}, {"start": 199, "end": 202, "rule_id": 6}]</rules>
  </verse>
  <verse>
    <verseIdArabic>١٢</verseIdArabic>
    <verseId>12</verseId>
    <chapterId>49</chapterId>
    <textIndopak>يَٰٓأَيُّهَا ٱلَّذِينَ ءَامَنُواْ ٱجۡتَنِبُواْ كَثِيرٗا مِّنَ ٱلظَّنِّ إِنَّ بَعۡضَ ٱلظَّنِّ إِثۡمٞۖ وَلَا تَجَسَّسُواْ وَلَا يَغۡتَب بَّعۡضُكُم بَعۡضًاۚ أَيُحِبُّ أَحَدُكُمۡ أَن يَأۡكُلَ لَحۡمَ أَخِيهِ مَيۡتٗا فَكَرِهۡتُمُوهُۚ وَٱتَّقُواْ ٱللَّهَۚ إِنَّ ٱللَّهَ تَوَّابٞ رَّحِيمٞ</textIndopak>
    <translations>
      <translation>
        <author>King Fahad Quran Complex</author>
        <text>Hai orang-orang yang beriman, jauhilah kebanyakan dari prasangka, sesungguhnya sebagian dari prasangka itu adalah dosa dan janganlah kamu mencari-cari kesalahan orang dan janganlah sebagian kamu menggunjing sebagian yang lain. Sukakah salah seorang diantara kamu memakan daging saudaranya yang sudah mati? Maka tentulah kamu merasa jijik kepadanya. Dan bertakwalah kepada Allah. Sesungguhnya Allah Maha Penerima Tobat lagi Maha Penyayang.</text>
      </translation>
    </translations>
    <rules>[{"start": 56, "end": 59, "rule_id": 0}, {"start": 67, "end": 70, "rule_id": 0}, {"start": 73, "end": 76, "rule_id": 0}, {"start": 89, "end": 92, "rule_id": 0}, {"start": 255, "end": 258, "rule_id": 0}, {"start": 35, "end": 37, "rule_id": 1}, {"start": 179, "end": 183, "rule_id": 3}, {"start": 52, "end": 59, "rule_id": 3}, {"start": 97, "end": 104, "rule_id": 3}, {"start": 273, "end": 279, "rule_id": 5}, {"start": 144, "end": 148, "rule_id": 7}]</rules>
  </verse>
  <verse>
    <verseIdArabic>١٣</verseIdArabic>
    <verseId>13</verseId>
    <chapterId>49</chapterId>
    <textIndopak>يَٰٓأَيُّهَا ٱلنَّاسُ إِنَّا خَلَقۡنَٰكُم مِّن ذَكَرٖ وَأُنثَىٰ وَجَعَلۡنَٰكُمۡ شُعُوبٗا وَقَبَآئِلَ لِتَعَارَفُوٓاْۚ إِنَّ أَكۡرَمَكُمۡ عِندَ ٱللَّهِ أَتۡقَىٰكُمۡۚ إِنَّ ٱللَّهَ عَلِيمٌ خَبِيرٞ</textIndopak>
    <translations>
      <translation>
        <author>King Fahad Quran Complex</author>
        <text>Hai manusia, sesungguhnya Kami menciptakan kamu dari seorang laki-laki dan seorang perempuan dan menjadikan kamu berbangsa-bangsa dan bersuku-suku supaya kamu saling kenal-mengenal. Sesungguhnya orang yang paling mulia di antara kamu di sisi Allah ialah orang yang paling takwa di antara kamu. Sesungguhnya Allah Maha Mengetahui lagi Maha Mengenal.</text>
      </translation>
    </translations>
    <rules>[{"start": 15, "end": 18, "rule_id": 0}, {"start": 24, "end": 27, "rule_id": 0}, {"start": 42, "end": 45, "rule_id": 0}, {"start": 122, "end": 125, "rule_id": 0}, {"start": 170, "end": 173, "rule_id": 0}, {"start": 33, "end": 35, "rule_id": 1}, {"start": 51, "end": 56, "rule_id": 3}, {"start": 85, "end": 91, "rule_id": 3}, {"start": 40, "end": 45, "rule_id": 4}, {"start": 45, "end": 49, "rule_id": 6}, {"start": 58, "end": 61, "rule_id": 6}, {"start": 141, "end": 144, "rule_id": 6}]</rules>
  </verse>
  <verse>
    <verseIdArabic>١٤</verseIdArabic>
    <verseId>14</verseId>
    <chapterId>49</chapterId>
    <textIndopak>۞ قَالَتِ ٱلۡأَعۡرَابُ ءَامَنَّاۖ قُل لَّمۡ تُؤۡمِنُواْ وَلَٰكِن قُولُوٓاْ أَسۡلَمۡنَا وَلَمَّا يَدۡخُلِ ٱلۡإِيمَٰنُ فِي قُلُوبِكُمۡۖ وَإِن تُطِيعُواْ ٱللَّهَ وَرَسُولَهُۥ لَا يَلِتۡكُم مِّنۡ أَعۡمَٰلِكُمۡ شَيۡـًٔاۚ إِنَّ ٱللَّهَ غَفُورٞ رَّحِيمٌ</textIndopak>
    <translations>
      <translation>
        <author>King Fahad Quran Complex</author>
        <text>Orang-orang Arab Badui itu berkata, "Kami telah beriman". Katakanlah (kepada mereka), "Kamu belum beriman, tetapi katakanlah, `Kami telah tunduk`, karena iman itu belum masuk ke dalam hatimu, dan jika kamu taat kepada Allah dan rasul-Nya, Dia tiada akan mengurangi sedikit pun (pahala) amalanmu; sesungguhnya Allah Maha Pengampun lagi Maha Penyayang".</text>
      </translation>
    </translations>
    <rules>[{"start": 28, "end": 31, "rule_id": 0}, {"start": 92, "end": 95, "rule_id": 0}, {"start": 188, "end": 191, "rule_id": 0}, {"start": 221, "end": 224, "rule_id": 0}, {"start": 99, "end": 101, "rule_id": 1}, {"start": 186, "end": 191, "rule_id": 4}, {"start": 238, "end": 244, "rule_id": 5}, {"start": 64, "end": 68, "rule_id": 6}, {"start": 140, "end": 144, "rule_id": 6}]</rules>
  </verse>
  <verse>
    <verseIdArabic>١٥</verseIdArabic>
    <verseId>15</verseId>
    <chapterId>49</chapterId>
    <textIndopak>إِنَّمَا ٱلۡمُؤۡمِنُونَ ٱلَّذِينَ ءَامَنُواْ بِٱللَّهِ وَرَسُولِهِۦ ثُمَّ لَمۡ يَرۡتَابُواْ وَجَٰهَدُواْ بِأَمۡوَٰلِهِمۡ وَأَنفُسِهِمۡ فِي سَبِيلِ ٱللَّهِۚ أُوْلَٰٓئِكَ هُمُ ٱلصَّٰدِقُونَ</textIndopak>
    <translations>
      <translation>
        <author>King Fahad Quran Complex</author>
        <text>Sesungguhnya orang-orang yang beriman itu hanyalah orang-orang beriman kepada Allah dan rasul-Nya kemudian mereka tidak ragu-ragu dan mereka berjihad dengan harta dan jiwa mereka pada jalan Allah. Mereka itulah orang-orang yang benar.</text>
      </translation>
    </translations>
    <rules>[{"start": 2, "end": 5, "rule_id": 0}, {"start": 70, "end": 73, "rule_id": 0}, {"start": 125, "end": 128, "rule_id": 6}]</rules>
  </verse>
  <verse>
    <verseIdArabic>١٦</verseIdArabic>
    <verseId>16</verseId>
    <chapterId>49</chapterId>
    <textIndopak>قُلۡ أَتُعَلِّمُونَ ٱللَّهَ بِدِينِكُمۡ وَٱللَّهُ يَعۡلَمُ مَا فِي ٱلسَّمَٰوَٰتِ وَمَا فِي ٱلۡأَرۡضِۚ وَٱللَّهُ بِكُلِّ شَيۡءٍ عَلِيمٞ</textIndopak>
    <translations>
      <translation>
        <author>King Fahad Quran Complex</author>
        <text>Katakanlah (kepada mereka), "Apakah kamu akan memberitahukan kepada Allah tentang agamamu (keyakinanmu), padahal Allah mengetahui apa yang di langit dan apa yang di bumi dan Allah Maha Mengetahui segala sesuatu."</text>
      </translation>
    </translations>
  </verse>
  <verse>
    <verseIdArabic>١٧</verseIdArabic>
    <verseId>17</verseId>
    <chapterId>49</chapterId>
    <textIndopak>يَمُنُّونَ عَلَيۡكَ أَنۡ أَسۡلَمُواْۖ قُل لَّا تَمُنُّواْ عَلَيَّ إِسۡلَٰمَكُمۖ بَلِ ٱللَّهُ يَمُنُّ عَلَيۡكُمۡ أَنۡ هَدَىٰكُمۡ لِلۡإِيمَٰنِ إِن كُنتُمۡ صَٰدِقِينَ</textIndopak>
    <translations>
      <translation>
        <author>King Fahad Quran Complex</author>
        <text>Mereka merasa telah memberi nikmat kepadamu dengan keislaman mereka. Katakanlah, "Janganlah kamu merasa telah memberi nikmat kepadaku dengan keislamanmu, sebenarnya Allah Dia-lah yang melimpahkan nikmat kepadamu dengan menunjuki kamu kepada keimanan jika kamu adalah orang-orang yang benar".</text>
      </translation>
    </translations>
    <rules>[{"start": 4, "end": 7, "rule_id": 0}, {"start": 52, "end": 55, "rule_id": 0}, {"start": 99, "end": 102, "rule_id": 0}, {"start": 145, "end": 149, "rule_id": 6}, {"start": 149, "end": 152, "rule_id": 6}]</rules>
  </verse>
  <verse>
    <verseIdArabic>١٨</verseIdArabic>
    <verseId>18</verseId>
    <chapterId>49</chapterId>
    <textIndopak>إِنَّ ٱللَّهَ يَعۡلَمُ غَيۡبَ ٱلسَّمَٰوَٰتِ وَٱلۡأَرۡضِۚ وَٱللَّهُ بَصِيرُۢ بِمَا تَعۡمَلُونَ</textIndopak>
    <translations>
      <translation>
        <author>King Fahad Quran Complex</author>
        <text>Sesungguhnya Allah mengetahui apa yang gaib di langit dan bumi. Dan Allah Maha Melihat apa yang kamu kerjakan.</text>
      </translation>
    </translations>
    <rules>[{"start": 2, "end": 5, "rule_id": 0}, {"start": 73, "end": 79, "rule_id": 2}]</rules>
  </verse>
</verses>
