<?xml version="1.0" encoding="UTF-8"?>

<verses>
  <verse>
    <verseIdArabic>١</verseIdArabic>
    <verseId>1</verseId>
    <chapterId>50</chapterId>
    <textIndopak>قٓۚ وَٱلۡقُرۡءَانِ ٱلۡمَجِيدِ</textIndopak>
    <translations>
      <translation>
        <author>King Fahad Quran Complex</author>
        <text>Qāf. Demi Al-Qur`ān yang sangat mulia.</text>
      </translation>
    </translations>
    <rules>[{"start": 28, "end": 30, "rule_id": 1}]</rules>
  </verse>
  <verse>
    <verseIdArabic>٢</verseIdArabic>
    <verseId>2</verseId>
    <chapterId>50</chapterId>
    <textIndopak>بَلۡ عَجِبُوٓاْ أَن جَآءَهُم مُّنذِرٞ مِّنۡهُمۡ فَقَالَ ٱلۡكَٰفِرُونَ هَٰذَا شَيۡءٌ عَجِيبٌ</textIndopak>
    <translations>
      <translation>
        <author>King Fahad Quran Complex</author>
        <text>(Mereka tidak menerimanya) bahkan mereka tercengang karena telah datang kepada mereka seorang pemberi peringatan dari (kalangan) mereka sendiri, maka berkatalah orang-orang kafir, "Ini adalah suatu yang amat ajaib".</text>
      </translation>
    </translations>
    <rules>[{"start": 30, "end": 33, "rule_id": 0}, {"start": 39, "end": 42, "rule_id": 0}, {"start": 90, "end": 92, "rule_id": 1}, {"start": 36, "end": 42, "rule_id": 3}, {"start": 28, "end": 33, "rule_id": 4}, {"start": 18, "end": 22, "rule_id": 6}, {"start": 33, "end": 36, "rule_id": 6}]</rules>
  </verse>
  <verse>
    <verseIdArabic>٣</verseIdArabic>
    <verseId>3</verseId>
    <chapterId>50</chapterId>
    <textIndopak>أَءِذَا مِتۡنَا وَكُنَّا تُرَابٗاۖ ذَٰلِكَ رَجۡعُۢ بَعِيدٞ</textIndopak>
    <translations>
      <translation>
        <author>King Fahad Quran Complex</author>
        <text>Apakah kami setelah mati dan setelah menjadi tanah (kami akan kembali lagi)? Itu adalah suatu pengembalian yang tidak mungkin.</text>
      </translation>
    </translations>
    <rules>[{"start": 20, "end": 23, "rule_id": 0}, {"start": 46, "end": 48, "rule_id": 1}, {"start": 57, "end": 59, "rule_id": 1}, {"start": 48, "end": 54, "rule_id": 2}]</rules>
  </verse>
  <verse>
    <verseIdArabic>٤</verseIdArabic>
    <verseId>4</verseId>
    <chapterId>50</chapterId>
    <textIndopak>قَدۡ عَلِمۡنَا مَا تَنقُصُ ٱلۡأَرۡضُ مِنۡهُمۡۖ وَعِندَنَا كِتَٰبٌ حَفِيظُۢ</textIndopak>
    <translations>
      <translation>
        <author>King Fahad Quran Complex</author>
        <text>Sesungguhnya Kami telah mengetahui apa yang dihancurkan oleh bumi dari (tubuh-tubuh) mereka, dan pada sisi Kami pun ada kitab yang memelihara (mencatat).</text>
      </translation>
    </translations>
    <rules>[{"start": 2, "end": 4, "rule_id": 1}, {"start": 21, "end": 24, "rule_id": 6}, {"start": 52, "end": 55, "rule_id": 6}]</rules>
  </verse>
  <verse>
    <verseIdArabic>٥</verseIdArabic>
    <verseId>5</verseId>
    <chapterId>50</chapterId>
    <textIndopak>بَلۡ كَذَّبُواْ بِٱلۡحَقِّ لَمَّا جَآءَهُمۡ فَهُمۡ فِيٓ أَمۡرٖ مَّرِيجٍ</textIndopak>
    <translations>
      <translation>
        <author>King Fahad Quran Complex</author>
        <text>Sebenarnya, mereka telah mendustakan kebenaran tatkala kebenaran itu datang kepada mereka, maka mereka berada dalam keadaan kacau balau.</text>
      </translation>
    </translations>
    <rules>[{"start": 29, "end": 32, "rule_id": 0}, {"start": 64, "end": 67, "rule_id": 0}, {"start": 70, "end": 72, "rule_id": 1}, {"start": 61, "end": 67, "rule_id": 3}]</rules>
  </verse>
  <verse>
    <verseIdArabic>٦</verseIdArabic>
    <verseId>6</verseId>
    <chapterId>50</chapterId>
    <textIndopak>أَفَلَمۡ يَنظُرُوٓاْ إِلَى ٱلسَّمَآءِ فَوۡقَهُمۡ كَيۡفَ بَنَيۡنَٰهَا وَزَيَّنَّٰهَا وَمَا لَهَا مِن فُرُوجٖ</textIndopak>
    <translations>
      <translation>
        <author>King Fahad Quran Complex</author>
        <text>Maka apakah mereka tidak melihat akan langit yang ada di atas mereka, bagaimana Kami meninggikannya, dan menghiasinya, dan langit itu tidak mempunyai retak-retak sedikit pun?</text>
      </translation>
    </translations>
    <rules>[{"start": 77, "end": 81, "rule_id": 0}, {"start": 106, "end": 108, "rule_id": 1}, {"start": 11, "end": 14, "rule_id": 6}, {"start": 99, "end": 103, "rule_id": 6}]</rules>
  </verse>
  <verse>
    <verseIdArabic>٧</verseIdArabic>
    <verseId>7</verseId>
    <chapterId>50</chapterId>
    <textIndopak>وَٱلۡأَرۡضَ مَدَدۡنَٰهَا وَأَلۡقَيۡنَا فِيهَا رَوَٰسِيَ وَأَنۢبَتۡنَا فِيهَا مِن كُلِّ زَوۡجِۭ بَهِيجٖ</textIndopak>
    <translations>
      <translation>
        <author>King Fahad Quran Complex</author>
        <text>Dan Kami hamparkan bumi itu, dan Kami letakkan padanya gunung-gunung yang kokoh, dan Kami tumbuhkan padanya segala macam tanaman yang indah dipandang mata,</text>
      </translation>
    </translations>
    <rules>[{"start": 16, "end": 18, "rule_id": 1}, {"start": 100, "end": 102, "rule_id": 1}, {"start": 60, "end": 64, "rule_id": 2}, {"start": 91, "end": 97, "rule_id": 2}, {"start": 79, "end": 83, "rule_id": 6}]</rules>
  </verse>
  <verse>
    <verseIdArabic>٨</verseIdArabic>
    <verseId>8</verseId>
    <chapterId>50</chapterId>
    <textIndopak>تَبۡصِرَةٗ وَذِكۡرَىٰ لِكُلِّ عَبۡدٖ مُّنِيبٖ</textIndopak>
    <translations>
      <translation>
        <author>King Fahad Quran Complex</author>
        <text>untuk menjadi pelajaran dan peringatan bagi tiap-tiap hamba yang kembali (mengingat Allah).</text>
      </translation>
    </translations>
    <rules>[{"start": 37, "end": 40, "rule_id": 0}, {"start": 2, "end": 4, "rule_id": 1}, {"start": 32, "end": 34, "rule_id": 1}, {"start": 43, "end": 45, "rule_id": 1}, {"start": 8, "end": 13, "rule_id": 3}, {"start": 34, "end": 40, "rule_id": 3}]</rules>
  </verse>
  <verse>
    <verseIdArabic>٩</verseIdArabic>
    <verseId>9</verseId>
    <chapterId>50</chapterId>
    <textIndopak>وَنَزَّلۡنَا مِنَ ٱلسَّمَآءِ مَآءٗ مُّبَٰرَكٗا فَأَنۢبَتۡنَا بِهِۦ جَنَّٰتٖ وَحَبَّ ٱلۡحَصِيدِ</textIndopak>
    <translations>
      <translation>
        <author>King Fahad Quran Complex</author>
        <text>Dan Kami turunkan dari langit air yang banyak manfaatnya lalu Kami tumbuhkan dengan air itu pohon-pohon dan biji-biji tanaman yang diketam,</text>
      </translation>
    </translations>
    <rules>[{"start": 37, "end": 40, "rule_id": 0}, {"start": 71, "end": 75, "rule_id": 0}, {"start": 94, "end": 96, "rule_id": 1}, {"start": 53, "end": 57, "rule_id": 2}, {"start": 34, "end": 40, "rule_id": 3}, {"start": 75, "end": 80, "rule_id": 3}]</rules>
  </verse>
  <verse>
    <verseIdArabic>١٠</verseIdArabic>
    <verseId>10</verseId>
    <chapterId>50</chapterId>
    <textIndopak>وَٱلنَّخۡلَ بَاسِقَٰتٖ لَّهَا طَلۡعٞ نَّضِيدٞ</textIndopak>
    <translations>
      <translation>
        <author>King Fahad Quran Complex</author>
        <text>dan pohon kurma yang tinggi-tinggi yang mempunyai mayang yang bersusun-susun,</text>
      </translation>
    </translations>
    <rules>[{"start": 4, "end": 7, "rule_id": 0}, {"start": 37, "end": 40, "rule_id": 0}, {"start": 43, "end": 45, "rule_id": 1}, {"start": 34, "end": 40, "rule_id": 3}, {"start": 20, "end": 26, "rule_id": 5}]</rules>
  </verse>
  <verse>
    <verseIdArabic>١١</verseIdArabic>
    <verseId>11</verseId>
    <chapterId>50</chapterId>
    <textIndopak>رِّزۡقٗا لِّلۡعِبَادِۖ وَأَحۡيَيۡنَا بِهِۦ بَلۡدَةٗ مَّيۡتٗاۚ كَذَٰلِكَ ٱلۡخُرُوجُ</textIndopak>
    <translations>
      <translation>
        <author>King Fahad Quran Complex</author>
        <text>untuk menjadi rezeki bagi hamba-hamba (Kami), dan Kami hidupkan dengan air itu tanah yang mati (kering). Seperti itulah terjadinya kebangkitan.</text>
      </translation>
    </translations>
    <rules>[{"start": 53, "end": 56, "rule_id": 0}, {"start": 82, "end": 84, "rule_id": 1}, {"start": 50, "end": 56, "rule_id": 3}, {"start": 5, "end": 12, "rule_id": 5}]</rules>
  </verse>
  <verse>
    <verseIdArabic>١٢</verseIdArabic>
    <verseId>12</verseId>
    <chapterId>50</chapterId>
    <textIndopak>كَذَّبَتۡ قَبۡلَهُمۡ قَوۡمُ نُوحٖ وَأَصۡحَٰبُ ٱلرَّسِّ وَثَمُودُ</textIndopak>
    <translations>
      <translation>
        <author>King Fahad Quran Complex</author>
        <text>Sebelum mereka telah mendustakan (pula) kaum Nūḥ, dan penduduk Rass, dan Ṡamūd,</text>
      </translation>
    </translations>
    <rules>[{"start": 12, "end": 14, "rule_id": 1}, {"start": 62, "end": 64, "rule_id": 1}, {"start": 31, "end": 36, "rule_id": 3}]</rules>
  </verse>
  <verse>
    <verseIdArabic>١٣</verseIdArabic>
    <verseId>13</verseId>
    <chapterId>50</chapterId>
    <textIndopak>وَعَادٞ وَفِرۡعَوۡنُ وَإِخۡوَٰنُ لُوطٖ</textIndopak>
    <translations>
      <translation>
        <author>King Fahad Quran Complex</author>
        <text>dan kaum ʻĀd, kaum Firʻawn , dan kaum Lūṭ,</text>
      </translation>
    </translations>
    <rules>[{"start": 36, "end": 38, "rule_id": 1}, {"start": 5, "end": 10, "rule_id": 3}]</rules>
  </verse>
  <verse>
    <verseIdArabic>١٤</verseIdArabic>
    <verseId>14</verseId>
    <chapterId>50</chapterId>
    <textIndopak>وَأَصۡحَٰبُ ٱلۡأَيۡكَةِ وَقَوۡمُ تُبَّعٖۚ كُلّٞ كَذَّبَ ٱلرُّسُلَ فَحَقَّ وَعِيدِ</textIndopak>
    <translations>
      <translation>
        <author>King Fahad Quran Complex</author>
        <text>dan penduduk Al-Aykah serta kaum Tubbaʻ, semuanya telah mendustakan rasul-rasul maka sudah semestinyalah mereka mendapat hukuman yang sudah diancamkan.</text>
      </translation>
    </translations>
    <rules>[{"start": 80, "end": 82, "rule_id": 1}, {"start": 45, "end": 51, "rule_id": 6}]</rules>
  </verse>
  <verse>
    <verseIdArabic>١٥</verseIdArabic>
    <verseId>15</verseId>
    <chapterId>50</chapterId>
    <textIndopak>أَفَعَيِينَا بِٱلۡخَلۡقِ ٱلۡأَوَّلِۚ بَلۡ هُمۡ فِي لَبۡسٖ مِّنۡ خَلۡقٖ جَدِيدٖ</textIndopak>
    <translations>
      <translation>
        <author>King Fahad Quran Complex</author>
        <text>Maka apakah Kami letih dengan penciptaan yang pertama? Sebenarnya mereka dalam keadaan ragu-ragu tentang penciptaan yang baru.</text>
      </translation>
    </translations>
    <rules>[{"start": 59, "end": 62, "rule_id": 0}, {"start": 54, "end": 56, "rule_id": 1}, {"start": 77, "end": 79, "rule_id": 1}, {"start": 56, "end": 62, "rule_id": 3}, {"start": 69, "end": 74, "rule_id": 6}]</rules>
  </verse>
  <verse>
    <verseIdArabic>١٦</verseIdArabic>
    <verseId>16</verseId>
    <chapterId>50</chapterId>
    <textIndopak>وَلَقَدۡ خَلَقۡنَا ٱلۡإِنسَٰنَ وَنَعۡلَمُ مَا تُوَسۡوِسُ بِهِۦ نَفۡسُهُۥۖ وَنَحۡنُ أَقۡرَبُ إِلَيۡهِ مِنۡ حَبۡلِ ٱلۡوَرِيدِ</textIndopak>
    <translations>
      <translation>
        <author>King Fahad Quran Complex</author>
        <text>Dan sesungguhnya Kami telah menciptakan manusia dan mengetahui apa yang dibisikkan oleh hatinya, dan Kami lebih dekat kepadanya daripada urat lehernya,</text>
      </translation>
    </translations>
    <rules>[{"start": 6, "end": 8, "rule_id": 1}, {"start": 13, "end": 15, "rule_id": 1}, {"start": 86, "end": 88, "rule_id": 1}, {"start": 109, "end": 111, "rule_id": 1}, {"start": 122, "end": 124, "rule_id": 1}, {"start": 24, "end": 28, "rule_id": 6}]</rules>
  </verse>
  <verse>
    <verseIdArabic>١٧</verseIdArabic>
    <verseId>17</verseId>
    <chapterId>50</chapterId>
    <textIndopak>إِذۡ يَتَلَقَّى ٱلۡمُتَلَقِّيَانِ عَنِ ٱلۡيَمِينِ وَعَنِ ٱلشِّمَالِ قَعِيدٞ</textIndopak>
    <translations>
      <translation>
        <author>King Fahad Quran Complex</author>
        <text>(yaitu) ketika dua orang malaikat mencatat amal perbuatannya, seorang duduk di sebelah kanan dan yang lain duduk di sebelah kiri.</text>
      </translation>
    </translations>
    <rules>[{"start": 73, "end": 75, "rule_id": 1}]</rules>
  </verse>
  <verse>
    <verseIdArabic>١٨</verseIdArabic>
    <verseId>18</verseId>
    <chapterId>50</chapterId>
    <textIndopak>مَّا يَلۡفِظُ مِن قَوۡلٍ إِلَّا لَدَيۡهِ رَقِيبٌ عَتِيدٞ</textIndopak>
    <translations>
      <translation>
        <author>King Fahad Quran Complex</author>
        <text>Tiada suatu ucapan pun yang diucapkannya melainkan ada di dekatnya malaikat pengawas yang selalu hadir.</text>
      </translation>
    </translations>
    <rules>[{"start": 0, "end": 3, "rule_id": 0}, {"start": 54, "end": 56, "rule_id": 1}, {"start": 16, "end": 20, "rule_id": 6}]</rules>
  </verse>
  <verse>
    <verseIdArabic>١٩</verseIdArabic>
    <verseId>19</verseId>
    <chapterId>50</chapterId>
    <textIndopak>وَجَآءَتۡ سَكۡرَةُ ٱلۡمَوۡتِ بِٱلۡحَقِّۖ ذَٰلِكَ مَا كُنتَ مِنۡهُ تَحِيدُ</textIndopak>
    <translations>
      <translation>
        <author>King Fahad Quran Complex</author>
        <text>Dan datanglah sakratulmaut dengan sebenar-benarnya. Itulah yang kamu selalu lari darinya.</text>
      </translation>
    </translations>
    <rules>[{"start": 73, "end": 75, "rule_id": 1}, {"start": 57, "end": 60, "rule_id": 6}]</rules>
  </verse>
  <verse>
    <verseIdArabic>٢٠</verseIdArabic>
    <verseId>20</verseId>
    <chapterId>50</chapterId>
    <textIndopak>وَنُفِخَ فِي ٱلصُّورِۚ ذَٰلِكَ يَوۡمُ ٱلۡوَعِيدِ</textIndopak>
    <translations>
      <translation>
        <author>King Fahad Quran Complex</author>
        <text>Dan ditiuplah sangkakala. Itulah hari terlaksananya ancaman.</text>
      </translation>
    </translations>
    <rules>[{"start": 47, "end": 49, "rule_id": 1}]</rules>
  </verse>
  <verse>
    <verseIdArabic>٢١</verseIdArabic>
    <verseId>21</verseId>
    <chapterId>50</chapterId>
    <textIndopak>وَجَآءَتۡ كُلُّ نَفۡسٖ مَّعَهَا سَآئِقٞ وَشَهِيدٞ</textIndopak>
    <translations>
      <translation>
        <author>King Fahad Quran Complex</author>
        <text>Dan datanglah tiap-tiap diri, bersama dengan dia seorang malaikat penggiring dan seorang malaikat penyaksi.</text>
      </translation>
    </translations>
    <rules>[{"start": 24, "end": 27, "rule_id": 0}, {"start": 49, "end": 51, "rule_id": 1}, {"start": 21, "end": 27, "rule_id": 3}, {"start": 39, "end": 44, "rule_id": 3}]</rules>
  </verse>
  <verse>
    <verseIdArabic>٢٢</verseIdArabic>
    <verseId>22</verseId>
    <chapterId>50</chapterId>
    <textIndopak>لَّقَدۡ كُنتَ فِي غَفۡلَةٖ مِّنۡ هَٰذَا فَكَشَفۡنَا عَنكَ غِطَآءَكَ فَبَصَرُكَ ٱلۡيَوۡمَ حَدِيدٞ</textIndopak>
    <translations>
      <translation>
        <author>King Fahad Quran Complex</author>
        <text>Sesungguhnya kamu berada dalam keadaan lalai dari (hal) ini, maka Kami singkapkan darimu tutup (yang menutupi) matamu, maka penglihatanmu pada hari itu amat tajam.</text>
      </translation>
    </translations>
    <rules>[{"start": 27, "end": 30, "rule_id": 0}, {"start": 5, "end": 7, "rule_id": 1}, {"start": 95, "end": 97, "rule_id": 1}, {"start": 24, "end": 30, "rule_id": 3}, {"start": 10, "end": 13, "rule_id": 6}, {"start": 54, "end": 57, "rule_id": 6}]</rules>
  </verse>
  <verse>
    <verseIdArabic>٢٣</verseIdArabic>
    <verseId>23</verseId>
    <chapterId>50</chapterId>
    <textIndopak>وَقَالَ قَرِينُهُۥ هَٰذَا مَا لَدَيَّ عَتِيدٌ</textIndopak>
    <translations>
      <translation>
        <author>King Fahad Quran Complex</author>
        <text>Dan yang menyertai dia berkata, "Inilah (catatan amalnya) yang tersedia pada sisiku".</text>
      </translation>
    </translations>
    <rules>[{"start": 43, "end": 45, "rule_id": 1}]</rules>
  </verse>
  <verse>
    <verseIdArabic>٢٤</verseIdArabic>
    <verseId>24</verseId>
    <chapterId>50</chapterId>
    <textIndopak>أَلۡقِيَا فِي جَهَنَّمَ كُلَّ كَفَّارٍ عَنِيدٖ</textIndopak>
    <translations>
      <translation>
        <author>King Fahad Quran Complex</author>
        <text>Allah berfirman, "Lemparkanlah olehmu berdua ke dalam neraka semua orang yang sangat ingkar dan keras kepala,</text>
      </translation>
    </translations>
    <rules>[{"start": 18, "end": 21, "rule_id": 0}, {"start": 44, "end": 46, "rule_id": 1}]</rules>
  </verse>
  <verse>
    <verseIdArabic>٢٥</verseIdArabic>
    <verseId>25</verseId>
    <chapterId>50</chapterId>
    <textIndopak>مَّنَّاعٖ لِّلۡخَيۡرِ مُعۡتَدٖ مُّرِيبٍ</textIndopak>
    <translations>
      <translation>
        <author>King Fahad Quran Complex</author>
        <text>yang sangat menghalangi kebajikan, melanggar batas lagi ragu-ragu,</text>
      </translation>
    </translations>
    <rules>[{"start": 0, "end": 3, "rule_id": 0}, {"start": 3, "end": 6, "rule_id": 0}, {"start": 31, "end": 34, "rule_id": 0}, {"start": 37, "end": 39, "rule_id": 1}, {"start": 28, "end": 34, "rule_id": 3}, {"start": 7, "end": 13, "rule_id": 5}]</rules>
  </verse>
  <verse>
    <verseIdArabic>٢٦</verseIdArabic>
    <verseId>26</verseId>
    <chapterId>50</chapterId>
    <textIndopak>ٱلَّذِي جَعَلَ مَعَ ٱللَّهِ إِلَٰهًا ءَاخَرَ فَأَلۡقِيَاهُ فِي ٱلۡعَذَابِ ٱلشَّدِيدِ</textIndopak>
    <translations>
      <translation>
        <author>King Fahad Quran Complex</author>
        <text>yang menyembah sembahan yang lain beserta Allah, maka lemparkanlah dia ke dalam siksaan yang sangat".</text>
      </translation>
    </translations>
    <rules>[{"start": 82, "end": 84, "rule_id": 1}]</rules>
  </verse>
  <verse>
    <verseIdArabic>٢٧</verseIdArabic>
    <verseId>27</verseId>
    <chapterId>50</chapterId>
    <textIndopak>۞ قَالَ قَرِينُهُۥ رَبَّنَا مَآ أَطۡغَيۡتُهُۥ وَلَٰكِن كَانَ فِي ضَلَٰلِۭ بَعِيدٖ</textIndopak>
    <translations>
      <translation>
        <author>King Fahad Quran Complex</author>
        <text>Yang menyertai dia berkata (pula), "Ya Tuhan kami, aku tidak menyesatkannya, tetapi dialah yang berada dalam kesesatan yang jauh".</text>
      </translation>
    </translations>
    <rules>[{"start": 35, "end": 37, "rule_id": 1}, {"start": 80, "end": 82, "rule_id": 1}, {"start": 71, "end": 77, "rule_id": 2}, {"start": 54, "end": 58, "rule_id": 6}]</rules>
  </verse>
  <verse>
    <verseIdArabic>٢٨</verseIdArabic>
    <verseId>28</verseId>
    <chapterId>50</chapterId>
    <textIndopak>قَالَ لَا تَخۡتَصِمُواْ لَدَيَّ وَقَدۡ قَدَّمۡتُ إِلَيۡكُم بِٱلۡوَعِيدِ</textIndopak>
    <translations>
      <translation>
        <author>King Fahad Quran Complex</author>
        <text>Allah berfirman, "Janganlah kamu bertengkar di hadapan-Ku, padahal sesungguhnya Aku dahulu telah memberikan ancaman kepadamu".</text>
      </translation>
    </translations>
    <rules>[{"start": 36, "end": 38, "rule_id": 1}, {"start": 69, "end": 71, "rule_id": 1}, {"start": 57, "end": 61, "rule_id": 7}]</rules>
  </verse>
  <verse>
    <verseIdArabic>٢٩</verseIdArabic>
    <verseId>29</verseId>
    <chapterId>50</chapterId>
    <textIndopak>مَا يُبَدَّلُ ٱلۡقَوۡلُ لَدَيَّ وَمَآ أَنَا۠ بِظَلَّٰمٖ لِّلۡعَبِيدِ</textIndopak>
    <translations>
      <translation>
        <author>King Fahad Quran Complex</author>
        <text>Keputusan di sisi-Ku tidak dapat diubah dan Aku sekali-kali tidak menganiaya hamba-hamba-Ku.</text>
      </translation>
    </translations>
    <rules>[{"start": 67, "end": 69, "rule_id": 1}, {"start": 54, "end": 60, "rule_id": 5}]</rules>
  </verse>
  <verse>
    <verseIdArabic>٣٠</verseIdArabic>
    <verseId>30</verseId>
    <chapterId>50</chapterId>
    <textIndopak>يَوۡمَ نَقُولُ لِجَهَنَّمَ هَلِ ٱمۡتَلَأۡتِ وَتَقُولُ هَلۡ مِن مَّزِيدٖ</textIndopak>
    <translations>
      <translation>
        <author>King Fahad Quran Complex</author>
        <text>(Dan ingatlah akan) hari (yang pada hari itu) Kami bertanya kepada jahanam, "Apakah kamu sudah penuh?" Dia menjawab, "Masih ada tambahan?"</text>
      </translation>
    </translations>
    <rules>[{"start": 21, "end": 24, "rule_id": 0}, {"start": 63, "end": 66, "rule_id": 0}, {"start": 69, "end": 71, "rule_id": 1}, {"start": 61, "end": 66, "rule_id": 3}]</rules>
  </verse>
  <verse>
    <verseIdArabic>٣١</verseIdArabic>
    <verseId>31</verseId>
    <chapterId>50</chapterId>
    <textIndopak>وَأُزۡلِفَتِ ٱلۡجَنَّةُ لِلۡمُتَّقِينَ غَيۡرَ بَعِيدٍ</textIndopak>
    <translations>
      <translation>
        <author>King Fahad Quran Complex</author>
        <text>Dan didekatkanlah surga itu kepada orang-orang yang bertakwa pada tempat yang tiada jauh (dari mereka).</text>
      </translation>
    </translations>
    <rules>[{"start": 18, "end": 21, "rule_id": 0}, {"start": 51, "end": 53, "rule_id": 1}]</rules>
  </verse>
  <verse>
    <verseIdArabic>٣٢</verseIdArabic>
    <verseId>32</verseId>
    <chapterId>50</chapterId>
    <textIndopak>هَٰذَا مَا تُوعَدُونَ لِكُلِّ أَوَّابٍ حَفِيظٖ</textIndopak>
    <translations>
      <translation>
        <author>King Fahad Quran Complex</author>
        <text>Inilah yang dijanjikan kepadamu, (yaitu) kepada setiap hamba yang selalu kembali (kepada Allah) lagi memelihara (semua peraturan-peraturan-Nya)</text>
      </translation>
    </translations>
  </verse>
  <verse>
    <verseIdArabic>٣٣</verseIdArabic>
    <verseId>33</verseId>
    <chapterId>50</chapterId>
    <textIndopak>مَّنۡ خَشِيَ ٱلرَّحۡمَٰنَ بِٱلۡغَيۡبِ وَجَآءَ بِقَلۡبٖ مُّنِيبٍ</textIndopak>
    <translations>
      <translation>
        <author>King Fahad Quran Complex</author>
        <text>(Yaitu) orang yang takut kepada Tuhan Yang Maha Pemurah, sedang Dia tidak kelihatan (olehnya) dan dia datang dengan hati yang bertobat,</text>
      </translation>
    </translations>
    <rules>[{"start": 0, "end": 3, "rule_id": 0}, {"start": 56, "end": 59, "rule_id": 0}, {"start": 62, "end": 64, "rule_id": 1}, {"start": 53, "end": 59, "rule_id": 3}]</rules>
  </verse>
  <verse>
    <verseIdArabic>٣٤</verseIdArabic>
    <verseId>34</verseId>
    <chapterId>50</chapterId>
    <textIndopak>ٱدۡخُلُوهَا بِسَلَٰمٖۖ ذَٰلِكَ يَوۡمُ ٱلۡخُلُودِ</textIndopak>
    <translations>
      <translation>
        <author>King Fahad Quran Complex</author>
        <text>masukilah surga itu dengan aman, itulah hari kekekalan.</text>
      </translation>
    </translations>
    <rules>[{"start": 1, "end": 3, "rule_id": 1}, {"start": 47, "end": 49, "rule_id": 1}]</rules>
  </verse>
  <verse>
    <verseIdArabic>٣٥</verseIdArabic>
    <verseId>35</verseId>
    <chapterId>50</chapterId>
    <textIndopak>لَهُم مَّا يَشَآءُونَ فِيهَا وَلَدَيۡنَا مَزِيدٞ</textIndopak>
    <translations>
      <translation>
        <author>King Fahad Quran Complex</author>
        <text>Mereka di dalamnya memperoleh apa yang mereka kehendaki; dan pada sisi Kami ada tambahannya.</text>
      </translation>
    </translations>
    <rules>[{"start": 6, "end": 9, "rule_id": 0}, {"start": 47, "end": 49, "rule_id": 1}, {"start": 4, "end": 9, "rule_id": 4}]</rules>
  </verse>
  <verse>
    <verseIdArabic>٣٦</verseIdArabic>
    <verseId>36</verseId>
    <chapterId>50</chapterId>
    <textIndopak>وَكَمۡ أَهۡلَكۡنَا قَبۡلَهُم مِّن قَرۡنٍ هُمۡ أَشَدُّ مِنۡهُم بَطۡشٗا فَنَقَّبُواْ فِي ٱلۡبِلَٰدِ هَلۡ مِن مَّحِيصٍ</textIndopak>
    <translations>
      <translation>
        <author>King Fahad Quran Complex</author>
        <text>Dan berapa banyaknya umat-umat yang telah Kami binasakan sebelum mereka yang mereka itu lebih besar kekuatannya daripada mereka ini, maka mereka (yang telah dibinasakan itu) telah pernah menjelajah di beberapa negeri. Adakah (mereka) mendapat tempat lari (dari kebinasaan)?</text>
      </translation>
    </translations>
    <rules>[{"start": 29, "end": 32, "rule_id": 0}, {"start": 107, "end": 110, "rule_id": 0}, {"start": 21, "end": 23, "rule_id": 1}, {"start": 64, "end": 66, "rule_id": 1}, {"start": 105, "end": 110, "rule_id": 3}, {"start": 27, "end": 32, "rule_id": 4}, {"start": 32, "end": 36, "rule_id": 6}, {"start": 60, "end": 64, "rule_id": 7}]</rules>
  </verse>
  <verse>
    <verseIdArabic>٣٧</verseIdArabic>
    <verseId>37</verseId>
    <chapterId>50</chapterId>
    <textIndopak>إِنَّ فِي ذَٰلِكَ لَذِكۡرَىٰ لِمَن كَانَ لَهُۥ قَلۡبٌ أَوۡ أَلۡقَى ٱلسَّمۡعَ وَهُوَ شَهِيدٞ</textIndopak>
    <translations>
      <translation>
        <author>King Fahad Quran Complex</author>
        <text>Sesungguhnya pada yang demikian itu benar-benar terdapat peringatan bagi orang-orang yang mempunyai hati atau yang menggunakan pendengarannya, sedang dia menyaksikannya.</text>
      </translation>
    </translations>
    <rules>[{"start": 2, "end": 5, "rule_id": 0}, {"start": 89, "end": 91, "rule_id": 1}, {"start": 33, "end": 37, "rule_id": 6}]</rules>
  </verse>
  <verse>
    <verseIdArabic>٣٨</verseIdArabic>
    <verseId>38</verseId>
    <chapterId>50</chapterId>
    <textIndopak>وَلَقَدۡ خَلَقۡنَا ٱلسَّمَٰوَٰتِ وَٱلۡأَرۡضَ وَمَا بَيۡنَهُمَا فِي سِتَّةِ أَيَّامٖ وَمَا مَسَّنَا مِن لُّغُوبٖ</textIndopak>
    <translations>
      <translation>
        <author>King Fahad Quran Complex</author>
        <text>Dan sesungguhnya telah Kami ciptakan langit dan bumi dan apa yang ada antara keduanya dalam enam hari, dan Kami sedikit pun tidak ditimpa keletihan.</text>
      </translation>
    </translations>
    <rules>[{"start": 6, "end": 8, "rule_id": 1}, {"start": 13, "end": 15, "rule_id": 1}, {"start": 109, "end": 111, "rule_id": 1}, {"start": 81, "end": 86, "rule_id": 3}, {"start": 101, "end": 106, "rule_id": 5}]</rules>
  </verse>
  <verse>
    <verseIdArabic>٣٩</verseIdArabic>
    <verseId>39</verseId>
    <chapterId>50</chapterId>
    <textIndopak>فَٱصۡبِرۡ عَلَىٰ مَا يَقُولُونَ وَسَبِّحۡ بِحَمۡدِ رَبِّكَ قَبۡلَ طُلُوعِ ٱلشَّمۡسِ وَقَبۡلَ ٱلۡغُرُوبِ</textIndopak>
    <translations>
      <translation>
        <author>King Fahad Quran Complex</author>
        <text>Maka bersabarlah kamu terhadap apa yang mereka katakan dan bertasbihlah sambil memuji Tuhan-mu, sebelum terbit matahari dan sebelum terbenam(nya).</text>
      </translation>
    </translations>
    <rules>[{"start": 61, "end": 63, "rule_id": 1}, {"start": 88, "end": 90, "rule_id": 1}, {"start": 101, "end": 103, "rule_id": 1}]</rules>
  </verse>
  <verse>
    <verseIdArabic>٤٠</verseIdArabic>
    <verseId>40</verseId>
    <chapterId>50</chapterId>
    <textIndopak>وَمِنَ ٱلَّيۡلِ فَسَبِّحۡهُ وَأَدۡبَٰرَ ٱلسُّجُودِ</textIndopak>
    <translations>
      <translation>
        <author>King Fahad Quran Complex</author>
        <text>Dan bertasbihlah kamu kepada-Nya di malam hari dan setiap selesai salat.</text>
      </translation>
    </translations>
    <rules>[{"start": 32, "end": 34, "rule_id": 1}, {"start": 48, "end": 50, "rule_id": 1}]</rules>
  </verse>
  <verse>
    <verseIdArabic>٤١</verseIdArabic>
    <verseId>41</verseId>
    <chapterId>50</chapterId>
    <textIndopak>وَٱسۡتَمِعۡ يَوۡمَ يُنَادِ ٱلۡمُنَادِ مِن مَّكَانٖ قَرِيبٖ</textIndopak>
    <translations>
      <translation>
        <author>King Fahad Quran Complex</author>
        <text>Dan dengarkanlah (seruan) pada hari penyeru (malaikat) menyeru dari tempat yang dekat.</text>
      </translation>
    </translations>
    <rules>[{"start": 42, "end": 45, "rule_id": 0}, {"start": 56, "end": 58, "rule_id": 1}, {"start": 40, "end": 45, "rule_id": 3}, {"start": 48, "end": 53, "rule_id": 6}]</rules>
  </verse>
  <verse>
    <verseIdArabic>٤٢</verseIdArabic>
    <verseId>42</verseId>
    <chapterId>50</chapterId>
    <textIndopak>يَوۡمَ يَسۡمَعُونَ ٱلصَّيۡحَةَ بِٱلۡحَقِّۚ ذَٰلِكَ يَوۡمُ ٱلۡخُرُوجِ</textIndopak>
    <translations>
      <translation>
        <author>King Fahad Quran Complex</author>
        <text>(Yaitu) pada hari mereka mendengar teriakan dengan sebenar-benarnya, itulah hari ke luar (dari kubur).</text>
      </translation>
    </translations>
    <rules>[{"start": 67, "end": 69, "rule_id": 1}]</rules>
  </verse>
  <verse>
    <verseIdArabic>٤٣</verseIdArabic>
    <verseId>43</verseId>
    <chapterId>50</chapterId>
    <textIndopak>إِنَّا نَحۡنُ نُحۡيِۦ وَنُمِيتُ وَإِلَيۡنَا ٱلۡمَصِيرُ</textIndopak>
    <translations>
      <translation>
        <author>King Fahad Quran Complex</author>
        <text>Sesungguhnya Kami menghidupkan dan mematikan dan hanya kepada Kami-lah tempat kembali (semua makhluk).</text>
      </translation>
    </translations>
    <rules>[{"start": 2, "end": 5, "rule_id": 0}]</rules>
  </verse>
  <verse>
    <verseIdArabic>٤٤</verseIdArabic>
    <verseId>44</verseId>
    <chapterId>50</chapterId>
    <textIndopak>يَوۡمَ تَشَقَّقُ ٱلۡأَرۡضُ عَنۡهُمۡ سِرَاعٗاۚ ذَٰلِكَ حَشۡرٌ عَلَيۡنَا يَسِيرٞ</textIndopak>
    <translations>
      <translation>
        <author>King Fahad Quran Complex</author>
        <text>(Yaitu) pada hari bumi terbelah-belah menampakkan mereka (lalu mereka keluar) dengan cepat. Yang demikian itu adalah pengumpulan yang mudah bagi Kami.</text>
      </translation>
    </translations>
  </verse>
  <verse>
    <verseIdArabic>٤٥</verseIdArabic>
    <verseId>45</verseId>
    <chapterId>50</chapterId>
    <textIndopak>نَّحۡنُ أَعۡلَمُ بِمَا يَقُولُونَۖ وَمَآ أَنتَ عَلَيۡهِم بِجَبَّارٖۖ فَذَكِّرۡ بِٱلۡقُرۡءَانِ مَن يَخَافُ وَعِيدِ</textIndopak>
    <translations>
      <translation>
        <author>King Fahad Quran Complex</author>
        <text>Kami lebih mengetahui tentang apa yang mereka katakan, dan kamu sekali-kali bukanlah seorang pemaksa terhadap mereka. Maka beri peringatanlah dengan Al-Qur`ān orang yang takut dengan ancaman-Ku.</text>
      </translation>
    </translations>
    <rules>[{"start": 0, "end": 3, "rule_id": 0}, {"start": 114, "end": 116, "rule_id": 1}, {"start": 99, "end": 103, "rule_id": 3}, {"start": 45, "end": 48, "rule_id": 6}, {"start": 57, "end": 61, "rule_id": 7}]</rules>
  </verse>
</verses>
