<?xml version="1.0" encoding="UTF-8"?>

<verses>
  <verse>
    <verseIdArabic>١</verseIdArabic>
    <verseId>1</verseId>
    <chapterId>51</chapterId>
    <textIndopak>وَٱلذَّٰرِيَٰتِ ذَرۡوٗا</textIndopak>
    <translations>
      <translation>
        <author>King Fahad Quran Complex</author>
        <text>Demi (angin) yang menerbangkan debu dengan kuat,</text>
      </translation>
    </translations>
  </verse>
  <verse>
    <verseIdArabic>٢</verseIdArabic>
    <verseId>2</verseId>
    <chapterId>51</chapterId>
    <textIndopak>فَٱلۡحَٰمِلَٰتِ وِقۡرٗا</textIndopak>
    <translations>
      <translation>
        <author>King Fahad Quran Complex</author>
        <text>dan awan yang mengandung hujan,</text>
      </translation>
    </translations>
    <rules>[{"start": 18, "end": 20, "rule_id": 1}]</rules>
  </verse>
  <verse>
    <verseIdArabic>٣</verseIdArabic>
    <verseId>3</verseId>
    <chapterId>51</chapterId>
    <textIndopak>فَٱلۡجَٰرِيَٰتِ يُسۡرٗا</textIndopak>
    <translations>
      <translation>
        <author>King Fahad Quran Complex</author>
        <text>dan kapal-kapal yang berlayar dengan mudah,</text>
      </translation>
    </translations>
  </verse>
  <verse>
    <verseIdArabic>٤</verseIdArabic>
    <verseId>4</verseId>
    <chapterId>51</chapterId>
    <textIndopak>فَٱلۡمُقَسِّمَٰتِ أَمۡرًا</textIndopak>
    <translations>
      <translation>
        <author>King Fahad Quran Complex</author>
        <text>dan (malaikat-malaikat) yang membagi-bagi urusan,</text>
      </translation>
    </translations>
  </verse>
  <verse>
    <verseIdArabic>٥</verseIdArabic>
    <verseId>5</verseId>
    <chapterId>51</chapterId>
    <textIndopak>إِنَّمَا تُوعَدُونَ لَصَادِقٞ</textIndopak>
    <translations>
      <translation>
        <author>King Fahad Quran Complex</author>
        <text>sesungguhnya apa yang dijanjikan kepadamu pasti benar,</text>
      </translation>
    </translations>
    <rules>[{"start": 2, "end": 5, "rule_id": 0}, {"start": 27, "end": 29, "rule_id": 1}]</rules>
  </verse>
  <verse>
    <verseIdArabic>٦</verseIdArabic>
    <verseId>6</verseId>
    <chapterId>51</chapterId>
    <textIndopak>وَإِنَّ ٱلدِّينَ لَوَٰقِعٞ</textIndopak>
    <translations>
      <translation>
        <author>King Fahad Quran Complex</author>
        <text>dan sesungguhnya (hari) pembalasan pasti terjadi.</text>
      </translation>
    </translations>
    <rules>[{"start": 4, "end": 7, "rule_id": 0}]</rules>
  </verse>
  <verse>
    <verseIdArabic>٧</verseIdArabic>
    <verseId>7</verseId>
    <chapterId>51</chapterId>
    <textIndopak>وَٱلسَّمَآءِ ذَاتِ ٱلۡحُبُكِ</textIndopak>
    <translations>
      <translation>
        <author>King Fahad Quran Complex</author>
        <text>Demi langit yang mempunyai jalan-jalan,</text>
      </translation>
    </translations>
  </verse>
  <verse>
    <verseIdArabic>٨</verseIdArabic>
    <verseId>8</verseId>
    <chapterId>51</chapterId>
    <textIndopak>إِنَّكُمۡ لَفِي قَوۡلٖ مُّخۡتَلِفٖ</textIndopak>
    <translations>
      <translation>
        <author>King Fahad Quran Complex</author>
        <text>sesungguhnya kamu benar-benar dalam keadaan berbeda pendapat,</text>
      </translation>
    </translations>
    <rules>[{"start": 2, "end": 5, "rule_id": 0}, {"start": 23, "end": 26, "rule_id": 0}, {"start": 20, "end": 26, "rule_id": 3}]</rules>
  </verse>
  <verse>
    <verseIdArabic>٩</verseIdArabic>
    <verseId>9</verseId>
    <chapterId>51</chapterId>
    <textIndopak>يُؤۡفَكُ عَنۡهُ مَنۡ أُفِكَ</textIndopak>
    <translations>
      <translation>
        <author>King Fahad Quran Complex</author>
        <text>dipalingkan darinya (rasul dan Al-Qur`ān) orang yang dipalingkan.</text>
      </translation>
    </translations>
  </verse>
  <verse>
    <verseIdArabic>١٠</verseIdArabic>
    <verseId>10</verseId>
    <chapterId>51</chapterId>
    <textIndopak>قُتِلَ ٱلۡخَرَّٰصُونَ</textIndopak>
    <translations>
      <translation>
        <author>King Fahad Quran Complex</author>
        <text>Terkutuklah orang-orang yang banyak berdusta,</text>
      </translation>
    </translations>
  </verse>
  <verse>
    <verseIdArabic>١١</verseIdArabic>
    <verseId>11</verseId>
    <chapterId>51</chapterId>
    <textIndopak>ٱلَّذِينَ هُمۡ فِي غَمۡرَةٖ سَاهُونَ</textIndopak>
    <translations>
      <translation>
        <author>King Fahad Quran Complex</author>
        <text>(yaitu) orang-orang yang terbenam dalam kebodohan yang lalai,</text>
      </translation>
    </translations>
    <rules>[{"start": 25, "end": 30, "rule_id": 6}]</rules>
  </verse>
  <verse>
    <verseIdArabic>١٢</verseIdArabic>
    <verseId>12</verseId>
    <chapterId>51</chapterId>
    <textIndopak>يَسۡـَٔلُونَ أَيَّانَ يَوۡمُ ٱلدِّينِ</textIndopak>
    <translations>
      <translation>
        <author>King Fahad Quran Complex</author>
        <text>mereka bertanya, "Bilakah hari pembalasan itu?"</text>
      </translation>
    </translations>
  </verse>
  <verse>
    <verseIdArabic>١٣</verseIdArabic>
    <verseId>13</verseId>
    <chapterId>51</chapterId>
    <textIndopak>يَوۡمَ هُمۡ عَلَى ٱلنَّارِ يُفۡتَنُونَ</textIndopak>
    <translations>
      <translation>
        <author>King Fahad Quran Complex</author>
        <text>(Hari pembalasan itu ialah) pada hari ketika mereka diazab di atas api neraka.</text>
      </translation>
    </translations>
    <rules>[{"start": 20, "end": 23, "rule_id": 0}]</rules>
  </verse>
  <verse>
    <verseIdArabic>١٤</verseIdArabic>
    <verseId>14</verseId>
    <chapterId>51</chapterId>
    <textIndopak>ذُوقُواْ فِتۡنَتَكُمۡ هَٰذَا ٱلَّذِي كُنتُم بِهِۦ تَسۡتَعۡجِلُونَ</textIndopak>
    <translations>
      <translation>
        <author>King Fahad Quran Complex</author>
        <text>(Dikatakan kepada mereka), "Rasakanlah azabmu itu. Inilah azab yang dulu kamu minta untuk disegerakan".</text>
      </translation>
    </translations>
    <rules>[{"start": 39, "end": 42, "rule_id": 6}, {"start": 42, "end": 46, "rule_id": 7}]</rules>
  </verse>
  <verse>
    <verseIdArabic>١٥</verseIdArabic>
    <verseId>15</verseId>
    <chapterId>51</chapterId>
    <textIndopak>إِنَّ ٱلۡمُتَّقِينَ فِي جَنَّٰتٖ وَعُيُونٍ</textIndopak>
    <translations>
      <translation>
        <author>King Fahad Quran Complex</author>
        <text>Sesungguhnya orang-orang yang bertakwa berada dalam taman-taman (surga) dan di mata air-mata air,</text>
      </translation>
    </translations>
    <rules>[{"start": 2, "end": 5, "rule_id": 0}, {"start": 26, "end": 30, "rule_id": 0}, {"start": 30, "end": 35, "rule_id": 3}]</rules>
  </verse>
  <verse>
    <verseIdArabic>١٦</verseIdArabic>
    <verseId>16</verseId>
    <chapterId>51</chapterId>
    <textIndopak>ءَاخِذِينَ مَآ ءَاتَىٰهُمۡ رَبُّهُمۡۚ إِنَّهُمۡ كَانُواْ قَبۡلَ ذَٰلِكَ مُحۡسِنِينَ</textIndopak>
    <translations>
      <translation>
        <author>King Fahad Quran Complex</author>
        <text>sambil mengambil apa yang diberikan kepada mereka oleh Tuhan mereka. Sesungguhnya mereka sebelum itu di dunia adalah orang-orang yang berbuat baik.</text>
      </translation>
    </translations>
    <rules>[{"start": 42, "end": 45, "rule_id": 0}, {"start": 61, "end": 63, "rule_id": 1}]</rules>
  </verse>
  <verse>
    <verseIdArabic>١٧</verseIdArabic>
    <verseId>17</verseId>
    <chapterId>51</chapterId>
    <textIndopak>كَانُواْ قَلِيلٗا مِّنَ ٱلَّيۡلِ مَا يَهۡجَعُونَ</textIndopak>
    <translations>
      <translation>
        <author>King Fahad Quran Complex</author>
        <text>Mereka sedikit sekali tidur di waktu malam.</text>
      </translation>
    </translations>
    <rules>[{"start": 18, "end": 21, "rule_id": 0}, {"start": 14, "end": 21, "rule_id": 3}]</rules>
  </verse>
  <verse>
    <verseIdArabic>١٨</verseIdArabic>
    <verseId>18</verseId>
    <chapterId>51</chapterId>
    <textIndopak>وَبِٱلۡأَسۡحَارِ هُمۡ يَسۡتَغۡفِرُونَ</textIndopak>
    <translations>
      <translation>
        <author>King Fahad Quran Complex</author>
        <text>Dan di akhir-akhir malam mereka memohon ampun (kepada Allah).</text>
      </translation>
    </translations>
  </verse>
  <verse>
    <verseIdArabic>١٩</verseIdArabic>
    <verseId>19</verseId>
    <chapterId>51</chapterId>
    <textIndopak>وَفِيٓ أَمۡوَٰلِهِمۡ حَقّٞ لِّلسَّآئِلِ وَٱلۡمَحۡرُومِ</textIndopak>
    <translations>
      <translation>
        <author>King Fahad Quran Complex</author>
        <text>Dan pada harta-harta mereka ada hak untuk orang miskin yang meminta dan orang miskin yang tidak mendapat bagian.</text>
      </translation>
    </translations>
    <rules>[{"start": 23, "end": 30, "rule_id": 5}]</rules>
  </verse>
  <verse>
    <verseIdArabic>٢٠</verseIdArabic>
    <verseId>20</verseId>
    <chapterId>51</chapterId>
    <textIndopak>وَفِي ٱلۡأَرۡضِ ءَايَٰتٞ لِّلۡمُوقِنِينَ</textIndopak>
    <translations>
      <translation>
        <author>King Fahad Quran Complex</author>
        <text>Dan di bumi itu terdapat tanda-tanda (kekuasaan Allah) bagi orang-orang yang yakin,</text>
      </translation>
    </translations>
    <rules>[{"start": 22, "end": 28, "rule_id": 5}]</rules>
  </verse>
  <verse>
    <verseIdArabic>٢١</verseIdArabic>
    <verseId>21</verseId>
    <chapterId>51</chapterId>
    <textIndopak>وَفِيٓ أَنفُسِكُمۡۚ أَفَلَا تُبۡصِرُونَ</textIndopak>
    <translations>
      <translation>
        <author>King Fahad Quran Complex</author>
        <text>dan (juga) pada dirimu sendiri. Maka apakah kamu tidak memperhatikan?</text>
      </translation>
    </translations>
    <rules>[{"start": 31, "end": 33, "rule_id": 1}, {"start": 9, "end": 12, "rule_id": 6}]</rules>
  </verse>
  <verse>
    <verseIdArabic>٢٢</verseIdArabic>
    <verseId>22</verseId>
    <chapterId>51</chapterId>
    <textIndopak>وَفِي ٱلسَّمَآءِ رِزۡقُكُمۡ وَمَا تُوعَدُونَ</textIndopak>
    <translations>
      <translation>
        <author>King Fahad Quran Complex</author>
        <text>Dan di langit terdapat (sebab-sebab) rezekimu dan terdapat (pula) apa yang dijanjikan kepadamu.</text>
      </translation>
    </translations>
  </verse>
  <verse>
    <verseIdArabic>٢٣</verseIdArabic>
    <verseId>23</verseId>
    <chapterId>51</chapterId>
    <textIndopak>فَوَرَبِّ ٱلسَّمَآءِ وَٱلۡأَرۡضِ إِنَّهُۥ لَحَقّٞ مِّثۡلَ مَآ أَنَّكُمۡ تَنطِقُونَ</textIndopak>
    <translations>
      <translation>
        <author>King Fahad Quran Complex</author>
        <text>Maka demi Tuhan langit dan bumi, sesungguhnya yang dijanjikan itu adalah benar-benar (akan terjadi), seperti perkataan yang kamu ucapkan.</text>
      </translation>
    </translations>
    <rules>[{"start": 36, "end": 39, "rule_id": 0}, {"start": 51, "end": 54, "rule_id": 0}, {"start": 66, "end": 69, "rule_id": 0}, {"start": 47, "end": 54, "rule_id": 3}, {"start": 76, "end": 79, "rule_id": 6}]</rules>
  </verse>
  <verse>
    <verseIdArabic>٢٤</verseIdArabic>
    <verseId>24</verseId>
    <chapterId>51</chapterId>
    <textIndopak>هَلۡ أَتَىٰكَ حَدِيثُ ضَيۡفِ إِبۡرَٰهِيمَ ٱلۡمُكۡرَمِينَ</textIndopak>
    <translations>
      <translation>
        <author>King Fahad Quran Complex</author>
        <text>Sudahkah sampai kepadamu (Muhammad) cerita tamu Ibrāhīm (malaikat-malaikat) yang dimuliakan?</text>
      </translation>
    </translations>
    <rules>[{"start": 31, "end": 33, "rule_id": 1}]</rules>
  </verse>
  <verse>
    <verseIdArabic>٢٥</verseIdArabic>
    <verseId>25</verseId>
    <chapterId>51</chapterId>
    <textIndopak>إِذۡ دَخَلُواْ عَلَيۡهِ فَقَالُواْ سَلَٰمٗاۖ قَالَ سَلَٰمٞ قَوۡمٞ مُّنكَرُونَ</textIndopak>
    <translations>
      <translation>
        <author>King Fahad Quran Complex</author>
        <text>(Ingatlah) ketika mereka masuk ke tempatnya lalu mengucapkan, "Salāman". Ibrāhīm menjawab, "Salāmun (kamu) adalah orang-orang yang tidak dikenal".</text>
      </translation>
    </translations>
    <rules>[{"start": 67, "end": 70, "rule_id": 0}, {"start": 64, "end": 70, "rule_id": 3}, {"start": 70, "end": 73, "rule_id": 6}, {"start": 57, "end": 62, "rule_id": 6}]</rules>
  </verse>
  <verse>
    <verseIdArabic>٢٦</verseIdArabic>
    <verseId>26</verseId>
    <chapterId>51</chapterId>
    <textIndopak>فَرَاغَ إِلَىٰٓ أَهۡلِهِۦ فَجَآءَ بِعِجۡلٖ سَمِينٖ</textIndopak>
    <translations>
      <translation>
        <author>King Fahad Quran Complex</author>
        <text>Maka dia pergi dengan diam-diam menemui keluarganya, kemudian dibawanya daging anak sapi gemuk (yang dibakar),</text>
      </translation>
    </translations>
    <rules>[{"start": 39, "end": 41, "rule_id": 1}, {"start": 41, "end": 46, "rule_id": 6}]</rules>
  </verse>
  <verse>
    <verseIdArabic>٢٧</verseIdArabic>
    <verseId>27</verseId>
    <chapterId>51</chapterId>
    <textIndopak>فَقَرَّبَهُۥٓ إِلَيۡهِمۡ قَالَ أَلَا تَأۡكُلُونَ</textIndopak>
    <translations>
      <translation>
        <author>King Fahad Quran Complex</author>
        <text>lalu dihidangkannya kepada mereka. Ibrāhīm lalu berkata, "Silakan kamu makan".</text>
      </translation>
    </translations>
  </verse>
  <verse>
    <verseIdArabic>٢٨</verseIdArabic>
    <verseId>28</verseId>
    <chapterId>51</chapterId>
    <textIndopak>فَأَوۡجَسَ مِنۡهُمۡ خِيفَةٗۖ قَالُواْ لَا تَخَفۡۖ وَبَشَّرُوهُ بِغُلَٰمٍ عَلِيمٖ</textIndopak>
    <translations>
      <translation>
        <author>King Fahad Quran Complex</author>
        <text>(Tetapi mereka tidak mau makan), karena itu Ibrāhīm merasa takut terhadap mereka. Mereka berkata, "Janganlah kamu takut," dan mereka memberi kabar gembira kepadanya dengan (kelahiran) seorang anak yang alim (Isḥāq).</text>
      </translation>
    </translations>
  </verse>
  <verse>
    <verseIdArabic>٢٩</verseIdArabic>
    <verseId>29</verseId>
    <chapterId>51</chapterId>
    <textIndopak>فَأَقۡبَلَتِ ٱمۡرَأَتُهُۥ فِي صَرَّةٖ فَصَكَّتۡ وَجۡهَهَا وَقَالَتۡ عَجُوزٌ عَقِيمٞ</textIndopak>
    <translations>
      <translation>
        <author>King Fahad Quran Complex</author>
        <text>Kemudian istrinya datang memekik (tercengang) lalu menepuk mukanya sendiri seraya berkata, "(Aku adalah) seorang perempuan tua yang mandul".</text>
      </translation>
    </translations>
    <rules>[{"start": 4, "end": 6, "rule_id": 1}, {"start": 50, "end": 52, "rule_id": 1}, {"start": 35, "end": 40, "rule_id": 6}]</rules>
  </verse>
  <verse>
    <verseIdArabic>٣٠</verseIdArabic>
    <verseId>30</verseId>
    <chapterId>51</chapterId>
    <textIndopak>قَالُواْ كَذَٰلِكِ قَالَ رَبُّكِۖ إِنَّهُۥ هُوَ ٱلۡحَكِيمُ ٱلۡعَلِيمُ</textIndopak>
    <translations>
      <translation>
        <author>King Fahad Quran Complex</author>
        <text>Mereka berkata, "Demikianlah Tuhan-mu memfirmankan. " Sesungguhnya Dia-lah yang Maha Bijaksana lagi Maha Mengetahui.</text>
      </translation>
    </translations>
    <rules>[{"start": 37, "end": 40, "rule_id": 0}]</rules>
  </verse>
  <verse>
    <verseIdArabic>٣١</verseIdArabic>
    <verseId>31</verseId>
    <chapterId>51</chapterId>
    <textIndopak>۞ قَالَ فَمَا خَطۡبُكُمۡ أَيُّهَا ٱلۡمُرۡسَلُونَ</textIndopak>
    <translations>
      <translation>
        <author>King Fahad Quran Complex</author>
        <text>Ibrāhīm bertanya, "Apakah urusanmu, hai para utusan?"</text>
      </translation>
    </translations>
    <rules>[{"start": 16, "end": 18, "rule_id": 1}]</rules>
  </verse>
  <verse>
    <verseIdArabic>٣٢</verseIdArabic>
    <verseId>32</verseId>
    <chapterId>51</chapterId>
    <textIndopak>قَالُوٓاْ إِنَّآ أُرۡسِلۡنَآ إِلَىٰ قَوۡمٖ مُّجۡرِمِينَ</textIndopak>
    <translations>
      <translation>
        <author>King Fahad Quran Complex</author>
        <text>Mereka menjawab, "Sesungguhnya kami diutus kepada kaum yang berdosa (kaum Lūṭ),</text>
      </translation>
    </translations>
    <rules>[{"start": 12, "end": 15, "rule_id": 0}, {"start": 45, "end": 48, "rule_id": 0}, {"start": 48, "end": 50, "rule_id": 1}, {"start": 42, "end": 48, "rule_id": 3}]</rules>
  </verse>
  <verse>
    <verseIdArabic>٣٣</verseIdArabic>
    <verseId>33</verseId>
    <chapterId>51</chapterId>
    <textIndopak>لِنُرۡسِلَ عَلَيۡهِمۡ حِجَارَةٗ مِّن طِينٖ</textIndopak>
    <translations>
      <translation>
        <author>King Fahad Quran Complex</author>
        <text>agar kami timpakan kepada mereka batu-batu dari tanah (yang keras),</text>
      </translation>
    </translations>
    <rules>[{"start": 32, "end": 35, "rule_id": 0}, {"start": 29, "end": 35, "rule_id": 3}, {"start": 35, "end": 39, "rule_id": 6}]</rules>
  </verse>
  <verse>
    <verseIdArabic>٣٤</verseIdArabic>
    <verseId>34</verseId>
    <chapterId>51</chapterId>
    <textIndopak>مُّسَوَّمَةً عِندَ رَبِّكَ لِلۡمُسۡرِفِينَ</textIndopak>
    <translations>
      <translation>
        <author>King Fahad Quran Complex</author>
        <text>yang ditandai di sisi Tuhan-mu untuk (membinasakan) orang-orang yang melampaui batas".</text>
      </translation>
    </translations>
    <rules>[{"start": 0, "end": 3, "rule_id": 0}, {"start": 15, "end": 18, "rule_id": 6}]</rules>
  </verse>
  <verse>
    <verseIdArabic>٣٥</verseIdArabic>
    <verseId>35</verseId>
    <chapterId>51</chapterId>
    <textIndopak>فَأَخۡرَجۡنَا مَن كَانَ فِيهَا مِنَ ٱلۡمُؤۡمِنِينَ</textIndopak>
    <translations>
      <translation>
        <author>King Fahad Quran Complex</author>
        <text>Lalu Kami keluarkan orang-orang yang beriman yang berada di negeri kaum Lūṭ itu.</text>
      </translation>
    </translations>
    <rules>[{"start": 8, "end": 10, "rule_id": 1}, {"start": 16, "end": 20, "rule_id": 6}]</rules>
  </verse>
  <verse>
    <verseIdArabic>٣٦</verseIdArabic>
    <verseId>36</verseId>
    <chapterId>51</chapterId>
    <textIndopak>فَمَا وَجَدۡنَا فِيهَا غَيۡرَ بَيۡتٖ مِّنَ ٱلۡمُسۡلِمِينَ</textIndopak>
    <translations>
      <translation>
        <author>King Fahad Quran Complex</author>
        <text>Dan Kami tidak mendapati di negeri itu, kecuali sebuah rumah dari orang yang berserah diri.</text>
      </translation>
    </translations>
    <rules>[{"start": 37, "end": 40, "rule_id": 0}, {"start": 10, "end": 12, "rule_id": 1}, {"start": 34, "end": 40, "rule_id": 3}]</rules>
  </verse>
  <verse>
    <verseIdArabic>٣٧</verseIdArabic>
    <verseId>37</verseId>
    <chapterId>51</chapterId>
    <textIndopak>وَتَرَكۡنَا فِيهَآ ءَايَةٗ لِّلَّذِينَ يَخَافُونَ ٱلۡعَذَابَ ٱلۡأَلِيمَ</textIndopak>
    <translations>
      <translation>
        <author>King Fahad Quran Complex</author>
        <text>Dan Kami tinggalkan pada negeri itu suatu tanda bagi orang-orang yang takut kepada siksa yang pedih.</text>
      </translation>
    </translations>
    <rules>[{"start": 25, "end": 31, "rule_id": 5}]</rules>
  </verse>
  <verse>
    <verseIdArabic>٣٨</verseIdArabic>
    <verseId>38</verseId>
    <chapterId>51</chapterId>
    <textIndopak>وَفِي مُوسَىٰٓ إِذۡ أَرۡسَلۡنَٰهُ إِلَىٰ فِرۡعَوۡنَ بِسُلۡطَٰنٖ مُّبِينٖ</textIndopak>
    <translations>
      <translation>
        <author>King Fahad Quran Complex</author>
        <text>Dan juga pada Musa (terdapat tanda-tanda kekuasaan Allah) ketika Kami mengutusnya kepada Firʻawn dengan membawa mukjizat yang nyata.</text>
      </translation>
    </translations>
    <rules>[{"start": 64, "end": 67, "rule_id": 0}, {"start": 61, "end": 67, "rule_id": 3}]</rules>
  </verse>
  <verse>
    <verseIdArabic>٣٩</verseIdArabic>
    <verseId>39</verseId>
    <chapterId>51</chapterId>
    <textIndopak>فَتَوَلَّىٰ بِرُكۡنِهِۦ وَقَالَ سَٰحِرٌ أَوۡ مَجۡنُونٞ</textIndopak>
    <translations>
      <translation>
        <author>King Fahad Quran Complex</author>
        <text>Maka dia (Firʻawn ) berpaling (dari iman) bersama tentaranya dan berkata, "Dia adalah seorang tukang sihir atau seorang gila".</text>
      </translation>
    </translations>
    <rules>[{"start": 47, "end": 49, "rule_id": 1}]</rules>
  </verse>
  <verse>
    <verseIdArabic>٤٠</verseIdArabic>
    <verseId>40</verseId>
    <chapterId>51</chapterId>
    <textIndopak>فَأَخَذۡنَٰهُ وَجُنُودَهُۥ فَنَبَذۡنَٰهُمۡ فِي ٱلۡيَمِّ وَهُوَ مُلِيمٞ</textIndopak>
    <translations>
      <translation>
        <author>King Fahad Quran Complex</author>
        <text>Maka Kami siksa dia dan tentaranya lalu Kami lemparkan mereka ke dalam laut, sedang dia melakukan pekerjaan yang tercela.</text>
      </translation>
    </translations>
    <rules>[{"start": 52, "end": 55, "rule_id": 0}]</rules>
  </verse>
  <verse>
    <verseIdArabic>٤١</verseIdArabic>
    <verseId>41</verseId>
    <chapterId>51</chapterId>
    <textIndopak>وَفِي عَادٍ إِذۡ أَرۡسَلۡنَا عَلَيۡهِمُ ٱلرِّيحَ ٱلۡعَقِيمَ</textIndopak>
    <translations>
      <translation>
        <author>King Fahad Quran Complex</author>
        <text>Dan juga pada (kisah) ʻĀd ketika Kami kirimkan kepada mereka angin yang membinasakan,</text>
      </translation>
    </translations>
  </verse>
  <verse>
    <verseIdArabic>٤٢</verseIdArabic>
    <verseId>42</verseId>
    <chapterId>51</chapterId>
    <textIndopak>مَا تَذَرُ مِن شَيۡءٍ أَتَتۡ عَلَيۡهِ إِلَّا جَعَلَتۡهُ كَٱلرَّمِيمِ</textIndopak>
    <translations>
      <translation>
        <author>King Fahad Quran Complex</author>
        <text>angin itu tidak membiarkan satu pun yang dilandanya, melainkan dijadikannya seperti serbuk.</text>
      </translation>
    </translations>
    <rules>[{"start": 13, "end": 17, "rule_id": 6}]</rules>
  </verse>
  <verse>
    <verseIdArabic>٤٣</verseIdArabic>
    <verseId>43</verseId>
    <chapterId>51</chapterId>
    <textIndopak>وَفِي ثَمُودَ إِذۡ قِيلَ لَهُمۡ تَمَتَّعُواْ حَتَّىٰ حِينٖ</textIndopak>
    <translations>
      <translation>
        <author>King Fahad Quran Complex</author>
        <text>Dan pada (kisah) kaum Ṡamūd ketika dikatakan kepada mereka, "Bersenang-senanglah kalian sampai suatu waktu".</text>
      </translation>
    </translations>
  </verse>
  <verse>
    <verseIdArabic>٤٤</verseIdArabic>
    <verseId>44</verseId>
    <chapterId>51</chapterId>
    <textIndopak>فَعَتَوۡاْ عَنۡ أَمۡرِ رَبِّهِمۡ فَأَخَذَتۡهُمُ ٱلصَّٰعِقَةُ وَهُمۡ يَنظُرُونَ</textIndopak>
    <translations>
      <translation>
        <author>King Fahad Quran Complex</author>
        <text>Maka mereka berlaku angkuh terhadap perintah Tuhan-nya, lalu mereka disambar petir sedang mereka melihatnya.</text>
      </translation>
    </translations>
    <rules>[{"start": 70, "end": 73, "rule_id": 6}]</rules>
  </verse>
  <verse>
    <verseIdArabic>٤٥</verseIdArabic>
    <verseId>45</verseId>
    <chapterId>51</chapterId>
    <textIndopak>فَمَا ٱسۡتَطَٰعُواْ مِن قِيَامٖ وَمَا كَانُواْ مُنتَصِرِينَ</textIndopak>
    <translations>
      <translation>
        <author>King Fahad Quran Complex</author>
        <text>Maka mereka sekali-kali tidak dapat bangun dan tidak pula mendapat pertolongan,</text>
      </translation>
    </translations>
    <rules>[{"start": 29, "end": 34, "rule_id": 3}, {"start": 22, "end": 26, "rule_id": 6}, {"start": 49, "end": 52, "rule_id": 6}]</rules>
  </verse>
  <verse>
    <verseIdArabic>٤٦</verseIdArabic>
    <verseId>46</verseId>
    <chapterId>51</chapterId>
    <textIndopak>وَقَوۡمَ نُوحٖ مِّن قَبۡلُۖ إِنَّهُمۡ كَانُواْ قَوۡمٗا فَٰسِقِينَ</textIndopak>
    <translations>
      <translation>
        <author>King Fahad Quran Complex</author>
        <text>dan (Kami membinasakan) kaum Nūḥ sebelum itu. Sesungguhnya mereka adalah kaum yang fasik.</text>
      </translation>
    </translations>
    <rules>[{"start": 15, "end": 18, "rule_id": 0}, {"start": 31, "end": 34, "rule_id": 0}, {"start": 22, "end": 24, "rule_id": 1}, {"start": 12, "end": 18, "rule_id": 3}, {"start": 18, "end": 22, "rule_id": 6}]</rules>
  </verse>
  <verse>
    <verseIdArabic>٤٧</verseIdArabic>
    <verseId>47</verseId>
    <chapterId>51</chapterId>
    <textIndopak>وَٱلسَّمَآءَ بَنَيۡنَٰهَا بِأَيۡيْدٖ وَإِنَّا لَمُوسِعُونَ</textIndopak>
    <translations>
      <translation>
        <author>King Fahad Quran Complex</author>
        <text>Dan langit itu Kami bangun dengan kekuasaan (Kami) dan sesungguhnya Kami benar-benar berkuasa</text>
      </translation>
    </translations>
    <rules>[{"start": 42, "end": 45, "rule_id": 0}, {"start": 35, "end": 40, "rule_id": 3}]</rules>
  </verse>
  <verse>
    <verseIdArabic>٤٨</verseIdArabic>
    <verseId>48</verseId>
    <chapterId>51</chapterId>
    <textIndopak>وَٱلۡأَرۡضَ فَرَشۡنَٰهَا فَنِعۡمَ ٱلۡمَٰهِدُونَ</textIndopak>
    <translations>
      <translation>
        <author>King Fahad Quran Complex</author>
        <text>Dan bumi itu Kami hamparkan; maka sebaik-baik yang menghamparkan (adalah Kami).</text>
      </translation>
    </translations>
  </verse>
  <verse>
    <verseIdArabic>٤٩</verseIdArabic>
    <verseId>49</verseId>
    <chapterId>51</chapterId>
    <textIndopak>وَمِن كُلِّ شَيۡءٍ خَلَقۡنَا زَوۡجَيۡنِ لَعَلَّكُمۡ تَذَكَّرُونَ</textIndopak>
    <translations>
      <translation>
        <author>King Fahad Quran Complex</author>
        <text>Dan segala sesuatu Kami ciptakan berpasang-pasangan supaya kamu mengingat akan kebesaran Allah.</text>
      </translation>
    </translations>
    <rules>[{"start": 23, "end": 25, "rule_id": 1}, {"start": 4, "end": 8, "rule_id": 6}]</rules>
  </verse>
  <verse>
    <verseIdArabic>٥٠</verseIdArabic>
    <verseId>50</verseId>
    <chapterId>51</chapterId>
    <textIndopak>فَفِرُّوٓاْ إِلَى ٱللَّهِۖ إِنِّي لَكُم مِّنۡهُ نَذِيرٞ مُّبِينٞ</textIndopak>
    <translations>
      <translation>
        <author>King Fahad Quran Complex</author>
        <text>Maka segeralah kembali kepada (menaati) Allah. Sesungguhnya aku seorang pemberi peringatan yang nyata dari Allah untukmu.</text>
      </translation>
    </translations>
    <rules>[{"start": 30, "end": 33, "rule_id": 0}, {"start": 41, "end": 44, "rule_id": 0}, {"start": 57, "end": 60, "rule_id": 0}, {"start": 54, "end": 60, "rule_id": 3}, {"start": 39, "end": 44, "rule_id": 4}]</rules>
  </verse>
  <verse>
    <verseIdArabic>٥١</verseIdArabic>
    <verseId>51</verseId>
    <chapterId>51</chapterId>
    <textIndopak>وَلَا تَجۡعَلُواْ مَعَ ٱللَّهِ إِلَٰهًا ءَاخَرَۖ إِنِّي لَكُم مِّنۡهُ نَذِيرٞ مُّبِينٞ</textIndopak>
    <translations>
      <translation>
        <author>King Fahad Quran Complex</author>
        <text>Dan janganlah kamu mengadakan tuhan yang lain disamping Allah. Sesungguhnya aku seorang pemberi peringatan yang nyata dari Allah untukmu.</text>
      </translation>
    </translations>
    <rules>[{"start": 52, "end": 55, "rule_id": 0}, {"start": 63, "end": 66, "rule_id": 0}, {"start": 79, "end": 82, "rule_id": 0}, {"start": 8, "end": 10, "rule_id": 1}, {"start": 76, "end": 82, "rule_id": 3}, {"start": 61, "end": 66, "rule_id": 4}]</rules>
  </verse>
  <verse>
    <verseIdArabic>٥٢</verseIdArabic>
    <verseId>52</verseId>
    <chapterId>51</chapterId>
    <textIndopak>كَذَٰلِكَ مَآ أَتَى ٱلَّذِينَ مِن قَبۡلِهِم مِّن رَّسُولٍ إِلَّا قَالُواْ سَاحِرٌ أَوۡ مَجۡنُونٌ</textIndopak>
    <translations>
      <translation>
        <author>King Fahad Quran Complex</author>
        <text>Demikianlah tidak seorang rasul pun yang datang kepada orang-orang yang sebelum mereka, melainkan mereka mengatakan, "Ia adalah seorang tukang sihir atau seorang gila".</text>
      </translation>
    </translations>
    <rules>[{"start": 45, "end": 48, "rule_id": 0}, {"start": 37, "end": 39, "rule_id": 1}, {"start": 90, "end": 92, "rule_id": 1}, {"start": 43, "end": 48, "rule_id": 4}, {"start": 48, "end": 53, "rule_id": 5}, {"start": 33, "end": 37, "rule_id": 6}]</rules>
  </verse>
  <verse>
    <verseIdArabic>٥٣</verseIdArabic>
    <verseId>53</verseId>
    <chapterId>51</chapterId>
    <textIndopak>أَتَوَاصَوۡاْ بِهِۦۚ بَلۡ هُمۡ قَوۡمٞ طَاغُونَ</textIndopak>
    <translations>
      <translation>
        <author>King Fahad Quran Complex</author>
        <text>Apakah mereka saling berpesan tentang apa yang dikatakan itu. Sebenarnya mereka adalah kaum yang melampaui batas.</text>
      </translation>
    </translations>
    <rules>[{"start": 36, "end": 41, "rule_id": 6}]</rules>
  </verse>
  <verse>
    <verseIdArabic>٥٤</verseIdArabic>
    <verseId>54</verseId>
    <chapterId>51</chapterId>
    <textIndopak>فَتَوَلَّ عَنۡهُمۡ فَمَآ أَنتَ بِمَلُومٖ</textIndopak>
    <translations>
      <translation>
        <author>King Fahad Quran Complex</author>
        <text>Maka berpalinglah kamu dari mereka, dan kamu sekali-kali tidak tercela.</text>
      </translation>
    </translations>
    <rules>[{"start": 28, "end": 31, "rule_id": 6}]</rules>
  </verse>
  <verse>
    <verseIdArabic>٥٥</verseIdArabic>
    <verseId>55</verseId>
    <chapterId>51</chapterId>
    <textIndopak>وَذَكِّرۡ فَإِنَّ ٱلذِّكۡرَىٰ تَنفَعُ ٱلۡمُؤۡمِنِينَ</textIndopak>
    <translations>
      <translation>
        <author>King Fahad Quran Complex</author>
        <text>Dan tetaplah memberi peringatan, karena sesungguhnya peringatan itu bermanfaat bagi orang-orang yang beriman.</text>
      </translation>
    </translations>
    <rules>[{"start": 14, "end": 17, "rule_id": 0}, {"start": 32, "end": 35, "rule_id": 6}]</rules>
  </verse>
  <verse>
    <verseIdArabic>٥٦</verseIdArabic>
    <verseId>56</verseId>
    <chapterId>51</chapterId>
    <textIndopak>وَمَا خَلَقۡتُ ٱلۡجِنَّ وَٱلۡإِنسَ إِلَّا لِيَعۡبُدُونِ</textIndopak>
    <translations>
      <translation>
        <author>King Fahad Quran Complex</author>
        <text>Dan aku tidak menciptakan jin dan manusia melainkan supaya mereka menyembah-Ku.</text>
      </translation>
    </translations>
    <rules>[{"start": 20, "end": 23, "rule_id": 0}, {"start": 10, "end": 12, "rule_id": 1}, {"start": 31, "end": 34, "rule_id": 6}]</rules>
  </verse>
  <verse>
    <verseIdArabic>٥٧</verseIdArabic>
    <verseId>57</verseId>
    <chapterId>51</chapterId>
    <textIndopak>مَآ أُرِيدُ مِنۡهُم مِّن رِّزۡقٖ وَمَآ أُرِيدُ أَن يُطۡعِمُونِ</textIndopak>
    <translations>
      <translation>
        <author>King Fahad Quran Complex</author>
        <text>Aku tidak menghendaki rezeki sedikit pun dari mereka dan Aku tidak menghendaki supaya mereka memberi Aku makan.</text>
      </translation>
    </translations>
    <rules>[{"start": 21, "end": 24, "rule_id": 0}, {"start": 55, "end": 57, "rule_id": 1}, {"start": 51, "end": 55, "rule_id": 3}, {"start": 31, "end": 36, "rule_id": 3}, {"start": 19, "end": 24, "rule_id": 4}, {"start": 24, "end": 29, "rule_id": 5}]</rules>
  </verse>
  <verse>
    <verseIdArabic>٥٨</verseIdArabic>
    <verseId>58</verseId>
    <chapterId>51</chapterId>
    <textIndopak>إِنَّ ٱللَّهَ هُوَ ٱلرَّزَّاقُ ذُو ٱلۡقُوَّةِ ٱلۡمَتِينُ</textIndopak>
    <translations>
      <translation>
        <author>King Fahad Quran Complex</author>
        <text>Sesungguhnya Allah Dia-lah Maha Pemberi rezeki Yang mempunyai Kekuatan lagi sangat kukuh.</text>
      </translation>
    </translations>
    <rules>[{"start": 2, "end": 5, "rule_id": 0}]</rules>
  </verse>
  <verse>
    <verseIdArabic>٥٩</verseIdArabic>
    <verseId>59</verseId>
    <chapterId>51</chapterId>
    <textIndopak>فَإِنَّ لِلَّذِينَ ظَلَمُواْ ذَنُوبٗا مِّثۡلَ ذَنُوبِ أَصۡحَٰبِهِمۡ فَلَا يَسۡتَعۡجِلُونِ</textIndopak>
    <translations>
      <translation>
        <author>King Fahad Quran Complex</author>
        <text>Maka sesungguhnya untuk orang-orang zalim ada bagian (siksa) seperti bagian teman mereka (dahulu); maka janganlah mereka meminta kepada-Ku menyegerakannya.</text>
      </translation>
    </translations>
    <rules>[{"start": 4, "end": 7, "rule_id": 0}, {"start": 38, "end": 41, "rule_id": 0}, {"start": 34, "end": 41, "rule_id": 3}]</rules>
  </verse>
  <verse>
    <verseIdArabic>٦٠</verseIdArabic>
    <verseId>60</verseId>
    <chapterId>51</chapterId>
    <textIndopak>فَوَيۡلٞ لِّلَّذِينَ كَفَرُواْ مِن يَوۡمِهِمُ ٱلَّذِي يُوعَدُونَ</textIndopak>
    <translations>
      <translation>
        <author>King Fahad Quran Complex</author>
        <text>Maka kecelakaanlah bagi orang-orang yang kafir pada hari yang diancamkan kepada mereka.</text>
      </translation>
    </translations>
    <rules>[{"start": 33, "end": 37, "rule_id": 3}, {"start": 6, "end": 12, "rule_id": 5}]</rules>
  </verse>
</verses>
