<?xml version="1.0" encoding="UTF-8"?>

<verses>
  <verse>
    <verseIdArabic>١</verseIdArabic>
    <verseId>1</verseId>
    <chapterId>52</chapterId>
    <textIndopak>وَٱلطُّورِ</textIndopak>
    <translations>
      <translation>
        <author>King Fahad Quran Complex</author>
        <text>Demi bukit,</text>
      </translation>
    </translations>
  </verse>
  <verse>
    <verseIdArabic>٢</verseIdArabic>
    <verseId>2</verseId>
    <chapterId>52</chapterId>
    <textIndopak>وَكِتَٰبٖ مَّسۡطُورٖ</textIndopak>
    <translations>
      <translation>
        <author>King Fahad Quran Complex</author>
        <text>dan kitab yang ditulis,</text>
      </translation>
    </translations>
    <rules>[{"start": 10, "end": 13, "rule_id": 0}, {"start": 7, "end": 13, "rule_id": 3}]</rules>
  </verse>
  <verse>
    <verseIdArabic>٣</verseIdArabic>
    <verseId>3</verseId>
    <chapterId>52</chapterId>
    <textIndopak>فِي رَقّٖ مَّنشُورٖ</textIndopak>
    <translations>
      <translation>
        <author>King Fahad Quran Complex</author>
        <text>pada lembaran yang terbuka,</text>
      </translation>
    </translations>
    <rules>[{"start": 10, "end": 13, "rule_id": 0}, {"start": 6, "end": 13, "rule_id": 3}, {"start": 13, "end": 16, "rule_id": 6}]</rules>
  </verse>
  <verse>
    <verseIdArabic>٤</verseIdArabic>
    <verseId>4</verseId>
    <chapterId>52</chapterId>
    <textIndopak>وَٱلۡبَيۡتِ ٱلۡمَعۡمُورِ</textIndopak>
    <translations>
      <translation>
        <author>King Fahad Quran Complex</author>
        <text>dan demi Baitul Makmur,</text>
      </translation>
    </translations>
  </verse>
  <verse>
    <verseIdArabic>٥</verseIdArabic>
    <verseId>5</verseId>
    <chapterId>52</chapterId>
    <textIndopak>وَٱلسَّقۡفِ ٱلۡمَرۡفُوعِ</textIndopak>
    <translations>
      <translation>
        <author>King Fahad Quran Complex</author>
        <text>dan atap yang ditinggikan (langit),</text>
      </translation>
    </translations>
    <rules>[{"start": 7, "end": 9, "rule_id": 1}]</rules>
  </verse>
  <verse>
    <verseIdArabic>٦</verseIdArabic>
    <verseId>6</verseId>
    <chapterId>52</chapterId>
    <textIndopak>وَٱلۡبَحۡرِ ٱلۡمَسۡجُورِ</textIndopak>
    <translations>
      <translation>
        <author>King Fahad Quran Complex</author>
        <text>dan laut yang di dalam tanahnya ada api,</text>
      </translation>
    </translations>
  </verse>
  <verse>
    <verseIdArabic>٧</verseIdArabic>
    <verseId>7</verseId>
    <chapterId>52</chapterId>
    <textIndopak>إِنَّ عَذَابَ رَبِّكَ لَوَٰقِعٞ</textIndopak>
    <translations>
      <translation>
        <author>King Fahad Quran Complex</author>
        <text>sesungguhnya azab Tuhan-mu pasti terjadi,</text>
      </translation>
    </translations>
    <rules>[{"start": 2, "end": 5, "rule_id": 0}]</rules>
  </verse>
  <verse>
    <verseIdArabic>٨</verseIdArabic>
    <verseId>8</verseId>
    <chapterId>52</chapterId>
    <textIndopak>مَّا لَهُۥ مِن دَافِعٖ</textIndopak>
    <translations>
      <translation>
        <author>King Fahad Quran Complex</author>
        <text>tidak seorang pun yang dapat menolaknya,</text>
      </translation>
    </translations>
    <rules>[{"start": 0, "end": 3, "rule_id": 0}, {"start": 13, "end": 17, "rule_id": 6}]</rules>
  </verse>
  <verse>
    <verseIdArabic>٩</verseIdArabic>
    <verseId>9</verseId>
    <chapterId>52</chapterId>
    <textIndopak>يَوۡمَ تَمُورُ ٱلسَّمَآءُ مَوۡرٗا</textIndopak>
    <translations>
      <translation>
        <author>King Fahad Quran Complex</author>
        <text>pada hari ketika langit benar-benar berguncang,</text>
      </translation>
    </translations>
  </verse>
  <verse>
    <verseIdArabic>١٠</verseIdArabic>
    <verseId>10</verseId>
    <chapterId>52</chapterId>
    <textIndopak>وَتَسِيرُ ٱلۡجِبَالُ سَيۡرٗا</textIndopak>
    <translations>
      <translation>
        <author>King Fahad Quran Complex</author>
        <text>dan gunung benar-benar berjalan.</text>
      </translation>
    </translations>
  </verse>
  <verse>
    <verseIdArabic>١١</verseIdArabic>
    <verseId>11</verseId>
    <chapterId>52</chapterId>
    <textIndopak>فَوَيۡلٞ يَوۡمَئِذٖ لِّلۡمُكَذِّبِينَ</textIndopak>
    <translations>
      <translation>
        <author>King Fahad Quran Complex</author>
        <text>Maka kecelakaan yang besarlah di hari itu bagi orang-orang yang mendustakan,</text>
      </translation>
    </translations>
    <rules>[{"start": 6, "end": 11, "rule_id": 3}, {"start": 17, "end": 23, "rule_id": 5}]</rules>
  </verse>
  <verse>
    <verseIdArabic>١٢</verseIdArabic>
    <verseId>12</verseId>
    <chapterId>52</chapterId>
    <textIndopak>ٱلَّذِينَ هُمۡ فِي خَوۡضٖ يَلۡعَبُونَ</textIndopak>
    <translations>
      <translation>
        <author>King Fahad Quran Complex</author>
        <text>(yaitu) orang-orang yang bermain-main dalam kebatilan,</text>
      </translation>
    </translations>
    <rules>[{"start": 23, "end": 28, "rule_id": 3}]</rules>
  </verse>
  <verse>
    <verseIdArabic>١٣</verseIdArabic>
    <verseId>13</verseId>
    <chapterId>52</chapterId>
    <textIndopak>يَوۡمَ يُدَعُّونَ إِلَىٰ نَارِ جَهَنَّمَ دَعًّا</textIndopak>
    <translations>
      <translation>
        <author>King Fahad Quran Complex</author>
        <text>pada hari mereka didorong ke neraka Jahanam dengan sekuat-kuatnya.</text>
      </translation>
    </translations>
    <rules>[{"start": 35, "end": 38, "rule_id": 0}]</rules>
  </verse>
  <verse>
    <verseIdArabic>١٤</verseIdArabic>
    <verseId>14</verseId>
    <chapterId>52</chapterId>
    <textIndopak>هَٰذِهِ ٱلنَّارُ ٱلَّتِي كُنتُم بِهَا تُكَذِّبُونَ</textIndopak>
    <translations>
      <translation>
        <author>King Fahad Quran Complex</author>
        <text>(Dikatakan kepada mereka), "Inilah neraka yang dahulu kamu selalu mendustakannya".</text>
      </translation>
    </translations>
    <rules>[{"start": 10, "end": 13, "rule_id": 0}, {"start": 27, "end": 30, "rule_id": 6}, {"start": 30, "end": 34, "rule_id": 7}]</rules>
  </verse>
  <verse>
    <verseIdArabic>١٥</verseIdArabic>
    <verseId>15</verseId>
    <chapterId>52</chapterId>
    <textIndopak>أَفَسِحۡرٌ هَٰذَآ أَمۡ أَنتُمۡ لَا تُبۡصِرُونَ</textIndopak>
    <translations>
      <translation>
        <author>King Fahad Quran Complex</author>
        <text>Maka apakah ini sihir? Ataukah kamu tidak melihat?</text>
      </translation>
    </translations>
    <rules>[{"start": 38, "end": 40, "rule_id": 1}, {"start": 26, "end": 29, "rule_id": 6}]</rules>
  </verse>
  <verse>
    <verseIdArabic>١٦</verseIdArabic>
    <verseId>16</verseId>
    <chapterId>52</chapterId>
    <textIndopak>ٱصۡلَوۡهَا فَٱصۡبِرُوٓاْ أَوۡ لَا تَصۡبِرُواْ سَوَآءٌ عَلَيۡكُمۡۖ إِنَّمَا تُجۡزَوۡنَ مَا كُنتُمۡ تَعۡمَلُونَ</textIndopak>
    <translations>
      <translation>
        <author>King Fahad Quran Complex</author>
        <text>Masukklah kamu ke dalamnya (rasakanlah panas apinya); maka baik kamu bersabar atau tidak, sama saja bagimu; kamu diberi balasan terhadap apa yang telah kamu kerjakan.</text>
      </translation>
    </translations>
    <rules>[{"start": 70, "end": 73, "rule_id": 0}, {"start": 79, "end": 81, "rule_id": 1}, {"start": 94, "end": 97, "rule_id": 6}]</rules>
  </verse>
  <verse>
    <verseIdArabic>١٧</verseIdArabic>
    <verseId>17</verseId>
    <chapterId>52</chapterId>
    <textIndopak>إِنَّ ٱلۡمُتَّقِينَ فِي جَنَّٰتٖ وَنَعِيمٖ</textIndopak>
    <translations>
      <translation>
        <author>King Fahad Quran Complex</author>
        <text>Sesungguhnya orang-orang yang bertakwa berada dalam surga dan kenikmatan,</text>
      </translation>
    </translations>
    <rules>[{"start": 2, "end": 5, "rule_id": 0}, {"start": 26, "end": 30, "rule_id": 0}, {"start": 30, "end": 35, "rule_id": 3}]</rules>
  </verse>
  <verse>
    <verseIdArabic>١٨</verseIdArabic>
    <verseId>18</verseId>
    <chapterId>52</chapterId>
    <textIndopak>فَٰكِهِينَ بِمَآ ءَاتَىٰهُمۡ رَبُّهُمۡ وَوَقَىٰهُمۡ رَبُّهُمۡ عَذَابَ ٱلۡجَحِيمِ</textIndopak>
    <translations>
      <translation>
        <author>King Fahad Quran Complex</author>
        <text>mereka bersuka ria dengan apa yang diberikan kepada mereka oleh Tuhan mereka; dan Tuhan mereka memelihara mereka dari azab neraka.</text>
      </translation>
    </translations>
  </verse>
  <verse>
    <verseIdArabic>١٩</verseIdArabic>
    <verseId>19</verseId>
    <chapterId>52</chapterId>
    <textIndopak>كُلُواْ وَٱشۡرَبُواْ هَنِيٓـَٔۢا بِمَا كُنتُمۡ تَعۡمَلُونَ</textIndopak>
    <translations>
      <translation>
        <author>King Fahad Quran Complex</author>
        <text>(Dikatakan kepada mereka), "Makan dan minumlah dengan enak sebagai balasan dari apa yang telah kamu kerjakan",</text>
      </translation>
    </translations>
    <rules>[{"start": 41, "end": 44, "rule_id": 6}]</rules>
  </verse>
  <verse>
    <verseIdArabic>٢٠</verseIdArabic>
    <verseId>20</verseId>
    <chapterId>52</chapterId>
    <textIndopak>مُتَّكِـِٔينَ عَلَىٰ سُرُرٖ مَّصۡفُوفَةٖۖ وَزَوَّجۡنَٰهُم بِحُورٍ عِينٖ</textIndopak>
    <translations>
      <translation>
        <author>King Fahad Quran Complex</author>
        <text>mereka bertelekan di atas dipan-dipan berderetan dan Kami kawinkan mereka dengan bidadari-bidadari yang cantik bermata jeli.</text>
      </translation>
    </translations>
    <rules>[{"start": 28, "end": 31, "rule_id": 0}, {"start": 50, "end": 52, "rule_id": 1}, {"start": 25, "end": 31, "rule_id": 3}, {"start": 38, "end": 45, "rule_id": 3}, {"start": 57, "end": 61, "rule_id": 7}]</rules>
  </verse>
  <verse>
    <verseIdArabic>٢١</verseIdArabic>
    <verseId>21</verseId>
    <chapterId>52</chapterId>
    <textIndopak>وَٱلَّذِينَ ءَامَنُواْ وَٱتَّبَعَتۡهُمۡ ذُرِّيَّتُهُم بِإِيمَٰنٍ أَلۡحَقۡنَا بِهِمۡ ذُرِّيَّتَهُمۡ وَمَآ أَلَتۡنَٰهُم مِّنۡ عَمَلِهِم مِّن شَيۡءٖۚ كُلُّ ٱمۡرِيِٕۭ بِمَا كَسَبَ رَهِينٞ</textIndopak>
    <translations>
      <translation>
        <author>King Fahad Quran Complex</author>
        <text>Dan orang-oranng yang beriman, dan yang anak cucu mereka mengikuti mereka dalam keimanan, Kami hubungkan anak cucu mereka dengan mereka, dan Kami tiada mengurangi sedikit pun dari pahala amal mereka. Tiap-tiap manusia terikat dengan apa yang dikerjakannya.</text>
      </translation>
    </translations>
    <rules>[{"start": 119, "end": 122, "rule_id": 0}, {"start": 135, "end": 138, "rule_id": 0}, {"start": 71, "end": 73, "rule_id": 1}, {"start": 160, "end": 166, "rule_id": 2}, {"start": 117, "end": 122, "rule_id": 4}, {"start": 133, "end": 138, "rule_id": 4}, {"start": 138, "end": 142, "rule_id": 6}, {"start": 52, "end": 56, "rule_id": 7}]</rules>
  </verse>
  <verse>
    <verseIdArabic>٢٢</verseIdArabic>
    <verseId>22</verseId>
    <chapterId>52</chapterId>
    <textIndopak>وَأَمۡدَدۡنَٰهُم بِفَٰكِهَةٖ وَلَحۡمٖ مِّمَّا يَشۡتَهُونَ</textIndopak>
    <translations>
      <translation>
        <author>King Fahad Quran Complex</author>
        <text>Dan Kami beri mereka tambahan dengan buah-buahan dan daging dari segala jenis yang mereka ingini.</text>
      </translation>
    </translations>
    <rules>[{"start": 38, "end": 41, "rule_id": 0}, {"start": 41, "end": 44, "rule_id": 0}, {"start": 8, "end": 10, "rule_id": 1}, {"start": 26, "end": 31, "rule_id": 3}, {"start": 35, "end": 41, "rule_id": 3}, {"start": 15, "end": 19, "rule_id": 7}]</rules>
  </verse>
  <verse>
    <verseIdArabic>٢٣</verseIdArabic>
    <verseId>23</verseId>
    <chapterId>52</chapterId>
    <textIndopak>يَتَنَٰزَعُونَ فِيهَا كَأۡسٗا لَّا لَغۡوٞ فِيهَا وَلَا تَأۡثِيمٞ</textIndopak>
    <translations>
      <translation>
        <author>King Fahad Quran Complex</author>
        <text>Di dalam surga mereka saling memperebutkan piala (gelas) yang isinya tidak (menimbulkan) kata-kata yang tidak berfaedah dan tiada pula perbuatan dosa.</text>
      </translation>
    </translations>
    <rules>[{"start": 26, "end": 33, "rule_id": 5}, {"start": 39, "end": 44, "rule_id": 6}]</rules>
  </verse>
  <verse>
    <verseIdArabic>٢٤</verseIdArabic>
    <verseId>24</verseId>
    <chapterId>52</chapterId>
    <textIndopak>۞ وَيَطُوفُ عَلَيۡهِمۡ غِلۡمَانٞ لَّهُمۡ كَأَنَّهُمۡ لُؤۡلُؤٞ مَّكۡنُونٞ</textIndopak>
    <translations>
      <translation>
        <author>King Fahad Quran Complex</author>
        <text>Dan berkeliling di sekitar mereka anak-anak muda untuk (melayani) mereka, seakan-akan mereka itu mutiara yang tersimpan.</text>
      </translation>
    </translations>
    <rules>[{"start": 45, "end": 48, "rule_id": 0}, {"start": 62, "end": 65, "rule_id": 0}, {"start": 59, "end": 65, "rule_id": 3}, {"start": 30, "end": 36, "rule_id": 5}]</rules>
  </verse>
  <verse>
    <verseIdArabic>٢٥</verseIdArabic>
    <verseId>25</verseId>
    <chapterId>52</chapterId>
    <textIndopak>وَأَقۡبَلَ بَعۡضُهُمۡ عَلَىٰ بَعۡضٖ يَتَسَآءَلُونَ</textIndopak>
    <translations>
      <translation>
        <author>King Fahad Quran Complex</author>
        <text>Dan sebagian mereka menghadap kepada sebagian yang lain saling bertanya.</text>
      </translation>
    </translations>
    <rules>[{"start": 4, "end": 6, "rule_id": 1}, {"start": 33, "end": 38, "rule_id": 3}]</rules>
  </verse>
  <verse>
    <verseIdArabic>٢٦</verseIdArabic>
    <verseId>26</verseId>
    <chapterId>52</chapterId>
    <textIndopak>قَالُوٓاْ إِنَّا كُنَّا قَبۡلُ فِيٓ أَهۡلِنَا مُشۡفِقِينَ</textIndopak>
    <translations>
      <translation>
        <author>King Fahad Quran Complex</author>
        <text>Mereka berkata, "Sesungguhnya kami dahulu, sewaktu berada di tengah-tengah keluarga kami merasa takut (akan diazab)".</text>
      </translation>
    </translations>
    <rules>[{"start": 12, "end": 15, "rule_id": 0}, {"start": 19, "end": 22, "rule_id": 0}, {"start": 26, "end": 28, "rule_id": 1}]</rules>
  </verse>
  <verse>
    <verseIdArabic>٢٧</verseIdArabic>
    <verseId>27</verseId>
    <chapterId>52</chapterId>
    <textIndopak>فَمَنَّ ٱللَّهُ عَلَيۡنَا وَوَقَىٰنَا عَذَابَ ٱلسَّمُومِ</textIndopak>
    <translations>
      <translation>
        <author>King Fahad Quran Complex</author>
        <text>Maka Allah memberikan karunia kepada kami dan memelihara kami dari azab neraka.</text>
      </translation>
    </translations>
    <rules>[{"start": 4, "end": 7, "rule_id": 0}]</rules>
  </verse>
  <verse>
    <verseIdArabic>٢٨</verseIdArabic>
    <verseId>28</verseId>
    <chapterId>52</chapterId>
    <textIndopak>إِنَّا كُنَّا مِن قَبۡلُ نَدۡعُوهُۖ إِنَّهُۥ هُوَ ٱلۡبَرُّ ٱلرَّحِيمُ</textIndopak>
    <translations>
      <translation>
        <author>King Fahad Quran Complex</author>
        <text>Sesungguhnya kami dahulu menyembah-Nya. Sesungguhnya Dia-lah yang melimpahkan kebaikan lagi Maha Penyayang.</text>
      </translation>
    </translations>
    <rules>[{"start": 2, "end": 5, "rule_id": 0}, {"start": 9, "end": 12, "rule_id": 0}, {"start": 39, "end": 42, "rule_id": 0}, {"start": 20, "end": 22, "rule_id": 1}, {"start": 27, "end": 29, "rule_id": 1}, {"start": 16, "end": 20, "rule_id": 6}]</rules>
  </verse>
  <verse>
    <verseIdArabic>٢٩</verseIdArabic>
    <verseId>29</verseId>
    <chapterId>52</chapterId>
    <textIndopak>فَذَكِّرۡ فَمَآ أَنتَ بِنِعۡمَتِ رَبِّكَ بِكَاهِنٖ وَلَا مَجۡنُونٍ</textIndopak>
    <translations>
      <translation>
        <author>King Fahad Quran Complex</author>
        <text>Maka tetaplah memberi peringatan, dan kamu disebabkan nikmat Tuhan-mu bukanlah seorang tukang tenung dan bukan pula seorang gila.</text>
      </translation>
    </translations>
    <rules>[{"start": 60, "end": 62, "rule_id": 1}, {"start": 49, "end": 54, "rule_id": 3}, {"start": 19, "end": 22, "rule_id": 6}]</rules>
  </verse>
  <verse>
    <verseIdArabic>٣٠</verseIdArabic>
    <verseId>30</verseId>
    <chapterId>52</chapterId>
    <textIndopak>أَمۡ يَقُولُونَ شَاعِرٞ نَّتَرَبَّصُ بِهِۦ رَيۡبَ ٱلۡمَنُونِ</textIndopak>
    <translations>
      <translation>
        <author>King Fahad Quran Complex</author>
        <text>Bahkan mereka mengatakan, "Dia adalah seorang penyair yang kami tunggu-tunggu kecelakaan menimpanya".</text>
      </translation>
    </translations>
    <rules>[{"start": 24, "end": 27, "rule_id": 0}, {"start": 21, "end": 27, "rule_id": 3}]</rules>
  </verse>
  <verse>
    <verseIdArabic>٣١</verseIdArabic>
    <verseId>31</verseId>
    <chapterId>52</chapterId>
    <textIndopak>قُلۡ تَرَبَّصُواْ فَإِنِّي مَعَكُم مِّنَ ٱلۡمُتَرَبِّصِينَ</textIndopak>
    <translations>
      <translation>
        <author>King Fahad Quran Complex</author>
        <text>Katakanlah, "Tunggulah, maka sesungguhnya aku pun termasuk orang yang menunggu (pula) bersama kamu".</text>
      </translation>
    </translations>
    <rules>[{"start": 22, "end": 25, "rule_id": 0}, {"start": 35, "end": 38, "rule_id": 0}, {"start": 33, "end": 38, "rule_id": 4}]</rules>
  </verse>
  <verse>
    <verseIdArabic>٣٢</verseIdArabic>
    <verseId>32</verseId>
    <chapterId>52</chapterId>
    <textIndopak>أَمۡ تَأۡمُرُهُمۡ أَحۡلَٰمُهُم بِهَٰذَآۚ أَمۡ هُمۡ قَوۡمٞ طَاغُونَ</textIndopak>
    <translations>
      <translation>
        <author>King Fahad Quran Complex</author>
        <text>Apakah mereka diperintah oleh pikiran-pikiran mereka untuk mengucapkan tuduhan-tuduhan ini ataukah mereka kaum yang melampaui batas?</text>
      </translation>
    </translations>
    <rules>[{"start": 57, "end": 62, "rule_id": 6}, {"start": 29, "end": 33, "rule_id": 7}]</rules>
  </verse>
  <verse>
    <verseIdArabic>٣٣</verseIdArabic>
    <verseId>33</verseId>
    <chapterId>52</chapterId>
    <textIndopak>أَمۡ يَقُولُونَ تَقَوَّلَهُۥۚ بَل لَّا يُؤۡمِنُونَ</textIndopak>
    <translations>
      <translation>
        <author>King Fahad Quran Complex</author>
        <text>Ataukah mereka mengatakan, "Dia (Muhammad) membuat-buatnya". Sebenarnya mereka tidak beriman.</text>
      </translation>
    </translations>
  </verse>
  <verse>
    <verseIdArabic>٣٤</verseIdArabic>
    <verseId>34</verseId>
    <chapterId>52</chapterId>
    <textIndopak>فَلۡيَأۡتُواْ بِحَدِيثٖ مِّثۡلِهِۦٓ إِن كَانُواْ صَٰدِقِينَ</textIndopak>
    <translations>
      <translation>
        <author>King Fahad Quran Complex</author>
        <text>Maka hendaklah mereka mendatangkan kalimat yang semisal Al-Qur`ān itu jika mereka orang-orang yang benar.</text>
      </translation>
    </translations>
    <rules>[{"start": 24, "end": 27, "rule_id": 0}, {"start": 21, "end": 27, "rule_id": 3}, {"start": 38, "end": 42, "rule_id": 6}]</rules>
  </verse>
  <verse>
    <verseIdArabic>٣٥</verseIdArabic>
    <verseId>35</verseId>
    <chapterId>52</chapterId>
    <textIndopak>أَمۡ خُلِقُواْ مِنۡ غَيۡرِ شَيۡءٍ أَمۡ هُمُ ٱلۡخَٰلِقُونَ</textIndopak>
    <translations>
      <translation>
        <author>King Fahad Quran Complex</author>
        <text>Apakah mereka diciptakan tanpa sesuatu pun ataukah mereka yang menciptakan (diri mereka sendiri)?</text>
      </translation>
    </translations>
  </verse>
  <verse>
    <verseIdArabic>٣٦</verseIdArabic>
    <verseId>36</verseId>
    <chapterId>52</chapterId>
    <textIndopak>أَمۡ خَلَقُواْ ٱلسَّمَٰوَٰتِ وَٱلۡأَرۡضَۚ بَل لَّا يُوقِنُونَ</textIndopak>
    <translations>
      <translation>
        <author>King Fahad Quran Complex</author>
        <text>Ataukah mereka telah menciptakan langit dan bumi itu? Sebenarnya mereka tidak meyakini (apa yang mereka katakan).</text>
      </translation>
    </translations>
  </verse>
  <verse>
    <verseIdArabic>٣٧</verseIdArabic>
    <verseId>37</verseId>
    <chapterId>52</chapterId>
    <textIndopak>أَمۡ عِندَهُمۡ خَزَآئِنُ رَبِّكَ أَمۡ هُمُ ٱلۡمُصَۜيۡطِرُونَ</textIndopak>
    <translations>
      <translation>
        <author>King Fahad Quran Complex</author>
        <text>Ataukah di sisi mereka ada perbendaharaan Tuhan-mu atau merekakah yang berkuasa?</text>
      </translation>
    </translations>
    <rules>[{"start": 7, "end": 10, "rule_id": 6}]</rules>
  </verse>
  <verse>
    <verseIdArabic>٣٨</verseIdArabic>
    <verseId>38</verseId>
    <chapterId>52</chapterId>
    <textIndopak>أَمۡ لَهُمۡ سُلَّمٞ يَسۡتَمِعُونَ فِيهِۖ فَلۡيَأۡتِ مُسۡتَمِعُهُم بِسُلۡطَٰنٖ مُّبِينٍ</textIndopak>
    <translations>
      <translation>
        <author>King Fahad Quran Complex</author>
        <text>Ataukah mereka mempunyai tangga (ke langit) untuk mendengarkan pada tangga itu (hal-hal yang gaib)? Maka hendaklah orang yang mendengarkan di antara mereka mendatangkan suatu keterangan yang nyata.</text>
      </translation>
    </translations>
    <rules>[{"start": 79, "end": 82, "rule_id": 0}, {"start": 17, "end": 22, "rule_id": 3}, {"start": 76, "end": 82, "rule_id": 3}, {"start": 65, "end": 69, "rule_id": 7}]</rules>
  </verse>
  <verse>
    <verseIdArabic>٣٩</verseIdArabic>
    <verseId>39</verseId>
    <chapterId>52</chapterId>
    <textIndopak>أَمۡ لَهُ ٱلۡبَنَٰتُ وَلَكُمُ ٱلۡبَنُونَ</textIndopak>
    <translations>
      <translation>
        <author>King Fahad Quran Complex</author>
        <text>Ataukah untuk Allah anak-anak perempuan dan untuk kamu anak-anak laki-laki?</text>
      </translation>
    </translations>
  </verse>
  <verse>
    <verseIdArabic>٤٠</verseIdArabic>
    <verseId>40</verseId>
    <chapterId>52</chapterId>
    <textIndopak>أَمۡ تَسۡـَٔلُهُمۡ أَجۡرٗا فَهُم مِّن مَّغۡرَمٖ مُّثۡقَلُونَ</textIndopak>
    <translations>
      <translation>
        <author>King Fahad Quran Complex</author>
        <text>Ataukah kamu meminta upah kepada mereka sehingga mereka dibebani dengan utang?</text>
      </translation>
    </translations>
    <rules>[{"start": 33, "end": 36, "rule_id": 0}, {"start": 38, "end": 41, "rule_id": 0}, {"start": 48, "end": 51, "rule_id": 0}, {"start": 21, "end": 23, "rule_id": 1}, {"start": 36, "end": 41, "rule_id": 3}, {"start": 45, "end": 51, "rule_id": 3}, {"start": 31, "end": 36, "rule_id": 4}]</rules>
  </verse>
  <verse>
    <verseIdArabic>٤١</verseIdArabic>
    <verseId>41</verseId>
    <chapterId>52</chapterId>
    <textIndopak>أَمۡ عِندَهُمُ ٱلۡغَيۡبُ فَهُمۡ يَكۡتُبُونَ</textIndopak>
    <translations>
      <translation>
        <author>King Fahad Quran Complex</author>
        <text>Apakah ada pada sisi mereka pengetahuan tentang yang gaib lalu mereka menuliskannya?</text>
      </translation>
    </translations>
    <rules>[{"start": 7, "end": 10, "rule_id": 6}]</rules>
  </verse>
  <verse>
    <verseIdArabic>٤٢</verseIdArabic>
    <verseId>42</verseId>
    <chapterId>52</chapterId>
    <textIndopak>أَمۡ يُرِيدُونَ كَيۡدٗاۖ فَٱلَّذِينَ كَفَرُواْ هُمُ ٱلۡمَكِيدُونَ</textIndopak>
    <translations>
      <translation>
        <author>King Fahad Quran Complex</author>
        <text>Ataukah mereka hendak melakukan tipu daya? Maka orang-orang yang kafir itu, merekalah yang kena tipu daya.</text>
      </translation>
    </translations>
  </verse>
  <verse>
    <verseIdArabic>٤٣</verseIdArabic>
    <verseId>43</verseId>
    <chapterId>52</chapterId>
    <textIndopak>أَمۡ لَهُمۡ إِلَٰهٌ غَيۡرُ ٱللَّهِۚ سُبۡحَٰنَ ٱللَّهِ عَمَّا يُشۡرِكُونَ</textIndopak>
    <translations>
      <translation>
        <author>King Fahad Quran Complex</author>
        <text>Ataukah mereka mempunyai tuhan selain Allah. Maha Suci Allah dari apa yang mereka persekutukan.</text>
      </translation>
    </translations>
    <rules>[{"start": 57, "end": 60, "rule_id": 0}, {"start": 39, "end": 41, "rule_id": 1}]</rules>
  </verse>
  <verse>
    <verseIdArabic>٤٤</verseIdArabic>
    <verseId>44</verseId>
    <chapterId>52</chapterId>
    <textIndopak>وَإِن يَرَوۡاْ كِسۡفٗا مِّنَ ٱلسَّمَآءِ سَاقِطٗا يَقُولُواْ سَحَابٞ مَّرۡكُومٞ</textIndopak>
    <translations>
      <translation>
        <author>King Fahad Quran Complex</author>
        <text>Jika mereka melihat sebagian dari langit gugur, mereka akan mengatakan, "Itu adalah awan yang bertindih-tindih".</text>
      </translation>
    </translations>
    <rules>[{"start": 23, "end": 26, "rule_id": 0}, {"start": 69, "end": 72, "rule_id": 0}, {"start": 4, "end": 8, "rule_id": 3}, {"start": 19, "end": 26, "rule_id": 3}, {"start": 46, "end": 52, "rule_id": 3}, {"start": 66, "end": 72, "rule_id": 3}]</rules>
  </verse>
  <verse>
    <verseIdArabic>٤٥</verseIdArabic>
    <verseId>45</verseId>
    <chapterId>52</chapterId>
    <textIndopak>فَذَرۡهُمۡ حَتَّىٰ يُلَٰقُواْ يَوۡمَهُمُ ٱلَّذِي فِيهِ يُصۡعَقُونَ</textIndopak>
    <translations>
      <translation>
        <author>King Fahad Quran Complex</author>
        <text>Maka biarkanlah mereka hingga mereka menemui hari (yang dijanjikan kepada) mereka yang pada hari itu mereka dibinasakan,</text>
      </translation>
    </translations>
  </verse>
  <verse>
    <verseIdArabic>٤٦</verseIdArabic>
    <verseId>46</verseId>
    <chapterId>52</chapterId>
    <textIndopak>يَوۡمَ لَا يُغۡنِي عَنۡهُمۡ كَيۡدُهُمۡ شَيۡـٔٗا وَلَا هُمۡ يُنصَرُونَ</textIndopak>
    <translations>
      <translation>
        <author>King Fahad Quran Complex</author>
        <text>(yaitu) hari ketika tidak berguna bagi mereka sedikit pun tipu daya mereka dan mereka tidak ditolong.</text>
      </translation>
    </translations>
    <rules>[{"start": 44, "end": 50, "rule_id": 3}, {"start": 61, "end": 64, "rule_id": 6}]</rules>
  </verse>
  <verse>
    <verseIdArabic>٤٧</verseIdArabic>
    <verseId>47</verseId>
    <chapterId>52</chapterId>
    <textIndopak>وَإِنَّ لِلَّذِينَ ظَلَمُواْ عَذَابٗا دُونَ ذَٰلِكَ وَلَٰكِنَّ أَكۡثَرَهُمۡ لَا يَعۡلَمُونَ</textIndopak>
    <translations>
      <translation>
        <author>King Fahad Quran Complex</author>
        <text>Dan sesungguhnya untuk orang-orang yang zalim ada azab selain itu. Tetapi kebanyakan mereka tidak mengetahui.</text>
      </translation>
    </translations>
    <rules>[{"start": 4, "end": 7, "rule_id": 0}, {"start": 59, "end": 62, "rule_id": 0}]</rules>
  </verse>
  <verse>
    <verseIdArabic>٤٨</verseIdArabic>
    <verseId>48</verseId>
    <chapterId>52</chapterId>
    <textIndopak>وَٱصۡبِرۡ لِحُكۡمِ رَبِّكَ فَإِنَّكَ بِأَعۡيُنِنَاۖ وَسَبِّحۡ بِحَمۡدِ رَبِّكَ حِينَ تَقُومُ</textIndopak>
    <translations>
      <translation>
        <author>King Fahad Quran Complex</author>
        <text>Dan bersabarlah dalam menunggu ketetapan Tuhan-mu, maka sesungguhnya kamu berada dalam penglihatan Kami, dan bertasbihlah dengan memuji Tuhan-mu ketika kamu bangun berdiri,</text>
      </translation>
    </translations>
    <rules>[{"start": 31, "end": 34, "rule_id": 0}]</rules>
  </verse>
  <verse>
    <verseIdArabic>٤٩</verseIdArabic>
    <verseId>49</verseId>
    <chapterId>52</chapterId>
    <textIndopak>وَمِنَ ٱلَّيۡلِ فَسَبِّحۡهُ وَإِدۡبَٰرَ ٱلنُّجُومِ</textIndopak>
    <translations>
      <translation>
        <author>King Fahad Quran Complex</author>
        <text>dan bertasbihlah kepada-Nya pada beberapa saat di malam hari dan di waktu terbenam bintang-bintang (di waktu fajar).</text>
      </translation>
    </translations>
    <rules>[{"start": 42, "end": 45, "rule_id": 0}, {"start": 32, "end": 34, "rule_id": 1}]</rules>
  </verse>
</verses>
