<?xml version="1.0" encoding="UTF-8"?>

<verses>
  <verse>
    <verseIdArabic>١</verseIdArabic>
    <verseId>1</verseId>
    <chapterId>54</chapterId>
    <textIndopak>ٱقۡتَرَبَتِ ٱلسَّاعَةُ وَٱنشَقَّ ٱلۡقَمَرُ</textIndopak>
    <translations>
      <translation>
        <author>King Fahad Quran Complex</author>
        <text>Telah dekat (datangnya) saat itu dan telah terbelah bulan.</text>
      </translation>
    </translations>
    <rules>[{"start": 1, "end": 3, "rule_id": 1}, {"start": 26, "end": 29, "rule_id": 6}]</rules>
  </verse>
  <verse>
    <verseIdArabic>٢</verseIdArabic>
    <verseId>2</verseId>
    <chapterId>54</chapterId>
    <textIndopak>وَإِن يَرَوۡاْ ءَايَةٗ يُعۡرِضُواْ وَيَقُولُواْ سِحۡرٞ مُّسۡتَمِرّٞ</textIndopak>
    <translations>
      <translation>
        <author>King Fahad Quran Complex</author>
        <text>Dan jika mereka (orang-orang musyrikin) melihat suatu tanda (mukjizat), mereka berpaling dan berkata, "(Ini adalah) sihir yang terus menerus".</text>
      </translation>
    </translations>
    <rules>[{"start": 55, "end": 58, "rule_id": 0}, {"start": 4, "end": 8, "rule_id": 3}, {"start": 20, "end": 25, "rule_id": 3}, {"start": 52, "end": 58, "rule_id": 3}]</rules>
  </verse>
  <verse>
    <verseIdArabic>٣</verseIdArabic>
    <verseId>3</verseId>
    <chapterId>54</chapterId>
    <textIndopak>وَكَذَّبُواْ وَٱتَّبَعُوٓاْ أَهۡوَآءَهُمۡۚ وَكُلُّ أَمۡرٖ مُّسۡتَقِرّٞ</textIndopak>
    <translations>
      <translation>
        <author>King Fahad Quran Complex</author>
        <text>Dan mereka mendustakan (Nabi) dan mengikuti hawa nafsu mereka, sedang tiap-tiap urusan telah ada ketetapannya.</text>
      </translation>
    </translations>
    <rules>[{"start": 60, "end": 63, "rule_id": 0}, {"start": 57, "end": 63, "rule_id": 3}]</rules>
  </verse>
  <verse>
    <verseIdArabic>٤</verseIdArabic>
    <verseId>4</verseId>
    <chapterId>54</chapterId>
    <textIndopak>وَلَقَدۡ جَآءَهُم مِّنَ ٱلۡأَنۢبَآءِ مَا فِيهِ مُزۡدَجَرٌ</textIndopak>
    <translations>
      <translation>
        <author>King Fahad Quran Complex</author>
        <text>Dan sesungguhnya telah datang kepada mereka beberapa kisah yang di dalamnya terdapat cegahan (dari kekafiran),</text>
      </translation>
    </translations>
    <rules>[{"start": 19, "end": 22, "rule_id": 0}, {"start": 6, "end": 8, "rule_id": 1}, {"start": 30, "end": 34, "rule_id": 2}, {"start": 17, "end": 22, "rule_id": 4}]</rules>
  </verse>
  <verse>
    <verseIdArabic>٥</verseIdArabic>
    <verseId>5</verseId>
    <chapterId>54</chapterId>
    <textIndopak>حِكۡمَةُۢ بَٰلِغَةٞۖ فَمَا تُغۡنِ ٱلنُّذُرُ</textIndopak>
    <translations>
      <translation>
        <author>King Fahad Quran Complex</author>
        <text>Itulah suatu hikmah yang sempurna, maka peringatan-peringatan itu tidak berguna (bagi mereka).</text>
      </translation>
    </translations>
    <rules>[{"start": 37, "end": 40, "rule_id": 0}, {"start": 6, "end": 13, "rule_id": 2}]</rules>
  </verse>
  <verse>
    <verseIdArabic>٦</verseIdArabic>
    <verseId>6</verseId>
    <chapterId>54</chapterId>
    <textIndopak>فَتَوَلَّ عَنۡهُمۡۘ يَوۡمَ يَدۡعُ ٱلدَّاعِ إِلَىٰ شَيۡءٖ نُّكُرٍ</textIndopak>
    <translations>
      <translation>
        <author>King Fahad Quran Complex</author>
        <text>Maka berpalinglah kamu dari mereka. (Ingatlah) hari (ketika) seorang penyeru (malaikat) menyeru kepada sesuatu yang tidak menyenangkan (hari pembalasan),</text>
      </translation>
    </translations>
    <rules>[{"start": 58, "end": 61, "rule_id": 0}, {"start": 30, "end": 32, "rule_id": 1}, {"start": 55, "end": 61, "rule_id": 3}]</rules>
  </verse>
  <verse>
    <verseIdArabic>٧</verseIdArabic>
    <verseId>7</verseId>
    <chapterId>54</chapterId>
    <textIndopak>خُشَّعًا أَبۡصَٰرُهُمۡ يَخۡرُجُونَ مِنَ ٱلۡأَجۡدَاثِ كَأَنَّهُمۡ جَرَادٞ مُّنتَشِرٞ</textIndopak>
    <translations>
      <translation>
        <author>King Fahad Quran Complex</author>
        <text>sambil menundukkan pandangan-pandangan mereka keluar dari kuburan seakan-akan mereka belalang yang beterbangan,</text>
      </translation>
    </translations>
    <rules>[{"start": 57, "end": 60, "rule_id": 0}, {"start": 73, "end": 76, "rule_id": 0}, {"start": 11, "end": 13, "rule_id": 1}, {"start": 45, "end": 47, "rule_id": 1}, {"start": 70, "end": 76, "rule_id": 3}, {"start": 76, "end": 79, "rule_id": 6}]</rules>
  </verse>
  <verse>
    <verseIdArabic>٨</verseIdArabic>
    <verseId>8</verseId>
    <chapterId>54</chapterId>
    <textIndopak>مُّهۡطِعِينَ إِلَى ٱلدَّاعِۖ يَقُولُ ٱلۡكَٰفِرُونَ هَٰذَا يَوۡمٌ عَسِرٞ</textIndopak>
    <translations>
      <translation>
        <author>King Fahad Quran Complex</author>
        <text>mereka datang dengan cepat kepada penyeru itu. Orang-orang kafir berkata, "Ini adalah hari yang berat".</text>
      </translation>
    </translations>
    <rules>[{"start": 0, "end": 3, "rule_id": 0}]</rules>
  </verse>
  <verse>
    <verseIdArabic>٩</verseIdArabic>
    <verseId>9</verseId>
    <chapterId>54</chapterId>
    <textIndopak>۞ كَذَّبَتۡ قَبۡلَهُمۡ قَوۡمُ نُوحٖ فَكَذَّبُواْ عَبۡدَنَا وَقَالُواْ مَجۡنُونٞ وَٱزۡدُجِرَ</textIndopak>
    <translations>
      <translation>
        <author>King Fahad Quran Complex</author>
        <text>Sebelum mereka, telah mendustakan (pula) kaum Nūḥ, maka mereka mendustakan hamba Kami (Nūḥ) dan mengatakan, "Dia seorang gila dan dia sudah pernah diberi ancaman".</text>
      </translation>
    </translations>
    <rules>[{"start": 14, "end": 16, "rule_id": 1}, {"start": 51, "end": 53, "rule_id": 1}, {"start": 72, "end": 74, "rule_id": 1}, {"start": 77, "end": 82, "rule_id": 3}, {"start": 33, "end": 38, "rule_id": 6}]</rules>
  </verse>
  <verse>
    <verseIdArabic>١٠</verseIdArabic>
    <verseId>10</verseId>
    <chapterId>54</chapterId>
    <textIndopak>فَدَعَا رَبَّهُۥٓ أَنِّي مَغۡلُوبٞ فَٱنتَصِرۡ</textIndopak>
    <translations>
      <translation>
        <author>King Fahad Quran Complex</author>
        <text>Maka dia mengadu kepada Tuhan-nya, "Bahwasanya aku ini adalah orang yang dikalahkan, oleh sebab itu tolonglah (aku)".</text>
      </translation>
    </translations>
    <rules>[{"start": 20, "end": 23, "rule_id": 0}, {"start": 38, "end": 41, "rule_id": 6}, {"start": 32, "end": 37, "rule_id": 6}]</rules>
  </verse>
  <verse>
    <verseIdArabic>١١</verseIdArabic>
    <verseId>11</verseId>
    <chapterId>54</chapterId>
    <textIndopak>فَفَتَحۡنَآ أَبۡوَٰبَ ٱلسَّمَآءِ بِمَآءٖ مُّنۡهَمِرٖ</textIndopak>
    <translations>
      <translation>
        <author>King Fahad Quran Complex</author>
        <text>Maka Kami bukakan pintu-pintu langit dengan (menurunkan) air yang tercurah.</text>
      </translation>
    </translations>
    <rules>[{"start": 44, "end": 47, "rule_id": 0}, {"start": 15, "end": 17, "rule_id": 1}, {"start": 41, "end": 47, "rule_id": 3}]</rules>
  </verse>
  <verse>
    <verseIdArabic>١٢</verseIdArabic>
    <verseId>12</verseId>
    <chapterId>54</chapterId>
    <textIndopak>وَفَجَّرۡنَا ٱلۡأَرۡضَ عُيُونٗا فَٱلۡتَقَى ٱلۡمَآءُ عَلَىٰٓ أَمۡرٖ قَدۡ قُدِرَ</textIndopak>
    <translations>
      <translation>
        <author>King Fahad Quran Complex</author>
        <text>Dan Kami jadikan bumi memancarkan mata air-mata air, maka bertemulah air-air itu untuk satu urusan yang sungguh telah ditetapkan.</text>
      </translation>
    </translations>
    <rules>[{"start": 70, "end": 72, "rule_id": 1}, {"start": 65, "end": 70, "rule_id": 6}]</rules>
  </verse>
  <verse>
    <verseIdArabic>١٣</verseIdArabic>
    <verseId>13</verseId>
    <chapterId>54</chapterId>
    <textIndopak>وَحَمَلۡنَٰهُ عَلَىٰ ذَاتِ أَلۡوَٰحٖ وَدُسُرٖ</textIndopak>
    <translations>
      <translation>
        <author>King Fahad Quran Complex</author>
        <text>Dan Kami angkut Nūḥ ke atas (bahtera) yang terbuat dari papan dan paku,</text>
      </translation>
    </translations>
    <rules>[{"start": 34, "end": 39, "rule_id": 3}]</rules>
  </verse>
  <verse>
    <verseIdArabic>١٤</verseIdArabic>
    <verseId>14</verseId>
    <chapterId>54</chapterId>
    <textIndopak>تَجۡرِي بِأَعۡيُنِنَا جَزَآءٗ لِّمَن كَانَ كُفِرَ</textIndopak>
    <translations>
      <translation>
        <author>King Fahad Quran Complex</author>
        <text>Yang berlayar dengan pemeliharaan Kami sebagai balasan bagi orang-orang yang diingkari (Nūḥ).</text>
      </translation>
    </translations>
    <rules>[{"start": 2, "end": 4, "rule_id": 1}, {"start": 28, "end": 34, "rule_id": 5}, {"start": 36, "end": 40, "rule_id": 6}]</rules>
  </verse>
  <verse>
    <verseIdArabic>١٥</verseIdArabic>
    <verseId>15</verseId>
    <chapterId>54</chapterId>
    <textIndopak>وَلَقَد تَّرَكۡنَٰهَآ ءَايَةٗ فَهَلۡ مِن مُّدَّكِرٖ</textIndopak>
    <translations>
      <translation>
        <author>King Fahad Quran Complex</author>
        <text>Dan sesungguhnya telah Kami jadikan kapal itu sebagai pelajaran, maka adakah orang yang mau mengambil pelajaran?</text>
      </translation>
    </translations>
    <rules>[{"start": 42, "end": 45, "rule_id": 0}, {"start": 40, "end": 45, "rule_id": 3}, {"start": 28, "end": 33, "rule_id": 6}]</rules>
  </verse>
  <verse>
    <verseIdArabic>١٦</verseIdArabic>
    <verseId>16</verseId>
    <chapterId>54</chapterId>
    <textIndopak>فَكَيۡفَ كَانَ عَذَابِي وَنُذُرِ</textIndopak>
    <translations>
      <translation>
        <author>King Fahad Quran Complex</author>
        <text>Maka alangkah dahsyatnya azab-Ku dan ancaman-ancaman-Ku.</text>
      </translation>
    </translations>
  </verse>
  <verse>
    <verseIdArabic>١٧</verseIdArabic>
    <verseId>17</verseId>
    <chapterId>54</chapterId>
    <textIndopak>وَلَقَدۡ يَسَّرۡنَا ٱلۡقُرۡءَانَ لِلذِّكۡرِ فَهَلۡ مِن مُّدَّكِرٖ</textIndopak>
    <translations>
      <translation>
        <author>King Fahad Quran Complex</author>
        <text>Dan sesungguhnya telah Kami mudahkan Al-Qur`ān untuk pelajaran, maka adakah orang yang mengambil pelajaran?</text>
      </translation>
    </translations>
    <rules>[{"start": 55, "end": 58, "rule_id": 0}, {"start": 6, "end": 8, "rule_id": 1}, {"start": 53, "end": 58, "rule_id": 3}]</rules>
  </verse>
  <verse>
    <verseIdArabic>١٨</verseIdArabic>
    <verseId>18</verseId>
    <chapterId>54</chapterId>
    <textIndopak>كَذَّبَتۡ عَادٞ فَكَيۡفَ كَانَ عَذَابِي وَنُذُرِ</textIndopak>
    <translations>
      <translation>
        <author>King Fahad Quran Complex</author>
        <text>Kaum ʻĀd pun telah mendustakan (pula). Maka alangkah dahsyatnya azab-Ku dan ancaman-ancaman-Ku.</text>
      </translation>
    </translations>
    <rules>[{"start": 13, "end": 18, "rule_id": 6}]</rules>
  </verse>
  <verse>
    <verseIdArabic>١٩</verseIdArabic>
    <verseId>19</verseId>
    <chapterId>54</chapterId>
    <textIndopak>إِنَّآ أَرۡسَلۡنَا عَلَيۡهِمۡ رِيحٗا صَرۡصَرٗا فِي يَوۡمِ نَحۡسٖ مُّسۡتَمِرّٖ</textIndopak>
    <translations>
      <translation>
        <author>King Fahad Quran Complex</author>
        <text>Sesungguhnya Kami telah menghembuskan kepada mereka angin yang sangat kencang pada hari nahas yang terus menerus,</text>
      </translation>
    </translations>
    <rules>[{"start": 2, "end": 5, "rule_id": 0}, {"start": 66, "end": 69, "rule_id": 0}, {"start": 63, "end": 69, "rule_id": 3}]</rules>
  </verse>
  <verse>
    <verseIdArabic>٢٠</verseIdArabic>
    <verseId>20</verseId>
    <chapterId>54</chapterId>
    <textIndopak>تَنزِعُ ٱلنَّاسَ كَأَنَّهُمۡ أَعۡجَازُ نَخۡلٖ مُّنقَعِرٖ</textIndopak>
    <translations>
      <translation>
        <author>King Fahad Quran Complex</author>
        <text>yang menggelimpangkan manusia seakan-akan mereka pokok kurma yang tumbang.</text>
      </translation>
    </translations>
    <rules>[{"start": 10, "end": 13, "rule_id": 0}, {"start": 21, "end": 24, "rule_id": 0}, {"start": 46, "end": 49, "rule_id": 0}, {"start": 43, "end": 49, "rule_id": 3}, {"start": 2, "end": 5, "rule_id": 6}, {"start": 49, "end": 52, "rule_id": 6}]</rules>
  </verse>
  <verse>
    <verseIdArabic>٢١</verseIdArabic>
    <verseId>21</verseId>
    <chapterId>54</chapterId>
    <textIndopak>فَكَيۡفَ كَانَ عَذَابِي وَنُذُرِ</textIndopak>
    <translations>
      <translation>
        <author>King Fahad Quran Complex</author>
        <text>Maka betapakah dahsyatnya azab-Ku dan ancaman-ancaman-Ku.</text>
      </translation>
    </translations>
  </verse>
  <verse>
    <verseIdArabic>٢٢</verseIdArabic>
    <verseId>22</verseId>
    <chapterId>54</chapterId>
    <textIndopak>وَلَقَدۡ يَسَّرۡنَا ٱلۡقُرۡءَانَ لِلذِّكۡرِ فَهَلۡ مِن مُّدَّكِرٖ</textIndopak>
    <translations>
      <translation>
        <author>King Fahad Quran Complex</author>
        <text>Dan sesungguhnya telah Kami mudahkan Al-Qur`ān untuk pelajaran, maka adakah orang yang mengambil pelajaran?</text>
      </translation>
    </translations>
    <rules>[{"start": 55, "end": 58, "rule_id": 0}, {"start": 6, "end": 8, "rule_id": 1}, {"start": 53, "end": 58, "rule_id": 3}]</rules>
  </verse>
  <verse>
    <verseIdArabic>٢٣</verseIdArabic>
    <verseId>23</verseId>
    <chapterId>54</chapterId>
    <textIndopak>كَذَّبَتۡ ثَمُودُ بِٱلنُّذُرِ</textIndopak>
    <translations>
      <translation>
        <author>King Fahad Quran Complex</author>
        <text>Kaum Ṡamūd pun telah mendustakan ancaman-ancaman (itu).</text>
      </translation>
    </translations>
    <rules>[{"start": 22, "end": 25, "rule_id": 0}]</rules>
  </verse>
  <verse>
    <verseIdArabic>٢٤</verseIdArabic>
    <verseId>24</verseId>
    <chapterId>54</chapterId>
    <textIndopak>فَقَالُوٓاْ أَبَشَرٗا مِّنَّا وَٰحِدٗا نَّتَّبِعُهُۥٓ إِنَّآ إِذٗا لَّفِي ضَلَٰلٖ وَسُعُرٍ</textIndopak>
    <translations>
      <translation>
        <author>King Fahad Quran Complex</author>
        <text>Maka mereka berkata, "Bagaimana kita akan mengikuti saja seorang manusia (biasa) di antara kita? Sesungguhnya kalau kita begitu benar-benar berada dalam keadaan sesat dan gila",</text>
      </translation>
    </translations>
    <rules>[{"start": 22, "end": 25, "rule_id": 0}, {"start": 25, "end": 28, "rule_id": 0}, {"start": 39, "end": 42, "rule_id": 0}, {"start": 56, "end": 59, "rule_id": 0}, {"start": 18, "end": 25, "rule_id": 3}, {"start": 35, "end": 42, "rule_id": 3}, {"start": 80, "end": 85, "rule_id": 3}, {"start": 64, "end": 71, "rule_id": 5}]</rules>
  </verse>
  <verse>
    <verseIdArabic>٢٥</verseIdArabic>
    <verseId>25</verseId>
    <chapterId>54</chapterId>
    <textIndopak>أَءُلۡقِيَ ٱلذِّكۡرُ عَلَيۡهِ مِنۢ بَيۡنِنَا بَلۡ هُوَ كَذَّابٌ أَشِرٞ</textIndopak>
    <translations>
      <translation>
        <author>King Fahad Quran Complex</author>
        <text>Apakah wahyu itu diturunkan kepadanya di antara kita? Sebenarnya dia adalah seorang yang amat pendusta lagi sombong".</text>
      </translation>
    </translations>
    <rules>[{"start": 32, "end": 37, "rule_id": 2}]</rules>
  </verse>
  <verse>
    <verseIdArabic>٢٦</verseIdArabic>
    <verseId>26</verseId>
    <chapterId>54</chapterId>
    <textIndopak>سَيَعۡلَمُونَ غَدٗا مَّنِ ٱلۡكَذَّابُ ٱلۡأَشِرُ</textIndopak>
    <translations>
      <translation>
        <author>King Fahad Quran Complex</author>
        <text>Kelak mereka akan mengetahui siapakah yang sebenarnya amat pendusta lagi sombong.</text>
      </translation>
    </translations>
    <rules>[{"start": 20, "end": 23, "rule_id": 0}, {"start": 16, "end": 23, "rule_id": 3}]</rules>
  </verse>
  <verse>
    <verseIdArabic>٢٧</verseIdArabic>
    <verseId>27</verseId>
    <chapterId>54</chapterId>
    <textIndopak>إِنَّا مُرۡسِلُواْ ٱلنَّاقَةِ فِتۡنَةٗ لَّهُمۡ فَٱرۡتَقِبۡهُمۡ وَٱصۡطَبِرۡ</textIndopak>
    <translations>
      <translation>
        <author>King Fahad Quran Complex</author>
        <text>Sesungguhnya Kami akan mengirimkan unta betina sebagai cobaan bagi mereka, maka tunggulah (tindakan) mereka dan bersabarlah.</text>
      </translation>
    </translations>
    <rules>[{"start": 2, "end": 5, "rule_id": 0}, {"start": 21, "end": 24, "rule_id": 0}, {"start": 56, "end": 58, "rule_id": 1}, {"start": 36, "end": 42, "rule_id": 5}]</rules>
  </verse>
  <verse>
    <verseIdArabic>٢٨</verseIdArabic>
    <verseId>28</verseId>
    <chapterId>54</chapterId>
    <textIndopak>وَنَبِّئۡهُمۡ أَنَّ ٱلۡمَآءَ قِسۡمَةُۢ بَيۡنَهُمۡۖ كُلُّ شِرۡبٖ مُّحۡتَضَرٞ</textIndopak>
    <translations>
      <translation>
        <author>King Fahad Quran Complex</author>
        <text>Dan beritakanlah kepada mereka bahwa sesungguhnya air itu terbagi antara mereka (dengan unta betina itu); tiap-tiap giliran minum dihadiri (oleh yang punya giliran).</text>
      </translation>
    </translations>
    <rules>[{"start": 16, "end": 19, "rule_id": 0}, {"start": 66, "end": 69, "rule_id": 0}, {"start": 36, "end": 42, "rule_id": 2}, {"start": 63, "end": 69, "rule_id": 3}]</rules>
  </verse>
  <verse>
    <verseIdArabic>٢٩</verseIdArabic>
    <verseId>29</verseId>
    <chapterId>54</chapterId>
    <textIndopak>فَنَادَوۡاْ صَاحِبَهُمۡ فَتَعَاطَىٰ فَعَقَرَ</textIndopak>
    <translations>
      <translation>
        <author>King Fahad Quran Complex</author>
        <text>Maka mereka memanggil kawannya, lalu kawannya menangkap (unta itu) dan membunuhnya.</text>
      </translation>
    </translations>
  </verse>
  <verse>
    <verseIdArabic>٣٠</verseIdArabic>
    <verseId>30</verseId>
    <chapterId>54</chapterId>
    <textIndopak>فَكَيۡفَ كَانَ عَذَابِي وَنُذُرِ</textIndopak>
    <translations>
      <translation>
        <author>King Fahad Quran Complex</author>
        <text>Alangkah dahsyatnya azab-Ku dan ancaman-ancaman-Ku.</text>
      </translation>
    </translations>
  </verse>
  <verse>
    <verseIdArabic>٣١</verseIdArabic>
    <verseId>31</verseId>
    <chapterId>54</chapterId>
    <textIndopak>إِنَّآ أَرۡسَلۡنَا عَلَيۡهِمۡ صَيۡحَةٗ وَٰحِدَةٗ فَكَانُواْ كَهَشِيمِ ٱلۡمُحۡتَظِرِ</textIndopak>
    <translations>
      <translation>
        <author>King Fahad Quran Complex</author>
        <text>Sesungguhnya Kami menimpakan atas mereka satu suara yang keras mengguntur, maka jadilah mereka seperti rumput kering (yang dikumpulkan oleh) yang punya kandang binatang.</text>
      </translation>
    </translations>
    <rules>[{"start": 2, "end": 5, "rule_id": 0}, {"start": 37, "end": 43, "rule_id": 3}, {"start": 47, "end": 52, "rule_id": 6}]</rules>
  </verse>
  <verse>
    <verseIdArabic>٣٢</verseIdArabic>
    <verseId>32</verseId>
    <chapterId>54</chapterId>
    <textIndopak>وَلَقَدۡ يَسَّرۡنَا ٱلۡقُرۡءَانَ لِلذِّكۡرِ فَهَلۡ مِن مُّدَّكِرٖ</textIndopak>
    <translations>
      <translation>
        <author>King Fahad Quran Complex</author>
        <text>Dan sesungguhnya telah Kami mudahkan Al-Qur`ān untuk pelajaran, maka adakah orang yang mengambil pelajaran?</text>
      </translation>
    </translations>
    <rules>[{"start": 55, "end": 58, "rule_id": 0}, {"start": 6, "end": 8, "rule_id": 1}, {"start": 53, "end": 58, "rule_id": 3}]</rules>
  </verse>
  <verse>
    <verseIdArabic>٣٣</verseIdArabic>
    <verseId>33</verseId>
    <chapterId>54</chapterId>
    <textIndopak>كَذَّبَتۡ قَوۡمُ لُوطِۭ بِٱلنُّذُرِ</textIndopak>
    <translations>
      <translation>
        <author>King Fahad Quran Complex</author>
        <text>Kaum Lūṭ pun telah mendustakan ancaman-ancaman (nabinya).</text>
      </translation>
    </translations>
    <rules>[{"start": 28, "end": 31, "rule_id": 0}, {"start": 20, "end": 26, "rule_id": 2}]</rules>
  </verse>
  <verse>
    <verseIdArabic>٣٤</verseIdArabic>
    <verseId>34</verseId>
    <chapterId>54</chapterId>
    <textIndopak>إِنَّآ أَرۡسَلۡنَا عَلَيۡهِمۡ حَاصِبًا إِلَّآ ءَالَ لُوطٖۖ نَّجَّيۡنَٰهُم بِسَحَرٖ</textIndopak>
    <translations>
      <translation>
        <author>King Fahad Quran Complex</author>
        <text>Sesungguhnya Kami telah mengembuskan kepada mereka angin yang membawa batu-batu (yang menimpa mereka), kecuali keluarga Lūṭ. Mereka Kami selamatkan sebelum diwaktu sebelum fajar menyingsing,</text>
      </translation>
    </translations>
    <rules>[{"start": 2, "end": 5, "rule_id": 0}, {"start": 62, "end": 65, "rule_id": 0}, {"start": 57, "end": 65, "rule_id": 3}, {"start": 75, "end": 79, "rule_id": 7}]</rules>
  </verse>
  <verse>
    <verseIdArabic>٣٥</verseIdArabic>
    <verseId>35</verseId>
    <chapterId>54</chapterId>
    <textIndopak>نِّعۡمَةٗ مِّنۡ عِندِنَاۚ كَذَٰلِكَ نَجۡزِي مَن شَكَرَ</textIndopak>
    <translations>
      <translation>
        <author>King Fahad Quran Complex</author>
        <text>sebagai nikmat dari Kami. Demikianlah Kami memberi balasan kepada orang-orang yang bersyukur.</text>
      </translation>
    </translations>
    <rules>[{"start": 0, "end": 3, "rule_id": 0}, {"start": 10, "end": 13, "rule_id": 0}, {"start": 39, "end": 41, "rule_id": 1}, {"start": 7, "end": 13, "rule_id": 3}, {"start": 18, "end": 21, "rule_id": 6}, {"start": 47, "end": 51, "rule_id": 6}]</rules>
  </verse>
  <verse>
    <verseIdArabic>٣٦</verseIdArabic>
    <verseId>36</verseId>
    <chapterId>54</chapterId>
    <textIndopak>وَلَقَدۡ أَنذَرَهُم بَطۡشَتَنَا فَتَمَارَوۡاْ بِٱلنُّذُرِ</textIndopak>
    <translations>
      <translation>
        <author>King Fahad Quran Complex</author>
        <text>Dan sesungguhnya dia (Lūṭ) telah memperingatkan mereka akan azab-azab Kami, maka mereka mendustakan ancaman-ancaman itu.</text>
      </translation>
    </translations>
    <rules>[{"start": 50, "end": 53, "rule_id": 0}, {"start": 6, "end": 8, "rule_id": 1}, {"start": 22, "end": 24, "rule_id": 1}, {"start": 11, "end": 14, "rule_id": 6}, {"start": 18, "end": 22, "rule_id": 7}]</rules>
  </verse>
  <verse>
    <verseIdArabic>٣٧</verseIdArabic>
    <verseId>37</verseId>
    <chapterId>54</chapterId>
    <textIndopak>وَلَقَدۡ رَٰوَدُوهُ عَن ضَيۡفِهِۦ فَطَمَسۡنَآ أَعۡيُنَهُمۡ فَذُوقُواْ عَذَابِي وَنُذُرِ</textIndopak>
    <translations>
      <translation>
        <author>King Fahad Quran Complex</author>
        <text>Dan sesungguhnya mereka telah membujuknya (agar menyerahkan) tamunya (kepada mereka), lalu Kami butakan mata mereka, maka rasakanlah azab-Ku dan ancaman-ancaman-Ku.</text>
      </translation>
    </translations>
    <rules>[{"start": 6, "end": 8, "rule_id": 1}, {"start": 22, "end": 26, "rule_id": 6}]</rules>
  </verse>
  <verse>
    <verseIdArabic>٣٨</verseIdArabic>
    <verseId>38</verseId>
    <chapterId>54</chapterId>
    <textIndopak>وَلَقَدۡ صَبَّحَهُم بُكۡرَةً عَذَابٞ مُّسۡتَقِرّٞ</textIndopak>
    <translations>
      <translation>
        <author>King Fahad Quran Complex</author>
        <text>Dan sesungguhnya pada esok harinya mereka ditimpa azab yang kekal.</text>
      </translation>
    </translations>
    <rules>[{"start": 37, "end": 40, "rule_id": 0}, {"start": 6, "end": 8, "rule_id": 1}, {"start": 34, "end": 40, "rule_id": 3}, {"start": 18, "end": 22, "rule_id": 7}]</rules>
  </verse>
  <verse>
    <verseIdArabic>٣٩</verseIdArabic>
    <verseId>39</verseId>
    <chapterId>54</chapterId>
    <textIndopak>فَذُوقُواْ عَذَابِي وَنُذُرِ</textIndopak>
    <translations>
      <translation>
        <author>King Fahad Quran Complex</author>
        <text>Maka rasakanlah azab-Ku dan ancaman-ancaman-Ku.</text>
      </translation>
    </translations>
  </verse>
  <verse>
    <verseIdArabic>٤٠</verseIdArabic>
    <verseId>40</verseId>
    <chapterId>54</chapterId>
    <textIndopak>وَلَقَدۡ يَسَّرۡنَا ٱلۡقُرۡءَانَ لِلذِّكۡرِ فَهَلۡ مِن مُّدَّكِرٖ</textIndopak>
    <translations>
      <translation>
        <author>King Fahad Quran Complex</author>
        <text>Dan sesungguhnya telah Kami mudahkan Al-Qur`ān untuk pelajaran, maka adakah orang yang mengambil pelajaran?</text>
      </translation>
    </translations>
    <rules>[{"start": 55, "end": 58, "rule_id": 0}, {"start": 6, "end": 8, "rule_id": 1}, {"start": 53, "end": 58, "rule_id": 3}]</rules>
  </verse>
  <verse>
    <verseIdArabic>٤١</verseIdArabic>
    <verseId>41</verseId>
    <chapterId>54</chapterId>
    <textIndopak>وَلَقَدۡ جَآءَ ءَالَ فِرۡعَوۡنَ ٱلنُّذُرُ</textIndopak>
    <translations>
      <translation>
        <author>King Fahad Quran Complex</author>
        <text>Dan sesungguhnya telah datang kepada kaum Firʻawn ancaman-ancaman.</text>
      </translation>
    </translations>
    <rules>[{"start": 35, "end": 38, "rule_id": 0}, {"start": 6, "end": 8, "rule_id": 1}]</rules>
  </verse>
  <verse>
    <verseIdArabic>٤٢</verseIdArabic>
    <verseId>42</verseId>
    <chapterId>54</chapterId>
    <textIndopak>كَذَّبُواْ بِـَٔايَٰتِنَا كُلِّهَا فَأَخَذۡنَٰهُمۡ أَخۡذَ عَزِيزٖ مُّقۡتَدِرٍ</textIndopak>
    <translations>
      <translation>
        <author>King Fahad Quran Complex</author>
        <text>Mereka mendustakan mukjizat-mukjizat Kami kesemuanya, lalu Kami azab mereka sebagai azab dari Yang Maha Perkasa lagi Maha Kuasa</text>
      </translation>
    </translations>
    <rules>[{"start": 66, "end": 69, "rule_id": 0}, {"start": 69, "end": 71, "rule_id": 1}, {"start": 63, "end": 69, "rule_id": 3}]</rules>
  </verse>
  <verse>
    <verseIdArabic>٤٣</verseIdArabic>
    <verseId>43</verseId>
    <chapterId>54</chapterId>
    <textIndopak>أَكُفَّارُكُمۡ خَيۡرٞ مِّنۡ أُوْلَٰٓئِكُمۡ أَمۡ لَكُم بَرَآءَةٞ فِي ٱلزُّبُرِ</textIndopak>
    <translations>
      <translation>
        <author>King Fahad Quran Complex</author>
        <text>Apakah orang-orang kafirmu, (hai kaum musyrikin) lebih baik dari mereka itu, atau apakah kamu telah mempunyai jaminan kebebasan (dari azab) dalam Kitab-kitab yang dahulu?</text>
      </translation>
    </translations>
    <rules>[{"start": 22, "end": 25, "rule_id": 0}, {"start": 19, "end": 25, "rule_id": 3}, {"start": 62, "end": 67, "rule_id": 6}, {"start": 52, "end": 56, "rule_id": 7}]</rules>
  </verse>
  <verse>
    <verseIdArabic>٤٤</verseIdArabic>
    <verseId>44</verseId>
    <chapterId>54</chapterId>
    <textIndopak>أَمۡ يَقُولُونَ نَحۡنُ جَمِيعٞ مُّنتَصِرٞ</textIndopak>
    <translations>
      <translation>
        <author>King Fahad Quran Complex</author>
        <text>Atau apakah mereka mengatakan, "Kami adalah satu golongan yang bersatu yang pasti menang".</text>
      </translation>
    </translations>
    <rules>[{"start": 31, "end": 34, "rule_id": 0}, {"start": 28, "end": 34, "rule_id": 3}, {"start": 34, "end": 37, "rule_id": 6}]</rules>
  </verse>
  <verse>
    <verseIdArabic>٤٥</verseIdArabic>
    <verseId>45</verseId>
    <chapterId>54</chapterId>
    <textIndopak>سَيُهۡزَمُ ٱلۡجَمۡعُ وَيُوَلُّونَ ٱلدُّبُرَ</textIndopak>
    <translations>
      <translation>
        <author>King Fahad Quran Complex</author>
        <text>Golongan itu pasti akan dikalahkan dan mereka akan mundur ke belakang.</text>
      </translation>
    </translations>
  </verse>
  <verse>
    <verseIdArabic>٤٦</verseIdArabic>
    <verseId>46</verseId>
    <chapterId>54</chapterId>
    <textIndopak>بَلِ ٱلسَّاعَةُ مَوۡعِدُهُمۡ وَٱلسَّاعَةُ أَدۡهَىٰ وَأَمَرُّ</textIndopak>
    <translations>
      <translation>
        <author>King Fahad Quran Complex</author>
        <text>Sebenarnya hari kiamat itulah hari yang dijanjikan kepada mereka dan kiamat itu lebih dahsyat dan lebih pahit.</text>
      </translation>
    </translations>
    <rules>[{"start": 44, "end": 46, "rule_id": 1}]</rules>
  </verse>
  <verse>
    <verseIdArabic>٤٧</verseIdArabic>
    <verseId>47</verseId>
    <chapterId>54</chapterId>
    <textIndopak>إِنَّ ٱلۡمُجۡرِمِينَ فِي ضَلَٰلٖ وَسُعُرٖ</textIndopak>
    <translations>
      <translation>
        <author>King Fahad Quran Complex</author>
        <text>Sesungguhnya orang-orang yang berdosa berada dalam kesesatan (di dunia) dan dalam neraka.</text>
      </translation>
    </translations>
    <rules>[{"start": 2, "end": 5, "rule_id": 0}, {"start": 11, "end": 13, "rule_id": 1}, {"start": 30, "end": 35, "rule_id": 3}]</rules>
  </verse>
  <verse>
    <verseIdArabic>٤٨</verseIdArabic>
    <verseId>48</verseId>
    <chapterId>54</chapterId>
    <textIndopak>يَوۡمَ يُسۡحَبُونَ فِي ٱلنَّارِ عَلَىٰ وُجُوهِهِمۡ ذُوقُواْ مَسَّ سَقَرَ</textIndopak>
    <translations>
      <translation>
        <author>King Fahad Quran Complex</author>
        <text>(Ingatlah) pada hari mereka diseret ke neraka atas muka mereka. (Dikatakan kepada mereka), "Rasakanlah sentuhan api neraka!"</text>
      </translation>
    </translations>
    <rules>[{"start": 25, "end": 28, "rule_id": 0}]</rules>
  </verse>
  <verse>
    <verseIdArabic>٤٩</verseIdArabic>
    <verseId>49</verseId>
    <chapterId>54</chapterId>
    <textIndopak>إِنَّا كُلَّ شَيۡءٍ خَلَقۡنَٰهُ بِقَدَرٖ</textIndopak>
    <translations>
      <translation>
        <author>King Fahad Quran Complex</author>
        <text>Sesungguhnya Kami menciptakan segala sesuatu menurut ukuran.</text>
      </translation>
    </translations>
    <rules>[{"start": 2, "end": 5, "rule_id": 0}, {"start": 24, "end": 26, "rule_id": 1}]</rules>
  </verse>
  <verse>
    <verseIdArabic>٥٠</verseIdArabic>
    <verseId>50</verseId>
    <chapterId>54</chapterId>
    <textIndopak>وَمَآ أَمۡرُنَآ إِلَّا وَٰحِدَةٞ كَلَمۡحِۭ بِٱلۡبَصَرِ</textIndopak>
    <translations>
      <translation>
        <author>King Fahad Quran Complex</author>
        <text>Dan perintah Kami hanyalah satu perkataan seperti kejapan mata.</text>
      </translation>
    </translations>
    <rules>[{"start": 41, "end": 47, "rule_id": 2}, {"start": 32, "end": 37, "rule_id": 6}]</rules>
  </verse>
  <verse>
    <verseIdArabic>٥١</verseIdArabic>
    <verseId>51</verseId>
    <chapterId>54</chapterId>
    <textIndopak>وَلَقَدۡ أَهۡلَكۡنَآ أَشۡيَاعَكُمۡ فَهَلۡ مِن مُّدَّكِرٖ</textIndopak>
    <translations>
      <translation>
        <author>King Fahad Quran Complex</author>
        <text>Dan sesungguhnya telah Kami binasakan orang yang serupa dengan kamu. Maka adakah orang yang mau mengambil pelajaran?</text>
      </translation>
    </translations>
    <rules>[{"start": 47, "end": 50, "rule_id": 0}, {"start": 6, "end": 8, "rule_id": 1}, {"start": 45, "end": 50, "rule_id": 3}]</rules>
  </verse>
  <verse>
    <verseIdArabic>٥٢</verseIdArabic>
    <verseId>52</verseId>
    <chapterId>54</chapterId>
    <textIndopak>وَكُلُّ شَيۡءٖ فَعَلُوهُ فِي ٱلزُّبُرِ</textIndopak>
    <translations>
      <translation>
        <author>King Fahad Quran Complex</author>
        <text>Dan segala sesuatu yang telah mereka perbuat tercatat dalam buku-buku catatan.</text>
      </translation>
    </translations>
    <rules>[{"start": 12, "end": 17, "rule_id": 6}]</rules>
  </verse>
  <verse>
    <verseIdArabic>٥٣</verseIdArabic>
    <verseId>53</verseId>
    <chapterId>54</chapterId>
    <textIndopak>وَكُلُّ صَغِيرٖ وَكَبِيرٖ مُّسۡتَطَرٌ</textIndopak>
    <translations>
      <translation>
        <author>King Fahad Quran Complex</author>
        <text>Dan segala (urusan) yang kecil maupun yang besar adalah tertulis.</text>
      </translation>
    </translations>
    <rules>[{"start": 26, "end": 29, "rule_id": 0}, {"start": 13, "end": 18, "rule_id": 3}, {"start": 23, "end": 29, "rule_id": 3}]</rules>
  </verse>
  <verse>
    <verseIdArabic>٥٤</verseIdArabic>
    <verseId>54</verseId>
    <chapterId>54</chapterId>
    <textIndopak>إِنَّ ٱلۡمُتَّقِينَ فِي جَنَّٰتٖ وَنَهَرٖ</textIndopak>
    <translations>
      <translation>
        <author>King Fahad Quran Complex</author>
        <text>Sesungguhnya orang-orang yang bertakwa itu di dalam taman-taman dan sungai-sungai,</text>
      </translation>
    </translations>
    <rules>[{"start": 2, "end": 5, "rule_id": 0}, {"start": 26, "end": 30, "rule_id": 0}, {"start": 30, "end": 35, "rule_id": 3}]</rules>
  </verse>
  <verse>
    <verseIdArabic>٥٥</verseIdArabic>
    <verseId>55</verseId>
    <chapterId>54</chapterId>
    <textIndopak>فِي مَقۡعَدِ صِدۡقٍ عِندَ مَلِيكٖ مُّقۡتَدِرِۭ</textIndopak>
    <translations>
      <translation>
        <author>King Fahad Quran Complex</author>
        <text>di tempat yang disenangi di sisi Tuhan Yang Berkuasa.</text>
      </translation>
    </translations>
    <rules>[{"start": 34, "end": 37, "rule_id": 0}, {"start": 6, "end": 8, "rule_id": 1}, {"start": 15, "end": 17, "rule_id": 1}, {"start": 37, "end": 39, "rule_id": 1}, {"start": 31, "end": 37, "rule_id": 3}, {"start": 22, "end": 25, "rule_id": 6}]</rules>
  </verse>
</verses>
