<?xml version="1.0" encoding="UTF-8"?>

<verses>
  <verse>
    <verseIdArabic>١</verseIdArabic>
    <verseId>1</verseId>
    <chapterId>55</chapterId>
    <textIndopak>ٱلرَّحۡمَٰنُ</textIndopak>
    <translations>
      <translation>
        <author>King Fahad Quran Complex</author>
        <text>(Tuhan) Yang Maha Pemurah,</text>
      </translation>
    </translations>
  </verse>
  <verse>
    <verseIdArabic>٢</verseIdArabic>
    <verseId>2</verseId>
    <chapterId>55</chapterId>
    <textIndopak>عَلَّمَ ٱلۡقُرۡءَانَ</textIndopak>
    <translations>
      <translation>
        <author>King Fahad Quran Complex</author>
        <text>Yang telah mengajarkan Al-Qur`ān .</text>
      </translation>
    </translations>
  </verse>
  <verse>
    <verseIdArabic>٣</verseIdArabic>
    <verseId>3</verseId>
    <chapterId>55</chapterId>
    <textIndopak>خَلَقَ ٱلۡإِنسَٰنَ</textIndopak>
    <translations>
      <translation>
        <author>King Fahad Quran Complex</author>
        <text>Dia menciptakan manusia,</text>
      </translation>
    </translations>
    <rules>[{"start": 12, "end": 16, "rule_id": 6}]</rules>
  </verse>
  <verse>
    <verseIdArabic>٤</verseIdArabic>
    <verseId>4</verseId>
    <chapterId>55</chapterId>
    <textIndopak>عَلَّمَهُ ٱلۡبَيَانَ</textIndopak>
    <translations>
      <translation>
        <author>King Fahad Quran Complex</author>
        <text>mengajarnya pandai berbicara.</text>
      </translation>
    </translations>
  </verse>
  <verse>
    <verseIdArabic>٥</verseIdArabic>
    <verseId>5</verseId>
    <chapterId>55</chapterId>
    <textIndopak>ٱلشَّمۡسُ وَٱلۡقَمَرُ بِحُسۡبَانٖ</textIndopak>
    <translations>
      <translation>
        <author>King Fahad Quran Complex</author>
        <text>Matahari dan bulan (beredar) menurut perhitungan.</text>
      </translation>
    </translations>
  </verse>
  <verse>
    <verseIdArabic>٦</verseIdArabic>
    <verseId>6</verseId>
    <chapterId>55</chapterId>
    <textIndopak>وَٱلنَّجۡمُ وَٱلشَّجَرُ يَسۡجُدَانِ</textIndopak>
    <translations>
      <translation>
        <author>King Fahad Quran Complex</author>
        <text>Dan tumbuh-tumbuhan dan pohon-pohonan, kedua-duanya tunduk kepada-Nya.</text>
      </translation>
    </translations>
    <rules>[{"start": 4, "end": 7, "rule_id": 0}, {"start": 7, "end": 9, "rule_id": 1}]</rules>
  </verse>
  <verse>
    <verseIdArabic>٧</verseIdArabic>
    <verseId>7</verseId>
    <chapterId>55</chapterId>
    <textIndopak>وَٱلسَّمَآءَ رَفَعَهَا وَوَضَعَ ٱلۡمِيزَانَ</textIndopak>
    <translations>
      <translation>
        <author>King Fahad Quran Complex</author>
        <text>Dan Allah telah meninggikan langit dan Dia meletakkan neraca (keadilan).</text>
      </translation>
    </translations>
  </verse>
  <verse>
    <verseIdArabic>٨</verseIdArabic>
    <verseId>8</verseId>
    <chapterId>55</chapterId>
    <textIndopak>أَلَّا تَطۡغَوۡاْ فِي ٱلۡمِيزَانِ</textIndopak>
    <translations>
      <translation>
        <author>King Fahad Quran Complex</author>
        <text>Supaya kamu jangan melampaui batas tentang neraca itu.</text>
      </translation>
    </translations>
    <rules>[{"start": 9, "end": 11, "rule_id": 1}]</rules>
  </verse>
  <verse>
    <verseIdArabic>٩</verseIdArabic>
    <verseId>9</verseId>
    <chapterId>55</chapterId>
    <textIndopak>وَأَقِيمُواْ ٱلۡوَزۡنَ بِٱلۡقِسۡطِ وَلَا تُخۡسِرُواْ ٱلۡمِيزَانَ</textIndopak>
    <translations>
      <translation>
        <author>King Fahad Quran Complex</author>
        <text>Dan tegakkanlah timbangan itu dengan adil dan janganlah kamu mengurangi neraca itu.</text>
      </translation>
    </translations>
  </verse>
  <verse>
    <verseIdArabic>١٠</verseIdArabic>
    <verseId>10</verseId>
    <chapterId>55</chapterId>
    <textIndopak>وَٱلۡأَرۡضَ وَضَعَهَا لِلۡأَنَامِ</textIndopak>
    <translations>
      <translation>
        <author>King Fahad Quran Complex</author>
        <text>Dan Allah telah meratakan bumi untuk makhluk-(Nya).</text>
      </translation>
    </translations>
  </verse>
  <verse>
    <verseIdArabic>١١</verseIdArabic>
    <verseId>11</verseId>
    <chapterId>55</chapterId>
    <textIndopak>فِيهَا فَٰكِهَةٞ وَٱلنَّخۡلُ ذَاتُ ٱلۡأَكۡمَامِ</textIndopak>
    <translations>
      <translation>
        <author>King Fahad Quran Complex</author>
        <text>Di bumi itu ada buah-buahan dan pohon kurma yang mempunyai kelopak mayang.</text>
      </translation>
    </translations>
    <rules>[{"start": 21, "end": 24, "rule_id": 0}, {"start": 14, "end": 19, "rule_id": 3}]</rules>
  </verse>
  <verse>
    <verseIdArabic>١٢</verseIdArabic>
    <verseId>12</verseId>
    <chapterId>55</chapterId>
    <textIndopak>وَٱلۡحَبُّ ذُو ٱلۡعَصۡفِ وَٱلرَّيۡحَانُ</textIndopak>
    <translations>
      <translation>
        <author>King Fahad Quran Complex</author>
        <text>Dan biji-bijian yang berkulit dan bunga-bunga yang harum baunya.</text>
      </translation>
    </translations>
  </verse>
  <verse>
    <verseIdArabic>١٣</verseIdArabic>
    <verseId>13</verseId>
    <chapterId>55</chapterId>
    <textIndopak>فَبِأَيِّ ءَالَآءِ رَبِّكُمَا تُكَذِّبَانِ</textIndopak>
    <translations>
      <translation>
        <author>King Fahad Quran Complex</author>
        <text>Maka nikmat Tuhan kamu yang manakah yang kamu dustakan?</text>
      </translation>
    </translations>
  </verse>
  <verse>
    <verseIdArabic>١٤</verseIdArabic>
    <verseId>14</verseId>
    <chapterId>55</chapterId>
    <textIndopak>خَلَقَ ٱلۡإِنسَٰنَ مِن صَلۡصَٰلٖ كَٱلۡفَخَّارِ</textIndopak>
    <translations>
      <translation>
        <author>King Fahad Quran Complex</author>
        <text>Dia menciptakan manusia dari tanah kering seperti tembikar,</text>
      </translation>
    </translations>
    <rules>[{"start": 12, "end": 16, "rule_id": 6}, {"start": 21, "end": 25, "rule_id": 6}, {"start": 30, "end": 35, "rule_id": 6}]</rules>
  </verse>
  <verse>
    <verseIdArabic>١٥</verseIdArabic>
    <verseId>15</verseId>
    <chapterId>55</chapterId>
    <textIndopak>وَخَلَقَ ٱلۡجَآنَّ مِن مَّارِجٖ مِّن نَّارٖ</textIndopak>
    <translations>
      <translation>
        <author>King Fahad Quran Complex</author>
        <text>dan Dia menciptakan jin dari nyala api.</text>
      </translation>
    </translations>
    <rules>[{"start": 16, "end": 19, "rule_id": 0}, {"start": 24, "end": 27, "rule_id": 0}, {"start": 33, "end": 36, "rule_id": 0}, {"start": 38, "end": 41, "rule_id": 0}, {"start": 22, "end": 27, "rule_id": 3}, {"start": 36, "end": 41, "rule_id": 3}, {"start": 30, "end": 36, "rule_id": 3}]</rules>
  </verse>
  <verse>
    <verseIdArabic>١٦</verseIdArabic>
    <verseId>16</verseId>
    <chapterId>55</chapterId>
    <textIndopak>فَبِأَيِّ ءَالَآءِ رَبِّكُمَا تُكَذِّبَانِ</textIndopak>
    <translations>
      <translation>
        <author>King Fahad Quran Complex</author>
        <text>Maka nikmat Tuhan kamu yang manakah yang kamu dustakan?</text>
      </translation>
    </translations>
  </verse>
  <verse>
    <verseIdArabic>١٧</verseIdArabic>
    <verseId>17</verseId>
    <chapterId>55</chapterId>
    <textIndopak>رَبُّ ٱلۡمَشۡرِقَيۡنِ وَرَبُّ ٱلۡمَغۡرِبَيۡنِ</textIndopak>
    <translations>
      <translation>
        <author>King Fahad Quran Complex</author>
        <text>Tuhan yang memelihara kedua tempat terbit matahari dan Tuhan yang memelihara kedua tempat terbenamnya.</text>
      </translation>
    </translations>
  </verse>
  <verse>
    <verseIdArabic>١٨</verseIdArabic>
    <verseId>18</verseId>
    <chapterId>55</chapterId>
    <textIndopak>فَبِأَيِّ ءَالَآءِ رَبِّكُمَا تُكَذِّبَانِ</textIndopak>
    <translations>
      <translation>
        <author>King Fahad Quran Complex</author>
        <text>Maka nikmat Tuhan kamu yang manakah yang kamu dustakan?</text>
      </translation>
    </translations>
  </verse>
  <verse>
    <verseIdArabic>١٩</verseIdArabic>
    <verseId>19</verseId>
    <chapterId>55</chapterId>
    <textIndopak>مَرَجَ ٱلۡبَحۡرَيۡنِ يَلۡتَقِيَانِ</textIndopak>
    <translations>
      <translation>
        <author>King Fahad Quran Complex</author>
        <text>Dia membiarkan dua lautan mengalir yang keduanya kemudian bertemu,</text>
      </translation>
    </translations>
  </verse>
  <verse>
    <verseIdArabic>٢٠</verseIdArabic>
    <verseId>20</verseId>
    <chapterId>55</chapterId>
    <textIndopak>بَيۡنَهُمَا بَرۡزَخٞ لَّا يَبۡغِيَانِ</textIndopak>
    <translations>
      <translation>
        <author>King Fahad Quran Complex</author>
        <text>antara keduanya ada batas yang tidak dilampaui oleh masing-masing.</text>
      </translation>
    </translations>
    <rules>[{"start": 28, "end": 30, "rule_id": 1}, {"start": 18, "end": 24, "rule_id": 5}]</rules>
  </verse>
  <verse>
    <verseIdArabic>٢١</verseIdArabic>
    <verseId>21</verseId>
    <chapterId>55</chapterId>
    <textIndopak>فَبِأَيِّ ءَالَآءِ رَبِّكُمَا تُكَذِّبَانِ</textIndopak>
    <translations>
      <translation>
        <author>King Fahad Quran Complex</author>
        <text>Maka nikmat Tuhan kamu yang manakah yang kamu dustakan?</text>
      </translation>
    </translations>
  </verse>
  <verse>
    <verseIdArabic>٢٢</verseIdArabic>
    <verseId>22</verseId>
    <chapterId>55</chapterId>
    <textIndopak>يَخۡرُجُ مِنۡهُمَا ٱللُّؤۡلُؤُ وَٱلۡمَرۡجَانُ</textIndopak>
    <translations>
      <translation>
        <author>King Fahad Quran Complex</author>
        <text>Dari keduanya keluar mutiara dan merjan.</text>
      </translation>
    </translations>
  </verse>
  <verse>
    <verseIdArabic>٢٣</verseIdArabic>
    <verseId>23</verseId>
    <chapterId>55</chapterId>
    <textIndopak>فَبِأَيِّ ءَالَآءِ رَبِّكُمَا تُكَذِّبَانِ</textIndopak>
    <translations>
      <translation>
        <author>King Fahad Quran Complex</author>
        <text>Maka nikmat Tuhan kamu yang manakah yang kamu dustakan?</text>
      </translation>
    </translations>
  </verse>
  <verse>
    <verseIdArabic>٢٤</verseIdArabic>
    <verseId>24</verseId>
    <chapterId>55</chapterId>
    <textIndopak>وَلَهُ ٱلۡجَوَارِ ٱلۡمُنشَـَٔاتُ فِي ٱلۡبَحۡرِ كَٱلۡأَعۡلَٰمِ</textIndopak>
    <translations>
      <translation>
        <author>King Fahad Quran Complex</author>
        <text>Dan kepunyaan-Nya-lah bahtera-bahtera yang tinggi layarnya di lautan laksana gunung-gunung.</text>
      </translation>
    </translations>
    <rules>[{"start": 23, "end": 26, "rule_id": 6}]</rules>
  </verse>
  <verse>
    <verseIdArabic>٢٥</verseIdArabic>
    <verseId>25</verseId>
    <chapterId>55</chapterId>
    <textIndopak>فَبِأَيِّ ءَالَآءِ رَبِّكُمَا تُكَذِّبَانِ</textIndopak>
    <translations>
      <translation>
        <author>King Fahad Quran Complex</author>
        <text>Maka nikmat Tuhan kamu yang manakah yang kamu dustakan?</text>
      </translation>
    </translations>
  </verse>
  <verse>
    <verseIdArabic>٢٦</verseIdArabic>
    <verseId>26</verseId>
    <chapterId>55</chapterId>
    <textIndopak>كُلُّ مَنۡ عَلَيۡهَا فَانٖ</textIndopak>
    <translations>
      <translation>
        <author>King Fahad Quran Complex</author>
        <text>Semua yang ada di bumi itu akan binasa.</text>
      </translation>
    </translations>
  </verse>
  <verse>
    <verseIdArabic>٢٧</verseIdArabic>
    <verseId>27</verseId>
    <chapterId>55</chapterId>
    <textIndopak>وَيَبۡقَىٰ وَجۡهُ رَبِّكَ ذُو ٱلۡجَلَٰلِ وَٱلۡإِكۡرَامِ</textIndopak>
    <translations>
      <translation>
        <author>King Fahad Quran Complex</author>
        <text>Dan tetap kekal Wajah Tuhan-mu yang mempunyai kebesaran dan kemuliaan.</text>
      </translation>
    </translations>
    <rules>[{"start": 4, "end": 6, "rule_id": 1}, {"start": 13, "end": 15, "rule_id": 1}]</rules>
  </verse>
  <verse>
    <verseIdArabic>٢٨</verseIdArabic>
    <verseId>28</verseId>
    <chapterId>55</chapterId>
    <textIndopak>فَبِأَيِّ ءَالَآءِ رَبِّكُمَا تُكَذِّبَانِ</textIndopak>
    <translations>
      <translation>
        <author>King Fahad Quran Complex</author>
        <text>Maka nikmat Tuhan kamu yang manakah yang kamu dustakan?</text>
      </translation>
    </translations>
  </verse>
  <verse>
    <verseIdArabic>٢٩</verseIdArabic>
    <verseId>29</verseId>
    <chapterId>55</chapterId>
    <textIndopak>يَسۡـَٔلُهُۥ مَن فِي ٱلسَّمَٰوَٰتِ وَٱلۡأَرۡضِۚ كُلَّ يَوۡمٍ هُوَ فِي شَأۡنٖ</textIndopak>
    <translations>
      <translation>
        <author>King Fahad Quran Complex</author>
        <text>Semua yang ada di langit dan bumi selalu meminta kepada-Nya. Setiap waktu Dia dalam kesibukan.</text>
      </translation>
    </translations>
    <rules>[{"start": 15, "end": 19, "rule_id": 6}]</rules>
  </verse>
  <verse>
    <verseIdArabic>٣٠</verseIdArabic>
    <verseId>30</verseId>
    <chapterId>55</chapterId>
    <textIndopak>فَبِأَيِّ ءَالَآءِ رَبِّكُمَا تُكَذِّبَانِ</textIndopak>
    <translations>
      <translation>
        <author>King Fahad Quran Complex</author>
        <text>Maka nikmat Tuhan kamu yang manakah yang kamu dustakan?</text>
      </translation>
    </translations>
  </verse>
  <verse>
    <verseIdArabic>٣١</verseIdArabic>
    <verseId>31</verseId>
    <chapterId>55</chapterId>
    <textIndopak>سَنَفۡرُغُ لَكُمۡ أَيُّهَ ٱلثَّقَلَانِ</textIndopak>
    <translations>
      <translation>
        <author>King Fahad Quran Complex</author>
        <text>Kami akan memperhatikan sepenuhnya kepadamu, hai manusia dan jin.</text>
      </translation>
    </translations>
  </verse>
  <verse>
    <verseIdArabic>٣٢</verseIdArabic>
    <verseId>32</verseId>
    <chapterId>55</chapterId>
    <textIndopak>فَبِأَيِّ ءَالَآءِ رَبِّكُمَا تُكَذِّبَانِ</textIndopak>
    <translations>
      <translation>
        <author>King Fahad Quran Complex</author>
        <text>Maka nikmat Tuhan kamu yang manakah yang kamu dustakan?</text>
      </translation>
    </translations>
  </verse>
  <verse>
    <verseIdArabic>٣٣</verseIdArabic>
    <verseId>33</verseId>
    <chapterId>55</chapterId>
    <textIndopak>يَٰمَعۡشَرَ ٱلۡجِنِّ وَٱلۡإِنسِ إِنِ ٱسۡتَطَعۡتُمۡ أَن تَنفُذُواْ مِنۡ أَقۡطَارِ ٱلسَّمَٰوَٰتِ وَٱلۡأَرۡضِ فَٱنفُذُواْۚ لَا تَنفُذُونَ إِلَّا بِسُلۡطَٰنٖ</textIndopak>
    <translations>
      <translation>
        <author>King Fahad Quran Complex</author>
        <text>Hai jemaah jin dan manusia, jika kamu sanggup menembus (melintasi) penjuru langit dan bumi, maka lintasilah, kamu tidak dapat menembusnya melainkan dengan kekuatan.</text>
      </translation>
    </translations>
    <rules>[{"start": 17, "end": 20, "rule_id": 0}, {"start": 73, "end": 75, "rule_id": 1}, {"start": 28, "end": 31, "rule_id": 6}, {"start": 53, "end": 57, "rule_id": 6}, {"start": 57, "end": 60, "rule_id": 6}, {"start": 110, "end": 113, "rule_id": 6}, {"start": 127, "end": 130, "rule_id": 6}]</rules>
  </verse>
  <verse>
    <verseIdArabic>٣٤</verseIdArabic>
    <verseId>34</verseId>
    <chapterId>55</chapterId>
    <textIndopak>فَبِأَيِّ ءَالَآءِ رَبِّكُمَا تُكَذِّبَانِ</textIndopak>
    <translations>
      <translation>
        <author>King Fahad Quran Complex</author>
        <text>Maka nikmat Tuhan kamu yang manakah yang kamu dustakan?</text>
      </translation>
    </translations>
  </verse>
  <verse>
    <verseIdArabic>٣٥</verseIdArabic>
    <verseId>35</verseId>
    <chapterId>55</chapterId>
    <textIndopak>يُرۡسَلُ عَلَيۡكُمَا شُوَاظٞ مِّن نَّارٖ وَنُحَاسٞ فَلَا تَنتَصِرَانِ</textIndopak>
    <translations>
      <translation>
        <author>King Fahad Quran Complex</author>
        <text>Kepada kamu, (jin dan manusia) dilepaskan nyala api dan cairan tembaga, maka kamu tidak dapat menyelamatkan diri (darinya).</text>
      </translation>
    </translations>
    <rules>[{"start": 29, "end": 32, "rule_id": 0}, {"start": 34, "end": 37, "rule_id": 0}, {"start": 32, "end": 37, "rule_id": 3}, {"start": 26, "end": 32, "rule_id": 3}, {"start": 38, "end": 43, "rule_id": 3}, {"start": 59, "end": 62, "rule_id": 6}, {"start": 48, "end": 53, "rule_id": 6}]</rules>
  </verse>
  <verse>
    <verseIdArabic>٣٦</verseIdArabic>
    <verseId>36</verseId>
    <chapterId>55</chapterId>
    <textIndopak>فَبِأَيِّ ءَالَآءِ رَبِّكُمَا تُكَذِّبَانِ</textIndopak>
    <translations>
      <translation>
        <author>King Fahad Quran Complex</author>
        <text>Maka nikmat Tuhan kamu yang manakah yang kamu dustakan?</text>
      </translation>
    </translations>
  </verse>
  <verse>
    <verseIdArabic>٣٧</verseIdArabic>
    <verseId>37</verseId>
    <chapterId>55</chapterId>
    <textIndopak>فَإِذَا ٱنشَقَّتِ ٱلسَّمَآءُ فَكَانَتۡ وَرۡدَةٗ كَٱلدِّهَانِ</textIndopak>
    <translations>
      <translation>
        <author>King Fahad Quran Complex</author>
        <text>Maka apabila langit telah terbelah dan menjadi merah mawar seperti (kilapan) minyak.</text>
      </translation>
    </translations>
    <rules>[{"start": 9, "end": 12, "rule_id": 6}, {"start": 46, "end": 51, "rule_id": 6}]</rules>
  </verse>
  <verse>
    <verseIdArabic>٣٨</verseIdArabic>
    <verseId>38</verseId>
    <chapterId>55</chapterId>
    <textIndopak>فَبِأَيِّ ءَالَآءِ رَبِّكُمَا تُكَذِّبَانِ</textIndopak>
    <translations>
      <translation>
        <author>King Fahad Quran Complex</author>
        <text>Maka nikmat Tuhan kamu yang manakah yang kamu dustakan?</text>
      </translation>
    </translations>
  </verse>
  <verse>
    <verseIdArabic>٣٩</verseIdArabic>
    <verseId>39</verseId>
    <chapterId>55</chapterId>
    <textIndopak>فَيَوۡمَئِذٖ لَّا يُسۡـَٔلُ عَن ذَنۢبِهِۦٓ إِنسٞ وَلَا جَآنّٞ</textIndopak>
    <translations>
      <translation>
        <author>King Fahad Quran Complex</author>
        <text>Pada waktu itu manusia dan jin tidak ditanya tentang dosanya.</text>
      </translation>
    </translations>
    <rules>[{"start": 59, "end": 62, "rule_id": 0}, {"start": 34, "end": 38, "rule_id": 2}, {"start": 46, "end": 51, "rule_id": 3}, {"start": 10, "end": 16, "rule_id": 5}, {"start": 30, "end": 34, "rule_id": 6}, {"start": 45, "end": 48, "rule_id": 6}]</rules>
  </verse>
  <verse>
    <verseIdArabic>٤٠</verseIdArabic>
    <verseId>40</verseId>
    <chapterId>55</chapterId>
    <textIndopak>فَبِأَيِّ ءَالَآءِ رَبِّكُمَا تُكَذِّبَانِ</textIndopak>
    <translations>
      <translation>
        <author>King Fahad Quran Complex</author>
        <text>Maka nikmat Tuhan kamu yang manakah yang kamu dustakan?</text>
      </translation>
    </translations>
  </verse>
  <verse>
    <verseIdArabic>٤١</verseIdArabic>
    <verseId>41</verseId>
    <chapterId>55</chapterId>
    <textIndopak>يُعۡرَفُ ٱلۡمُجۡرِمُونَ بِسِيمَٰهُمۡ فَيُؤۡخَذُ بِٱلنَّوَٰصِي وَٱلۡأَقۡدَامِ</textIndopak>
    <translations>
      <translation>
        <author>King Fahad Quran Complex</author>
        <text>Orang-orang yang berdosa dikenal dengan tanda-tandanya, lalu dipegang ubun-ubun dan kaki mereka.</text>
      </translation>
    </translations>
    <rules>[{"start": 52, "end": 55, "rule_id": 0}, {"start": 14, "end": 16, "rule_id": 1}, {"start": 69, "end": 71, "rule_id": 1}]</rules>
  </verse>
  <verse>
    <verseIdArabic>٤٢</verseIdArabic>
    <verseId>42</verseId>
    <chapterId>55</chapterId>
    <textIndopak>فَبِأَيِّ ءَالَآءِ رَبِّكُمَا تُكَذِّبَانِ</textIndopak>
    <translations>
      <translation>
        <author>King Fahad Quran Complex</author>
        <text>Maka nikmat Tuhan kamu yang manakah yang kamu dustakan?</text>
      </translation>
    </translations>
  </verse>
  <verse>
    <verseIdArabic>٤٣</verseIdArabic>
    <verseId>43</verseId>
    <chapterId>55</chapterId>
    <textIndopak>هَٰذِهِۦ جَهَنَّمُ ٱلَّتِي يُكَذِّبُ بِهَا ٱلۡمُجۡرِمُونَ</textIndopak>
    <translations>
      <translation>
        <author>King Fahad Quran Complex</author>
        <text>Inilah neraka Jahanam yang didustakan oleh orang-orang berdosa.</text>
      </translation>
    </translations>
    <rules>[{"start": 13, "end": 16, "rule_id": 0}, {"start": 48, "end": 50, "rule_id": 1}]</rules>
  </verse>
  <verse>
    <verseIdArabic>٤٤</verseIdArabic>
    <verseId>44</verseId>
    <chapterId>55</chapterId>
    <textIndopak>يَطُوفُونَ بَيۡنَهَا وَبَيۡنَ حَمِيمٍ ءَانٖ</textIndopak>
    <translations>
      <translation>
        <author>King Fahad Quran Complex</author>
        <text>Mereka berkeliling di antaranya dan di antara air mendidih yang memuncak panasnya.</text>
      </translation>
    </translations>
  </verse>
  <verse>
    <verseIdArabic>٤٥</verseIdArabic>
    <verseId>45</verseId>
    <chapterId>55</chapterId>
    <textIndopak>فَبِأَيِّ ءَالَآءِ رَبِّكُمَا تُكَذِّبَانِ</textIndopak>
    <translations>
      <translation>
        <author>King Fahad Quran Complex</author>
        <text>Maka nikmat Tuhan kamu yang manakah yang kamu dustakan?</text>
      </translation>
    </translations>
  </verse>
  <verse>
    <verseIdArabic>٤٦</verseIdArabic>
    <verseId>46</verseId>
    <chapterId>55</chapterId>
    <textIndopak>وَلِمَنۡ خَافَ مَقَامَ رَبِّهِۦ جَنَّتَانِ</textIndopak>
    <translations>
      <translation>
        <author>King Fahad Quran Complex</author>
        <text>Dan bagi orang yang takut akan saat menghadap Tuhan-nya ada dua surga.</text>
      </translation>
    </translations>
    <rules>[{"start": 34, "end": 37, "rule_id": 0}]</rules>
  </verse>
  <verse>
    <verseIdArabic>٤٧</verseIdArabic>
    <verseId>47</verseId>
    <chapterId>55</chapterId>
    <textIndopak>فَبِأَيِّ ءَالَآءِ رَبِّكُمَا تُكَذِّبَانِ</textIndopak>
    <translations>
      <translation>
        <author>King Fahad Quran Complex</author>
        <text>Maka nikmat Tuhan kamu yang manakah yang kamu dustakan?</text>
      </translation>
    </translations>
  </verse>
  <verse>
    <verseIdArabic>٤٨</verseIdArabic>
    <verseId>48</verseId>
    <chapterId>55</chapterId>
    <textIndopak>ذَوَاتَآ أَفۡنَانٖ</textIndopak>
    <translations>
      <translation>
        <author>King Fahad Quran Complex</author>
        <text>Kedua surga itu mempunyai pohon-pohonan dan buah-buahan.</text>
      </translation>
    </translations>
  </verse>
  <verse>
    <verseIdArabic>٤٩</verseIdArabic>
    <verseId>49</verseId>
    <chapterId>55</chapterId>
    <textIndopak>فَبِأَيِّ ءَالَآءِ رَبِّكُمَا تُكَذِّبَانِ</textIndopak>
    <translations>
      <translation>
        <author>King Fahad Quran Complex</author>
        <text>Maka nikmat Tuhan kamu yang manakah yang kamu dustakan?</text>
      </translation>
    </translations>
  </verse>
  <verse>
    <verseIdArabic>٥٠</verseIdArabic>
    <verseId>50</verseId>
    <chapterId>55</chapterId>
    <textIndopak>فِيهِمَا عَيۡنَانِ تَجۡرِيَانِ</textIndopak>
    <translations>
      <translation>
        <author>King Fahad Quran Complex</author>
        <text>Di dalam kedua surga itu ada dua buah mata air yang mengalir.</text>
      </translation>
    </translations>
    <rules>[{"start": 21, "end": 23, "rule_id": 1}]</rules>
  </verse>
  <verse>
    <verseIdArabic>٥١</verseIdArabic>
    <verseId>51</verseId>
    <chapterId>55</chapterId>
    <textIndopak>فَبِأَيِّ ءَالَآءِ رَبِّكُمَا تُكَذِّبَانِ</textIndopak>
    <translations>
      <translation>
        <author>King Fahad Quran Complex</author>
        <text>Maka nikmat Tuhan kamu yang manakah yang kamu dustakan?</text>
      </translation>
    </translations>
  </verse>
  <verse>
    <verseIdArabic>٥٢</verseIdArabic>
    <verseId>52</verseId>
    <chapterId>55</chapterId>
    <textIndopak>فِيهِمَا مِن كُلِّ فَٰكِهَةٖ زَوۡجَانِ</textIndopak>
    <translations>
      <translation>
        <author>King Fahad Quran Complex</author>
        <text>Di dalam kedua surga itu terdapat segala macam buah-buahan yang berpasangan.</text>
      </translation>
    </translations>
    <rules>[{"start": 11, "end": 15, "rule_id": 6}, {"start": 26, "end": 31, "rule_id": 6}]</rules>
  </verse>
  <verse>
    <verseIdArabic>٥٣</verseIdArabic>
    <verseId>53</verseId>
    <chapterId>55</chapterId>
    <textIndopak>فَبِأَيِّ ءَالَآءِ رَبِّكُمَا تُكَذِّبَانِ</textIndopak>
    <translations>
      <translation>
        <author>King Fahad Quran Complex</author>
        <text>Maka nikmat Tuhan kamu yang manakah yang kamu dustakan?</text>
      </translation>
    </translations>
  </verse>
  <verse>
    <verseIdArabic>٥٤</verseIdArabic>
    <verseId>54</verseId>
    <chapterId>55</chapterId>
    <textIndopak>مُتَّكِـِٔينَ عَلَىٰ فُرُشِۭ بَطَآئِنُهَا مِنۡ إِسۡتَبۡرَقٖۚ وَجَنَى ٱلۡجَنَّتَيۡنِ دَانٖ</textIndopak>
    <translations>
      <translation>
        <author>King Fahad Quran Complex</author>
        <text>Mereka bertelekan di atas permadani yang sebelah dalamnya dari sutra. Dan buah-buahan di kedua surga itu dapat (dipetik) dari dekat.</text>
      </translation>
    </translations>
    <rules>[{"start": 76, "end": 79, "rule_id": 0}, {"start": 54, "end": 56, "rule_id": 1}, {"start": 25, "end": 31, "rule_id": 2}]</rules>
  </verse>
  <verse>
    <verseIdArabic>٥٥</verseIdArabic>
    <verseId>55</verseId>
    <chapterId>55</chapterId>
    <textIndopak>فَبِأَيِّ ءَالَآءِ رَبِّكُمَا تُكَذِّبَانِ</textIndopak>
    <translations>
      <translation>
        <author>King Fahad Quran Complex</author>
        <text>Maka nikmat Tuhan kamu yang manakah yang kamu dustakan?</text>
      </translation>
    </translations>
  </verse>
  <verse>
    <verseIdArabic>٥٦</verseIdArabic>
    <verseId>56</verseId>
    <chapterId>55</chapterId>
    <textIndopak>فِيهِنَّ قَٰصِرَٰتُ ٱلطَّرۡفِ لَمۡ يَطۡمِثۡهُنَّ إِنسٞ قَبۡلَهُمۡ وَلَا جَآنّٞ</textIndopak>
    <translations>
      <translation>
        <author>King Fahad Quran Complex</author>
        <text>Di dalam surga itu ada bidadari-bidadari yang sopan menundukkan pandangannya, tidak pernah disentuh oleh manusia sebelum mereka (penghuni-penghuni surga yang menjadi suami mereka) dan tidak pula oleh jin.</text>
      </translation>
    </translations>
    <rules>[{"start": 5, "end": 8, "rule_id": 0}, {"start": 45, "end": 48, "rule_id": 0}, {"start": 76, "end": 79, "rule_id": 0}, {"start": 37, "end": 39, "rule_id": 1}, {"start": 57, "end": 59, "rule_id": 1}, {"start": 51, "end": 54, "rule_id": 6}, {"start": 52, "end": 57, "rule_id": 6}]</rules>
  </verse>
  <verse>
    <verseIdArabic>٥٧</verseIdArabic>
    <verseId>57</verseId>
    <chapterId>55</chapterId>
    <textIndopak>فَبِأَيِّ ءَالَآءِ رَبِّكُمَا تُكَذِّبَانِ</textIndopak>
    <translations>
      <translation>
        <author>King Fahad Quran Complex</author>
        <text>Maka nikmat Tuhan kamu yang manakah yang kamu dustakan?</text>
      </translation>
    </translations>
  </verse>
  <verse>
    <verseIdArabic>٥٨</verseIdArabic>
    <verseId>58</verseId>
    <chapterId>55</chapterId>
    <textIndopak>كَأَنَّهُنَّ ٱلۡيَاقُوتُ وَٱلۡمَرۡجَانُ</textIndopak>
    <translations>
      <translation>
        <author>King Fahad Quran Complex</author>
        <text>Seakan-akan bidadari itu permata yakut dan merjan.</text>
      </translation>
    </translations>
    <rules>[{"start": 4, "end": 7, "rule_id": 0}, {"start": 9, "end": 12, "rule_id": 0}]</rules>
  </verse>
  <verse>
    <verseIdArabic>٥٩</verseIdArabic>
    <verseId>59</verseId>
    <chapterId>55</chapterId>
    <textIndopak>فَبِأَيِّ ءَالَآءِ رَبِّكُمَا تُكَذِّبَانِ</textIndopak>
    <translations>
      <translation>
        <author>King Fahad Quran Complex</author>
        <text>Maka nikmat Tuhan kamu yang manakah yang kamu dustakan?</text>
      </translation>
    </translations>
  </verse>
  <verse>
    <verseIdArabic>٦٠</verseIdArabic>
    <verseId>60</verseId>
    <chapterId>55</chapterId>
    <textIndopak>هَلۡ جَزَآءُ ٱلۡإِحۡسَٰنِ إِلَّا ٱلۡإِحۡسَٰنُ</textIndopak>
    <translations>
      <translation>
        <author>King Fahad Quran Complex</author>
        <text>Tidak ada balasan kebaikan kecuali kebaikan (pula).</text>
      </translation>
    </translations>
  </verse>
  <verse>
    <verseIdArabic>٦١</verseIdArabic>
    <verseId>61</verseId>
    <chapterId>55</chapterId>
    <textIndopak>فَبِأَيِّ ءَالَآءِ رَبِّكُمَا تُكَذِّبَانِ</textIndopak>
    <translations>
      <translation>
        <author>King Fahad Quran Complex</author>
        <text>Maka nikmat Tuhan kamu yang manakah yang kamu dustakan?</text>
      </translation>
    </translations>
  </verse>
  <verse>
    <verseIdArabic>٦٢</verseIdArabic>
    <verseId>62</verseId>
    <chapterId>55</chapterId>
    <textIndopak>وَمِن دُونِهِمَا جَنَّتَانِ</textIndopak>
    <translations>
      <translation>
        <author>King Fahad Quran Complex</author>
        <text>Dan selain dari dua surga itu ada dua surga lagi.</text>
      </translation>
    </translations>
    <rules>[{"start": 19, "end": 22, "rule_id": 0}, {"start": 4, "end": 8, "rule_id": 6}]</rules>
  </verse>
  <verse>
    <verseIdArabic>٦٣</verseIdArabic>
    <verseId>63</verseId>
    <chapterId>55</chapterId>
    <textIndopak>فَبِأَيِّ ءَالَآءِ رَبِّكُمَا تُكَذِّبَانِ</textIndopak>
    <translations>
      <translation>
        <author>King Fahad Quran Complex</author>
        <text>Maka nikmat Tuhan kamu yang manakah yang kamu dustakan?,</text>
      </translation>
    </translations>
  </verse>
  <verse>
    <verseIdArabic>٦٤</verseIdArabic>
    <verseId>64</verseId>
    <chapterId>55</chapterId>
    <textIndopak>مُدۡهَآمَّتَانِ</textIndopak>
    <translations>
      <translation>
        <author>King Fahad Quran Complex</author>
        <text>Kedua surga itu (kelihatan) hijau tua warnanya.</text>
      </translation>
    </translations>
    <rules>[{"start": 8, "end": 11, "rule_id": 0}, {"start": 2, "end": 4, "rule_id": 1}]</rules>
  </verse>
  <verse>
    <verseIdArabic>٦٥</verseIdArabic>
    <verseId>65</verseId>
    <chapterId>55</chapterId>
    <textIndopak>فَبِأَيِّ ءَالَآءِ رَبِّكُمَا تُكَذِّبَانِ</textIndopak>
    <translations>
      <translation>
        <author>King Fahad Quran Complex</author>
        <text>Maka nikmat Tuhan kamu yang manakah yang kamu dustakan?</text>
      </translation>
    </translations>
  </verse>
  <verse>
    <verseIdArabic>٦٦</verseIdArabic>
    <verseId>66</verseId>
    <chapterId>55</chapterId>
    <textIndopak>فِيهِمَا عَيۡنَانِ نَضَّاخَتَانِ</textIndopak>
    <translations>
      <translation>
        <author>King Fahad Quran Complex</author>
        <text>Di dalam kedua surga itu ada dua mata air yang memancar.</text>
      </translation>
    </translations>
  </verse>
  <verse>
    <verseIdArabic>٦٧</verseIdArabic>
    <verseId>67</verseId>
    <chapterId>55</chapterId>
    <textIndopak>فَبِأَيِّ ءَالَآءِ رَبِّكُمَا تُكَذِّبَانِ</textIndopak>
    <translations>
      <translation>
        <author>King Fahad Quran Complex</author>
        <text>Maka nikmat Tuhan kamu yang manakah yang kamu dustakan?</text>
      </translation>
    </translations>
  </verse>
  <verse>
    <verseIdArabic>٦٨</verseIdArabic>
    <verseId>68</verseId>
    <chapterId>55</chapterId>
    <textIndopak>فِيهِمَا فَٰكِهَةٞ وَنَخۡلٞ وَرُمَّانٞ</textIndopak>
    <translations>
      <translation>
        <author>King Fahad Quran Complex</author>
        <text>Di dalam keduanya (ada macam-macam) buah-buahan dan kurma serta delima.</text>
      </translation>
    </translations>
    <rules>[{"start": 32, "end": 35, "rule_id": 0}, {"start": 16, "end": 21, "rule_id": 3}, {"start": 25, "end": 30, "rule_id": 3}]</rules>
  </verse>
  <verse>
    <verseIdArabic>٦٩</verseIdArabic>
    <verseId>69</verseId>
    <chapterId>55</chapterId>
    <textIndopak>فَبِأَيِّ ءَالَآءِ رَبِّكُمَا تُكَذِّبَانِ</textIndopak>
    <translations>
      <translation>
        <author>King Fahad Quran Complex</author>
        <text>Maka nikmat Tuhan kamu yang manakah yang kamu dustakan?</text>
      </translation>
    </translations>
  </verse>
  <verse>
    <verseIdArabic>٧٠</verseIdArabic>
    <verseId>70</verseId>
    <chapterId>55</chapterId>
    <textIndopak>فِيهِنَّ خَيۡرَٰتٌ حِسَانٞ</textIndopak>
    <translations>
      <translation>
        <author>King Fahad Quran Complex</author>
        <text>Di dalam surga itu ada bidadari-bidadari yang baik-baik lagi cantik-cantik.</text>
      </translation>
    </translations>
    <rules>[{"start": 5, "end": 8, "rule_id": 0}]</rules>
  </verse>
  <verse>
    <verseIdArabic>٧١</verseIdArabic>
    <verseId>71</verseId>
    <chapterId>55</chapterId>
    <textIndopak>فَبِأَيِّ ءَالَآءِ رَبِّكُمَا تُكَذِّبَانِ</textIndopak>
    <translations>
      <translation>
        <author>King Fahad Quran Complex</author>
        <text>Maka nikmat Tuhan kamu yang manakah yang kamu dustakan?</text>
      </translation>
    </translations>
  </verse>
  <verse>
    <verseIdArabic>٧٢</verseIdArabic>
    <verseId>72</verseId>
    <chapterId>55</chapterId>
    <textIndopak>حُورٞ مَّقۡصُورَٰتٞ فِي ٱلۡخِيَامِ</textIndopak>
    <translations>
      <translation>
        <author>King Fahad Quran Complex</author>
        <text>(Bidadari-bidadari) yang jelita, putih bersih, dipingit dalam rumah.</text>
      </translation>
    </translations>
    <rules>[{"start": 6, "end": 9, "rule_id": 0}, {"start": 9, "end": 11, "rule_id": 1}, {"start": 3, "end": 9, "rule_id": 3}, {"start": 17, "end": 22, "rule_id": 6}]</rules>
  </verse>
  <verse>
    <verseIdArabic>٧٣</verseIdArabic>
    <verseId>73</verseId>
    <chapterId>55</chapterId>
    <textIndopak>فَبِأَيِّ ءَالَآءِ رَبِّكُمَا تُكَذِّبَانِ</textIndopak>
    <translations>
      <translation>
        <author>King Fahad Quran Complex</author>
        <text>Maka nikmat Tuhan kamu yang manakah yang kamu dustakan?</text>
      </translation>
    </translations>
  </verse>
  <verse>
    <verseIdArabic>٧٤</verseIdArabic>
    <verseId>74</verseId>
    <chapterId>55</chapterId>
    <textIndopak>لَمۡ يَطۡمِثۡهُنَّ إِنسٞ قَبۡلَهُمۡ وَلَا جَآنّٞ</textIndopak>
    <translations>
      <translation>
        <author>King Fahad Quran Complex</author>
        <text>Mereka tidak pernah disentuh oleh manusia sebelum mereka (penghuni-penghuni surga yang menjadi suami mereka) dan tidak pula oleh jin.</text>
      </translation>
    </translations>
    <rules>[{"start": 15, "end": 18, "rule_id": 0}, {"start": 46, "end": 49, "rule_id": 0}, {"start": 7, "end": 9, "rule_id": 1}, {"start": 27, "end": 29, "rule_id": 1}, {"start": 21, "end": 24, "rule_id": 6}, {"start": 22, "end": 27, "rule_id": 6}]</rules>
  </verse>
  <verse>
    <verseIdArabic>٧٥</verseIdArabic>
    <verseId>75</verseId>
    <chapterId>55</chapterId>
    <textIndopak>فَبِأَيِّ ءَالَآءِ رَبِّكُمَا تُكَذِّبَانِ</textIndopak>
    <translations>
      <translation>
        <author>King Fahad Quran Complex</author>
        <text>Maka nikmat Tuhan kamu yang manakah yang kamu dustakan?</text>
      </translation>
    </translations>
  </verse>
  <verse>
    <verseIdArabic>٧٦</verseIdArabic>
    <verseId>76</verseId>
    <chapterId>55</chapterId>
    <textIndopak>مُتَّكِـِٔينَ عَلَىٰ رَفۡرَفٍ خُضۡرٖ وَعَبۡقَرِيٍّ حِسَانٖ</textIndopak>
    <translations>
      <translation>
        <author>King Fahad Quran Complex</author>
        <text>Mereka bertelekan pada bantal-bantal yang hijau dan permadani-permadani yang indah.</text>
      </translation>
    </translations>
    <rules>[{"start": 41, "end": 43, "rule_id": 1}, {"start": 34, "end": 39, "rule_id": 3}]</rules>
  </verse>
  <verse>
    <verseIdArabic>٧٧</verseIdArabic>
    <verseId>77</verseId>
    <chapterId>55</chapterId>
    <textIndopak>فَبِأَيِّ ءَالَآءِ رَبِّكُمَا تُكَذِّبَانِ</textIndopak>
    <translations>
      <translation>
        <author>King Fahad Quran Complex</author>
        <text>Maka nikmat Tuhan kamu yang manakah yang kamu dustakan?</text>
      </translation>
    </translations>
  </verse>
  <verse>
    <verseIdArabic>٧٨</verseIdArabic>
    <verseId>78</verseId>
    <chapterId>55</chapterId>
    <textIndopak>تَبَٰرَكَ ٱسۡمُ رَبِّكَ ذِي ٱلۡجَلَٰلِ وَٱلۡإِكۡرَامِ</textIndopak>
    <translations>
      <translation>
        <author>King Fahad Quran Complex</author>
        <text>Maha Agung nama Tuhan-mu Yang Mempunyai kebesaran dan karunia.</text>
      </translation>
    </translations>
  </verse>
</verses>
