<?xml version="1.0" encoding="UTF-8"?>

<verses>
  <verse>
    <verseIdArabic>١</verseIdArabic>
    <verseId>1</verseId>
    <chapterId>56</chapterId>
    <textIndopak>إِذَا وَقَعَتِ ٱلۡوَاقِعَةُ</textIndopak>
    <translations>
      <translation>
        <author>King Fahad Quran Complex</author>
        <text>Apabila terjadi hari kiamat,</text>
      </translation>
    </translations>
  </verse>
  <verse>
    <verseIdArabic>٢</verseIdArabic>
    <verseId>2</verseId>
    <chapterId>56</chapterId>
    <textIndopak>لَيۡسَ لِوَقۡعَتِهَا كَاذِبَةٌ</textIndopak>
    <translations>
      <translation>
        <author>King Fahad Quran Complex</author>
        <text>terjadinya kiamat itu tidak dapat didustakan (disangkal).</text>
      </translation>
    </translations>
    <rules>[{"start": 11, "end": 13, "rule_id": 1}]</rules>
  </verse>
  <verse>
    <verseIdArabic>٣</verseIdArabic>
    <verseId>3</verseId>
    <chapterId>56</chapterId>
    <textIndopak>خَافِضَةٞ رَّافِعَةٌ</textIndopak>
    <translations>
      <translation>
        <author>King Fahad Quran Complex</author>
        <text>(Kejadian itu) merendahkan (satu golongan) dan meninggikan (golongan yang lain),</text>
      </translation>
    </translations>
    <rules>[{"start": 7, "end": 13, "rule_id": 5}]</rules>
  </verse>
  <verse>
    <verseIdArabic>٤</verseIdArabic>
    <verseId>4</verseId>
    <chapterId>56</chapterId>
    <textIndopak>إِذَا رُجَّتِ ٱلۡأَرۡضُ رَجّٗا</textIndopak>
    <translations>
      <translation>
        <author>King Fahad Quran Complex</author>
        <text>apabila bumi digoncangkan sedahsyat-dahsyatnya,</text>
      </translation>
    </translations>
  </verse>
  <verse>
    <verseIdArabic>٥</verseIdArabic>
    <verseId>5</verseId>
    <chapterId>56</chapterId>
    <textIndopak>وَبُسَّتِ ٱلۡجِبَالُ بَسّٗا</textIndopak>
    <translations>
      <translation>
        <author>King Fahad Quran Complex</author>
        <text>dan gunung-gunung dihancurluluhkan sehancur-hancurnya,</text>
      </translation>
    </translations>
  </verse>
  <verse>
    <verseIdArabic>٦</verseIdArabic>
    <verseId>6</verseId>
    <chapterId>56</chapterId>
    <textIndopak>فَكَانَتۡ هَبَآءٗ مُّنۢبَثّٗا</textIndopak>
    <translations>
      <translation>
        <author>King Fahad Quran Complex</author>
        <text>maka jadilah ia debu yang beterbangan,</text>
      </translation>
    </translations>
    <rules>[{"start": 19, "end": 22, "rule_id": 0}, {"start": 22, "end": 26, "rule_id": 2}, {"start": 16, "end": 22, "rule_id": 3}]</rules>
  </verse>
  <verse>
    <verseIdArabic>٧</verseIdArabic>
    <verseId>7</verseId>
    <chapterId>56</chapterId>
    <textIndopak>وَكُنتُمۡ أَزۡوَٰجٗا ثَلَٰثَةٗ</textIndopak>
    <translations>
      <translation>
        <author>King Fahad Quran Complex</author>
        <text>dan kamu menjadi tiga golongan.</text>
      </translation>
    </translations>
    <rules>[{"start": 4, "end": 7, "rule_id": 6}]</rules>
  </verse>
  <verse>
    <verseIdArabic>٨</verseIdArabic>
    <verseId>8</verseId>
    <chapterId>56</chapterId>
    <textIndopak>فَأَصۡحَٰبُ ٱلۡمَيۡمَنَةِ مَآ أَصۡحَٰبُ ٱلۡمَيۡمَنَةِ</textIndopak>
    <translations>
      <translation>
        <author>King Fahad Quran Complex</author>
        <text>Yaitu golongan kanan. Alangkah mulianya golongan kanan itu.</text>
      </translation>
    </translations>
  </verse>
  <verse>
    <verseIdArabic>٩</verseIdArabic>
    <verseId>9</verseId>
    <chapterId>56</chapterId>
    <textIndopak>وَأَصۡحَٰبُ ٱلۡمَشۡـَٔمَةِ مَآ أَصۡحَٰبُ ٱلۡمَشۡـَٔمَةِ</textIndopak>
    <translations>
      <translation>
        <author>King Fahad Quran Complex</author>
        <text>Dan golongan kiri. Alangkah sengsaranya golongan kiri itu.</text>
      </translation>
    </translations>
  </verse>
  <verse>
    <verseIdArabic>١٠</verseIdArabic>
    <verseId>10</verseId>
    <chapterId>56</chapterId>
    <textIndopak>وَٱلسَّٰبِقُونَ ٱلسَّٰبِقُونَ</textIndopak>
    <translations>
      <translation>
        <author>King Fahad Quran Complex</author>
        <text>Dan orang-orang yang paling dahulu beriman, merekalah yang paling dulu (masuk surga).</text>
      </translation>
    </translations>
  </verse>
  <verse>
    <verseIdArabic>١١</verseIdArabic>
    <verseId>11</verseId>
    <chapterId>56</chapterId>
    <textIndopak>أُوْلَٰٓئِكَ ٱلۡمُقَرَّبُونَ</textIndopak>
    <translations>
      <translation>
        <author>King Fahad Quran Complex</author>
        <text>Mereka itulah orang yang didekatkan (kepada Allah).</text>
      </translation>
    </translations>
  </verse>
  <verse>
    <verseIdArabic>١٢</verseIdArabic>
    <verseId>12</verseId>
    <chapterId>56</chapterId>
    <textIndopak>فِي جَنَّٰتِ ٱلنَّعِيمِ</textIndopak>
    <translations>
      <translation>
        <author>King Fahad Quran Complex</author>
        <text>Berada dalam surga kenikmatan.</text>
      </translation>
    </translations>
    <rules>[{"start": 6, "end": 10, "rule_id": 0}, {"start": 15, "end": 18, "rule_id": 0}]</rules>
  </verse>
  <verse>
    <verseIdArabic>١٣</verseIdArabic>
    <verseId>13</verseId>
    <chapterId>56</chapterId>
    <textIndopak>ثُلَّةٞ مِّنَ ٱلۡأَوَّلِينَ</textIndopak>
    <translations>
      <translation>
        <author>King Fahad Quran Complex</author>
        <text>Segolongan besar dari orang-orang yang terdahulu,</text>
      </translation>
    </translations>
    <rules>[{"start": 8, "end": 11, "rule_id": 0}, {"start": 5, "end": 11, "rule_id": 3}]</rules>
  </verse>
  <verse>
    <verseIdArabic>١٤</verseIdArabic>
    <verseId>14</verseId>
    <chapterId>56</chapterId>
    <textIndopak>وَقَلِيلٞ مِّنَ ٱلۡأٓخِرِينَ</textIndopak>
    <translations>
      <translation>
        <author>King Fahad Quran Complex</author>
        <text>dan segolongan kecil dari orang-orang yang kemudian.</text>
      </translation>
    </translations>
    <rules>[{"start": 10, "end": 13, "rule_id": 0}, {"start": 7, "end": 13, "rule_id": 3}]</rules>
  </verse>
  <verse>
    <verseIdArabic>١٥</verseIdArabic>
    <verseId>15</verseId>
    <chapterId>56</chapterId>
    <textIndopak>عَلَىٰ سُرُرٖ مَّوۡضُونَةٖ</textIndopak>
    <translations>
      <translation>
        <author>King Fahad Quran Complex</author>
        <text>Mereka berada di atas dipan yang bertahtakan emas dan permata,</text>
      </translation>
    </translations>
    <rules>[{"start": 14, "end": 17, "rule_id": 0}, {"start": 11, "end": 17, "rule_id": 3}]</rules>
  </verse>
  <verse>
    <verseIdArabic>١٦</verseIdArabic>
    <verseId>16</verseId>
    <chapterId>56</chapterId>
    <textIndopak>مُّتَّكِـِٔينَ عَلَيۡهَا مُتَقَٰبِلِينَ</textIndopak>
    <translations>
      <translation>
        <author>King Fahad Quran Complex</author>
        <text>seraya bertelekan di atasnya berhadap-hadapan.</text>
      </translation>
    </translations>
    <rules>[{"start": 0, "end": 3, "rule_id": 0}]</rules>
  </verse>
  <verse>
    <verseIdArabic>١٧</verseIdArabic>
    <verseId>17</verseId>
    <chapterId>56</chapterId>
    <textIndopak>يَطُوفُ عَلَيۡهِمۡ وِلۡدَٰنٞ مُّخَلَّدُونَ</textIndopak>
    <translations>
      <translation>
        <author>King Fahad Quran Complex</author>
        <text>Mereka dikelilingi oleh anak-anak muda yang tetap muda,</text>
      </translation>
    </translations>
    <rules>[{"start": 29, "end": 32, "rule_id": 0}, {"start": 26, "end": 32, "rule_id": 3}]</rules>
  </verse>
  <verse>
    <verseIdArabic>١٨</verseIdArabic>
    <verseId>18</verseId>
    <chapterId>56</chapterId>
    <textIndopak>بِأَكۡوَابٖ وَأَبَارِيقَ وَكَأۡسٖ مِّن مَّعِينٖ</textIndopak>
    <translations>
      <translation>
        <author>King Fahad Quran Complex</author>
        <text>dengan membawa gelas, cerek, dan seloki (piala) berisi minuman yang diambil dari air yang mengalir,</text>
      </translation>
    </translations>
    <rules>[{"start": 34, "end": 37, "rule_id": 0}, {"start": 39, "end": 42, "rule_id": 0}, {"start": 37, "end": 42, "rule_id": 3}, {"start": 9, "end": 14, "rule_id": 3}, {"start": 31, "end": 37, "rule_id": 3}]</rules>
  </verse>
  <verse>
    <verseIdArabic>١٩</verseIdArabic>
    <verseId>19</verseId>
    <chapterId>56</chapterId>
    <textIndopak>لَّا يُصَدَّعُونَ عَنۡهَا وَلَا يُنزِفُونَ</textIndopak>
    <translations>
      <translation>
        <author>King Fahad Quran Complex</author>
        <text>mereka tidak pening karenanya dan tidak pula mabuk,</text>
      </translation>
    </translations>
    <rules>[{"start": 34, "end": 37, "rule_id": 6}]</rules>
  </verse>
  <verse>
    <verseIdArabic>٢٠</verseIdArabic>
    <verseId>20</verseId>
    <chapterId>56</chapterId>
    <textIndopak>وَفَٰكِهَةٖ مِّمَّا يَتَخَيَّرُونَ</textIndopak>
    <translations>
      <translation>
        <author>King Fahad Quran Complex</author>
        <text>dan buah-buahan dari apa yang mereka pilih,</text>
      </translation>
    </translations>
    <rules>[{"start": 12, "end": 15, "rule_id": 0}, {"start": 15, "end": 18, "rule_id": 0}, {"start": 9, "end": 15, "rule_id": 3}]</rules>
  </verse>
  <verse>
    <verseIdArabic>٢١</verseIdArabic>
    <verseId>21</verseId>
    <chapterId>56</chapterId>
    <textIndopak>وَلَحۡمِ طَيۡرٖ مِّمَّا يَشۡتَهُونَ</textIndopak>
    <translations>
      <translation>
        <author>King Fahad Quran Complex</author>
        <text>dan daging burung dari apa yang mereka inginkan.</text>
      </translation>
    </translations>
    <rules>[{"start": 16, "end": 19, "rule_id": 0}, {"start": 19, "end": 22, "rule_id": 0}, {"start": 13, "end": 19, "rule_id": 3}]</rules>
  </verse>
  <verse>
    <verseIdArabic>٢٢</verseIdArabic>
    <verseId>22</verseId>
    <chapterId>56</chapterId>
    <textIndopak>وَحُورٌ عِينٞ</textIndopak>
    <translations>
      <translation>
        <author>King Fahad Quran Complex</author>
        <text>Dan (di dalam surga itu) ada bidadari-bidadari yang bermata jeli,</text>
      </translation>
    </translations>
  </verse>
  <verse>
    <verseIdArabic>٢٣</verseIdArabic>
    <verseId>23</verseId>
    <chapterId>56</chapterId>
    <textIndopak>كَأَمۡثَٰلِ ٱللُّؤۡلُوِٕ ٱلۡمَكۡنُونِ</textIndopak>
    <translations>
      <translation>
        <author>King Fahad Quran Complex</author>
        <text>laksana mutiara yang tersimpan baik.</text>
      </translation>
    </translations>
  </verse>
  <verse>
    <verseIdArabic>٢٤</verseIdArabic>
    <verseId>24</verseId>
    <chapterId>56</chapterId>
    <textIndopak>جَزَآءَۢ بِمَا كَانُواْ يَعۡمَلُونَ</textIndopak>
    <translations>
      <translation>
        <author>King Fahad Quran Complex</author>
        <text>Sebagai balasan bagi apa yang telah mereka kerjakan.</text>
      </translation>
    </translations>
    <rules>[{"start": 6, "end": 12, "rule_id": 2}]</rules>
  </verse>
  <verse>
    <verseIdArabic>٢٥</verseIdArabic>
    <verseId>25</verseId>
    <chapterId>56</chapterId>
    <textIndopak>لَا يَسۡمَعُونَ فِيهَا لَغۡوٗا وَلَا تَأۡثِيمًا</textIndopak>
    <translations>
      <translation>
        <author>King Fahad Quran Complex</author>
        <text>Mereka tidak mendengar di dalamnya perkataan yang sia-sia dan tidak pula perkataan yang menimbulkan dosa,</text>
      </translation>
    </translations>
    <rules>[{"start": 27, "end": 33, "rule_id": 3}]</rules>
  </verse>
  <verse>
    <verseIdArabic>٢٦</verseIdArabic>
    <verseId>26</verseId>
    <chapterId>56</chapterId>
    <textIndopak>إِلَّا قِيلٗا سَلَٰمٗا سَلَٰمٗا</textIndopak>
    <translations>
      <translation>
        <author>King Fahad Quran Complex</author>
        <text>akan tetapi mereka mendengar ucapan salam.</text>
      </translation>
    </translations>
  </verse>
  <verse>
    <verseIdArabic>٢٧</verseIdArabic>
    <verseId>27</verseId>
    <chapterId>56</chapterId>
    <textIndopak>وَأَصۡحَٰبُ ٱلۡيَمِينِ مَآ أَصۡحَٰبُ ٱلۡيَمِينِ</textIndopak>
    <translations>
      <translation>
        <author>King Fahad Quran Complex</author>
        <text>Dan golongan kanan, alangkah bahagianya golongan kanan itu.</text>
      </translation>
    </translations>
  </verse>
  <verse>
    <verseIdArabic>٢٨</verseIdArabic>
    <verseId>28</verseId>
    <chapterId>56</chapterId>
    <textIndopak>فِي سِدۡرٖ مَّخۡضُودٖ</textIndopak>
    <translations>
      <translation>
        <author>King Fahad Quran Complex</author>
        <text>Berada di antara pohon bidara yang tak berduri,</text>
      </translation>
    </translations>
    <rules>[{"start": 11, "end": 14, "rule_id": 0}, {"start": 6, "end": 8, "rule_id": 1}, {"start": 19, "end": 21, "rule_id": 1}, {"start": 8, "end": 14, "rule_id": 3}]</rules>
  </verse>
  <verse>
    <verseIdArabic>٢٩</verseIdArabic>
    <verseId>29</verseId>
    <chapterId>56</chapterId>
    <textIndopak>وَطَلۡحٖ مَّنضُودٖ</textIndopak>
    <translations>
      <translation>
        <author>King Fahad Quran Complex</author>
        <text>dan pohon pisang yang bersusun-susun (buahnya),</text>
      </translation>
    </translations>
    <rules>[{"start": 9, "end": 12, "rule_id": 0}, {"start": 16, "end": 18, "rule_id": 1}, {"start": 6, "end": 12, "rule_id": 3}, {"start": 12, "end": 15, "rule_id": 6}]</rules>
  </verse>
  <verse>
    <verseIdArabic>٣٠</verseIdArabic>
    <verseId>30</verseId>
    <chapterId>56</chapterId>
    <textIndopak>وَظِلّٖ مَّمۡدُودٖ</textIndopak>
    <translations>
      <translation>
        <author>King Fahad Quran Complex</author>
        <text>dan naungan yang terbentang luas,</text>
      </translation>
    </translations>
    <rules>[{"start": 8, "end": 11, "rule_id": 0}, {"start": 16, "end": 18, "rule_id": 1}, {"start": 4, "end": 11, "rule_id": 3}]</rules>
  </verse>
  <verse>
    <verseIdArabic>٣١</verseIdArabic>
    <verseId>31</verseId>
    <chapterId>56</chapterId>
    <textIndopak>وَمَآءٖ مَّسۡكُوبٖ</textIndopak>
    <translations>
      <translation>
        <author>King Fahad Quran Complex</author>
        <text>dan air yang tercurah,</text>
      </translation>
    </translations>
    <rules>[{"start": 9, "end": 12, "rule_id": 0}, {"start": 17, "end": 19, "rule_id": 1}, {"start": 6, "end": 12, "rule_id": 3}]</rules>
  </verse>
  <verse>
    <verseIdArabic>٣٢</verseIdArabic>
    <verseId>32</verseId>
    <chapterId>56</chapterId>
    <textIndopak>وَفَٰكِهَةٖ كَثِيرَةٖ</textIndopak>
    <translations>
      <translation>
        <author>King Fahad Quran Complex</author>
        <text>dan buah-buahan yang banyak,</text>
      </translation>
    </translations>
    <rules>[{"start": 9, "end": 14, "rule_id": 6}]</rules>
  </verse>
  <verse>
    <verseIdArabic>٣٣</verseIdArabic>
    <verseId>33</verseId>
    <chapterId>56</chapterId>
    <textIndopak>لَّا مَقۡطُوعَةٖ وَلَا مَمۡنُوعَةٖ</textIndopak>
    <translations>
      <translation>
        <author>King Fahad Quran Complex</author>
        <text>yang tidak berhenti (buahnya) dan tidak terlarang mengambilnya,</text>
      </translation>
    </translations>
    <rules>[{"start": 7, "end": 9, "rule_id": 1}, {"start": 14, "end": 19, "rule_id": 3}]</rules>
  </verse>
  <verse>
    <verseIdArabic>٣٤</verseIdArabic>
    <verseId>34</verseId>
    <chapterId>56</chapterId>
    <textIndopak>وَفُرُشٖ مَّرۡفُوعَةٍ</textIndopak>
    <translations>
      <translation>
        <author>King Fahad Quran Complex</author>
        <text>dan kasur-kasur yang tebal lagi empuk.</text>
      </translation>
    </translations>
    <rules>[{"start": 9, "end": 12, "rule_id": 0}, {"start": 6, "end": 12, "rule_id": 3}]</rules>
  </verse>
  <verse>
    <verseIdArabic>٣٥</verseIdArabic>
    <verseId>35</verseId>
    <chapterId>56</chapterId>
    <textIndopak>إِنَّآ أَنشَأۡنَٰهُنَّ إِنشَآءٗ</textIndopak>
    <translations>
      <translation>
        <author>King Fahad Quran Complex</author>
        <text>Sesungguhnya Kami menciptakan mereka (bidadari-bidadari) dengan langsung,</text>
      </translation>
    </translations>
    <rules>[{"start": 2, "end": 5, "rule_id": 0}, {"start": 20, "end": 23, "rule_id": 0}, {"start": 10, "end": 13, "rule_id": 6}, {"start": 26, "end": 29, "rule_id": 6}]</rules>
  </verse>
  <verse>
    <verseIdArabic>٣٦</verseIdArabic>
    <verseId>36</verseId>
    <chapterId>56</chapterId>
    <textIndopak>فَجَعَلۡنَٰهُنَّ أَبۡكَارًا</textIndopak>
    <translations>
      <translation>
        <author>King Fahad Quran Complex</author>
        <text>dan Kami jadikan mereka gadis-gadis perawan,</text>
      </translation>
    </translations>
    <rules>[{"start": 13, "end": 16, "rule_id": 0}, {"start": 19, "end": 21, "rule_id": 1}]</rules>
  </verse>
  <verse>
    <verseIdArabic>٣٧</verseIdArabic>
    <verseId>37</verseId>
    <chapterId>56</chapterId>
    <textIndopak>عُرُبًا أَتۡرَابٗا</textIndopak>
    <translations>
      <translation>
        <author>King Fahad Quran Complex</author>
        <text>penuh cinta lagi sebaya umurnya,</text>
      </translation>
    </translations>
  </verse>
  <verse>
    <verseIdArabic>٣٨</verseIdArabic>
    <verseId>38</verseId>
    <chapterId>56</chapterId>
    <textIndopak>لِّأَصۡحَٰبِ ٱلۡيَمِينِ</textIndopak>
    <translations>
      <translation>
        <author>King Fahad Quran Complex</author>
        <text>(Kami ciptakan mereka) untuk golongan kanan,</text>
      </translation>
    </translations>
  </verse>
  <verse>
    <verseIdArabic>٣٩</verseIdArabic>
    <verseId>39</verseId>
    <chapterId>56</chapterId>
    <textIndopak>ثُلَّةٞ مِّنَ ٱلۡأَوَّلِينَ</textIndopak>
    <translations>
      <translation>
        <author>King Fahad Quran Complex</author>
        <text>(yaitu) segolongan besar dari orang-orang yang terdahulu,</text>
      </translation>
    </translations>
    <rules>[{"start": 8, "end": 11, "rule_id": 0}, {"start": 5, "end": 11, "rule_id": 3}]</rules>
  </verse>
  <verse>
    <verseIdArabic>٤٠</verseIdArabic>
    <verseId>40</verseId>
    <chapterId>56</chapterId>
    <textIndopak>وَثُلَّةٞ مِّنَ ٱلۡأٓخِرِينَ</textIndopak>
    <translations>
      <translation>
        <author>King Fahad Quran Complex</author>
        <text>dan segolongan besar pula dari orang yang kemudian.</text>
      </translation>
    </translations>
    <rules>[{"start": 10, "end": 13, "rule_id": 0}, {"start": 7, "end": 13, "rule_id": 3}]</rules>
  </verse>
  <verse>
    <verseIdArabic>٤١</verseIdArabic>
    <verseId>41</verseId>
    <chapterId>56</chapterId>
    <textIndopak>وَأَصۡحَٰبُ ٱلشِّمَالِ مَآ أَصۡحَٰبُ ٱلشِّمَالِ</textIndopak>
    <translations>
      <translation>
        <author>King Fahad Quran Complex</author>
        <text>Dan golongan kiri, siapakah golongan kiri itu.</text>
      </translation>
    </translations>
  </verse>
  <verse>
    <verseIdArabic>٤٢</verseIdArabic>
    <verseId>42</verseId>
    <chapterId>56</chapterId>
    <textIndopak>فِي سَمُومٖ وَحَمِيمٖ</textIndopak>
    <translations>
      <translation>
        <author>King Fahad Quran Complex</author>
        <text>Dalam (siksaan) angin yang amat panas dan air yang panas yang mendidih,</text>
      </translation>
    </translations>
    <rules>[{"start": 9, "end": 14, "rule_id": 3}]</rules>
  </verse>
  <verse>
    <verseIdArabic>٤٣</verseIdArabic>
    <verseId>43</verseId>
    <chapterId>56</chapterId>
    <textIndopak>وَظِلّٖ مِّن يَحۡمُومٖ</textIndopak>
    <translations>
      <translation>
        <author>King Fahad Quran Complex</author>
        <text>dan dalam naungan asap yang hitam.</text>
      </translation>
    </translations>
    <rules>[{"start": 8, "end": 11, "rule_id": 0}, {"start": 11, "end": 15, "rule_id": 3}, {"start": 4, "end": 11, "rule_id": 3}]</rules>
  </verse>
  <verse>
    <verseIdArabic>٤٤</verseIdArabic>
    <verseId>44</verseId>
    <chapterId>56</chapterId>
    <textIndopak>لَّا بَارِدٖ وَلَا كَرِيمٍ</textIndopak>
    <translations>
      <translation>
        <author>King Fahad Quran Complex</author>
        <text>Tidak sejuk dan tidak menyenangkan.</text>
      </translation>
    </translations>
    <rules>[{"start": 10, "end": 15, "rule_id": 3}]</rules>
  </verse>
  <verse>
    <verseIdArabic>٤٥</verseIdArabic>
    <verseId>45</verseId>
    <chapterId>56</chapterId>
    <textIndopak>إِنَّهُمۡ كَانُواْ قَبۡلَ ذَٰلِكَ مُتۡرَفِينَ</textIndopak>
    <translations>
      <translation>
        <author>King Fahad Quran Complex</author>
        <text>Sesungguhnya mereka sebelum itu hidup bermewah-mewah.</text>
      </translation>
    </translations>
    <rules>[{"start": 2, "end": 5, "rule_id": 0}, {"start": 21, "end": 23, "rule_id": 1}]</rules>
  </verse>
  <verse>
    <verseIdArabic>٤٦</verseIdArabic>
    <verseId>46</verseId>
    <chapterId>56</chapterId>
    <textIndopak>وَكَانُواْ يُصِرُّونَ عَلَى ٱلۡحِنثِ ٱلۡعَظِيمِ</textIndopak>
    <translations>
      <translation>
        <author>King Fahad Quran Complex</author>
        <text>Dan mereka terus-menerus mengerjakan dosa yang besar.</text>
      </translation>
    </translations>
    <rules>[{"start": 33, "end": 36, "rule_id": 6}]</rules>
  </verse>
  <verse>
    <verseIdArabic>٤٧</verseIdArabic>
    <verseId>47</verseId>
    <chapterId>56</chapterId>
    <textIndopak>وَكَانُواْ يَقُولُونَ أَئِذَا مِتۡنَا وَكُنَّا تُرَابٗا وَعِظَٰمًا أَءِنَّا لَمَبۡعُوثُونَ</textIndopak>
    <translations>
      <translation>
        <author>King Fahad Quran Complex</author>
        <text>Dan mereka selalu mengatakan, "Apakah apabila kami mati dan menjadi tanah dan tulang belulang, apakah sesungguhnya kami benar-benar akan dibangkitkan kembali?</text>
      </translation>
    </translations>
    <rules>[{"start": 42, "end": 45, "rule_id": 0}, {"start": 71, "end": 74, "rule_id": 0}, {"start": 80, "end": 82, "rule_id": 1}, {"start": 52, "end": 58, "rule_id": 3}]</rules>
  </verse>
  <verse>
    <verseIdArabic>٤٨</verseIdArabic>
    <verseId>48</verseId>
    <chapterId>56</chapterId>
    <textIndopak>أَوَءَابَآؤُنَا ٱلۡأَوَّلُونَ</textIndopak>
    <translations>
      <translation>
        <author>King Fahad Quran Complex</author>
        <text>Apakah bapak-bapak kami yang terdahulu (dibangkitkan pula)?"</text>
      </translation>
    </translations>
  </verse>
  <verse>
    <verseIdArabic>٤٩</verseIdArabic>
    <verseId>49</verseId>
    <chapterId>56</chapterId>
    <textIndopak>قُلۡ إِنَّ ٱلۡأَوَّلِينَ وَٱلۡأٓخِرِينَ</textIndopak>
    <translations>
      <translation>
        <author>King Fahad Quran Complex</author>
        <text>Katakanlah, "Sesungguhnya orang-orang yang terdahulu dan orang-orang yang kemudian,</text>
      </translation>
    </translations>
    <rules>[{"start": 7, "end": 10, "rule_id": 0}]</rules>
  </verse>
  <verse>
    <verseIdArabic>٥٠</verseIdArabic>
    <verseId>50</verseId>
    <chapterId>56</chapterId>
    <textIndopak>لَمَجۡمُوعُونَ إِلَىٰ مِيقَٰتِ يَوۡمٖ مَّعۡلُومٖ</textIndopak>
    <translations>
      <translation>
        <author>King Fahad Quran Complex</author>
        <text>benar-benar akan dikumpulkan di waktu tertentu pada hari yang dikenal.</text>
      </translation>
    </translations>
    <rules>[{"start": 38, "end": 41, "rule_id": 0}, {"start": 4, "end": 6, "rule_id": 1}, {"start": 35, "end": 41, "rule_id": 3}]</rules>
  </verse>
  <verse>
    <verseIdArabic>٥١</verseIdArabic>
    <verseId>51</verseId>
    <chapterId>56</chapterId>
    <textIndopak>ثُمَّ إِنَّكُمۡ أَيُّهَا ٱلضَّآلُّونَ ٱلۡمُكَذِّبُونَ</textIndopak>
    <translations>
      <translation>
        <author>King Fahad Quran Complex</author>
        <text>Kemudian sesungguhnya kamu, hai orang yang sesat lagi mendustakan,</text>
      </translation>
    </translations>
    <rules>[{"start": 2, "end": 5, "rule_id": 0}, {"start": 8, "end": 11, "rule_id": 0}]</rules>
  </verse>
  <verse>
    <verseIdArabic>٥٢</verseIdArabic>
    <verseId>52</verseId>
    <chapterId>56</chapterId>
    <textIndopak>لَأٓكِلُونَ مِن شَجَرٖ مِّن زَقُّومٖ</textIndopak>
    <translations>
      <translation>
        <author>King Fahad Quran Complex</author>
        <text>benar-benar akan memakan pohon zakum,</text>
      </translation>
    </translations>
    <rules>[{"start": 24, "end": 27, "rule_id": 0}, {"start": 21, "end": 27, "rule_id": 3}, {"start": 15, "end": 19, "rule_id": 6}, {"start": 27, "end": 31, "rule_id": 6}]</rules>
  </verse>
  <verse>
    <verseIdArabic>٥٣</verseIdArabic>
    <verseId>53</verseId>
    <chapterId>56</chapterId>
    <textIndopak>فَمَالِـُٔونَ مِنۡهَا ٱلۡبُطُونَ</textIndopak>
    <translations>
      <translation>
        <author>King Fahad Quran Complex</author>
        <text>dan akan memenuhi perutmu dengannya.</text>
      </translation>
    </translations>
  </verse>
  <verse>
    <verseIdArabic>٥٤</verseIdArabic>
    <verseId>54</verseId>
    <chapterId>56</chapterId>
    <textIndopak>فَشَٰرِبُونَ عَلَيۡهِ مِنَ ٱلۡحَمِيمِ</textIndopak>
    <translations>
      <translation>
        <author>King Fahad Quran Complex</author>
        <text>Sesudah itu kamu akan meminum air yang sangat panas.</text>
      </translation>
    </translations>
  </verse>
  <verse>
    <verseIdArabic>٥٥</verseIdArabic>
    <verseId>55</verseId>
    <chapterId>56</chapterId>
    <textIndopak>فَشَٰرِبُونَ شُرۡبَ ٱلۡهِيمِ</textIndopak>
    <translations>
      <translation>
        <author>King Fahad Quran Complex</author>
        <text>Maka kamu minum seperti unta yang sangat haus minum.</text>
      </translation>
    </translations>
  </verse>
  <verse>
    <verseIdArabic>٥٦</verseIdArabic>
    <verseId>56</verseId>
    <chapterId>56</chapterId>
    <textIndopak>هَٰذَا نُزُلُهُمۡ يَوۡمَ ٱلدِّينِ</textIndopak>
    <translations>
      <translation>
        <author>King Fahad Quran Complex</author>
        <text>Itulah hidangan untuk mereka pada hari Pembalasan".</text>
      </translation>
    </translations>
  </verse>
  <verse>
    <verseIdArabic>٥٧</verseIdArabic>
    <verseId>57</verseId>
    <chapterId>56</chapterId>
    <textIndopak>نَحۡنُ خَلَقۡنَٰكُمۡ فَلَوۡلَا تُصَدِّقُونَ</textIndopak>
    <translations>
      <translation>
        <author>King Fahad Quran Complex</author>
        <text>Kami telah menciptakan kamu, maka mengapa kamu tidak membenarkan (hari berbangkit)?</text>
      </translation>
    </translations>
    <rules>[{"start": 11, "end": 13, "rule_id": 1}]</rules>
  </verse>
  <verse>
    <verseIdArabic>٥٨</verseIdArabic>
    <verseId>58</verseId>
    <chapterId>56</chapterId>
    <textIndopak>أَفَرَءَيۡتُم مَّا تُمۡنُونَ</textIndopak>
    <translations>
      <translation>
        <author>King Fahad Quran Complex</author>
        <text>Maka terangkanlah kepada-Ku tentang nutfah yang kamu pancarkan.</text>
      </translation>
    </translations>
    <rules>[{"start": 14, "end": 17, "rule_id": 0}, {"start": 12, "end": 17, "rule_id": 4}]</rules>
  </verse>
  <verse>
    <verseIdArabic>٥٩</verseIdArabic>
    <verseId>59</verseId>
    <chapterId>56</chapterId>
    <textIndopak>ءَأَنتُمۡ تَخۡلُقُونَهُۥٓ أَمۡ نَحۡنُ ٱلۡخَٰلِقُونَ</textIndopak>
    <translations>
      <translation>
        <author>King Fahad Quran Complex</author>
        <text>Kamukah yang menciptakannya, atau Kami-kah yang menciptakannya?</text>
      </translation>
    </translations>
    <rules>[{"start": 4, "end": 7, "rule_id": 6}]</rules>
  </verse>
  <verse>
    <verseIdArabic>٦٠</verseIdArabic>
    <verseId>60</verseId>
    <chapterId>56</chapterId>
    <textIndopak>نَحۡنُ قَدَّرۡنَا بَيۡنَكُمُ ٱلۡمَوۡتَ وَمَا نَحۡنُ بِمَسۡبُوقِينَ</textIndopak>
    <translations>
      <translation>
        <author>King Fahad Quran Complex</author>
        <text>Kami telah menentukan kematian di antara kamu dan Kami sekali-kali tidak akan dapat dikalahkan,</text>
      </translation>
    </translations>
  </verse>
  <verse>
    <verseIdArabic>٦١</verseIdArabic>
    <verseId>61</verseId>
    <chapterId>56</chapterId>
    <textIndopak>عَلَىٰٓ أَن نُّبَدِّلَ أَمۡثَٰلَكُمۡ وَنُنشِئَكُمۡ فِي مَا لَا تَعۡلَمُونَ</textIndopak>
    <translations>
      <translation>
        <author>King Fahad Quran Complex</author>
        <text>untuk menggantikan kamu dengan orang-orang yang seperti kamu (dalam dunia) dan menciptakan kamu kelak (di akhirat) dalam keadaan yang tidak kamu ketahui.</text>
      </translation>
    </translations>
    <rules>[{"start": 12, "end": 15, "rule_id": 0}, {"start": 10, "end": 15, "rule_id": 3}, {"start": 41, "end": 44, "rule_id": 6}]</rules>
  </verse>
  <verse>
    <verseIdArabic>٦٢</verseIdArabic>
    <verseId>62</verseId>
    <chapterId>56</chapterId>
    <textIndopak>وَلَقَدۡ عَلِمۡتُمُ ٱلنَّشۡأَةَ ٱلۡأُولَىٰ فَلَوۡلَا تَذَكَّرُونَ</textIndopak>
    <translations>
      <translation>
        <author>King Fahad Quran Complex</author>
        <text>Dan Sesungguhnya kamu telah mengetahui penciptaan yang pertama, maka mengapakah kamu tidak mengambil pelajaran (untuk penciptaan yang kedua)?</text>
      </translation>
    </translations>
    <rules>[{"start": 22, "end": 25, "rule_id": 0}, {"start": 6, "end": 8, "rule_id": 1}]</rules>
  </verse>
  <verse>
    <verseIdArabic>٦٣</verseIdArabic>
    <verseId>63</verseId>
    <chapterId>56</chapterId>
    <textIndopak>أَفَرَءَيۡتُم مَّا تَحۡرُثُونَ</textIndopak>
    <translations>
      <translation>
        <author>King Fahad Quran Complex</author>
        <text>Maka terangkanlah kepadaku tentang yang kamu tanam?</text>
      </translation>
    </translations>
    <rules>[{"start": 14, "end": 17, "rule_id": 0}, {"start": 12, "end": 17, "rule_id": 4}]</rules>
  </verse>
  <verse>
    <verseIdArabic>٦٤</verseIdArabic>
    <verseId>64</verseId>
    <chapterId>56</chapterId>
    <textIndopak>ءَأَنتُمۡ تَزۡرَعُونَهُۥٓ أَمۡ نَحۡنُ ٱلزَّٰرِعُونَ</textIndopak>
    <translations>
      <translation>
        <author>King Fahad Quran Complex</author>
        <text>Kamukah yang menumbuhkannya atau Kami-kah yang menumbuhkannya?</text>
      </translation>
    </translations>
    <rules>[{"start": 4, "end": 7, "rule_id": 6}]</rules>
  </verse>
  <verse>
    <verseIdArabic>٦٥</verseIdArabic>
    <verseId>65</verseId>
    <chapterId>56</chapterId>
    <textIndopak>لَوۡ نَشَآءُ لَجَعَلۡنَٰهُ حُطَٰمٗا فَظَلۡتُمۡ تَفَكَّهُونَ</textIndopak>
    <translations>
      <translation>
        <author>King Fahad Quran Complex</author>
        <text>Kalau Kami kehendaki, benar-benar Kami jadikan dia kering dan hancur; maka jadilah kamu heran tercengang.</text>
      </translation>
    </translations>
  </verse>
  <verse>
    <verseIdArabic>٦٦</verseIdArabic>
    <verseId>66</verseId>
    <chapterId>56</chapterId>
    <textIndopak>إِنَّا لَمُغۡرَمُونَ</textIndopak>
    <translations>
      <translation>
        <author>King Fahad Quran Complex</author>
        <text>(Sambil berkata), "Sesungguhnya kami benar-benar menderita kerugian,</text>
      </translation>
    </translations>
    <rules>[{"start": 2, "end": 5, "rule_id": 0}]</rules>
  </verse>
  <verse>
    <verseIdArabic>٦٧</verseIdArabic>
    <verseId>67</verseId>
    <chapterId>56</chapterId>
    <textIndopak>بَلۡ نَحۡنُ مَحۡرُومُونَ</textIndopak>
    <translations>
      <translation>
        <author>King Fahad Quran Complex</author>
        <text>bahkan kami menjadi orang yang tidak mendapat hasil apa-apa."</text>
      </translation>
    </translations>
  </verse>
  <verse>
    <verseIdArabic>٦٨</verseIdArabic>
    <verseId>68</verseId>
    <chapterId>56</chapterId>
    <textIndopak>أَفَرَءَيۡتُمُ ٱلۡمَآءَ ٱلَّذِي تَشۡرَبُونَ</textIndopak>
    <translations>
      <translation>
        <author>King Fahad Quran Complex</author>
        <text>Maka terangkanlah kepadaku tentang air yang kamu minum.</text>
      </translation>
    </translations>
  </verse>
  <verse>
    <verseIdArabic>٦٩</verseIdArabic>
    <verseId>69</verseId>
    <chapterId>56</chapterId>
    <textIndopak>ءَأَنتُمۡ أَنزَلۡتُمُوهُ مِنَ ٱلۡمُزۡنِ أَمۡ نَحۡنُ ٱلۡمُنزِلُونَ</textIndopak>
    <translations>
      <translation>
        <author>King Fahad Quran Complex</author>
        <text>Kamukah yang menurunkannya dari awan atau Kami-kah yang menurunkannya?</text>
      </translation>
    </translations>
    <rules>[{"start": 4, "end": 7, "rule_id": 6}, {"start": 12, "end": 15, "rule_id": 6}, {"start": 57, "end": 60, "rule_id": 6}]</rules>
  </verse>
  <verse>
    <verseIdArabic>٧٠</verseIdArabic>
    <verseId>70</verseId>
    <chapterId>56</chapterId>
    <textIndopak>لَوۡ نَشَآءُ جَعَلۡنَٰهُ أُجَاجٗا فَلَوۡلَا تَشۡكُرُونَ</textIndopak>
    <translations>
      <translation>
        <author>King Fahad Quran Complex</author>
        <text>Kalau Kami kehendaki, niscaya Kami jadikan dia asin, maka mengapakah kamu tidak bersyukur?</text>
      </translation>
    </translations>
  </verse>
  <verse>
    <verseIdArabic>٧١</verseIdArabic>
    <verseId>71</verseId>
    <chapterId>56</chapterId>
    <textIndopak>أَفَرَءَيۡتُمُ ٱلنَّارَ ٱلَّتِي تُورُونَ</textIndopak>
    <translations>
      <translation>
        <author>King Fahad Quran Complex</author>
        <text>Maka terangkanlah kepadaku tentang api yang kamu nyalakan (dari gosokan-gosokan kayu).</text>
      </translation>
    </translations>
    <rules>[{"start": 17, "end": 20, "rule_id": 0}]</rules>
  </verse>
  <verse>
    <verseIdArabic>٧٢</verseIdArabic>
    <verseId>72</verseId>
    <chapterId>56</chapterId>
    <textIndopak>ءَأَنتُمۡ أَنشَأۡتُمۡ شَجَرَتَهَآ أَمۡ نَحۡنُ ٱلۡمُنشِـُٔونَ</textIndopak>
    <translations>
      <translation>
        <author>King Fahad Quran Complex</author>
        <text>Kamukah yang menjadikan kayu itu atau Kami-kah yang menjadikannya?</text>
      </translation>
    </translations>
    <rules>[{"start": 4, "end": 7, "rule_id": 6}, {"start": 12, "end": 15, "rule_id": 6}, {"start": 52, "end": 55, "rule_id": 6}]</rules>
  </verse>
  <verse>
    <verseIdArabic>٧٣</verseIdArabic>
    <verseId>73</verseId>
    <chapterId>56</chapterId>
    <textIndopak>نَحۡنُ جَعَلۡنَٰهَا تَذۡكِرَةٗ وَمَتَٰعٗا لِّلۡمُقۡوِينَ</textIndopak>
    <translations>
      <translation>
        <author>King Fahad Quran Complex</author>
        <text>Kami menjadikan api itu untuk peringatan dan bahan yang berguna bagi musafir di padang pasir.</text>
      </translation>
    </translations>
    <rules>[{"start": 49, "end": 51, "rule_id": 1}, {"start": 28, "end": 33, "rule_id": 3}, {"start": 38, "end": 45, "rule_id": 5}]</rules>
  </verse>
  <verse>
    <verseIdArabic>٧٤</verseIdArabic>
    <verseId>74</verseId>
    <chapterId>56</chapterId>
    <textIndopak>فَسَبِّحۡ بِٱسۡمِ رَبِّكَ ٱلۡعَظِيمِ</textIndopak>
    <translations>
      <translation>
        <author>King Fahad Quran Complex</author>
        <text>Maka bertasbihlah dengan (menyebut) nama Tuhan-mu Yang Maha Besar.</text>
      </translation>
    </translations>
  </verse>
  <verse>
    <verseIdArabic>٧٥</verseIdArabic>
    <verseId>75</verseId>
    <chapterId>56</chapterId>
    <textIndopak>۞ فَلَآ أُقۡسِمُ بِمَوَٰقِعِ ٱلنُّجُومِ</textIndopak>
    <translations>
      <translation>
        <author>King Fahad Quran Complex</author>
        <text>Maka Aku bersumpah dengan tempat beredarnya bintang-bintang.</text>
      </translation>
    </translations>
    <rules>[{"start": 32, "end": 35, "rule_id": 0}, {"start": 11, "end": 13, "rule_id": 1}]</rules>
  </verse>
  <verse>
    <verseIdArabic>٧٦</verseIdArabic>
    <verseId>76</verseId>
    <chapterId>56</chapterId>
    <textIndopak>وَإِنَّهُۥ لَقَسَمٞ لَّوۡ تَعۡلَمُونَ عَظِيمٌ</textIndopak>
    <translations>
      <translation>
        <author>King Fahad Quran Complex</author>
        <text>Sesungguhnya sumpah itu adalah sumpah yang besar kalau kamu mengetahui,</text>
      </translation>
    </translations>
    <rules>[{"start": 4, "end": 7, "rule_id": 0}, {"start": 17, "end": 23, "rule_id": 5}]</rules>
  </verse>
  <verse>
    <verseIdArabic>٧٧</verseIdArabic>
    <verseId>77</verseId>
    <chapterId>56</chapterId>
    <textIndopak>إِنَّهُۥ لَقُرۡءَانٞ كَرِيمٞ</textIndopak>
    <translations>
      <translation>
        <author>King Fahad Quran Complex</author>
        <text>Sesungguhnya Al-Qur`ān ini adalah bacaan yang sangat mulia,</text>
      </translation>
    </translations>
    <rules>[{"start": 2, "end": 5, "rule_id": 0}, {"start": 18, "end": 23, "rule_id": 6}]</rules>
  </verse>
  <verse>
    <verseIdArabic>٧٨</verseIdArabic>
    <verseId>78</verseId>
    <chapterId>56</chapterId>
    <textIndopak>فِي كِتَٰبٖ مَّكۡنُونٖ</textIndopak>
    <translations>
      <translation>
        <author>King Fahad Quran Complex</author>
        <text>pada kitab yang terpelihara (Lawḥ Maḥfūẓ),</text>
      </translation>
    </translations>
    <rules>[{"start": 12, "end": 15, "rule_id": 0}, {"start": 9, "end": 15, "rule_id": 3}]</rules>
  </verse>
  <verse>
    <verseIdArabic>٧٩</verseIdArabic>
    <verseId>79</verseId>
    <chapterId>56</chapterId>
    <textIndopak>لَّا يَمَسُّهُۥٓ إِلَّا ٱلۡمُطَهَّرُونَ</textIndopak>
    <translations>
      <translation>
        <author>King Fahad Quran Complex</author>
        <text>tidak menyentuhnya kecuali hamba-hamba yang disucikan.</text>
      </translation>
    </translations>
  </verse>
  <verse>
    <verseIdArabic>٨٠</verseIdArabic>
    <verseId>80</verseId>
    <chapterId>56</chapterId>
    <textIndopak>تَنزِيلٞ مِّن رَّبِّ ٱلۡعَٰلَمِينَ</textIndopak>
    <translations>
      <translation>
        <author>King Fahad Quran Complex</author>
        <text>Diturunkan dari Tuhan semesta alam.</text>
      </translation>
    </translations>
    <rules>[{"start": 9, "end": 12, "rule_id": 0}, {"start": 6, "end": 12, "rule_id": 3}, {"start": 12, "end": 17, "rule_id": 5}, {"start": 2, "end": 5, "rule_id": 6}]</rules>
  </verse>
  <verse>
    <verseIdArabic>٨١</verseIdArabic>
    <verseId>81</verseId>
    <chapterId>56</chapterId>
    <textIndopak>أَفَبِهَٰذَا ٱلۡحَدِيثِ أَنتُم مُّدۡهِنُونَ</textIndopak>
    <translations>
      <translation>
        <author>King Fahad Quran Complex</author>
        <text>Maka apakah kamu menganggap remeh saja Al-Qur`ān ini?,</text>
      </translation>
    </translations>
    <rules>[{"start": 31, "end": 34, "rule_id": 0}, {"start": 34, "end": 36, "rule_id": 1}, {"start": 29, "end": 34, "rule_id": 4}, {"start": 26, "end": 29, "rule_id": 6}]</rules>
  </verse>
  <verse>
    <verseIdArabic>٨٢</verseIdArabic>
    <verseId>82</verseId>
    <chapterId>56</chapterId>
    <textIndopak>وَتَجۡعَلُونَ رِزۡقَكُمۡ أَنَّكُمۡ تُكَذِّبُونَ</textIndopak>
    <translations>
      <translation>
        <author>King Fahad Quran Complex</author>
        <text>kamu (mengganti) rezeki (yang Allah berikan) dengan mendustakan (Allah).</text>
      </translation>
    </translations>
    <rules>[{"start": 27, "end": 30, "rule_id": 0}, {"start": 4, "end": 6, "rule_id": 1}]</rules>
  </verse>
  <verse>
    <verseIdArabic>٨٣</verseIdArabic>
    <verseId>83</verseId>
    <chapterId>56</chapterId>
    <textIndopak>فَلَوۡلَآ إِذَا بَلَغَتِ ٱلۡحُلۡقُومَ</textIndopak>
    <translations>
      <translation>
        <author>King Fahad Quran Complex</author>
        <text>Maka mengapa ketika nyawa sampai di kerongkongan,</text>
      </translation>
    </translations>
  </verse>
  <verse>
    <verseIdArabic>٨٤</verseIdArabic>
    <verseId>84</verseId>
    <chapterId>56</chapterId>
    <textIndopak>وَأَنتُمۡ حِينَئِذٖ تَنظُرُونَ</textIndopak>
    <translations>
      <translation>
        <author>King Fahad Quran Complex</author>
        <text>padahal kamu ketika itu melihat,</text>
      </translation>
    </translations>
    <rules>[{"start": 4, "end": 7, "rule_id": 6}, {"start": 22, "end": 25, "rule_id": 6}, {"start": 17, "end": 22, "rule_id": 6}]</rules>
  </verse>
  <verse>
    <verseIdArabic>٨٥</verseIdArabic>
    <verseId>85</verseId>
    <chapterId>56</chapterId>
    <textIndopak>وَنَحۡنُ أَقۡرَبُ إِلَيۡهِ مِنكُمۡ وَلَٰكِن لَّا تُبۡصِرُونَ</textIndopak>
    <translations>
      <translation>
        <author>King Fahad Quran Complex</author>
        <text>dan Kami lebih dekat kepadanya dari pada kamu. Tetapi kamu tidak melihat,</text>
      </translation>
    </translations>
    <rules>[{"start": 11, "end": 13, "rule_id": 1}, {"start": 51, "end": 53, "rule_id": 1}, {"start": 42, "end": 47, "rule_id": 5}, {"start": 29, "end": 32, "rule_id": 6}]</rules>
  </verse>
  <verse>
    <verseIdArabic>٨٦</verseIdArabic>
    <verseId>86</verseId>
    <chapterId>56</chapterId>
    <textIndopak>فَلَوۡلَآ إِن كُنتُمۡ غَيۡرَ مَدِينِينَ</textIndopak>
    <translations>
      <translation>
        <author>King Fahad Quran Complex</author>
        <text>maka mengapa jika kamu tidak dikuasai (oleh Allah),</text>
      </translation>
    </translations>
    <rules>[{"start": 13, "end": 17, "rule_id": 6}, {"start": 17, "end": 20, "rule_id": 6}]</rules>
  </verse>
  <verse>
    <verseIdArabic>٨٧</verseIdArabic>
    <verseId>87</verseId>
    <chapterId>56</chapterId>
    <textIndopak>تَرۡجِعُونَهَآ إِن كُنتُمۡ صَٰدِقِينَ</textIndopak>
    <translations>
      <translation>
        <author>King Fahad Quran Complex</author>
        <text>Kamu tidak mengembalikan nyawa itu (kepada tempatnya) jika kamu adalah orang-orang yang benar?</text>
      </translation>
    </translations>
    <rules>[{"start": 18, "end": 22, "rule_id": 6}, {"start": 22, "end": 25, "rule_id": 6}]</rules>
  </verse>
  <verse>
    <verseIdArabic>٨٨</verseIdArabic>
    <verseId>88</verseId>
    <chapterId>56</chapterId>
    <textIndopak>فَأَمَّآ إِن كَانَ مِنَ ٱلۡمُقَرَّبِينَ</textIndopak>
    <translations>
      <translation>
        <author>King Fahad Quran Complex</author>
        <text>adapun jika dia (orang yang mati) termasuk orang yang didekatkan (kepada Allah),</text>
      </translation>
    </translations>
    <rules>[{"start": 4, "end": 7, "rule_id": 0}, {"start": 12, "end": 16, "rule_id": 6}]</rules>
  </verse>
  <verse>
    <verseIdArabic>٨٩</verseIdArabic>
    <verseId>89</verseId>
    <chapterId>56</chapterId>
    <textIndopak>فَرَوۡحٞ وَرَيۡحَانٞ وَجَنَّتُ نَعِيمٖ</textIndopak>
    <translations>
      <translation>
        <author>King Fahad Quran Complex</author>
        <text>maka dia memperoleh ketenteraman dan rezeki serta surga kenikmatan.</text>
      </translation>
    </translations>
    <rules>[{"start": 25, "end": 28, "rule_id": 0}, {"start": 6, "end": 11, "rule_id": 3}, {"start": 18, "end": 23, "rule_id": 3}]</rules>
  </verse>
  <verse>
    <verseIdArabic>٩٠</verseIdArabic>
    <verseId>90</verseId>
    <chapterId>56</chapterId>
    <textIndopak>وَأَمَّآ إِن كَانَ مِنۡ أَصۡحَٰبِ ٱلۡيَمِينِ</textIndopak>
    <translations>
      <translation>
        <author>King Fahad Quran Complex</author>
        <text>Dan adapun jika dia termasuk golongan kanan,</text>
      </translation>
    </translations>
    <rules>[{"start": 4, "end": 7, "rule_id": 0}, {"start": 12, "end": 16, "rule_id": 6}]</rules>
  </verse>
  <verse>
    <verseIdArabic>٩١</verseIdArabic>
    <verseId>91</verseId>
    <chapterId>56</chapterId>
    <textIndopak>فَسَلَٰمٞ لَّكَ مِنۡ أَصۡحَٰبِ ٱلۡيَمِينِ</textIndopak>
    <translations>
      <translation>
        <author>King Fahad Quran Complex</author>
        <text>maka keselamatanlah bagimu karena kamu dari golongan kanan.</text>
      </translation>
    </translations>
    <rules>[{"start": 7, "end": 13, "rule_id": 5}]</rules>
  </verse>
  <verse>
    <verseIdArabic>٩٢</verseIdArabic>
    <verseId>92</verseId>
    <chapterId>56</chapterId>
    <textIndopak>وَأَمَّآ إِن كَانَ مِنَ ٱلۡمُكَذِّبِينَ ٱلضَّآلِّينَ</textIndopak>
    <translations>
      <translation>
        <author>King Fahad Quran Complex</author>
        <text>Dan adapun jika dia termasuk golongan yang mendustakan lagi sesat,</text>
      </translation>
    </translations>
    <rules>[{"start": 4, "end": 7, "rule_id": 0}, {"start": 12, "end": 16, "rule_id": 6}]</rules>
  </verse>
  <verse>
    <verseIdArabic>٩٣</verseIdArabic>
    <verseId>93</verseId>
    <chapterId>56</chapterId>
    <textIndopak>فَنُزُلٞ مِّنۡ حَمِيمٖ</textIndopak>
    <translations>
      <translation>
        <author>King Fahad Quran Complex</author>
        <text>maka dia mendapat hidangan air yang mendidih,</text>
      </translation>
    </translations>
    <rules>[{"start": 9, "end": 12, "rule_id": 0}, {"start": 6, "end": 12, "rule_id": 3}]</rules>
  </verse>
  <verse>
    <verseIdArabic>٩٤</verseIdArabic>
    <verseId>94</verseId>
    <chapterId>56</chapterId>
    <textIndopak>وَتَصۡلِيَةُ جَحِيمٍ</textIndopak>
    <translations>
      <translation>
        <author>King Fahad Quran Complex</author>
        <text>dan dibakar di dalam neraka.</text>
      </translation>
    </translations>
  </verse>
  <verse>
    <verseIdArabic>٩٥</verseIdArabic>
    <verseId>95</verseId>
    <chapterId>56</chapterId>
    <textIndopak>إِنَّ هَٰذَا لَهُوَ حَقُّ ٱلۡيَقِينِ</textIndopak>
    <translations>
      <translation>
        <author>King Fahad Quran Complex</author>
        <text>Sesungguhnya (yang disebutkan ini) adalah suatu keyakinan yang benar.</text>
      </translation>
    </translations>
    <rules>[{"start": 2, "end": 5, "rule_id": 0}]</rules>
  </verse>
  <verse>
    <verseIdArabic>٩٦</verseIdArabic>
    <verseId>96</verseId>
    <chapterId>56</chapterId>
    <textIndopak>فَسَبِّحۡ بِٱسۡمِ رَبِّكَ ٱلۡعَظِيمِ</textIndopak>
    <translations>
      <translation>
        <author>King Fahad Quran Complex</author>
        <text>Maka bertasbihlah dengan (menyebut) nama Tuhan-mu yang Maha Besar.</text>
      </translation>
    </translations>
  </verse>
</verses>
