<?xml version="1.0" encoding="UTF-8"?>

<verses>
  <verse>
    <verseIdArabic>١</verseIdArabic>
    <verseId>1</verseId>
    <chapterId>58</chapterId>
    <textIndopak>قَدۡ سَمِعَ ٱللَّهُ قَوۡلَ ٱلَّتِي تُجَٰدِلُكَ فِي زَوۡجِهَا وَتَشۡتَكِيٓ إِلَى ٱللَّهِ وَٱللَّهُ يَسۡمَعُ تَحَاوُرَكُمَآۚ إِنَّ ٱللَّهَ سَمِيعُۢ بَصِيرٌ</textIndopak>
    <translations>
      <translation>
        <author>King Fahad Quran Complex</author>
        <text>Sesungguhnya Allah telah mendengar perkataan wanita yang memajukan gugatan kepada kamu tentang suaminya, dan mengadukan (halnya) kepada Allah. Dan Allah mendengar soal jawab antara kamu berdua. Sesungguhnya Allah Maha Mendengar lagi Maha Melihat.</text>
      </translation>
    </translations>
    <rules>[{"start": 127, "end": 130, "rule_id": 0}, {"start": 2, "end": 4, "rule_id": 1}, {"start": 144, "end": 150, "rule_id": 2}]</rules>
  </verse>
  <verse>
    <verseIdArabic>٢</verseIdArabic>
    <verseId>2</verseId>
    <chapterId>58</chapterId>
    <textIndopak>ٱلَّذِينَ يُظَٰهِرُونَ مِنكُم مِّن نِّسَآئِهِم مَّا هُنَّ أُمَّهَٰتِهِمۡۖ إِنۡ أُمَّهَٰتُهُمۡ إِلَّا ٱلَّٰٓـِٔي وَلَدۡنَهُمۡۚ وَإِنَّهُمۡ لَيَقُولُونَ مُنكَرٗا مِّنَ ٱلۡقَوۡلِ وَزُورٗاۚ وَإِنَّ ٱللَّهَ لَعَفُوٌّ غَفُورٞ</textIndopak>
    <translations>
      <translation>
        <author>King Fahad Quran Complex</author>
        <text>Orang-orang yang men-ẓihār istrinya di antara kamu, (menganggap istrinya sebagai ibunya, padahal) tiadalah istri mereka itu ibu mereka. Ibu-ibu mereka tidak lain hanyalah wanita yang melahirkan mereka. Dan sesungguhnya mereka sungguh-sungguh mengucapkan suatu perkataan yang mungkar dan dusta. Dan sesungguhnya Allah Maha Pemaaf lagi Maha Pengampun.</text>
      </translation>
    </translations>
    <rules>[{"start": 30, "end": 33, "rule_id": 0}, {"start": 35, "end": 38, "rule_id": 0}, {"start": 48, "end": 51, "rule_id": 0}, {"start": 55, "end": 58, "rule_id": 0}, {"start": 61, "end": 64, "rule_id": 0}, {"start": 83, "end": 86, "rule_id": 0}, {"start": 133, "end": 136, "rule_id": 0}, {"start": 163, "end": 166, "rule_id": 0}, {"start": 194, "end": 197, "rule_id": 0}, {"start": 118, "end": 120, "rule_id": 1}, {"start": 33, "end": 38, "rule_id": 3}, {"start": 159, "end": 166, "rule_id": 3}, {"start": 28, "end": 33, "rule_id": 4}, {"start": 46, "end": 51, "rule_id": 4}, {"start": 25, "end": 28, "rule_id": 6}, {"start": 156, "end": 159, "rule_id": 6}]</rules>
  </verse>
  <verse>
    <verseIdArabic>٣</verseIdArabic>
    <verseId>3</verseId>
    <chapterId>58</chapterId>
    <textIndopak>وَٱلَّذِينَ يُظَٰهِرُونَ مِن نِّسَآئِهِمۡ ثُمَّ يَعُودُونَ لِمَا قَالُواْ فَتَحۡرِيرُ رَقَبَةٖ مِّن قَبۡلِ أَن يَتَمَآسَّاۚ ذَٰلِكُمۡ تُوعَظُونَ بِهِۦۚ وَٱللَّهُ بِمَا تَعۡمَلُونَ خَبِيرٞ</textIndopak>
    <translations>
      <translation>
        <author>King Fahad Quran Complex</author>
        <text>Orang-orang yang men-ẓihār istri mereka, kemudian mereka hendak menarik kembali apa yang mereka ucapkan, maka (wajib atasnya) memerdekakan seorang budak sebelum kedua suami istri itu bercampur. Demikianlah yang diajarkan kepada kamu, dan Allah Maha Mengetahui apa yang kamu kerjakan.</text>
      </translation>
    </translations>
    <rules>[{"start": 29, "end": 32, "rule_id": 0}, {"start": 45, "end": 48, "rule_id": 0}, {"start": 96, "end": 99, "rule_id": 0}, {"start": 103, "end": 105, "rule_id": 1}, {"start": 27, "end": 32, "rule_id": 3}, {"start": 110, "end": 114, "rule_id": 3}, {"start": 93, "end": 99, "rule_id": 3}, {"start": 99, "end": 103, "rule_id": 6}]</rules>
  </verse>
  <verse>
    <verseIdArabic>٤</verseIdArabic>
    <verseId>4</verseId>
    <chapterId>58</chapterId>
    <textIndopak>فَمَن لَّمۡ يَجِدۡ فَصِيَامُ شَهۡرَيۡنِ مُتَتَابِعَيۡنِ مِن قَبۡلِ أَن يَتَمَآسَّاۖ فَمَن لَّمۡ يَسۡتَطِعۡ فَإِطۡعَامُ سِتِّينَ مِسۡكِينٗاۚ ذَٰلِكَ لِتُؤۡمِنُواْ بِٱللَّهِ وَرَسُولِهِۦۚ وَتِلۡكَ حُدُودُ ٱللَّهِۗ وَلِلۡكَٰفِرِينَ عَذَابٌ أَلِيمٌ</textIndopak>
    <translations>
      <translation>
        <author>King Fahad Quran Complex</author>
        <text>Barang siapa yang tidak mendapatkan (budak), maka (wajib atasnya) berpuasa dua bulan berturut-turut sebelum keduanya bercampur. Maka siapa yang tidak kuasa (wajiblah atasnya) memberi makan enam puluh orang miskin. Demikianlah supaya kamu beriman kepada Allah dan rasul-Nya. Dan itulah hukum-hukum Allah, dan bagi orang-orang kafir ada siksaan yang sangat pedih.</text>
      </translation>
    </translations>
    <rules>[{"start": 16, "end": 18, "rule_id": 1}, {"start": 62, "end": 64, "rule_id": 1}, {"start": 113, "end": 115, "rule_id": 1}, {"start": 69, "end": 73, "rule_id": 3}, {"start": 4, "end": 9, "rule_id": 5}, {"start": 90, "end": 95, "rule_id": 5}, {"start": 58, "end": 62, "rule_id": 6}]</rules>
  </verse>
  <verse>
    <verseIdArabic>٥</verseIdArabic>
    <verseId>5</verseId>
    <chapterId>58</chapterId>
    <textIndopak>إِنَّ ٱلَّذِينَ يُحَآدُّونَ ٱللَّهَ وَرَسُولَهُۥ كُبِتُواْ كَمَا كُبِتَ ٱلَّذِينَ مِن قَبۡلِهِمۡۚ وَقَدۡ أَنزَلۡنَآ ءَايَٰتِۭ بَيِّنَٰتٖۚ وَلِلۡكَٰفِرِينَ عَذَابٞ مُّهِينٞ</textIndopak>
    <translations>
      <translation>
        <author>King Fahad Quran Complex</author>
        <text>Sesungguhnya orang-orang yang yang menentang Allah dan rasul-Nya pasti mendapat kehinaan sebagaimana orang-orang yang sebelum mereka telah mendapat kehinaan. Sesungguhnya Kami telah menurunkan bukti-bukti nyata. Dan bagi orang-orang kafir ada siksa yang menghinakan.</text>
      </translation>
    </translations>
    <rules>[{"start": 2, "end": 5, "rule_id": 0}, {"start": 167, "end": 170, "rule_id": 0}, {"start": 89, "end": 91, "rule_id": 1}, {"start": 104, "end": 106, "rule_id": 1}, {"start": 125, "end": 131, "rule_id": 2}, {"start": 164, "end": 170, "rule_id": 3}, {"start": 85, "end": 89, "rule_id": 6}, {"start": 109, "end": 112, "rule_id": 6}]</rules>
  </verse>
  <verse>
    <verseIdArabic>٦</verseIdArabic>
    <verseId>6</verseId>
    <chapterId>58</chapterId>
    <textIndopak>يَوۡمَ يَبۡعَثُهُمُ ٱللَّهُ جَمِيعٗا فَيُنَبِّئُهُم بِمَا عَمِلُوٓاْۚ أَحۡصَىٰهُ ٱللَّهُ وَنَسُوهُۚ وَٱللَّهُ عَلَىٰ كُلِّ شَيۡءٖ شَهِيدٌ</textIndopak>
    <translations>
      <translation>
        <author>King Fahad Quran Complex</author>
        <text>Pada hari ketika mereka dibangkitkan Allah semuanya, lalu diberitakan-Nya kepada mereka apa yang telah mereka kerjakan. Allah mengumpulkan (mencatat) amal perbuatan itu, padahal mereka telah melupakannya. Dan Allah Maha Menyaksikan segala sesuatu.</text>
      </translation>
    </translations>
    <rules>[{"start": 9, "end": 11, "rule_id": 1}, {"start": 137, "end": 139, "rule_id": 1}, {"start": 129, "end": 134, "rule_id": 6}, {"start": 50, "end": 54, "rule_id": 7}]</rules>
  </verse>
  <verse>
    <verseIdArabic>٧</verseIdArabic>
    <verseId>7</verseId>
    <chapterId>58</chapterId>
    <textIndopak>أَلَمۡ تَرَ أَنَّ ٱللَّهَ يَعۡلَمُ مَا فِي ٱلسَّمَٰوَٰتِ وَمَا فِي ٱلۡأَرۡضِۖ مَا يَكُونُ مِن نَّجۡوَىٰ ثَلَٰثَةٍ إِلَّا هُوَ رَابِعُهُمۡ وَلَا خَمۡسَةٍ إِلَّا هُوَ سَادِسُهُمۡ وَلَآ أَدۡنَىٰ مِن ذَٰلِكَ وَلَآ أَكۡثَرَ إِلَّا هُوَ مَعَهُمۡ أَيۡنَ مَا كَانُواْۖ ثُمَّ يُنَبِّئُهُم بِمَا عَمِلُواْ يَوۡمَ ٱلۡقِيَٰمَةِۚ إِنَّ ٱللَّهَ بِكُلِّ شَيۡءٍ عَلِيمٌ</textIndopak>
    <translations>
      <translation>
        <author>King Fahad Quran Complex</author>
        <text>Tidakkah kamu perhatikan, bahwa sesungguhnya Allah mengetahui apa yang ada di langit dan apa yang ada di bumi? Tiada pembicaraan rahasia antara tiga orang, melainkan Dia-lah yang keempatnya. Dan tiada (pembicaraan antara) lima orang, melainkan Dia-lah yang keenamnya. Dan tiada (pula) pembicaraan antara (jumlah) yang kurang dari itu atau lebih banyak, melainkan Dia berada bersama mereka di mana pun mereka berada. Kemudian Dia akan memberitakan kepada mereka pada hari kiamat apa yang telah mereka kerjakan. Sesungguhnya Allah Maha mengetahui segala sesuatu.</text>
      </translation>
    </translations>
    <rules>[{"start": 14, "end": 17, "rule_id": 0}, {"start": 95, "end": 98, "rule_id": 0}, {"start": 267, "end": 270, "rule_id": 0}, {"start": 324, "end": 327, "rule_id": 0}, {"start": 98, "end": 100, "rule_id": 1}, {"start": 187, "end": 189, "rule_id": 1}, {"start": 93, "end": 98, "rule_id": 3}, {"start": 196, "end": 201, "rule_id": 6}, {"start": 282, "end": 286, "rule_id": 7}]</rules>
  </verse>
  <verse>
    <verseIdArabic>٨</verseIdArabic>
    <verseId>8</verseId>
    <chapterId>58</chapterId>
    <textIndopak>أَلَمۡ تَرَ إِلَى ٱلَّذِينَ نُهُواْ عَنِ ٱلنَّجۡوَىٰ ثُمَّ يَعُودُونَ لِمَا نُهُواْ عَنۡهُ وَيَتَنَٰجَوۡنَ بِٱلۡإِثۡمِ وَٱلۡعُدۡوَٰنِ وَمَعۡصِيَتِ ٱلرَّسُولِۖ وَإِذَا جَآءُوكَ حَيَّوۡكَ بِمَا لَمۡ يُحَيِّكَ بِهِ ٱللَّهُ وَيَقُولُونَ فِيٓ أَنفُسِهِمۡ لَوۡلَا يُعَذِّبُنَا ٱللَّهُ بِمَا نَقُولُۚ حَسۡبُهُمۡ جَهَنَّمُ يَصۡلَوۡنَهَاۖ فَبِئۡسَ ٱلۡمَصِيرُ</textIndopak>
    <translations>
      <translation>
        <author>King Fahad Quran Complex</author>
        <text>Apakah tiada kamu perhatikan, orang-orang yang telah dilarang mengadakan pembicaraan rahasia, kemudian mereka kembali (mengerjakan) larangan itu dan mereka mengadakan pembicaraan rahasia untuk berbuat dosa, permusuhan, dan durhaka kepada rasul. Dan apabila mereka datang kepadamu, mereka mengucapkan salam kepadamu dengan memberi salam yang bukan sebagai yang ditentukan Allah untukmu. Dan mereka mengatakan kepada diri mereka sendiri, "Mengapa Allah tidak menyiksa kita disebabkan apa yang kita katakan itu?" Cukuplah bagi mereka Jahanam yang akan mereka masuki. Dan neraka itu adalah seburuk-buruk tempat kembali.</text>
      </translation>
    </translations>
    <rules>[{"start": 43, "end": 46, "rule_id": 0}, {"start": 55, "end": 58, "rule_id": 0}, {"start": 310, "end": 313, "rule_id": 0}, {"start": 46, "end": 48, "rule_id": 1}, {"start": 126, "end": 128, "rule_id": 1}, {"start": 240, "end": 243, "rule_id": 6}]</rules>
  </verse>
  <verse>
    <verseIdArabic>٩</verseIdArabic>
    <verseId>9</verseId>
    <chapterId>58</chapterId>
    <textIndopak>يَٰٓأَيُّهَا ٱلَّذِينَ ءَامَنُوٓاْ إِذَا تَنَٰجَيۡتُمۡ فَلَا تَتَنَٰجَوۡاْ بِٱلۡإِثۡمِ وَٱلۡعُدۡوَٰنِ وَمَعۡصِيَتِ ٱلرَّسُولِ وَتَنَٰجَوۡاْ بِٱلۡبِرِّ وَٱلتَّقۡوَىٰۖ وَٱتَّقُواْ ٱللَّهَ ٱلَّذِيٓ إِلَيۡهِ تُحۡشَرُونَ</textIndopak>
    <translations>
      <translation>
        <author>King Fahad Quran Complex</author>
        <text>Hai orang-orang beriman, apabila kamu mengadakan pembicaraan rahasia, janganlah kamu membicarakan tentang membuat dosa, permusuhan, dan durhaka kepada rasul. Dan bicarakanlah tentang membuat kebajikan dan takwa. Dan bertakwalah kepada Allah yang kepada-Nya kamu akan dikembalikan.</text>
      </translation>
    </translations>
    <rules>[{"start": 94, "end": 96, "rule_id": 1}, {"start": 158, "end": 160, "rule_id": 1}]</rules>
  </verse>
  <verse>
    <verseIdArabic>١٠</verseIdArabic>
    <verseId>10</verseId>
    <chapterId>58</chapterId>
    <textIndopak>إِنَّمَا ٱلنَّجۡوَىٰ مِنَ ٱلشَّيۡطَٰنِ لِيَحۡزُنَ ٱلَّذِينَ ءَامَنُواْ وَلَيۡسَ بِضَآرِّهِمۡ شَيۡـًٔا إِلَّا بِإِذۡنِ ٱللَّهِۚ وَعَلَى ٱللَّهِ فَلۡيَتَوَكَّلِ ٱلۡمُؤۡمِنُونَ</textIndopak>
    <translations>
      <translation>
        <author>King Fahad Quran Complex</author>
        <text>Sesungguhnya pembicaraan rahasia itu adalah dari setan, supaya orang-orang yang beriman itu berduka cita, sedang pembicaraan itu tiadalah memberi mudarat sedikit pun kepada mereka, kecuali dengan izin Allah dan kepada Allah-lah hendaknya orang-orang yang beriman bertawakal.</text>
      </translation>
    </translations>
    <rules>[{"start": 2, "end": 5, "rule_id": 0}, {"start": 11, "end": 14, "rule_id": 0}, {"start": 14, "end": 16, "rule_id": 1}]</rules>
  </verse>
  <verse>
    <verseIdArabic>١١</verseIdArabic>
    <verseId>11</verseId>
    <chapterId>58</chapterId>
    <textIndopak>يَٰٓأَيُّهَا ٱلَّذِينَ ءَامَنُوٓاْ إِذَا قِيلَ لَكُمۡ تَفَسَّحُواْ فِي ٱلۡمَجَٰلِسِ فَٱفۡسَحُواْ يَفۡسَحِ ٱللَّهُ لَكُمۡۖ وَإِذَا قِيلَ ٱنشُزُواْ فَٱنشُزُواْ يَرۡفَعِ ٱللَّهُ ٱلَّذِينَ ءَامَنُواْ مِنكُمۡ وَٱلَّذِينَ أُوتُواْ ٱلۡعِلۡمَ دَرَجَٰتٖۚ وَٱللَّهُ بِمَا تَعۡمَلُونَ خَبِيرٞ</textIndopak>
    <translations>
      <translation>
        <author>King Fahad Quran Complex</author>
        <text>Hai orang-orang beriman, apabila dikatakan kepadamu, "Berlapang-lapanglah dalam majelis", maka lapangkanlah, niscaya Allah akan memberi kelapangan untukmu. Dan apabila dikatakan, "Berdirilah kamu", maka berdirilah, niscaya Allah akan meninggikan orang-orang yang beriman di antaramu dan orang-orang yang diberi ilmu pengetahuan beberapa derajat. Dan Allah Maha Mengetahui apa yang kamu kerjakan.</text>
      </translation>
    </translations>
    <rules>[{"start": 138, "end": 141, "rule_id": 6}, {"start": 150, "end": 153, "rule_id": 6}, {"start": 199, "end": 202, "rule_id": 6}]</rules>
  </verse>
  <verse>
    <verseIdArabic>١٢</verseIdArabic>
    <verseId>12</verseId>
    <chapterId>58</chapterId>
    <textIndopak>يَٰٓأَيُّهَا ٱلَّذِينَ ءَامَنُوٓاْ إِذَا نَٰجَيۡتُمُ ٱلرَّسُولَ فَقَدِّمُواْ بَيۡنَ يَدَيۡ نَجۡوَىٰكُمۡ صَدَقَةٗۚ ذَٰلِكَ خَيۡرٞ لَّكُمۡ وَأَطۡهَرُۚ فَإِن لَّمۡ تَجِدُواْ فَإِنَّ ٱللَّهَ غَفُورٞ رَّحِيمٌ</textIndopak>
    <translations>
      <translation>
        <author>King Fahad Quran Complex</author>
        <text>Hai orang-orang beriman, apabila kamu mengadakan pembicaraan khusus dengan rasul hendaklah kamu mengeluarkan sedekah (kepada orang miskin) sebelum pembicaraan itu. Yang demikian itu adalah lebih baik bagimu dan lebih bersih; jika kamu tiada memperoleh (yang akan disedekahkan), maka sesungguhnya Allah Maha Pengampun lagi Maha Penyayang.</text>
      </translation>
    </translations>
    <rules>[{"start": 177, "end": 180, "rule_id": 0}, {"start": 93, "end": 95, "rule_id": 1}, {"start": 142, "end": 144, "rule_id": 1}, {"start": 155, "end": 160, "rule_id": 5}, {"start": 127, "end": 133, "rule_id": 5}, {"start": 194, "end": 200, "rule_id": 5}]</rules>
  </verse>
  <verse>
    <verseIdArabic>١٣</verseIdArabic>
    <verseId>13</verseId>
    <chapterId>58</chapterId>
    <textIndopak>ءَأَشۡفَقۡتُمۡ أَن تُقَدِّمُواْ بَيۡنَ يَدَيۡ نَجۡوَىٰكُمۡ صَدَقَٰتٖۚ فَإِذۡ لَمۡ تَفۡعَلُواْ وَتَابَ ٱللَّهُ عَلَيۡكُمۡ فَأَقِيمُواْ ٱلصَّلَوٰةَ وَءَاتُواْ ٱلزَّكَوٰةَ وَأَطِيعُواْ ٱللَّهَ وَرَسُولَهُۥۚ وَٱللَّهُ خَبِيرُۢ بِمَا تَعۡمَلُونَ</textIndopak>
    <translations>
      <translation>
        <author>King Fahad Quran Complex</author>
        <text>Apakah kamu takut akan (menjadi miskin) karena kamu memberikan sedekah sebelum pembicaraan dengan rasul? Maka jika kamu tiada memperbuatnya dan Allah telah memberi tobat kepadamu maka dirikanlah salat, tunaikanlah zakat, taatlah kepada Allah dan rasul-Nya; dan Allah Maha Mengetahui apa yang kamu kerjakan.</text>
      </translation>
    </translations>
    <rules>[{"start": 8, "end": 10, "rule_id": 1}, {"start": 48, "end": 50, "rule_id": 1}, {"start": 221, "end": 227, "rule_id": 2}, {"start": 17, "end": 21, "rule_id": 6}]</rules>
  </verse>
  <verse>
    <verseIdArabic>١٤</verseIdArabic>
    <verseId>14</verseId>
    <chapterId>58</chapterId>
    <textIndopak>۞ أَلَمۡ تَرَ إِلَى ٱلَّذِينَ تَوَلَّوۡاْ قَوۡمًا غَضِبَ ٱللَّهُ عَلَيۡهِم مَّا هُم مِّنكُمۡ وَلَا مِنۡهُمۡ وَيَحۡلِفُونَ عَلَى ٱلۡكَذِبِ وَهُمۡ يَعۡلَمُونَ</textIndopak>
    <translations>
      <translation>
        <author>King Fahad Quran Complex</author>
        <text>Tidakkah kamu perhatikan orang-orang yang menjadikan suatu kaum yang dimurkai Allah sebagai teman? Orang-orang itu bukan dari golongan kamu dan bukan (pula) dari golongan mereka. Dan mereka bersumpah untuk menguatkan kebohongan, sedang mereka mengetahui.</text>
      </translation>
    </translations>
    <rules>[{"start": 75, "end": 78, "rule_id": 0}, {"start": 84, "end": 87, "rule_id": 0}, {"start": 73, "end": 78, "rule_id": 4}, {"start": 82, "end": 87, "rule_id": 4}, {"start": 87, "end": 90, "rule_id": 6}]</rules>
  </verse>
  <verse>
    <verseIdArabic>١٥</verseIdArabic>
    <verseId>15</verseId>
    <chapterId>58</chapterId>
    <textIndopak>أَعَدَّ ٱللَّهُ لَهُمۡ عَذَابٗا شَدِيدًاۖ إِنَّهُمۡ سَآءَ مَا كَانُواْ يَعۡمَلُونَ</textIndopak>
    <translations>
      <translation>
        <author>King Fahad Quran Complex</author>
        <text>Allah telah menyediakan bagi mereka azab yang sangat keras, sesungguhnya amat buruklah apa yang telah mereka kerjakan.</text>
      </translation>
    </translations>
    <rules>[{"start": 45, "end": 48, "rule_id": 0}]</rules>
  </verse>
  <verse>
    <verseIdArabic>١٦</verseIdArabic>
    <verseId>16</verseId>
    <chapterId>58</chapterId>
    <textIndopak>ٱتَّخَذُوٓاْ أَيۡمَٰنَهُمۡ جُنَّةٗ فَصَدُّواْ عَن سَبِيلِ ٱللَّهِ فَلَهُمۡ عَذَابٞ مُّهِينٞ</textIndopak>
    <translations>
      <translation>
        <author>King Fahad Quran Complex</author>
        <text>Mereka menjadikan sumpah-sumpah mereka sebagai perisai, lalu mereka halangi (manusia) dari jalan Allah; karena itu mereka mendapat azab yang menghinakan.</text>
      </translation>
    </translations>
    <rules>[{"start": 29, "end": 32, "rule_id": 0}, {"start": 83, "end": 86, "rule_id": 0}, {"start": 80, "end": 86, "rule_id": 3}, {"start": 48, "end": 52, "rule_id": 6}, {"start": 32, "end": 37, "rule_id": 6}]</rules>
  </verse>
  <verse>
    <verseIdArabic>١٧</verseIdArabic>
    <verseId>17</verseId>
    <chapterId>58</chapterId>
    <textIndopak>لَّن تُغۡنِيَ عَنۡهُمۡ أَمۡوَٰلُهُمۡ وَلَآ أَوۡلَٰدُهُم مِّنَ ٱللَّهِ شَيۡـًٔاۚ أُوْلَٰٓئِكَ أَصۡحَٰبُ ٱلنَّارِۖ هُمۡ فِيهَا خَٰلِدُونَ</textIndopak>
    <translations>
      <translation>
        <author>King Fahad Quran Complex</author>
        <text>Harta benda dan anak-anak mereka tiada berguna sedikit pun (untuk menolong) mereka dari azab Allah. Mereka itulah penghuni neraka, mereka kekal di dalamnya.</text>
      </translation>
    </translations>
    <rules>[{"start": 57, "end": 60, "rule_id": 0}, {"start": 107, "end": 110, "rule_id": 0}, {"start": 55, "end": 60, "rule_id": 4}, {"start": 3, "end": 7, "rule_id": 6}]</rules>
  </verse>
  <verse>
    <verseIdArabic>١٨</verseIdArabic>
    <verseId>18</verseId>
    <chapterId>58</chapterId>
    <textIndopak>يَوۡمَ يَبۡعَثُهُمُ ٱللَّهُ جَمِيعٗا فَيَحۡلِفُونَ لَهُۥ كَمَا يَحۡلِفُونَ لَكُمۡ وَيَحۡسَبُونَ أَنَّهُمۡ عَلَىٰ شَيۡءٍۚ أَلَآ إِنَّهُمۡ هُمُ ٱلۡكَٰذِبُونَ</textIndopak>
    <translations>
      <translation>
        <author>King Fahad Quran Complex</author>
        <text>(Ingatlah) hari (ketika) mereka semua dibangkitkan Allah, lalu mereka bersumpah kepada-Nya (bahwa mereka bukan musyrikin) sebagaimana mereka bersumpah kepadamu; dan mereka menyangka bahwa sesungguhnya mereka akan memperoleh suatu (manfaat). Ketahuilah bahwa sesungguhnya merekalah orang-orang pendusta.</text>
      </translation>
    </translations>
    <rules>[{"start": 100, "end": 103, "rule_id": 0}, {"start": 133, "end": 136, "rule_id": 0}, {"start": 9, "end": 11, "rule_id": 1}]</rules>
  </verse>
  <verse>
    <verseIdArabic>١٩</verseIdArabic>
    <verseId>19</verseId>
    <chapterId>58</chapterId>
    <textIndopak>ٱسۡتَحۡوَذَ عَلَيۡهِمُ ٱلشَّيۡطَٰنُ فَأَنسَىٰهُمۡ ذِكۡرَ ٱللَّهِۚ أُوْلَٰٓئِكَ حِزۡبُ ٱلشَّيۡطَٰنِۚ أَلَآ إِنَّ حِزۡبَ ٱلشَّيۡطَٰنِ هُمُ ٱلۡخَٰسِرُونَ</textIndopak>
    <translations>
      <translation>
        <author>King Fahad Quran Complex</author>
        <text>Setan telah menguasai mereka lalu menjadikan mereka lupa mengingat Allah; mereka itulah golongan setan. Ketahuilah bahwa sesungguhnya golongan setan itulah golongan yang merugi.</text>
      </translation>
    </translations>
    <rules>[{"start": 111, "end": 114, "rule_id": 0}, {"start": 40, "end": 43, "rule_id": 6}]</rules>
  </verse>
  <verse>
    <verseIdArabic>٢٠</verseIdArabic>
    <verseId>20</verseId>
    <chapterId>58</chapterId>
    <textIndopak>إِنَّ ٱلَّذِينَ يُحَآدُّونَ ٱللَّهَ وَرَسُولَهُۥٓ أُوْلَٰٓئِكَ فِي ٱلۡأَذَلِّينَ</textIndopak>
    <translations>
      <translation>
        <author>King Fahad Quran Complex</author>
        <text>Sesungguhnya orang-orang yang menentang Allah dan rasul-Nya, mereka termasuk orang-orang yang sangat hina.</text>
      </translation>
    </translations>
    <rules>[{"start": 2, "end": 5, "rule_id": 0}]</rules>
  </verse>
  <verse>
    <verseIdArabic>٢١</verseIdArabic>
    <verseId>21</verseId>
    <chapterId>58</chapterId>
    <textIndopak>كَتَبَ ٱللَّهُ لَأَغۡلِبَنَّ أَنَا۠ وَرُسُلِيٓۚ إِنَّ ٱللَّهَ قَوِيٌّ عَزِيزٞ</textIndopak>
    <translations>
      <translation>
        <author>King Fahad Quran Complex</author>
        <text>Allah telah menetapkan, "Aku dan rasul-rasul-Ku pasti menang". Sesungguhnya Allah Maha Kuat lagi Maha Perkasa.</text>
      </translation>
    </translations>
    <rules>[{"start": 25, "end": 28, "rule_id": 0}, {"start": 51, "end": 54, "rule_id": 0}]</rules>
  </verse>
  <verse>
    <verseIdArabic>٢٢</verseIdArabic>
    <verseId>22</verseId>
    <chapterId>58</chapterId>
    <textIndopak>لَّا تَجِدُ قَوۡمٗا يُؤۡمِنُونَ بِٱللَّهِ وَٱلۡيَوۡمِ ٱلۡأٓخِرِ يُوَآدُّونَ مَنۡ حَآدَّ ٱللَّهَ وَرَسُولَهُۥ وَلَوۡ كَانُوٓاْ ءَابَآءَهُمۡ أَوۡ أَبۡنَآءَهُمۡ أَوۡ إِخۡوَٰنَهُمۡ أَوۡ عَشِيرَتَهُمۡۚ أُوْلَٰٓئِكَ كَتَبَ فِي قُلُوبِهِمُ ٱلۡإِيمَٰنَ وَأَيَّدَهُم بِرُوحٖ مِّنۡهُۖ وَيُدۡخِلُهُمۡ جَنَّٰتٖ تَجۡرِي مِن تَحۡتِهَا ٱلۡأَنۡهَٰرُ خَٰلِدِينَ فِيهَاۚ رَضِيَ ٱللَّهُ عَنۡهُمۡ وَرَضُواْ عَنۡهُۚ أُوْلَٰٓئِكَ حِزۡبُ ٱللَّهِۚ أَلَآ إِنَّ حِزۡبَ ٱللَّهِ هُمُ ٱلۡمُفۡلِحُونَ</textIndopak>
    <translations>
      <translation>
        <author>King Fahad Quran Complex</author>
        <text>Kamu tak akan mendapati kaum yang beriman pada Allah dan hari akhirat, saling berkasih-sayang dengan orang-orang yang menentang Allah dan rasul-Nya, sekalipun orang-orang itu bapak-bapak, atau anak-anak, atau saudara-saudara, ataupun keluarga mereka. Mereka itulah orang-orang yang telah menanamkan keimanan dalam hati mereka dan menguatkan mereka dengan pertolongan yang datang daripada-Nya. Dan dimasukan-Nya mereka ke dalam surga yang mengalir di bawahnya sungai-sungai, mereka kekal di dalamnya. Allah rida terhadap mereka dan mereka pun merasa puas terhadap (limpahan rahmat)-Nya. Mereka itulah golongan Allah. Ketahuilah bahwa sesungguhnya golongan Allah itulah golongan yang beruntung.</text>
      </translation>
    </translations>
    <rules>[{"start": 272, "end": 275, "rule_id": 0}, {"start": 299, "end": 303, "rule_id": 0}, {"start": 443, "end": 446, "rule_id": 0}, {"start": 150, "end": 152, "rule_id": 1}, {"start": 286, "end": 288, "rule_id": 1}, {"start": 308, "end": 310, "rule_id": 1}, {"start": 16, "end": 22, "rule_id": 3}, {"start": 269, "end": 275, "rule_id": 3}, {"start": 316, "end": 320, "rule_id": 6}, {"start": 303, "end": 308, "rule_id": 6}, {"start": 262, "end": 266, "rule_id": 7}]</rules>
  </verse>
</verses>
