<?xml version="1.0" encoding="UTF-8"?>

<verses>
  <verse>
    <verseIdArabic>١</verseIdArabic>
    <verseId>1</verseId>
    <chapterId>60</chapterId>
    <textIndopak>يَٰٓأَيُّهَا ٱلَّذِينَ ءَامَنُواْ لَا تَتَّخِذُواْ عَدُوِّي وَعَدُوَّكُمۡ أَوۡلِيَآءَ تُلۡقُونَ إِلَيۡهِم بِٱلۡمَوَدَّةِ وَقَدۡ كَفَرُواْ بِمَا جَآءَكُم مِّنَ ٱلۡحَقِّ يُخۡرِجُونَ ٱلرَّسُولَ وَإِيَّاكُمۡ أَن تُؤۡمِنُواْ بِٱللَّهِ رَبِّكُمۡ إِن كُنتُمۡ خَرَجۡتُمۡ جِهَٰدٗا فِي سَبِيلِي وَٱبۡتِغَآءَ مَرۡضَاتِيۚ تُسِرُّونَ إِلَيۡهِم بِٱلۡمَوَدَّةِ وَأَنَا۠ أَعۡلَمُ بِمَآ أَخۡفَيۡتُمۡ وَمَآ أَعۡلَنتُمۡۚ وَمَن يَفۡعَلۡهُ مِنكُمۡ فَقَدۡ ضَلَّ سَوَآءَ ٱلسَّبِيلِ</textIndopak>
    <translations>
      <translation>
        <author>King Fahad Quran Complex</author>
        <text>Hai orang-orang yang beriman, janganlah kamu mengambil musuh-Ku dan musuhmu menjadi teman-teman setia yang kamu sampaikan kepada mereka (berita-berita Muhammad), karena rasa kasih sayang; padahal sesungguhnya mereka telah ingkar kepada kebenaran yang datang kepadamu, mereka mengusir rasul dan (mengusir) kamu karena kamu beriman kepada Allah, Tuhan-mu. Jika kamu benar-benar keluar untuk berjihad di jalan-Ku dan mencari keridaan-Ku (janganlah kamu berbuat demikian). Kamu memberitahukan secara rahasia (berita-berita Muhammad) kepada mereka, karena rasa kasih sayang. Aku lebih mengetahui apa yang kamu sembunyikan dan apa yang kamu nyatakan. Dan barang siapa di antara kamu yang melakukannya, maka sesungguhnya dia telah tersesat dari jalan yang lurus.</text>
      </translation>
    </translations>
    <rules>[{"start": 155, "end": 158, "rule_id": 0}, {"start": 126, "end": 128, "rule_id": 1}, {"start": 260, "end": 262, "rule_id": 1}, {"start": 292, "end": 294, "rule_id": 1}, {"start": 440, "end": 442, "rule_id": 1}, {"start": 415, "end": 419, "rule_id": 3}, {"start": 153, "end": 158, "rule_id": 4}, {"start": 210, "end": 214, "rule_id": 6}, {"start": 246, "end": 250, "rule_id": 6}, {"start": 250, "end": 253, "rule_id": 6}, {"start": 403, "end": 406, "rule_id": 6}, {"start": 430, "end": 433, "rule_id": 6}, {"start": 105, "end": 109, "rule_id": 7}, {"start": 335, "end": 339, "rule_id": 7}]</rules>
  </verse>
  <verse>
    <verseIdArabic>٢</verseIdArabic>
    <verseId>2</verseId>
    <chapterId>60</chapterId>
    <textIndopak>إِن يَثۡقَفُوكُمۡ يَكُونُواْ لَكُمۡ أَعۡدَآءٗ وَيَبۡسُطُوٓاْ إِلَيۡكُمۡ أَيۡدِيَهُمۡ وَأَلۡسِنَتَهُم بِٱلسُّوٓءِ وَوَدُّواْ لَوۡ تَكۡفُرُونَ</textIndopak>
    <translations>
      <translation>
        <author>King Fahad Quran Complex</author>
        <text>Jika mereka menangkap kamu, niscaya mereka bertindak sebagai musuh bagimu dan melepaskan tangan dan lidah mereka kepadamu dengan menyakiti(mu); dan mereka ingin supaya kamu (kembali) kafir.</text>
      </translation>
    </translations>
    <rules>[{"start": 51, "end": 53, "rule_id": 1}, {"start": 2, "end": 6, "rule_id": 3}, {"start": 44, "end": 49, "rule_id": 3}, {"start": 100, "end": 104, "rule_id": 7}]</rules>
  </verse>
  <verse>
    <verseIdArabic>٣</verseIdArabic>
    <verseId>3</verseId>
    <chapterId>60</chapterId>
    <textIndopak>لَن تَنفَعَكُمۡ أَرۡحَامُكُمۡ وَلَآ أَوۡلَٰدُكُمۡۚ يَوۡمَ ٱلۡقِيَٰمَةِ يَفۡصِلُ بَيۡنَكُمۡۚ وَٱللَّهُ بِمَا تَعۡمَلُونَ بَصِيرٞ</textIndopak>
    <translations>
      <translation>
        <author>King Fahad Quran Complex</author>
        <text>Karib kerabat dan anak-anakmu sekali-sekali tiada bermanfaat bagimu pada hari Kiamat. Dia akan memisahkan antara kamu. Dan Allah Maha Melihat apa yang kamu kerjakan.</text>
      </translation>
    </translations>
    <rules>[{"start": 2, "end": 6, "rule_id": 6}, {"start": 6, "end": 9, "rule_id": 6}]</rules>
  </verse>
  <verse>
    <verseIdArabic>٤</verseIdArabic>
    <verseId>4</verseId>
    <chapterId>60</chapterId>
    <textIndopak>قَدۡ كَانَتۡ لَكُمۡ أُسۡوَةٌ حَسَنَةٞ فِيٓ إِبۡرَٰهِيمَ وَٱلَّذِينَ مَعَهُۥٓ إِذۡ قَالُواْ لِقَوۡمِهِمۡ إِنَّا بُرَءَٰٓؤُاْ مِنكُمۡ وَمِمَّا تَعۡبُدُونَ مِن دُونِ ٱللَّهِ كَفَرۡنَا بِكُمۡ وَبَدَا بَيۡنَنَا وَبَيۡنَكُمُ ٱلۡعَدَٰوَةُ وَٱلۡبَغۡضَآءُ أَبَدًا حَتَّىٰ تُؤۡمِنُواْ بِٱللَّهِ وَحۡدَهُۥٓ إِلَّا قَوۡلَ إِبۡرَٰهِيمَ لِأَبِيهِ لَأَسۡتَغۡفِرَنَّ لَكَ وَمَآ أَمۡلِكُ لَكَ مِنَ ٱللَّهِ مِن شَيۡءٖۖ رَّبَّنَا عَلَيۡكَ تَوَكَّلۡنَا وَإِلَيۡكَ أَنَبۡنَا وَإِلَيۡكَ ٱلۡمَصِيرُ</textIndopak>
    <translations>
      <translation>
        <author>King Fahad Quran Complex</author>
        <text>Sesungguhnya telah ada suri teladan yang baik bagimu pada Ibrāhīm dan orang-orang yang bersama dengan dia; ketika mereka berkata kepada kaum mereka, "Sesungguhnya kami berlepas diri dari kamu dari dari apa yang kamu sembah selain Allah, kami ingkari (kekafiran)mu dan telah nyata antara kami dan kamu permusuhan dan kebencian buat selama-lamanya sampai kamu beriman kepada Allah saja". Kecuali perkataan Ibrāhīm kepada bapaknya, "Sesungguhnya aku akan memohonkan ampunan bagi kamu dan aku tiada dapat menolak sesuatu pun dari kamu (siksaan) Allah". (Ibrāhīm berkata), "Ya Tuhan kami hanya kepada Engkau-lah kami bertawakal dan hanya kepada Engkau-lah kami bertobat dan hanya kepada Engkau-lah kami kembali,</text>
      </translation>
    </translations>
    <rules>[{"start": 106, "end": 109, "rule_id": 0}, {"start": 136, "end": 139, "rule_id": 0}, {"start": 348, "end": 351, "rule_id": 0}, {"start": 2, "end": 4, "rule_id": 1}, {"start": 45, "end": 47, "rule_id": 1}, {"start": 313, "end": 315, "rule_id": 1}, {"start": 451, "end": 453, "rule_id": 1}, {"start": 399, "end": 407, "rule_id": 5}, {"start": 126, "end": 129, "rule_id": 6}, {"start": 155, "end": 159, "rule_id": 6}, {"start": 393, "end": 397, "rule_id": 6}, {"start": 35, "end": 40, "rule_id": 6}]</rules>
  </verse>
  <verse>
    <verseIdArabic>٥</verseIdArabic>
    <verseId>5</verseId>
    <chapterId>60</chapterId>
    <textIndopak>رَبَّنَا لَا تَجۡعَلۡنَا فِتۡنَةٗ لِّلَّذِينَ كَفَرُواْ وَٱغۡفِرۡ لَنَا رَبَّنَآۖ إِنَّكَ أَنتَ ٱلۡعَزِيزُ ٱلۡحَكِيمُ</textIndopak>
    <translations>
      <translation>
        <author>King Fahad Quran Complex</author>
        <text>"Ya Tuhan kami, janganlah Engkau jadikan kami (sasaran) fitnah bagi orang-orang kafir. Dan ampunilah kami ya Tuhan kami. Sesungguhnya Engkau-lah Yang Maha Perkasa lagi Maha Bijaksana".</text>
      </translation>
    </translations>
    <rules>[{"start": 86, "end": 89, "rule_id": 0}, {"start": 15, "end": 17, "rule_id": 1}, {"start": 31, "end": 37, "rule_id": 5}, {"start": 94, "end": 97, "rule_id": 6}]</rules>
  </verse>
  <verse>
    <verseIdArabic>٦</verseIdArabic>
    <verseId>6</verseId>
    <chapterId>60</chapterId>
    <textIndopak>لَقَدۡ كَانَ لَكُمۡ فِيهِمۡ أُسۡوَةٌ حَسَنَةٞ لِّمَن كَانَ يَرۡجُواْ ٱللَّهَ وَٱلۡيَوۡمَ ٱلۡأٓخِرَۚ وَمَن يَتَوَلَّ فَإِنَّ ٱللَّهَ هُوَ ٱلۡغَنِيُّ ٱلۡحَمِيدُ</textIndopak>
    <translations>
      <translation>
        <author>King Fahad Quran Complex</author>
        <text>Sesungguhnya pada mereka itu (Ibrāhīm dan umatnya) ada teladan yang baik bagimu; (yaitu) bagi orang-orang yang mengharap (pahala) Allah dan (keselamatan pada) hari kemudian. Dan barang siapa yang berpaling, maka sesungguhnya Allah Dia-lah yang Maha kaya lagi Maha Terpuji.</text>
      </translation>
    </translations>
    <rules>[{"start": 122, "end": 125, "rule_id": 0}, {"start": 4, "end": 6, "rule_id": 1}, {"start": 158, "end": 160, "rule_id": 1}, {"start": 106, "end": 110, "rule_id": 3}, {"start": 43, "end": 49, "rule_id": 5}, {"start": 51, "end": 55, "rule_id": 6}]</rules>
  </verse>
  <verse>
    <verseIdArabic>٧</verseIdArabic>
    <verseId>7</verseId>
    <chapterId>60</chapterId>
    <textIndopak>۞ عَسَى ٱللَّهُ أَن يَجۡعَلَ بَيۡنَكُمۡ وَبَيۡنَ ٱلَّذِينَ عَادَيۡتُم مِّنۡهُم مَّوَدَّةٗۚ وَٱللَّهُ قَدِيرٞۚ وَٱللَّهُ غَفُورٞ رَّحِيمٞ</textIndopak>
    <translations>
      <translation>
        <author>King Fahad Quran Complex</author>
        <text>Mudah-mudahan Allah menimbulkan kasih sayang antaramu dengan orang-orang yang kamu musuhi di antara mereka. Dan Allah adalah Maha Kuasa. Dan Allah Maha Pengampun lagi Maha Penyayang.</text>
      </translation>
    </translations>
    <rules>[{"start": 70, "end": 73, "rule_id": 0}, {"start": 79, "end": 82, "rule_id": 0}, {"start": 22, "end": 24, "rule_id": 1}, {"start": 18, "end": 22, "rule_id": 3}, {"start": 68, "end": 73, "rule_id": 4}, {"start": 77, "end": 82, "rule_id": 4}, {"start": 127, "end": 133, "rule_id": 5}]</rules>
  </verse>
  <verse>
    <verseIdArabic>٨</verseIdArabic>
    <verseId>8</verseId>
    <chapterId>60</chapterId>
    <textIndopak>لَّا يَنۡهَىٰكُمُ ٱللَّهُ عَنِ ٱلَّذِينَ لَمۡ يُقَٰتِلُوكُمۡ فِي ٱلدِّينِ وَلَمۡ يُخۡرِجُوكُم مِّن دِيَٰرِكُمۡ أَن تَبَرُّوهُمۡ وَتُقۡسِطُوٓاْ إِلَيۡهِمۡۚ إِنَّ ٱللَّهَ يُحِبُّ ٱلۡمُقۡسِطِينَ</textIndopak>
    <translations>
      <translation>
        <author>King Fahad Quran Complex</author>
        <text>Allah tiada melarang kamu untuk berbuat baik dan berlaku adil terhadap orang-orang yang tiada memerangimu karena agama dan tidak (pula) mengusir kamu dari negerimu. Sesungguhnya Allah menyukai orang-orang yang berlaku adil.</text>
      </translation>
    </translations>
    <rules>[{"start": 94, "end": 97, "rule_id": 0}, {"start": 158, "end": 161, "rule_id": 0}, {"start": 132, "end": 134, "rule_id": 1}, {"start": 183, "end": 185, "rule_id": 1}, {"start": 92, "end": 97, "rule_id": 4}, {"start": 97, "end": 101, "rule_id": 6}, {"start": 113, "end": 117, "rule_id": 6}]</rules>
  </verse>
  <verse>
    <verseIdArabic>٩</verseIdArabic>
    <verseId>9</verseId>
    <chapterId>60</chapterId>
    <textIndopak>إِنَّمَا يَنۡهَىٰكُمُ ٱللَّهُ عَنِ ٱلَّذِينَ قَٰتَلُوكُمۡ فِي ٱلدِّينِ وَأَخۡرَجُوكُم مِّن دِيَٰرِكُمۡ وَظَٰهَرُواْ عَلَىٰٓ إِخۡرَاجِكُمۡ أَن تَوَلَّوۡهُمۡۚ وَمَن يَتَوَلَّهُمۡ فَأُوْلَٰٓئِكَ هُمُ ٱلظَّٰلِمُونَ</textIndopak>
    <translations>
      <translation>
        <author>King Fahad Quran Complex</author>
        <text>Sesungguhnya Allah hanya melarang kamu menjadikan sebagai kawanmu orang-orang yang memerangimu karena agama dan mengusir kamu dari negerimu dan membantu (orang lain) untuk mengusirmu. Dan barang siapa menjadikan mereka sebagai kawan, maka mereka itulah orang-orang yang zalim.</text>
      </translation>
    </translations>
    <rules>[{"start": 2, "end": 5, "rule_id": 0}, {"start": 86, "end": 89, "rule_id": 0}, {"start": 162, "end": 166, "rule_id": 3}, {"start": 84, "end": 89, "rule_id": 4}, {"start": 89, "end": 93, "rule_id": 6}, {"start": 140, "end": 144, "rule_id": 6}]</rules>
  </verse>
  <verse>
    <verseIdArabic>١٠</verseIdArabic>
    <verseId>10</verseId>
    <chapterId>60</chapterId>
    <textIndopak>يَٰٓأَيُّهَا ٱلَّذِينَ ءَامَنُوٓاْ إِذَا جَآءَكُمُ ٱلۡمُؤۡمِنَٰتُ مُهَٰجِرَٰتٖ فَٱمۡتَحِنُوهُنَّۖ ٱللَّهُ أَعۡلَمُ بِإِيمَٰنِهِنَّۖ فَإِنۡ عَلِمۡتُمُوهُنَّ مُؤۡمِنَٰتٖ فَلَا تَرۡجِعُوهُنَّ إِلَى ٱلۡكُفَّارِۖ لَا هُنَّ حِلّٞ لَّهُمۡ وَلَا هُمۡ يَحِلُّونَ لَهُنَّۖ وَءَاتُوهُم مَّآ أَنفَقُواْۚ وَلَا جُنَاحَ عَلَيۡكُمۡ أَن تَنكِحُوهُنَّ إِذَآ ءَاتَيۡتُمُوهُنَّ أُجُورَهُنَّۚ وَلَا تُمۡسِكُواْ بِعِصَمِ ٱلۡكَوَافِرِ وَسۡـَٔلُواْ مَآ أَنفَقۡتُمۡ وَلۡيَسۡـَٔلُواْ مَآ أَنفَقُواْۚ ذَٰلِكُمۡ حُكۡمُ ٱللَّهِ يَحۡكُمُ بَيۡنَكُمۡۖ وَٱللَّهُ عَلِيمٌ حَكِيمٞ</textIndopak>
    <translations>
      <translation>
        <author>King Fahad Quran Complex</author>
        <text>Hai orang-orang yang beriman, apabila datang berhijrah kepadamu perempuan-perempuan yang beriman, maka hendaklah kamu uji (keimanan) mereka. Allah lebih mengetahui tentang keimanan mereka; maka jika kamu telah mengetahui bahwa mereka (benar-benar) beriman maka janganlah kamu kembalikan mereka kepada (suami-suami mereka) orang-orang kafir. Mereka tiada halal bagi orang-orang kafir itu dan orang-orang kafir itu tiada halal pula bagi mereka. Dan berikanlah kepada (suami suami) mereka, mahar yang telah mereka bayar. Dan tiada dosa atasmu mengawini mereka apabila kamu bayar kepada mereka maharnya. Dan janganlah kamu tetap berpegang pada tali (perkawinan) dengan perempuan-perempuan kafir; dan hendaklah kamu minta mahar yang telah kamu bayar; dan hendaklah mereka meminta mahar yang telah mereka bayar. Demikianlah hukum Allah yang ditetapkan-Nya di antara kamu. Dan Allah Maha Mengetahui lagi Maha Bijaksana.</text>
      </translation>
    </translations>
    <rules>[{"start": 94, "end": 97, "rule_id": 0}, {"start": 129, "end": 132, "rule_id": 0}, {"start": 155, "end": 158, "rule_id": 0}, {"start": 188, "end": 191, "rule_id": 0}, {"start": 218, "end": 221, "rule_id": 0}, {"start": 262, "end": 265, "rule_id": 0}, {"start": 280, "end": 283, "rule_id": 0}, {"start": 338, "end": 341, "rule_id": 0}, {"start": 363, "end": 366, "rule_id": 0}, {"start": 376, "end": 379, "rule_id": 0}, {"start": 445, "end": 447, "rule_id": 1}, {"start": 278, "end": 283, "rule_id": 4}, {"start": 224, "end": 231, "rule_id": 5}, {"start": 288, "end": 291, "rule_id": 6}, {"start": 326, "end": 330, "rule_id": 6}, {"start": 330, "end": 333, "rule_id": 6}, {"start": 442, "end": 445, "rule_id": 6}, {"start": 476, "end": 479, "rule_id": 6}, {"start": 77, "end": 82, "rule_id": 6}, {"start": 168, "end": 173, "rule_id": 6}]</rules>
  </verse>
  <verse>
    <verseIdArabic>١١</verseIdArabic>
    <verseId>11</verseId>
    <chapterId>60</chapterId>
    <textIndopak>وَإِن فَاتَكُمۡ شَيۡءٞ مِّنۡ أَزۡوَٰجِكُمۡ إِلَى ٱلۡكُفَّارِ فَعَاقَبۡتُمۡ فَـَٔاتُواْ ٱلَّذِينَ ذَهَبَتۡ أَزۡوَٰجُهُم مِّثۡلَ مَآ أَنفَقُواْۚ وَٱتَّقُواْ ٱللَّهَ ٱلَّذِيٓ أَنتُم بِهِۦ مُؤۡمِنُونَ</textIndopak>
    <translations>
      <translation>
        <author>King Fahad Quran Complex</author>
        <text>Dan jika seseorang dari istri-istrimu lari kepada orang-orang kafir, lalu kamu mengalahkan mereka, maka bayarkanlah kepada orang-orang yang lari istrinya itu mahar sebanyak yang telah mereka bayar. Dan bertakwalah kepada Allah Yang kepada-Nya kamu beriman.</text>
      </translation>
    </translations>
    <rules>[{"start": 23, "end": 26, "rule_id": 0}, {"start": 119, "end": 122, "rule_id": 0}, {"start": 68, "end": 70, "rule_id": 1}, {"start": 20, "end": 26, "rule_id": 3}, {"start": 117, "end": 122, "rule_id": 4}, {"start": 4, "end": 8, "rule_id": 6}, {"start": 134, "end": 137, "rule_id": 6}, {"start": 176, "end": 179, "rule_id": 6}, {"start": 179, "end": 183, "rule_id": 7}]</rules>
  </verse>
  <verse>
    <verseIdArabic>١٢</verseIdArabic>
    <verseId>12</verseId>
    <chapterId>60</chapterId>
    <textIndopak>يَٰٓأَيُّهَا ٱلنَّبِيُّ إِذَا جَآءَكَ ٱلۡمُؤۡمِنَٰتُ يُبَايِعۡنَكَ عَلَىٰٓ أَن لَّا يُشۡرِكۡنَ بِٱللَّهِ شَيۡـٔٗا وَلَا يَسۡرِقۡنَ وَلَا يَزۡنِينَ وَلَا يَقۡتُلۡنَ أَوۡلَٰدَهُنَّ وَلَا يَأۡتِينَ بِبُهۡتَٰنٖ يَفۡتَرِينَهُۥ بَيۡنَ أَيۡدِيهِنَّ وَأَرۡجُلِهِنَّ وَلَا يَعۡصِينَكَ فِي مَعۡرُوفٖ فَبَايِعۡهُنَّ وَٱسۡتَغۡفِرۡ لَهُنَّ ٱللَّهَۚ إِنَّ ٱللَّهَ غَفُورٞ رَّحِيمٞ</textIndopak>
    <translations>
      <translation>
        <author>King Fahad Quran Complex</author>
        <text>Hai Nabi, apabila datang kepadamu perempuan-perempuan yang beriman untuk mengadakan janji setia, bahwa mereka tidak akan mempersekutukan sesuatupun dengan Allah; tidak akan mencuri, tidak akan berzina, tidak akan membunuh anak-anaknya, tidak akan berbuat dusta yang mereka ada-adakan antara tangan dan kaki mereka, dan tidak akan mendurhakaimu dalam urusan yang baik, maka terimalah janji setia mereka dan mohonkanlah ampunan kepada Allah untuk mereka. Sesungguhnya Allah maha Pengampun lagi Maha Penyayang.</text>
      </translation>
    </translations>
    <rules>[{"start": 15, "end": 18, "rule_id": 0}, {"start": 176, "end": 179, "rule_id": 0}, {"start": 239, "end": 242, "rule_id": 0}, {"start": 255, "end": 258, "rule_id": 0}, {"start": 304, "end": 307, "rule_id": 0}, {"start": 326, "end": 329, "rule_id": 0}, {"start": 342, "end": 345, "rule_id": 0}, {"start": 127, "end": 129, "rule_id": 1}, {"start": 156, "end": 158, "rule_id": 1}, {"start": 111, "end": 117, "rule_id": 3}, {"start": 205, "end": 210, "rule_id": 3}, {"start": 78, "end": 83, "rule_id": 5}, {"start": 359, "end": 365, "rule_id": 5}]</rules>
  </verse>
  <verse>
    <verseIdArabic>١٣</verseIdArabic>
    <verseId>13</verseId>
    <chapterId>60</chapterId>
    <textIndopak>يَٰٓأَيُّهَا ٱلَّذِينَ ءَامَنُواْ لَا تَتَوَلَّوۡاْ قَوۡمًا غَضِبَ ٱللَّهُ عَلَيۡهِمۡ قَدۡ يَئِسُواْ مِنَ ٱلۡأٓخِرَةِ كَمَا يَئِسَ ٱلۡكُفَّارُ مِنۡ أَصۡحَٰبِ ٱلۡقُبُورِ</textIndopak>
    <translations>
      <translation>
        <author>King Fahad Quran Complex</author>
        <text>Hai orang-orang yang beriman, janganlah kamu jadikan penolongmu kaum yang dimurkai Allah, sesungguhnya mereka telah putus asa terhadap negeri akhirat sebagaimana orang-orang kafir yang telah berada dalam kubur berputus asa.</text>
      </translation>
    </translations>
    <rules>[{"start": 88, "end": 90, "rule_id": 1}]</rules>
  </verse>
</verses>
