<?xml version="1.0" encoding="UTF-8"?>

<verses>
  <verse>
    <verseIdArabic>١</verseIdArabic>
    <verseId>1</verseId>
    <chapterId>61</chapterId>
    <textIndopak>سَبَّحَ لِلَّهِ مَا فِي ٱلسَّمَٰوَٰتِ وَمَا فِي ٱلۡأَرۡضِۖ وَهُوَ ٱلۡعَزِيزُ ٱلۡحَكِيمُ</textIndopak>
    <translations>
      <translation>
        <author>King Fahad Quran Complex</author>
        <text>Bertasbih kepada Allah apa saja yang ada di langit dan apa saja yang ada di bumi; dan Dia-lah Yang Maha Perkasa lagi Maha Bijaksana.</text>
      </translation>
    </translations>
  </verse>
  <verse>
    <verseIdArabic>٢</verseIdArabic>
    <verseId>2</verseId>
    <chapterId>61</chapterId>
    <textIndopak>يَٰٓأَيُّهَا ٱلَّذِينَ ءَامَنُواْ لِمَ تَقُولُونَ مَا لَا تَفۡعَلُونَ</textIndopak>
    <translations>
      <translation>
        <author>King Fahad Quran Complex</author>
        <text>Hai orang-orang yang beriman, mengapa kamu mengatakan apa yang tidak kamu perbuat?</text>
      </translation>
    </translations>
  </verse>
  <verse>
    <verseIdArabic>٣</verseIdArabic>
    <verseId>3</verseId>
    <chapterId>61</chapterId>
    <textIndopak>كَبُرَ مَقۡتًا عِندَ ٱللَّهِ أَن تَقُولُواْ مَا لَا تَفۡعَلُونَ</textIndopak>
    <translations>
      <translation>
        <author>King Fahad Quran Complex</author>
        <text>Amat besar kebencian di sisi Allah bahwa kamu mengatakan apa-apa yang tiada kamu kerjakan.</text>
      </translation>
    </translations>
    <rules>[{"start": 9, "end": 11, "rule_id": 1}, {"start": 17, "end": 20, "rule_id": 6}, {"start": 31, "end": 35, "rule_id": 6}]</rules>
  </verse>
  <verse>
    <verseIdArabic>٤</verseIdArabic>
    <verseId>4</verseId>
    <chapterId>61</chapterId>
    <textIndopak>إِنَّ ٱللَّهَ يُحِبُّ ٱلَّذِينَ يُقَٰتِلُونَ فِي سَبِيلِهِۦ صَفّٗا كَأَنَّهُم بُنۡيَٰنٞ مَّرۡصُوصٞ</textIndopak>
    <translations>
      <translation>
        <author>King Fahad Quran Complex</author>
        <text>Sesungguhnya Allah menyukai orang yang berperang dijalan-Nya dalam barisan yang teratur seakan-akan mereka seperti suatu bangunan yang tersusun kukuh.</text>
      </translation>
    </translations>
    <rules>[{"start": 2, "end": 5, "rule_id": 0}, {"start": 71, "end": 74, "rule_id": 0}, {"start": 88, "end": 91, "rule_id": 0}, {"start": 85, "end": 91, "rule_id": 3}, {"start": 76, "end": 80, "rule_id": 7}]</rules>
  </verse>
  <verse>
    <verseIdArabic>٥</verseIdArabic>
    <verseId>5</verseId>
    <chapterId>61</chapterId>
    <textIndopak>وَإِذۡ قَالَ مُوسَىٰ لِقَوۡمِهِۦ يَٰقَوۡمِ لِمَ تُؤۡذُونَنِي وَقَد تَّعۡلَمُونَ أَنِّي رَسُولُ ٱللَّهِ إِلَيۡكُمۡۖ فَلَمَّا زَاغُوٓاْ أَزَاغَ ٱللَّهُ قُلُوبَهُمۡۚ وَٱللَّهُ لَا يَهۡدِي ٱلۡقَوۡمَ ٱلۡفَٰسِقِينَ</textIndopak>
    <translations>
      <translation>
        <author>King Fahad Quran Complex</author>
        <text>Dan (ingatlah) ketika Musa berkata kepada kaumnya, "Hai kaumku, mengapa kamu menyakitiku, sedangkan kamu mengetahui bahwa sesungguhnya aku adalah utusan Allah kepadamu?" Maka tatkala mereka berpaling (dari kebenaran), Allah memalingkan hati mereka; dan Allah tiada memberi petunjuk kepada kaum yang fasik.</text>
      </translation>
    </translations>
    <rules>[{"start": 82, "end": 85, "rule_id": 0}, {"start": 120, "end": 123, "rule_id": 0}]</rules>
  </verse>
  <verse>
    <verseIdArabic>٦</verseIdArabic>
    <verseId>6</verseId>
    <chapterId>61</chapterId>
    <textIndopak>وَإِذۡ قَالَ عِيسَى ٱبۡنُ مَرۡيَمَ يَٰبَنِيٓ إِسۡرَٰٓءِيلَ إِنِّي رَسُولُ ٱللَّهِ إِلَيۡكُم مُّصَدِّقٗا لِّمَا بَيۡنَ يَدَيَّ مِنَ ٱلتَّوۡرَىٰةِ وَمُبَشِّرَۢا بِرَسُولٖ يَأۡتِي مِنۢ بَعۡدِي ٱسۡمُهُۥٓ أَحۡمَدُۖ فَلَمَّا جَآءَهُم بِٱلۡبَيِّنَٰتِ قَالُواْ هَٰذَا سِحۡرٞ مُّبِينٞ</textIndopak>
    <translations>
      <translation>
        <author>King Fahad Quran Complex</author>
        <text>Dan (ingatlah) ketika ʻIsa putra Maryam berkata, "Hai Bani Isrā`īl, sesungguhnya aku adalah utusan Allah kepadamu, membenarkan kitab (yang turun) sebelumku, yaitu Taurat, dan memberi kabar gembira dengan (datangnya) seorang rasul yang akan datang sesudahku, yang namanya Ahmad (Muhammad)". Maka tatkala rasul itu datang kepada mereka dengan membawa bukti-bukti yang nyata, mereka berkata, "Ini adalah sihir yang nyata".</text>
      </translation>
    </translations>
    <rules>[{"start": 61, "end": 64, "rule_id": 0}, {"start": 92, "end": 95, "rule_id": 0}, {"start": 215, "end": 218, "rule_id": 0}, {"start": 269, "end": 272, "rule_id": 0}, {"start": 21, "end": 23, "rule_id": 1}, {"start": 179, "end": 184, "rule_id": 2}, {"start": 166, "end": 171, "rule_id": 3}, {"start": 266, "end": 272, "rule_id": 3}, {"start": 90, "end": 95, "rule_id": 4}, {"start": 100, "end": 107, "rule_id": 5}, {"start": 228, "end": 232, "rule_id": 7}]</rules>
  </verse>
  <verse>
    <verseIdArabic>٧</verseIdArabic>
    <verseId>7</verseId>
    <chapterId>61</chapterId>
    <textIndopak>وَمَنۡ أَظۡلَمُ مِمَّنِ ٱفۡتَرَىٰ عَلَى ٱللَّهِ ٱلۡكَذِبَ وَهُوَ يُدۡعَىٰٓ إِلَى ٱلۡإِسۡلَٰمِۚ وَٱللَّهُ لَا يَهۡدِي ٱلۡقَوۡمَ ٱلظَّٰلِمِينَ</textIndopak>
    <translations>
      <translation>
        <author>King Fahad Quran Complex</author>
        <text>Dan siapakah yang lebih zalim daripada orang yang mengada-adakan dusta terhadap Allah sedang dia diajak kepada Islam? Dan Allah tiada memberi petunjuk kepada orang-orang zalim.</text>
      </translation>
    </translations>
    <rules>[{"start": 18, "end": 21, "rule_id": 0}, {"start": 67, "end": 69, "rule_id": 1}]</rules>
  </verse>
  <verse>
    <verseIdArabic>٨</verseIdArabic>
    <verseId>8</verseId>
    <chapterId>61</chapterId>
    <textIndopak>يُرِيدُونَ لِيُطۡفِـُٔواْ نُورَ ٱللَّهِ بِأَفۡوَٰهِهِمۡ وَٱللَّهُ مُتِمُّ نُورِهِۦ وَلَوۡ كَرِهَ ٱلۡكَٰفِرُونَ</textIndopak>
    <translations>
      <translation>
        <author>King Fahad Quran Complex</author>
        <text>Mereka ingin hendak memadamkan cahaya (agama) Allah dengan mulut (ucapan-ucapan) mereka, dan Allah tetap menyempurnakan cahaya-Nya, walau orang-orang kafir benci.</text>
      </translation>
    </translations>
    <rules>[{"start": 70, "end": 73, "rule_id": 0}, {"start": 15, "end": 17, "rule_id": 1}]</rules>
  </verse>
  <verse>
    <verseIdArabic>٩</verseIdArabic>
    <verseId>9</verseId>
    <chapterId>61</chapterId>
    <textIndopak>هُوَ ٱلَّذِيٓ أَرۡسَلَ رَسُولَهُۥ بِٱلۡهُدَىٰ وَدِينِ ٱلۡحَقِّ لِيُظۡهِرَهُۥ عَلَى ٱلدِّينِ كُلِّهِۦ وَلَوۡ كَرِهَ ٱلۡمُشۡرِكُونَ</textIndopak>
    <translations>
      <translation>
        <author>King Fahad Quran Complex</author>
        <text>Dia-lah yang mengutus rasul-Nya dengan membawa petunjuk dan agama yang benar agar Dia memenangkannya di atas segala agama-agama meskipun orang musyrik benci.</text>
      </translation>
    </translations>
  </verse>
  <verse>
    <verseIdArabic>١٠</verseIdArabic>
    <verseId>10</verseId>
    <chapterId>61</chapterId>
    <textIndopak>يَٰٓأَيُّهَا ٱلَّذِينَ ءَامَنُواْ هَلۡ أَدُلُّكُمۡ عَلَىٰ تِجَٰرَةٖ تُنجِيكُم مِّنۡ عَذَابٍ أَلِيمٖ</textIndopak>
    <translations>
      <translation>
        <author>King Fahad Quran Complex</author>
        <text>Hai orang-orang yang beriman, sukakah kamu aku tunjukkan suatu perniagaan yang dapat menyelamatkanmu dari azab yang pedih?</text>
      </translation>
    </translations>
    <rules>[{"start": 78, "end": 81, "rule_id": 0}, {"start": 76, "end": 81, "rule_id": 4}, {"start": 70, "end": 73, "rule_id": 6}, {"start": 65, "end": 70, "rule_id": 6}]</rules>
  </verse>
  <verse>
    <verseIdArabic>١١</verseIdArabic>
    <verseId>11</verseId>
    <chapterId>61</chapterId>
    <textIndopak>تُؤۡمِنُونَ بِٱللَّهِ وَرَسُولِهِۦ وَتُجَٰهِدُونَ فِي سَبِيلِ ٱللَّهِ بِأَمۡوَٰلِكُمۡ وَأَنفُسِكُمۡۚ ذَٰلِكُمۡ خَيۡرٞ لَّكُمۡ إِن كُنتُمۡ تَعۡلَمُونَ</textIndopak>
    <translations>
      <translation>
        <author>King Fahad Quran Complex</author>
        <text>(yaitu) kamu beriman kepada Allah dan rasul-Nya dan berjihad di jalan Allah dengan harta dan jiwamu. Itulah yang lebih baik bagi kamu, jika kamu mengetahui,</text>
      </translation>
    </translations>
    <rules>[{"start": 116, "end": 122, "rule_id": 5}, {"start": 90, "end": 93, "rule_id": 6}, {"start": 129, "end": 133, "rule_id": 6}, {"start": 133, "end": 136, "rule_id": 6}]</rules>
  </verse>
  <verse>
    <verseIdArabic>١٢</verseIdArabic>
    <verseId>12</verseId>
    <chapterId>61</chapterId>
    <textIndopak>يَغۡفِرۡ لَكُمۡ ذُنُوبَكُمۡ وَيُدۡخِلۡكُمۡ جَنَّٰتٖ تَجۡرِي مِن تَحۡتِهَا ٱلۡأَنۡهَٰرُ وَمَسَٰكِنَ طَيِّبَةٗ فِي جَنَّٰتِ عَدۡنٖۚ ذَٰلِكَ ٱلۡفَوۡزُ ٱلۡعَظِيمُ</textIndopak>
    <translations>
      <translation>
        <author>King Fahad Quran Complex</author>
        <text>niscaya Allah akan mengampuni dosa-dosamu dan memasukkanmu ke dalam surga yang mengalir di bawahnya sungai-sungai, dan (memasukkan kamu) ke tempat tinggal yang baik di dalam surga ʻAdn. Itulah keberuntungan yang besar.</text>
      </translation>
    </translations>
    <rules>[{"start": 45, "end": 49, "rule_id": 0}, {"start": 115, "end": 119, "rule_id": 0}, {"start": 32, "end": 34, "rule_id": 1}, {"start": 54, "end": 56, "rule_id": 1}, {"start": 124, "end": 126, "rule_id": 1}, {"start": 62, "end": 66, "rule_id": 6}, {"start": 49, "end": 54, "rule_id": 6}, {"start": 106, "end": 111, "rule_id": 6}]</rules>
  </verse>
  <verse>
    <verseIdArabic>١٣</verseIdArabic>
    <verseId>13</verseId>
    <chapterId>61</chapterId>
    <textIndopak>وَأُخۡرَىٰ تُحِبُّونَهَاۖ نَصۡرٞ مِّنَ ٱللَّهِ وَفَتۡحٞ قَرِيبٞۗ وَبَشِّرِ ٱلۡمُؤۡمِنِينَ</textIndopak>
    <translations>
      <translation>
        <author>King Fahad Quran Complex</author>
        <text>Dan (ada lagi) karunia yang lain yang kamu sukai, (yaitu) pertolongan dari Allah dan kemenangan yang dekat (waktunya). Dan sampaikanlah berita gembira kepada orang-orang yang beriman.</text>
      </translation>
    </translations>
    <rules>[{"start": 34, "end": 37, "rule_id": 0}, {"start": 31, "end": 37, "rule_id": 3}, {"start": 54, "end": 59, "rule_id": 6}]</rules>
  </verse>
  <verse>
    <verseIdArabic>١٤</verseIdArabic>
    <verseId>14</verseId>
    <chapterId>61</chapterId>
    <textIndopak>يَٰٓأَيُّهَا ٱلَّذِينَ ءَامَنُواْ كُونُوٓاْ أَنصَارَ ٱللَّهِ كَمَا قَالَ عِيسَى ٱبۡنُ مَرۡيَمَ لِلۡحَوَارِيِّـۧنَ مَنۡ أَنصَارِيٓ إِلَى ٱللَّهِۖ قَالَ ٱلۡحَوَارِيُّونَ نَحۡنُ أَنصَارُ ٱللَّهِۖ فَـَٔامَنَت طَّآئِفَةٞ مِّنۢ بَنِيٓ إِسۡرَٰٓءِيلَ وَكَفَرَت طَّآئِفَةٞۖ فَأَيَّدۡنَا ٱلَّذِينَ ءَامَنُواْ عَلَىٰ عَدُوِّهِمۡ فَأَصۡبَحُواْ ظَٰهِرِينَ</textIndopak>
    <translations>
      <translation>
        <author>King Fahad Quran Complex</author>
        <text>Hai orang-orang yang beriman, jadilah kamu penolong-penolong (agama) Allah sebagaimana ʻIsa putra Maryam telah berkata kepada pengikut-pengikutnya yang setia, "Siapakah yang akan menjadi penolong-penolongku (untuk menegakkan agama) Allah?" Pengikut-pengikut yang setia itu berkata, "Kamilah penolong-penolong agama Allah", lalu segolongan dari Bani Isrā`īl beriman dan segolongan lain kafir; maka Kami berikan kekuatan kepada orang-orang yang beriman terhadap musuh-musuh mereka, lalu mereka menjadi orang-orang yang menang.</text>
      </translation>
    </translations>
    <rules>[{"start": 218, "end": 221, "rule_id": 0}, {"start": 81, "end": 83, "rule_id": 1}, {"start": 276, "end": 278, "rule_id": 1}, {"start": 221, "end": 226, "rule_id": 2}, {"start": 215, "end": 221, "rule_id": 3}, {"start": 46, "end": 49, "rule_id": 6}, {"start": 120, "end": 123, "rule_id": 6}, {"start": 177, "end": 180, "rule_id": 6}]</rules>
  </verse>
</verses>
