<?xml version="1.0" encoding="UTF-8"?>

<verses>
  <verse>
    <verseIdArabic>١</verseIdArabic>
    <verseId>1</verseId>
    <chapterId>66</chapterId>
    <textIndopak>يَٰٓأَيُّهَا ٱلنَّبِيُّ لِمَ تُحَرِّمُ مَآ أَحَلَّ ٱللَّهُ لَكَۖ تَبۡتَغِي مَرۡضَاتَ أَزۡوَٰجِكَۚ وَٱللَّهُ غَفُورٞ رَّحِيمٞ</textIndopak>
    <translations>
      <translation>
        <author>King Fahad Quran Complex</author>
        <text>Hai Nabi, mengapa kamu mengharamkan apa yang Allah menghalalkannya bagimu; kamu mencari kesenangan hati istri-istrimu? Dan Allah Maha Pengampun lagi Maha Penyayang.</text>
      </translation>
    </translations>
    <rules>[{"start": 15, "end": 18, "rule_id": 0}, {"start": 69, "end": 71, "rule_id": 1}, {"start": 116, "end": 122, "rule_id": 5}]</rules>
  </verse>
  <verse>
    <verseIdArabic>٢</verseIdArabic>
    <verseId>2</verseId>
    <chapterId>66</chapterId>
    <textIndopak>قَدۡ فَرَضَ ٱللَّهُ لَكُمۡ تَحِلَّةَ أَيۡمَٰنِكُمۡۚ وَٱللَّهُ مَوۡلَىٰكُمۡۖ وَهُوَ ٱلۡعَلِيمُ ٱلۡحَكِيمُ</textIndopak>
    <translations>
      <translation>
        <author>King Fahad Quran Complex</author>
        <text>Sesungguhnya Allah telah mewajibkan kepada kamu sekalian membebaskan diri dari sumpahmu; dan Allah adalah Pelindungmu dan Dia Maha Mengetahui lagi Maha Bijaksana.</text>
      </translation>
    </translations>
    <rules>[{"start": 2, "end": 4, "rule_id": 1}]</rules>
  </verse>
  <verse>
    <verseIdArabic>٣</verseIdArabic>
    <verseId>3</verseId>
    <chapterId>66</chapterId>
    <textIndopak>وَإِذۡ أَسَرَّ ٱلنَّبِيُّ إِلَىٰ بَعۡضِ أَزۡوَٰجِهِۦ حَدِيثٗا فَلَمَّا نَبَّأَتۡ بِهِۦ وَأَظۡهَرَهُ ٱللَّهُ عَلَيۡهِ عَرَّفَ بَعۡضَهُۥ وَأَعۡرَضَ عَنۢ بَعۡضٖۖ فَلَمَّا نَبَّأَهَا بِهِۦ قَالَتۡ مَنۡ أَنۢبَأَكَ هَٰذَاۖ قَالَ نَبَّأَنِيَ ٱلۡعَلِيمُ ٱلۡخَبِيرُ</textIndopak>
    <translations>
      <translation>
        <author>King Fahad Quran Complex</author>
        <text>Dan ingatlah ketika nabi membicarakan secara rahasia kepada salah seorang dari istri-istrinya (ῌafṣah) suatu peristiwa. Maka tatkala (ῌafṣah) menceritakan peristiwa itu (kepada ʻĀ`isyah) dan Allah memberitahukan hal itu (semua pembicaraan ῌafṣah dengan ʻĀ`isyah) kepada Muhammad, lalu Muhammad memberitahukan sebagian (yang diberitakan Allah kepadanya) dan menyembunyikan sebagian yang lain (kepada ῌafṣah). Maka tatkala (Muhammad) memberitahukan pembicaraan (antara ῌafṣah dan ʻĀ`isyah), lalu ῌafṣah bertanya, "Siapakah yang telah memberitahukan hal ini kepadamu?" Nabi menjawab, "Telah diberitahukan kepadaku oleh Allah yang Maha Mengetahui lagi Maha Mengenal".</text>
      </translation>
    </translations>
    <rules>[{"start": 17, "end": 20, "rule_id": 0}, {"start": 66, "end": 69, "rule_id": 0}, {"start": 164, "end": 167, "rule_id": 0}, {"start": 148, "end": 153, "rule_id": 2}, {"start": 201, "end": 205, "rule_id": 2}]</rules>
  </verse>
  <verse>
    <verseIdArabic>٤</verseIdArabic>
    <verseId>4</verseId>
    <chapterId>66</chapterId>
    <textIndopak>إِن تَتُوبَآ إِلَى ٱللَّهِ فَقَدۡ صَغَتۡ قُلُوبُكُمَاۖ وَإِن تَظَٰهَرَا عَلَيۡهِ فَإِنَّ ٱللَّهَ هُوَ مَوۡلَىٰهُ وَجِبۡرِيلُ وَصَٰلِحُ ٱلۡمُؤۡمِنِينَۖ وَٱلۡمَلَٰٓئِكَةُ بَعۡدَ ذَٰلِكَ ظَهِيرٌ</textIndopak>
    <translations>
      <translation>
        <author>King Fahad Quran Complex</author>
        <text>Jika kamu berdua bertobat kepada Allah, maka sesungguhnya hati kamu berdua telah condong (untuk menerima kebaikan); dan jika kamu berdua bantu-membantu menyusahkan nabi, maka sesungguhnya Allah adalah Pelindungnya dan (begitu pula) Jibril dan orang-orang mukmin yang baik; dan selain dari itu malaikat-malaikat adalah penolongnya pula.</text>
      </translation>
    </translations>
    <rules>[{"start": 87, "end": 90, "rule_id": 0}, {"start": 32, "end": 34, "rule_id": 1}, {"start": 119, "end": 121, "rule_id": 1}, {"start": 2, "end": 6, "rule_id": 6}, {"start": 61, "end": 65, "rule_id": 6}]</rules>
  </verse>
  <verse>
    <verseIdArabic>٥</verseIdArabic>
    <verseId>5</verseId>
    <chapterId>66</chapterId>
    <textIndopak>عَسَىٰ رَبُّهُۥٓ إِن طَلَّقَكُنَّ أَن يُبۡدِلَهُۥٓ أَزۡوَٰجًا خَيۡرٗا مِّنكُنَّ مُسۡلِمَٰتٖ مُّؤۡمِنَٰتٖ قَٰنِتَٰتٖ تَٰٓئِبَٰتٍ عَٰبِدَٰتٖ سَٰٓئِحَٰتٖ ثَيِّبَٰتٖ وَأَبۡكَارٗا</textIndopak>
    <translations>
      <translation>
        <author>King Fahad Quran Complex</author>
        <text>Jika nabi menceraikan kamu, boleh jadi Tuhan-nya akan memberi ganti kepadanya dengan istri-istri yang lebih baik daripada kamu, yang patuh, yang beriman, yang taat, yang bertobat, yang mengerjakan ibadah, yang berpuasa, yang janda, dan yang perawan.</text>
      </translation>
    </translations>
    <rules>[{"start": 30, "end": 33, "rule_id": 0}, {"start": 70, "end": 73, "rule_id": 0}, {"start": 76, "end": 79, "rule_id": 0}, {"start": 92, "end": 95, "rule_id": 0}, {"start": 40, "end": 42, "rule_id": 1}, {"start": 166, "end": 168, "rule_id": 1}, {"start": 36, "end": 40, "rule_id": 3}, {"start": 66, "end": 73, "rule_id": 3}, {"start": 89, "end": 95, "rule_id": 3}, {"start": 159, "end": 164, "rule_id": 3}, {"start": 19, "end": 23, "rule_id": 6}, {"start": 73, "end": 76, "rule_id": 6}, {"start": 102, "end": 108, "rule_id": 6}, {"start": 113, "end": 120, "rule_id": 6}, {"start": 136, "end": 143, "rule_id": 6}, {"start": 148, "end": 153, "rule_id": 6}]</rules>
  </verse>
  <verse>
    <verseIdArabic>٦</verseIdArabic>
    <verseId>6</verseId>
    <chapterId>66</chapterId>
    <textIndopak>يَٰٓأَيُّهَا ٱلَّذِينَ ءَامَنُواْ قُوٓاْ أَنفُسَكُمۡ وَأَهۡلِيكُمۡ نَارٗا وَقُودُهَا ٱلنَّاسُ وَٱلۡحِجَارَةُ عَلَيۡهَا مَلَٰٓئِكَةٌ غِلَاظٞ شِدَادٞ لَّا يَعۡصُونَ ٱللَّهَ مَآ أَمَرَهُمۡ وَيَفۡعَلُونَ مَا يُؤۡمَرُونَ</textIndopak>
    <translations>
      <translation>
        <author>King Fahad Quran Complex</author>
        <text>Hai orang-orang yang beriman, peliharalah dirimu dan keluargamu dari api neraka yang bahan bakarnya adalah manusia dan batu; penjaganya malaikat-malaikat yang kasar, yang keras, dan yang tidak mendurhakai Allah terhadap apa yang diperintahkan-Nya kepada mereka, dan selalu mengerjakan apa yang diperintahkan.</text>
      </translation>
    </translations>
    <rules>[{"start": 87, "end": 90, "rule_id": 0}, {"start": 70, "end": 76, "rule_id": 3}, {"start": 145, "end": 151, "rule_id": 5}, {"start": 43, "end": 46, "rule_id": 6}, {"start": 137, "end": 142, "rule_id": 6}]</rules>
  </verse>
  <verse>
    <verseIdArabic>٧</verseIdArabic>
    <verseId>7</verseId>
    <chapterId>66</chapterId>
    <textIndopak>يَٰٓأَيُّهَا ٱلَّذِينَ كَفَرُواْ لَا تَعۡتَذِرُواْ ٱلۡيَوۡمَۖ إِنَّمَا تُجۡزَوۡنَ مَا كُنتُمۡ تَعۡمَلُونَ</textIndopak>
    <translations>
      <translation>
        <author>King Fahad Quran Complex</author>
        <text>Hai orang-orang kafir, janganlah kamu mengemukakan uzur pada hari ini. Sesungguhnya kamu hanya diberi balasan menurut apa yang kamu kerjakan.</text>
      </translation>
    </translations>
    <rules>[{"start": 65, "end": 68, "rule_id": 0}, {"start": 74, "end": 76, "rule_id": 1}, {"start": 89, "end": 92, "rule_id": 6}]</rules>
  </verse>
  <verse>
    <verseIdArabic>٨</verseIdArabic>
    <verseId>8</verseId>
    <chapterId>66</chapterId>
    <textIndopak>يَٰٓأَيُّهَا ٱلَّذِينَ ءَامَنُواْ تُوبُوٓاْ إِلَى ٱللَّهِ تَوۡبَةٗ نَّصُوحًا عَسَىٰ رَبُّكُمۡ أَن يُكَفِّرَ عَنكُمۡ سَيِّـَٔاتِكُمۡ وَيُدۡخِلَكُمۡ جَنَّٰتٖ تَجۡرِي مِن تَحۡتِهَا ٱلۡأَنۡهَٰرُ يَوۡمَ لَا يُخۡزِي ٱللَّهُ ٱلنَّبِيَّ وَٱلَّذِينَ ءَامَنُواْ مَعَهُۥۖ نُورُهُمۡ يَسۡعَىٰ بَيۡنَ أَيۡدِيهِمۡ وَبِأَيۡمَٰنِهِمۡ يَقُولُونَ رَبَّنَآ أَتۡمِمۡ لَنَا نُورَنَا وَٱغۡفِرۡ لَنَآۖ إِنَّكَ عَلَىٰ كُلِّ شَيۡءٖ قَدِيرٞ</textIndopak>
    <translations>
      <translation>
        <author>King Fahad Quran Complex</author>
        <text>Hai orang-orang yang beriman, bertobatlah kepada Allah dengan tobat yang semurni-murninya, mudah-mudahan Tuhan kamu akan menghapus kesalahan-kesalahanmu dan memasukkanmu ke dalam surga yang mengalir di bawahnya sungai-sungai, pada hari ketika Allah tidak menghinakan nabi dan orang-orang yang beriman bersama dia; sedang cahaya mereka memancar di hadapan dan di sebelah kanan mereka, sambil mereka mengatakan, "Ya Tuhan kami, sempurnakanlah bagi kami cahaya kami dan ampunilah kami; Sesungguhnya Engkau Maha Kuasa atas segala sesuatu".</text>
      </translation>
    </translations>
    <rules>[{"start": 67, "end": 70, "rule_id": 0}, {"start": 149, "end": 153, "rule_id": 0}, {"start": 220, "end": 223, "rule_id": 0}, {"start": 384, "end": 387, "rule_id": 0}, {"start": 136, "end": 138, "rule_id": 1}, {"start": 158, "end": 160, "rule_id": 1}, {"start": 96, "end": 100, "rule_id": 3}, {"start": 64, "end": 70, "rule_id": 3}, {"start": 110, "end": 113, "rule_id": 6}, {"start": 166, "end": 170, "rule_id": 6}, {"start": 153, "end": 158, "rule_id": 6}, {"start": 407, "end": 412, "rule_id": 6}]</rules>
  </verse>
  <verse>
    <verseIdArabic>٩</verseIdArabic>
    <verseId>9</verseId>
    <chapterId>66</chapterId>
    <textIndopak>يَٰٓأَيُّهَا ٱلنَّبِيُّ جَٰهِدِ ٱلۡكُفَّارَ وَٱلۡمُنَٰفِقِينَ وَٱغۡلُظۡ عَلَيۡهِمۡۚ وَمَأۡوَىٰهُمۡ جَهَنَّمُۖ وَبِئۡسَ ٱلۡمَصِيرُ</textIndopak>
    <translations>
      <translation>
        <author>King Fahad Quran Complex</author>
        <text>Hai Nabi, perangilah orang-orang kafir dan orang-orang munafik dan bersikap keraslah terhadap mereka. Tempat mereka adalah jahanam dan itu adalah seburuk-buruknya tempat kembali.</text>
      </translation>
    </translations>
    <rules>[{"start": 15, "end": 18, "rule_id": 0}, {"start": 104, "end": 107, "rule_id": 0}]</rules>
  </verse>
  <verse>
    <verseIdArabic>١٠</verseIdArabic>
    <verseId>10</verseId>
    <chapterId>66</chapterId>
    <textIndopak>ضَرَبَ ٱللَّهُ مَثَلٗا لِّلَّذِينَ كَفَرُواْ ٱمۡرَأَتَ نُوحٖ وَٱمۡرَأَتَ لُوطٖۖ كَانَتَا تَحۡتَ عَبۡدَيۡنِ مِنۡ عِبَادِنَا صَٰلِحَيۡنِ فَخَانَتَاهُمَا فَلَمۡ يُغۡنِيَا عَنۡهُمَا مِنَ ٱللَّهِ شَيۡـٔٗا وَقِيلَ ٱدۡخُلَا ٱلنَّارَ مَعَ ٱلدَّٰخِلِينَ</textIndopak>
    <translations>
      <translation>
        <author>King Fahad Quran Complex</author>
        <text>Allah membuat istri Nūḥ dan istri Lūṭ sebagai perumpamaan bagi orang-orang kafir. Keduanya berada di bawah pengawasan dua orang hamba yang saleh di antara hamba-hamba Kami; lalu kedua istri itu berkhianat kepada kedua suaminya, maka kedua suaminya itu tiada dapat membantu mereka sedikit pun dari (siksa) Allah; dan dikatakan (kepada keduanya), "Masuklah ke neraka bersama orang-orang yang masuk (neraka)".</text>
      </translation>
    </translations>
    <rules>[{"start": 220, "end": 223, "rule_id": 0}, {"start": 99, "end": 101, "rule_id": 1}, {"start": 210, "end": 212, "rule_id": 1}, {"start": 58, "end": 63, "rule_id": 3}, {"start": 197, "end": 203, "rule_id": 3}, {"start": 19, "end": 26, "rule_id": 5}]</rules>
  </verse>
  <verse>
    <verseIdArabic>١١</verseIdArabic>
    <verseId>11</verseId>
    <chapterId>66</chapterId>
    <textIndopak>وَضَرَبَ ٱللَّهُ مَثَلٗا لِّلَّذِينَ ءَامَنُواْ ٱمۡرَأَتَ فِرۡعَوۡنَ إِذۡ قَالَتۡ رَبِّ ٱبۡنِ لِي عِندَكَ بَيۡتٗا فِي ٱلۡجَنَّةِ وَنَجِّنِي مِن فِرۡعَوۡنَ وَعَمَلِهِۦ وَنَجِّنِي مِنَ ٱلۡقَوۡمِ ٱلظَّٰلِمِينَ</textIndopak>
    <translations>
      <translation>
        <author>King Fahad Quran Complex</author>
        <text>Dan Allah membuat istri Firʻawn perumpamaan bagi orang-orang yang beriman, ketika ia berkata, "Ya Tuhan-ku, bangunlah untukku sebuah rumah di sisi-Mu dalam surga dan selamatkanlah aku dari Firʻawn dan perbuatannya, dan selamatkanlah aku dari kaum yang zalim;</text>
      </translation>
    </translations>
    <rules>[{"start": 123, "end": 126, "rule_id": 0}, {"start": 89, "end": 91, "rule_id": 1}, {"start": 21, "end": 28, "rule_id": 5}, {"start": 100, "end": 103, "rule_id": 6}, {"start": 142, "end": 146, "rule_id": 6}]</rules>
  </verse>
  <verse>
    <verseIdArabic>١٢</verseIdArabic>
    <verseId>12</verseId>
    <chapterId>66</chapterId>
    <textIndopak>وَمَرۡيَمَ ٱبۡنَتَ عِمۡرَٰنَ ٱلَّتِيٓ أَحۡصَنَتۡ فَرۡجَهَا فَنَفَخۡنَا فِيهِ مِن رُّوحِنَا وَصَدَّقَتۡ بِكَلِمَٰتِ رَبِّهَا وَكُتُبِهِۦ وَكَانَتۡ مِنَ ٱلۡقَٰنِتِينَ</textIndopak>
    <translations>
      <translation>
        <author>King Fahad Quran Complex</author>
        <text>dan Maryam putri ʻImrān yang memelihara kehormatannya, maka Kami tiupkan ke dalam rahimnya sebagian dari roh (ciptaan) Kami, dan dia membenarkan kalimat-kalimat Tuhan-nya dan Kitab-kitab-Nya, dan adalah dia termasuk orang-orang yang taat.</text>
      </translation>
    </translations>
    <rules>[{"start": 12, "end": 14, "rule_id": 1}, {"start": 79, "end": 84, "rule_id": 5}]</rules>
  </verse>
</verses>
