<?xml version="1.0" encoding="UTF-8"?>

<verses>
  <verse>
    <verseIdArabic>١</verseIdArabic>
    <verseId>1</verseId>
    <chapterId>67</chapterId>
    <textIndopak>تَبَٰرَكَ ٱلَّذِي بِيَدِهِ ٱلۡمُلۡكُ وَهُوَ عَلَىٰ كُلِّ شَيۡءٖ قَدِيرٌ</textIndopak>
    <translations>
      <translation>
        <author>King Fahad Quran Complex</author>
        <text>Maha Suci Allah Yang di tangan-Nya-lah segala kerajaan, dan Dia Maha Kuasa atas segala sesuatu,</text>
      </translation>
    </translations>
    <rules>[{"start": 61, "end": 66, "rule_id": 6}]</rules>
  </verse>
  <verse>
    <verseIdArabic>٢</verseIdArabic>
    <verseId>2</verseId>
    <chapterId>67</chapterId>
    <textIndopak>ٱلَّذِي خَلَقَ ٱلۡمَوۡتَ وَٱلۡحَيَوٰةَ لِيَبۡلُوَكُمۡ أَيُّكُمۡ أَحۡسَنُ عَمَلٗاۚ وَهُوَ ٱلۡعَزِيزُ ٱلۡغَفُورُ</textIndopak>
    <translations>
      <translation>
        <author>King Fahad Quran Complex</author>
        <text>Yang menjadikan mati dan hidup, supaya Dia menguji kamu, siapa di antara kamu yang lebih baik amalnya. Dan Dia Maha Perkasa lagi Maha Pengampun.</text>
      </translation>
    </translations>
    <rules>[{"start": 43, "end": 45, "rule_id": 1}]</rules>
  </verse>
  <verse>
    <verseIdArabic>٣</verseIdArabic>
    <verseId>3</verseId>
    <chapterId>67</chapterId>
    <textIndopak>ٱلَّذِي خَلَقَ سَبۡعَ سَمَٰوَٰتٖ طِبَاقٗاۖ مَّا تَرَىٰ فِي خَلۡقِ ٱلرَّحۡمَٰنِ مِن تَفَٰوُتٖۖ فَٱرۡجِعِ ٱلۡبَصَرَ هَلۡ تَرَىٰ مِن فُطُورٖ</textIndopak>
    <translations>
      <translation>
        <author>King Fahad Quran Complex</author>
        <text>Yang telah menciptakan tujuh langit berlapis-lapis. Kamu sekali-kali tidak melihat pada ciptaan Tuhan Yang Maha Pemurah sesuatu yang tidak seimbang. Maka lihatlah berulang-ulang, adakah kamu lihat sesuatu yang tidak seimbang?</text>
      </translation>
    </translations>
    <rules>[{"start": 44, "end": 47, "rule_id": 0}, {"start": 17, "end": 19, "rule_id": 1}, {"start": 38, "end": 47, "rule_id": 3}, {"start": 82, "end": 86, "rule_id": 6}, {"start": 130, "end": 134, "rule_id": 6}, {"start": 30, "end": 35, "rule_id": 6}]</rules>
  </verse>
  <verse>
    <verseIdArabic>٤</verseIdArabic>
    <verseId>4</verseId>
    <chapterId>67</chapterId>
    <textIndopak>ثُمَّ ٱرۡجِعِ ٱلۡبَصَرَ كَرَّتَيۡنِ يَنقَلِبۡ إِلَيۡكَ ٱلۡبَصَرُ خَاسِئٗا وَهُوَ حَسِيرٞ</textIndopak>
    <translations>
      <translation>
        <author>King Fahad Quran Complex</author>
        <text>Kemudian pandanglah sekali lagi, niscaya penglihatanmu akan kembali kepadamu dengan tidak menemukan sesuatu cacat dan penglihatanmu itu pun dalam keadaan payah.</text>
      </translation>
    </translations>
    <rules>[{"start": 2, "end": 5, "rule_id": 0}, {"start": 43, "end": 45, "rule_id": 1}, {"start": 70, "end": 76, "rule_id": 3}, {"start": 38, "end": 41, "rule_id": 6}]</rules>
  </verse>
  <verse>
    <verseIdArabic>٥</verseIdArabic>
    <verseId>5</verseId>
    <chapterId>67</chapterId>
    <textIndopak>وَلَقَدۡ زَيَّنَّا ٱلسَّمَآءَ ٱلدُّنۡيَا بِمَصَٰبِيحَ وَجَعَلۡنَٰهَا رُجُومٗا لِّلشَّيَٰطِينِۖ وَأَعۡتَدۡنَا لَهُمۡ عَذَابَ ٱلسَّعِيرِ</textIndopak>
    <translations>
      <translation>
        <author>King Fahad Quran Complex</author>
        <text>Sesungguhnya Kami telah menghiasi langit yang dekat dengan bintang-bintang, dan Kami jadikan bintang-bintang itu alat-alat pelempar setan, dan Kami sediakan bagi mereka siksa neraka yang menyala-nyala.</text>
      </translation>
    </translations>
    <rules>[{"start": 14, "end": 17, "rule_id": 0}, {"start": 6, "end": 8, "rule_id": 1}, {"start": 105, "end": 107, "rule_id": 1}, {"start": 75, "end": 82, "rule_id": 5}]</rules>
  </verse>
  <verse>
    <verseIdArabic>٦</verseIdArabic>
    <verseId>6</verseId>
    <chapterId>67</chapterId>
    <textIndopak>وَلِلَّذِينَ كَفَرُواْ بِرَبِّهِمۡ عَذَابُ جَهَنَّمَۖ وَبِئۡسَ ٱلۡمَصِيرُ</textIndopak>
    <translations>
      <translation>
        <author>King Fahad Quran Complex</author>
        <text>Dan orang-orang yang kafir kepada Tuhan-nya, memperoleh azab Jahanam. Dan itulah seburuk-buruk tempat kembali.</text>
      </translation>
    </translations>
    <rules>[{"start": 47, "end": 50, "rule_id": 0}]</rules>
  </verse>
  <verse>
    <verseIdArabic>٧</verseIdArabic>
    <verseId>7</verseId>
    <chapterId>67</chapterId>
    <textIndopak>إِذَآ أُلۡقُواْ فِيهَا سَمِعُواْ لَهَا شَهِيقٗا وَهِيَ تَفُورُ</textIndopak>
    <translations>
      <translation>
        <author>King Fahad Quran Complex</author>
        <text>Apabila mereka dilemparkan ke dalamnya, mereka mendengar suara neraka yang mengerikan, sedang neraka itu menggelegak,</text>
      </translation>
    </translations>
    <rules>[{"start": 45, "end": 51, "rule_id": 3}]</rules>
  </verse>
  <verse>
    <verseIdArabic>٨</verseIdArabic>
    <verseId>8</verseId>
    <chapterId>67</chapterId>
    <textIndopak>تَكَادُ تَمَيَّزُ مِنَ ٱلۡغَيۡظِۖ كُلَّمَآ أُلۡقِيَ فِيهَا فَوۡجٞ سَأَلَهُمۡ خَزَنَتُهَآ أَلَمۡ يَأۡتِكُمۡ نَذِيرٞ</textIndopak>
    <translations>
      <translation>
        <author>King Fahad Quran Complex</author>
        <text>hampir-hampir (neraka) itu terpecah-pecah lantaran marah. Setiap kali dilemparkan ke dalamnya sekumpulan (orang-orang kafir), penjaga-penjaga (neraka itu) bertanya kepada mereka, "Apakah belum pernah datang kepada kamu (di dunia) seorang pemberi peringatan?"</text>
      </translation>
    </translations>
    <rules>[{"start": 65, "end": 70, "rule_id": 6}]</rules>
  </verse>
  <verse>
    <verseIdArabic>٩</verseIdArabic>
    <verseId>9</verseId>
    <chapterId>67</chapterId>
    <textIndopak>قَالُواْ بَلَىٰ قَدۡ جَآءَنَا نَذِيرٞ فَكَذَّبۡنَا وَقُلۡنَا مَا نَزَّلَ ٱللَّهُ مِن شَيۡءٍ إِنۡ أَنتُمۡ إِلَّا فِي ضَلَٰلٖ كَبِيرٖ</textIndopak>
    <translations>
      <translation>
        <author>King Fahad Quran Complex</author>
        <text>Mereka menjawab, "Benar ada", sesungguhnya telah datang kepada kami seorang pemberi peringatan, maka kami mendustakan(nya) dan kami katakan, "Allah tidak menurunkan sesuatu pun; kamu tidak lain hanyalah di dalam kesesatan yang besar".</text>
      </translation>
    </translations>
    <rules>[{"start": 18, "end": 20, "rule_id": 1}, {"start": 46, "end": 48, "rule_id": 1}, {"start": 84, "end": 88, "rule_id": 6}, {"start": 100, "end": 103, "rule_id": 6}, {"start": 36, "end": 41, "rule_id": 6}, {"start": 122, "end": 127, "rule_id": 6}]</rules>
  </verse>
  <verse>
    <verseIdArabic>١٠</verseIdArabic>
    <verseId>10</verseId>
    <chapterId>67</chapterId>
    <textIndopak>وَقَالُواْ لَوۡ كُنَّا نَسۡمَعُ أَوۡ نَعۡقِلُ مَا كُنَّا فِيٓ أَصۡحَٰبِ ٱلسَّعِيرِ</textIndopak>
    <translations>
      <translation>
        <author>King Fahad Quran Complex</author>
        <text>Dan mereka berkata, "Sekiranya kami mendengarkan atau memikirkan (peringatan itu), niscaya tidaklah kami termasuk penghuni-penghuni neraka yang menyala-nyala".</text>
      </translation>
    </translations>
    <rules>[{"start": 18, "end": 21, "rule_id": 0}, {"start": 52, "end": 55, "rule_id": 0}]</rules>
  </verse>
  <verse>
    <verseIdArabic>١١</verseIdArabic>
    <verseId>11</verseId>
    <chapterId>67</chapterId>
    <textIndopak>فَٱعۡتَرَفُواْ بِذَنۢبِهِمۡ فَسُحۡقٗا لِّأَصۡحَٰبِ ٱلسَّعِيرِ</textIndopak>
    <translations>
      <translation>
        <author>King Fahad Quran Complex</author>
        <text>Mereka mengakui dosa mereka. Maka kebinasaanlah bagi penghuni-penghuni neraka yang menyala-nyala.</text>
      </translation>
    </translations>
    <rules>[{"start": 19, "end": 23, "rule_id": 2}, {"start": 34, "end": 41, "rule_id": 5}]</rules>
  </verse>
  <verse>
    <verseIdArabic>١٢</verseIdArabic>
    <verseId>12</verseId>
    <chapterId>67</chapterId>
    <textIndopak>إِنَّ ٱلَّذِينَ يَخۡشَوۡنَ رَبَّهُم بِٱلۡغَيۡبِ لَهُم مَّغۡفِرَةٞ وَأَجۡرٞ كَبِيرٞ</textIndopak>
    <translations>
      <translation>
        <author>King Fahad Quran Complex</author>
        <text>Sesungguhnya orang-orang yang takut kepada Tuhan-nya yang tidak nampak oleh mereka, mereka akan memperoleh ampunan dan pahala yang besar.</text>
      </translation>
    </translations>
    <rules>[{"start": 2, "end": 5, "rule_id": 0}, {"start": 54, "end": 57, "rule_id": 0}, {"start": 70, "end": 72, "rule_id": 1}, {"start": 63, "end": 68, "rule_id": 3}, {"start": 52, "end": 57, "rule_id": 4}, {"start": 72, "end": 77, "rule_id": 6}, {"start": 34, "end": 38, "rule_id": 7}]</rules>
  </verse>
  <verse>
    <verseIdArabic>١٣</verseIdArabic>
    <verseId>13</verseId>
    <chapterId>67</chapterId>
    <textIndopak>وَأَسِرُّواْ قَوۡلَكُمۡ أَوِ ٱجۡهَرُواْ بِهِۦٓۖ إِنَّهُۥ عَلِيمُۢ بِذَاتِ ٱلصُّدُورِ</textIndopak>
    <translations>
      <translation>
        <author>King Fahad Quran Complex</author>
        <text>Dan rahasiakanlah perkataanmu atau lahirkanlah; sesungguhnya Dia Maha Mengetahui segala isi hati.</text>
      </translation>
    </translations>
    <rules>[{"start": 51, "end": 54, "rule_id": 0}, {"start": 30, "end": 32, "rule_id": 1}, {"start": 63, "end": 69, "rule_id": 2}]</rules>
  </verse>
  <verse>
    <verseIdArabic>١٤</verseIdArabic>
    <verseId>14</verseId>
    <chapterId>67</chapterId>
    <textIndopak>أَلَا يَعۡلَمُ مَنۡ خَلَقَ وَهُوَ ٱللَّطِيفُ ٱلۡخَبِيرُ</textIndopak>
    <translations>
      <translation>
        <author>King Fahad Quran Complex</author>
        <text>Apakah Allah Yang menciptakan itu tidak mengetahui (yang kamu lahirkan dan rahasiakan); dan Dia Maha Halus lagi Maha Mengetahui?</text>
      </translation>
    </translations>
    <rules>[{"start": 17, "end": 22, "rule_id": 6}]</rules>
  </verse>
  <verse>
    <verseIdArabic>١٥</verseIdArabic>
    <verseId>15</verseId>
    <chapterId>67</chapterId>
    <textIndopak>هُوَ ٱلَّذِي جَعَلَ لَكُمُ ٱلۡأَرۡضَ ذَلُولٗا فَٱمۡشُواْ فِي مَنَاكِبِهَا وَكُلُواْ مِن رِّزۡقِهِۦۖ وَإِلَيۡهِ ٱلنُّشُورُ</textIndopak>
    <translations>
      <translation>
        <author>King Fahad Quran Complex</author>
        <text>Dia-lah yang menjadikan bumi itu mudah bagi kamu, maka berjalanlah di segala penjurunya dan makanlah sebagian dari rezeki-Nya. Dan hanya kepada-Nya-lah kamu (kembali setelah) dibangkitkan.</text>
      </translation>
    </translations>
    <rules>[{"start": 114, "end": 117, "rule_id": 0}, {"start": 86, "end": 91, "rule_id": 5}]</rules>
  </verse>
  <verse>
    <verseIdArabic>١٦</verseIdArabic>
    <verseId>16</verseId>
    <chapterId>67</chapterId>
    <textIndopak>ءَأَمِنتُم مَّن فِي ٱلسَّمَآءِ أَن يَخۡسِفَ بِكُمُ ٱلۡأَرۡضَ فَإِذَا هِيَ تَمُورُ</textIndopak>
    <translations>
      <translation>
        <author>King Fahad Quran Complex</author>
        <text>Apakah kamu merasa aman terhadap Allah yang di langit bahwa Dia akan menjungkir balikkan bumi bersama kamu, sehingga dengan tiba-tiba bumi itu berguncang?</text>
      </translation>
    </translations>
    <rules>[{"start": 11, "end": 14, "rule_id": 0}, {"start": 34, "end": 38, "rule_id": 3}, {"start": 9, "end": 14, "rule_id": 4}, {"start": 6, "end": 9, "rule_id": 6}, {"start": 14, "end": 18, "rule_id": 6}]</rules>
  </verse>
  <verse>
    <verseIdArabic>١٧</verseIdArabic>
    <verseId>17</verseId>
    <chapterId>67</chapterId>
    <textIndopak>أَمۡ أَمِنتُم مَّن فِي ٱلسَّمَآءِ أَن يُرۡسِلَ عَلَيۡكُمۡ حَاصِبٗاۖ فَسَتَعۡلَمُونَ كَيۡفَ نَذِيرِ</textIndopak>
    <translations>
      <translation>
        <author>King Fahad Quran Complex</author>
        <text>Atau apakah kamu merasa aman terhadap Allah yang di langit bahwa Dia akan mengirimkan badai yang berbatu. Maka kelak kamu akan mengetahui bagaimana (akibat mendustakan) peringatan-Ku?</text>
      </translation>
    </translations>
    <rules>[{"start": 14, "end": 17, "rule_id": 0}, {"start": 37, "end": 41, "rule_id": 3}, {"start": 12, "end": 17, "rule_id": 4}, {"start": 9, "end": 12, "rule_id": 6}, {"start": 17, "end": 21, "rule_id": 6}]</rules>
  </verse>
  <verse>
    <verseIdArabic>١٨</verseIdArabic>
    <verseId>18</verseId>
    <chapterId>67</chapterId>
    <textIndopak>وَلَقَدۡ كَذَّبَ ٱلَّذِينَ مِن قَبۡلِهِمۡ فَكَيۡفَ كَانَ نَكِيرِ</textIndopak>
    <translations>
      <translation>
        <author>King Fahad Quran Complex</author>
        <text>Dan sesungguhnya orang-orang yang sebelum mereka telah mendustakan (rasul-rasul-Nya). Maka alangkah hebatnya kemurkaan-Ku.</text>
      </translation>
    </translations>
    <rules>[{"start": 6, "end": 8, "rule_id": 1}, {"start": 33, "end": 35, "rule_id": 1}, {"start": 29, "end": 33, "rule_id": 6}]</rules>
  </verse>
  <verse>
    <verseIdArabic>١٩</verseIdArabic>
    <verseId>19</verseId>
    <chapterId>67</chapterId>
    <textIndopak>أَوَلَمۡ يَرَوۡاْ إِلَى ٱلطَّيۡرِ فَوۡقَهُمۡ صَٰٓفَّٰتٖ وَيَقۡبِضۡنَۚ مَا يُمۡسِكُهُنَّ إِلَّا ٱلرَّحۡمَٰنُۚ إِنَّهُۥ بِكُلِّ شَيۡءِۭ بَصِيرٌ</textIndopak>
    <translations>
      <translation>
        <author>King Fahad Quran Complex</author>
        <text>Dan apakah mereka tidak memperhatikan burung-burung yang mengembangkan dan mengatupkan sayapnya di atas mereka? Tidak ada yang menahannya (di udara) selain Yang Maha Pemurah. Sesungguhnya Dia Maha Melihat segala sesuatu.</text>
      </translation>
    </translations>
    <rules>[{"start": 85, "end": 88, "rule_id": 0}, {"start": 113, "end": 116, "rule_id": 0}, {"start": 60, "end": 62, "rule_id": 1}, {"start": 132, "end": 138, "rule_id": 2}, {"start": 53, "end": 58, "rule_id": 3}]</rules>
  </verse>
  <verse>
    <verseIdArabic>٢٠</verseIdArabic>
    <verseId>20</verseId>
    <chapterId>67</chapterId>
    <textIndopak>أَمَّنۡ هَٰذَا ٱلَّذِي هُوَ جُندٞ لَّكُمۡ يَنصُرُكُم مِّن دُونِ ٱلرَّحۡمَٰنِۚ إِنِ ٱلۡكَٰفِرُونَ إِلَّا فِي غُرُورٍ</textIndopak>
    <translations>
      <translation>
        <author>King Fahad Quran Complex</author>
        <text>Atau siapakah dia yang menjadi tentara bagimu yang akan menolongmu selain dari Allah Yang Maha Pemurah? Orang-orang kafir itu tidak lain hanyalah dalam (keadaan) tertipu.</text>
      </translation>
    </translations>
    <rules>[{"start": 2, "end": 5, "rule_id": 0}, {"start": 53, "end": 56, "rule_id": 0}, {"start": 51, "end": 56, "rule_id": 4}, {"start": 31, "end": 37, "rule_id": 5}, {"start": 30, "end": 33, "rule_id": 6}, {"start": 44, "end": 47, "rule_id": 6}, {"start": 56, "end": 60, "rule_id": 6}]</rules>
  </verse>
  <verse>
    <verseIdArabic>٢١</verseIdArabic>
    <verseId>21</verseId>
    <chapterId>67</chapterId>
    <textIndopak>أَمَّنۡ هَٰذَا ٱلَّذِي يَرۡزُقُكُمۡ إِنۡ أَمۡسَكَ رِزۡقَهُۥۚ بَل لَّجُّواْ فِي عُتُوّٖ وَنُفُورٍ</textIndopak>
    <translations>
      <translation>
        <author>King Fahad Quran Complex</author>
        <text>Atau siapakah dia ini yang memberi kamu rezeki jika Allah menahan rezeki-Nya? Sebenarnya mereka terus menerus dalam kesombongan dan menjauhkan diri?</text>
      </translation>
    </translations>
    <rules>[{"start": 2, "end": 5, "rule_id": 0}, {"start": 84, "end": 90, "rule_id": 3}]</rules>
  </verse>
  <verse>
    <verseIdArabic>٢٢</verseIdArabic>
    <verseId>22</verseId>
    <chapterId>67</chapterId>
    <textIndopak>أَفَمَن يَمۡشِي مُكِبًّا عَلَىٰ وَجۡهِهِۦٓ أَهۡدَىٰٓ أَمَّن يَمۡشِي سَوِيًّا عَلَىٰ صِرَٰطٖ مُّسۡتَقِيمٖ</textIndopak>
    <translations>
      <translation>
        <author>King Fahad Quran Complex</author>
        <text>Maka apakah orang yang berjalan terjungkal di atas mukanya itu lebih banyak mendapatkan petunjuk ataukah orang yang berjalan tegap di atas jalan yang lurus?</text>
      </translation>
    </translations>
    <rules>[{"start": 55, "end": 58, "rule_id": 0}, {"start": 92, "end": 95, "rule_id": 0}, {"start": 34, "end": 36, "rule_id": 1}, {"start": 6, "end": 10, "rule_id": 3}, {"start": 58, "end": 62, "rule_id": 3}, {"start": 89, "end": 95, "rule_id": 3}]</rules>
  </verse>
  <verse>
    <verseIdArabic>٢٣</verseIdArabic>
    <verseId>23</verseId>
    <chapterId>67</chapterId>
    <textIndopak>قُلۡ هُوَ ٱلَّذِيٓ أَنشَأَكُمۡ وَجَعَلَ لَكُمُ ٱلسَّمۡعَ وَٱلۡأَبۡصَٰرَ وَٱلۡأَفۡـِٔدَةَۚ قَلِيلٗا مَّا تَشۡكُرُونَ</textIndopak>
    <translations>
      <translation>
        <author>King Fahad Quran Complex</author>
        <text>Katakanlah, "Dia-lah yang menciptakan kamu dan menjadikan bagi kamu pendengaran, penglihatan, dan hati". (Tetapi) amat sedikit kamu bersyukur.</text>
      </translation>
    </translations>
    <rules>[{"start": 100, "end": 103, "rule_id": 0}, {"start": 64, "end": 66, "rule_id": 1}, {"start": 96, "end": 103, "rule_id": 3}, {"start": 21, "end": 24, "rule_id": 6}]</rules>
  </verse>
  <verse>
    <verseIdArabic>٢٤</verseIdArabic>
    <verseId>24</verseId>
    <chapterId>67</chapterId>
    <textIndopak>قُلۡ هُوَ ٱلَّذِي ذَرَأَكُمۡ فِي ٱلۡأَرۡضِ وَإِلَيۡهِ تُحۡشَرُونَ</textIndopak>
    <translations>
      <translation>
        <author>King Fahad Quran Complex</author>
        <text>Katakanlah, "Dia-lah yang menjadikan kamu berkembang biak di muka bumi, dan hanya kepada-Nya-lah kamu kelak dikumpulkan".</text>
      </translation>
    </translations>
  </verse>
  <verse>
    <verseIdArabic>٢٥</verseIdArabic>
    <verseId>25</verseId>
    <chapterId>67</chapterId>
    <textIndopak>وَيَقُولُونَ مَتَىٰ هَٰذَا ٱلۡوَعۡدُ إِن كُنتُمۡ صَٰدِقِينَ</textIndopak>
    <translations>
      <translation>
        <author>King Fahad Quran Complex</author>
        <text>Dan mereka berkata, "Kapankah datangnya ancaman itu jika kamu adalah orang-orang yang benar?"</text>
      </translation>
    </translations>
    <rules>[{"start": 39, "end": 43, "rule_id": 6}, {"start": 43, "end": 46, "rule_id": 6}]</rules>
  </verse>
  <verse>
    <verseIdArabic>٢٦</verseIdArabic>
    <verseId>26</verseId>
    <chapterId>67</chapterId>
    <textIndopak>قُلۡ إِنَّمَا ٱلۡعِلۡمُ عِندَ ٱللَّهِ وَإِنَّمَآ أَنَا۠ نَذِيرٞ مُّبِينٞ</textIndopak>
    <translations>
      <translation>
        <author>King Fahad Quran Complex</author>
        <text>Katakanlah, "Sesungguhnya ilmu (tentang hari kiamat itu) hanya pada sisi Allah. Dan sesungguhnya aku hanyalah seorang pemberi peringatan yang menjelaskan".</text>
      </translation>
    </translations>
    <rules>[{"start": 7, "end": 10, "rule_id": 0}, {"start": 42, "end": 45, "rule_id": 0}, {"start": 65, "end": 68, "rule_id": 0}, {"start": 62, "end": 68, "rule_id": 3}, {"start": 26, "end": 29, "rule_id": 6}]</rules>
  </verse>
  <verse>
    <verseIdArabic>٢٧</verseIdArabic>
    <verseId>27</verseId>
    <chapterId>67</chapterId>
    <textIndopak>فَلَمَّا رَأَوۡهُ زُلۡفَةٗ سِيٓـَٔتۡ وُجُوهُ ٱلَّذِينَ كَفَرُواْ وَقِيلَ هَٰذَا ٱلَّذِي كُنتُم بِهِۦ تَدَّعُونَ</textIndopak>
    <translations>
      <translation>
        <author>King Fahad Quran Complex</author>
        <text>Ketika mereka melihat azab (pada hari kiamat) sudah dekat, muka orang-orang kafir itu menjadi muram. Dan dikatakan (kepada mereka) inilah (azab) yang dahulunya kamu selalu meminta-mintanya.</text>
      </translation>
    </translations>
    <rules>[{"start": 4, "end": 7, "rule_id": 0}, {"start": 90, "end": 93, "rule_id": 6}, {"start": 24, "end": 29, "rule_id": 6}, {"start": 93, "end": 97, "rule_id": 7}]</rules>
  </verse>
  <verse>
    <verseIdArabic>٢٨</verseIdArabic>
    <verseId>28</verseId>
    <chapterId>67</chapterId>
    <textIndopak>قُلۡ أَرَءَيۡتُمۡ إِنۡ أَهۡلَكَنِيَ ٱللَّهُ وَمَن مَّعِيَ أَوۡ رَحِمَنَا فَمَن يُجِيرُ ٱلۡكَٰفِرِينَ مِنۡ عَذَابٍ أَلِيمٖ</textIndopak>
    <translations>
      <translation>
        <author>King Fahad Quran Complex</author>
        <text>Katakanlah, "Terangkanlah kepadaku jika Allah mematikan aku dan orang-orang yang bersama dengan aku atau memberi rahmat kepada kami, (maka kami akan masuk surga), tetapi siapakah yang dapat melindungi orang-orang yang kafir dari siksa yang pedih?"</text>
      </translation>
    </translations>
    <rules>[{"start": 50, "end": 53, "rule_id": 0}, {"start": 48, "end": 53, "rule_id": 3}, {"start": 77, "end": 81, "rule_id": 3}]</rules>
  </verse>
  <verse>
    <verseIdArabic>٢٩</verseIdArabic>
    <verseId>29</verseId>
    <chapterId>67</chapterId>
    <textIndopak>قُلۡ هُوَ ٱلرَّحۡمَٰنُ ءَامَنَّا بِهِۦ وَعَلَيۡهِ تَوَكَّلۡنَاۖ فَسَتَعۡلَمُونَ مَنۡ هُوَ فِي ضَلَٰلٖ مُّبِينٖ</textIndopak>
    <translations>
      <translation>
        <author>King Fahad Quran Complex</author>
        <text>Katakanlah, "Dia-lah Allah Yang Maha Penyayang kami beriman kepada-Nya dan kepada-Nya-lah kami bertawakal. Kelak kamu akan mengetahui siapakah yang berada dalam kesesatan yang nyata".</text>
      </translation>
    </translations>
    <rules>[{"start": 28, "end": 31, "rule_id": 0}, {"start": 103, "end": 106, "rule_id": 0}, {"start": 100, "end": 106, "rule_id": 3}]</rules>
  </verse>
  <verse>
    <verseIdArabic>٣٠</verseIdArabic>
    <verseId>30</verseId>
    <chapterId>67</chapterId>
    <textIndopak>قُلۡ أَرَءَيۡتُمۡ إِنۡ أَصۡبَحَ مَآؤُكُمۡ غَوۡرٗا فَمَن يَأۡتِيكُم بِمَآءٖ مَّعِينِۭ</textIndopak>
    <translations>
      <translation>
        <author>King Fahad Quran Complex</author>
        <text>Katakanlah, "Terangkanlah kepadaku jika sumber air kamu menjadi kering; maka siapakah yang akan mendatangkan air yang mengalir bagimu?".</text>
      </translation>
    </translations>
    <rules>[{"start": 77, "end": 80, "rule_id": 0}, {"start": 55, "end": 59, "rule_id": 3}, {"start": 74, "end": 80, "rule_id": 3}, {"start": 66, "end": 70, "rule_id": 7}]</rules>
  </verse>
</verses>
