<?xml version="1.0" encoding="UTF-8"?>

<verses>
  <verse>
    <verseIdArabic>١</verseIdArabic>
    <verseId>1</verseId>
    <chapterId>68</chapterId>
    <textIndopak>نٓۚ وَٱلۡقَلَمِ وَمَا يَسۡطُرُونَ</textIndopak>
    <translations>
      <translation>
        <author>King Fahad Quran Complex</author>
        <text>Nūn, demi pena dan apa yang mereka tulis,</text>
      </translation>
    </translations>
  </verse>
  <verse>
    <verseIdArabic>٢</verseIdArabic>
    <verseId>2</verseId>
    <chapterId>68</chapterId>
    <textIndopak>مَآ أَنتَ بِنِعۡمَةِ رَبِّكَ بِمَجۡنُونٖ</textIndopak>
    <translations>
      <translation>
        <author>King Fahad Quran Complex</author>
        <text>berkat nikmat Tuhan-mu kamu (Muhammad) sekali-kali bukan orang gila.</text>
      </translation>
    </translations>
    <rules>[{"start": 34, "end": 36, "rule_id": 1}, {"start": 7, "end": 10, "rule_id": 6}]</rules>
  </verse>
  <verse>
    <verseIdArabic>٣</verseIdArabic>
    <verseId>3</verseId>
    <chapterId>68</chapterId>
    <textIndopak>وَإِنَّ لَكَ لَأَجۡرًا غَيۡرَ مَمۡنُونٖ</textIndopak>
    <translations>
      <translation>
        <author>King Fahad Quran Complex</author>
        <text>Dan sesungguhnya bagi kamu benar-benar pahala yang besar yang tidak putus-putusnya.</text>
      </translation>
    </translations>
    <rules>[{"start": 4, "end": 7, "rule_id": 0}, {"start": 17, "end": 19, "rule_id": 1}]</rules>
  </verse>
  <verse>
    <verseIdArabic>٤</verseIdArabic>
    <verseId>4</verseId>
    <chapterId>68</chapterId>
    <textIndopak>وَإِنَّكَ لَعَلَىٰ خُلُقٍ عَظِيمٖ</textIndopak>
    <translations>
      <translation>
        <author>King Fahad Quran Complex</author>
        <text>Dan sesungguhnya kamu benar-benar berbudi pekerti yang agung.</text>
      </translation>
    </translations>
    <rules>[{"start": 4, "end": 7, "rule_id": 0}]</rules>
  </verse>
  <verse>
    <verseIdArabic>٥</verseIdArabic>
    <verseId>5</verseId>
    <chapterId>68</chapterId>
    <textIndopak>فَسَتُبۡصِرُ وَيُبۡصِرُونَ</textIndopak>
    <translations>
      <translation>
        <author>King Fahad Quran Complex</author>
        <text>Maka kelak kamu akan melihat dan mereka (orang-orang kafir) pun akan melihat,</text>
      </translation>
    </translations>
    <rules>[{"start": 6, "end": 8, "rule_id": 1}, {"start": 17, "end": 19, "rule_id": 1}]</rules>
  </verse>
  <verse>
    <verseIdArabic>٦</verseIdArabic>
    <verseId>6</verseId>
    <chapterId>68</chapterId>
    <textIndopak>بِأَييِّكُمُ ٱلۡمَفۡتُونُ</textIndopak>
    <translations>
      <translation>
        <author>King Fahad Quran Complex</author>
        <text>siapa di antara kamu yang gila.</text>
      </translation>
    </translations>
  </verse>
  <verse>
    <verseIdArabic>٧</verseIdArabic>
    <verseId>7</verseId>
    <chapterId>68</chapterId>
    <textIndopak>إِنَّ رَبَّكَ هُوَ أَعۡلَمُ بِمَن ضَلَّ عَن سَبِيلِهِۦ وَهُوَ أَعۡلَمُ بِٱلۡمُهۡتَدِينَ</textIndopak>
    <translations>
      <translation>
        <author>King Fahad Quran Complex</author>
        <text>Sesungguhnya Tuhan-mu, Dia-lah yang paling mengetahui siapa yang sesat dari jalan-Nya; dan Dia-lah yang paling mengetahui orang-orang yang mendapat petunjuk.</text>
      </translation>
    </translations>
    <rules>[{"start": 2, "end": 5, "rule_id": 0}, {"start": 32, "end": 36, "rule_id": 6}, {"start": 42, "end": 46, "rule_id": 6}]</rules>
  </verse>
  <verse>
    <verseIdArabic>٨</verseIdArabic>
    <verseId>8</verseId>
    <chapterId>68</chapterId>
    <textIndopak>فَلَا تُطِعِ ٱلۡمُكَذِّبِينَ</textIndopak>
    <translations>
      <translation>
        <author>King Fahad Quran Complex</author>
        <text>Maka janganlah kamu ikuti orang-orang yang mendustakan (ayat-ayat Allah).</text>
      </translation>
    </translations>
  </verse>
  <verse>
    <verseIdArabic>٩</verseIdArabic>
    <verseId>9</verseId>
    <chapterId>68</chapterId>
    <textIndopak>وَدُّواْ لَوۡ تُدۡهِنُ فَيُدۡهِنُونَ</textIndopak>
    <translations>
      <translation>
        <author>King Fahad Quran Complex</author>
        <text>Maka mereka menginginkan supaya kamu bersikap lunak lalu mereka bersikap lunak (pula kepadamu).</text>
      </translation>
    </translations>
    <rules>[{"start": 16, "end": 18, "rule_id": 1}, {"start": 27, "end": 29, "rule_id": 1}]</rules>
  </verse>
  <verse>
    <verseIdArabic>١٠</verseIdArabic>
    <verseId>10</verseId>
    <chapterId>68</chapterId>
    <textIndopak>وَلَا تُطِعۡ كُلَّ حَلَّافٖ مَّهِينٍ</textIndopak>
    <translations>
      <translation>
        <author>King Fahad Quran Complex</author>
        <text>Dan janganlah kamu ikuti setiap orang yang banyak bersumpah lagi hina,</text>
      </translation>
    </translations>
    <rules>[{"start": 28, "end": 31, "rule_id": 0}, {"start": 25, "end": 31, "rule_id": 3}]</rules>
  </verse>
  <verse>
    <verseIdArabic>١١</verseIdArabic>
    <verseId>11</verseId>
    <chapterId>68</chapterId>
    <textIndopak>هَمَّازٖ مَّشَّآءِۭ بِنَمِيمٖ</textIndopak>
    <translations>
      <translation>
        <author>King Fahad Quran Complex</author>
        <text>yang banyak mencela, yang kian kemari menghambur fitnah,</text>
      </translation>
    </translations>
    <rules>[{"start": 2, "end": 5, "rule_id": 0}, {"start": 9, "end": 12, "rule_id": 0}, {"start": 17, "end": 23, "rule_id": 2}, {"start": 6, "end": 12, "rule_id": 3}]</rules>
  </verse>
  <verse>
    <verseIdArabic>١٢</verseIdArabic>
    <verseId>12</verseId>
    <chapterId>68</chapterId>
    <textIndopak>مَّنَّاعٖ لِّلۡخَيۡرِ مُعۡتَدٍ أَثِيمٍ</textIndopak>
    <translations>
      <translation>
        <author>King Fahad Quran Complex</author>
        <text>yang sangat enggan berbuat baik, yang melampaui batas lagi banyak dosa,</text>
      </translation>
    </translations>
    <rules>[{"start": 0, "end": 3, "rule_id": 0}, {"start": 3, "end": 6, "rule_id": 0}, {"start": 7, "end": 13, "rule_id": 5}]</rules>
  </verse>
  <verse>
    <verseIdArabic>١٣</verseIdArabic>
    <verseId>13</verseId>
    <chapterId>68</chapterId>
    <textIndopak>عُتُلِّۭ بَعۡدَ ذَٰلِكَ زَنِيمٍ</textIndopak>
    <translations>
      <translation>
        <author>King Fahad Quran Complex</author>
        <text>yang kaku kasar, selain dari itu, yang terkenal kejahatannya,</text>
      </translation>
    </translations>
    <rules>[{"start": 4, "end": 11, "rule_id": 2}]</rules>
  </verse>
  <verse>
    <verseIdArabic>١٤</verseIdArabic>
    <verseId>14</verseId>
    <chapterId>68</chapterId>
    <textIndopak>أَن كَانَ ذَا مَالٖ وَبَنِينَ</textIndopak>
    <translations>
      <translation>
        <author>King Fahad Quran Complex</author>
        <text>karena dia mempunyai (banyak) harta dan anak.</text>
      </translation>
    </translations>
    <rules>[{"start": 17, "end": 22, "rule_id": 3}, {"start": 2, "end": 6, "rule_id": 6}]</rules>
  </verse>
  <verse>
    <verseIdArabic>١٥</verseIdArabic>
    <verseId>15</verseId>
    <chapterId>68</chapterId>
    <textIndopak>إِذَا تُتۡلَىٰ عَلَيۡهِ ءَايَٰتُنَا قَالَ أَسَٰطِيرُ ٱلۡأَوَّلِينَ</textIndopak>
    <translations>
      <translation>
        <author>King Fahad Quran Complex</author>
        <text>Apabila dibacakan kepadanya ayat-ayat Kami, ia berkata, "(Ini adalah) dongeng-dongengan orang-orang dahulu kala."</text>
      </translation>
    </translations>
  </verse>
  <verse>
    <verseIdArabic>١٦</verseIdArabic>
    <verseId>16</verseId>
    <chapterId>68</chapterId>
    <textIndopak>سَنَسِمُهُۥ عَلَى ٱلۡخُرۡطُومِ</textIndopak>
    <translations>
      <translation>
        <author>King Fahad Quran Complex</author>
        <text>Kelak akan Kami beri tanda dia di belalai(nya).</text>
      </translation>
    </translations>
  </verse>
  <verse>
    <verseIdArabic>١٧</verseIdArabic>
    <verseId>17</verseId>
    <chapterId>68</chapterId>
    <textIndopak>إِنَّا بَلَوۡنَٰهُمۡ كَمَا بَلَوۡنَآ أَصۡحَٰبَ ٱلۡجَنَّةِ إِذۡ أَقۡسَمُواْ لَيَصۡرِمُنَّهَا مُصۡبِحِينَ</textIndopak>
    <translations>
      <translation>
        <author>King Fahad Quran Complex</author>
        <text>Sesungguhnya Kami telah menguji mereka (musyrikin Mekah) sebagaimana Kami telah menguji pemilik-pemilik kebun, ketika mereka bersumpah bahwa mereka sungguh-sungguh akan memetik (hasil)nya di pagi hari,</text>
      </translation>
    </translations>
    <rules>[{"start": 2, "end": 5, "rule_id": 0}, {"start": 53, "end": 56, "rule_id": 0}, {"start": 86, "end": 89, "rule_id": 0}, {"start": 66, "end": 68, "rule_id": 1}]</rules>
  </verse>
  <verse>
    <verseIdArabic>١٨</verseIdArabic>
    <verseId>18</verseId>
    <chapterId>68</chapterId>
    <textIndopak>وَلَا يَسۡتَثۡنُونَ</textIndopak>
    <translations>
      <translation>
        <author>King Fahad Quran Complex</author>
        <text>dan mereka tidak mengucapkan, "Insyaallah ",</text>
      </translation>
    </translations>
  </verse>
  <verse>
    <verseIdArabic>١٩</verseIdArabic>
    <verseId>19</verseId>
    <chapterId>68</chapterId>
    <textIndopak>فَطَافَ عَلَيۡهَا طَآئِفٞ مِّن رَّبِّكَ وَهُمۡ نَآئِمُونَ</textIndopak>
    <translations>
      <translation>
        <author>King Fahad Quran Complex</author>
        <text>lalu kebun itu diliputi malapetaka (yang datang) dari Tuhan-mu ketika mereka sedang tidur,</text>
      </translation>
    </translations>
    <rules>[{"start": 27, "end": 30, "rule_id": 0}, {"start": 24, "end": 30, "rule_id": 3}, {"start": 30, "end": 35, "rule_id": 5}]</rules>
  </verse>
  <verse>
    <verseIdArabic>٢٠</verseIdArabic>
    <verseId>20</verseId>
    <chapterId>68</chapterId>
    <textIndopak>فَأَصۡبَحَتۡ كَٱلصَّرِيمِ</textIndopak>
    <translations>
      <translation>
        <author>King Fahad Quran Complex</author>
        <text>maka jadilah kebun itu hitam seperti malam yang gelap gulita,</text>
      </translation>
    </translations>
  </verse>
  <verse>
    <verseIdArabic>٢١</verseIdArabic>
    <verseId>21</verseId>
    <chapterId>68</chapterId>
    <textIndopak>فَتَنَادَوۡاْ مُصۡبِحِينَ</textIndopak>
    <translations>
      <translation>
        <author>King Fahad Quran Complex</author>
        <text>lalu mereka panggil memanggil di pagi hari,</text>
      </translation>
    </translations>
  </verse>
  <verse>
    <verseIdArabic>٢٢</verseIdArabic>
    <verseId>22</verseId>
    <chapterId>68</chapterId>
    <textIndopak>أَنِ ٱغۡدُواْ عَلَىٰ حَرۡثِكُمۡ إِن كُنتُمۡ صَٰرِمِينَ</textIndopak>
    <translations>
      <translation>
        <author>King Fahad Quran Complex</author>
        <text>"Pergilah diwaktu pagi (ini) ke kebunmu jika kamu hendak memetik buahnya".</text>
      </translation>
    </translations>
    <rules>[{"start": 34, "end": 38, "rule_id": 6}, {"start": 38, "end": 41, "rule_id": 6}]</rules>
  </verse>
  <verse>
    <verseIdArabic>٢٣</verseIdArabic>
    <verseId>23</verseId>
    <chapterId>68</chapterId>
    <textIndopak>فَٱنطَلَقُواْ وَهُمۡ يَتَخَٰفَتُونَ</textIndopak>
    <translations>
      <translation>
        <author>King Fahad Quran Complex</author>
        <text>Maka pergilah mereka saling berbisik-bisikan.</text>
      </translation>
    </translations>
    <rules>[{"start": 3, "end": 6, "rule_id": 6}]</rules>
  </verse>
  <verse>
    <verseIdArabic>٢٤</verseIdArabic>
    <verseId>24</verseId>
    <chapterId>68</chapterId>
    <textIndopak>أَن لَّا يَدۡخُلَنَّهَا ٱلۡيَوۡمَ عَلَيۡكُم مِّسۡكِينٞ</textIndopak>
    <translations>
      <translation>
        <author>King Fahad Quran Complex</author>
        <text>"Pada hari ini janganlah ada seorang miskin pun masuk ke dalam kebunmu".</text>
      </translation>
    </translations>
    <rules>[{"start": 17, "end": 20, "rule_id": 0}, {"start": 44, "end": 47, "rule_id": 0}, {"start": 11, "end": 13, "rule_id": 1}, {"start": 42, "end": 47, "rule_id": 4}, {"start": 2, "end": 7, "rule_id": 5}]</rules>
  </verse>
  <verse>
    <verseIdArabic>٢٥</verseIdArabic>
    <verseId>25</verseId>
    <chapterId>68</chapterId>
    <textIndopak>وَغَدَوۡاْ عَلَىٰ حَرۡدٖ قَٰدِرِينَ</textIndopak>
    <translations>
      <translation>
        <author>King Fahad Quran Complex</author>
        <text>Dan berangkatlah mereka di pagi hari dengan niat menghalangi (orang-orang miskin) padahal mereka mampu (menolongnya).</text>
      </translation>
    </translations>
    <rules>[{"start": 22, "end": 28, "rule_id": 6}]</rules>
  </verse>
  <verse>
    <verseIdArabic>٢٦</verseIdArabic>
    <verseId>26</verseId>
    <chapterId>68</chapterId>
    <textIndopak>فَلَمَّا رَأَوۡهَا قَالُوٓاْ إِنَّا لَضَآلُّونَ</textIndopak>
    <translations>
      <translation>
        <author>King Fahad Quran Complex</author>
        <text>Tatkala mereka melihat kebun itu, mereka berkata, "Sesungguhnya kita benar-benar orang-orang yang sesat (jalan),</text>
      </translation>
    </translations>
    <rules>[{"start": 4, "end": 7, "rule_id": 0}, {"start": 31, "end": 34, "rule_id": 0}]</rules>
  </verse>
  <verse>
    <verseIdArabic>٢٧</verseIdArabic>
    <verseId>27</verseId>
    <chapterId>68</chapterId>
    <textIndopak>بَلۡ نَحۡنُ مَحۡرُومُونَ</textIndopak>
    <translations>
      <translation>
        <author>King Fahad Quran Complex</author>
        <text>bahkan kita dihalangi (dari memperoleh hasilnya)".</text>
      </translation>
    </translations>
  </verse>
  <verse>
    <verseIdArabic>٢٨</verseIdArabic>
    <verseId>28</verseId>
    <chapterId>68</chapterId>
    <textIndopak>قَالَ أَوۡسَطُهُمۡ أَلَمۡ أَقُل لَّكُمۡ لَوۡلَا تُسَبِّحُونَ</textIndopak>
    <translations>
      <translation>
        <author>King Fahad Quran Complex</author>
        <text>Berkatalah seorang yang paling baik pikirannya di antara mereka, "Bukankah aku telah mengatakan kepadamu, hendaklah kamu bertasbih (kepada Tuhan-mu)?"</text>
      </translation>
    </translations>
  </verse>
  <verse>
    <verseIdArabic>٢٩</verseIdArabic>
    <verseId>29</verseId>
    <chapterId>68</chapterId>
    <textIndopak>قَالُواْ سُبۡحَٰنَ رَبِّنَآ إِنَّا كُنَّا ظَٰلِمِينَ</textIndopak>
    <translations>
      <translation>
        <author>King Fahad Quran Complex</author>
        <text>Mereka mengucapkan, "Maha Suci Tuhan kami, sesungguhnya kami adalah orang-orang yang zalim".</text>
      </translation>
    </translations>
    <rules>[{"start": 31, "end": 34, "rule_id": 0}, {"start": 38, "end": 41, "rule_id": 0}, {"start": 11, "end": 13, "rule_id": 1}]</rules>
  </verse>
  <verse>
    <verseIdArabic>٣٠</verseIdArabic>
    <verseId>30</verseId>
    <chapterId>68</chapterId>
    <textIndopak>فَأَقۡبَلَ بَعۡضُهُمۡ عَلَىٰ بَعۡضٖ يَتَلَٰوَمُونَ</textIndopak>
    <translations>
      <translation>
        <author>King Fahad Quran Complex</author>
        <text>Lalu sebagian mereka menghadapi sebagian yang lain seraya cela mencela.</text>
      </translation>
    </translations>
    <rules>[{"start": 4, "end": 6, "rule_id": 1}, {"start": 33, "end": 38, "rule_id": 3}]</rules>
  </verse>
  <verse>
    <verseIdArabic>٣١</verseIdArabic>
    <verseId>31</verseId>
    <chapterId>68</chapterId>
    <textIndopak>قَالُواْ يَٰوَيۡلَنَآ إِنَّا كُنَّا طَٰغِينَ</textIndopak>
    <translations>
      <translation>
        <author>King Fahad Quran Complex</author>
        <text>Mereka berkata, "Aduhai celakalah kita; sesungguhnya kita ini adalah orang-orang yang melampaui batas".</text>
      </translation>
    </translations>
    <rules>[{"start": 25, "end": 28, "rule_id": 0}, {"start": 32, "end": 35, "rule_id": 0}]</rules>
  </verse>
  <verse>
    <verseIdArabic>٣٢</verseIdArabic>
    <verseId>32</verseId>
    <chapterId>68</chapterId>
    <textIndopak>عَسَىٰ رَبُّنَآ أَن يُبۡدِلَنَا خَيۡرٗا مِّنۡهَآ إِنَّآ إِلَىٰ رَبِّنَا رَٰغِبُونَ</textIndopak>
    <translations>
      <translation>
        <author>King Fahad Quran Complex</author>
        <text>Mudah-mudahan Tuhan kita memberikan ganti kepada kita dengan (kebun) yang lebih baik daripada itu; sesungguhnya kita mengharapkan ampunan dari Tuhan kita.</text>
      </translation>
    </translations>
    <rules>[{"start": 41, "end": 44, "rule_id": 0}, {"start": 53, "end": 56, "rule_id": 0}, {"start": 23, "end": 25, "rule_id": 1}, {"start": 19, "end": 23, "rule_id": 3}, {"start": 37, "end": 44, "rule_id": 3}]</rules>
  </verse>
  <verse>
    <verseIdArabic>٣٣</verseIdArabic>
    <verseId>33</verseId>
    <chapterId>68</chapterId>
    <textIndopak>كَذَٰلِكَ ٱلۡعَذَابُۖ وَلَعَذَابُ ٱلۡأٓخِرَةِ أَكۡبَرُۚ لَوۡ كَانُواْ يَعۡلَمُونَ</textIndopak>
    <translations>
      <translation>
        <author>King Fahad Quran Complex</author>
        <text>Seperti itulah azab (dunia). Dan sesungguhnya azab akhirat lebih besar jika mereka mengetahui.</text>
      </translation>
    </translations>
  </verse>
  <verse>
    <verseIdArabic>٣٤</verseIdArabic>
    <verseId>34</verseId>
    <chapterId>68</chapterId>
    <textIndopak>إِنَّ لِلۡمُتَّقِينَ عِندَ رَبِّهِمۡ جَنَّٰتِ ٱلنَّعِيمِ</textIndopak>
    <translations>
      <translation>
        <author>King Fahad Quran Complex</author>
        <text>Sesungguhnya bagi orang-orang yang bertakwa (disediakan) surga-surga yang penuh kenikmatan di sisi Tuhan-nya.</text>
      </translation>
    </translations>
    <rules>[{"start": 2, "end": 5, "rule_id": 0}, {"start": 39, "end": 43, "rule_id": 0}, {"start": 48, "end": 51, "rule_id": 0}, {"start": 23, "end": 26, "rule_id": 6}]</rules>
  </verse>
  <verse>
    <verseIdArabic>٣٥</verseIdArabic>
    <verseId>35</verseId>
    <chapterId>68</chapterId>
    <textIndopak>أَفَنَجۡعَلُ ٱلۡمُسۡلِمِينَ كَٱلۡمُجۡرِمِينَ</textIndopak>
    <translations>
      <translation>
        <author>King Fahad Quran Complex</author>
        <text>Maka apakah patut Kami menjadikan orang-orang Islam itu sama dengan orang-orang yang berdosa (orang kafir)?</text>
      </translation>
    </translations>
    <rules>[{"start": 6, "end": 8, "rule_id": 1}, {"start": 35, "end": 37, "rule_id": 1}]</rules>
  </verse>
  <verse>
    <verseIdArabic>٣٦</verseIdArabic>
    <verseId>36</verseId>
    <chapterId>68</chapterId>
    <textIndopak>مَا لَكُمۡ كَيۡفَ تَحۡكُمُونَ</textIndopak>
    <translations>
      <translation>
        <author>King Fahad Quran Complex</author>
        <text>Mengapa kamu (berbuat demikian), bagaimanakah kamu mengambil keputusan?</text>
      </translation>
    </translations>
  </verse>
  <verse>
    <verseIdArabic>٣٧</verseIdArabic>
    <verseId>37</verseId>
    <chapterId>68</chapterId>
    <textIndopak>أَمۡ لَكُمۡ كِتَٰبٞ فِيهِ تَدۡرُسُونَ</textIndopak>
    <translations>
      <translation>
        <author>King Fahad Quran Complex</author>
        <text>Atau adakah kamu mempunyai sebuah kitab (yang diturunkan Allah) yang kamu membacanya?</text>
      </translation>
    </translations>
    <rules>[{"start": 28, "end": 30, "rule_id": 1}, {"start": 17, "end": 22, "rule_id": 6}]</rules>
  </verse>
  <verse>
    <verseIdArabic>٣٨</verseIdArabic>
    <verseId>38</verseId>
    <chapterId>68</chapterId>
    <textIndopak>إِنَّ لَكُمۡ فِيهِ لَمَا تَخَيَّرُونَ</textIndopak>
    <translations>
      <translation>
        <author>King Fahad Quran Complex</author>
        <text>Bahwa di dalamnya kamu benar-benar boleh memilih apa yang kamu sukai untukmu.</text>
      </translation>
    </translations>
    <rules>[{"start": 2, "end": 5, "rule_id": 0}]</rules>
  </verse>
  <verse>
    <verseIdArabic>٣٩</verseIdArabic>
    <verseId>39</verseId>
    <chapterId>68</chapterId>
    <textIndopak>أَمۡ لَكُمۡ أَيۡمَٰنٌ عَلَيۡنَا بَٰلِغَةٌ إِلَىٰ يَوۡمِ ٱلۡقِيَٰمَةِ إِنَّ لَكُمۡ لَمَا تَحۡكُمُونَ</textIndopak>
    <translations>
      <translation>
        <author>King Fahad Quran Complex</author>
        <text>Atau apakah kamu memperoleh janji-janji yang diperkuat dengan sumpah dari Kami, yang tetap berlaku sampai hari kiamat; sesungguhnya kamu benar-benar dapat mengambil keputusan (sekehendakmu)?</text>
      </translation>
    </translations>
    <rules>[{"start": 73, "end": 76, "rule_id": 0}]</rules>
  </verse>
  <verse>
    <verseIdArabic>٤٠</verseIdArabic>
    <verseId>40</verseId>
    <chapterId>68</chapterId>
    <textIndopak>سَلۡهُمۡ أَيُّهُم بِذَٰلِكَ زَعِيمٌ</textIndopak>
    <translations>
      <translation>
        <author>King Fahad Quran Complex</author>
        <text>Tanyakanlah kepada mereka, "Siapakah di antara mereka yang bertanggung jawab terhadap keputusan yang diambil itu?"</text>
      </translation>
    </translations>
    <rules>[{"start": 16, "end": 20, "rule_id": 7}]</rules>
  </verse>
  <verse>
    <verseIdArabic>٤١</verseIdArabic>
    <verseId>41</verseId>
    <chapterId>68</chapterId>
    <textIndopak>أَمۡ لَهُمۡ شُرَكَآءُ فَلۡيَأۡتُواْ بِشُرَكَآئِهِمۡ إِن كَانُواْ صَٰدِقِينَ</textIndopak>
    <translations>
      <translation>
        <author>King Fahad Quran Complex</author>
        <text>Atau apakah mereka mempunyai sekutu-sekutu? Maka hendaklah mereka mendatangkan sekutu-sekutunya jika mereka adalah orang-orang yang benar.</text>
      </translation>
    </translations>
    <rules>[{"start": 56, "end": 60, "rule_id": 6}]</rules>
  </verse>
  <verse>
    <verseIdArabic>٤٢</verseIdArabic>
    <verseId>42</verseId>
    <chapterId>68</chapterId>
    <textIndopak>يَوۡمَ يُكۡشَفُ عَن سَاقٖ وَيُدۡعَوۡنَ إِلَى ٱلسُّجُودِ فَلَا يَسۡتَطِيعُونَ</textIndopak>
    <translations>
      <translation>
        <author>King Fahad Quran Complex</author>
        <text>Pada hari betis disingkapkan dan mereka dipanggil untuk bersujud; maka mereka tidak kuasa,</text>
      </translation>
    </translations>
    <rules>[{"start": 30, "end": 32, "rule_id": 1}, {"start": 23, "end": 28, "rule_id": 3}, {"start": 18, "end": 22, "rule_id": 6}]</rules>
  </verse>
  <verse>
    <verseIdArabic>٤٣</verseIdArabic>
    <verseId>43</verseId>
    <chapterId>68</chapterId>
    <textIndopak>خَٰشِعَةً أَبۡصَٰرُهُمۡ تَرۡهَقُهُمۡ ذِلَّةٞۖ وَقَدۡ كَانُواْ يُدۡعَوۡنَ إِلَى ٱلسُّجُودِ وَهُمۡ سَٰلِمُونَ</textIndopak>
    <translations>
      <translation>
        <author>King Fahad Quran Complex</author>
        <text>(dalam keadaan) pandangan mereka tunduk ke bawah, lagi mereka diliputi kehinaan. Dan sesungguhnya mereka dahulu (di dunia) diseru untuk bersujud, dan mereka dalam keadaan sejahtera.</text>
      </translation>
    </translations>
    <rules>[{"start": 12, "end": 14, "rule_id": 1}, {"start": 51, "end": 53, "rule_id": 1}, {"start": 65, "end": 67, "rule_id": 1}, {"start": 42, "end": 49, "rule_id": 3}]</rules>
  </verse>
  <verse>
    <verseIdArabic>٤٤</verseIdArabic>
    <verseId>44</verseId>
    <chapterId>68</chapterId>
    <textIndopak>فَذَرۡنِي وَمَن يُكَذِّبُ بِهَٰذَا ٱلۡحَدِيثِۖ سَنَسۡتَدۡرِجُهُم مِّنۡ حَيۡثُ لَا يَعۡلَمُونَ</textIndopak>
    <translations>
      <translation>
        <author>King Fahad Quran Complex</author>
        <text>Maka serahkanlah (ya Muhammad) kepada-Ku (urusan) orang-orang yang mendustakan perkataan ini (Al-Qur`ān). Nanti Kami akan menarik mereka dengan berangsur-angsur (ke arah kebinasaan) dari arah yang tidak mereka ketahui,</text>
      </translation>
    </translations>
    <rules>[{"start": 66, "end": 69, "rule_id": 0}, {"start": 56, "end": 58, "rule_id": 1}, {"start": 14, "end": 18, "rule_id": 3}, {"start": 64, "end": 69, "rule_id": 4}]</rules>
  </verse>
  <verse>
    <verseIdArabic>٤٥</verseIdArabic>
    <verseId>45</verseId>
    <chapterId>68</chapterId>
    <textIndopak>وَأُمۡلِي لَهُمۡۚ إِنَّ كَيۡدِي مَتِينٌ</textIndopak>
    <translations>
      <translation>
        <author>King Fahad Quran Complex</author>
        <text>dan Aku memberi tangguh kepada mereka. Sesungguhnya rencana-Ku amat teguh.</text>
      </translation>
    </translations>
    <rules>[{"start": 21, "end": 24, "rule_id": 0}]</rules>
  </verse>
  <verse>
    <verseIdArabic>٤٦</verseIdArabic>
    <verseId>46</verseId>
    <chapterId>68</chapterId>
    <textIndopak>أَمۡ تَسۡـَٔلُهُمۡ أَجۡرٗا فَهُم مِّن مَّغۡرَمٖ مُّثۡقَلُونَ</textIndopak>
    <translations>
      <translation>
        <author>King Fahad Quran Complex</author>
        <text>Apakah kamu meminta upah kepada mereka, lalu mereka diberati dengan utang?</text>
      </translation>
    </translations>
    <rules>[{"start": 33, "end": 36, "rule_id": 0}, {"start": 38, "end": 41, "rule_id": 0}, {"start": 48, "end": 51, "rule_id": 0}, {"start": 21, "end": 23, "rule_id": 1}, {"start": 36, "end": 41, "rule_id": 3}, {"start": 45, "end": 51, "rule_id": 3}, {"start": 31, "end": 36, "rule_id": 4}]</rules>
  </verse>
  <verse>
    <verseIdArabic>٤٧</verseIdArabic>
    <verseId>47</verseId>
    <chapterId>68</chapterId>
    <textIndopak>أَمۡ عِندَهُمُ ٱلۡغَيۡبُ فَهُمۡ يَكۡتُبُونَ</textIndopak>
    <translations>
      <translation>
        <author>King Fahad Quran Complex</author>
        <text>Ataukah ada pada mereka ilmu tentang yang gaib lalu mereka menulis (padanya apa yang mereka tetapkan)?</text>
      </translation>
    </translations>
    <rules>[{"start": 7, "end": 10, "rule_id": 6}]</rules>
  </verse>
  <verse>
    <verseIdArabic>٤٨</verseIdArabic>
    <verseId>48</verseId>
    <chapterId>68</chapterId>
    <textIndopak>فَٱصۡبِرۡ لِحُكۡمِ رَبِّكَ وَلَا تَكُن كَصَاحِبِ ٱلۡحُوتِ إِذۡ نَادَىٰ وَهُوَ مَكۡظُومٞ</textIndopak>
    <translations>
      <translation>
        <author>King Fahad Quran Complex</author>
        <text>Maka bersabarlah kamu (hai Muhammad) terhadap ketetapan Tuhan-mu, dan janganlah kamu seperti orang yang (Yūnus) berada dalam (perut) ikan ketika ia berdoa sedang ia dalam keadaan marah (kepada kaumnya).</text>
      </translation>
    </translations>
    <rules>[{"start": 37, "end": 41, "rule_id": 6}]</rules>
  </verse>
  <verse>
    <verseIdArabic>٤٩</verseIdArabic>
    <verseId>49</verseId>
    <chapterId>68</chapterId>
    <textIndopak>لَّوۡلَآ أَن تَدَٰرَكَهُۥ نِعۡمَةٞ مِّن رَّبِّهِۦ لَنُبِذَ بِٱلۡعَرَآءِ وَهُوَ مَذۡمُومٞ</textIndopak>
    <translations>
      <translation>
        <author>King Fahad Quran Complex</author>
        <text>Kalau sekiranya ia tidak segera mendapat nikmat dari Tuhan-nya, benar-benar ia dicampakkan ke tanah tandus dalam keadaan tercela.</text>
      </translation>
    </translations>
    <rules>[{"start": 36, "end": 39, "rule_id": 0}, {"start": 33, "end": 39, "rule_id": 3}, {"start": 39, "end": 44, "rule_id": 5}, {"start": 12, "end": 16, "rule_id": 6}]</rules>
  </verse>
  <verse>
    <verseIdArabic>٥٠</verseIdArabic>
    <verseId>50</verseId>
    <chapterId>68</chapterId>
    <textIndopak>فَٱجۡتَبَٰهُ رَبُّهُۥ فَجَعَلَهُۥ مِنَ ٱلصَّٰلِحِينَ</textIndopak>
    <translations>
      <translation>
        <author>King Fahad Quran Complex</author>
        <text>Lalu Tuhan-nya memilihnya dan menjadikannya termasuk orang-orang yang saleh.</text>
      </translation>
    </translations>
    <rules>[{"start": 3, "end": 5, "rule_id": 1}]</rules>
  </verse>
  <verse>
    <verseIdArabic>٥١</verseIdArabic>
    <verseId>51</verseId>
    <chapterId>68</chapterId>
    <textIndopak>وَإِن يَكَادُ ٱلَّذِينَ كَفَرُواْ لَيُزۡلِقُونَكَ بِأَبۡصَٰرِهِمۡ لَمَّا سَمِعُواْ ٱلذِّكۡرَ وَيَقُولُونَ إِنَّهُۥ لَمَجۡنُونٞ</textIndopak>
    <translations>
      <translation>
        <author>King Fahad Quran Complex</author>
        <text>Dan sesungguhnya orang-orang kafir itu benar-benar hampir menggelincirkan kamu dengan pandangan mereka, tatkala mereka mendengar Al-Qur`ān dan mereka berkata, "Sesungguhnya ia (Muhammad) benar-benar orang yang gila".</text>
      </translation>
    </translations>
    <rules>[{"start": 68, "end": 71, "rule_id": 0}, {"start": 108, "end": 111, "rule_id": 0}, {"start": 54, "end": 56, "rule_id": 1}, {"start": 119, "end": 121, "rule_id": 1}, {"start": 4, "end": 8, "rule_id": 3}]</rules>
  </verse>
  <verse>
    <verseIdArabic>٥٢</verseIdArabic>
    <verseId>52</verseId>
    <chapterId>68</chapterId>
    <textIndopak>وَمَا هُوَ إِلَّا ذِكۡرٞ لِّلۡعَٰلَمِينَ</textIndopak>
    <translations>
      <translation>
        <author>King Fahad Quran Complex</author>
        <text>Dan Al-Qur`ān itu tidak lain hanyalah peringatan bagi seluruh umat.</text>
      </translation>
    </translations>
    <rules>[{"start": 22, "end": 28, "rule_id": 5}]</rules>
  </verse>
</verses>
