<?xml version="1.0" encoding="UTF-8"?>

<verses>
  <verse>
    <verseIdArabic>١</verseIdArabic>
    <verseId>1</verseId>
    <chapterId>69</chapterId>
    <textIndopak>ٱلۡحَآقَّةُ</textIndopak>
    <translations>
      <translation>
        <author>King Fahad Quran Complex</author>
        <text>Hari kiamat,</text>
      </translation>
    </translations>
  </verse>
  <verse>
    <verseIdArabic>٢</verseIdArabic>
    <verseId>2</verseId>
    <chapterId>69</chapterId>
    <textIndopak>مَا ٱلۡحَآقَّةُ</textIndopak>
    <translations>
      <translation>
        <author>King Fahad Quran Complex</author>
        <text>apakah hari kiamat itu?</text>
      </translation>
    </translations>
  </verse>
  <verse>
    <verseIdArabic>٣</verseIdArabic>
    <verseId>3</verseId>
    <chapterId>69</chapterId>
    <textIndopak>وَمَآ أَدۡرَىٰكَ مَا ٱلۡحَآقَّةُ</textIndopak>
    <translations>
      <translation>
        <author>King Fahad Quran Complex</author>
        <text>Dan tahukah kamu apakah hari kiamat itu?</text>
      </translation>
    </translations>
    <rules>[{"start": 9, "end": 11, "rule_id": 1}]</rules>
  </verse>
  <verse>
    <verseIdArabic>٤</verseIdArabic>
    <verseId>4</verseId>
    <chapterId>69</chapterId>
    <textIndopak>كَذَّبَتۡ ثَمُودُ وَعَادُۢ بِٱلۡقَارِعَةِ</textIndopak>
    <translations>
      <translation>
        <author>King Fahad Quran Complex</author>
        <text>Kaum Ṡamūd dan ʻĀd telah mendustakan hari kiamat.</text>
      </translation>
    </translations>
    <rules>[{"start": 23, "end": 29, "rule_id": 2}]</rules>
  </verse>
  <verse>
    <verseIdArabic>٥</verseIdArabic>
    <verseId>5</verseId>
    <chapterId>69</chapterId>
    <textIndopak>فَأَمَّا ثَمُودُ فَأُهۡلِكُواْ بِٱلطَّاغِيَةِ</textIndopak>
    <translations>
      <translation>
        <author>King Fahad Quran Complex</author>
        <text>Adapun kaum Ṡamūd, maka mereka telah dibinasakan dengan kejadian yang luar biasa.</text>
      </translation>
    </translations>
    <rules>[{"start": 4, "end": 7, "rule_id": 0}]</rules>
  </verse>
  <verse>
    <verseIdArabic>٦</verseIdArabic>
    <verseId>6</verseId>
    <chapterId>69</chapterId>
    <textIndopak>وَأَمَّا عَادٞ فَأُهۡلِكُواْ بِرِيحٖ صَرۡصَرٍ عَاتِيَةٖ</textIndopak>
    <translations>
      <translation>
        <author>King Fahad Quran Complex</author>
        <text>Adapun kaum ʻĀd maka mereka telah dibinasakan dengan angin yang sangat dingin lagi amat kencang,</text>
      </translation>
    </translations>
    <rules>[{"start": 4, "end": 7, "rule_id": 0}, {"start": 12, "end": 17, "rule_id": 6}, {"start": 34, "end": 39, "rule_id": 6}]</rules>
  </verse>
  <verse>
    <verseIdArabic>٧</verseIdArabic>
    <verseId>7</verseId>
    <chapterId>69</chapterId>
    <textIndopak>سَخَّرَهَا عَلَيۡهِمۡ سَبۡعَ لَيَالٖ وَثَمَٰنِيَةَ أَيَّامٍ حُسُومٗاۖ فَتَرَى ٱلۡقَوۡمَ فِيهَا صَرۡعَىٰ كَأَنَّهُمۡ أَعۡجَازُ نَخۡلٍ خَاوِيَةٖ</textIndopak>
    <translations>
      <translation>
        <author>King Fahad Quran Complex</author>
        <text>yang Allah menimpakan angin itu kepada mereka selama tujuh malam dan delapan hari terus menerus; maka kamu lihat kaum ʻĀd pada waktu itu mati bergelimpangan seakan-akan mereka tunggul-tunggul pohon kurma yang telah kosong (lapuk).</text>
      </translation>
    </translations>
    <rules>[{"start": 107, "end": 110, "rule_id": 0}, {"start": 24, "end": 26, "rule_id": 1}, {"start": 34, "end": 39, "rule_id": 3}]</rules>
  </verse>
  <verse>
    <verseIdArabic>٨</verseIdArabic>
    <verseId>8</verseId>
    <chapterId>69</chapterId>
    <textIndopak>فَهَلۡ تَرَىٰ لَهُم مِّنۢ بَاقِيَةٖ</textIndopak>
    <translations>
      <translation>
        <author>King Fahad Quran Complex</author>
        <text>Maka kamu tidak melihat seorang pun yang tinggal di antara mereka.</text>
      </translation>
    </translations>
    <rules>[{"start": 20, "end": 23, "rule_id": 0}, {"start": 23, "end": 28, "rule_id": 2}, {"start": 18, "end": 23, "rule_id": 4}]</rules>
  </verse>
  <verse>
    <verseIdArabic>٩</verseIdArabic>
    <verseId>9</verseId>
    <chapterId>69</chapterId>
    <textIndopak>وَجَآءَ فِرۡعَوۡنُ وَمَن قَبۡلَهُۥ وَٱلۡمُؤۡتَفِكَٰتُ بِٱلۡخَاطِئَةِ</textIndopak>
    <translations>
      <translation>
        <author>King Fahad Quran Complex</author>
        <text>Dan telah datang Firʻawn dan orang-orang yang sebelumnya dan (penduduk) negeri-negeri yang dijungkir balikkan karena kesalahan yang besar.</text>
      </translation>
    </translations>
    <rules>[{"start": 28, "end": 30, "rule_id": 1}, {"start": 24, "end": 28, "rule_id": 6}]</rules>
  </verse>
  <verse>
    <verseIdArabic>١٠</verseIdArabic>
    <verseId>10</verseId>
    <chapterId>69</chapterId>
    <textIndopak>فَعَصَوۡاْ رَسُولَ رَبِّهِمۡ فَأَخَذَهُمۡ أَخۡذَةٗ رَّابِيَةً</textIndopak>
    <translations>
      <translation>
        <author>King Fahad Quran Complex</author>
        <text>Maka (masing-masing) mereka mendurhakai rasul Tuhan mereka, lalu Allah menyiksa mereka dengan siksaan yang sangat keras.</text>
      </translation>
    </translations>
    <rules>[{"start": 48, "end": 54, "rule_id": 5}]</rules>
  </verse>
  <verse>
    <verseIdArabic>١١</verseIdArabic>
    <verseId>11</verseId>
    <chapterId>69</chapterId>
    <textIndopak>إِنَّا لَمَّا طَغَا ٱلۡمَآءُ حَمَلۡنَٰكُمۡ فِي ٱلۡجَارِيَةِ</textIndopak>
    <translations>
      <translation>
        <author>King Fahad Quran Complex</author>
        <text>Sesungguhnya Kami, tatkala air telah naik (sampai ke gunung) Kami bawa (nenek moyang) kamu ke dalam bahtera,</text>
      </translation>
    </translations>
    <rules>[{"start": 2, "end": 5, "rule_id": 0}, {"start": 9, "end": 12, "rule_id": 0}]</rules>
  </verse>
  <verse>
    <verseIdArabic>١٢</verseIdArabic>
    <verseId>12</verseId>
    <chapterId>69</chapterId>
    <textIndopak>لِنَجۡعَلَهَا لَكُمۡ تَذۡكِرَةٗ وَتَعِيَهَآ أُذُنٞ وَٰعِيَةٞ</textIndopak>
    <translations>
      <translation>
        <author>King Fahad Quran Complex</author>
        <text>agar Kami jadikan peristiwa itu peringatan bagi kamu dan agar diperhatikan oleh telinga yang mau mendengar.</text>
      </translation>
    </translations>
    <rules>[{"start": 4, "end": 6, "rule_id": 1}, {"start": 29, "end": 34, "rule_id": 3}, {"start": 49, "end": 55, "rule_id": 3}]</rules>
  </verse>
  <verse>
    <verseIdArabic>١٣</verseIdArabic>
    <verseId>13</verseId>
    <chapterId>69</chapterId>
    <textIndopak>فَإِذَا نُفِخَ فِي ٱلصُّورِ نَفۡخَةٞ وَٰحِدَةٞ</textIndopak>
    <translations>
      <translation>
        <author>King Fahad Quran Complex</author>
        <text>Maka apabila sangkakala ditiup sekali tiup,</text>
      </translation>
    </translations>
    <rules>[{"start": 34, "end": 40, "rule_id": 3}]</rules>
  </verse>
  <verse>
    <verseIdArabic>١٤</verseIdArabic>
    <verseId>14</verseId>
    <chapterId>69</chapterId>
    <textIndopak>وَحُمِلَتِ ٱلۡأَرۡضُ وَٱلۡجِبَالُ فَدُكَّتَا دَكَّةٗ وَٰحِدَةٗ</textIndopak>
    <translations>
      <translation>
        <author>King Fahad Quran Complex</author>
        <text>dan diangkatlah bumi dan gunung-gunung, lalu dibenturkan keduanya sekali bentur.</text>
      </translation>
    </translations>
    <rules>[{"start": 50, "end": 56, "rule_id": 3}]</rules>
  </verse>
  <verse>
    <verseIdArabic>١٥</verseIdArabic>
    <verseId>15</verseId>
    <chapterId>69</chapterId>
    <textIndopak>فَيَوۡمَئِذٖ وَقَعَتِ ٱلۡوَاقِعَةُ</textIndopak>
    <translations>
      <translation>
        <author>King Fahad Quran Complex</author>
        <text>Maka pada hari itu terjadilah hari kiamat,</text>
      </translation>
    </translations>
    <rules>[{"start": 10, "end": 15, "rule_id": 3}]</rules>
  </verse>
  <verse>
    <verseIdArabic>١٦</verseIdArabic>
    <verseId>16</verseId>
    <chapterId>69</chapterId>
    <textIndopak>وَٱنشَقَّتِ ٱلسَّمَآءُ فَهِيَ يَوۡمَئِذٖ وَاهِيَةٞ</textIndopak>
    <translations>
      <translation>
        <author>King Fahad Quran Complex</author>
        <text>dan terbelahlah langit, karena pada hari itu langit menjadi lemah.</text>
      </translation>
    </translations>
    <rules>[{"start": 39, "end": 44, "rule_id": 3}, {"start": 3, "end": 6, "rule_id": 6}]</rules>
  </verse>
  <verse>
    <verseIdArabic>١٧</verseIdArabic>
    <verseId>17</verseId>
    <chapterId>69</chapterId>
    <textIndopak>وَٱلۡمَلَكُ عَلَىٰٓ أَرۡجَآئِهَاۚ وَيَحۡمِلُ عَرۡشَ رَبِّكَ فَوۡقَهُمۡ يَوۡمَئِذٖ ثَمَٰنِيَةٞ</textIndopak>
    <translations>
      <translation>
        <author>King Fahad Quran Complex</author>
        <text>Dan malaikat-malaikat berada di penjuru-penjuru langit. Dan pada hari itu delapan orang malaikat menjunjung arasy Tuhan-mu di atas (kepala) mereka.</text>
      </translation>
    </translations>
    <rules>[{"start": 81, "end": 86, "rule_id": 6}]</rules>
  </verse>
  <verse>
    <verseIdArabic>١٨</verseIdArabic>
    <verseId>18</verseId>
    <chapterId>69</chapterId>
    <textIndopak>يَوۡمَئِذٖ تُعۡرَضُونَ لَا تَخۡفَىٰ مِنكُمۡ خَافِيَةٞ</textIndopak>
    <translations>
      <translation>
        <author>King Fahad Quran Complex</author>
        <text>Pada hari itu kamu dihadapkan (kepada Tuhan-mu), tiada sesuatu pun dari keadaanmu yang tersembunyi (bagi Allah).</text>
      </translation>
    </translations>
    <rules>[{"start": 38, "end": 41, "rule_id": 6}, {"start": 8, "end": 13, "rule_id": 6}]</rules>
  </verse>
  <verse>
    <verseIdArabic>١٩</verseIdArabic>
    <verseId>19</verseId>
    <chapterId>69</chapterId>
    <textIndopak>فَأَمَّا مَنۡ أُوتِيَ كِتَٰبَهُۥ بِيَمِينِهِۦ فَيَقُولُ هَآؤُمُ ٱقۡرَءُواْ كِتَٰبِيَهۡ</textIndopak>
    <translations>
      <translation>
        <author>King Fahad Quran Complex</author>
        <text>Adapun orang-orang yang diberikan kepadanya kitabnya dari sebelah kanannya, maka dia berkata, "Ambillah, bacalah kitabku (ini)".</text>
      </translation>
    </translations>
    <rules>[{"start": 4, "end": 7, "rule_id": 0}, {"start": 66, "end": 68, "rule_id": 1}]</rules>
  </verse>
  <verse>
    <verseIdArabic>٢٠</verseIdArabic>
    <verseId>20</verseId>
    <chapterId>69</chapterId>
    <textIndopak>إِنِّي ظَنَنتُ أَنِّي مُلَٰقٍ حِسَابِيَهۡ</textIndopak>
    <translations>
      <translation>
        <author>King Fahad Quran Complex</author>
        <text>Sesungguhnya aku yakin bahwa sesungguhnya aku akan menemui hisab terhadap diriku.</text>
      </translation>
    </translations>
    <rules>[{"start": 2, "end": 5, "rule_id": 0}, {"start": 17, "end": 20, "rule_id": 0}, {"start": 11, "end": 14, "rule_id": 6}]</rules>
  </verse>
  <verse>
    <verseIdArabic>٢١</verseIdArabic>
    <verseId>21</verseId>
    <chapterId>69</chapterId>
    <textIndopak>فَهُوَ فِي عِيشَةٖ رَّاضِيَةٖ</textIndopak>
    <translations>
      <translation>
        <author>King Fahad Quran Complex</author>
        <text>Maka orang itu berada dalam kehidupan yang diridai,</text>
      </translation>
    </translations>
    <rules>[{"start": 16, "end": 22, "rule_id": 5}]</rules>
  </verse>
  <verse>
    <verseIdArabic>٢٢</verseIdArabic>
    <verseId>22</verseId>
    <chapterId>69</chapterId>
    <textIndopak>فِي جَنَّةٍ عَالِيَةٖ</textIndopak>
    <translations>
      <translation>
        <author>King Fahad Quran Complex</author>
        <text>dalam surga yang tinggi,</text>
      </translation>
    </translations>
    <rules>[{"start": 6, "end": 9, "rule_id": 0}]</rules>
  </verse>
  <verse>
    <verseIdArabic>٢٣</verseIdArabic>
    <verseId>23</verseId>
    <chapterId>69</chapterId>
    <textIndopak>قُطُوفُهَا دَانِيَةٞ</textIndopak>
    <translations>
      <translation>
        <author>King Fahad Quran Complex</author>
        <text>buah-buahannya dekat,</text>
      </translation>
    </translations>
  </verse>
  <verse>
    <verseIdArabic>٢٤</verseIdArabic>
    <verseId>24</verseId>
    <chapterId>69</chapterId>
    <textIndopak>كُلُواْ وَٱشۡرَبُواْ هَنِيٓـَٔۢا بِمَآ أَسۡلَفۡتُمۡ فِي ٱلۡأَيَّامِ ٱلۡخَالِيَةِ</textIndopak>
    <translations>
      <translation>
        <author>King Fahad Quran Complex</author>
        <text>(kepada mereka dikatakan), "Makan dan minumlah dengan sedap disebabkan amal yang telah kamu kerjakan pada hari-hari yang telah lalu".</text>
      </translation>
    </translations>
  </verse>
  <verse>
    <verseIdArabic>٢٥</verseIdArabic>
    <verseId>25</verseId>
    <chapterId>69</chapterId>
    <textIndopak>وَأَمَّا مَنۡ أُوتِيَ كِتَٰبَهُۥ بِشِمَالِهِۦ فَيَقُولُ يَٰلَيۡتَنِي لَمۡ أُوتَ كِتَٰبِيَهۡ</textIndopak>
    <translations>
      <translation>
        <author>King Fahad Quran Complex</author>
        <text>Adapun orang yang diberikan kepadanya kitabnya dari sebelah kirinya, maka dia berkata, "Wahai alangkah baiknya kiranya tidak diberikan kepadaku kitabku (ini).</text>
      </translation>
    </translations>
    <rules>[{"start": 4, "end": 7, "rule_id": 0}]</rules>
  </verse>
  <verse>
    <verseIdArabic>٢٦</verseIdArabic>
    <verseId>26</verseId>
    <chapterId>69</chapterId>
    <textIndopak>وَلَمۡ أَدۡرِ مَا حِسَابِيَهۡ</textIndopak>
    <translations>
      <translation>
        <author>King Fahad Quran Complex</author>
        <text>Dan aku tidak mengetahui apa hisab terhadap diriku,</text>
      </translation>
    </translations>
    <rules>[{"start": 9, "end": 11, "rule_id": 1}]</rules>
  </verse>
  <verse>
    <verseIdArabic>٢٧</verseIdArabic>
    <verseId>27</verseId>
    <chapterId>69</chapterId>
    <textIndopak>يَٰلَيۡتَهَا كَانَتِ ٱلۡقَاضِيَةَ</textIndopak>
    <translations>
      <translation>
        <author>King Fahad Quran Complex</author>
        <text>Wahai kiranya kematian itulah yang menyelesaikan segala sesuatu.</text>
      </translation>
    </translations>
  </verse>
  <verse>
    <verseIdArabic>٢٨</verseIdArabic>
    <verseId>28</verseId>
    <chapterId>69</chapterId>
    <textIndopak>مَآ أَغۡنَىٰ عَنِّي مَالِيَهۡۜ</textIndopak>
    <translations>
      <translation>
        <author>King Fahad Quran Complex</author>
        <text>Hartaku sekali-kali tidak memberi manfaat kepadaku.</text>
      </translation>
    </translations>
    <rules>[{"start": 16, "end": 19, "rule_id": 0}]</rules>
  </verse>
  <verse>
    <verseIdArabic>٢٩</verseIdArabic>
    <verseId>29</verseId>
    <chapterId>69</chapterId>
    <textIndopak>هَلَكَ عَنِّي سُلۡطَٰنِيَهۡ</textIndopak>
    <translations>
      <translation>
        <author>King Fahad Quran Complex</author>
        <text>Telah hilang kekuasaanku dariku".</text>
      </translation>
    </translations>
    <rules>[{"start": 9, "end": 12, "rule_id": 0}]</rules>
  </verse>
  <verse>
    <verseIdArabic>٣٠</verseIdArabic>
    <verseId>30</verseId>
    <chapterId>69</chapterId>
    <textIndopak>خُذُوهُ فَغُلُّوهُ</textIndopak>
    <translations>
      <translation>
        <author>King Fahad Quran Complex</author>
        <text>(Allah berfirman), "Peganglah dia lalu belenggulah tangannya ke lehernya.</text>
      </translation>
    </translations>
  </verse>
  <verse>
    <verseIdArabic>٣١</verseIdArabic>
    <verseId>31</verseId>
    <chapterId>69</chapterId>
    <textIndopak>ثُمَّ ٱلۡجَحِيمَ صَلُّوهُ</textIndopak>
    <translations>
      <translation>
        <author>King Fahad Quran Complex</author>
        <text>Kemudian masukkanlah dia ke dalam api neraka yang menyala-nyala.</text>
      </translation>
    </translations>
    <rules>[{"start": 2, "end": 5, "rule_id": 0}]</rules>
  </verse>
  <verse>
    <verseIdArabic>٣٢</verseIdArabic>
    <verseId>32</verseId>
    <chapterId>69</chapterId>
    <textIndopak>ثُمَّ فِي سِلۡسِلَةٖ ذَرۡعُهَا سَبۡعُونَ ذِرَاعٗا فَٱسۡلُكُوهُ</textIndopak>
    <translations>
      <translation>
        <author>King Fahad Quran Complex</author>
        <text>Kemudian belitlah dia dengan rantai yang panjangnya tujuh puluh hasta.</text>
      </translation>
    </translations>
    <rules>[{"start": 2, "end": 5, "rule_id": 0}, {"start": 33, "end": 35, "rule_id": 1}, {"start": 18, "end": 23, "rule_id": 6}]</rules>
  </verse>
  <verse>
    <verseIdArabic>٣٣</verseIdArabic>
    <verseId>33</verseId>
    <chapterId>69</chapterId>
    <textIndopak>إِنَّهُۥ كَانَ لَا يُؤۡمِنُ بِٱللَّهِ ٱلۡعَظِيمِ</textIndopak>
    <translations>
      <translation>
        <author>King Fahad Quran Complex</author>
        <text>Sesungguhnya dia dahulu tidak beriman kepada Allah Yang Maha Besar.</text>
      </translation>
    </translations>
    <rules>[{"start": 2, "end": 5, "rule_id": 0}]</rules>
  </verse>
  <verse>
    <verseIdArabic>٣٤</verseIdArabic>
    <verseId>34</verseId>
    <chapterId>69</chapterId>
    <textIndopak>وَلَا يَحُضُّ عَلَىٰ طَعَامِ ٱلۡمِسۡكِينِ</textIndopak>
    <translations>
      <translation>
        <author>King Fahad Quran Complex</author>
        <text>Dan juga dia tidak mendorong (orang lain) untuk memberi makan orang miskin."</text>
      </translation>
    </translations>
  </verse>
  <verse>
    <verseIdArabic>٣٥</verseIdArabic>
    <verseId>35</verseId>
    <chapterId>69</chapterId>
    <textIndopak>فَلَيۡسَ لَهُ ٱلۡيَوۡمَ هَٰهُنَا حَمِيمٞ</textIndopak>
    <translations>
      <translation>
        <author>King Fahad Quran Complex</author>
        <text>Maka tiada seorang teman pun baginya pada hari ini di sini.</text>
      </translation>
    </translations>
  </verse>
  <verse>
    <verseIdArabic>٣٦</verseIdArabic>
    <verseId>36</verseId>
    <chapterId>69</chapterId>
    <textIndopak>وَلَا طَعَامٌ إِلَّا مِنۡ غِسۡلِينٖ</textIndopak>
    <translations>
      <translation>
        <author>King Fahad Quran Complex</author>
        <text>Dan tiada (pula) makanan sedikit pun (baginya) kecuali dari darah dan nanah.</text>
      </translation>
    </translations>
  </verse>
  <verse>
    <verseIdArabic>٣٧</verseIdArabic>
    <verseId>37</verseId>
    <chapterId>69</chapterId>
    <textIndopak>لَّا يَأۡكُلُهُۥٓ إِلَّا ٱلۡخَٰطِـُٔونَ</textIndopak>
    <translations>
      <translation>
        <author>King Fahad Quran Complex</author>
        <text>Tidak ada yang memakannya kecuali orang-orang yang berdosa.</text>
      </translation>
    </translations>
  </verse>
  <verse>
    <verseIdArabic>٣٨</verseIdArabic>
    <verseId>38</verseId>
    <chapterId>69</chapterId>
    <textIndopak>فَلَآ أُقۡسِمُ بِمَا تُبۡصِرُونَ</textIndopak>
    <translations>
      <translation>
        <author>King Fahad Quran Complex</author>
        <text>Maka Aku bersumpah dengan apa yang kamu lihat.</text>
      </translation>
    </translations>
    <rules>[{"start": 9, "end": 11, "rule_id": 1}, {"start": 24, "end": 26, "rule_id": 1}]</rules>
  </verse>
  <verse>
    <verseIdArabic>٣٩</verseIdArabic>
    <verseId>39</verseId>
    <chapterId>69</chapterId>
    <textIndopak>وَمَا لَا تُبۡصِرُونَ</textIndopak>
    <translations>
      <translation>
        <author>King Fahad Quran Complex</author>
        <text>Dan dengan apa yang tidak kamu lihat.</text>
      </translation>
    </translations>
    <rules>[{"start": 12, "end": 14, "rule_id": 1}]</rules>
  </verse>
  <verse>
    <verseIdArabic>٤٠</verseIdArabic>
    <verseId>40</verseId>
    <chapterId>69</chapterId>
    <textIndopak>إِنَّهُۥ لَقَوۡلُ رَسُولٖ كَرِيمٖ</textIndopak>
    <translations>
      <translation>
        <author>King Fahad Quran Complex</author>
        <text>Sesungguhnya Al-Qur`ān itu adalah benar-benar wahyu (Allah yang diturunkan kepada) rasul yang mulia,</text>
      </translation>
    </translations>
    <rules>[{"start": 2, "end": 5, "rule_id": 0}, {"start": 23, "end": 28, "rule_id": 6}]</rules>
  </verse>
  <verse>
    <verseIdArabic>٤١</verseIdArabic>
    <verseId>41</verseId>
    <chapterId>69</chapterId>
    <textIndopak>وَمَا هُوَ بِقَوۡلِ شَاعِرٖۚ قَلِيلٗا مَّا تُؤۡمِنُونَ</textIndopak>
    <translations>
      <translation>
        <author>King Fahad Quran Complex</author>
        <text>dan Al-Qur`ān itu bukanlah perkataan seorang penyair. Sedikit sekali kamu beriman kepadanya.</text>
      </translation>
    </translations>
    <rules>[{"start": 39, "end": 42, "rule_id": 0}, {"start": 35, "end": 42, "rule_id": 3}]</rules>
  </verse>
  <verse>
    <verseIdArabic>٤٢</verseIdArabic>
    <verseId>42</verseId>
    <chapterId>69</chapterId>
    <textIndopak>وَلَا بِقَوۡلِ كَاهِنٖۚ قَلِيلٗا مَّا تَذَكَّرُونَ</textIndopak>
    <translations>
      <translation>
        <author>King Fahad Quran Complex</author>
        <text>Dan bukan pula perkataan tukang tenung. Sedikit sekali kamu mengambil pelajaran darinya.</text>
      </translation>
    </translations>
    <rules>[{"start": 34, "end": 37, "rule_id": 0}, {"start": 30, "end": 37, "rule_id": 3}]</rules>
  </verse>
  <verse>
    <verseIdArabic>٤٣</verseIdArabic>
    <verseId>43</verseId>
    <chapterId>69</chapterId>
    <textIndopak>تَنزِيلٞ مِّن رَّبِّ ٱلۡعَٰلَمِينَ</textIndopak>
    <translations>
      <translation>
        <author>King Fahad Quran Complex</author>
        <text>Ia adalah wahyu yang diturunkan dari Tuhan semesta alam.</text>
      </translation>
    </translations>
    <rules>[{"start": 9, "end": 12, "rule_id": 0}, {"start": 6, "end": 12, "rule_id": 3}, {"start": 12, "end": 17, "rule_id": 5}, {"start": 2, "end": 5, "rule_id": 6}]</rules>
  </verse>
  <verse>
    <verseIdArabic>٤٤</verseIdArabic>
    <verseId>44</verseId>
    <chapterId>69</chapterId>
    <textIndopak>وَلَوۡ تَقَوَّلَ عَلَيۡنَا بَعۡضَ ٱلۡأَقَاوِيلِ</textIndopak>
    <translations>
      <translation>
        <author>King Fahad Quran Complex</author>
        <text>Seandainya dia (Muhammad) mengadakan sebagian perkataan atas (nama) Kami,</text>
      </translation>
    </translations>
  </verse>
  <verse>
    <verseIdArabic>٤٥</verseIdArabic>
    <verseId>45</verseId>
    <chapterId>69</chapterId>
    <textIndopak>لَأَخَذۡنَا مِنۡهُ بِٱلۡيَمِينِ</textIndopak>
    <translations>
      <translation>
        <author>King Fahad Quran Complex</author>
        <text>niscaya benar-benar Kami pegang dia pada tangan kanannya.</text>
      </translation>
    </translations>
  </verse>
  <verse>
    <verseIdArabic>٤٦</verseIdArabic>
    <verseId>46</verseId>
    <chapterId>69</chapterId>
    <textIndopak>ثُمَّ لَقَطَعۡنَا مِنۡهُ ٱلۡوَتِينَ</textIndopak>
    <translations>
      <translation>
        <author>King Fahad Quran Complex</author>
        <text>Kemudian benar-benar Kami potong urat tali jantungnya.</text>
      </translation>
    </translations>
    <rules>[{"start": 2, "end": 5, "rule_id": 0}]</rules>
  </verse>
  <verse>
    <verseIdArabic>٤٧</verseIdArabic>
    <verseId>47</verseId>
    <chapterId>69</chapterId>
    <textIndopak>فَمَا مِنكُم مِّنۡ أَحَدٍ عَنۡهُ حَٰجِزِينَ</textIndopak>
    <translations>
      <translation>
        <author>King Fahad Quran Complex</author>
        <text>Maka sekali-kali tidak ada seorang pun dari kamu yang dapat menghalangi (Kami), dari pemotongan urat nadi itu.</text>
      </translation>
    </translations>
    <rules>[{"start": 13, "end": 16, "rule_id": 0}, {"start": 11, "end": 16, "rule_id": 4}, {"start": 8, "end": 11, "rule_id": 6}]</rules>
  </verse>
  <verse>
    <verseIdArabic>٤٨</verseIdArabic>
    <verseId>48</verseId>
    <chapterId>69</chapterId>
    <textIndopak>وَإِنَّهُۥ لَتَذۡكِرَةٞ لِّلۡمُتَّقِينَ</textIndopak>
    <translations>
      <translation>
        <author>King Fahad Quran Complex</author>
        <text>Dan sesungguhnya Al-Qur`ān itu benar-benar suatu pelajaran bagi orang-orang yang bertakwa.</text>
      </translation>
    </translations>
    <rules>[{"start": 4, "end": 7, "rule_id": 0}, {"start": 21, "end": 27, "rule_id": 5}]</rules>
  </verse>
  <verse>
    <verseIdArabic>٤٩</verseIdArabic>
    <verseId>49</verseId>
    <chapterId>69</chapterId>
    <textIndopak>وَإِنَّا لَنَعۡلَمُ أَنَّ مِنكُم مُّكَذِّبِينَ</textIndopak>
    <translations>
      <translation>
        <author>King Fahad Quran Complex</author>
        <text>Dan sesungguhnya Kami benar-benar mengetahui bahwa di antara kamu ada orang yang mendustakan(nya).</text>
      </translation>
    </translations>
    <rules>[{"start": 4, "end": 7, "rule_id": 0}, {"start": 22, "end": 25, "rule_id": 0}, {"start": 33, "end": 36, "rule_id": 0}, {"start": 31, "end": 36, "rule_id": 4}, {"start": 28, "end": 31, "rule_id": 6}]</rules>
  </verse>
  <verse>
    <verseIdArabic>٥٠</verseIdArabic>
    <verseId>50</verseId>
    <chapterId>69</chapterId>
    <textIndopak>وَإِنَّهُۥ لَحَسۡرَةٌ عَلَى ٱلۡكَٰفِرِينَ</textIndopak>
    <translations>
      <translation>
        <author>King Fahad Quran Complex</author>
        <text>Dan sesungguhnya Al-Qur`ān itu benar-benar menjadi penyesalan bagi orang-orang kafir (di akhirat).</text>
      </translation>
    </translations>
    <rules>[{"start": 4, "end": 7, "rule_id": 0}]</rules>
  </verse>
  <verse>
    <verseIdArabic>٥١</verseIdArabic>
    <verseId>51</verseId>
    <chapterId>69</chapterId>
    <textIndopak>وَإِنَّهُۥ لَحَقُّ ٱلۡيَقِينِ</textIndopak>
    <translations>
      <translation>
        <author>King Fahad Quran Complex</author>
        <text>Dan sesungguhnya Al-Qur`ān itu benar-benar kebenaran yang diyakini.</text>
      </translation>
    </translations>
    <rules>[{"start": 4, "end": 7, "rule_id": 0}]</rules>
  </verse>
  <verse>
    <verseIdArabic>٥٢</verseIdArabic>
    <verseId>52</verseId>
    <chapterId>69</chapterId>
    <textIndopak>فَسَبِّحۡ بِٱسۡمِ رَبِّكَ ٱلۡعَظِيمِ</textIndopak>
    <translations>
      <translation>
        <author>King Fahad Quran Complex</author>
        <text>Maka bertasbihlah dengan (menyebut) nama Tuhan-mu Yang Maha Besar.</text>
      </translation>
    </translations>
  </verse>
</verses>
