<?xml version="1.0" encoding="UTF-8"?>

<verses>
  <verse>
    <verseIdArabic>١</verseIdArabic>
    <verseId>1</verseId>
    <chapterId>70</chapterId>
    <textIndopak>سَأَلَ سَآئِلُۢ بِعَذَابٖ وَاقِعٖ</textIndopak>
    <translations>
      <translation>
        <author>King Fahad Quran Complex</author>
        <text>Seseorang peminta telah meminta kedatangan azab yang bakal terjadi,</text>
      </translation>
    </translations>
    <rules>[{"start": 13, "end": 19, "rule_id": 2}, {"start": 24, "end": 29, "rule_id": 3}]</rules>
  </verse>
  <verse>
    <verseIdArabic>٢</verseIdArabic>
    <verseId>2</verseId>
    <chapterId>70</chapterId>
    <textIndopak>لِّلۡكَٰفِرِينَ لَيۡسَ لَهُۥ دَافِعٞ</textIndopak>
    <translations>
      <translation>
        <author>King Fahad Quran Complex</author>
        <text>untuk orang-orang kafir, yang tidak seorang pun dapat menolaknya,</text>
      </translation>
    </translations>
  </verse>
  <verse>
    <verseIdArabic>٣</verseIdArabic>
    <verseId>3</verseId>
    <chapterId>70</chapterId>
    <textIndopak>مِّنَ ٱللَّهِ ذِي ٱلۡمَعَارِجِ</textIndopak>
    <translations>
      <translation>
        <author>King Fahad Quran Complex</author>
        <text>(yang datang) dari Allah, Yang mempunyai tempat-tempat naik.</text>
      </translation>
    </translations>
    <rules>[{"start": 0, "end": 3, "rule_id": 0}, {"start": 28, "end": 30, "rule_id": 1}]</rules>
  </verse>
  <verse>
    <verseIdArabic>٤</verseIdArabic>
    <verseId>4</verseId>
    <chapterId>70</chapterId>
    <textIndopak>تَعۡرُجُ ٱلۡمَلَٰٓئِكَةُ وَٱلرُّوحُ إِلَيۡهِ فِي يَوۡمٖ كَانَ مِقۡدَارُهُۥ خَمۡسِينَ أَلۡفَ سَنَةٖ</textIndopak>
    <translations>
      <translation>
        <author>King Fahad Quran Complex</author>
        <text>Malaikat-malaikat dan Jibril naik (menghadap) kepada Tuhan dalam sehari yang kadarnya lima puluh ribu tahun.</text>
      </translation>
    </translations>
    <rules>[{"start": 64, "end": 66, "rule_id": 1}, {"start": 53, "end": 58, "rule_id": 6}]</rules>
  </verse>
  <verse>
    <verseIdArabic>٥</verseIdArabic>
    <verseId>5</verseId>
    <chapterId>70</chapterId>
    <textIndopak>فَٱصۡبِرۡ صَبۡرٗا جَمِيلًا</textIndopak>
    <translations>
      <translation>
        <author>King Fahad Quran Complex</author>
        <text>Maka bersabarlah kamu dengan sabar yang baik.</text>
      </translation>
    </translations>
    <rules>[{"start": 12, "end": 14, "rule_id": 1}]</rules>
  </verse>
  <verse>
    <verseIdArabic>٦</verseIdArabic>
    <verseId>6</verseId>
    <chapterId>70</chapterId>
    <textIndopak>إِنَّهُمۡ يَرَوۡنَهُۥ بَعِيدٗا</textIndopak>
    <translations>
      <translation>
        <author>King Fahad Quran Complex</author>
        <text>Sesungguhnya mereka memandang siksaaan itu jauh (mustahil).</text>
      </translation>
    </translations>
    <rules>[{"start": 2, "end": 5, "rule_id": 0}]</rules>
  </verse>
  <verse>
    <verseIdArabic>٧</verseIdArabic>
    <verseId>7</verseId>
    <chapterId>70</chapterId>
    <textIndopak>وَنَرَىٰهُ قَرِيبٗا</textIndopak>
    <translations>
      <translation>
        <author>King Fahad Quran Complex</author>
        <text>Sedangkan Kami memandangnya dekat (pasti terjadi).</text>
      </translation>
    </translations>
  </verse>
  <verse>
    <verseIdArabic>٨</verseIdArabic>
    <verseId>8</verseId>
    <chapterId>70</chapterId>
    <textIndopak>يَوۡمَ تَكُونُ ٱلسَّمَآءُ كَٱلۡمُهۡلِ</textIndopak>
    <translations>
      <translation>
        <author>King Fahad Quran Complex</author>
        <text>Pada hari ketika langit menjadi seperti luluhan perak.</text>
      </translation>
    </translations>
  </verse>
  <verse>
    <verseIdArabic>٩</verseIdArabic>
    <verseId>9</verseId>
    <chapterId>70</chapterId>
    <textIndopak>وَتَكُونُ ٱلۡجِبَالُ كَٱلۡعِهۡنِ</textIndopak>
    <translations>
      <translation>
        <author>King Fahad Quran Complex</author>
        <text>Dan gunung-gunung menjadi seperti bulu (yang berterbangan).</text>
      </translation>
    </translations>
  </verse>
  <verse>
    <verseIdArabic>١٠</verseIdArabic>
    <verseId>10</verseId>
    <chapterId>70</chapterId>
    <textIndopak>وَلَا يَسۡـَٔلُ حَمِيمٌ حَمِيمٗا</textIndopak>
    <translations>
      <translation>
        <author>King Fahad Quran Complex</author>
        <text>Dan tidak ada seorang teman akrab pun menanyakan temannya.</text>
      </translation>
    </translations>
  </verse>
  <verse>
    <verseIdArabic>١١</verseIdArabic>
    <verseId>11</verseId>
    <chapterId>70</chapterId>
    <textIndopak>يُبَصَّرُونَهُمۡۚ يَوَدُّ ٱلۡمُجۡرِمُ لَوۡ يَفۡتَدِي مِنۡ عَذَابِ يَوۡمِئِذِۭ بِبَنِيهِ</textIndopak>
    <translations>
      <translation>
        <author>King Fahad Quran Complex</author>
        <text>Sedang mereka saling melihat. Orang kafir ingin kalau sekiranya dia dapat menebus (dirinya) dari azab hari itu dengan anak-anaknya,</text>
      </translation>
    </translations>
    <rules>[{"start": 32, "end": 34, "rule_id": 1}, {"start": 75, "end": 81, "rule_id": 2}]</rules>
  </verse>
  <verse>
    <verseIdArabic>١٢</verseIdArabic>
    <verseId>12</verseId>
    <chapterId>70</chapterId>
    <textIndopak>وَصَٰحِبَتِهِۦ وَأَخِيهِ</textIndopak>
    <translations>
      <translation>
        <author>King Fahad Quran Complex</author>
        <text>dan istrinya, dan saudaranya,</text>
      </translation>
    </translations>
  </verse>
  <verse>
    <verseIdArabic>١٣</verseIdArabic>
    <verseId>13</verseId>
    <chapterId>70</chapterId>
    <textIndopak>وَفَصِيلَتِهِ ٱلَّتِي تُـٔۡوِيهِ</textIndopak>
    <translations>
      <translation>
        <author>King Fahad Quran Complex</author>
        <text>dan kaum familinya yang melindunginya (di dunia).</text>
      </translation>
    </translations>
  </verse>
  <verse>
    <verseIdArabic>١٤</verseIdArabic>
    <verseId>14</verseId>
    <chapterId>70</chapterId>
    <textIndopak>وَمَن فِي ٱلۡأَرۡضِ جَمِيعٗا ثُمَّ يُنجِيهِ</textIndopak>
    <translations>
      <translation>
        <author>King Fahad Quran Complex</author>
        <text>Dan orang-orang di atas bumi seluruhnya, kemudian (mengharapkan) tebusan itu dapat menyelamatkannya.</text>
      </translation>
    </translations>
    <rules>[{"start": 31, "end": 34, "rule_id": 0}, {"start": 4, "end": 8, "rule_id": 6}, {"start": 37, "end": 40, "rule_id": 6}]</rules>
  </verse>
  <verse>
    <verseIdArabic>١٥</verseIdArabic>
    <verseId>15</verseId>
    <chapterId>70</chapterId>
    <textIndopak>كـَلَّآۖ إِنَّهَا لَظَىٰ</textIndopak>
    <translations>
      <translation>
        <author>King Fahad Quran Complex</author>
        <text>Sekali-kali tidak dapat. Sesungguhnya neraka itu adalah api yang bergejolak,</text>
      </translation>
    </translations>
    <rules>[{"start": 12, "end": 15, "rule_id": 0}]</rules>
  </verse>
  <verse>
    <verseIdArabic>١٦</verseIdArabic>
    <verseId>16</verseId>
    <chapterId>70</chapterId>
    <textIndopak>نَزَّاعَةٗ لِّلشَّوَىٰ</textIndopak>
    <translations>
      <translation>
        <author>King Fahad Quran Complex</author>
        <text>yang mengelupaskan kulit kepala,</text>
      </translation>
    </translations>
    <rules>[{"start": 8, "end": 14, "rule_id": 5}]</rules>
  </verse>
  <verse>
    <verseIdArabic>١٧</verseIdArabic>
    <verseId>17</verseId>
    <chapterId>70</chapterId>
    <textIndopak>تَدۡعُواْ مَنۡ أَدۡبَرَ وَتَوَلَّىٰ</textIndopak>
    <translations>
      <translation>
        <author>King Fahad Quran Complex</author>
        <text>yang memanggil orang yang membelakang dan yang berpaling (dari agama).</text>
      </translation>
    </translations>
    <rules>[{"start": 2, "end": 4, "rule_id": 1}, {"start": 17, "end": 19, "rule_id": 1}]</rules>
  </verse>
  <verse>
    <verseIdArabic>١٨</verseIdArabic>
    <verseId>18</verseId>
    <chapterId>70</chapterId>
    <textIndopak>وَجَمَعَ فَأَوۡعَىٰٓ</textIndopak>
    <translations>
      <translation>
        <author>King Fahad Quran Complex</author>
        <text>serta mengumpulkan (harta benda) lalu menyimpannya.</text>
      </translation>
    </translations>
  </verse>
  <verse>
    <verseIdArabic>١٩</verseIdArabic>
    <verseId>19</verseId>
    <chapterId>70</chapterId>
    <textIndopak>۞ إِنَّ ٱلۡإِنسَٰنَ خُلِقَ هَلُوعًا</textIndopak>
    <translations>
      <translation>
        <author>King Fahad Quran Complex</author>
        <text>Sesungguhnya manusia diciptakan bersifat keluh kesah lagi kikir.</text>
      </translation>
    </translations>
    <rules>[{"start": 4, "end": 7, "rule_id": 0}, {"start": 13, "end": 17, "rule_id": 6}]</rules>
  </verse>
  <verse>
    <verseIdArabic>٢٠</verseIdArabic>
    <verseId>20</verseId>
    <chapterId>70</chapterId>
    <textIndopak>إِذَا مَسَّهُ ٱلشَّرُّ جَزُوعٗا</textIndopak>
    <translations>
      <translation>
        <author>King Fahad Quran Complex</author>
        <text>Apabila ia ditimpa kesusahan ia berkeluh kesah,</text>
      </translation>
    </translations>
  </verse>
  <verse>
    <verseIdArabic>٢١</verseIdArabic>
    <verseId>21</verseId>
    <chapterId>70</chapterId>
    <textIndopak>وَإِذَا مَسَّهُ ٱلۡخَيۡرُ مَنُوعًا</textIndopak>
    <translations>
      <translation>
        <author>King Fahad Quran Complex</author>
        <text>dan apabila ia mendapat kebaikan, ia amat kikir,</text>
      </translation>
    </translations>
  </verse>
  <verse>
    <verseIdArabic>٢٢</verseIdArabic>
    <verseId>22</verseId>
    <chapterId>70</chapterId>
    <textIndopak>إِلَّا ٱلۡمُصَلِّينَ</textIndopak>
    <translations>
      <translation>
        <author>King Fahad Quran Complex</author>
        <text>kecuali orang-orang yang mengerjakan salat,</text>
      </translation>
    </translations>
  </verse>
  <verse>
    <verseIdArabic>٢٣</verseIdArabic>
    <verseId>23</verseId>
    <chapterId>70</chapterId>
    <textIndopak>ٱلَّذِينَ هُمۡ عَلَىٰ صَلَاتِهِمۡ دَآئِمُونَ</textIndopak>
    <translations>
      <translation>
        <author>King Fahad Quran Complex</author>
        <text>yang mereka itu tetap mengerjakan salatnya,</text>
      </translation>
    </translations>
  </verse>
  <verse>
    <verseIdArabic>٢٤</verseIdArabic>
    <verseId>24</verseId>
    <chapterId>70</chapterId>
    <textIndopak>وَٱلَّذِينَ فِيٓ أَمۡوَٰلِهِمۡ حَقّٞ مَّعۡلُومٞ</textIndopak>
    <translations>
      <translation>
        <author>King Fahad Quran Complex</author>
        <text>dan orang-orang yang dalam hartanya tersedia bagian tertentu,</text>
      </translation>
    </translations>
    <rules>[{"start": 37, "end": 40, "rule_id": 0}, {"start": 33, "end": 40, "rule_id": 3}]</rules>
  </verse>
  <verse>
    <verseIdArabic>٢٥</verseIdArabic>
    <verseId>25</verseId>
    <chapterId>70</chapterId>
    <textIndopak>لِّلسَّآئِلِ وَٱلۡمَحۡرُومِ</textIndopak>
    <translations>
      <translation>
        <author>King Fahad Quran Complex</author>
        <text>bagi orang (miskin) yang meminta dan orang yang tidak mempunyai apa-apa (yang tidak mau meminta),</text>
      </translation>
    </translations>
  </verse>
  <verse>
    <verseIdArabic>٢٦</verseIdArabic>
    <verseId>26</verseId>
    <chapterId>70</chapterId>
    <textIndopak>وَٱلَّذِينَ يُصَدِّقُونَ بِيَوۡمِ ٱلدِّينِ</textIndopak>
    <translations>
      <translation>
        <author>King Fahad Quran Complex</author>
        <text>dan orang-orang yang mempercayai hari pembalasan,</text>
      </translation>
    </translations>
  </verse>
  <verse>
    <verseIdArabic>٢٧</verseIdArabic>
    <verseId>27</verseId>
    <chapterId>70</chapterId>
    <textIndopak>وَٱلَّذِينَ هُم مِّنۡ عَذَابِ رَبِّهِم مُّشۡفِقُونَ</textIndopak>
    <translations>
      <translation>
        <author>King Fahad Quran Complex</author>
        <text>dan orang-orang yang takut terhadap azab Tuhan-nya.</text>
      </translation>
    </translations>
    <rules>[{"start": 16, "end": 19, "rule_id": 0}, {"start": 39, "end": 42, "rule_id": 0}, {"start": 14, "end": 19, "rule_id": 4}, {"start": 37, "end": 42, "rule_id": 4}]</rules>
  </verse>
  <verse>
    <verseIdArabic>٢٨</verseIdArabic>
    <verseId>28</verseId>
    <chapterId>70</chapterId>
    <textIndopak>إِنَّ عَذَابَ رَبِّهِمۡ غَيۡرُ مَأۡمُونٖ</textIndopak>
    <translations>
      <translation>
        <author>King Fahad Quran Complex</author>
        <text>Karena sesungguhnya azab Tuhan mereka tidak dapat orang merasa aman (dari kedatangannya).</text>
      </translation>
    </translations>
    <rules>[{"start": 2, "end": 5, "rule_id": 0}]</rules>
  </verse>
  <verse>
    <verseIdArabic>٢٩</verseIdArabic>
    <verseId>29</verseId>
    <chapterId>70</chapterId>
    <textIndopak>وَٱلَّذِينَ هُمۡ لِفُرُوجِهِمۡ حَٰفِظُونَ</textIndopak>
    <translations>
      <translation>
        <author>King Fahad Quran Complex</author>
        <text>Dan orang-orang yang memelihara kemaluannya,</text>
      </translation>
    </translations>
  </verse>
  <verse>
    <verseIdArabic>٣٠</verseIdArabic>
    <verseId>30</verseId>
    <chapterId>70</chapterId>
    <textIndopak>إِلَّا عَلَىٰٓ أَزۡوَٰجِهِمۡ أَوۡ مَا مَلَكَتۡ أَيۡمَٰنُهُمۡ فَإِنَّهُمۡ غَيۡرُ مَلُومِينَ</textIndopak>
    <translations>
      <translation>
        <author>King Fahad Quran Complex</author>
        <text>kecuali terhadap istri-istri mereka atau budak-budak yang mereka miliki, maka sesungguhnya mereka dalam hal ini tiada tercela.</text>
      </translation>
    </translations>
    <rules>[{"start": 65, "end": 68, "rule_id": 0}]</rules>
  </verse>
  <verse>
    <verseIdArabic>٣١</verseIdArabic>
    <verseId>31</verseId>
    <chapterId>70</chapterId>
    <textIndopak>فَمَنِ ٱبۡتَغَىٰ وَرَآءَ ذَٰلِكَ فَأُوْلَٰٓئِكَ هُمُ ٱلۡعَادُونَ</textIndopak>
    <translations>
      <translation>
        <author>King Fahad Quran Complex</author>
        <text>Barang siapa mencari yang di balik itu, maka mereka itulah orang-orang yang melampaui batas.</text>
      </translation>
    </translations>
    <rules>[{"start": 8, "end": 10, "rule_id": 1}]</rules>
  </verse>
  <verse>
    <verseIdArabic>٣٢</verseIdArabic>
    <verseId>32</verseId>
    <chapterId>70</chapterId>
    <textIndopak>وَٱلَّذِينَ هُمۡ لِأَمَٰنَٰتِهِمۡ وَعَهۡدِهِمۡ رَٰعُونَ</textIndopak>
    <translations>
      <translation>
        <author>King Fahad Quran Complex</author>
        <text>Dan orang-orang yang memelihara amanat-amanat (yang dipikulnya) dan janjinya.</text>
      </translation>
    </translations>
  </verse>
  <verse>
    <verseIdArabic>٣٣</verseIdArabic>
    <verseId>33</verseId>
    <chapterId>70</chapterId>
    <textIndopak>وَٱلَّذِينَ هُم بِشَهَٰدَٰتِهِمۡ قَآئِمُونَ</textIndopak>
    <translations>
      <translation>
        <author>King Fahad Quran Complex</author>
        <text>Dan orang-orang yang memberikan kesaksiannya.</text>
      </translation>
    </translations>
    <rules>[{"start": 14, "end": 18, "rule_id": 7}]</rules>
  </verse>
  <verse>
    <verseIdArabic>٣٤</verseIdArabic>
    <verseId>34</verseId>
    <chapterId>70</chapterId>
    <textIndopak>وَٱلَّذِينَ هُمۡ عَلَىٰ صَلَاتِهِمۡ يُحَافِظُونَ</textIndopak>
    <translations>
      <translation>
        <author>King Fahad Quran Complex</author>
        <text>Dan orang-orang yang memelihara salatnya.</text>
      </translation>
    </translations>
  </verse>
  <verse>
    <verseIdArabic>٣٥</verseIdArabic>
    <verseId>35</verseId>
    <chapterId>70</chapterId>
    <textIndopak>أُوْلَٰٓئِكَ فِي جَنَّٰتٖ مُّكۡرَمُونَ</textIndopak>
    <translations>
      <translation>
        <author>King Fahad Quran Complex</author>
        <text>Mereka itu (kekal) di surga lagi dimuliakan.</text>
      </translation>
    </translations>
    <rules>[{"start": 19, "end": 23, "rule_id": 0}, {"start": 26, "end": 29, "rule_id": 0}, {"start": 23, "end": 29, "rule_id": 3}]</rules>
  </verse>
  <verse>
    <verseIdArabic>٣٦</verseIdArabic>
    <verseId>36</verseId>
    <chapterId>70</chapterId>
    <textIndopak>فَمَالِ ٱلَّذِينَ كَفَرُواْ قِبَلَكَ مُهۡطِعِينَ</textIndopak>
    <translations>
      <translation>
        <author>King Fahad Quran Complex</author>
        <text>Mengapakah orang-orang kafir itu bersegera datang ke arahmu,</text>
      </translation>
    </translations>
  </verse>
  <verse>
    <verseIdArabic>٣٧</verseIdArabic>
    <verseId>37</verseId>
    <chapterId>70</chapterId>
    <textIndopak>عَنِ ٱلۡيَمِينِ وَعَنِ ٱلشِّمَالِ عِزِينَ</textIndopak>
    <translations>
      <translation>
        <author>King Fahad Quran Complex</author>
        <text>dari kanan dan dari kiri dengan berkelompok-kelompok?</text>
      </translation>
    </translations>
  </verse>
  <verse>
    <verseIdArabic>٣٨</verseIdArabic>
    <verseId>38</verseId>
    <chapterId>70</chapterId>
    <textIndopak>أَيَطۡمَعُ كُلُّ ٱمۡرِيٕٖ مِّنۡهُمۡ أَن يُدۡخَلَ جَنَّةَ نَعِيمٖ</textIndopak>
    <translations>
      <translation>
        <author>King Fahad Quran Complex</author>
        <text>Adakah setiap orang dari orang-orang kafir itu ingin masuk ke dalam surga yang penuh kenikmatan?</text>
      </translation>
    </translations>
    <rules>[{"start": 25, "end": 28, "rule_id": 0}, {"start": 50, "end": 53, "rule_id": 0}, {"start": 4, "end": 6, "rule_id": 1}, {"start": 41, "end": 43, "rule_id": 1}, {"start": 37, "end": 41, "rule_id": 3}, {"start": 22, "end": 28, "rule_id": 3}]</rules>
  </verse>
  <verse>
    <verseIdArabic>٣٩</verseIdArabic>
    <verseId>39</verseId>
    <chapterId>70</chapterId>
    <textIndopak>كـَلَّآۖ إِنَّا خَلَقۡنَٰهُم مِّمَّا يَعۡلَمُونَ</textIndopak>
    <translations>
      <translation>
        <author>King Fahad Quran Complex</author>
        <text>Sekali-kali tidak! Sesungguhnya Kami ciptakan mereka dari apa yang mereka ketahui (air mani).</text>
      </translation>
    </translations>
    <rules>[{"start": 12, "end": 15, "rule_id": 0}, {"start": 30, "end": 33, "rule_id": 0}, {"start": 33, "end": 36, "rule_id": 0}, {"start": 21, "end": 23, "rule_id": 1}, {"start": 28, "end": 33, "rule_id": 4}]</rules>
  </verse>
  <verse>
    <verseIdArabic>٤٠</verseIdArabic>
    <verseId>40</verseId>
    <chapterId>70</chapterId>
    <textIndopak>فَلَآ أُقۡسِمُ بِرَبِّ ٱلۡمَشَٰرِقِ وَٱلۡمَغَٰرِبِ إِنَّا لَقَٰدِرُونَ</textIndopak>
    <translations>
      <translation>
        <author>King Fahad Quran Complex</author>
        <text>Maka aku bersumpah dengan Tuhan Yang mengatur tempat terbit dan terbenamnya matahari, bulan, dan bintang; sesungguhnya Kami benar-benar Maha Kuasa.</text>
      </translation>
    </translations>
    <rules>[{"start": 54, "end": 57, "rule_id": 0}, {"start": 9, "end": 11, "rule_id": 1}]</rules>
  </verse>
  <verse>
    <verseIdArabic>٤١</verseIdArabic>
    <verseId>41</verseId>
    <chapterId>70</chapterId>
    <textIndopak>عَلَىٰٓ أَن نُّبَدِّلَ خَيۡرٗا مِّنۡهُمۡ وَمَا نَحۡنُ بِمَسۡبُوقِينَ</textIndopak>
    <translations>
      <translation>
        <author>King Fahad Quran Complex</author>
        <text>Untuk mengganti (mereka) dengan kaum yang lebih baik dari mereka, dan Kami sekali-kali tidak dapat dikalahkan.</text>
      </translation>
    </translations>
    <rules>[{"start": 12, "end": 15, "rule_id": 0}, {"start": 31, "end": 34, "rule_id": 0}, {"start": 10, "end": 15, "rule_id": 3}, {"start": 27, "end": 34, "rule_id": 3}]</rules>
  </verse>
  <verse>
    <verseIdArabic>٤٢</verseIdArabic>
    <verseId>42</verseId>
    <chapterId>70</chapterId>
    <textIndopak>فَذَرۡهُمۡ يَخُوضُواْ وَيَلۡعَبُواْ حَتَّىٰ يُلَٰقُواْ يَوۡمَهُمُ ٱلَّذِي يُوعَدُونَ</textIndopak>
    <translations>
      <translation>
        <author>King Fahad Quran Complex</author>
        <text>Maka biarkanlah mereka tenggelam (dalam kebatilan) dan bermain-main sampai mereka menjumpai hari yang diancamkan kepada mereka,</text>
      </translation>
    </translations>
  </verse>
  <verse>
    <verseIdArabic>٤٣</verseIdArabic>
    <verseId>43</verseId>
    <chapterId>70</chapterId>
    <textIndopak>يَوۡمَ يَخۡرُجُونَ مِنَ ٱلۡأَجۡدَاثِ سِرَاعٗا كَأَنَّهُمۡ إِلَىٰ نُصُبٖ يُوفِضُونَ</textIndopak>
    <translations>
      <translation>
        <author>King Fahad Quran Complex</author>
        <text>(yaitu) pada hari mereka keluar dari kubur dengan cepat seakan-akan mereka pergi dengan segera kepada berhala-berhala (sewaktu di dunia),</text>
      </translation>
    </translations>
    <rules>[{"start": 50, "end": 53, "rule_id": 0}, {"start": 29, "end": 31, "rule_id": 1}, {"start": 69, "end": 74, "rule_id": 3}]</rules>
  </verse>
  <verse>
    <verseIdArabic>٤٤</verseIdArabic>
    <verseId>44</verseId>
    <chapterId>70</chapterId>
    <textIndopak>خَٰشِعَةً أَبۡصَٰرُهُمۡ تَرۡهَقُهُمۡ ذِلَّةٞۚ ذَٰلِكَ ٱلۡيَوۡمُ ٱلَّذِي كَانُواْ يُوعَدُونَ</textIndopak>
    <translations>
      <translation>
        <author>King Fahad Quran Complex</author>
        <text>dalam keadaan mereka menekurkan pandangannya (serta) diliputi kehinaan. Itulah hari yang dahulunya diancamkan kepada mereka.</text>
      </translation>
    </translations>
    <rules>[{"start": 12, "end": 14, "rule_id": 1}]</rules>
  </verse>
</verses>
