<?xml version="1.0" encoding="UTF-8"?>

<verses>
  <verse>
    <verseIdArabic>١</verseIdArabic>
    <verseId>1</verseId>
    <chapterId>72</chapterId>
    <textIndopak>قُلۡ أُوحِيَ إِلَيَّ أَنَّهُ ٱسۡتَمَعَ نَفَرٞ مِّنَ ٱلۡجِنِّ فَقَالُوٓاْ إِنَّا سَمِعۡنَا قُرۡءَانًا عَجَبٗا</textIndopak>
    <translations>
      <translation>
        <author>King Fahad Quran Complex</author>
        <text>Katakanlah (hai Muhammad), "Telah diwahyukan kepadaku bahwasanya sekumpulan jin telah mendengarkan (Al-Qur`ān), lalu mereka berkata, "Sesungguhnya kami telah mendengarkan Al-Qur`ān yang menakjubkan,</text>
      </translation>
    </translations>
    <rules>[{"start": 23, "end": 26, "rule_id": 0}, {"start": 46, "end": 49, "rule_id": 0}, {"start": 57, "end": 60, "rule_id": 0}, {"start": 75, "end": 78, "rule_id": 0}, {"start": 43, "end": 49, "rule_id": 3}]</rules>
  </verse>
  <verse>
    <verseIdArabic>٢</verseIdArabic>
    <verseId>2</verseId>
    <chapterId>72</chapterId>
    <textIndopak>يَهۡدِيٓ إِلَى ٱلرُّشۡدِ فَـَٔامَنَّا بِهِۦۖ وَلَن نُّشۡرِكَ بِرَبِّنَآ أَحَدٗا</textIndopak>
    <translations>
      <translation>
        <author>King Fahad Quran Complex</author>
        <text>(yang) memberi petunjuk kapada jalan yang benar, lalu kami beriman kepadanya. Dan kami sekali-kali tidak akan mempersekutukan seorang pun dengan Tuhan kami,</text>
      </translation>
    </translations>
    <rules>[{"start": 33, "end": 36, "rule_id": 0}, {"start": 52, "end": 55, "rule_id": 0}, {"start": 50, "end": 55, "rule_id": 3}]</rules>
  </verse>
  <verse>
    <verseIdArabic>٣</verseIdArabic>
    <verseId>3</verseId>
    <chapterId>72</chapterId>
    <textIndopak>وَأَنَّهُۥ تَعَٰلَىٰ جَدُّ رَبِّنَا مَا ٱتَّخَذَ صَٰحِبَةٗ وَلَا وَلَدٗا</textIndopak>
    <translations>
      <translation>
        <author>King Fahad Quran Complex</author>
        <text>dan bahwasanya Maha Tinggi kebesaran Tuhan kami, Dia tidak beristri dan tidak (pula) beranak.</text>
      </translation>
    </translations>
    <rules>[{"start": 4, "end": 7, "rule_id": 0}, {"start": 56, "end": 61, "rule_id": 3}]</rules>
  </verse>
  <verse>
    <verseIdArabic>٤</verseIdArabic>
    <verseId>4</verseId>
    <chapterId>72</chapterId>
    <textIndopak>وَأَنَّهُۥ كَانَ يَقُولُ سَفِيهُنَا عَلَى ٱللَّهِ شَطَطٗا</textIndopak>
    <translations>
      <translation>
        <author>King Fahad Quran Complex</author>
        <text>Dan bahwasanya orang yang kurang akal dari kami selalu mengatakan (perkataan) yang melampaui batas terhadap Allah,</text>
      </translation>
    </translations>
    <rules>[{"start": 4, "end": 7, "rule_id": 0}]</rules>
  </verse>
  <verse>
    <verseIdArabic>٥</verseIdArabic>
    <verseId>5</verseId>
    <chapterId>72</chapterId>
    <textIndopak>وَأَنَّا ظَنَنَّآ أَن لَّن تَقُولَ ٱلۡإِنسُ وَٱلۡجِنُّ عَلَى ٱللَّهِ كَذِبٗا</textIndopak>
    <translations>
      <translation>
        <author>King Fahad Quran Complex</author>
        <text>dan sesungguhnya kami mengira bahwa manusia dan jin sekali-kali tidak akan mengatakan perkataan yang dusta terhadap Allah.</text>
      </translation>
    </translations>
    <rules>[{"start": 4, "end": 7, "rule_id": 0}, {"start": 13, "end": 16, "rule_id": 0}, {"start": 52, "end": 55, "rule_id": 0}, {"start": 21, "end": 26, "rule_id": 5}, {"start": 26, "end": 30, "rule_id": 6}, {"start": 41, "end": 44, "rule_id": 6}]</rules>
  </verse>
  <verse>
    <verseIdArabic>٦</verseIdArabic>
    <verseId>6</verseId>
    <chapterId>72</chapterId>
    <textIndopak>وَأَنَّهُۥ كَانَ رِجَالٞ مِّنَ ٱلۡإِنسِ يَعُوذُونَ بِرِجَالٖ مِّنَ ٱلۡجِنِّ فَزَادُوهُمۡ رَهَقٗا</textIndopak>
    <translations>
      <translation>
        <author>King Fahad Quran Complex</author>
        <text>Dan bahwasanya ada beberapa orang laki-laki di antara manusia meminta perlindungan kepada beberapa laki-laki di antara jin, maka jin-jin itu menambah bagi mereka dosa dan kesalahan.</text>
      </translation>
    </translations>
    <rules>[{"start": 4, "end": 7, "rule_id": 0}, {"start": 25, "end": 28, "rule_id": 0}, {"start": 61, "end": 64, "rule_id": 0}, {"start": 72, "end": 75, "rule_id": 0}, {"start": 22, "end": 28, "rule_id": 3}, {"start": 58, "end": 64, "rule_id": 3}, {"start": 36, "end": 39, "rule_id": 6}]</rules>
  </verse>
  <verse>
    <verseIdArabic>٧</verseIdArabic>
    <verseId>7</verseId>
    <chapterId>72</chapterId>
    <textIndopak>وَأَنَّهُمۡ ظَنُّواْ كَمَا ظَنَنتُمۡ أَن لَّن يَبۡعَثَ ٱللَّهُ أَحَدٗا</textIndopak>
    <translations>
      <translation>
        <author>King Fahad Quran Complex</author>
        <text>Dan sesungguhnya mereka (jin) menyangka sebagaimana persangkaan kamu (orang-orang kafir Mekah), bahwa Allah sekali-kali tidak akan membangkitkan seorang (rasul) pun,</text>
      </translation>
    </translations>
    <rules>[{"start": 4, "end": 7, "rule_id": 0}, {"start": 14, "end": 17, "rule_id": 0}, {"start": 48, "end": 50, "rule_id": 1}, {"start": 44, "end": 48, "rule_id": 3}, {"start": 39, "end": 44, "rule_id": 5}, {"start": 31, "end": 34, "rule_id": 6}]</rules>
  </verse>
  <verse>
    <verseIdArabic>٨</verseIdArabic>
    <verseId>8</verseId>
    <chapterId>72</chapterId>
    <textIndopak>وَأَنَّا لَمَسۡنَا ٱلسَّمَآءَ فَوَجَدۡنَٰهَا مُلِئَتۡ حَرَسٗا شَدِيدٗا وَشُهُبٗا</textIndopak>
    <translations>
      <translation>
        <author>King Fahad Quran Complex</author>
        <text>dan sesungguhnya kami telah mencoba mengetahui (rahasia) langit, maka kami mendapatinya penuh dengan penjagaan yang kuat dan panah-panah api,</text>
      </translation>
    </translations>
    <rules>[{"start": 4, "end": 7, "rule_id": 0}, {"start": 37, "end": 39, "rule_id": 1}, {"start": 68, "end": 74, "rule_id": 3}]</rules>
  </verse>
  <verse>
    <verseIdArabic>٩</verseIdArabic>
    <verseId>9</verseId>
    <chapterId>72</chapterId>
    <textIndopak>وَأَنَّا كُنَّا نَقۡعُدُ مِنۡهَا مَقَٰعِدَ لِلسَّمۡعِۖ فَمَن يَسۡتَمِعِ ٱلۡأٓنَ يَجِدۡ لَهُۥ شِهَابٗا رَّصَدٗا</textIndopak>
    <translations>
      <translation>
        <author>King Fahad Quran Complex</author>
        <text>dan sesungguhnya kami dahulu dapat menduduki beberapa tempat di langit itu untuk mendengar-dengarkan (berita-beritanya). Tetapi sekarang barang siapa yang (mencoba) mendengar-dengarkan (seperti itu), tentu akan menjumpai panah api yang mengintai (untuk membakarnya).</text>
      </translation>
    </translations>
    <rules>[{"start": 4, "end": 7, "rule_id": 0}, {"start": 11, "end": 14, "rule_id": 0}, {"start": 18, "end": 20, "rule_id": 1}, {"start": 86, "end": 88, "rule_id": 1}, {"start": 60, "end": 64, "rule_id": 3}, {"start": 100, "end": 107, "rule_id": 5}]</rules>
  </verse>
  <verse>
    <verseIdArabic>١٠</verseIdArabic>
    <verseId>10</verseId>
    <chapterId>72</chapterId>
    <textIndopak>وَأَنَّا لَا نَدۡرِيٓ أَشَرٌّ أُرِيدَ بِمَن فِي ٱلۡأَرۡضِ أَمۡ أَرَادَ بِهِمۡ رَبُّهُمۡ رَشَدٗا</textIndopak>
    <translations>
      <translation>
        <author>King Fahad Quran Complex</author>
        <text>Dan sesungguhnya kami tidak mengetahui (dengan adanya penjagaan itu), apakah keburukan yang dikehendaki bagi orang yang di bumi ataukah Tuhan mereka menghendaki kebaikan bagi mereka.</text>
      </translation>
    </translations>
    <rules>[{"start": 4, "end": 7, "rule_id": 0}, {"start": 15, "end": 17, "rule_id": 1}, {"start": 42, "end": 46, "rule_id": 6}]</rules>
  </verse>
  <verse>
    <verseIdArabic>١١</verseIdArabic>
    <verseId>11</verseId>
    <chapterId>72</chapterId>
    <textIndopak>وَأَنَّا مِنَّا ٱلصَّٰلِحُونَ وَمِنَّا دُونَ ذَٰلِكَۖ كُنَّا طَرَآئِقَ قِدَدٗا</textIndopak>
    <translations>
      <translation>
        <author>King Fahad Quran Complex</author>
        <text>Dan sesungguhnya di antara kami ada orang-orang yang saleh dan di antara kami ada (pula) yang tidak demikian halnya. Adalah kami menempuh jalan yang berbeda-beda.</text>
      </translation>
    </translations>
    <rules>[{"start": 4, "end": 7, "rule_id": 0}, {"start": 11, "end": 14, "rule_id": 0}, {"start": 34, "end": 37, "rule_id": 0}, {"start": 57, "end": 60, "rule_id": 0}]</rules>
  </verse>
  <verse>
    <verseIdArabic>١٢</verseIdArabic>
    <verseId>12</verseId>
    <chapterId>72</chapterId>
    <textIndopak>وَأَنَّا ظَنَنَّآ أَن لَّن نُّعۡجِزَ ٱللَّهَ فِي ٱلۡأَرۡضِ وَلَن نُّعۡجِزَهُۥ هَرَبٗا</textIndopak>
    <translations>
      <translation>
        <author>King Fahad Quran Complex</author>
        <text>Dan sesungguhnya kami mengetahui bahwa kami sekali-kali tidak akan dapat melepaskan diri (dari kekuasaan) Allah di muka bumi dan sekali-kali tidak (pula) dapat melepaskan diri (dari)-Nya dengan lari.</text>
      </translation>
    </translations>
    <rules>[{"start": 4, "end": 7, "rule_id": 0}, {"start": 13, "end": 16, "rule_id": 0}, {"start": 28, "end": 31, "rule_id": 0}, {"start": 66, "end": 69, "rule_id": 0}, {"start": 26, "end": 31, "rule_id": 3}, {"start": 64, "end": 69, "rule_id": 3}, {"start": 21, "end": 26, "rule_id": 5}]</rules>
  </verse>
  <verse>
    <verseIdArabic>١٣</verseIdArabic>
    <verseId>13</verseId>
    <chapterId>72</chapterId>
    <textIndopak>وَأَنَّا لَمَّا سَمِعۡنَا ٱلۡهُدَىٰٓ ءَامَنَّا بِهِۦۖ فَمَن يُؤۡمِنۢ بِرَبِّهِۦ فَلَا يَخَافُ بَخۡسٗا وَلَا رَهَقٗا</textIndopak>
    <translations>
      <translation>
        <author>King Fahad Quran Complex</author>
        <text>Dan sesungguhnya kami tatkala mendengar petunjuk (Al-Qur`ān), kami beriman kepadanya. Barang siapa beriman kepada Tuhan-nya, maka ia tidak takut akan pengurangan pahala dan tidak (takut pula) akan penambahan dosa dan kesalahan.</text>
      </translation>
    </translations>
    <rules>[{"start": 4, "end": 7, "rule_id": 0}, {"start": 11, "end": 14, "rule_id": 0}, {"start": 42, "end": 45, "rule_id": 0}, {"start": 67, "end": 72, "rule_id": 2}, {"start": 59, "end": 63, "rule_id": 3}, {"start": 99, "end": 105, "rule_id": 3}]</rules>
  </verse>
  <verse>
    <verseIdArabic>١٤</verseIdArabic>
    <verseId>14</verseId>
    <chapterId>72</chapterId>
    <textIndopak>وَأَنَّا مِنَّا ٱلۡمُسۡلِمُونَ وَمِنَّا ٱلۡقَٰسِطُونَۖ فَمَنۡ أَسۡلَمَ فَأُوْلَٰٓئِكَ تَحَرَّوۡاْ رَشَدٗا</textIndopak>
    <translations>
      <translation>
        <author>King Fahad Quran Complex</author>
        <text>Dan sesungguhnya di antara kami ada orang-orang yang taat dan ada (pula) orang-orang yang menyimpang dari kebenaran. Barang siapa yang yang taat, maka mereka itu benar-benar telah memilih jalan yang lurus.</text>
      </translation>
    </translations>
    <rules>[{"start": 4, "end": 7, "rule_id": 0}, {"start": 11, "end": 14, "rule_id": 0}, {"start": 35, "end": 38, "rule_id": 0}]</rules>
  </verse>
  <verse>
    <verseIdArabic>١٥</verseIdArabic>
    <verseId>15</verseId>
    <chapterId>72</chapterId>
    <textIndopak>وَأَمَّا ٱلۡقَٰسِطُونَ فَكَانُواْ لِجَهَنَّمَ حَطَبٗا</textIndopak>
    <translations>
      <translation>
        <author>King Fahad Quran Complex</author>
        <text>Adapun orang-orang yang menyimpang dari kebenaran, maka mereka menjadi kayu api bagi neraka Jahanam".</text>
      </translation>
    </translations>
    <rules>[{"start": 4, "end": 7, "rule_id": 0}, {"start": 40, "end": 43, "rule_id": 0}]</rules>
  </verse>
  <verse>
    <verseIdArabic>١٦</verseIdArabic>
    <verseId>16</verseId>
    <chapterId>72</chapterId>
    <textIndopak>وَأَلَّوِ ٱسۡتَقَٰمُواْ عَلَى ٱلطَّرِيقَةِ لَأَسۡقَيۡنَٰهُم مَّآءً غَدَقٗا</textIndopak>
    <translations>
      <translation>
        <author>King Fahad Quran Complex</author>
        <text>Dan bahwasanya, jikalau mereka tetap berjalan lurus di atas jalan itu (agama Islam), benar-benar Kami akan memberi minum kepada mereka air yang segar (rezeki yang banyak).</text>
      </translation>
    </translations>
    <rules>[{"start": 60, "end": 63, "rule_id": 0}, {"start": 58, "end": 63, "rule_id": 4}]</rules>
  </verse>
  <verse>
    <verseIdArabic>١٧</verseIdArabic>
    <verseId>17</verseId>
    <chapterId>72</chapterId>
    <textIndopak>لِّنَفۡتِنَهُمۡ فِيهِۚ وَمَن يُعۡرِضۡ عَن ذِكۡرِ رَبِّهِۦ يَسۡلُكۡهُ عَذَابٗا صَعَدٗا</textIndopak>
    <translations>
      <translation>
        <author>King Fahad Quran Complex</author>
        <text>Untuk Kami beri cobaan kepada mereka padanya. Dan barang siapa yang berpaling dari peringatan Tuhan-nya, niscaya akan dimasukkan-Nya ke dalam azab yang amat berat.</text>
      </translation>
    </translations>
    <rules>[{"start": 28, "end": 32, "rule_id": 3}, {"start": 41, "end": 45, "rule_id": 6}]</rules>
  </verse>
  <verse>
    <verseIdArabic>١٨</verseIdArabic>
    <verseId>18</verseId>
    <chapterId>72</chapterId>
    <textIndopak>وَأَنَّ ٱلۡمَسَٰجِدَ لِلَّهِ فَلَا تَدۡعُواْ مَعَ ٱللَّهِ أَحَدٗا</textIndopak>
    <translations>
      <translation>
        <author>King Fahad Quran Complex</author>
        <text>Dan sesungguhnya masjid-masjid itu adalah kepunyaan Allah. Maka janganlah kamu menyembah seseorang pun di dalamnya di samping (menyembah) Allah.</text>
      </translation>
    </translations>
    <rules>[{"start": 4, "end": 7, "rule_id": 0}, {"start": 37, "end": 39, "rule_id": 1}]</rules>
  </verse>
  <verse>
    <verseIdArabic>١٩</verseIdArabic>
    <verseId>19</verseId>
    <chapterId>72</chapterId>
    <textIndopak>وَأَنَّهُۥ لَمَّا قَامَ عَبۡدُ ٱللَّهِ يَدۡعُوهُ كَادُواْ يَكُونُونَ عَلَيۡهِ لِبَدٗا</textIndopak>
    <translations>
      <translation>
        <author>King Fahad Quran Complex</author>
        <text>Dan bahwasanya tatkala hamba Allah (Muhammad) berdiri menyembah-Nya (mengerjakan ibadah), hampir saja jin-jin itu berdesakan mengerumuninya.</text>
      </translation>
    </translations>
    <rules>[{"start": 4, "end": 7, "rule_id": 0}, {"start": 13, "end": 16, "rule_id": 0}, {"start": 26, "end": 28, "rule_id": 1}, {"start": 41, "end": 43, "rule_id": 1}]</rules>
  </verse>
  <verse>
    <verseIdArabic>٢٠</verseIdArabic>
    <verseId>20</verseId>
    <chapterId>72</chapterId>
    <textIndopak>قُلۡ إِنَّمَآ أَدۡعُواْ رَبِّي وَلَآ أُشۡرِكُ بِهِۦٓ أَحَدٗا</textIndopak>
    <translations>
      <translation>
        <author>King Fahad Quran Complex</author>
        <text>Katakanlah, "Sesungguhnya aku hanya menyembah Tuhan-ku dan aku tidak mempersekutukan sesuatupun dengan-Nya".</text>
      </translation>
    </translations>
    <rules>[{"start": 7, "end": 10, "rule_id": 0}, {"start": 17, "end": 19, "rule_id": 1}]</rules>
  </verse>
  <verse>
    <verseIdArabic>٢١</verseIdArabic>
    <verseId>21</verseId>
    <chapterId>72</chapterId>
    <textIndopak>قُلۡ إِنِّي لَآ أَمۡلِكُ لَكُمۡ ضَرّٗا وَلَا رَشَدٗا</textIndopak>
    <translations>
      <translation>
        <author>King Fahad Quran Complex</author>
        <text>Katakanlah, "Sesungguhnya aku tidak kuasa mendatangkan sesuatu kemudaratan pun kepadamu dan tidak (pula) suatu kemanfaatan".</text>
      </translation>
    </translations>
    <rules>[{"start": 7, "end": 10, "rule_id": 0}, {"start": 35, "end": 42, "rule_id": 3}]</rules>
  </verse>
  <verse>
    <verseIdArabic>٢٢</verseIdArabic>
    <verseId>22</verseId>
    <chapterId>72</chapterId>
    <textIndopak>قُلۡ إِنِّي لَن يُجِيرَنِي مِنَ ٱللَّهِ أَحَدٞ وَلَنۡ أَجِدَ مِن دُونِهِۦ مُلۡتَحَدًا</textIndopak>
    <translations>
      <translation>
        <author>King Fahad Quran Complex</author>
        <text>Katakanlah, "Sesungguhnya aku sekali-kali tiada seorang pun yang dapat melindungiku dari (azab) Allah dan sekali-kali tiada akan memperoleh tempat berlindung selain dari-Nya.</text>
      </translation>
    </translations>
    <rules>[{"start": 7, "end": 10, "rule_id": 0}, {"start": 14, "end": 18, "rule_id": 3}, {"start": 44, "end": 49, "rule_id": 3}, {"start": 63, "end": 67, "rule_id": 6}]</rules>
  </verse>
  <verse>
    <verseIdArabic>٢٣</verseIdArabic>
    <verseId>23</verseId>
    <chapterId>72</chapterId>
    <textIndopak>إِلَّا بَلَٰغٗا مِّنَ ٱللَّهِ وَرِسَٰلَٰتِهِۦۚ وَمَن يَعۡصِ ٱللَّهَ وَرَسُولَهُۥ فَإِنَّ لَهُۥ نَارَ جَهَنَّمَ خَٰلِدِينَ فِيهَآ أَبَدًا</textIndopak>
    <translations>
      <translation>
        <author>King Fahad Quran Complex</author>
        <text>Akan tetapi, (aku hanya) menyampaikan (peringatan) dari Allah dan risalah-Nya. Dan barang siapa yang mendurhakai Allah dan rasul-Nya, maka sesungguhnya baginyalah neraka Jahanam, mereka kekal di dalamnya selama-lamanya.</text>
      </translation>
    </translations>
    <rules>[{"start": 16, "end": 19, "rule_id": 0}, {"start": 86, "end": 89, "rule_id": 0}, {"start": 106, "end": 109, "rule_id": 0}, {"start": 52, "end": 56, "rule_id": 3}, {"start": 12, "end": 19, "rule_id": 3}]</rules>
  </verse>
  <verse>
    <verseIdArabic>٢٤</verseIdArabic>
    <verseId>24</verseId>
    <chapterId>72</chapterId>
    <textIndopak>حَتَّىٰٓ إِذَا رَأَوۡاْ مَا يُوعَدُونَ فَسَيَعۡلَمُونَ مَنۡ أَضۡعَفُ نَاصِرٗا وَأَقَلُّ عَدَدٗا</textIndopak>
    <translations>
      <translation>
        <author>King Fahad Quran Complex</author>
        <text>Sehingga apabila mereka melihat azab yang diancamkan kepada mereka, maka mereka akan mengetahui siapakah yang lebih lemah penolongnya dan lebih sedikit bilangannya".</text>
      </translation>
    </translations>
    <rules>[{"start": 74, "end": 80, "rule_id": 3}]</rules>
  </verse>
  <verse>
    <verseIdArabic>٢٥</verseIdArabic>
    <verseId>25</verseId>
    <chapterId>72</chapterId>
    <textIndopak>قُلۡ إِنۡ أَدۡرِيٓ أَقَرِيبٞ مَّا تُوعَدُونَ أَمۡ يَجۡعَلُ لَهُۥ رَبِّيٓ أَمَدًا</textIndopak>
    <translations>
      <translation>
        <author>King Fahad Quran Complex</author>
        <text>Katakanlah, "Aku tidak mengetahui, apakah azab yang diancamkan kepadamu itu dekat ataukah Tuhan-ku menjadikan bagi (kedatangan) azab itu masa yang panjang?</text>
      </translation>
    </translations>
    <rules>[{"start": 29, "end": 32, "rule_id": 0}, {"start": 12, "end": 14, "rule_id": 1}, {"start": 52, "end": 54, "rule_id": 1}, {"start": 26, "end": 32, "rule_id": 3}]</rules>
  </verse>
  <verse>
    <verseIdArabic>٢٦</verseIdArabic>
    <verseId>26</verseId>
    <chapterId>72</chapterId>
    <textIndopak>عَٰلِمُ ٱلۡغَيۡبِ فَلَا يُظۡهِرُ عَلَىٰ غَيۡبِهِۦٓ أَحَدًا</textIndopak>
    <translations>
      <translation>
        <author>King Fahad Quran Complex</author>
        <text>(Dia adalah Tuhan) Yang Mengetahui yang gaib, maka Dia tidak memperlihatkan kepada seorang pun tentang yang gaib itu.</text>
      </translation>
    </translations>
  </verse>
  <verse>
    <verseIdArabic>٢٧</verseIdArabic>
    <verseId>27</verseId>
    <chapterId>72</chapterId>
    <textIndopak>إِلَّا مَنِ ٱرۡتَضَىٰ مِن رَّسُولٖ فَإِنَّهُۥ يَسۡلُكُ مِنۢ بَيۡنِ يَدَيۡهِ وَمِنۡ خَلۡفِهِۦ رَصَدٗا</textIndopak>
    <translations>
      <translation>
        <author>King Fahad Quran Complex</author>
        <text>Kecuali kepada rasul yang diridai-Nya, maka sesungguhnya Dia mengadakan penjaga-penjaga (malaikat) di muka dan di belakangnya.</text>
      </translation>
    </translations>
    <rules>[{"start": 39, "end": 42, "rule_id": 0}, {"start": 57, "end": 62, "rule_id": 2}, {"start": 24, "end": 29, "rule_id": 5}, {"start": 32, "end": 37, "rule_id": 6}]</rules>
  </verse>
  <verse>
    <verseIdArabic>٢٨</verseIdArabic>
    <verseId>28</verseId>
    <chapterId>72</chapterId>
    <textIndopak>لِّيَعۡلَمَ أَن قَدۡ أَبۡلَغُواْ رِسَٰلَٰتِ رَبِّهِمۡ وَأَحَاطَ بِمَا لَدَيۡهِمۡ وَأَحۡصَىٰ كُلَّ شَيۡءٍ عَدَدَۢا</textIndopak>
    <translations>
      <translation>
        <author>King Fahad Quran Complex</author>
        <text>Supaya Dia mengetahui, bahwa sesungguhnya rasul-rasul itu telah menyampaikan risalah-risalah Tuhan-nya, sedang (sebenarnya) ilmu-Nya meliputi apa yang ada pada mereka, dan Dia menghitung segala sesuatu satu persatu.</text>
      </translation>
    </translations>
    <rules>[{"start": 18, "end": 20, "rule_id": 1}, {"start": 23, "end": 25, "rule_id": 1}, {"start": 14, "end": 18, "rule_id": 6}]</rules>
  </verse>
</verses>
