<?xml version="1.0" encoding="UTF-8"?>

<verses>
  <verse>
    <verseIdArabic>١</verseIdArabic>
    <verseId>1</verseId>
    <chapterId>78</chapterId>
    <textIndopak>عَمَّ يَتَسَآءَلُونَ</textIndopak>
    <translations>
      <translation>
        <author>King Fahad Quran Complex</author>
        <text>Tentang apakah mereka saling bertanya-tanya?</text>
      </translation>
    </translations>
    <rules>[{"start": 2, "end": 5, "rule_id": 0}]</rules>
  </verse>
  <verse>
    <verseIdArabic>٢</verseIdArabic>
    <verseId>2</verseId>
    <chapterId>78</chapterId>
    <textIndopak>عَنِ ٱلنَّبَإِ ٱلۡعَظِيمِ</textIndopak>
    <translations>
      <translation>
        <author>King Fahad Quran Complex</author>
        <text>Tentang berita yang besar,</text>
      </translation>
    </translations>
    <rules>[{"start": 7, "end": 10, "rule_id": 0}]</rules>
  </verse>
  <verse>
    <verseIdArabic>٣</verseIdArabic>
    <verseId>3</verseId>
    <chapterId>78</chapterId>
    <textIndopak>ٱلَّذِي هُمۡ فِيهِ مُخۡتَلِفُونَ</textIndopak>
    <translations>
      <translation>
        <author>King Fahad Quran Complex</author>
        <text>yang mereka perselisihkan tentang ini.</text>
      </translation>
    </translations>
  </verse>
  <verse>
    <verseIdArabic>٤</verseIdArabic>
    <verseId>4</verseId>
    <chapterId>78</chapterId>
    <textIndopak>كـَلَّا سَيَعۡلَمُونَ</textIndopak>
    <translations>
      <translation>
        <author>King Fahad Quran Complex</author>
        <text>Sekali-kali tidak; kelak mereka akan mengetahui,</text>
      </translation>
    </translations>
  </verse>
  <verse>
    <verseIdArabic>٥</verseIdArabic>
    <verseId>5</verseId>
    <chapterId>78</chapterId>
    <textIndopak>ثُمَّ كـَلَّا سَيَعۡلَمُونَ</textIndopak>
    <translations>
      <translation>
        <author>King Fahad Quran Complex</author>
        <text>kemudian sekali-kali tidak; kelak mereka akan mengetahui.</text>
      </translation>
    </translations>
    <rules>[{"start": 2, "end": 5, "rule_id": 0}]</rules>
  </verse>
  <verse>
    <verseIdArabic>٦</verseIdArabic>
    <verseId>6</verseId>
    <chapterId>78</chapterId>
    <textIndopak>أَلَمۡ نَجۡعَلِ ٱلۡأَرۡضَ مِهَٰدٗا</textIndopak>
    <translations>
      <translation>
        <author>King Fahad Quran Complex</author>
        <text>Bukankah Kami telah menjadikan bumi itu sebagai hamparan,</text>
      </translation>
    </translations>
    <rules>[{"start": 9, "end": 11, "rule_id": 1}]</rules>
  </verse>
  <verse>
    <verseIdArabic>٧</verseIdArabic>
    <verseId>7</verseId>
    <chapterId>78</chapterId>
    <textIndopak>وَٱلۡجِبَالَ أَوۡتَادٗا</textIndopak>
    <translations>
      <translation>
        <author>King Fahad Quran Complex</author>
        <text>dan gunung-gunung sebagai pasak?,</text>
      </translation>
    </translations>
  </verse>
  <verse>
    <verseIdArabic>٨</verseIdArabic>
    <verseId>8</verseId>
    <chapterId>78</chapterId>
    <textIndopak>وَخَلَقۡنَٰكُمۡ أَزۡوَٰجٗا</textIndopak>
    <translations>
      <translation>
        <author>King Fahad Quran Complex</author>
        <text>dan Kami jadikan kamu berpasang-pasangan,</text>
      </translation>
    </translations>
    <rules>[{"start": 6, "end": 8, "rule_id": 1}]</rules>
  </verse>
  <verse>
    <verseIdArabic>٩</verseIdArabic>
    <verseId>9</verseId>
    <chapterId>78</chapterId>
    <textIndopak>وَجَعَلۡنَا نَوۡمَكُمۡ سُبَاتٗا</textIndopak>
    <translations>
      <translation>
        <author>King Fahad Quran Complex</author>
        <text>dan Kami jadikan tidurmu untuk istirahat,</text>
      </translation>
    </translations>
  </verse>
  <verse>
    <verseIdArabic>١٠</verseIdArabic>
    <verseId>10</verseId>
    <chapterId>78</chapterId>
    <textIndopak>وَجَعَلۡنَا ٱلَّيۡلَ لِبَاسٗا</textIndopak>
    <translations>
      <translation>
        <author>King Fahad Quran Complex</author>
        <text>dan Kami jadikan malam sebagai pakaian,</text>
      </translation>
    </translations>
  </verse>
  <verse>
    <verseIdArabic>١١</verseIdArabic>
    <verseId>11</verseId>
    <chapterId>78</chapterId>
    <textIndopak>وَجَعَلۡنَا ٱلنَّهَارَ مَعَاشٗا</textIndopak>
    <translations>
      <translation>
        <author>King Fahad Quran Complex</author>
        <text>dan Kami jadikan siang untuk mencari penghidupan,</text>
      </translation>
    </translations>
    <rules>[{"start": 14, "end": 17, "rule_id": 0}]</rules>
  </verse>
  <verse>
    <verseIdArabic>١٢</verseIdArabic>
    <verseId>12</verseId>
    <chapterId>78</chapterId>
    <textIndopak>وَبَنَيۡنَا فَوۡقَكُمۡ سَبۡعٗا شِدَادٗا</textIndopak>
    <translations>
      <translation>
        <author>King Fahad Quran Complex</author>
        <text>dan Kami bina di atas kamu tujuh buah (langit) yang kukuh,</text>
      </translation>
    </translations>
    <rules>[{"start": 25, "end": 27, "rule_id": 1}]</rules>
  </verse>
  <verse>
    <verseIdArabic>١٣</verseIdArabic>
    <verseId>13</verseId>
    <chapterId>78</chapterId>
    <textIndopak>وَجَعَلۡنَا سِرَاجٗا وَهَّاجٗا</textIndopak>
    <translations>
      <translation>
        <author>King Fahad Quran Complex</author>
        <text>dan Kami jadikan pelita yang amat terang (matahari),</text>
      </translation>
    </translations>
    <rules>[{"start": 17, "end": 23, "rule_id": 3}]</rules>
  </verse>
  <verse>
    <verseIdArabic>١٤</verseIdArabic>
    <verseId>14</verseId>
    <chapterId>78</chapterId>
    <textIndopak>وَأَنزَلۡنَا مِنَ ٱلۡمُعۡصِرَٰتِ مَآءٗ ثَجَّاجٗا</textIndopak>
    <translations>
      <translation>
        <author>King Fahad Quran Complex</author>
        <text>dan Kami turunkan dari awan air yang banyak tercurah,</text>
      </translation>
    </translations>
    <rules>[{"start": 4, "end": 7, "rule_id": 6}, {"start": 37, "end": 42, "rule_id": 6}]</rules>
  </verse>
  <verse>
    <verseIdArabic>١٥</verseIdArabic>
    <verseId>15</verseId>
    <chapterId>78</chapterId>
    <textIndopak>لِّنُخۡرِجَ بِهِۦ حَبّٗا وَنَبَاتٗا</textIndopak>
    <translations>
      <translation>
        <author>King Fahad Quran Complex</author>
        <text>supaya Kami tumbuhkan dengan air itu biji-bijian dan tumbuh-tumbuhan,</text>
      </translation>
    </translations>
    <rules>[{"start": 20, "end": 27, "rule_id": 3}]</rules>
  </verse>
  <verse>
    <verseIdArabic>١٦</verseIdArabic>
    <verseId>16</verseId>
    <chapterId>78</chapterId>
    <textIndopak>وَجَنَّٰتٍ أَلۡفَافًا</textIndopak>
    <translations>
      <translation>
        <author>King Fahad Quran Complex</author>
        <text>dan kebun-kebun yang lebat?</text>
      </translation>
    </translations>
    <rules>[{"start": 4, "end": 8, "rule_id": 0}]</rules>
  </verse>
  <verse>
    <verseIdArabic>١٧</verseIdArabic>
    <verseId>17</verseId>
    <chapterId>78</chapterId>
    <textIndopak>إِنَّ يَوۡمَ ٱلۡفَصۡلِ كَانَ مِيقَٰتٗا</textIndopak>
    <translations>
      <translation>
        <author>King Fahad Quran Complex</author>
        <text>Sesungguhnya hari keputusan adalah suatu waktu yang ditetapkan,</text>
      </translation>
    </translations>
    <rules>[{"start": 2, "end": 5, "rule_id": 0}]</rules>
  </verse>
  <verse>
    <verseIdArabic>١٨</verseIdArabic>
    <verseId>18</verseId>
    <chapterId>78</chapterId>
    <textIndopak>يَوۡمَ يُنفَخُ فِي ٱلصُّورِ فَتَأۡتُونَ أَفۡوَاجٗا</textIndopak>
    <translations>
      <translation>
        <author>King Fahad Quran Complex</author>
        <text>yaitu hari (yang pada waktu itu) ditiup sangkakala lalu kamu datang berkelompok-kelompok,</text>
      </translation>
    </translations>
    <rules>[{"start": 9, "end": 12, "rule_id": 6}]</rules>
  </verse>
  <verse>
    <verseIdArabic>١٩</verseIdArabic>
    <verseId>19</verseId>
    <chapterId>78</chapterId>
    <textIndopak>وَفُتِحَتِ ٱلسَّمَآءُ فَكَانَتۡ أَبۡوَٰبٗا</textIndopak>
    <translations>
      <translation>
        <author>King Fahad Quran Complex</author>
        <text>dan dibukalah langit, maka terdapatlah beberapa pintu,</text>
      </translation>
    </translations>
    <rules>[{"start": 35, "end": 37, "rule_id": 1}]</rules>
  </verse>
  <verse>
    <verseIdArabic>٢٠</verseIdArabic>
    <verseId>20</verseId>
    <chapterId>78</chapterId>
    <textIndopak>وَسُيِّرَتِ ٱلۡجِبَالُ فَكَانَتۡ سَرَابًا</textIndopak>
    <translations>
      <translation>
        <author>King Fahad Quran Complex</author>
        <text>dan dijalankanlah gunung-gunung maka menjadi fatamorganalah ia.</text>
      </translation>
    </translations>
  </verse>
  <verse>
    <verseIdArabic>٢١</verseIdArabic>
    <verseId>21</verseId>
    <chapterId>78</chapterId>
    <textIndopak>إِنَّ جَهَنَّمَ كَانَتۡ مِرۡصَادٗا</textIndopak>
    <translations>
      <translation>
        <author>King Fahad Quran Complex</author>
        <text>Sesungguhnya neraka Jahanam itu (padanya) ada tempat pengintai,</text>
      </translation>
    </translations>
    <rules>[{"start": 2, "end": 5, "rule_id": 0}, {"start": 10, "end": 13, "rule_id": 0}]</rules>
  </verse>
  <verse>
    <verseIdArabic>٢٢</verseIdArabic>
    <verseId>22</verseId>
    <chapterId>78</chapterId>
    <textIndopak>لِّلطَّٰغِينَ مَـَٔابٗا</textIndopak>
    <translations>
      <translation>
        <author>King Fahad Quran Complex</author>
        <text>lagi menjadi tempat kembali bagi orang-orang yang melampaui batas,</text>
      </translation>
    </translations>
  </verse>
  <verse>
    <verseIdArabic>٢٣</verseIdArabic>
    <verseId>23</verseId>
    <chapterId>78</chapterId>
    <textIndopak>لَّٰبِثِينَ فِيهَآ أَحۡقَابٗا</textIndopak>
    <translations>
      <translation>
        <author>King Fahad Quran Complex</author>
        <text>mereka tinggal di dalamnya berabad-abad lamanya,</text>
      </translation>
    </translations>
  </verse>
  <verse>
    <verseIdArabic>٢٤</verseIdArabic>
    <verseId>24</verseId>
    <chapterId>78</chapterId>
    <textIndopak>لَّا يَذُوقُونَ فِيهَا بَرۡدٗا وَلَا شَرَابًا</textIndopak>
    <translations>
      <translation>
        <author>King Fahad Quran Complex</author>
        <text>mereka tidak merasakan kesejukan di dalamnya dan tidak (pula mendapat) minuman,</text>
      </translation>
    </translations>
    <rules>[{"start": 27, "end": 33, "rule_id": 3}]</rules>
  </verse>
  <verse>
    <verseIdArabic>٢٥</verseIdArabic>
    <verseId>25</verseId>
    <chapterId>78</chapterId>
    <textIndopak>إِلَّا حَمِيمٗا وَغَسَّاقٗا</textIndopak>
    <translations>
      <translation>
        <author>King Fahad Quran Complex</author>
        <text>selain air yang mendidih dan nanah,</text>
      </translation>
    </translations>
    <rules>[{"start": 12, "end": 18, "rule_id": 3}]</rules>
  </verse>
  <verse>
    <verseIdArabic>٢٦</verseIdArabic>
    <verseId>26</verseId>
    <chapterId>78</chapterId>
    <textIndopak>جَزَآءٗ وِفَاقًا</textIndopak>
    <translations>
      <translation>
        <author>King Fahad Quran Complex</author>
        <text>sebagai pambalasan yang setimpal.</text>
      </translation>
    </translations>
    <rules>[{"start": 6, "end": 11, "rule_id": 3}]</rules>
  </verse>
  <verse>
    <verseIdArabic>٢٧</verseIdArabic>
    <verseId>27</verseId>
    <chapterId>78</chapterId>
    <textIndopak>إِنَّهُمۡ كَانُواْ لَا يَرۡجُونَ حِسَابٗا</textIndopak>
    <translations>
      <translation>
        <author>King Fahad Quran Complex</author>
        <text>Sesungguhnya mereka tidak takut kepada hisab,</text>
      </translation>
    </translations>
    <rules>[{"start": 2, "end": 5, "rule_id": 0}]</rules>
  </verse>
  <verse>
    <verseIdArabic>٢٨</verseIdArabic>
    <verseId>28</verseId>
    <chapterId>78</chapterId>
    <textIndopak>وَكَذَّبُواْ بِـَٔايَٰتِنَا كِذَّابٗا</textIndopak>
    <translations>
      <translation>
        <author>King Fahad Quran Complex</author>
        <text>dan mereka mendustakan ayat-ayat Kami dengan sesungguh-sungguhnya.</text>
      </translation>
    </translations>
  </verse>
  <verse>
    <verseIdArabic>٢٩</verseIdArabic>
    <verseId>29</verseId>
    <chapterId>78</chapterId>
    <textIndopak>وَكُلَّ شَيۡءٍ أَحۡصَيۡنَٰهُ كِتَٰبٗا</textIndopak>
    <translations>
      <translation>
        <author>King Fahad Quran Complex</author>
        <text>Dan segala sesuatu telah Kami catat dalam suatu kitab.</text>
      </translation>
    </translations>
  </verse>
  <verse>
    <verseIdArabic>٣٠</verseIdArabic>
    <verseId>30</verseId>
    <chapterId>78</chapterId>
    <textIndopak>فَذُوقُواْ فَلَن نَّزِيدَكُمۡ إِلَّا عَذَابًا</textIndopak>
    <translations>
      <translation>
        <author>King Fahad Quran Complex</author>
        <text>Karena itu rasakanlah. Dan Kami sekali-kali tidak akan menambah kepada kamu selain dari azab.</text>
      </translation>
    </translations>
    <rules>[{"start": 17, "end": 20, "rule_id": 0}, {"start": 15, "end": 20, "rule_id": 3}]</rules>
  </verse>
  <verse>
    <verseIdArabic>٣١</verseIdArabic>
    <verseId>31</verseId>
    <chapterId>78</chapterId>
    <textIndopak>إِنَّ لِلۡمُتَّقِينَ مَفَازًا</textIndopak>
    <translations>
      <translation>
        <author>King Fahad Quran Complex</author>
        <text>Sesungguhnya orang-orang yang bertakwa mendapat kemenangan,</text>
      </translation>
    </translations>
    <rules>[{"start": 2, "end": 5, "rule_id": 0}]</rules>
  </verse>
  <verse>
    <verseIdArabic>٣٢</verseIdArabic>
    <verseId>32</verseId>
    <chapterId>78</chapterId>
    <textIndopak>حَدَآئِقَ وَأَعۡنَٰبٗا</textIndopak>
    <translations>
      <translation>
        <author>King Fahad Quran Complex</author>
        <text>(yaitu) kebun-kebun dan buah anggur,</text>
      </translation>
    </translations>
  </verse>
  <verse>
    <verseIdArabic>٣٣</verseIdArabic>
    <verseId>33</verseId>
    <chapterId>78</chapterId>
    <textIndopak>وَكَوَاعِبَ أَتۡرَابٗا</textIndopak>
    <translations>
      <translation>
        <author>King Fahad Quran Complex</author>
        <text>dan gadis-gadis remaja yang sebaya,</text>
      </translation>
    </translations>
  </verse>
  <verse>
    <verseIdArabic>٣٤</verseIdArabic>
    <verseId>34</verseId>
    <chapterId>78</chapterId>
    <textIndopak>وَكَأۡسٗا دِهَاقٗا</textIndopak>
    <translations>
      <translation>
        <author>King Fahad Quran Complex</author>
        <text>dan gelas-gelas yang penuh (berisi minuman).</text>
      </translation>
    </translations>
  </verse>
  <verse>
    <verseIdArabic>٣٥</verseIdArabic>
    <verseId>35</verseId>
    <chapterId>78</chapterId>
    <textIndopak>لَّا يَسۡمَعُونَ فِيهَا لَغۡوٗا وَلَا كِذَّٰبٗا</textIndopak>
    <translations>
      <translation>
        <author>King Fahad Quran Complex</author>
        <text>Di dalamnya mereka tidak mendengar perkataan yang sia-sia dan tidak (pula) perkataan dusta.</text>
      </translation>
    </translations>
    <rules>[{"start": 28, "end": 34, "rule_id": 3}]</rules>
  </verse>
  <verse>
    <verseIdArabic>٣٦</verseIdArabic>
    <verseId>36</verseId>
    <chapterId>78</chapterId>
    <textIndopak>جَزَآءٗ مِّن رَّبِّكَ عَطَآءً حِسَابٗا</textIndopak>
    <translations>
      <translation>
        <author>King Fahad Quran Complex</author>
        <text>Sebagai balasan dari Tuhan-mu dan pemberian yang cukup banyak,</text>
      </translation>
    </translations>
    <rules>[{"start": 9, "end": 12, "rule_id": 0}, {"start": 6, "end": 12, "rule_id": 3}, {"start": 12, "end": 17, "rule_id": 5}]</rules>
  </verse>
  <verse>
    <verseIdArabic>٣٧</verseIdArabic>
    <verseId>37</verseId>
    <chapterId>78</chapterId>
    <textIndopak>رَّبِّ ٱلسَّمَٰوَٰتِ وَٱلۡأَرۡضِ وَمَا بَيۡنَهُمَا ٱلرَّحۡمَٰنِۖ لَا يَمۡلِكُونَ مِنۡهُ خِطَابٗا</textIndopak>
    <translations>
      <translation>
        <author>King Fahad Quran Complex</author>
        <text>Tuhan Yang memelihara langit dan bumi dan apa yang ada di antara keduanya; Yang Maha Pemurah. Mereka tidak dapat berbicara dengan Dia.</text>
      </translation>
    </translations>
  </verse>
  <verse>
    <verseIdArabic>٣٨</verseIdArabic>
    <verseId>38</verseId>
    <chapterId>78</chapterId>
    <textIndopak>يَوۡمَ يَقُومُ ٱلرُّوحُ وَٱلۡمَلَٰٓئِكَةُ صَفّٗاۖ لَّا يَتَكَلَّمُونَ إِلَّا مَنۡ أَذِنَ لَهُ ٱلرَّحۡمَٰنُ وَقَالَ صَوَابٗا</textIndopak>
    <translations>
      <translation>
        <author>King Fahad Quran Complex</author>
        <text>Pada hari, ketika roh dan para malaikat berdiri bersaf-saf, mereka tidak berkata-kata, kecuali siapa yang telah diberi izin kepadanya oleh Tuhan Yang Maha Pemurah; dan ia mengucapkan kata yang benar.</text>
      </translation>
    </translations>
    <rules>[{"start": 44, "end": 54, "rule_id": 5}]</rules>
  </verse>
  <verse>
    <verseIdArabic>٣٩</verseIdArabic>
    <verseId>39</verseId>
    <chapterId>78</chapterId>
    <textIndopak>ذَٰلِكَ ٱلۡيَوۡمُ ٱلۡحَقُّۖ فَمَن شَآءَ ٱتَّخَذَ إِلَىٰ رَبِّهِۦ مَـَٔابًا</textIndopak>
    <translations>
      <translation>
        <author>King Fahad Quran Complex</author>
        <text>Itulah hari yang pasti terjadi. Maka barang siapa yang menghendaki, niscaya ia menempuh jalan kembali kepada Tuhan-nya.</text>
      </translation>
    </translations>
    <rules>[{"start": 33, "end": 37, "rule_id": 6}]</rules>
  </verse>
  <verse>
    <verseIdArabic>٤٠</verseIdArabic>
    <verseId>40</verseId>
    <chapterId>78</chapterId>
    <textIndopak>إِنَّآ أَنذَرۡنَٰكُمۡ عَذَابٗا قَرِيبٗا يَوۡمَ يَنظُرُ ٱلۡمَرۡءُ مَا قَدَّمَتۡ يَدَاهُ وَيَقُولُ ٱلۡكَافِرُ يَٰلَيۡتَنِي كُنتُ تُرَٰبَۢا</textIndopak>
    <translations>
      <translation>
        <author>King Fahad Quran Complex</author>
        <text>Sesungguhnya Kami telah memperingatkan kepadamu (hai orang kafir) siksa yang dekat, pada hari manusia melihat apa yang telah diperbuat oleh kedua tangannya; dan orang kafir berkata, "Alangkah baiknya sekiranya aku dahulu adalah tanah".</text>
      </translation>
    </translations>
    <rules>[{"start": 2, "end": 5, "rule_id": 0}, {"start": 37, "end": 43, "rule_id": 3}, {"start": 10, "end": 13, "rule_id": 6}, {"start": 50, "end": 53, "rule_id": 6}, {"start": 124, "end": 127, "rule_id": 6}]</rules>
  </verse>
</verses>
