<?xml version="1.0" encoding="UTF-8"?>

<verses>
  <verse>
    <verseIdArabic>١</verseIdArabic>
    <verseId>1</verseId>
    <chapterId>79</chapterId>
    <textIndopak>وَٱلنَّٰزِعَٰتِ غَرۡقٗا</textIndopak>
    <translations>
      <translation>
        <author>King Fahad Quran Complex</author>
        <text>Demi (malaikat-malaikat) yang mencabut (nyawa) dengan keras,</text>
      </translation>
    </translations>
    <rules>[{"start": 4, "end": 8, "rule_id": 0}]</rules>
  </verse>
  <verse>
    <verseIdArabic>٢</verseIdArabic>
    <verseId>2</verseId>
    <chapterId>79</chapterId>
    <textIndopak>وَٱلنَّٰشِطَٰتِ نَشۡطٗا</textIndopak>
    <translations>
      <translation>
        <author>King Fahad Quran Complex</author>
        <text>dan (malaikat-malaikat) yang mencabut (nyawa) dengan lemah-lembut,</text>
      </translation>
    </translations>
    <rules>[{"start": 4, "end": 8, "rule_id": 0}]</rules>
  </verse>
  <verse>
    <verseIdArabic>٣</verseIdArabic>
    <verseId>3</verseId>
    <chapterId>79</chapterId>
    <textIndopak>وَٱلسَّٰبِحَٰتِ سَبۡحٗا</textIndopak>
    <translations>
      <translation>
        <author>King Fahad Quran Complex</author>
        <text>dan (malaikat-malaikat) yang turun dari langit dengan cepat,</text>
      </translation>
    </translations>
    <rules>[{"start": 18, "end": 20, "rule_id": 1}]</rules>
  </verse>
  <verse>
    <verseIdArabic>٤</verseIdArabic>
    <verseId>4</verseId>
    <chapterId>79</chapterId>
    <textIndopak>فَٱلسَّٰبِقَٰتِ سَبۡقٗا</textIndopak>
    <translations>
      <translation>
        <author>King Fahad Quran Complex</author>
        <text>dan (malaikat-malaikat) yang mendahului dengan kencang,</text>
      </translation>
    </translations>
    <rules>[{"start": 18, "end": 20, "rule_id": 1}]</rules>
  </verse>
  <verse>
    <verseIdArabic>٥</verseIdArabic>
    <verseId>5</verseId>
    <chapterId>79</chapterId>
    <textIndopak>فَٱلۡمُدَبِّرَٰتِ أَمۡرٗا</textIndopak>
    <translations>
      <translation>
        <author>King Fahad Quran Complex</author>
        <text>dan (malaikat-malaikat) yang mengatur urusan (dunia).</text>
      </translation>
    </translations>
  </verse>
  <verse>
    <verseIdArabic>٦</verseIdArabic>
    <verseId>6</verseId>
    <chapterId>79</chapterId>
    <textIndopak>يَوۡمَ تَرۡجُفُ ٱلرَّاجِفَةُ</textIndopak>
    <translations>
      <translation>
        <author>King Fahad Quran Complex</author>
        <text>(Sesungguhnya kamu akan dibangkitkan) pada hari ketika tiupan pertama mengguncangkan alam,</text>
      </translation>
    </translations>
  </verse>
  <verse>
    <verseIdArabic>٧</verseIdArabic>
    <verseId>7</verseId>
    <chapterId>79</chapterId>
    <textIndopak>تَتۡبَعُهَا ٱلرَّادِفَةُ</textIndopak>
    <translations>
      <translation>
        <author>King Fahad Quran Complex</author>
        <text>tiupan pertama itu diiringi oleh tiupan kedua.</text>
      </translation>
    </translations>
  </verse>
  <verse>
    <verseIdArabic>٨</verseIdArabic>
    <verseId>8</verseId>
    <chapterId>79</chapterId>
    <textIndopak>قُلُوبٞ يَوۡمَئِذٖ وَاجِفَةٌ</textIndopak>
    <translations>
      <translation>
        <author>King Fahad Quran Complex</author>
        <text>Hati manusia pada waktu itu sangat takut,</text>
      </translation>
    </translations>
    <rules>[{"start": 5, "end": 10, "rule_id": 3}, {"start": 16, "end": 21, "rule_id": 3}]</rules>
  </verse>
  <verse>
    <verseIdArabic>٩</verseIdArabic>
    <verseId>9</verseId>
    <chapterId>79</chapterId>
    <textIndopak>أَبۡصَٰرُهَا خَٰشِعَةٞ</textIndopak>
    <translations>
      <translation>
        <author>King Fahad Quran Complex</author>
        <text>pandangannya tunduk.</text>
      </translation>
    </translations>
    <rules>[{"start": 2, "end": 4, "rule_id": 1}]</rules>
  </verse>
  <verse>
    <verseIdArabic>١٠</verseIdArabic>
    <verseId>10</verseId>
    <chapterId>79</chapterId>
    <textIndopak>يَقُولُونَ أَءِنَّا لَمَرۡدُودُونَ فِي ٱلۡحَافِرَةِ</textIndopak>
    <translations>
      <translation>
        <author>King Fahad Quran Complex</author>
        <text>(Orang-orang kafir) berkata, "Apakah sesungguhnya kami benar-benar dikembalikan kepada kehidupan semula?</text>
      </translation>
    </translations>
    <rules>[{"start": 15, "end": 18, "rule_id": 0}]</rules>
  </verse>
  <verse>
    <verseIdArabic>١١</verseIdArabic>
    <verseId>11</verseId>
    <chapterId>79</chapterId>
    <textIndopak>أَءِذَا كُنَّا عِظَٰمٗا نَّخِرَةٗ</textIndopak>
    <translations>
      <translation>
        <author>King Fahad Quran Complex</author>
        <text>Apakah (akan dibangkitkan juga) apabila kami telah menjadi tulang belulang yang hancur lumat?"</text>
      </translation>
    </translations>
    <rules>[{"start": 10, "end": 13, "rule_id": 0}, {"start": 24, "end": 27, "rule_id": 0}, {"start": 20, "end": 27, "rule_id": 3}]</rules>
  </verse>
  <verse>
    <verseIdArabic>١٢</verseIdArabic>
    <verseId>12</verseId>
    <chapterId>79</chapterId>
    <textIndopak>قَالُواْ تِلۡكَ إِذٗا كَرَّةٌ خَاسِرَةٞ</textIndopak>
    <translations>
      <translation>
        <author>King Fahad Quran Complex</author>
        <text>Mereka berkata, "Kalau demikian, itu adalah suatu pengembalian yang merugikan".</text>
      </translation>
    </translations>
    <rules>[{"start": 27, "end": 32, "rule_id": 6}]</rules>
  </verse>
  <verse>
    <verseIdArabic>١٣</verseIdArabic>
    <verseId>13</verseId>
    <chapterId>79</chapterId>
    <textIndopak>فَإِنَّمَا هِيَ زَجۡرَةٞ وَٰحِدَةٞ</textIndopak>
    <translations>
      <translation>
        <author>King Fahad Quran Complex</author>
        <text>Sesungguhnya pengembalian itu hanyalah satu kali tiupan saja,</text>
      </translation>
    </translations>
    <rules>[{"start": 4, "end": 7, "rule_id": 0}, {"start": 18, "end": 20, "rule_id": 1}, {"start": 22, "end": 28, "rule_id": 3}]</rules>
  </verse>
  <verse>
    <verseIdArabic>١٤</verseIdArabic>
    <verseId>14</verseId>
    <chapterId>79</chapterId>
    <textIndopak>فَإِذَا هُم بِٱلسَّاهِرَةِ</textIndopak>
    <translations>
      <translation>
        <author>King Fahad Quran Complex</author>
        <text>maka dengan serta merta mereka hidup kembali di permukaan bumi.</text>
      </translation>
    </translations>
    <rules>[{"start": 10, "end": 14, "rule_id": 7}]</rules>
  </verse>
  <verse>
    <verseIdArabic>١٥</verseIdArabic>
    <verseId>15</verseId>
    <chapterId>79</chapterId>
    <textIndopak>هَلۡ أَتَىٰكَ حَدِيثُ مُوسَىٰٓ</textIndopak>
    <translations>
      <translation>
        <author>King Fahad Quran Complex</author>
        <text>Sudahkah sampai kepadamu (ya Muhammad) kisah Musa.</text>
      </translation>
    </translations>
  </verse>
  <verse>
    <verseIdArabic>١٦</verseIdArabic>
    <verseId>16</verseId>
    <chapterId>79</chapterId>
    <textIndopak>إِذۡ نَادَىٰهُ رَبُّهُۥ بِٱلۡوَادِ ٱلۡمُقَدَّسِ طُوًى</textIndopak>
    <translations>
      <translation>
        <author>King Fahad Quran Complex</author>
        <text>Tatkala Tuhan-nya memanggilnya di lembah suci ialah Lembah Ṭuwā;</text>
      </translation>
    </translations>
  </verse>
  <verse>
    <verseIdArabic>١٧</verseIdArabic>
    <verseId>17</verseId>
    <chapterId>79</chapterId>
    <textIndopak>ٱذۡهَبۡ إِلَىٰ فِرۡعَوۡنَ إِنَّهُۥ طَغَىٰ</textIndopak>
    <translations>
      <translation>
        <author>King Fahad Quran Complex</author>
        <text>"Pergilah kamu kepada Firʻawn , sesungguhnya dia telah melampaui batas,</text>
      </translation>
    </translations>
    <rules>[{"start": 28, "end": 31, "rule_id": 0}, {"start": 5, "end": 7, "rule_id": 1}]</rules>
  </verse>
  <verse>
    <verseIdArabic>١٨</verseIdArabic>
    <verseId>18</verseId>
    <chapterId>79</chapterId>
    <textIndopak>فَقُلۡ هَل لَّكَ إِلَىٰٓ أَن تَزَكَّىٰ</textIndopak>
    <translations>
      <translation>
        <author>King Fahad Quran Complex</author>
        <text>dan katakanlah (kepada Firʻawn), "Adakah keinginan bagimu untuk membersihkan diri (dari kesesatan)".</text>
      </translation>
    </translations>
    <rules>[{"start": 27, "end": 31, "rule_id": 6}]</rules>
  </verse>
  <verse>
    <verseIdArabic>١٩</verseIdArabic>
    <verseId>19</verseId>
    <chapterId>79</chapterId>
    <textIndopak>وَأَهۡدِيَكَ إِلَىٰ رَبِّكَ فَتَخۡشَىٰ</textIndopak>
    <translations>
      <translation>
        <author>King Fahad Quran Complex</author>
        <text>Dan kamu akan kupimpin ke jalan Tuhan-mu agar supaya kamu takut kepada-Nya?"</text>
      </translation>
    </translations>
  </verse>
  <verse>
    <verseIdArabic>٢٠</verseIdArabic>
    <verseId>20</verseId>
    <chapterId>79</chapterId>
    <textIndopak>فَأَرَىٰهُ ٱلۡأٓيَةَ ٱلۡكُبۡرَىٰ</textIndopak>
    <translations>
      <translation>
        <author>King Fahad Quran Complex</author>
        <text>Lalu Musa memperlihatkan kepadanya mukjizat yang besar.</text>
      </translation>
    </translations>
    <rules>[{"start": 27, "end": 29, "rule_id": 1}]</rules>
  </verse>
  <verse>
    <verseIdArabic>٢١</verseIdArabic>
    <verseId>21</verseId>
    <chapterId>79</chapterId>
    <textIndopak>فَكَذَّبَ وَعَصَىٰ</textIndopak>
    <translations>
      <translation>
        <author>King Fahad Quran Complex</author>
        <text>Tetapi Firʻawn mendustakan dan mendurhakai.</text>
      </translation>
    </translations>
  </verse>
  <verse>
    <verseIdArabic>٢٢</verseIdArabic>
    <verseId>22</verseId>
    <chapterId>79</chapterId>
    <textIndopak>ثُمَّ أَدۡبَرَ يَسۡعَىٰ</textIndopak>
    <translations>
      <translation>
        <author>King Fahad Quran Complex</author>
        <text>Kemudian dia berpaling seraya berusaha menantang (Musa).</text>
      </translation>
    </translations>
    <rules>[{"start": 2, "end": 5, "rule_id": 0}, {"start": 8, "end": 10, "rule_id": 1}]</rules>
  </verse>
  <verse>
    <verseIdArabic>٢٣</verseIdArabic>
    <verseId>23</verseId>
    <chapterId>79</chapterId>
    <textIndopak>فَحَشَرَ فَنَادَىٰ</textIndopak>
    <translations>
      <translation>
        <author>King Fahad Quran Complex</author>
        <text>Maka dia mengumpulkan (pembesar-pembesarnya) lalu berseru memanggil kaumnya.</text>
      </translation>
    </translations>
  </verse>
  <verse>
    <verseIdArabic>٢٤</verseIdArabic>
    <verseId>24</verseId>
    <chapterId>79</chapterId>
    <textIndopak>فَقَالَ أَنَا۠ رَبُّكُمُ ٱلۡأَعۡلَىٰ</textIndopak>
    <translations>
      <translation>
        <author>King Fahad Quran Complex</author>
        <text>(Seraya) berkata, "Akulah tuhanmu yang paling tinggi".</text>
      </translation>
    </translations>
  </verse>
  <verse>
    <verseIdArabic>٢٥</verseIdArabic>
    <verseId>25</verseId>
    <chapterId>79</chapterId>
    <textIndopak>فَأَخَذَهُ ٱللَّهُ نَكَالَ ٱلۡأٓخِرَةِ وَٱلۡأُولَىٰٓ</textIndopak>
    <translations>
      <translation>
        <author>King Fahad Quran Complex</author>
        <text>Maka Allah mengazabnya dengan azab di akhirat dan azab di dunia.</text>
      </translation>
    </translations>
  </verse>
  <verse>
    <verseIdArabic>٢٦</verseIdArabic>
    <verseId>26</verseId>
    <chapterId>79</chapterId>
    <textIndopak>إِنَّ فِي ذَٰلِكَ لَعِبۡرَةٗ لِّمَن يَخۡشَىٰٓ</textIndopak>
    <translations>
      <translation>
        <author>King Fahad Quran Complex</author>
        <text>Sesungguhnya pada yang demikian itu terdapat pelajaran bagi orang yang takut (kepada Tuhan-nya).</text>
      </translation>
    </translations>
    <rules>[{"start": 2, "end": 5, "rule_id": 0}, {"start": 22, "end": 24, "rule_id": 1}, {"start": 34, "end": 38, "rule_id": 3}, {"start": 26, "end": 32, "rule_id": 5}]</rules>
  </verse>
  <verse>
    <verseIdArabic>٢٧</verseIdArabic>
    <verseId>27</verseId>
    <chapterId>79</chapterId>
    <textIndopak>ءَأَنتُمۡ أَشَدُّ خَلۡقًا أَمِ ٱلسَّمَآءُۚ بَنَىٰهَا</textIndopak>
    <translations>
      <translation>
        <author>King Fahad Quran Complex</author>
        <text>Apakah kamu yang lebih sulit penciptaanya ataukah langit? Allah telah membangunnya,</text>
      </translation>
    </translations>
    <rules>[{"start": 4, "end": 7, "rule_id": 6}]</rules>
  </verse>
  <verse>
    <verseIdArabic>٢٨</verseIdArabic>
    <verseId>28</verseId>
    <chapterId>79</chapterId>
    <textIndopak>رَفَعَ سَمۡكَهَا فَسَوَّىٰهَا</textIndopak>
    <translations>
      <translation>
        <author>King Fahad Quran Complex</author>
        <text>Dia meninggikan bangunannya lalu menyempurnakannya,</text>
      </translation>
    </translations>
  </verse>
  <verse>
    <verseIdArabic>٢٩</verseIdArabic>
    <verseId>29</verseId>
    <chapterId>79</chapterId>
    <textIndopak>وَأَغۡطَشَ لَيۡلَهَا وَأَخۡرَجَ ضُحَىٰهَا</textIndopak>
    <translations>
      <translation>
        <author>King Fahad Quran Complex</author>
        <text>dan Dia menjadikan malamnya gelap gulita, dan menjadikan siangnya terang benderang.</text>
      </translation>
    </translations>
  </verse>
  <verse>
    <verseIdArabic>٣٠</verseIdArabic>
    <verseId>30</verseId>
    <chapterId>79</chapterId>
    <textIndopak>وَٱلۡأَرۡضَ بَعۡدَ ذَٰلِكَ دَحَىٰهَآ</textIndopak>
    <translations>
      <translation>
        <author>King Fahad Quran Complex</author>
        <text>Dan bumi sesudah itu dihamparkan-Nya.</text>
      </translation>
    </translations>
  </verse>
  <verse>
    <verseIdArabic>٣١</verseIdArabic>
    <verseId>31</verseId>
    <chapterId>79</chapterId>
    <textIndopak>أَخۡرَجَ مِنۡهَا مَآءَهَا وَمَرۡعَىٰهَا</textIndopak>
    <translations>
      <translation>
        <author>King Fahad Quran Complex</author>
        <text>Ia memancarkan daripadanya mata airnya, dan (menumbuhkan) tumbuh-tumbuhannya.</text>
      </translation>
    </translations>
  </verse>
  <verse>
    <verseIdArabic>٣٢</verseIdArabic>
    <verseId>32</verseId>
    <chapterId>79</chapterId>
    <textIndopak>وَٱلۡجِبَالَ أَرۡسَىٰهَا</textIndopak>
    <translations>
      <translation>
        <author>King Fahad Quran Complex</author>
        <text>Dan gunung-gunung dipancangkan-Nya dengan teguh,</text>
      </translation>
    </translations>
  </verse>
  <verse>
    <verseIdArabic>٣٣</verseIdArabic>
    <verseId>33</verseId>
    <chapterId>79</chapterId>
    <textIndopak>مَتَٰعٗا لَّكُمۡ وَلِأَنۡعَٰمِكُمۡ</textIndopak>
    <translations>
      <translation>
        <author>King Fahad Quran Complex</author>
        <text>(semua itu) untuk kesenanganmu dan untuk binatang-binatang ternakmu.</text>
      </translation>
    </translations>
    <rules>[{"start": 5, "end": 12, "rule_id": 5}]</rules>
  </verse>
  <verse>
    <verseIdArabic>٣٤</verseIdArabic>
    <verseId>34</verseId>
    <chapterId>79</chapterId>
    <textIndopak>فَإِذَا جَآءَتِ ٱلطَّآمَّةُ ٱلۡكُبۡرَىٰ</textIndopak>
    <translations>
      <translation>
        <author>King Fahad Quran Complex</author>
        <text>Maka apabila malapetaka yang sangat besar (hari kiamat) telah datang.</text>
      </translation>
    </translations>
    <rules>[{"start": 24, "end": 27, "rule_id": 0}, {"start": 35, "end": 37, "rule_id": 1}]</rules>
  </verse>
  <verse>
    <verseIdArabic>٣٥</verseIdArabic>
    <verseId>35</verseId>
    <chapterId>79</chapterId>
    <textIndopak>يَوۡمَ يَتَذَكَّرُ ٱلۡإِنسَٰنُ مَا سَعَىٰ</textIndopak>
    <translations>
      <translation>
        <author>King Fahad Quran Complex</author>
        <text>Pada hari (ketika) manusia teringat akan apa yang telah dikerjakannya,</text>
      </translation>
    </translations>
    <rules>[{"start": 24, "end": 28, "rule_id": 6}]</rules>
  </verse>
  <verse>
    <verseIdArabic>٣٦</verseIdArabic>
    <verseId>36</verseId>
    <chapterId>79</chapterId>
    <textIndopak>وَبُرِّزَتِ ٱلۡجَحِيمُ لِمَن يَرَىٰ</textIndopak>
    <translations>
      <translation>
        <author>King Fahad Quran Complex</author>
        <text>dan diperlihatkan neraka dengan jelas kepada setiap orang yang melihat.</text>
      </translation>
    </translations>
    <rules>[{"start": 27, "end": 31, "rule_id": 3}]</rules>
  </verse>
  <verse>
    <verseIdArabic>٣٧</verseIdArabic>
    <verseId>37</verseId>
    <chapterId>79</chapterId>
    <textIndopak>فَأَمَّا مَن طَغَىٰ</textIndopak>
    <translations>
      <translation>
        <author>King Fahad Quran Complex</author>
        <text>Adapun orang yang melampaui batas,</text>
      </translation>
    </translations>
    <rules>[{"start": 4, "end": 7, "rule_id": 0}, {"start": 11, "end": 15, "rule_id": 6}]</rules>
  </verse>
  <verse>
    <verseIdArabic>٣٨</verseIdArabic>
    <verseId>38</verseId>
    <chapterId>79</chapterId>
    <textIndopak>وَءَاثَرَ ٱلۡحَيَوٰةَ ٱلدُّنۡيَا</textIndopak>
    <translations>
      <translation>
        <author>King Fahad Quran Complex</author>
        <text>dan lebih mengutamakan kehidupan dunia,</text>
      </translation>
    </translations>
  </verse>
  <verse>
    <verseIdArabic>٣٩</verseIdArabic>
    <verseId>39</verseId>
    <chapterId>79</chapterId>
    <textIndopak>فَإِنَّ ٱلۡجَحِيمَ هِيَ ٱلۡمَأۡوَىٰ</textIndopak>
    <translations>
      <translation>
        <author>King Fahad Quran Complex</author>
        <text>maka sesungguhnya nerakalah tempat tinggal(nya).</text>
      </translation>
    </translations>
    <rules>[{"start": 4, "end": 7, "rule_id": 0}]</rules>
  </verse>
  <verse>
    <verseIdArabic>٤٠</verseIdArabic>
    <verseId>40</verseId>
    <chapterId>79</chapterId>
    <textIndopak>وَأَمَّا مَنۡ خَافَ مَقَامَ رَبِّهِۦ وَنَهَى ٱلنَّفۡسَ عَنِ ٱلۡهَوَىٰ</textIndopak>
    <translations>
      <translation>
        <author>King Fahad Quran Complex</author>
        <text>Dan adapun orang-orang yang takut kepada kebesaran Tuhan-nya dan menahan diri dari keinginan hawa nafsunya,</text>
      </translation>
    </translations>
    <rules>[{"start": 4, "end": 7, "rule_id": 0}, {"start": 47, "end": 50, "rule_id": 0}]</rules>
  </verse>
  <verse>
    <verseIdArabic>٤١</verseIdArabic>
    <verseId>41</verseId>
    <chapterId>79</chapterId>
    <textIndopak>فَإِنَّ ٱلۡجَنَّةَ هِيَ ٱلۡمَأۡوَىٰ</textIndopak>
    <translations>
      <translation>
        <author>King Fahad Quran Complex</author>
        <text>maka sesungguhnya surgalah tempat tinggal(nya).</text>
      </translation>
    </translations>
    <rules>[{"start": 4, "end": 7, "rule_id": 0}, {"start": 13, "end": 16, "rule_id": 0}]</rules>
  </verse>
  <verse>
    <verseIdArabic>٤٢</verseIdArabic>
    <verseId>42</verseId>
    <chapterId>79</chapterId>
    <textIndopak>يَسۡـَٔلُونَكَ عَنِ ٱلسَّاعَةِ أَيَّانَ مُرۡسَىٰهَا</textIndopak>
    <translations>
      <translation>
        <author>King Fahad Quran Complex</author>
        <text>(Orang-orang kafir) bertanya kepadamu (Muhammad) tentang hari berbangkit, kapankah terjadinya?</text>
      </translation>
    </translations>
  </verse>
  <verse>
    <verseIdArabic>٤٣</verseIdArabic>
    <verseId>43</verseId>
    <chapterId>79</chapterId>
    <textIndopak>فِيمَ أَنتَ مِن ذِكۡرَىٰهَآ</textIndopak>
    <translations>
      <translation>
        <author>King Fahad Quran Complex</author>
        <text>Siapakah kamu (sehingga) dapat menyebutkan (waktunya)?</text>
      </translation>
    </translations>
    <rules>[{"start": 8, "end": 11, "rule_id": 6}, {"start": 14, "end": 18, "rule_id": 6}]</rules>
  </verse>
  <verse>
    <verseIdArabic>٤٤</verseIdArabic>
    <verseId>44</verseId>
    <chapterId>79</chapterId>
    <textIndopak>إِلَىٰ رَبِّكَ مُنتَهَىٰهَآ</textIndopak>
    <translations>
      <translation>
        <author>King Fahad Quran Complex</author>
        <text>Kepada Tuhan-mulah dikembalikan kesudahannya (ketentuan waktunya).</text>
      </translation>
    </translations>
    <rules>[{"start": 17, "end": 20, "rule_id": 6}]</rules>
  </verse>
  <verse>
    <verseIdArabic>٤٥</verseIdArabic>
    <verseId>45</verseId>
    <chapterId>79</chapterId>
    <textIndopak>إِنَّمَآ أَنتَ مُنذِرُ مَن يَخۡشَىٰهَا</textIndopak>
    <translations>
      <translation>
        <author>King Fahad Quran Complex</author>
        <text>Kamu hanyalah pemberi peringatan bagi siapa yang takut kepadanya (hari berbangkit).</text>
      </translation>
    </translations>
    <rules>[{"start": 2, "end": 5, "rule_id": 0}, {"start": 26, "end": 30, "rule_id": 3}, {"start": 12, "end": 15, "rule_id": 6}, {"start": 18, "end": 21, "rule_id": 6}]</rules>
  </verse>
  <verse>
    <verseIdArabic>٤٦</verseIdArabic>
    <verseId>46</verseId>
    <chapterId>79</chapterId>
    <textIndopak>كَأَنَّهُمۡ يَوۡمَ يَرَوۡنَهَا لَمۡ يَلۡبَثُوٓاْ إِلَّا عَشِيَّةً أَوۡ ضُحَىٰهَا</textIndopak>
    <translations>
      <translation>
        <author>King Fahad Quran Complex</author>
        <text>Pada hari mereka melihat hari berbangkit itu, mereka merasa seakan-akan tidak tinggal (di dunia) melainkan (sebentar saja) di waktu sore atau pagi hari.</text>
      </translation>
    </translations>
    <rules>[{"start": 4, "end": 7, "rule_id": 0}]</rules>
  </verse>
</verses>
