<?xml version="1.0" encoding="UTF-8"?>

<verses>
  <verse>
    <verseIdArabic>١</verseIdArabic>
    <verseId>1</verseId>
    <chapterId>8</chapterId>
    <textIndopak>يَسۡـَٔلُونَكَ عَنِ ٱلۡأَنفَالِۖ قُلِ ٱلۡأَنفَالُ لِلَّهِ وَٱلرَّسُولِۖ فَٱتَّقُواْ ٱللَّهَ وَأَصۡلِحُواْ ذَاتَ بَيۡنِكُمۡۖ وَأَطِيعُواْ ٱللَّهَ وَرَسُولَهُۥٓ إِن كُنتُم مُّؤۡمِنِينَ</textIndopak>
    <translations>
      <translation>
        <author>King Fahad Quran Complex</author>
        <text>Mereka menanyakan kepadamu tentang (pembagian) harta rampasan perang. Katakanlah, "Harta rampasan perang itu kepunyaan Allah dan rasul, sebab itu bertakwalah kepada Allah dan perbaikilah perhubungan di antara sesamamu, dan taatlah kepada Allah dan rasul-Nya jika kamu adalah orang-orang yang beriman".</text>
      </translation>
    </translations>
    <rules>[{"start": 173, "end": 176, "rule_id": 0}, {"start": 171, "end": 176, "rule_id": 4}, {"start": 25, "end": 28, "rule_id": 6}, {"start": 44, "end": 47, "rule_id": 6}, {"start": 164, "end": 168, "rule_id": 6}, {"start": 168, "end": 171, "rule_id": 6}]</rules>
  </verse>
  <verse>
    <verseIdArabic>٢</verseIdArabic>
    <verseId>2</verseId>
    <chapterId>8</chapterId>
    <textIndopak>إِنَّمَا ٱلۡمُؤۡمِنُونَ ٱلَّذِينَ إِذَا ذُكِرَ ٱللَّهُ وَجِلَتۡ قُلُوبُهُمۡ وَإِذَا تُلِيَتۡ عَلَيۡهِمۡ ءَايَٰتُهُۥ زَادَتۡهُمۡ إِيمَٰنٗا وَعَلَىٰ رَبِّهِمۡ يَتَوَكَّلُونَ</textIndopak>
    <translations>
      <translation>
        <author>King Fahad Quran Complex</author>
        <text>Sesungguhnya orang-orang yang beriman itu adalah mereka yang apabila disebut nama Allah gemetarlah hati mereka, dan apabila dibacakan ayat-ayat-Nya, bertambahlah iman mereka (karenanya), dan hanya kepada Tuhan-lah mereka bertawakal,</text>
      </translation>
    </translations>
    <rules>[{"start": 2, "end": 5, "rule_id": 0}, {"start": 134, "end": 140, "rule_id": 3}]</rules>
  </verse>
  <verse>
    <verseIdArabic>٣</verseIdArabic>
    <verseId>3</verseId>
    <chapterId>8</chapterId>
    <textIndopak>ٱلَّذِينَ يُقِيمُونَ ٱلصَّلَوٰةَ وَمِمَّا رَزَقۡنَٰهُمۡ يُنفِقُونَ</textIndopak>
    <translations>
      <translation>
        <author>King Fahad Quran Complex</author>
        <text>(yaitu) orang-orang yang mendirikan salat dan yang menafkahkan sebagian dari rezeki yang Kami berikan kepada mereka.</text>
      </translation>
    </translations>
    <rules>[{"start": 37, "end": 40, "rule_id": 0}, {"start": 46, "end": 48, "rule_id": 1}, {"start": 58, "end": 61, "rule_id": 6}]</rules>
  </verse>
  <verse>
    <verseIdArabic>٤</verseIdArabic>
    <verseId>4</verseId>
    <chapterId>8</chapterId>
    <textIndopak>أُوْلَٰٓئِكَ هُمُ ٱلۡمُؤۡمِنُونَ حَقّٗاۚ لَّهُمۡ دَرَجَٰتٌ عِندَ رَبِّهِمۡ وَمَغۡفِرَةٞ وَرِزۡقٞ كَرِيمٞ</textIndopak>
    <translations>
      <translation>
        <author>King Fahad Quran Complex</author>
        <text>Itulah orang-orang yang beriman dengan sebenar-benarnya. Mereka akan memperoleh beberapa derajat ketinggian di sisi Tuhan-nya dan ampunan serta rezeki (nikmat) yang mulia.</text>
      </translation>
    </translations>
    <rules>[{"start": 86, "end": 91, "rule_id": 3}, {"start": 62, "end": 65, "rule_id": 6}, {"start": 95, "end": 100, "rule_id": 6}]</rules>
  </verse>
  <verse>
    <verseIdArabic>٥</verseIdArabic>
    <verseId>5</verseId>
    <chapterId>8</chapterId>
    <textIndopak>كَمَآ أَخۡرَجَكَ رَبُّكَ مِنۢ بَيۡتِكَ بِٱلۡحَقِّ وَإِنَّ فَرِيقٗا مِّنَ ٱلۡمُؤۡمِنِينَ لَكَٰرِهُونَ</textIndopak>
    <translations>
      <translation>
        <author>King Fahad Quran Complex</author>
        <text>Sebagaimana Tuhan-mu menyuruhmu pergi dan rumahmu dengan kebenaran, padahal sesungguhnya sebagian dari orang-orang yang beriman itu tidak menyukainya,</text>
      </translation>
    </translations>
    <rules>[{"start": 55, "end": 58, "rule_id": 0}, {"start": 68, "end": 71, "rule_id": 0}, {"start": 28, "end": 33, "rule_id": 2}, {"start": 64, "end": 71, "rule_id": 3}]</rules>
  </verse>
  <verse>
    <verseIdArabic>٦</verseIdArabic>
    <verseId>6</verseId>
    <chapterId>8</chapterId>
    <textIndopak>يُجَٰدِلُونَكَ فِي ٱلۡحَقِّ بَعۡدَ مَا تَبَيَّنَ كَأَنَّمَا يُسَاقُونَ إِلَى ٱلۡمَوۡتِ وَهُمۡ يَنظُرُونَ</textIndopak>
    <translations>
      <translation>
        <author>King Fahad Quran Complex</author>
        <text>mereka membantahmu tentang kebenaran sesudah nyata (bahwa mereka pasti menang), seolah-olah mereka dihalau kepada kematian, sedang mereka melihat (sebab-sebab kematian itu).</text>
      </translation>
    </translations>
    <rules>[{"start": 52, "end": 55, "rule_id": 0}, {"start": 95, "end": 98, "rule_id": 6}]</rules>
  </verse>
  <verse>
    <verseIdArabic>٧</verseIdArabic>
    <verseId>7</verseId>
    <chapterId>8</chapterId>
    <textIndopak>وَإِذۡ يَعِدُكُمُ ٱللَّهُ إِحۡدَى ٱلطَّآئِفَتَيۡنِ أَنَّهَا لَكُمۡ وَتَوَدُّونَ أَنَّ غَيۡرَ ذَاتِ ٱلشَّوۡكَةِ تَكُونُ لَكُمۡ وَيُرِيدُ ٱللَّهُ أَن يُحِقَّ ٱلۡحَقَّ بِكَلِمَٰتِهِۦ وَيَقۡطَعَ دَابِرَ ٱلۡكَٰفِرِينَ</textIndopak>
    <translations>
      <translation>
        <author>King Fahad Quran Complex</author>
        <text>Dan (ingatlah), ketika Allah menjanjikan kepadamu bahwa salah satu dari dua golongan (yang kamu hadapi) adalah untukmu, sedang kamu menginginkan bahwa yang tidak mempunyai kekekuatan senjatalah yang untukmu, dan Allah menghendaki untuk membenarkan yang benar dengan ayat-ayat-Nya dan memusnahkan orang-orang kafir,</text>
      </translation>
    </translations>
    <rules>[{"start": 54, "end": 57, "rule_id": 0}, {"start": 83, "end": 86, "rule_id": 0}, {"start": 185, "end": 187, "rule_id": 1}, {"start": 147, "end": 151, "rule_id": 3}]</rules>
  </verse>
  <verse>
    <verseIdArabic>٨</verseIdArabic>
    <verseId>8</verseId>
    <chapterId>8</chapterId>
    <textIndopak>لِيُحِقَّ ٱلۡحَقَّ وَيُبۡطِلَ ٱلۡبَٰطِلَ وَلَوۡ كَرِهَ ٱلۡمُجۡرِمُونَ</textIndopak>
    <translations>
      <translation>
        <author>King Fahad Quran Complex</author>
        <text>agar Allah menetapkan yang hak (Islam) dan membatalkan yang batil (syirik) walaupun orang-orang yang berdosa (musyrik) itu tidak menyukainya.</text>
      </translation>
    </translations>
    <rules>[{"start": 23, "end": 25, "rule_id": 1}, {"start": 60, "end": 62, "rule_id": 1}]</rules>
  </verse>
  <verse>
    <verseIdArabic>٩</verseIdArabic>
    <verseId>9</verseId>
    <chapterId>8</chapterId>
    <textIndopak>إِذۡ تَسۡتَغِيثُونَ رَبَّكُمۡ فَٱسۡتَجَابَ لَكُمۡ أَنِّي مُمِدُّكُم بِأَلۡفٖ مِّنَ ٱلۡمَلَٰٓئِكَةِ مُرۡدِفِينَ</textIndopak>
    <translations>
      <translation>
        <author>King Fahad Quran Complex</author>
        <text>(Ingatlah) ketika kamu memohon pertolongan kepada Tuhan-mu, lalu diperkenankan-Nya bagimu, "Sesungguhnya Aku akan mendatangkan bala bantuan kepadamu dengan seribu malaikat yang datang berturut-turut".</text>
      </translation>
    </translations>
    <rules>[{"start": 52, "end": 55, "rule_id": 0}, {"start": 77, "end": 80, "rule_id": 0}, {"start": 74, "end": 80, "rule_id": 3}, {"start": 66, "end": 70, "rule_id": 7}]</rules>
  </verse>
  <verse>
    <verseIdArabic>١٠</verseIdArabic>
    <verseId>10</verseId>
    <chapterId>8</chapterId>
    <textIndopak>وَمَا جَعَلَهُ ٱللَّهُ إِلَّا بُشۡرَىٰ وَلِتَطۡمَئِنَّ بِهِۦ قُلُوبُكُمۡۚ وَمَا ٱلنَّصۡرُ إِلَّا مِنۡ عِندِ ٱللَّهِۚ إِنَّ ٱللَّهَ عَزِيزٌ حَكِيمٌ</textIndopak>
    <translations>
      <translation>
        <author>King Fahad Quran Complex</author>
        <text>Dan Allah tidak menjadikannya (mengirim bala bantuan itu), melainkan sebagai kabar gembira dan agar hatimu menjadi tenteram karenanya. Dan kemenangan itu hanyalah dari sisi Allah. Sesungguhnya Allah Maha Perkasa lagi Maha Bijaksana.</text>
      </translation>
    </translations>
    <rules>[{"start": 51, "end": 54, "rule_id": 0}, {"start": 83, "end": 86, "rule_id": 0}, {"start": 121, "end": 124, "rule_id": 0}, {"start": 45, "end": 47, "rule_id": 1}, {"start": 105, "end": 108, "rule_id": 6}]</rules>
  </verse>
  <verse>
    <verseIdArabic>١١</verseIdArabic>
    <verseId>11</verseId>
    <chapterId>8</chapterId>
    <textIndopak>إِذۡ يُغَشِّيكُمُ ٱلنُّعَاسَ أَمَنَةٗ مِّنۡهُ وَيُنَزِّلُ عَلَيۡكُم مِّنَ ٱلسَّمَآءِ مَآءٗ لِّيُطَهِّرَكُم بِهِۦ وَيُذۡهِبَ عَنكُمۡ رِجۡزَ ٱلشَّيۡطَٰنِ وَلِيَرۡبِطَ عَلَىٰ قُلُوبِكُمۡ وَيُثَبِّتَ بِهِ ٱلۡأَقۡدَامَ</textIndopak>
    <translations>
      <translation>
        <author>King Fahad Quran Complex</author>
        <text>(Ingatlah) ketika Allah menjadikan kamu mengantuk sebagai suatu penenteraman dari-Nya, dan Allah menurunkan kepadamu hujan dari langit untuk menyucikan kamu dengan hujan itu dan menghilangkan dari kamu gangguan-gangguan setan dan untuk menguatkan hatimu dan memperteguh dengannya telapak kaki(mu).</text>
      </translation>
    </translations>
    <rules>[{"start": 20, "end": 23, "rule_id": 0}, {"start": 38, "end": 41, "rule_id": 0}, {"start": 68, "end": 71, "rule_id": 0}, {"start": 136, "end": 138, "rule_id": 1}, {"start": 208, "end": 210, "rule_id": 1}, {"start": 35, "end": 41, "rule_id": 3}, {"start": 66, "end": 71, "rule_id": 4}, {"start": 90, "end": 96, "rule_id": 5}, {"start": 128, "end": 131, "rule_id": 6}, {"start": 107, "end": 111, "rule_id": 7}]</rules>
  </verse>
  <verse>
    <verseIdArabic>١٢</verseIdArabic>
    <verseId>12</verseId>
    <chapterId>8</chapterId>
    <textIndopak>إِذۡ يُوحِي رَبُّكَ إِلَى ٱلۡمَلَٰٓئِكَةِ أَنِّي مَعَكُمۡ فَثَبِّتُواْ ٱلَّذِينَ ءَامَنُواْۚ سَأُلۡقِي فِي قُلُوبِ ٱلَّذِينَ كَفَرُواْ ٱلرُّعۡبَ فَٱضۡرِبُواْ فَوۡقَ ٱلۡأَعۡنَاقِ وَٱضۡرِبُواْ مِنۡهُمۡ كُلَّ بَنَانٖ</textIndopak>
    <translations>
      <translation>
        <author>King Fahad Quran Complex</author>
        <text>(Ingatlah) ketika Tuhan-mu mewahyukan kepada para malaikat, "Sesungguhnya Aku bersama kamu, maka teguhkan (pendirian) orang-orang yang telah beriman". Kelak akan Aku jatuhkan rasa ketakutan ke dalam hati orang-orang kafir, maka penggallah kepala mereka dan pancunglah tiap-tiap ujung jari mereka.</text>
      </translation>
    </translations>
    <rules>[{"start": 44, "end": 47, "rule_id": 0}]</rules>
  </verse>
  <verse>
    <verseIdArabic>١٣</verseIdArabic>
    <verseId>13</verseId>
    <chapterId>8</chapterId>
    <textIndopak>ذَٰلِكَ بِأَنَّهُمۡ شَآقُّواْ ٱللَّهَ وَرَسُولَهُۥۚ وَمَن يُشَاقِقِ ٱللَّهَ وَرَسُولَهُۥ فَإِنَّ ٱللَّهَ شَدِيدُ ٱلۡعِقَابِ</textIndopak>
    <translations>
      <translation>
        <author>King Fahad Quran Complex</author>
        <text>(Ketentuan) yang demikian itu adalah karena sesungguhnya mereka menentang Allah dan rasul-Nya; dan barang siapa menentang Allah dan rasul-Nya, maka sesungguhnya Allah amat keras siksaan-Nya.</text>
      </translation>
    </translations>
    <rules>[{"start": 12, "end": 15, "rule_id": 0}, {"start": 95, "end": 98, "rule_id": 0}, {"start": 123, "end": 125, "rule_id": 1}, {"start": 58, "end": 62, "rule_id": 3}]</rules>
  </verse>
  <verse>
    <verseIdArabic>١٤</verseIdArabic>
    <verseId>14</verseId>
    <chapterId>8</chapterId>
    <textIndopak>ذَٰلِكُمۡ فَذُوقُوهُ وَأَنَّ لِلۡكَٰفِرِينَ عَذَابَ ٱلنَّارِ</textIndopak>
    <translations>
      <translation>
        <author>King Fahad Quran Complex</author>
        <text>Itulah (hukum dunia yang ditimpakan atasmu), maka rasakanlah hukuman itu. Sesungguhnya bagi orang-orang yang kafir itu ada (lagi) azab neraka.</text>
      </translation>
    </translations>
    <rules>[{"start": 25, "end": 28, "rule_id": 0}, {"start": 54, "end": 57, "rule_id": 0}]</rules>
  </verse>
  <verse>
    <verseIdArabic>١٥</verseIdArabic>
    <verseId>15</verseId>
    <chapterId>8</chapterId>
    <textIndopak>يَٰٓأَيُّهَا ٱلَّذِينَ ءَامَنُوٓاْ إِذَا لَقِيتُمُ ٱلَّذِينَ كَفَرُواْ زَحۡفٗا فَلَا تُوَلُّوهُمُ ٱلۡأَدۡبَارَ</textIndopak>
    <translations>
      <translation>
        <author>King Fahad Quran Complex</author>
        <text>Hai orang-orang yang beriman, apabila kamu bertemu dengan orang-orang yang kafir yang sedang menyerangmu, maka janganlah kamu membelakangi mereka (mundur).</text>
      </translation>
    </translations>
    <rules>[{"start": 103, "end": 105, "rule_id": 1}]</rules>
  </verse>
  <verse>
    <verseIdArabic>١٦</verseIdArabic>
    <verseId>16</verseId>
    <chapterId>8</chapterId>
    <textIndopak>وَمَن يُوَلِّهِمۡ يَوۡمَئِذٖ دُبُرَهُۥٓ إِلَّا مُتَحَرِّفٗا لِّقِتَالٍ أَوۡ مُتَحَيِّزًا إِلَىٰ فِئَةٖ فَقَدۡ بَآءَ بِغَضَبٖ مِّنَ ٱللَّهِ وَمَأۡوَىٰهُ جَهَنَّمُۖ وَبِئۡسَ ٱلۡمَصِيرُ</textIndopak>
    <translations>
      <translation>
        <author>King Fahad Quran Complex</author>
        <text>Barang siapa yang membelakangi mereka (mundur) di waktu itu, kecuali berbelok untuk (siasat) perang atau hendak menggabungkan diri dengan pasukan yang lain, maka sesungguhnya orang itu kembali dengan membawa kemurkaan dari Allah, dan tempatnya ialah neraka Jahanam. Dan amat buruklah tempat kembalinya.</text>
      </translation>
    </translations>
    <rules>[{"start": 126, "end": 129, "rule_id": 0}, {"start": 157, "end": 160, "rule_id": 0}, {"start": 107, "end": 109, "rule_id": 1}, {"start": 4, "end": 8, "rule_id": 3}, {"start": 123, "end": 129, "rule_id": 3}, {"start": 56, "end": 63, "rule_id": 5}, {"start": 26, "end": 31, "rule_id": 6}, {"start": 100, "end": 105, "rule_id": 6}]</rules>
  </verse>
  <verse>
    <verseIdArabic>١٧</verseIdArabic>
    <verseId>17</verseId>
    <chapterId>8</chapterId>
    <textIndopak>فَلَمۡ تَقۡتُلُوهُمۡ وَلَٰكِنَّ ٱللَّهَ قَتَلَهُمۡۚ وَمَا رَمَيۡتَ إِذۡ رَمَيۡتَ وَلَٰكِنَّ ٱللَّهَ رَمَىٰ وَلِيُبۡلِيَ ٱلۡمُؤۡمِنِينَ مِنۡهُ بَلَآءً حَسَنًاۚ إِنَّ ٱللَّهَ سَمِيعٌ عَلِيمٞ</textIndopak>
    <translations>
      <translation>
        <author>King Fahad Quran Complex</author>
        <text>Maka (yang sebenarnya) bukan kamu yang membunuh mereka, akan tetapi Allah-lah yang membunuh mereka, dan bukan kamu yang melempar ketika kamu melempar, tetapi Allah-lah yang melempar. (Allah berbuat demikian untuk membinasakan mereka) dan untuk memberi kemenangan kepada orang-orang mukmin dengan kemenangan yang baik. Sesungguhnya Allah Maha Mendengar lagi Maha Mengetahui.</text>
      </translation>
    </translations>
    <rules>[{"start": 28, "end": 31, "rule_id": 0}, {"start": 89, "end": 92, "rule_id": 0}, {"start": 166, "end": 169, "rule_id": 0}, {"start": 9, "end": 11, "rule_id": 1}, {"start": 116, "end": 118, "rule_id": 1}]</rules>
  </verse>
  <verse>
    <verseIdArabic>١٨</verseIdArabic>
    <verseId>18</verseId>
    <chapterId>8</chapterId>
    <textIndopak>ذَٰلِكُمۡ وَأَنَّ ٱللَّهَ مُوهِنُ كَيۡدِ ٱلۡكَٰفِرِينَ</textIndopak>
    <translations>
      <translation>
        <author>King Fahad Quran Complex</author>
        <text>Itulah (karunia Allah yang dilimpahkan kepadamu), dan sesungguhnya Allah melemahkan tipu daya orang-orang yang kafir.</text>
      </translation>
    </translations>
    <rules>[{"start": 14, "end": 17, "rule_id": 0}]</rules>
  </verse>
  <verse>
    <verseIdArabic>١٩</verseIdArabic>
    <verseId>19</verseId>
    <chapterId>8</chapterId>
    <textIndopak>إِن تَسۡتَفۡتِحُواْ فَقَدۡ جَآءَكُمُ ٱلۡفَتۡحُۖ وَإِن تَنتَهُواْ فَهُوَ خَيۡرٞ لَّكُمۡۖ وَإِن تَعُودُواْ نَعُدۡ وَلَن تُغۡنِيَ عَنكُمۡ فِئَتُكُمۡ شَيۡـٔٗا وَلَوۡ كَثُرَتۡ وَأَنَّ ٱللَّهَ مَعَ ٱلۡمُؤۡمِنِينَ</textIndopak>
    <translations>
      <translation>
        <author>King Fahad Quran Complex</author>
        <text>Jika kamu (orang-orang musyrikin) mencari keputusan, maka telah datang keputusan kepadamu; dan jika kamu berhenti; maka itulah yang lebih baik bagimu; dan jika kamu kembali, niscaya Kami kembali (pula); dan angkatan perangmu sekali-kali tidak akan dapat menolak dari kamu sesuatu bahaya pun, biarpun dia banyak dan sesungguhnya Allah beserta orang-orang yang beriman.</text>
      </translation>
    </translations>
    <rules>[{"start": 178, "end": 181, "rule_id": 0}, {"start": 24, "end": 26, "rule_id": 1}, {"start": 112, "end": 114, "rule_id": 1}, {"start": 154, "end": 160, "rule_id": 3}, {"start": 78, "end": 84, "rule_id": 5}, {"start": 2, "end": 6, "rule_id": 6}, {"start": 54, "end": 58, "rule_id": 6}, {"start": 58, "end": 61, "rule_id": 6}, {"start": 95, "end": 99, "rule_id": 6}, {"start": 119, "end": 123, "rule_id": 6}, {"start": 132, "end": 135, "rule_id": 6}]</rules>
  </verse>
  <verse>
    <verseIdArabic>٢٠</verseIdArabic>
    <verseId>20</verseId>
    <chapterId>8</chapterId>
    <textIndopak>يَٰٓأَيُّهَا ٱلَّذِينَ ءَامَنُوٓاْ أَطِيعُواْ ٱللَّهَ وَرَسُولَهُۥ وَلَا تَوَلَّوۡاْ عَنۡهُ وَأَنتُمۡ تَسۡمَعُونَ</textIndopak>
    <translations>
      <translation>
        <author>King Fahad Quran Complex</author>
        <text>Hai orang-orang yang beriman, taatlah kepada Allah dan rasul-Nya, dan janganlah kamu berpaling dari-Nya, sedang kamu mendengar (perintah-perintah-Nya),</text>
      </translation>
    </translations>
    <rules>[{"start": 96, "end": 99, "rule_id": 6}]</rules>
  </verse>
  <verse>
    <verseIdArabic>٢١</verseIdArabic>
    <verseId>21</verseId>
    <chapterId>8</chapterId>
    <textIndopak>وَلَا تَكُونُواْ كَٱلَّذِينَ قَالُواْ سَمِعۡنَا وَهُمۡ لَا يَسۡمَعُونَ</textIndopak>
    <translations>
      <translation>
        <author>King Fahad Quran Complex</author>
        <text>dan janganlah kamu menjadi sebagai orang-orang (munafik) yang berkata, "Kami mendengarkan, padahal mereka tidak mendengarkan.</text>
      </translation>
    </translations>
  </verse>
  <verse>
    <verseIdArabic>٢٢</verseIdArabic>
    <verseId>22</verseId>
    <chapterId>8</chapterId>
    <textIndopak>۞ إِنَّ شَرَّ ٱلدَّوَآبِّ عِندَ ٱللَّهِ ٱلصُّمُّ ٱلۡبُكۡمُ ٱلَّذِينَ لَا يَعۡقِلُونَ</textIndopak>
    <translations>
      <translation>
        <author>King Fahad Quran Complex</author>
        <text>Sesungguhnya binatang (makhluk) yang seburuk-buruknya pada sisi Allah ialah orang-orang yang pekak dan bisu yang tidak mengerti apa-apa pun.</text>
      </translation>
    </translations>
    <rules>[{"start": 4, "end": 7, "rule_id": 0}, {"start": 46, "end": 49, "rule_id": 0}, {"start": 29, "end": 32, "rule_id": 6}]</rules>
  </verse>
  <verse>
    <verseIdArabic>٢٣</verseIdArabic>
    <verseId>23</verseId>
    <chapterId>8</chapterId>
    <textIndopak>وَلَوۡ عَلِمَ ٱللَّهُ فِيهِمۡ خَيۡرٗا لَّأَسۡمَعَهُمۡۖ وَلَوۡ أَسۡمَعَهُمۡ لَتَوَلَّواْ وَّهُم مُّعۡرِضُونَ</textIndopak>
    <translations>
      <translation>
        <author>King Fahad Quran Complex</author>
        <text>Kalau kiranya Allah mengetahui kebaikan ada pada mereka, tentulah Allah menjadikan mereka dapat mendengar. Dan jikalau Allah menjadikan mereka dapat mendengar, niscaya mereka pasti berpaling juga, sedang mereka memalingkan diri (dari apa yang mereka dengar itu).</text>
      </translation>
    </translations>
    <rules>[{"start": 96, "end": 99, "rule_id": 0}, {"start": 94, "end": 99, "rule_id": 4}, {"start": 34, "end": 41, "rule_id": 5}]</rules>
  </verse>
  <verse>
    <verseIdArabic>٢٤</verseIdArabic>
    <verseId>24</verseId>
    <chapterId>8</chapterId>
    <textIndopak>يَٰٓأَيُّهَا ٱلَّذِينَ ءَامَنُواْ ٱسۡتَجِيبُواْ لِلَّهِ وَلِلرَّسُولِ إِذَا دَعَاكُمۡ لِمَا يُحۡيِيكُمۡۖ وَٱعۡلَمُوٓاْ أَنَّ ٱللَّهَ يَحُولُ بَيۡنَ ٱلۡمَرۡءِ وَقَلۡبِهِۦ وَأَنَّهُۥٓ إِلَيۡهِ تُحۡشَرُونَ</textIndopak>
    <translations>
      <translation>
        <author>King Fahad Quran Complex</author>
        <text>Hai orang-orang yang beriman, penuhilah seruan Allah dan seruan rasul apabilacrasul menyeru kamu kepada suatu yang memberi kehidupan kepada kamu, dan ketahuilah bahwa sesungguhnya Allah membatasi antara manusia dan hatinya dan sesungguhnya kepada-Nya-lah kamu akan dikumpulkan.</text>
      </translation>
    </translations>
    <rules>[{"start": 122, "end": 125, "rule_id": 0}, {"start": 175, "end": 178, "rule_id": 0}]</rules>
  </verse>
  <verse>
    <verseIdArabic>٢٥</verseIdArabic>
    <verseId>25</verseId>
    <chapterId>8</chapterId>
    <textIndopak>وَٱتَّقُواْ فِتۡنَةٗ لَّا تُصِيبَنَّ ٱلَّذِينَ ظَلَمُواْ مِنكُمۡ خَآصَّةٗۖ وَٱعۡلَمُوٓاْ أَنَّ ٱللَّهَ شَدِيدُ ٱلۡعِقَابِ</textIndopak>
    <translations>
      <translation>
        <author>King Fahad Quran Complex</author>
        <text>Dan peliharalah dirimu dari siksaan yang tidak khusus menimpa orang-orang yang zalim saja di antara kamu. Dan ketahuilah bahwa Allah amat keras siksaan-Nya.</text>
      </translation>
    </translations>
    <rules>[{"start": 33, "end": 36, "rule_id": 0}, {"start": 93, "end": 96, "rule_id": 0}, {"start": 121, "end": 123, "rule_id": 1}, {"start": 72, "end": 79, "rule_id": 3}, {"start": 18, "end": 24, "rule_id": 5}, {"start": 59, "end": 62, "rule_id": 6}]</rules>
  </verse>
  <verse>
    <verseIdArabic>٢٦</verseIdArabic>
    <verseId>26</verseId>
    <chapterId>8</chapterId>
    <textIndopak>وَٱذۡكُرُوٓاْ إِذۡ أَنتُمۡ قَلِيلٞ مُّسۡتَضۡعَفُونَ فِي ٱلۡأَرۡضِ تَخَافُونَ أَن يَتَخَطَّفَكُمُ ٱلنَّاسُ فَـَٔاوَىٰكُمۡ وَأَيَّدَكُم بِنَصۡرِهِۦ وَرَزَقَكُم مِّنَ ٱلطَّيِّبَٰتِ لَعَلَّكُمۡ تَشۡكُرُونَ</textIndopak>
    <translations>
      <translation>
        <author>King Fahad Quran Complex</author>
        <text>Dan ingatlah (hai para muhajirin) ketika kamu masih berjumlah sedikit lagi tertindas di muka bumi (Mekah), kamu takut orang-orang (Mekah) akan menculik kamu, maka Allah memberi kamu tempat menetap (Madinah) dan dijadikan-Nya kamu kuat dengan pertolongan-Nya dan diberi-Nya kamu rezeki dari yang baik-baik agar kamu bersyukur.</text>
      </translation>
    </translations>
    <rules>[{"start": 35, "end": 38, "rule_id": 0}, {"start": 99, "end": 102, "rule_id": 0}, {"start": 158, "end": 161, "rule_id": 0}, {"start": 79, "end": 83, "rule_id": 3}, {"start": 32, "end": 38, "rule_id": 3}, {"start": 156, "end": 161, "rule_id": 4}, {"start": 21, "end": 24, "rule_id": 6}, {"start": 132, "end": 136, "rule_id": 7}]</rules>
  </verse>
  <verse>
    <verseIdArabic>٢٧</verseIdArabic>
    <verseId>27</verseId>
    <chapterId>8</chapterId>
    <textIndopak>يَٰٓأَيُّهَا ٱلَّذِينَ ءَامَنُواْ لَا تَخُونُواْ ٱللَّهَ وَٱلرَّسُولَ وَتَخُونُوٓاْ أَمَٰنَٰتِكُمۡ وَأَنتُمۡ تَعۡلَمُونَ</textIndopak>
    <translations>
      <translation>
        <author>King Fahad Quran Complex</author>
        <text>Hai orang-orang yang beriman, janganlah kamu mengkhianati Allah dan Rasul (Muhammad), dan (juga) janganlah kamu mengkhianati amanat-amanat yang dipercayakan kepadamu, sedang kamu mengetahui.</text>
      </translation>
    </translations>
    <rules>[{"start": 103, "end": 106, "rule_id": 6}]</rules>
  </verse>
  <verse>
    <verseIdArabic>٢٨</verseIdArabic>
    <verseId>28</verseId>
    <chapterId>8</chapterId>
    <textIndopak>وَٱعۡلَمُوٓاْ أَنَّمَآ أَمۡوَٰلُكُمۡ وَأَوۡلَٰدُكُمۡ فِتۡنَةٞ وَأَنَّ ٱللَّهَ عِندَهُۥٓ أَجۡرٌ عَظِيمٞ</textIndopak>
    <translations>
      <translation>
        <author>King Fahad Quran Complex</author>
        <text>Dan ketahuilah bahwa hartamu dan anak-anakmu itu hanyalah sebagai cobaan dan sesungguhnya di sisi Allah-lah pahala yang besar.</text>
      </translation>
    </translations>
    <rules>[{"start": 16, "end": 19, "rule_id": 0}, {"start": 67, "end": 70, "rule_id": 0}, {"start": 91, "end": 93, "rule_id": 1}, {"start": 60, "end": 65, "rule_id": 3}, {"start": 81, "end": 84, "rule_id": 6}]</rules>
  </verse>
  <verse>
    <verseIdArabic>٢٩</verseIdArabic>
    <verseId>29</verseId>
    <chapterId>8</chapterId>
    <textIndopak>يَٰٓأَيُّهَا ٱلَّذِينَ ءَامَنُوٓاْ إِن تَتَّقُواْ ٱللَّهَ يَجۡعَل لَّكُمۡ فُرۡقَانٗا وَيُكَفِّرۡ عَنكُمۡ سَيِّـَٔاتِكُمۡ وَيَغۡفِرۡ لَكُمۡۗ وَٱللَّهُ ذُو ٱلۡفَضۡلِ ٱلۡعَظِيمِ</textIndopak>
    <translations>
      <translation>
        <author>King Fahad Quran Complex</author>
        <text>Hai orang-orang beriman, jika kamu bertakwa kepada Allah, niscaya Dia akan memberikan kepadamu Furqān. Dan menghapuskan segala kesalahan-kesalahanmu, dan mengampuni (dosa-dosa)mu. Dan Allah mempunyai karunia yang besar.</text>
      </translation>
    </translations>
    <rules>[{"start": 60, "end": 62, "rule_id": 1}, {"start": 81, "end": 87, "rule_id": 3}, {"start": 37, "end": 41, "rule_id": 6}, {"start": 99, "end": 102, "rule_id": 6}]</rules>
  </verse>
  <verse>
    <verseIdArabic>٣٠</verseIdArabic>
    <verseId>30</verseId>
    <chapterId>8</chapterId>
    <textIndopak>وَإِذۡ يَمۡكُرُ بِكَ ٱلَّذِينَ كَفَرُواْ لِيُثۡبِتُوكَ أَوۡ يَقۡتُلُوكَ أَوۡ يُخۡرِجُوكَۚ وَيَمۡكُرُونَ وَيَمۡكُرُ ٱللَّهُۖ وَٱللَّهُ خَيۡرُ ٱلۡمَٰكِرِينَ</textIndopak>
    <translations>
      <translation>
        <author>King Fahad Quran Complex</author>
        <text>Dan (ingatlah), ketika orang-orang kafir (Quraisy) memikirkan daya upaya terhadapmu untuk menangkap dan memenjarakanmu, atau membunuhmu, atau mengusirmu. Mereka memikirkan tipu daya dan Allah menggagalkan tipu daya itu. Dan Allah sebaik-baik Pembalas tipu daya.</text>
      </translation>
    </translations>
    <rules>[{"start": 62, "end": 64, "rule_id": 1}]</rules>
  </verse>
  <verse>
    <verseIdArabic>٣١</verseIdArabic>
    <verseId>31</verseId>
    <chapterId>8</chapterId>
    <textIndopak>وَإِذَا تُتۡلَىٰ عَلَيۡهِمۡ ءَايَٰتُنَا قَالُواْ قَدۡ سَمِعۡنَا لَوۡ نَشَآءُ لَقُلۡنَا مِثۡلَ هَٰذَآ إِنۡ هَٰذَآ إِلَّآ أَسَٰطِيرُ ٱلۡأَوَّلِينَ</textIndopak>
    <translations>
      <translation>
        <author>King Fahad Quran Complex</author>
        <text>Dan apabila dibacakan kepada mereka ayat-ayat Kami, mereka berkata, "Sesungguhnya kami telah mendengar (ayat-ayat yang seperti ini), kalau kami menhendaki niscaya kami dapat membacakan yang seperti ini, (Al-Qur`ān) ini tidak lain hanyalah dongengan-dongengan orang-orang purbakala".</text>
      </translation>
    </translations>
    <rules>[{"start": 51, "end": 53, "rule_id": 1}]</rules>
  </verse>
  <verse>
    <verseIdArabic>٣٢</verseIdArabic>
    <verseId>32</verseId>
    <chapterId>8</chapterId>
    <textIndopak>وَإِذۡ قَالُواْ ٱللَّهُمَّ إِن كَانَ هَٰذَا هُوَ ٱلۡحَقَّ مِنۡ عِندِكَ فَأَمۡطِرۡ عَلَيۡنَا حِجَارَةٗ مِّنَ ٱلسَّمَآءِ أَوِ ٱئۡتِنَا بِعَذَابٍ أَلِيمٖ</textIndopak>
    <translations>
      <translation>
        <author>King Fahad Quran Complex</author>
        <text>Dan (ingatlah), ketika mereka (orang-orang musyrik) berkata, "Ya Allah, jika betul (Al-Qur`ān) ini, dialah yang benar dari sisi Engkau, maka hujanilah kami dengan batu dari langit, atau datangkanlah kepada kami azab yang pedih".</text>
      </translation>
    </translations>
    <rules>[{"start": 23, "end": 26, "rule_id": 0}, {"start": 102, "end": 105, "rule_id": 0}, {"start": 99, "end": 105, "rule_id": 3}, {"start": 29, "end": 33, "rule_id": 6}, {"start": 65, "end": 68, "rule_id": 6}]</rules>
  </verse>
  <verse>
    <verseIdArabic>٣٣</verseIdArabic>
    <verseId>33</verseId>
    <chapterId>8</chapterId>
    <textIndopak>وَمَا كَانَ ٱللَّهُ لِيُعَذِّبَهُمۡ وَأَنتَ فِيهِمۡۚ وَمَا كَانَ ٱللَّهُ مُعَذِّبَهُمۡ وَهُمۡ يَسۡتَغۡفِرُونَ</textIndopak>
    <translations>
      <translation>
        <author>King Fahad Quran Complex</author>
        <text>Dan Allah sekali-kali tidak akan mengazab mereka, sedang kamu berada di antara mereka. Dan tidaklah (pula) Allah akan mengazab mereka, sedang mereka meminta ampun.</text>
      </translation>
    </translations>
    <rules>[{"start": 40, "end": 43, "rule_id": 6}]</rules>
  </verse>
  <verse>
    <verseIdArabic>٣٤</verseIdArabic>
    <verseId>34</verseId>
    <chapterId>8</chapterId>
    <textIndopak>وَمَا لَهُمۡ أَلَّا يُعَذِّبَهُمُ ٱللَّهُ وَهُمۡ يَصُدُّونَ عَنِ ٱلۡمَسۡجِدِ ٱلۡحَرَامِ وَمَا كَانُوٓاْ أَوۡلِيَآءَهُۥٓۚ إِنۡ أَوۡلِيَآؤُهُۥٓ إِلَّا ٱلۡمُتَّقُونَ وَلَٰكِنَّ أَكۡثَرَهُمۡ لَا يَعۡلَمُونَ</textIndopak>
    <translations>
      <translation>
        <author>King Fahad Quran Complex</author>
        <text>Kenapa Allah tidak mengazab mereka padahal mereka menghalangi orang untuk (mendatangi) Masjidil Haram, dan mereka bukanlah orang-orang yang berhak menguasainya? Orang-orang yang berhak menguasai(nya) hanyalah orang-orang yang bertakwa, tetapi kebanyakan mereka tidak mengetahui.</text>
      </translation>
    </translations>
    <rules>[{"start": 173, "end": 176, "rule_id": 0}]</rules>
  </verse>
  <verse>
    <verseIdArabic>٣٥</verseIdArabic>
    <verseId>35</verseId>
    <chapterId>8</chapterId>
    <textIndopak>وَمَا كَانَ صَلَاتُهُمۡ عِندَ ٱلۡبَيۡتِ إِلَّا مُكَآءٗ وَتَصۡدِيَةٗۚ فَذُوقُواْ ٱلۡعَذَابَ بِمَا كُنتُمۡ تَكۡفُرُونَ</textIndopak>
    <translations>
      <translation>
        <author>King Fahad Quran Complex</author>
        <text>Salat mereka di sekitar Baitullah itu, lain tidak hanyalah siulan dan tepukan tangan. Maka rasakanlah azab disebabkan kekafiranmu itu.</text>
      </translation>
    </translations>
    <rules>[{"start": 53, "end": 58, "rule_id": 3}, {"start": 26, "end": 29, "rule_id": 6}, {"start": 101, "end": 104, "rule_id": 6}]</rules>
  </verse>
  <verse>
    <verseIdArabic>٣٦</verseIdArabic>
    <verseId>36</verseId>
    <chapterId>8</chapterId>
    <textIndopak>إِنَّ ٱلَّذِينَ كَفَرُواْ يُنفِقُونَ أَمۡوَٰلَهُمۡ لِيَصُدُّواْ عَن سَبِيلِ ٱللَّهِۚ فَسَيُنفِقُونَهَا ثُمَّ تَكُونُ عَلَيۡهِمۡ حَسۡرَةٗ ثُمَّ يُغۡلَبُونَۗ وَٱلَّذِينَ كَفَرُوٓاْ إِلَىٰ جَهَنَّمَ يُحۡشَرُونَ</textIndopak>
    <translations>
      <translation>
        <author>King Fahad Quran Complex</author>
        <text>Sesungguhnya orang-orang yang kafir itu menafkahkan harta mereka untuk menghalangi (orang) dari jalan Allah. Mereka akan menafkahkan harta itu, kemudian menjadi sesalan bagi mereka, dan mereka akan dikalahkan. Dan ke dalam neraka Jahanamlah orang-orang yang kafir itu dikumpulkan,</text>
      </translation>
    </translations>
    <rules>[{"start": 2, "end": 5, "rule_id": 0}, {"start": 106, "end": 109, "rule_id": 0}, {"start": 140, "end": 143, "rule_id": 0}, {"start": 192, "end": 195, "rule_id": 0}, {"start": 28, "end": 31, "rule_id": 6}, {"start": 66, "end": 70, "rule_id": 6}, {"start": 92, "end": 95, "rule_id": 6}, {"start": 135, "end": 140, "rule_id": 6}]</rules>
  </verse>
  <verse>
    <verseIdArabic>٣٧</verseIdArabic>
    <verseId>37</verseId>
    <chapterId>8</chapterId>
    <textIndopak>لِيَمِيزَ ٱللَّهُ ٱلۡخَبِيثَ مِنَ ٱلطَّيِّبِ وَيَجۡعَلَ ٱلۡخَبِيثَ بَعۡضَهُۥ عَلَىٰ بَعۡضٖ فَيَرۡكُمَهُۥ جَمِيعٗا فَيَجۡعَلَهُۥ فِي جَهَنَّمَۚ أُوْلَٰٓئِكَ هُمُ ٱلۡخَٰسِرُونَ</textIndopak>
    <translations>
      <translation>
        <author>King Fahad Quran Complex</author>
        <text>supaya Allah memisahkan (golongan) yang buruk dari yang baik dan menjadikan (golongan) yang buruk itu sebagiannya di atas sebagian yang lain, lalu kesemuanya ditumpukkan-Nya, dan dimasukkan-Nya ke dalam neraka Jahanam. Mereka itulah orang-orang yang merugi.</text>
      </translation>
    </translations>
    <rules>[{"start": 136, "end": 139, "rule_id": 0}, {"start": 49, "end": 51, "rule_id": 1}, {"start": 118, "end": 120, "rule_id": 1}, {"start": 88, "end": 93, "rule_id": 6}]</rules>
  </verse>
  <verse>
    <verseIdArabic>٣٨</verseIdArabic>
    <verseId>38</verseId>
    <chapterId>8</chapterId>
    <textIndopak>قُل لِّلَّذِينَ كَفَرُوٓاْ إِن يَنتَهُواْ يُغۡفَرۡ لَهُم مَّا قَدۡ سَلَفَ وَإِن يَعُودُواْ فَقَدۡ مَضَتۡ سُنَّتُ ٱلۡأَوَّلِينَ</textIndopak>
    <translations>
      <translation>
        <author>King Fahad Quran Complex</author>
        <text>Katakanlah kepada orang-orang yang kafir itu, "Jika mereka berhenti (dari kekafirannya), niscaya Allah akan mengampuni mereka tentang dosa-dosa mereka yang sudah lalu; dan jika mereka kembali lagi, sesungguhnya akan berlaku (kepada mereka) sunah (Allah terhadap) orang-orang dahulu".</text>
      </translation>
    </translations>
    <rules>[{"start": 57, "end": 60, "rule_id": 0}, {"start": 107, "end": 110, "rule_id": 0}, {"start": 64, "end": 66, "rule_id": 1}, {"start": 95, "end": 97, "rule_id": 1}, {"start": 29, "end": 33, "rule_id": 3}, {"start": 78, "end": 82, "rule_id": 3}, {"start": 55, "end": 60, "rule_id": 4}, {"start": 33, "end": 36, "rule_id": 6}]</rules>
  </verse>
  <verse>
    <verseIdArabic>٣٩</verseIdArabic>
    <verseId>39</verseId>
    <chapterId>8</chapterId>
    <textIndopak>وَقَٰتِلُوهُمۡ حَتَّىٰ لَا تَكُونَ فِتۡنَةٞ وَيَكُونَ ٱلدِّينُ كُلُّهُۥ لِلَّهِۚ فَإِنِ ٱنتَهَوۡاْ فَإِنَّ ٱللَّهَ بِمَا يَعۡمَلُونَ بَصِيرٞ</textIndopak>
    <translations>
      <translation>
        <author>King Fahad Quran Complex</author>
        <text>Dan perangilah mereka supaya jangan ada fitnah dan supaya agama itu semata-mata untuk Allah. Jika mereka berhenti (dari kekafiran), maka sesungguhnya Allah Maha Melihat apa yang mereka kerjakan.</text>
      </translation>
    </translations>
    <rules>[{"start": 104, "end": 107, "rule_id": 0}, {"start": 41, "end": 46, "rule_id": 3}, {"start": 90, "end": 93, "rule_id": 6}]</rules>
  </verse>
  <verse>
    <verseIdArabic>٤٠</verseIdArabic>
    <verseId>40</verseId>
    <chapterId>8</chapterId>
    <textIndopak>وَإِن تَوَلَّوۡاْ فَٱعۡلَمُوٓاْ أَنَّ ٱللَّهَ مَوۡلَىٰكُمۡۚ نِعۡمَ ٱلۡمَوۡلَىٰ وَنِعۡمَ ٱلنَّصِيرُ</textIndopak>
    <translations>
      <translation>
        <author>King Fahad Quran Complex</author>
        <text>Dan jika mereka berpaling, maka ketahuilah bahwasanya Allah Pelindungmu. Dia adalah sebaik-baik Pelindung dan sebaik-baik penolong.</text>
      </translation>
    </translations>
    <rules>[{"start": 34, "end": 37, "rule_id": 0}, {"start": 91, "end": 94, "rule_id": 0}, {"start": 4, "end": 8, "rule_id": 6}]</rules>
  </verse>
  <verse>
    <verseIdArabic>٤١</verseIdArabic>
    <verseId>41</verseId>
    <chapterId>8</chapterId>
    <textIndopak>۞ وَٱعۡلَمُوٓاْ أَنَّمَا غَنِمۡتُم مِّن شَيۡءٖ فَأَنَّ لِلَّهِ خُمُسَهُۥ وَلِلرَّسُولِ وَلِذِي ٱلۡقُرۡبَىٰ وَٱلۡيَتَٰمَىٰ وَٱلۡمَسَٰكِينِ وَٱبۡنِ ٱلسَّبِيلِ إِن كُنتُمۡ ءَامَنتُم بِٱللَّهِ وَمَآ أَنزَلۡنَا عَلَىٰ عَبۡدِنَا يَوۡمَ ٱلۡفُرۡقَانِ يَوۡمَ ٱلۡتَقَى ٱلۡجَمۡعَانِۗ وَٱللَّهُ عَلَىٰ كُلِّ شَيۡءٖ قَدِيرٌ</textIndopak>
    <translations>
      <translation>
        <author>King Fahad Quran Complex</author>
        <text>Ketahuilah, sesungguhnya apa saja yang dapat kamu peroleh sebagai rampasan perang, maka sesungguhnya seperlima untuk Allah, rasul, kerabat rasul, anak-anak yatim, orang-orang miskin dan ibnus sabīl, jika kamu beriman kepada Allah dan kepada apa yang kami turunkan kepada hamba Kami (Muhammad) di hari Furqān, yaitu di hari bertemunya dua pasukan. Dan Allah Maha Kuasa atas segala sesuatu.</text>
      </translation>
    </translations>
    <rules>[{"start": 18, "end": 21, "rule_id": 0}, {"start": 35, "end": 38, "rule_id": 0}, {"start": 51, "end": 54, "rule_id": 0}, {"start": 141, "end": 143, "rule_id": 1}, {"start": 216, "end": 218, "rule_id": 1}, {"start": 33, "end": 38, "rule_id": 4}, {"start": 38, "end": 42, "rule_id": 6}, {"start": 159, "end": 163, "rule_id": 6}, {"start": 163, "end": 166, "rule_id": 6}, {"start": 174, "end": 177, "rule_id": 6}, {"start": 198, "end": 201, "rule_id": 6}, {"start": 44, "end": 49, "rule_id": 6}, {"start": 302, "end": 307, "rule_id": 6}, {"start": 177, "end": 181, "rule_id": 7}]</rules>
  </verse>
  <verse>
    <verseIdArabic>٤٢</verseIdArabic>
    <verseId>42</verseId>
    <chapterId>8</chapterId>
    <textIndopak>إِذۡ أَنتُم بِٱلۡعُدۡوَةِ ٱلدُّنۡيَا وَهُم بِٱلۡعُدۡوَةِ ٱلۡقُصۡوَىٰ وَٱلرَّكۡبُ أَسۡفَلَ مِنكُمۡۚ وَلَوۡ تَوَاعَدتُّمۡ لَٱخۡتَلَفۡتُمۡ فِي ٱلۡمِيعَٰدِ وَلَٰكِن لِّيَقۡضِيَ ٱللَّهُ أَمۡرٗا كَانَ مَفۡعُولٗا لِّيَهۡلِكَ مَنۡ هَلَكَ عَنۢ بَيِّنَةٖ وَيَحۡيَىٰ مَنۡ حَيَّ عَنۢ بَيِّنَةٖۗ وَإِنَّ ٱللَّهَ لَسَمِيعٌ عَلِيمٌ</textIndopak>
    <translations>
      <translation>
        <author>King Fahad Quran Complex</author>
        <text>(Yaitu di hari) ketika kamu berada di pinggir lembah yang dekat dan mereka berada di pinggir lembah yang jauh, sedang kafilah itu berada di bawah kamu. Sekiranya kamu mengadakan persetujuan (untuk menentukan hari pertempuran), pastilah kamu tidak sependapat dalam menentukan hari pertempuran itu, akan tetapi (Allah mempertemukan dua pasukan itu) agar Dia melakukan suatu urusan yang mesti dilaksanakan, yaitu agar orang yang binasa itu binasanya dengan keterangan yang nyata dan agar orang yang hidup itu hidupnya dengan keterangan yang nyata (pula). Sesungguhnya Allah Maha Mendengar lagi Maha Mengetahui,</text>
      </translation>
    </translations>
    <rules>[{"start": 291, "end": 294, "rule_id": 0}, {"start": 19, "end": 21, "rule_id": 1}, {"start": 50, "end": 52, "rule_id": 1}, {"start": 169, "end": 171, "rule_id": 1}, {"start": 235, "end": 240, "rule_id": 2}, {"start": 272, "end": 277, "rule_id": 2}, {"start": 245, "end": 250, "rule_id": 3}, {"start": 162, "end": 167, "rule_id": 5}, {"start": 205, "end": 212, "rule_id": 5}, {"start": 7, "end": 10, "rule_id": 6}, {"start": 92, "end": 95, "rule_id": 6}, {"start": 10, "end": 14, "rule_id": 7}, {"start": 41, "end": 45, "rule_id": 7}]</rules>
  </verse>
  <verse>
    <verseIdArabic>٤٣</verseIdArabic>
    <verseId>43</verseId>
    <chapterId>8</chapterId>
    <textIndopak>إِذۡ يُرِيكَهُمُ ٱللَّهُ فِي مَنَامِكَ قَلِيلٗاۖ وَلَوۡ أَرَىٰكَهُمۡ كَثِيرٗا لَّفَشِلۡتُمۡ وَلَتَنَٰزَعۡتُمۡ فِي ٱلۡأَمۡرِ وَلَٰكِنَّ ٱللَّهَ سَلَّمَۚ إِنَّهُۥ عَلِيمُۢ بِذَاتِ ٱلصُّدُورِ</textIndopak>
    <translations>
      <translation>
        <author>King Fahad Quran Complex</author>
        <text>(yaitu) ketika Allah menampakkan mereka kepadamu di dalam mimpimu (berjumlah) sedikit. Dan sekiranya Allah memperlihatkan mereka kepada kamu (berjumlah) banyak tentu saja kamu menjadi gentar dan tentu saja kamu akan berbantah-bantahan dalam urusan itu, akan tetapi Allah telah menyelamatkan kamu. Sesungguhnya Allah Maha Mengetahui segala isi hati.</text>
      </translation>
    </translations>
    <rules>[{"start": 132, "end": 135, "rule_id": 0}, {"start": 156, "end": 159, "rule_id": 0}, {"start": 168, "end": 174, "rule_id": 2}, {"start": 44, "end": 52, "rule_id": 3}, {"start": 75, "end": 82, "rule_id": 5}]</rules>
  </verse>
  <verse>
    <verseIdArabic>٤٤</verseIdArabic>
    <verseId>44</verseId>
    <chapterId>8</chapterId>
    <textIndopak>وَإِذۡ يُرِيكُمُوهُمۡ إِذِ ٱلۡتَقَيۡتُمۡ فِيٓ أَعۡيُنِكُمۡ قَلِيلٗا وَيُقَلِّلُكُمۡ فِيٓ أَعۡيُنِهِمۡ لِيَقۡضِيَ ٱللَّهُ أَمۡرٗا كَانَ مَفۡعُولٗاۗ وَإِلَى ٱللَّهِ تُرۡجَعُ ٱلۡأُمُورُ</textIndopak>
    <translations>
      <translation>
        <author>King Fahad Quran Complex</author>
        <text>Dan ketika Allah menampakkan mereka kepada kamu sekalian, ketika kamu berjumpa dengan mereka berjumlah sedikit pada penglihatan matamu dan kamu ditampakkan-Nya berjumlah sedikit pada penglihatan mata mereka, karena Allah hendak melakukan suatu urusan yang mesti dilaksanakan. Dan hanyalah kepada Allah-lah dikembalikan segala urusan.</text>
      </translation>
    </translations>
    <rules>[{"start": 106, "end": 108, "rule_id": 1}, {"start": 64, "end": 70, "rule_id": 3}]</rules>
  </verse>
  <verse>
    <verseIdArabic>٤٥</verseIdArabic>
    <verseId>45</verseId>
    <chapterId>8</chapterId>
    <textIndopak>يَٰٓأَيُّهَا ٱلَّذِينَ ءَامَنُوٓاْ إِذَا لَقِيتُمۡ فِئَةٗ فَٱثۡبُتُواْ وَٱذۡكُرُواْ ٱللَّهَ كَثِيرٗا لَّعَلَّكُمۡ تُفۡلِحُونَ</textIndopak>
    <translations>
      <translation>
        <author>King Fahad Quran Complex</author>
        <text>Hai orang-orang yang beriman, apabila kamu memerangi pasukan (musuh), maka berteguh hatilah kamu dan sebutlah (nama) Allah sebanyak-banyaknya agar kamu beruntung.</text>
      </translation>
    </translations>
    <rules>[{"start": 97, "end": 104, "rule_id": 5}, {"start": 55, "end": 60, "rule_id": 6}]</rules>
  </verse>
  <verse>
    <verseIdArabic>٤٦</verseIdArabic>
    <verseId>46</verseId>
    <chapterId>8</chapterId>
    <textIndopak>وَأَطِيعُواْ ٱللَّهَ وَرَسُولَهُۥ وَلَا تَنَٰزَعُواْ فَتَفۡشَلُواْ وَتَذۡهَبَ رِيحُكُمۡۖ وَٱصۡبِرُوٓاْۚ إِنَّ ٱللَّهَ مَعَ ٱلصَّٰبِرِينَ</textIndopak>
    <translations>
      <translation>
        <author>King Fahad Quran Complex</author>
        <text>Dan taatlah kepada Allah dan rasul-Nya dan janganlah kamu berbantah-bantahan, yang menyebabkan kamu menjadi gentar dan hilang kekuatanmu dan bersabarlah. Sesungguhnya Allah beserta orang-orang yang sabar.</text>
      </translation>
    </translations>
    <rules>[{"start": 108, "end": 111, "rule_id": 0}]</rules>
  </verse>
  <verse>
    <verseIdArabic>٤٧</verseIdArabic>
    <verseId>47</verseId>
    <chapterId>8</chapterId>
    <textIndopak>وَلَا تَكُونُواْ كَٱلَّذِينَ خَرَجُواْ مِن دِيَٰرِهِم بَطَرٗا وَرِئَآءَ ٱلنَّاسِ وَيَصُدُّونَ عَن سَبِيلِ ٱللَّهِۚ وَٱللَّهُ بِمَا يَعۡمَلُونَ مُحِيطٞ</textIndopak>
    <translations>
      <translation>
        <author>King Fahad Quran Complex</author>
        <text>Dan janganlah kamu menjadi seperti orang-orang yang keluar dari kampungnya dengan rasa angkuh dan dengan maksud ria kepada manusia serta menghalangi (orang) dari jalan Allah. Dan (ilmu) Allah meliputi apa yang mereka kerjakan.</text>
      </translation>
    </translations>
    <rules>[{"start": 75, "end": 78, "rule_id": 0}, {"start": 150, "end": 152, "rule_id": 1}, {"start": 58, "end": 64, "rule_id": 3}, {"start": 41, "end": 45, "rule_id": 6}, {"start": 97, "end": 101, "rule_id": 6}, {"start": 52, "end": 56, "rule_id": 7}]</rules>
  </verse>
  <verse>
    <verseIdArabic>٤٨</verseIdArabic>
    <verseId>48</verseId>
    <chapterId>8</chapterId>
    <textIndopak>وَإِذۡ زَيَّنَ لَهُمُ ٱلشَّيۡطَٰنُ أَعۡمَٰلَهُمۡ وَقَالَ لَا غَالِبَ لَكُمُ ٱلۡيَوۡمَ مِنَ ٱلنَّاسِ وَإِنِّي جَارٞ لَّكُمۡۖ فَلَمَّا تَرَآءَتِ ٱلۡفِئَتَانِ نَكَصَ عَلَىٰ عَقِبَيۡهِ وَقَالَ إِنِّي بَرِيٓءٞ مِّنكُمۡ إِنِّيٓ أَرَىٰ مَا لَا تَرَوۡنَ إِنِّيٓ أَخَافُ ٱللَّهَۚ وَٱللَّهُ شَدِيدُ ٱلۡعِقَابِ</textIndopak>
    <translations>
      <translation>
        <author>King Fahad Quran Complex</author>
        <text>Dan ketika setan menjadikan mereka memandang baik pekerjaan mereka dan mengatakan, "Tidak ada seorang manusia pun yang dapat menang terhadap kamu pada hari ini, dan sesungguhnya saya ini adalah pelindungmu". Maka tatkala kedua pasukan itu telah dapat saling lihat melihat (berhadapan), setan itu balik ke belakang seraya berkata, "Sesungguhnya saya berlepas diri dari kamu; sesungguhnya saya dapat melihat apa yang kamu sekalian tidak dapat melihat; sesungguhnya saya takut kepada Allah". Dan Allah sangat keras siksa-Nya.</text>
      </translation>
    </translations>
    <rules>[{"start": 93, "end": 96, "rule_id": 0}, {"start": 104, "end": 107, "rule_id": 0}, {"start": 129, "end": 132, "rule_id": 0}, {"start": 193, "end": 196, "rule_id": 0}, {"start": 207, "end": 210, "rule_id": 0}, {"start": 218, "end": 221, "rule_id": 0}, {"start": 250, "end": 253, "rule_id": 0}, {"start": 300, "end": 302, "rule_id": 1}, {"start": 204, "end": 210, "rule_id": 3}, {"start": 112, "end": 118, "rule_id": 5}, {"start": 210, "end": 213, "rule_id": 6}]</rules>
  </verse>
  <verse>
    <verseIdArabic>٤٩</verseIdArabic>
    <verseId>49</verseId>
    <chapterId>8</chapterId>
    <textIndopak>إِذۡ يَقُولُ ٱلۡمُنَٰفِقُونَ وَٱلَّذِينَ فِي قُلُوبِهِم مَّرَضٌ غَرَّ هَٰٓؤُلَآءِ دِينُهُمۡۗ وَمَن يَتَوَكَّلۡ عَلَى ٱللَّهِ فَإِنَّ ٱللَّهَ عَزِيزٌ حَكِيمٞ</textIndopak>
    <translations>
      <translation>
        <author>King Fahad Quran Complex</author>
        <text>(Ingatlah), ketika orang-orang munafik dan orang-orang yang ada penyakit di dalam hatinya berkata, "Mereka itu (orang-orang mukmin) ditipu oleh agamanya". (Allah berfirman), "Barang siapa yang bertawakal kepada Allah, maka sesungguhnya Allah Maha Perkasa lagi Maha Bijaksana".</text>
      </translation>
    </translations>
    <rules>[{"start": 56, "end": 59, "rule_id": 0}, {"start": 131, "end": 134, "rule_id": 0}, {"start": 99, "end": 103, "rule_id": 3}, {"start": 54, "end": 59, "rule_id": 4}]</rules>
  </verse>
  <verse>
    <verseIdArabic>٥٠</verseIdArabic>
    <verseId>50</verseId>
    <chapterId>8</chapterId>
    <textIndopak>وَلَوۡ تَرَىٰٓ إِذۡ يَتَوَفَّى ٱلَّذِينَ كَفَرُواْ ٱلۡمَلَٰٓئِكَةُ يَضۡرِبُونَ وُجُوهَهُمۡ وَأَدۡبَٰرَهُمۡ وَذُوقُواْ عَذَابَ ٱلۡحَرِيقِ</textIndopak>
    <translations>
      <translation>
        <author>King Fahad Quran Complex</author>
        <text>Kalau kamu melihat ketika para malaikat mencabut jiwa orang-orang yang kafir seraya memukul muka dan belakang mereka (dan berkata), "Rasakanlah olehmu siksa neraka yang membakar", (tentulah kamu akan merasa ngeri).</text>
      </translation>
    </translations>
    <rules>[{"start": 97, "end": 99, "rule_id": 1}, {"start": 136, "end": 138, "rule_id": 1}]</rules>
  </verse>
  <verse>
    <verseIdArabic>٥١</verseIdArabic>
    <verseId>51</verseId>
    <chapterId>8</chapterId>
    <textIndopak>ذَٰلِكَ بِمَا قَدَّمَتۡ أَيۡدِيكُمۡ وَأَنَّ ٱللَّهَ لَيۡسَ بِظَلَّٰمٖ لِّلۡعَبِيدِ</textIndopak>
    <translations>
      <translation>
        <author>King Fahad Quran Complex</author>
        <text>Demikian itu disebabkan oleh perbuatan tanganmu sendiri. Sesungguhnya Allah sekali-kali tidak menganiaya hamba-Nya,</text>
      </translation>
    </translations>
    <rules>[{"start": 40, "end": 43, "rule_id": 0}, {"start": 80, "end": 82, "rule_id": 1}, {"start": 67, "end": 73, "rule_id": 5}]</rules>
  </verse>
  <verse>
    <verseIdArabic>٥٢</verseIdArabic>
    <verseId>52</verseId>
    <chapterId>8</chapterId>
    <textIndopak>كَدَأۡبِ ءَالِ فِرۡعَوۡنَ وَٱلَّذِينَ مِن قَبۡلِهِمۡۚ كَفَرُواْ بِـَٔايَٰتِ ٱللَّهِ فَأَخَذَهُمُ ٱللَّهُ بِذُنُوبِهِمۡۚ إِنَّ ٱللَّهَ قَوِيّٞ شَدِيدُ ٱلۡعِقَابِ</textIndopak>
    <translations>
      <translation>
        <author>King Fahad Quran Complex</author>
        <text>(keadaan mereka) serupa dengan keadaan Firʻawn dan pengikut-pengikutnya serta orang-orang yang sebelumnya. Mereka mengingkari ayat-ayat Allah, maka Allah menyiksa mereka disebabkan dosa-dosanya. Sesungguhnya Allah Maha Kuat lagi amat keras siksaan-Nya.</text>
      </translation>
    </translations>
    <rules>[{"start": 126, "end": 129, "rule_id": 0}, {"start": 46, "end": 48, "rule_id": 1}, {"start": 162, "end": 164, "rule_id": 1}, {"start": 42, "end": 46, "rule_id": 6}, {"start": 142, "end": 148, "rule_id": 6}]</rules>
  </verse>
  <verse>
    <verseIdArabic>٥٣</verseIdArabic>
    <verseId>53</verseId>
    <chapterId>8</chapterId>
    <textIndopak>ذَٰلِكَ بِأَنَّ ٱللَّهَ لَمۡ يَكُ مُغَيِّرٗا نِّعۡمَةً أَنۡعَمَهَا عَلَىٰ قَوۡمٍ حَتَّىٰ يُغَيِّرُواْ مَا بِأَنفُسِهِمۡ وَأَنَّ ٱللَّهَ سَمِيعٌ عَلِيمٞ</textIndopak>
    <translations>
      <translation>
        <author>King Fahad Quran Complex</author>
        <text>Yang demikian (siksaan) itu adalah karena sesungguhnya Allah sekali-kali tidak akan merubah sesuatu nikmat yang telah dianugerahkan-Nya kepada suatu kaum, hingga kaum itu merubah apa-apa yang ada pada diri mereka sendiri, dan sesungguhnya Allah Maha Mendengar lagi Maha Mengetahui,</text>
      </translation>
    </translations>
    <rules>[{"start": 12, "end": 15, "rule_id": 0}, {"start": 45, "end": 48, "rule_id": 0}, {"start": 126, "end": 129, "rule_id": 0}, {"start": 41, "end": 48, "rule_id": 3}, {"start": 110, "end": 113, "rule_id": 6}]</rules>
  </verse>
  <verse>
    <verseIdArabic>٥٤</verseIdArabic>
    <verseId>54</verseId>
    <chapterId>8</chapterId>
    <textIndopak>كَدَأۡبِ ءَالِ فِرۡعَوۡنَ وَٱلَّذِينَ مِن قَبۡلِهِمۡۚ كَذَّبُواْ بِـَٔايَٰتِ رَبِّهِمۡ فَأَهۡلَكۡنَٰهُم بِذُنُوبِهِمۡ وَأَغۡرَقۡنَآ ءَالَ فِرۡعَوۡنَۚ وَكُلّٞ كَانُواْ ظَٰلِمِينَ</textIndopak>
    <translations>
      <translation>
        <author>King Fahad Quran Complex</author>
        <text>(keadaan mereka) serupa dengan keadaan Firʻawn dan pengikut-pengikutnya serta orang-orang yang sebelumnya. Mereka mendustakan ayat-ayat Tuhan-nya maka Kami membinasakan mereka disebabkan dosa-dosanya dan Kami tenggelamkan Firʻawn dan pengikut-pengikutnya; dan kesemuanya adalah orang-orang yang zalim.</text>
      </translation>
    </translations>
    <rules>[{"start": 46, "end": 48, "rule_id": 1}, {"start": 129, "end": 131, "rule_id": 1}, {"start": 42, "end": 46, "rule_id": 6}, {"start": 159, "end": 165, "rule_id": 6}, {"start": 105, "end": 109, "rule_id": 7}]</rules>
  </verse>
  <verse>
    <verseIdArabic>٥٥</verseIdArabic>
    <verseId>55</verseId>
    <chapterId>8</chapterId>
    <textIndopak>إِنَّ شَرَّ ٱلدَّوَآبِّ عِندَ ٱللَّهِ ٱلَّذِينَ كَفَرُواْ فَهُمۡ لَا يُؤۡمِنُونَ</textIndopak>
    <translations>
      <translation>
        <author>King Fahad Quran Complex</author>
        <text>Sesungguhnya binatang (makhluk) yang paling buruk di sisi Allah ialah orang-orang yang kafir, karena mereka itu tidak beriman.</text>
      </translation>
    </translations>
    <rules>[{"start": 2, "end": 5, "rule_id": 0}, {"start": 27, "end": 30, "rule_id": 6}]</rules>
  </verse>
  <verse>
    <verseIdArabic>٥٦</verseIdArabic>
    <verseId>56</verseId>
    <chapterId>8</chapterId>
    <textIndopak>ٱلَّذِينَ عَٰهَدتَّ مِنۡهُمۡ ثُمَّ يَنقُضُونَ عَهۡدَهُمۡ فِي كُلِّ مَرَّةٖ وَهُمۡ لَا يَتَّقُونَ</textIndopak>
    <translations>
      <translation>
        <author>King Fahad Quran Complex</author>
        <text>(Yaitu) orang-orang yang kamu telah mengambil perjanjian dari mereka, sesudah itu mereka mengkhianati janjinya pada setiap kalinya, dan mereka tidak takut (akibat-akibatnya).</text>
      </translation>
    </translations>
    <rules>[{"start": 31, "end": 34, "rule_id": 0}, {"start": 72, "end": 77, "rule_id": 3}, {"start": 37, "end": 40, "rule_id": 6}]</rules>
  </verse>
  <verse>
    <verseIdArabic>٥٧</verseIdArabic>
    <verseId>57</verseId>
    <chapterId>8</chapterId>
    <textIndopak>فَإِمَّا تَثۡقَفَنَّهُمۡ فِي ٱلۡحَرۡبِ فَشَرِّدۡ بِهِم مَّنۡ خَلۡفَهُمۡ لَعَلَّهُمۡ يَذَّكَّرُونَ</textIndopak>
    <translations>
      <translation>
        <author>King Fahad Quran Complex</author>
        <text>Jika kamu menemui mereka dalam peperangan, maka cerai-beraikanlah orang-orang yang di belakang mereka dengan (menumpas) mereka, supaya mereka mengambil pelajaran.</text>
      </translation>
    </translations>
    <rules>[{"start": 4, "end": 7, "rule_id": 0}, {"start": 17, "end": 20, "rule_id": 0}, {"start": 55, "end": 58, "rule_id": 0}, {"start": 46, "end": 48, "rule_id": 1}, {"start": 53, "end": 58, "rule_id": 4}]</rules>
  </verse>
  <verse>
    <verseIdArabic>٥٨</verseIdArabic>
    <verseId>58</verseId>
    <chapterId>8</chapterId>
    <textIndopak>وَإِمَّا تَخَافَنَّ مِن قَوۡمٍ خِيَانَةٗ فَٱنۢبِذۡ إِلَيۡهِمۡ عَلَىٰ سَوَآءٍۚ إِنَّ ٱللَّهَ لَا يُحِبُّ ٱلۡخَآئِنِينَ</textIndopak>
    <translations>
      <translation>
        <author>King Fahad Quran Complex</author>
        <text>Dan jika kamu khawatir akan (terjadinya) pengkhianatan dari suatu golongan, maka kembalikanlah perjanjian itu kepada mereka dengan cara yang jujur. Sesungguhnya Allah tidak menyukai orang-orang yang berkhianat.</text>
      </translation>
    </translations>
    <rules>[{"start": 4, "end": 7, "rule_id": 0}, {"start": 16, "end": 19, "rule_id": 0}, {"start": 82, "end": 85, "rule_id": 0}, {"start": 44, "end": 48, "rule_id": 2}, {"start": 22, "end": 26, "rule_id": 6}, {"start": 38, "end": 43, "rule_id": 6}]</rules>
  </verse>
  <verse>
    <verseIdArabic>٥٩</verseIdArabic>
    <verseId>59</verseId>
    <chapterId>8</chapterId>
    <textIndopak>وَلَا يَحۡسَبَنَّ ٱلَّذِينَ كَفَرُواْ سَبَقُوٓاْۚ إِنَّهُمۡ لَا يُعۡجِزُونَ</textIndopak>
    <translations>
      <translation>
        <author>King Fahad Quran Complex</author>
        <text>Dan janganlah orang-orang yang kafir itu mengira bahwa mereka akan dapat lolos (dari kekuasaan Allah). Sesungguhnya mereka tidak dapat melemahkan (Allah).</text>
      </translation>
    </translations>
    <rules>[{"start": 14, "end": 17, "rule_id": 0}, {"start": 53, "end": 56, "rule_id": 0}]</rules>
  </verse>
  <verse>
    <verseIdArabic>٦٠</verseIdArabic>
    <verseId>60</verseId>
    <chapterId>8</chapterId>
    <textIndopak>وَأَعِدُّواْ لَهُم مَّا ٱسۡتَطَعۡتُم مِّن قُوَّةٖ وَمِن رِّبَاطِ ٱلۡخَيۡلِ تُرۡهِبُونَ بِهِۦ عَدُوَّ ٱللَّهِ وَعَدُوَّكُمۡ وَءَاخَرِينَ مِن دُونِهِمۡ لَا تَعۡلَمُونَهُمُ ٱللَّهُ يَعۡلَمُهُمۡۚ وَمَا تُنفِقُواْ مِن شَيۡءٖ فِي سَبِيلِ ٱللَّهِ يُوَفَّ إِلَيۡكُمۡ وَأَنتُمۡ لَا تُظۡلَمُونَ</textIndopak>
    <translations>
      <translation>
        <author>King Fahad Quran Complex</author>
        <text>Dan siapkanlah untuk menghadapi mereka kekuatan apa saja yang kamu sanggupi dan dari kuda-kuda yang ditambat untuk berperang (yang dengan persiapan itu) kamu menggentarkan musuh Allah, musuhmu, dan orang orang selain mereka yang kamu tidak mengetahuinya; sedang Allah mengetahuinya. Apa saja yang kamu nafkahkan pada jalan Allah, niscaya akan dibalas dengan cukup kepadamu dan kamu tidak akan dianiaya (dirugikan).</text>
      </translation>
    </translations>
    <rules>[{"start": 19, "end": 22, "rule_id": 0}, {"start": 37, "end": 40, "rule_id": 0}, {"start": 47, "end": 52, "rule_id": 3}, {"start": 17, "end": 22, "rule_id": 4}, {"start": 35, "end": 40, "rule_id": 4}, {"start": 54, "end": 59, "rule_id": 5}, {"start": 40, "end": 44, "rule_id": 6}, {"start": 138, "end": 142, "rule_id": 6}, {"start": 201, "end": 204, "rule_id": 6}, {"start": 212, "end": 216, "rule_id": 6}, {"start": 264, "end": 267, "rule_id": 6}, {"start": 218, "end": 223, "rule_id": 6}]</rules>
  </verse>
  <verse>
    <verseIdArabic>٦١</verseIdArabic>
    <verseId>61</verseId>
    <chapterId>8</chapterId>
    <textIndopak>۞ وَإِن جَنَحُواْ لِلسَّلۡمِ فَٱجۡنَحۡ لَهَا وَتَوَكَّلۡ عَلَى ٱللَّهِۚ إِنَّهُۥ هُوَ ٱلسَّمِيعُ ٱلۡعَلِيمُ</textIndopak>
    <translations>
      <translation>
        <author>King Fahad Quran Complex</author>
        <text>Dan jika mereka condong kepada perdamaian, maka condonglah kepadanya dan bertawakallah kepada Allah. Sesungguhnya Dia-lah Yang Maha Mendengar lagi Maha Mengetahui.</text>
      </translation>
    </translations>
    <rules>[{"start": 75, "end": 78, "rule_id": 0}, {"start": 32, "end": 34, "rule_id": 1}, {"start": 6, "end": 10, "rule_id": 6}]</rules>
  </verse>
  <verse>
    <verseIdArabic>٦٢</verseIdArabic>
    <verseId>62</verseId>
    <chapterId>8</chapterId>
    <textIndopak>وَإِن يُرِيدُوٓاْ أَن يَخۡدَعُوكَ فَإِنَّ حَسۡبَكَ ٱللَّهُۚ هُوَ ٱلَّذِيٓ أَيَّدَكَ بِنَصۡرِهِۦ وَبِٱلۡمُؤۡمِنِينَ</textIndopak>
    <translations>
      <translation>
        <author>King Fahad Quran Complex</author>
        <text>Dan jika mereka bermaksud hendak menipumu, maka sesungguhnya cukuplah Allah (menjadi pelindungmu). Dia-lah yang memperkuatmu dengan pertolongan-Nya dan dengan para mukmin,</text>
      </translation>
    </translations>
    <rules>[{"start": 38, "end": 41, "rule_id": 0}, {"start": 4, "end": 8, "rule_id": 3}, {"start": 20, "end": 24, "rule_id": 3}]</rules>
  </verse>
  <verse>
    <verseIdArabic>٦٣</verseIdArabic>
    <verseId>63</verseId>
    <chapterId>8</chapterId>
    <textIndopak>وَأَلَّفَ بَيۡنَ قُلُوبِهِمۡۚ لَوۡ أَنفَقۡتَ مَا فِي ٱلۡأَرۡضِ جَمِيعٗا مَّآ أَلَّفۡتَ بَيۡنَ قُلُوبِهِمۡ وَلَٰكِنَّ ٱللَّهَ أَلَّفَ بَيۡنَهُمۡۚ إِنَّهُۥ عَزِيزٌ حَكِيمٞ</textIndopak>
    <translations>
      <translation>
        <author>King Fahad Quran Complex</author>
        <text>dan yang mempersatukan hati mereka (orang-orang yang beriman). Walaupun kamu membelanjakan semua (kekayaan) yang berada di bumi, niscaya kamu tidak dapat mempersatukan hati mereka, akan tetapi Allah telah mempersatukan hati mereka. Sesungguhnya Dia Maha Perkasa lagi Maha Bijaksana.</text>
      </translation>
    </translations>
    <rules>[{"start": 73, "end": 76, "rule_id": 0}, {"start": 115, "end": 118, "rule_id": 0}, {"start": 150, "end": 153, "rule_id": 0}, {"start": 41, "end": 43, "rule_id": 1}, {"start": 69, "end": 76, "rule_id": 3}, {"start": 38, "end": 41, "rule_id": 6}]</rules>
  </verse>
  <verse>
    <verseIdArabic>٦٤</verseIdArabic>
    <verseId>64</verseId>
    <chapterId>8</chapterId>
    <textIndopak>يَٰٓأَيُّهَا ٱلنَّبِيُّ حَسۡبُكَ ٱللَّهُ وَمَنِ ٱتَّبَعَكَ مِنَ ٱلۡمُؤۡمِنِينَ</textIndopak>
    <translations>
      <translation>
        <author>King Fahad Quran Complex</author>
        <text>Hai Nabi, cukuplah Allah (menjadi pelindung) bagimu dan bagi orang-orang mukmin yang mengikutimu.</text>
      </translation>
    </translations>
    <rules>[{"start": 15, "end": 18, "rule_id": 0}]</rules>
  </verse>
  <verse>
    <verseIdArabic>٦٥</verseIdArabic>
    <verseId>65</verseId>
    <chapterId>8</chapterId>
    <textIndopak>يَٰٓأَيُّهَا ٱلنَّبِيُّ حَرِّضِ ٱلۡمُؤۡمِنِينَ عَلَى ٱلۡقِتَالِۚ إِن يَكُن مِّنكُمۡ عِشۡرُونَ صَٰبِرُونَ يَغۡلِبُواْ مِاْئَتَيۡنِۚ وَإِن يَكُن مِّنكُم مِّاْئَةٞ يَغۡلِبُوٓاْ أَلۡفٗا مِّنَ ٱلَّذِينَ كَفَرُواْ بِأَنَّهُمۡ قَوۡمٞ لَّا يَفۡقَهُونَ</textIndopak>
    <translations>
      <translation>
        <author>King Fahad Quran Complex</author>
        <text>Hai Nabi, kobarkanlah semangat para mukmin untuk berperang. Jika ada dua puluh orang yang sabar diantara kamu, niscaya mereka dapat mengalahkan dua ratus orang musuh. Dan jika ada seratus orang (yang sabar) di antaramu, mereka dapat mengalahkan seribu dari pada orang-orang kafir, disebabkan orang-orang kafir itu kaum yang tidak mengerti.</text>
      </translation>
    </translations>
    <rules>[{"start": 15, "end": 18, "rule_id": 0}, {"start": 76, "end": 79, "rule_id": 0}, {"start": 145, "end": 148, "rule_id": 0}, {"start": 153, "end": 156, "rule_id": 0}, {"start": 184, "end": 187, "rule_id": 0}, {"start": 214, "end": 217, "rule_id": 0}, {"start": 68, "end": 72, "rule_id": 3}, {"start": 74, "end": 79, "rule_id": 3}, {"start": 137, "end": 141, "rule_id": 3}, {"start": 143, "end": 148, "rule_id": 3}, {"start": 160, "end": 165, "rule_id": 3}, {"start": 180, "end": 187, "rule_id": 3}, {"start": 151, "end": 156, "rule_id": 4}, {"start": 226, "end": 232, "rule_id": 5}, {"start": 79, "end": 82, "rule_id": 6}, {"start": 148, "end": 151, "rule_id": 6}]</rules>
  </verse>
  <verse>
    <verseIdArabic>٦٦</verseIdArabic>
    <verseId>66</verseId>
    <chapterId>8</chapterId>
    <textIndopak>ٱلۡـَٰٔنَ خَفَّفَ ٱللَّهُ عَنكُمۡ وَعَلِمَ أَنَّ فِيكُمۡ ضَعۡفٗاۚ فَإِن يَكُن مِّنكُم مِّاْئَةٞ صَابِرَةٞ يَغۡلِبُواْ مِاْئَتَيۡنِۚ وَإِن يَكُن مِّنكُمۡ أَلۡفٞ يَغۡلِبُوٓاْ أَلۡفَيۡنِ بِإِذۡنِ ٱللَّهِۗ وَٱللَّهُ مَعَ ٱلصَّٰبِرِينَ</textIndopak>
    <translations>
      <translation>
        <author>King Fahad Quran Complex</author>
        <text>Sekarang Allah telah meringankan kepadamu dan dia telah mengetahui bahwa padamu ada kelemahan. Maka jika ada diantaramu seratus orang yang sabar, niscaya mereka dapat mengalahkan dua ratus orang; dan jika diantaramu ada seribu orang (yang sabar), niscaya mereka dapat mengalahkan dua ribu orang dengan seizin Allah. Dan Allah beserta orang-orang yang sabar.</text>
      </translation>
    </translations>
    <rules>[{"start": 45, "end": 48, "rule_id": 0}, {"start": 79, "end": 82, "rule_id": 0}, {"start": 87, "end": 90, "rule_id": 0}, {"start": 146, "end": 149, "rule_id": 0}, {"start": 71, "end": 75, "rule_id": 3}, {"start": 77, "end": 82, "rule_id": 3}, {"start": 138, "end": 142, "rule_id": 3}, {"start": 144, "end": 149, "rule_id": 3}, {"start": 104, "end": 109, "rule_id": 3}, {"start": 159, "end": 164, "rule_id": 3}, {"start": 85, "end": 90, "rule_id": 4}, {"start": 28, "end": 31, "rule_id": 6}, {"start": 82, "end": 85, "rule_id": 6}, {"start": 149, "end": 152, "rule_id": 6}, {"start": 94, "end": 99, "rule_id": 6}]</rules>
  </verse>
  <verse>
    <verseIdArabic>٦٧</verseIdArabic>
    <verseId>67</verseId>
    <chapterId>8</chapterId>
    <textIndopak>مَا كَانَ لِنَبِيٍّ أَن يَكُونَ لَهُۥٓ أَسۡرَىٰ حَتَّىٰ يُثۡخِنَ فِي ٱلۡأَرۡضِۚ تُرِيدُونَ عَرَضَ ٱلدُّنۡيَا وَٱللَّهُ يُرِيدُ ٱلۡأٓخِرَةَۗ وَٱللَّهُ عَزِيزٌ حَكِيمٞ</textIndopak>
    <translations>
      <translation>
        <author>King Fahad Quran Complex</author>
        <text>Tidak patut bagi seorang nabi mempunyai tawanan sebelum ia dapat melumpuhkan musuhnya di muka bumi. Kamu menghendaki harta benda duniawi, sedangkan Allah menghendaki (pahala) akhirat (untukmu). Dan Allah Maha Perkasa lagi Maha Bijaksana.</text>
      </translation>
    </translations>
    <rules>[{"start": 22, "end": 26, "rule_id": 3}]</rules>
  </verse>
  <verse>
    <verseIdArabic>٦٨</verseIdArabic>
    <verseId>68</verseId>
    <chapterId>8</chapterId>
    <textIndopak>لَّوۡلَا كِتَٰبٞ مِّنَ ٱللَّهِ سَبَقَ لَمَسَّكُمۡ فِيمَآ أَخَذۡتُمۡ عَذَابٌ عَظِيمٞ</textIndopak>
    <translations>
      <translation>
        <author>King Fahad Quran Complex</author>
        <text>Kalau sekiranya tidak ada ketetapan yang telah terdahulu dari Allah, niscaya kamu ditimpa siksaan yang besar karena tebusan yang kamu ambil.</text>
      </translation>
    </translations>
    <rules>[{"start": 17, "end": 20, "rule_id": 0}, {"start": 14, "end": 20, "rule_id": 3}]</rules>
  </verse>
  <verse>
    <verseIdArabic>٦٩</verseIdArabic>
    <verseId>69</verseId>
    <chapterId>8</chapterId>
    <textIndopak>فَكُلُواْ مِمَّا غَنِمۡتُمۡ حَلَٰلٗا طَيِّبٗاۚ وَٱتَّقُواْ ٱللَّهَۚ إِنَّ ٱللَّهَ غَفُورٞ رَّحِيمٞ</textIndopak>
    <translations>
      <translation>
        <author>King Fahad Quran Complex</author>
        <text>Maka makanlah dari sebagian rampasan perang yang telah kamu ambil itu, sebagai makanan yang halal lagi baik, dan bertakwalah kepada Allah; sesungguhnya Allah Maha Pengampun lagi Maha Penyayang.</text>
      </translation>
    </translations>
    <rules>[{"start": 12, "end": 15, "rule_id": 0}, {"start": 72, "end": 75, "rule_id": 0}, {"start": 89, "end": 95, "rule_id": 5}]</rules>
  </verse>
  <verse>
    <verseIdArabic>٧٠</verseIdArabic>
    <verseId>70</verseId>
    <chapterId>8</chapterId>
    <textIndopak>يَٰٓأَيُّهَا ٱلنَّبِيُّ قُل لِّمَن فِيٓ أَيۡدِيكُم مِّنَ ٱلۡأَسۡرَىٰٓ إِن يَعۡلَمِ ٱللَّهُ فِي قُلُوبِكُمۡ خَيۡرٗا يُؤۡتِكُمۡ خَيۡرٗا مِّمَّآ أُخِذَ مِنكُمۡ وَيَغۡفِرۡ لَكُمۡۚ وَٱللَّهُ غَفُورٞ رَّحِيمٞ</textIndopak>
    <translations>
      <translation>
        <author>King Fahad Quran Complex</author>
        <text>Hai Nabi, katakanlah kepada tawanan-tawanan yang ada di tanganmu, "Jika Allah mengetahui ada kebaikan dalam hatimu, niscaya Dia akan memberikan kepadamu yang lebih baik dari apa yang telah diambil darimu, dan Dia akan mengampuni kamu". Dan Allah Maha Pengampun lagi Maha Penyayang.</text>
      </translation>
    </translations>
    <rules>[{"start": 15, "end": 18, "rule_id": 0}, {"start": 51, "end": 54, "rule_id": 0}, {"start": 134, "end": 137, "rule_id": 0}, {"start": 137, "end": 140, "rule_id": 0}, {"start": 72, "end": 76, "rule_id": 3}, {"start": 111, "end": 117, "rule_id": 3}, {"start": 130, "end": 137, "rule_id": 3}, {"start": 49, "end": 54, "rule_id": 4}, {"start": 193, "end": 199, "rule_id": 5}, {"start": 33, "end": 37, "rule_id": 6}, {"start": 152, "end": 155, "rule_id": 6}]</rules>
  </verse>
  <verse>
    <verseIdArabic>٧١</verseIdArabic>
    <verseId>71</verseId>
    <chapterId>8</chapterId>
    <textIndopak>وَإِن يُرِيدُواْ خِيَانَتَكَ فَقَدۡ خَانُواْ ٱللَّهَ مِن قَبۡلُ فَأَمۡكَنَ مِنۡهُمۡۗ وَٱللَّهُ عَلِيمٌ حَكِيمٌ</textIndopak>
    <translations>
      <translation>
        <author>King Fahad Quran Complex</author>
        <text>Akan tetapi, jika mereka (tawanan-tawanan itu) bermaksud hendak berkhianat kepadamu, maka sesungguhnya mereka telah berkhianat kepada Allah sebelum ini, lalu Allah menjadikan(mu) berkuasa terhadap mereka. Dan Allah Maha Mengetahui lagi Maha Bijaksana.</text>
      </translation>
    </translations>
    <rules>[{"start": 33, "end": 35, "rule_id": 1}, {"start": 59, "end": 61, "rule_id": 1}, {"start": 4, "end": 8, "rule_id": 3}, {"start": 55, "end": 59, "rule_id": 6}]</rules>
  </verse>
  <verse>
    <verseIdArabic>٧٢</verseIdArabic>
    <verseId>72</verseId>
    <chapterId>8</chapterId>
    <textIndopak>إِنَّ ٱلَّذِينَ ءَامَنُواْ وَهَاجَرُواْ وَجَٰهَدُواْ بِأَمۡوَٰلِهِمۡ وَأَنفُسِهِمۡ فِي سَبِيلِ ٱللَّهِ وَٱلَّذِينَ ءَاوَواْ وَّنَصَرُوٓاْ أُوْلَٰٓئِكَ بَعۡضُهُمۡ أَوۡلِيَآءُ بَعۡضٖۚ وَٱلَّذِينَ ءَامَنُواْ وَلَمۡ يُهَاجِرُواْ مَا لَكُم مِّن وَلَٰيَتِهِم مِّن شَيۡءٍ حَتَّىٰ يُهَاجِرُواْۚ وَإِنِ ٱسۡتَنصَرُوكُمۡ فِي ٱلدِّينِ فَعَلَيۡكُمُ ٱلنَّصۡرُ إِلَّا عَلَىٰ قَوۡمِۭ بَيۡنَكُمۡ وَبَيۡنَهُم مِّيثَٰقٞۗ وَٱللَّهُ بِمَا تَعۡمَلُونَ بَصِيرٞ</textIndopak>
    <translations>
      <translation>
        <author>King Fahad Quran Complex</author>
        <text>Sesungguhnya orang-orang yang beriman dan berhijrah serta berjihad dengan harta dan jiwanya pada jalan Allah dan orang-orang yang memberikan tempat kediaman dan pertoIongan (kepada orang-orang muhajirin), mereka itu satu sama lain lindung-melindungi. Dan (terhadap) orang-orang yang beriman, tetapi belum berhijrah, maka tidak ada kewajiban sedikit pun atasmu melindungi mereka, sebelum mereka berhijrah. (Akan tetapi) jika mereka meminta pertolongan kepadamu dalam (urusan pembelaan) agama, maka kamu wajib memberikan pertolongan kecuali terhadap kaum yang telah ada perjanjian antara kamu dengan mereka. Dan Allah Maha Melihat apa yang kamu kerjakan.</text>
      </translation>
    </translations>
    <rules>[{"start": 2, "end": 5, "rule_id": 0}, {"start": 237, "end": 240, "rule_id": 0}, {"start": 255, "end": 258, "rule_id": 0}, {"start": 341, "end": 344, "rule_id": 0}, {"start": 394, "end": 397, "rule_id": 0}, {"start": 367, "end": 373, "rule_id": 2}, {"start": 240, "end": 244, "rule_id": 3}, {"start": 235, "end": 240, "rule_id": 4}, {"start": 253, "end": 258, "rule_id": 4}, {"start": 392, "end": 397, "rule_id": 4}, {"start": 73, "end": 76, "rule_id": 6}, {"start": 258, "end": 262, "rule_id": 6}, {"start": 302, "end": 305, "rule_id": 6}]</rules>
  </verse>
  <verse>
    <verseIdArabic>٧٣</verseIdArabic>
    <verseId>73</verseId>
    <chapterId>8</chapterId>
    <textIndopak>وَٱلَّذِينَ كَفَرُواْ بَعۡضُهُمۡ أَوۡلِيَآءُ بَعۡضٍۚ إِلَّا تَفۡعَلُوهُ تَكُن فِتۡنَةٞ فِي ٱلۡأَرۡضِ وَفَسَادٞ كَبِيرٞ</textIndopak>
    <translations>
      <translation>
        <author>King Fahad Quran Complex</author>
        <text>Adapun orang-orang yang kafir, sebagian mereka menjadi pelindung bagi sebagian yang lain. Jika kamu (hai para muslimin) tidak melaksanakan apa yang telah diperintahkan Allah itu, niscaya akan terjadi kekacauan di muka bumi dan kerusakan yang besar.</text>
      </translation>
    </translations>
    <rules>[{"start": 78, "end": 82, "rule_id": 6}, {"start": 86, "end": 91, "rule_id": 6}, {"start": 110, "end": 115, "rule_id": 6}]</rules>
  </verse>
  <verse>
    <verseIdArabic>٧٤</verseIdArabic>
    <verseId>74</verseId>
    <chapterId>8</chapterId>
    <textIndopak>وَٱلَّذِينَ ءَامَنُواْ وَهَاجَرُواْ وَجَٰهَدُواْ فِي سَبِيلِ ٱللَّهِ وَٱلَّذِينَ ءَاوَواْ وَّنَصَرُوٓاْ أُوْلَٰٓئِكَ هُمُ ٱلۡمُؤۡمِنُونَ حَقّٗاۚ لَّهُم مَّغۡفِرَةٞ وَرِزۡقٞ كَرِيمٞ</textIndopak>
    <translations>
      <translation>
        <author>King Fahad Quran Complex</author>
        <text>Dan orang-orang yang beriman dan berhijrah serta berjihad pada jalan Allah, dan orang-orang yang memberi tempat kediaman dan memberi pertolongan (kepada orang-orang muhajirin), mereka itulah orang-orang yang benar-benar beriman. Mereka memperoleh ampunan dan rezeki (nikmat) yang mulia.</text>
      </translation>
    </translations>
    <rules>[{"start": 153, "end": 156, "rule_id": 0}, {"start": 162, "end": 167, "rule_id": 3}, {"start": 151, "end": 156, "rule_id": 4}, {"start": 171, "end": 176, "rule_id": 6}]</rules>
  </verse>
  <verse>
    <verseIdArabic>٧٥</verseIdArabic>
    <verseId>75</verseId>
    <chapterId>8</chapterId>
    <textIndopak>وَٱلَّذِينَ ءَامَنُواْ مِنۢ بَعۡدُ وَهَاجَرُواْ وَجَٰهَدُواْ مَعَكُمۡ فَأُوْلَٰٓئِكَ مِنكُمۡۚ وَأُوْلُواْ ٱلۡأَرۡحَامِ بَعۡضُهُمۡ أَوۡلَىٰ بِبَعۡضٖ فِي كِتَٰبِ ٱللَّهِۚ إِنَّ ٱللَّهَ بِكُلِّ شَيۡءٍ عَلِيمُۢ</textIndopak>
    <translations>
      <translation>
        <author>King Fahad Quran Complex</author>
        <text>Dan orang-orang yang beriman sesudah itu, kemudian berhijrah serta berjihad bersamamu maka orang-orang itu termasuk golonganmu (juga). Orang-orang yang mempunyai hubungan kerabat itu sebagiannya lebih berhak terhadap sesamanya (daripada yang bukan kerabat) di dalam kitab Allah. Sesungguhnya Allah Maha Mengetahui segala sesuatu.</text>
      </translation>
    </translations>
    <rules>[{"start": 173, "end": 176, "rule_id": 0}, {"start": 25, "end": 30, "rule_id": 2}, {"start": 87, "end": 90, "rule_id": 6}, {"start": 146, "end": 151, "rule_id": 6}]</rules>
  </verse>
</verses>
