<?xml version="1.0" encoding="UTF-8"?>

<verses>
  <verse>
    <verseIdArabic>١</verseIdArabic>
    <verseId>1</verseId>
    <chapterId>80</chapterId>
    <textIndopak>عَبَسَ وَتَوَلَّىٰٓ</textIndopak>
    <translations>
      <translation>
        <author>King Fahad Quran Complex</author>
        <text>Dia (Muhammad) bermuka masam dan berpaling,</text>
      </translation>
    </translations>
  </verse>
  <verse>
    <verseIdArabic>٢</verseIdArabic>
    <verseId>2</verseId>
    <chapterId>80</chapterId>
    <textIndopak>أَن جَآءَهُ ٱلۡأَعۡمَىٰ</textIndopak>
    <translations>
      <translation>
        <author>King Fahad Quran Complex</author>
        <text>karena telah datang seorang buta kepadanya.</text>
      </translation>
    </translations>
    <rules>[{"start": 2, "end": 6, "rule_id": 6}]</rules>
  </verse>
  <verse>
    <verseIdArabic>٣</verseIdArabic>
    <verseId>3</verseId>
    <chapterId>80</chapterId>
    <textIndopak>وَمَا يُدۡرِيكَ لَعَلَّهُۥ يَزَّكَّىٰٓ</textIndopak>
    <translations>
      <translation>
        <author>King Fahad Quran Complex</author>
        <text>Tahukah kamu barangkali ia ingin membersihkan dirinya (dari dosa),</text>
      </translation>
    </translations>
    <rules>[{"start": 8, "end": 10, "rule_id": 1}]</rules>
  </verse>
  <verse>
    <verseIdArabic>٤</verseIdArabic>
    <verseId>4</verseId>
    <chapterId>80</chapterId>
    <textIndopak>أَوۡ يَذَّكَّرُ فَتَنفَعَهُ ٱلذِّكۡرَىٰٓ</textIndopak>
    <translations>
      <translation>
        <author>King Fahad Quran Complex</author>
        <text>atau dia (ingin) mendapatkan pengajaran, lalu pengajaran itu memberi manfaat kepadanya?</text>
      </translation>
    </translations>
    <rules>[{"start": 20, "end": 23, "rule_id": 6}]</rules>
  </verse>
  <verse>
    <verseIdArabic>٥</verseIdArabic>
    <verseId>5</verseId>
    <chapterId>80</chapterId>
    <textIndopak>أَمَّا مَنِ ٱسۡتَغۡنَىٰ</textIndopak>
    <translations>
      <translation>
        <author>King Fahad Quran Complex</author>
        <text>Adapun orang yang merasa dirinya serba cukup,</text>
      </translation>
    </translations>
    <rules>[{"start": 2, "end": 5, "rule_id": 0}]</rules>
  </verse>
  <verse>
    <verseIdArabic>٦</verseIdArabic>
    <verseId>6</verseId>
    <chapterId>80</chapterId>
    <textIndopak>فَأَنتَ لَهُۥ تَصَدَّىٰ</textIndopak>
    <translations>
      <translation>
        <author>King Fahad Quran Complex</author>
        <text>maka kamu melayaninya.</text>
      </translation>
    </translations>
    <rules>[{"start": 4, "end": 7, "rule_id": 6}]</rules>
  </verse>
  <verse>
    <verseIdArabic>٧</verseIdArabic>
    <verseId>7</verseId>
    <chapterId>80</chapterId>
    <textIndopak>وَمَا عَلَيۡكَ أَلَّا يَزَّكَّىٰ</textIndopak>
    <translations>
      <translation>
        <author>King Fahad Quran Complex</author>
        <text>Padahal tidak ada (celaan) atasmu kalau dia tidak membersihkan diri (beriman).</text>
      </translation>
    </translations>
  </verse>
  <verse>
    <verseIdArabic>٨</verseIdArabic>
    <verseId>8</verseId>
    <chapterId>80</chapterId>
    <textIndopak>وَأَمَّا مَن جَآءَكَ يَسۡعَىٰ</textIndopak>
    <translations>
      <translation>
        <author>King Fahad Quran Complex</author>
        <text>Dan adapun orang yang datang kepadamu dengan bersegera (untuk mendapatkan pengajaran),</text>
      </translation>
    </translations>
    <rules>[{"start": 4, "end": 7, "rule_id": 0}, {"start": 11, "end": 15, "rule_id": 6}]</rules>
  </verse>
  <verse>
    <verseIdArabic>٩</verseIdArabic>
    <verseId>9</verseId>
    <chapterId>80</chapterId>
    <textIndopak>وَهُوَ يَخۡشَىٰ</textIndopak>
    <translations>
      <translation>
        <author>King Fahad Quran Complex</author>
        <text>sedang ia takut kepada (Allah),</text>
      </translation>
    </translations>
  </verse>
  <verse>
    <verseIdArabic>١٠</verseIdArabic>
    <verseId>10</verseId>
    <chapterId>80</chapterId>
    <textIndopak>فَأَنتَ عَنۡهُ تَلَهَّىٰ</textIndopak>
    <translations>
      <translation>
        <author>King Fahad Quran Complex</author>
        <text>maka kamu mengabaikannya.</text>
      </translation>
    </translations>
    <rules>[{"start": 4, "end": 7, "rule_id": 6}]</rules>
  </verse>
  <verse>
    <verseIdArabic>١١</verseIdArabic>
    <verseId>11</verseId>
    <chapterId>80</chapterId>
    <textIndopak>كـَلَّآ إِنَّهَا تَذۡكِرَةٞ</textIndopak>
    <translations>
      <translation>
        <author>King Fahad Quran Complex</author>
        <text>Sekali-kali jangan (demikian)! Sesungguhnya ajaran-ajaran Tuhan itu adalah suatu peringatan,</text>
      </translation>
    </translations>
    <rules>[{"start": 10, "end": 13, "rule_id": 0}]</rules>
  </verse>
  <verse>
    <verseIdArabic>١٢</verseIdArabic>
    <verseId>12</verseId>
    <chapterId>80</chapterId>
    <textIndopak>فَمَن شَآءَ ذَكَرَهُۥ</textIndopak>
    <translations>
      <translation>
        <author>King Fahad Quran Complex</author>
        <text>maka barangsiapa yang menghendaki, tentulah ia memperhatikannya,</text>
      </translation>
    </translations>
    <rules>[{"start": 4, "end": 8, "rule_id": 6}]</rules>
  </verse>
  <verse>
    <verseIdArabic>١٣</verseIdArabic>
    <verseId>13</verseId>
    <chapterId>80</chapterId>
    <textIndopak>فِي صُحُفٖ مُّكَرَّمَةٖ</textIndopak>
    <translations>
      <translation>
        <author>King Fahad Quran Complex</author>
        <text>di dalam kitab-kitab yang dimuliakan,</text>
      </translation>
    </translations>
    <rules>[{"start": 11, "end": 14, "rule_id": 0}, {"start": 8, "end": 14, "rule_id": 3}]</rules>
  </verse>
  <verse>
    <verseIdArabic>١٤</verseIdArabic>
    <verseId>14</verseId>
    <chapterId>80</chapterId>
    <textIndopak>مَّرۡفُوعَةٖ مُّطَهَّرَةِۭ</textIndopak>
    <translations>
      <translation>
        <author>King Fahad Quran Complex</author>
        <text>yang ditinggikan lagi disucikan,</text>
      </translation>
    </translations>
    <rules>[{"start": 0, "end": 3, "rule_id": 0}, {"start": 13, "end": 16, "rule_id": 0}, {"start": 10, "end": 16, "rule_id": 3}]</rules>
  </verse>
  <verse>
    <verseIdArabic>١٥</verseIdArabic>
    <verseId>15</verseId>
    <chapterId>80</chapterId>
    <textIndopak>بِأَيۡدِي سَفَرَةٖ</textIndopak>
    <translations>
      <translation>
        <author>King Fahad Quran Complex</author>
        <text>di tangan para penulis (malaikat),</text>
      </translation>
    </translations>
  </verse>
  <verse>
    <verseIdArabic>١٦</verseIdArabic>
    <verseId>16</verseId>
    <chapterId>80</chapterId>
    <textIndopak>كِرَامِۭ بَرَرَةٖ</textIndopak>
    <translations>
      <translation>
        <author>King Fahad Quran Complex</author>
        <text>yang mulia lagi berbakti.</text>
      </translation>
    </translations>
    <rules>[{"start": 5, "end": 11, "rule_id": 2}]</rules>
  </verse>
  <verse>
    <verseIdArabic>١٧</verseIdArabic>
    <verseId>17</verseId>
    <chapterId>80</chapterId>
    <textIndopak>قُتِلَ ٱلۡإِنسَٰنُ مَآ أَكۡفَرَهُۥ</textIndopak>
    <translations>
      <translation>
        <author>King Fahad Quran Complex</author>
        <text>Binasalah manusia; alangkah amat sangat kekafirannya!</text>
      </translation>
    </translations>
    <rules>[{"start": 12, "end": 16, "rule_id": 6}]</rules>
  </verse>
  <verse>
    <verseIdArabic>١٨</verseIdArabic>
    <verseId>18</verseId>
    <chapterId>80</chapterId>
    <textIndopak>مِنۡ أَيِّ شَيۡءٍ خَلَقَهُۥ</textIndopak>
    <translations>
      <translation>
        <author>King Fahad Quran Complex</author>
        <text>Dari apakah Allah menciptakannya?</text>
      </translation>
    </translations>
    <rules>[{"start": 15, "end": 20, "rule_id": 6}]</rules>
  </verse>
  <verse>
    <verseIdArabic>١٩</verseIdArabic>
    <verseId>19</verseId>
    <chapterId>80</chapterId>
    <textIndopak>مِن نُّطۡفَةٍ خَلَقَهُۥ فَقَدَّرَهُۥ</textIndopak>
    <translations>
      <translation>
        <author>King Fahad Quran Complex</author>
        <text>Dari setetes mani, Allah menciptakannya lalu menentukannya.</text>
      </translation>
    </translations>
    <rules>[{"start": 4, "end": 7, "rule_id": 0}, {"start": 7, "end": 9, "rule_id": 1}, {"start": 2, "end": 7, "rule_id": 3}]</rules>
  </verse>
  <verse>
    <verseIdArabic>٢٠</verseIdArabic>
    <verseId>20</verseId>
    <chapterId>80</chapterId>
    <textIndopak>ثُمَّ ٱلسَّبِيلَ يَسَّرَهُۥ</textIndopak>
    <translations>
      <translation>
        <author>King Fahad Quran Complex</author>
        <text>Kemudian Dia memudahkan jalannya.</text>
      </translation>
    </translations>
    <rules>[{"start": 2, "end": 5, "rule_id": 0}]</rules>
  </verse>
  <verse>
    <verseIdArabic>٢١</verseIdArabic>
    <verseId>21</verseId>
    <chapterId>80</chapterId>
    <textIndopak>ثُمَّ أَمَاتَهُۥ فَأَقۡبَرَهُۥ</textIndopak>
    <translations>
      <translation>
        <author>King Fahad Quran Complex</author>
        <text>kemudian Dia mematikannya dan memasukkannya ke dalam kubur,</text>
      </translation>
    </translations>
    <rules>[{"start": 2, "end": 5, "rule_id": 0}, {"start": 21, "end": 23, "rule_id": 1}]</rules>
  </verse>
  <verse>
    <verseIdArabic>٢٢</verseIdArabic>
    <verseId>22</verseId>
    <chapterId>80</chapterId>
    <textIndopak>ثُمَّ إِذَا شَآءَ أَنشَرَهُۥ</textIndopak>
    <translations>
      <translation>
        <author>King Fahad Quran Complex</author>
        <text>kemudian bila Dia menghendaki, Dia membangkitkannya kembali.</text>
      </translation>
    </translations>
    <rules>[{"start": 2, "end": 5, "rule_id": 0}, {"start": 21, "end": 24, "rule_id": 6}]</rules>
  </verse>
  <verse>
    <verseIdArabic>٢٣</verseIdArabic>
    <verseId>23</verseId>
    <chapterId>80</chapterId>
    <textIndopak>كـَلَّا لَمَّا يَقۡضِ مَآ أَمَرَهُۥ</textIndopak>
    <translations>
      <translation>
        <author>King Fahad Quran Complex</author>
        <text>Sekali-kali jangan; manusia itu belum melaksanakan apa yang diperintahkan Allah kepadanya,</text>
      </translation>
    </translations>
    <rules>[{"start": 9, "end": 12, "rule_id": 0}, {"start": 16, "end": 18, "rule_id": 1}]</rules>
  </verse>
  <verse>
    <verseIdArabic>٢٤</verseIdArabic>
    <verseId>24</verseId>
    <chapterId>80</chapterId>
    <textIndopak>فَلۡيَنظُرِ ٱلۡإِنسَٰنُ إِلَىٰ طَعَامِهِۦٓ</textIndopak>
    <translations>
      <translation>
        <author>King Fahad Quran Complex</author>
        <text>maka hendaklah manusia itu memperhatikan makanannya.</text>
      </translation>
    </translations>
    <rules>[{"start": 6, "end": 9, "rule_id": 6}, {"start": 17, "end": 21, "rule_id": 6}]</rules>
  </verse>
  <verse>
    <verseIdArabic>٢٥</verseIdArabic>
    <verseId>25</verseId>
    <chapterId>80</chapterId>
    <textIndopak>أَنَّا صَبَبۡنَا ٱلۡمَآءَ صَبّٗا</textIndopak>
    <translations>
      <translation>
        <author>King Fahad Quran Complex</author>
        <text>Sesungguhnya Kami benar-benar telah mencurahkan air (dari langit),</text>
      </translation>
    </translations>
    <rules>[{"start": 2, "end": 5, "rule_id": 0}, {"start": 11, "end": 13, "rule_id": 1}]</rules>
  </verse>
  <verse>
    <verseIdArabic>٢٦</verseIdArabic>
    <verseId>26</verseId>
    <chapterId>80</chapterId>
    <textIndopak>ثُمَّ شَقَقۡنَا ٱلۡأَرۡضَ شَقّٗا</textIndopak>
    <translations>
      <translation>
        <author>King Fahad Quran Complex</author>
        <text>kemudian Kami belah bumi dengan sebaik-baiknya,</text>
      </translation>
    </translations>
    <rules>[{"start": 2, "end": 5, "rule_id": 0}, {"start": 10, "end": 12, "rule_id": 1}]</rules>
  </verse>
  <verse>
    <verseIdArabic>٢٧</verseIdArabic>
    <verseId>27</verseId>
    <chapterId>80</chapterId>
    <textIndopak>فَأَنۢبَتۡنَا فِيهَا حَبّٗا</textIndopak>
    <translations>
      <translation>
        <author>King Fahad Quran Complex</author>
        <text>lalu Kami tumbuhkan biji-bijian di bumi itu,</text>
      </translation>
    </translations>
    <rules>[{"start": 4, "end": 8, "rule_id": 2}]</rules>
  </verse>
  <verse>
    <verseIdArabic>٢٨</verseIdArabic>
    <verseId>28</verseId>
    <chapterId>80</chapterId>
    <textIndopak>وَعِنَبٗا وَقَضۡبٗا</textIndopak>
    <translations>
      <translation>
        <author>King Fahad Quran Complex</author>
        <text>anggur dan sayur-sayuran,</text>
      </translation>
    </translations>
    <rules>[{"start": 6, "end": 12, "rule_id": 3}]</rules>
  </verse>
  <verse>
    <verseIdArabic>٢٩</verseIdArabic>
    <verseId>29</verseId>
    <chapterId>80</chapterId>
    <textIndopak>وَزَيۡتُونٗا وَنَخۡلٗا</textIndopak>
    <translations>
      <translation>
        <author>King Fahad Quran Complex</author>
        <text>zaitun dan pohon kurma,</text>
      </translation>
    </translations>
    <rules>[{"start": 9, "end": 15, "rule_id": 3}]</rules>
  </verse>
  <verse>
    <verseIdArabic>٣٠</verseIdArabic>
    <verseId>30</verseId>
    <chapterId>80</chapterId>
    <textIndopak>وَحَدَآئِقَ غُلۡبٗا</textIndopak>
    <translations>
      <translation>
        <author>King Fahad Quran Complex</author>
        <text>kebun-kebun (yang) lebat,</text>
      </translation>
    </translations>
  </verse>
  <verse>
    <verseIdArabic>٣١</verseIdArabic>
    <verseId>31</verseId>
    <chapterId>80</chapterId>
    <textIndopak>وَفَٰكِهَةٗ وَأَبّٗا</textIndopak>
    <translations>
      <translation>
        <author>King Fahad Quran Complex</author>
        <text>dan buah-buahan serta rumput-rumputan,</text>
      </translation>
    </translations>
    <rules>[{"start": 9, "end": 14, "rule_id": 3}]</rules>
  </verse>
  <verse>
    <verseIdArabic>٣٢</verseIdArabic>
    <verseId>32</verseId>
    <chapterId>80</chapterId>
    <textIndopak>مَّتَٰعٗا لَّكُمۡ وَلِأَنۡعَٰمِكُمۡ</textIndopak>
    <translations>
      <translation>
        <author>King Fahad Quran Complex</author>
        <text>untuk kesenanganmu dan untuk binatang-binatang ternakmu.</text>
      </translation>
    </translations>
    <rules>[{"start": 0, "end": 3, "rule_id": 0}, {"start": 6, "end": 13, "rule_id": 5}]</rules>
  </verse>
  <verse>
    <verseIdArabic>٣٣</verseIdArabic>
    <verseId>33</verseId>
    <chapterId>80</chapterId>
    <textIndopak>فَإِذَا جَآءَتِ ٱلصَّآخَّةُ</textIndopak>
    <translations>
      <translation>
        <author>King Fahad Quran Complex</author>
        <text>Dan apabila datang suara yang memekakkan (tiupan sangkakala yang kedua),</text>
      </translation>
    </translations>
  </verse>
  <verse>
    <verseIdArabic>٣٤</verseIdArabic>
    <verseId>34</verseId>
    <chapterId>80</chapterId>
    <textIndopak>يَوۡمَ يَفِرُّ ٱلۡمَرۡءُ مِنۡ أَخِيهِ</textIndopak>
    <translations>
      <translation>
        <author>King Fahad Quran Complex</author>
        <text>pada hari ketika manusia lari dari saudaranya,</text>
      </translation>
    </translations>
  </verse>
  <verse>
    <verseIdArabic>٣٥</verseIdArabic>
    <verseId>35</verseId>
    <chapterId>80</chapterId>
    <textIndopak>وَأُمِّهِۦ وَأَبِيهِ</textIndopak>
    <translations>
      <translation>
        <author>King Fahad Quran Complex</author>
        <text>dari ibu dan bapaknya,</text>
      </translation>
    </translations>
    <rules>[{"start": 4, "end": 7, "rule_id": 0}]</rules>
  </verse>
  <verse>
    <verseIdArabic>٣٦</verseIdArabic>
    <verseId>36</verseId>
    <chapterId>80</chapterId>
    <textIndopak>وَصَٰحِبَتِهِۦ وَبَنِيهِ</textIndopak>
    <translations>
      <translation>
        <author>King Fahad Quran Complex</author>
        <text>dari istri dan anak-anaknya.</text>
      </translation>
    </translations>
  </verse>
  <verse>
    <verseIdArabic>٣٧</verseIdArabic>
    <verseId>37</verseId>
    <chapterId>80</chapterId>
    <textIndopak>لِكُلِّ ٱمۡرِيٕٖ مِّنۡهُمۡ يَوۡمَئِذٖ شَأۡنٞ يُغۡنِيهِ</textIndopak>
    <translations>
      <translation>
        <author>King Fahad Quran Complex</author>
        <text>Setiap orang dari mereka pada hari itu mempunyai urusan yang cukup menyibukkannya.</text>
      </translation>
    </translations>
    <rules>[{"start": 16, "end": 19, "rule_id": 0}, {"start": 13, "end": 19, "rule_id": 3}, {"start": 41, "end": 46, "rule_id": 3}, {"start": 34, "end": 39, "rule_id": 6}]</rules>
  </verse>
  <verse>
    <verseIdArabic>٣٨</verseIdArabic>
    <verseId>38</verseId>
    <chapterId>80</chapterId>
    <textIndopak>وُجُوهٞ يَوۡمَئِذٖ مُّسۡفِرَةٞ</textIndopak>
    <translations>
      <translation>
        <author>King Fahad Quran Complex</author>
        <text>Banyak muka pada hari itu berseri-seri,</text>
      </translation>
    </translations>
    <rules>[{"start": 19, "end": 22, "rule_id": 0}, {"start": 5, "end": 10, "rule_id": 3}, {"start": 16, "end": 22, "rule_id": 3}]</rules>
  </verse>
  <verse>
    <verseIdArabic>٣٩</verseIdArabic>
    <verseId>39</verseId>
    <chapterId>80</chapterId>
    <textIndopak>ضَاحِكَةٞ مُّسۡتَبۡشِرَةٞ</textIndopak>
    <translations>
      <translation>
        <author>King Fahad Quran Complex</author>
        <text>tertawa dan bergembira ria,</text>
      </translation>
    </translations>
    <rules>[{"start": 10, "end": 13, "rule_id": 0}, {"start": 17, "end": 19, "rule_id": 1}, {"start": 7, "end": 13, "rule_id": 3}]</rules>
  </verse>
  <verse>
    <verseIdArabic>٤٠</verseIdArabic>
    <verseId>40</verseId>
    <chapterId>80</chapterId>
    <textIndopak>وَوُجُوهٞ يَوۡمَئِذٍ عَلَيۡهَا غَبَرَةٞ</textIndopak>
    <translations>
      <translation>
        <author>King Fahad Quran Complex</author>
        <text>dan banyak (pula) muka pada hari itu tertutup debu,</text>
      </translation>
    </translations>
    <rules>[{"start": 7, "end": 12, "rule_id": 3}]</rules>
  </verse>
  <verse>
    <verseIdArabic>٤١</verseIdArabic>
    <verseId>41</verseId>
    <chapterId>80</chapterId>
    <textIndopak>تَرۡهَقُهَا قَتَرَةٌ</textIndopak>
    <translations>
      <translation>
        <author>King Fahad Quran Complex</author>
        <text>dan ditutup lagi oleh kegelapan.</text>
      </translation>
    </translations>
  </verse>
  <verse>
    <verseIdArabic>٤٢</verseIdArabic>
    <verseId>42</verseId>
    <chapterId>80</chapterId>
    <textIndopak>أُوْلَٰٓئِكَ هُمُ ٱلۡكَفَرَةُ ٱلۡفَجَرَةُ</textIndopak>
    <translations>
      <translation>
        <author>King Fahad Quran Complex</author>
        <text>Mereka itulah orang-orang kafir lagi durhaka.</text>
      </translation>
    </translations>
  </verse>
</verses>
