<?xml version="1.0" encoding="UTF-8"?>

<verses>
  <verse>
    <verseIdArabic>١</verseIdArabic>
    <verseId>1</verseId>
    <chapterId>83</chapterId>
    <textIndopak>وَيۡلٞ لِّلۡمُطَفِّفِينَ</textIndopak>
    <translations>
      <translation>
        <author>King Fahad Quran Complex</author>
        <text>Kecelakaan besarlah bagi orang-orang yang curang,</text>
      </translation>
    </translations>
    <rules>[{"start": 4, "end": 10, "rule_id": 5}]</rules>
  </verse>
  <verse>
    <verseIdArabic>٢</verseIdArabic>
    <verseId>2</verseId>
    <chapterId>83</chapterId>
    <textIndopak>ٱلَّذِينَ إِذَا ٱكۡتَالُواْ عَلَى ٱلنَّاسِ يَسۡتَوۡفُونَ</textIndopak>
    <translations>
      <translation>
        <author>King Fahad Quran Complex</author>
        <text>(yaitu) orang-orang yang apabila menerima takaran dari orang lain, mereka minta dipenuhi,</text>
      </translation>
    </translations>
    <rules>[{"start": 36, "end": 39, "rule_id": 0}]</rules>
  </verse>
  <verse>
    <verseIdArabic>٣</verseIdArabic>
    <verseId>3</verseId>
    <chapterId>83</chapterId>
    <textIndopak>وَإِذَا كَالُوهُمۡ أَو وَّزَنُوهُمۡ يُخۡسِرُونَ</textIndopak>
    <translations>
      <translation>
        <author>King Fahad Quran Complex</author>
        <text>dan apabila mereka menakar atau menimbang untuk orang lain, mereka mengurangi.</text>
      </translation>
    </translations>
  </verse>
  <verse>
    <verseIdArabic>٤</verseIdArabic>
    <verseId>4</verseId>
    <chapterId>83</chapterId>
    <textIndopak>أَلَا يَظُنُّ أُوْلَٰٓئِكَ أَنَّهُم مَّبۡعُوثُونَ</textIndopak>
    <translations>
      <translation>
        <author>King Fahad Quran Complex</author>
        <text>Tidaklah orang-orang itu menyangka bahwa sesungguhnya mereka akan dibangkitkan,</text>
      </translation>
    </translations>
    <rules>[{"start": 10, "end": 13, "rule_id": 0}, {"start": 29, "end": 32, "rule_id": 0}, {"start": 36, "end": 39, "rule_id": 0}, {"start": 39, "end": 41, "rule_id": 1}, {"start": 34, "end": 39, "rule_id": 4}]</rules>
  </verse>
  <verse>
    <verseIdArabic>٥</verseIdArabic>
    <verseId>5</verseId>
    <chapterId>83</chapterId>
    <textIndopak>لِيَوۡمٍ عَظِيمٖ</textIndopak>
    <translations>
      <translation>
        <author>King Fahad Quran Complex</author>
        <text>pada suatu hari yang besar,</text>
      </translation>
    </translations>
  </verse>
  <verse>
    <verseIdArabic>٦</verseIdArabic>
    <verseId>6</verseId>
    <chapterId>83</chapterId>
    <textIndopak>يَوۡمَ يَقُومُ ٱلنَّاسُ لِرَبِّ ٱلۡعَٰلَمِينَ</textIndopak>
    <translations>
      <translation>
        <author>King Fahad Quran Complex</author>
        <text>(yaitu) hari (ketika) manusia berdiri menghadap Tuhan semesta alam?</text>
      </translation>
    </translations>
    <rules>[{"start": 17, "end": 20, "rule_id": 0}]</rules>
  </verse>
  <verse>
    <verseIdArabic>٧</verseIdArabic>
    <verseId>7</verseId>
    <chapterId>83</chapterId>
    <textIndopak>كـَلَّآ إِنَّ كِتَٰبَ ٱلۡفُجَّارِ لَفِي سِجِّينٖ</textIndopak>
    <translations>
      <translation>
        <author>King Fahad Quran Complex</author>
        <text>Sekali-kali jangan curang, karena sesungguhnya kitab orang yang durhaka tersimpan dalam Sijjīn.</text>
      </translation>
    </translations>
    <rules>[{"start": 10, "end": 13, "rule_id": 0}]</rules>
  </verse>
  <verse>
    <verseIdArabic>٨</verseIdArabic>
    <verseId>8</verseId>
    <chapterId>83</chapterId>
    <textIndopak>وَمَآ أَدۡرَىٰكَ مَا سِجِّينٞ</textIndopak>
    <translations>
      <translation>
        <author>King Fahad Quran Complex</author>
        <text>Tahukah kamu apakah Sijjīn itu?</text>
      </translation>
    </translations>
    <rules>[{"start": 9, "end": 11, "rule_id": 1}]</rules>
  </verse>
  <verse>
    <verseIdArabic>٩</verseIdArabic>
    <verseId>9</verseId>
    <chapterId>83</chapterId>
    <textIndopak>كِتَٰبٞ مَّرۡقُومٞ</textIndopak>
    <translations>
      <translation>
        <author>King Fahad Quran Complex</author>
        <text>(Ialah) kitab yang bertulis.</text>
      </translation>
    </translations>
    <rules>[{"start": 8, "end": 11, "rule_id": 0}, {"start": 5, "end": 11, "rule_id": 3}]</rules>
  </verse>
  <verse>
    <verseIdArabic>١٠</verseIdArabic>
    <verseId>10</verseId>
    <chapterId>83</chapterId>
    <textIndopak>وَيۡلٞ يَوۡمَئِذٖ لِّلۡمُكَذِّبِينَ</textIndopak>
    <translations>
      <translation>
        <author>King Fahad Quran Complex</author>
        <text>Kecelakaan yang besarlah pada hari itu bagi orang-orang yang mendustakan,</text>
      </translation>
    </translations>
    <rules>[{"start": 4, "end": 9, "rule_id": 3}, {"start": 15, "end": 21, "rule_id": 5}]</rules>
  </verse>
  <verse>
    <verseIdArabic>١١</verseIdArabic>
    <verseId>11</verseId>
    <chapterId>83</chapterId>
    <textIndopak>ٱلَّذِينَ يُكَذِّبُونَ بِيَوۡمِ ٱلدِّينِ</textIndopak>
    <translations>
      <translation>
        <author>King Fahad Quran Complex</author>
        <text>(yaitu) orang-orang yang mendustakan hari pembalasan.</text>
      </translation>
    </translations>
  </verse>
  <verse>
    <verseIdArabic>١٢</verseIdArabic>
    <verseId>12</verseId>
    <chapterId>83</chapterId>
    <textIndopak>وَمَا يُكَذِّبُ بِهِۦٓ إِلَّا كُلُّ مُعۡتَدٍ أَثِيمٍ</textIndopak>
    <translations>
      <translation>
        <author>King Fahad Quran Complex</author>
        <text>Dan tidak ada yang mendustakan hari pembalasan itu melainkan setiap orang yang melampaui batas lagi berdosa,</text>
      </translation>
    </translations>
  </verse>
  <verse>
    <verseIdArabic>١٣</verseIdArabic>
    <verseId>13</verseId>
    <chapterId>83</chapterId>
    <textIndopak>إِذَا تُتۡلَىٰ عَلَيۡهِ ءَايَٰتُنَا قَالَ أَسَٰطِيرُ ٱلۡأَوَّلِينَ</textIndopak>
    <translations>
      <translation>
        <author>King Fahad Quran Complex</author>
        <text>yang apabila dibacakan kepadanya ayat-ayat Kami, ia berkata, "Itu adalah dongengan orang-orang yang dahulu",</text>
      </translation>
    </translations>
  </verse>
  <verse>
    <verseIdArabic>١٤</verseIdArabic>
    <verseId>14</verseId>
    <chapterId>83</chapterId>
    <textIndopak>كـَلَّاۖ بَلۡۜ رَانَ عَلَىٰ قُلُوبِهِم مَّا كَانُواْ يَكۡسِبُونَ</textIndopak>
    <translations>
      <translation>
        <author>King Fahad Quran Complex</author>
        <text>Sekali-kali tidak (demikian), sebenarnya apa yang selalu mereka usahakan itu menutupi hati mereka.</text>
      </translation>
    </translations>
    <rules>[{"start": 40, "end": 43, "rule_id": 0}, {"start": 38, "end": 43, "rule_id": 4}]</rules>
  </verse>
  <verse>
    <verseIdArabic>١٥</verseIdArabic>
    <verseId>15</verseId>
    <chapterId>83</chapterId>
    <textIndopak>كـَلَّآ إِنَّهُمۡ عَن رَّبِّهِمۡ يَوۡمَئِذٖ لَّمَحۡجُوبُونَ</textIndopak>
    <translations>
      <translation>
        <author>King Fahad Quran Complex</author>
        <text>Sekali-kali tidak, sesungguhnya mereka pada hari itu benar-benar terhalang dari (melihat) Tuhan mereka.</text>
      </translation>
    </translations>
    <rules>[{"start": 10, "end": 13, "rule_id": 0}, {"start": 20, "end": 25, "rule_id": 5}, {"start": 41, "end": 47, "rule_id": 5}]</rules>
  </verse>
  <verse>
    <verseIdArabic>١٦</verseIdArabic>
    <verseId>16</verseId>
    <chapterId>83</chapterId>
    <textIndopak>ثُمَّ إِنَّهُمۡ لَصَالُواْ ٱلۡجَحِيمِ</textIndopak>
    <translations>
      <translation>
        <author>King Fahad Quran Complex</author>
        <text>Kemudian sesungguhnya mereka benar-benar masuk neraka.</text>
      </translation>
    </translations>
    <rules>[{"start": 2, "end": 5, "rule_id": 0}, {"start": 8, "end": 11, "rule_id": 0}]</rules>
  </verse>
  <verse>
    <verseIdArabic>١٧</verseIdArabic>
    <verseId>17</verseId>
    <chapterId>83</chapterId>
    <textIndopak>ثُمَّ يُقَالُ هَٰذَا ٱلَّذِي كُنتُم بِهِۦ تُكَذِّبُونَ</textIndopak>
    <translations>
      <translation>
        <author>King Fahad Quran Complex</author>
        <text>Kemudian dikatakan (kepada mereka), "Inilah azab yang dahulu selalu kamu dustakan".</text>
      </translation>
    </translations>
    <rules>[{"start": 2, "end": 5, "rule_id": 0}, {"start": 31, "end": 34, "rule_id": 6}, {"start": 34, "end": 38, "rule_id": 7}]</rules>
  </verse>
  <verse>
    <verseIdArabic>١٨</verseIdArabic>
    <verseId>18</verseId>
    <chapterId>83</chapterId>
    <textIndopak>كـَلَّآ إِنَّ كِتَٰبَ ٱلۡأَبۡرَارِ لَفِي عِلِّيِّينَ</textIndopak>
    <translations>
      <translation>
        <author>King Fahad Quran Complex</author>
        <text>Sekali-kali tidak, sesungguhnya kitab orang-orang berbakti itu (tersimpan) dalam ʻIlliyyīn.</text>
      </translation>
    </translations>
    <rules>[{"start": 10, "end": 13, "rule_id": 0}, {"start": 27, "end": 29, "rule_id": 1}]</rules>
  </verse>
  <verse>
    <verseIdArabic>١٩</verseIdArabic>
    <verseId>19</verseId>
    <chapterId>83</chapterId>
    <textIndopak>وَمَآ أَدۡرَىٰكَ مَا عِلِّيُّونَ</textIndopak>
    <translations>
      <translation>
        <author>King Fahad Quran Complex</author>
        <text>Tahukah kamu apakah ʻIlliyyīn itu?</text>
      </translation>
    </translations>
    <rules>[{"start": 9, "end": 11, "rule_id": 1}]</rules>
  </verse>
  <verse>
    <verseIdArabic>٢٠</verseIdArabic>
    <verseId>20</verseId>
    <chapterId>83</chapterId>
    <textIndopak>كِتَٰبٞ مَّرۡقُومٞ</textIndopak>
    <translations>
      <translation>
        <author>King Fahad Quran Complex</author>
        <text>(Yaitu) kitab yang bertulis,</text>
      </translation>
    </translations>
    <rules>[{"start": 8, "end": 11, "rule_id": 0}, {"start": 5, "end": 11, "rule_id": 3}]</rules>
  </verse>
  <verse>
    <verseIdArabic>٢١</verseIdArabic>
    <verseId>21</verseId>
    <chapterId>83</chapterId>
    <textIndopak>يَشۡهَدُهُ ٱلۡمُقَرَّبُونَ</textIndopak>
    <translations>
      <translation>
        <author>King Fahad Quran Complex</author>
        <text>yang disaksikan oleh malaikat-malaikat yang didekatkan (kepada Allah).</text>
      </translation>
    </translations>
  </verse>
  <verse>
    <verseIdArabic>٢٢</verseIdArabic>
    <verseId>22</verseId>
    <chapterId>83</chapterId>
    <textIndopak>إِنَّ ٱلۡأَبۡرَارَ لَفِي نَعِيمٍ</textIndopak>
    <translations>
      <translation>
        <author>King Fahad Quran Complex</author>
        <text>Sesungguhnya orang yang berbakti itu benar-benar berada dalam kenikmatan yang besar (surga),</text>
      </translation>
    </translations>
    <rules>[{"start": 2, "end": 5, "rule_id": 0}, {"start": 11, "end": 13, "rule_id": 1}]</rules>
  </verse>
  <verse>
    <verseIdArabic>٢٣</verseIdArabic>
    <verseId>23</verseId>
    <chapterId>83</chapterId>
    <textIndopak>عَلَى ٱلۡأَرَآئِكِ يَنظُرُونَ</textIndopak>
    <translations>
      <translation>
        <author>King Fahad Quran Complex</author>
        <text>mereka (duduk) di atas dipan-dipan sambil memandang.</text>
      </translation>
    </translations>
    <rules>[{"start": 22, "end": 25, "rule_id": 6}]</rules>
  </verse>
  <verse>
    <verseIdArabic>٢٤</verseIdArabic>
    <verseId>24</verseId>
    <chapterId>83</chapterId>
    <textIndopak>تَعۡرِفُ فِي وُجُوهِهِمۡ نَضۡرَةَ ٱلنَّعِيمِ</textIndopak>
    <translations>
      <translation>
        <author>King Fahad Quran Complex</author>
        <text>Kamu dapat mengetahui dari wajah mereka kesenangan hidup mereka yang penuh kenikmatan.</text>
      </translation>
    </translations>
    <rules>[{"start": 36, "end": 39, "rule_id": 0}]</rules>
  </verse>
  <verse>
    <verseIdArabic>٢٥</verseIdArabic>
    <verseId>25</verseId>
    <chapterId>83</chapterId>
    <textIndopak>يُسۡقَوۡنَ مِن رَّحِيقٖ مَّخۡتُومٍ</textIndopak>
    <translations>
      <translation>
        <author>King Fahad Quran Complex</author>
        <text>Mereka diberi minum dari khamar murni yang dilak (tempatnya),</text>
      </translation>
    </translations>
    <rules>[{"start": 24, "end": 27, "rule_id": 0}, {"start": 21, "end": 27, "rule_id": 3}, {"start": 13, "end": 18, "rule_id": 5}]</rules>
  </verse>
  <verse>
    <verseIdArabic>٢٦</verseIdArabic>
    <verseId>26</verseId>
    <chapterId>83</chapterId>
    <textIndopak>خِتَٰمُهُۥ مِسۡكٞۚ وَفِي ذَٰلِكَ فَلۡيَتَنَافَسِ ٱلۡمُتَنَٰفِسُونَ</textIndopak>
    <translations>
      <translation>
        <author>King Fahad Quran Complex</author>
        <text>laknya adalah kesturi; dan untuk yang demikian itu hendaknya orang berlomba-lomba.</text>
      </translation>
    </translations>
  </verse>
  <verse>
    <verseIdArabic>٢٧</verseIdArabic>
    <verseId>27</verseId>
    <chapterId>83</chapterId>
    <textIndopak>وَمِزَاجُهُۥ مِن تَسۡنِيمٍ</textIndopak>
    <translations>
      <translation>
        <author>King Fahad Quran Complex</author>
        <text>Dan campuran khamar murni itu adalah dari Tasnīm,</text>
      </translation>
    </translations>
    <rules>[{"start": 15, "end": 19, "rule_id": 6}]</rules>
  </verse>
  <verse>
    <verseIdArabic>٢٨</verseIdArabic>
    <verseId>28</verseId>
    <chapterId>83</chapterId>
    <textIndopak>عَيۡنٗا يَشۡرَبُ بِهَا ٱلۡمُقَرَّبُونَ</textIndopak>
    <translations>
      <translation>
        <author>King Fahad Quran Complex</author>
        <text>(yaitu) mata air yang minum darinya orang-orang yang didekatkan kepada Allah.</text>
      </translation>
    </translations>
    <rules>[{"start": 4, "end": 10, "rule_id": 3}]</rules>
  </verse>
  <verse>
    <verseIdArabic>٢٩</verseIdArabic>
    <verseId>29</verseId>
    <chapterId>83</chapterId>
    <textIndopak>إِنَّ ٱلَّذِينَ أَجۡرَمُواْ كَانُواْ مِنَ ٱلَّذِينَ ءَامَنُواْ يَضۡحَكُونَ</textIndopak>
    <translations>
      <translation>
        <author>King Fahad Quran Complex</author>
        <text>Sesungguhnya orang-orang yang berdosa adalah mereka yang dahulunya (di dunia) menertawakan orang-orang yang beriman.</text>
      </translation>
    </translations>
    <rules>[{"start": 2, "end": 5, "rule_id": 0}, {"start": 18, "end": 20, "rule_id": 1}]</rules>
  </verse>
  <verse>
    <verseIdArabic>٣٠</verseIdArabic>
    <verseId>30</verseId>
    <chapterId>83</chapterId>
    <textIndopak>وَإِذَا مَرُّواْ بِهِمۡ يَتَغَامَزُونَ</textIndopak>
    <translations>
      <translation>
        <author>King Fahad Quran Complex</author>
        <text>Dan apabila orang-orang yang beriman lalu di hadapan mereka, mereka saling mengedip-ngedipkan matanya.</text>
      </translation>
    </translations>
  </verse>
  <verse>
    <verseIdArabic>٣١</verseIdArabic>
    <verseId>31</verseId>
    <chapterId>83</chapterId>
    <textIndopak>وَإِذَا ٱنقَلَبُوٓاْ إِلَىٰٓ أَهۡلِهِمُ ٱنقَلَبُواْ فَكِهِينَ</textIndopak>
    <translations>
      <translation>
        <author>King Fahad Quran Complex</author>
        <text>Dan apabila orang-orang berdosa itu kembali kepada kaumnya, mereka kembali dengan gembira.</text>
      </translation>
    </translations>
    <rules>[{"start": 9, "end": 12, "rule_id": 6}, {"start": 41, "end": 44, "rule_id": 6}]</rules>
  </verse>
  <verse>
    <verseIdArabic>٣٢</verseIdArabic>
    <verseId>32</verseId>
    <chapterId>83</chapterId>
    <textIndopak>وَإِذَا رَأَوۡهُمۡ قَالُوٓاْ إِنَّ هَٰٓؤُلَآءِ لَضَآلُّونَ</textIndopak>
    <translations>
      <translation>
        <author>King Fahad Quran Complex</author>
        <text>Dan apabila mereka melihat orang-orang mukmin, mereka mengatakan, "Sesungguhnya mereka itu benar-benar orang-orang yang sesat",</text>
      </translation>
    </translations>
    <rules>[{"start": 31, "end": 34, "rule_id": 0}]</rules>
  </verse>
  <verse>
    <verseIdArabic>٣٣</verseIdArabic>
    <verseId>33</verseId>
    <chapterId>83</chapterId>
    <textIndopak>وَمَآ أُرۡسِلُواْ عَلَيۡهِمۡ حَٰفِظِينَ</textIndopak>
    <translations>
      <translation>
        <author>King Fahad Quran Complex</author>
        <text>padahal orang-orang yang berdosa itu tidak dikirim untuk penjaga bagi orang-orang mukmin.</text>
      </translation>
    </translations>
  </verse>
  <verse>
    <verseIdArabic>٣٤</verseIdArabic>
    <verseId>34</verseId>
    <chapterId>83</chapterId>
    <textIndopak>فَٱلۡيَوۡمَ ٱلَّذِينَ ءَامَنُواْ مِنَ ٱلۡكُفَّارِ يَضۡحَكُونَ</textIndopak>
    <translations>
      <translation>
        <author>King Fahad Quran Complex</author>
        <text>Maka pada hari ini, orang-orang yang beriman menertawakan orang-orang kafir,</text>
      </translation>
    </translations>
  </verse>
  <verse>
    <verseIdArabic>٣٥</verseIdArabic>
    <verseId>35</verseId>
    <chapterId>83</chapterId>
    <textIndopak>عَلَى ٱلۡأَرَآئِكِ يَنظُرُونَ</textIndopak>
    <translations>
      <translation>
        <author>King Fahad Quran Complex</author>
        <text>mereka (duduk) di atas dipan-dipan sambil memandang.</text>
      </translation>
    </translations>
    <rules>[{"start": 22, "end": 25, "rule_id": 6}]</rules>
  </verse>
  <verse>
    <verseIdArabic>٣٦</verseIdArabic>
    <verseId>36</verseId>
    <chapterId>83</chapterId>
    <textIndopak>هَلۡ ثُوِّبَ ٱلۡكُفَّارُ مَا كَانُواْ يَفۡعَلُونَ</textIndopak>
    <translations>
      <translation>
        <author>King Fahad Quran Complex</author>
        <text>Sesungguhnya orang-orang kafir telah diberi ganjaran terhadap apa yang dahulu mereka kerjakan.</text>
      </translation>
    </translations>
  </verse>
</verses>
