<?xml version="1.0" encoding="UTF-8"?>

<verses>
  <verse>
    <verseIdArabic>١</verseIdArabic>
    <verseId>1</verseId>
    <chapterId>84</chapterId>
    <textIndopak>إِذَا ٱلسَّمَآءُ ٱنشَقَّتۡ</textIndopak>
    <translations>
      <translation>
        <author>King Fahad Quran Complex</author>
        <text>Apabila langit terbelah,</text>
      </translation>
    </translations>
    <rules>[{"start": 19, "end": 22, "rule_id": 6}]</rules>
  </verse>
  <verse>
    <verseIdArabic>٢</verseIdArabic>
    <verseId>2</verseId>
    <chapterId>84</chapterId>
    <textIndopak>وَأَذِنَتۡ لِرَبِّهَا وَحُقَّتۡ</textIndopak>
    <translations>
      <translation>
        <author>King Fahad Quran Complex</author>
        <text>dan patuh kepada Tuhan-nya, dan sudah semestinya langit itu patuh,</text>
      </translation>
    </translations>
  </verse>
  <verse>
    <verseIdArabic>٣</verseIdArabic>
    <verseId>3</verseId>
    <chapterId>84</chapterId>
    <textIndopak>وَإِذَا ٱلۡأَرۡضُ مُدَّتۡ</textIndopak>
    <translations>
      <translation>
        <author>King Fahad Quran Complex</author>
        <text>dan apabila bumi diratakan,</text>
      </translation>
    </translations>
  </verse>
  <verse>
    <verseIdArabic>٤</verseIdArabic>
    <verseId>4</verseId>
    <chapterId>84</chapterId>
    <textIndopak>وَأَلۡقَتۡ مَا فِيهَا وَتَخَلَّتۡ</textIndopak>
    <translations>
      <translation>
        <author>King Fahad Quran Complex</author>
        <text>dan memuntahkan apa yang ada di dalamnya dan menjadi kosong,</text>
      </translation>
    </translations>
  </verse>
  <verse>
    <verseIdArabic>٥</verseIdArabic>
    <verseId>5</verseId>
    <chapterId>84</chapterId>
    <textIndopak>وَأَذِنَتۡ لِرَبِّهَا وَحُقَّتۡ</textIndopak>
    <translations>
      <translation>
        <author>King Fahad Quran Complex</author>
        <text>dan patuh kepada Tuhan-nya, dan sudah semestinya bumi itu patuh, (pada waktu itu manusia akan mengetahui akibat perbuatannya).</text>
      </translation>
    </translations>
  </verse>
  <verse>
    <verseIdArabic>٦</verseIdArabic>
    <verseId>6</verseId>
    <chapterId>84</chapterId>
    <textIndopak>يَٰٓأَيُّهَا ٱلۡإِنسَٰنُ إِنَّكَ كَادِحٌ إِلَىٰ رَبِّكَ كَدۡحٗا فَمُلَٰقِيهِ</textIndopak>
    <translations>
      <translation>
        <author>King Fahad Quran Complex</author>
        <text>Hai manusia, sesungguhnya kamu telah bekerja dengan sungguh-sungguh menuju Tuhan-mu, maka pasti kamu akan menemui-Nya.</text>
      </translation>
    </translations>
    <rules>[{"start": 27, "end": 30, "rule_id": 0}, {"start": 58, "end": 60, "rule_id": 1}, {"start": 18, "end": 22, "rule_id": 6}]</rules>
  </verse>
  <verse>
    <verseIdArabic>٧</verseIdArabic>
    <verseId>7</verseId>
    <chapterId>84</chapterId>
    <textIndopak>فَأَمَّا مَنۡ أُوتِيَ كِتَٰبَهُۥ بِيَمِينِهِۦ</textIndopak>
    <translations>
      <translation>
        <author>King Fahad Quran Complex</author>
        <text>Adapun orang yang diberikan kitabnya dari sebelah kanannya,</text>
      </translation>
    </translations>
    <rules>[{"start": 4, "end": 7, "rule_id": 0}]</rules>
  </verse>
  <verse>
    <verseIdArabic>٨</verseIdArabic>
    <verseId>8</verseId>
    <chapterId>84</chapterId>
    <textIndopak>فَسَوۡفَ يُحَاسَبُ حِسَابٗا يَسِيرٗا</textIndopak>
    <translations>
      <translation>
        <author>King Fahad Quran Complex</author>
        <text>maka dia akan diperiksa dengan pemeriksaan yang mudah,</text>
      </translation>
    </translations>
    <rules>[{"start": 24, "end": 30, "rule_id": 3}]</rules>
  </verse>
  <verse>
    <verseIdArabic>٩</verseIdArabic>
    <verseId>9</verseId>
    <chapterId>84</chapterId>
    <textIndopak>وَيَنقَلِبُ إِلَىٰٓ أَهۡلِهِۦ مَسۡرُورٗا</textIndopak>
    <translations>
      <translation>
        <author>King Fahad Quran Complex</author>
        <text>dan dia akan kembali kepada kaumnya (yang sama-sama beriman) dengan gembira.</text>
      </translation>
    </translations>
    <rules>[{"start": 4, "end": 7, "rule_id": 6}]</rules>
  </verse>
  <verse>
    <verseIdArabic>١٠</verseIdArabic>
    <verseId>10</verseId>
    <chapterId>84</chapterId>
    <textIndopak>وَأَمَّا مَنۡ أُوتِيَ كِتَٰبَهُۥ وَرَآءَ ظَهۡرِهِۦ</textIndopak>
    <translations>
      <translation>
        <author>King Fahad Quran Complex</author>
        <text>Adapun orang-orang yang diberikan kitabnya dari belakang,</text>
      </translation>
    </translations>
    <rules>[{"start": 4, "end": 7, "rule_id": 0}]</rules>
  </verse>
  <verse>
    <verseIdArabic>١١</verseIdArabic>
    <verseId>11</verseId>
    <chapterId>84</chapterId>
    <textIndopak>فَسَوۡفَ يَدۡعُواْ ثُبُورٗا</textIndopak>
    <translations>
      <translation>
        <author>King Fahad Quran Complex</author>
        <text>maka dia akan berteriak, "Celakalah aku".</text>
      </translation>
    </translations>
    <rules>[{"start": 11, "end": 13, "rule_id": 1}]</rules>
  </verse>
  <verse>
    <verseIdArabic>١٢</verseIdArabic>
    <verseId>12</verseId>
    <chapterId>84</chapterId>
    <textIndopak>وَيَصۡلَىٰ سَعِيرًا</textIndopak>
    <translations>
      <translation>
        <author>King Fahad Quran Complex</author>
        <text>Dan dia akan masuk ke dalam api yang menyala-nyala (neraka).</text>
      </translation>
    </translations>
  </verse>
  <verse>
    <verseIdArabic>١٣</verseIdArabic>
    <verseId>13</verseId>
    <chapterId>84</chapterId>
    <textIndopak>إِنَّهُۥ كَانَ فِيٓ أَهۡلِهِۦ مَسۡرُورًا</textIndopak>
    <translations>
      <translation>
        <author>King Fahad Quran Complex</author>
        <text>Sesungguhnya dia dahulu (di dunia) bergembira di kalangan kaumnya (yang sama-sama kafir).</text>
      </translation>
    </translations>
    <rules>[{"start": 2, "end": 5, "rule_id": 0}]</rules>
  </verse>
  <verse>
    <verseIdArabic>١٤</verseIdArabic>
    <verseId>14</verseId>
    <chapterId>84</chapterId>
    <textIndopak>إِنَّهُۥ ظَنَّ أَن لَّن يَحُورَ</textIndopak>
    <translations>
      <translation>
        <author>King Fahad Quran Complex</author>
        <text>Sesungguhnya dia yakin bahwa dia sekali-kali tidak akan kembali (kepada Tuhan-nya).</text>
      </translation>
    </translations>
    <rules>[{"start": 2, "end": 5, "rule_id": 0}, {"start": 11, "end": 14, "rule_id": 0}, {"start": 22, "end": 26, "rule_id": 3}, {"start": 17, "end": 22, "rule_id": 5}]</rules>
  </verse>
  <verse>
    <verseIdArabic>١٥</verseIdArabic>
    <verseId>15</verseId>
    <chapterId>84</chapterId>
    <textIndopak>بَلَىٰٓۚ إِنَّ رَبَّهُۥ كَانَ بِهِۦ بَصِيرٗا</textIndopak>
    <translations>
      <translation>
        <author>King Fahad Quran Complex</author>
        <text>(Bukan demikian), yang benar, sesungguhnya Tuhan-nya selalu melihatnya.</text>
      </translation>
    </translations>
    <rules>[{"start": 10, "end": 13, "rule_id": 0}]</rules>
  </verse>
  <verse>
    <verseIdArabic>١٦</verseIdArabic>
    <verseId>16</verseId>
    <chapterId>84</chapterId>
    <textIndopak>فَلَآ أُقۡسِمُ بِٱلشَّفَقِ</textIndopak>
    <translations>
      <translation>
        <author>King Fahad Quran Complex</author>
        <text>Maka sesungguhnya Aku bersumpah dengan cahaya merah di waktu senja,</text>
      </translation>
    </translations>
    <rules>[{"start": 9, "end": 11, "rule_id": 1}, {"start": 25, "end": 27, "rule_id": 1}]</rules>
  </verse>
  <verse>
    <verseIdArabic>١٧</verseIdArabic>
    <verseId>17</verseId>
    <chapterId>84</chapterId>
    <textIndopak>وَٱلَّيۡلِ وَمَا وَسَقَ</textIndopak>
    <translations>
      <translation>
        <author>King Fahad Quran Complex</author>
        <text>dan dengan malam dan apa yang diselubunginya,</text>
      </translation>
    </translations>
    <rules>[{"start": 21, "end": 23, "rule_id": 1}]</rules>
  </verse>
  <verse>
    <verseIdArabic>١٨</verseIdArabic>
    <verseId>18</verseId>
    <chapterId>84</chapterId>
    <textIndopak>وَٱلۡقَمَرِ إِذَا ٱتَّسَقَ</textIndopak>
    <translations>
      <translation>
        <author>King Fahad Quran Complex</author>
        <text>dan dengan bulan apabila jadi purnama,</text>
      </translation>
    </translations>
    <rules>[{"start": 24, "end": 26, "rule_id": 1}]</rules>
  </verse>
  <verse>
    <verseIdArabic>١٩</verseIdArabic>
    <verseId>19</verseId>
    <chapterId>84</chapterId>
    <textIndopak>لَتَرۡكَبُنَّ طَبَقًا عَن طَبَقٖ</textIndopak>
    <translations>
      <translation>
        <author>King Fahad Quran Complex</author>
        <text>sesungguhnya kamu melalui tingkat demi tingkat (dalam kehidupan),</text>
      </translation>
    </translations>
    <rules>[{"start": 10, "end": 13, "rule_id": 0}, {"start": 30, "end": 32, "rule_id": 1}, {"start": 24, "end": 28, "rule_id": 6}]</rules>
  </verse>
  <verse>
    <verseIdArabic>٢٠</verseIdArabic>
    <verseId>20</verseId>
    <chapterId>84</chapterId>
    <textIndopak>فَمَا لَهُمۡ لَا يُؤۡمِنُونَ</textIndopak>
    <translations>
      <translation>
        <author>King Fahad Quran Complex</author>
        <text>Mengapa mereka tidak mau beriman?</text>
      </translation>
    </translations>
  </verse>
  <verse>
    <verseIdArabic>٢١</verseIdArabic>
    <verseId>21</verseId>
    <chapterId>84</chapterId>
    <textIndopak>وَإِذَا قُرِئَ عَلَيۡهِمُ ٱلۡقُرۡءَانُ لَا يَسۡجُدُونَۤ۩</textIndopak>
    <translations>
      <translation>
        <author>King Fahad Quran Complex</author>
        <text>dan apabila Al-Qur`ān dibacakan kepada mereka, mereka tidak bersujud,</text>
      </translation>
    </translations>
  </verse>
  <verse>
    <verseIdArabic>٢٢</verseIdArabic>
    <verseId>22</verseId>
    <chapterId>84</chapterId>
    <textIndopak>بَلِ ٱلَّذِينَ كَفَرُواْ يُكَذِّبُونَ</textIndopak>
    <translations>
      <translation>
        <author>King Fahad Quran Complex</author>
        <text>bahkan orang-orang kafir itu mendustakan(nya).</text>
      </translation>
    </translations>
  </verse>
  <verse>
    <verseIdArabic>٢٣</verseIdArabic>
    <verseId>23</verseId>
    <chapterId>84</chapterId>
    <textIndopak>وَٱللَّهُ أَعۡلَمُ بِمَا يُوعُونَ</textIndopak>
    <translations>
      <translation>
        <author>King Fahad Quran Complex</author>
        <text>Padahal Allah mengetahui apa yang mereka sembunyikan (dalam hati mereka).</text>
      </translation>
    </translations>
  </verse>
  <verse>
    <verseIdArabic>٢٤</verseIdArabic>
    <verseId>24</verseId>
    <chapterId>84</chapterId>
    <textIndopak>فَبَشِّرۡهُم بِعَذَابٍ أَلِيمٍ</textIndopak>
    <translations>
      <translation>
        <author>King Fahad Quran Complex</author>
        <text>Maka beri kabar gembiralah mereka dengan azab yang pedih,</text>
      </translation>
    </translations>
    <rules>[{"start": 11, "end": 15, "rule_id": 7}]</rules>
  </verse>
  <verse>
    <verseIdArabic>٢٥</verseIdArabic>
    <verseId>25</verseId>
    <chapterId>84</chapterId>
    <textIndopak>إِلَّا ٱلَّذِينَ ءَامَنُواْ وَعَمِلُواْ ٱلصَّٰلِحَٰتِ لَهُمۡ أَجۡرٌ غَيۡرُ مَمۡنُونِۭ</textIndopak>
    <translations>
      <translation>
        <author>King Fahad Quran Complex</author>
        <text>tetapi orang-orang yang beriman dan beramal saleh, bagi mereka pahala yang tidak putus-putusnya.</text>
      </translation>
    </translations>
    <rules>[{"start": 63, "end": 65, "rule_id": 1}]</rules>
  </verse>
</verses>
