<?xml version="1.0" encoding="UTF-8"?>

<verses>
  <verse>
    <verseIdArabic>١</verseIdArabic>
    <verseId>1</verseId>
    <chapterId>87</chapterId>
    <textIndopak>سَبِّحِ ٱسۡمَ رَبِّكَ ٱلۡأَعۡلَى</textIndopak>
    <translations>
      <translation>
        <author>King Fahad Quran Complex</author>
        <text>Sucikanlah nama Tuhan-mu Yang Maha Tingi,</text>
      </translation>
    </translations>
  </verse>
  <verse>
    <verseIdArabic>٢</verseIdArabic>
    <verseId>2</verseId>
    <chapterId>87</chapterId>
    <textIndopak>ٱلَّذِي خَلَقَ فَسَوَّىٰ</textIndopak>
    <translations>
      <translation>
        <author>King Fahad Quran Complex</author>
        <text>yang menciptakan, dan menyempurnakan (penciptaan-Nya),</text>
      </translation>
    </translations>
  </verse>
  <verse>
    <verseIdArabic>٣</verseIdArabic>
    <verseId>3</verseId>
    <chapterId>87</chapterId>
    <textIndopak>وَٱلَّذِي قَدَّرَ فَهَدَىٰ</textIndopak>
    <translations>
      <translation>
        <author>King Fahad Quran Complex</author>
        <text>dan yang menentukan kadar (masing-masing) dan memberi petunjuk,</text>
      </translation>
    </translations>
  </verse>
  <verse>
    <verseIdArabic>٤</verseIdArabic>
    <verseId>4</verseId>
    <chapterId>87</chapterId>
    <textIndopak>وَٱلَّذِيٓ أَخۡرَجَ ٱلۡمَرۡعَىٰ</textIndopak>
    <translations>
      <translation>
        <author>King Fahad Quran Complex</author>
        <text>dan yang menumbuhkan rumput-rumputan,</text>
      </translation>
    </translations>
  </verse>
  <verse>
    <verseIdArabic>٥</verseIdArabic>
    <verseId>5</verseId>
    <chapterId>87</chapterId>
    <textIndopak>فَجَعَلَهُۥ غُثَآءً أَحۡوَىٰ</textIndopak>
    <translations>
      <translation>
        <author>King Fahad Quran Complex</author>
        <text>lalu dijadikan-Nya rumput-rumput itu kering kehitam-hitaman.</text>
      </translation>
    </translations>
  </verse>
  <verse>
    <verseIdArabic>٦</verseIdArabic>
    <verseId>6</verseId>
    <chapterId>87</chapterId>
    <textIndopak>سَنُقۡرِئُكَ فَلَا تَنسَىٰٓ</textIndopak>
    <translations>
      <translation>
        <author>King Fahad Quran Complex</author>
        <text>Kami akan membacakan (Al-Qur`ān) kepadamu (Muhammad) maka kamu tidak akan lupa,</text>
      </translation>
    </translations>
    <rules>[{"start": 4, "end": 6, "rule_id": 1}, {"start": 21, "end": 24, "rule_id": 6}]</rules>
  </verse>
  <verse>
    <verseIdArabic>٧</verseIdArabic>
    <verseId>7</verseId>
    <chapterId>87</chapterId>
    <textIndopak>إِلَّا مَا شَآءَ ٱللَّهُۚ إِنَّهُۥ يَعۡلَمُ ٱلۡجَهۡرَ وَمَا يَخۡفَىٰ</textIndopak>
    <translations>
      <translation>
        <author>King Fahad Quran Complex</author>
        <text>kecuali kalau Allah menghendaki. Sesungguhnya Dia mengetahui yang terang dan yang tersembunyi.</text>
      </translation>
    </translations>
    <rules>[{"start": 30, "end": 33, "rule_id": 0}]</rules>
  </verse>
  <verse>
    <verseIdArabic>٨</verseIdArabic>
    <verseId>8</verseId>
    <chapterId>87</chapterId>
    <textIndopak>وَنُيَسِّرُكَ لِلۡيُسۡرَىٰ</textIndopak>
    <translations>
      <translation>
        <author>King Fahad Quran Complex</author>
        <text>dan Kami akan memberi kamu taufik kepada jalan yang mudah,</text>
      </translation>
    </translations>
  </verse>
  <verse>
    <verseIdArabic>٩</verseIdArabic>
    <verseId>9</verseId>
    <chapterId>87</chapterId>
    <textIndopak>فَذَكِّرۡ إِن نَّفَعَتِ ٱلذِّكۡرَىٰ</textIndopak>
    <translations>
      <translation>
        <author>King Fahad Quran Complex</author>
        <text>oleh sebab itu, berikanlah peringatan karena peringatan itu bermanfaat,</text>
      </translation>
    </translations>
    <rules>[{"start": 14, "end": 17, "rule_id": 0}, {"start": 12, "end": 17, "rule_id": 3}]</rules>
  </verse>
  <verse>
    <verseIdArabic>١٠</verseIdArabic>
    <verseId>10</verseId>
    <chapterId>87</chapterId>
    <textIndopak>سَيَذَّكَّرُ مَن يَخۡشَىٰ</textIndopak>
    <translations>
      <translation>
        <author>King Fahad Quran Complex</author>
        <text>orang yang takut (kepada Allah) akan mendapat pelajaran,</text>
      </translation>
    </translations>
    <rules>[{"start": 15, "end": 19, "rule_id": 3}]</rules>
  </verse>
  <verse>
    <verseIdArabic>١١</verseIdArabic>
    <verseId>11</verseId>
    <chapterId>87</chapterId>
    <textIndopak>وَيَتَجَنَّبُهَا ٱلۡأَشۡقَى</textIndopak>
    <translations>
      <translation>
        <author>King Fahad Quran Complex</author>
        <text>orang-orang yang celaka (kafir) akan menjauhinya.</text>
      </translation>
    </translations>
    <rules>[{"start": 8, "end": 11, "rule_id": 0}]</rules>
  </verse>
  <verse>
    <verseIdArabic>١٢</verseIdArabic>
    <verseId>12</verseId>
    <chapterId>87</chapterId>
    <textIndopak>ٱلَّذِي يَصۡلَى ٱلنَّارَ ٱلۡكُبۡرَىٰ</textIndopak>
    <translations>
      <translation>
        <author>King Fahad Quran Complex</author>
        <text>(Yaitu) orang yang akan memasuki api yang besar (neraka).</text>
      </translation>
    </translations>
    <rules>[{"start": 18, "end": 21, "rule_id": 0}, {"start": 30, "end": 32, "rule_id": 1}]</rules>
  </verse>
  <verse>
    <verseIdArabic>١٣</verseIdArabic>
    <verseId>13</verseId>
    <chapterId>87</chapterId>
    <textIndopak>ثُمَّ لَا يَمُوتُ فِيهَا وَلَا يَحۡيَىٰ</textIndopak>
    <translations>
      <translation>
        <author>King Fahad Quran Complex</author>
        <text>Kemudian dia tidak akan mati di dalamnya dan tidak (pula) hidup.</text>
      </translation>
    </translations>
    <rules>[{"start": 2, "end": 5, "rule_id": 0}]</rules>
  </verse>
  <verse>
    <verseIdArabic>١٤</verseIdArabic>
    <verseId>14</verseId>
    <chapterId>87</chapterId>
    <textIndopak>قَدۡ أَفۡلَحَ مَن تَزَكَّىٰ</textIndopak>
    <translations>
      <translation>
        <author>King Fahad Quran Complex</author>
        <text>Sesungguhnya beruntunglah orang yang membersihkan diri (dengan beriman),</text>
      </translation>
    </translations>
    <rules>[{"start": 2, "end": 4, "rule_id": 1}, {"start": 16, "end": 20, "rule_id": 6}]</rules>
  </verse>
  <verse>
    <verseIdArabic>١٥</verseIdArabic>
    <verseId>15</verseId>
    <chapterId>87</chapterId>
    <textIndopak>وَذَكَرَ ٱسۡمَ رَبِّهِۦ فَصَلَّىٰ</textIndopak>
    <translations>
      <translation>
        <author>King Fahad Quran Complex</author>
        <text>dan dia ingat nama Tuhan-nya, lalu dia salat.</text>
      </translation>
    </translations>
  </verse>
  <verse>
    <verseIdArabic>١٦</verseIdArabic>
    <verseId>16</verseId>
    <chapterId>87</chapterId>
    <textIndopak>بَلۡ تُؤۡثِرُونَ ٱلۡحَيَوٰةَ ٱلدُّنۡيَا</textIndopak>
    <translations>
      <translation>
        <author>King Fahad Quran Complex</author>
        <text>Tetapi kamu (orang-orang kafir) memilih kehidupan duniawi.</text>
      </translation>
    </translations>
  </verse>
  <verse>
    <verseIdArabic>١٧</verseIdArabic>
    <verseId>17</verseId>
    <chapterId>87</chapterId>
    <textIndopak>وَٱلۡأٓخِرَةُ خَيۡرٞ وَأَبۡقَىٰٓ</textIndopak>
    <translations>
      <translation>
        <author>King Fahad Quran Complex</author>
        <text>Sedang kehidupan akhirat adalah lebih baik dan lebih kekal.</text>
      </translation>
    </translations>
    <rules>[{"start": 26, "end": 28, "rule_id": 1}, {"start": 19, "end": 24, "rule_id": 3}]</rules>
  </verse>
  <verse>
    <verseIdArabic>١٨</verseIdArabic>
    <verseId>18</verseId>
    <chapterId>87</chapterId>
    <textIndopak>إِنَّ هَٰذَا لَفِي ٱلصُّحُفِ ٱلۡأُولَىٰ</textIndopak>
    <translations>
      <translation>
        <author>King Fahad Quran Complex</author>
        <text>Sesungguhnya ini benar-benar terdapat dalam kitab-kitab yang dahulu,</text>
      </translation>
    </translations>
    <rules>[{"start": 2, "end": 5, "rule_id": 0}]</rules>
  </verse>
  <verse>
    <verseIdArabic>١٩</verseIdArabic>
    <verseId>19</verseId>
    <chapterId>87</chapterId>
    <textIndopak>صُحُفِ إِبۡرَٰهِيمَ وَمُوسَىٰ</textIndopak>
    <translations>
      <translation>
        <author>King Fahad Quran Complex</author>
        <text>(yaitu) Kitab-kitab Ibrāhīm dan Musa.</text>
      </translation>
    </translations>
    <rules>[{"start": 9, "end": 11, "rule_id": 1}]</rules>
  </verse>
</verses>
