<?xml version="1.0" encoding="UTF-8"?>

<verses>
  <verse>
    <verseIdArabic>١</verseIdArabic>
    <verseId>1</verseId>
    <chapterId>88</chapterId>
    <textIndopak>هَلۡ أَتَىٰكَ حَدِيثُ ٱلۡغَٰشِيَةِ</textIndopak>
    <translations>
      <translation>
        <author>King Fahad Quran Complex</author>
        <text>Sudah datangkah kepadamu berita (tentang) hari pembalasan?</text>
      </translation>
    </translations>
  </verse>
  <verse>
    <verseIdArabic>٢</verseIdArabic>
    <verseId>2</verseId>
    <chapterId>88</chapterId>
    <textIndopak>وُجُوهٞ يَوۡمَئِذٍ خَٰشِعَةٌ</textIndopak>
    <translations>
      <translation>
        <author>King Fahad Quran Complex</author>
        <text>Banyak muka pada hari itu tunduk terhina,</text>
      </translation>
    </translations>
    <rules>[{"start": 5, "end": 10, "rule_id": 3}]</rules>
  </verse>
  <verse>
    <verseIdArabic>٣</verseIdArabic>
    <verseId>3</verseId>
    <chapterId>88</chapterId>
    <textIndopak>عَامِلَةٞ نَّاصِبَةٞ</textIndopak>
    <translations>
      <translation>
        <author>King Fahad Quran Complex</author>
        <text>bekerja keras lagi kepayahan,</text>
      </translation>
    </translations>
    <rules>[{"start": 10, "end": 13, "rule_id": 0}, {"start": 7, "end": 13, "rule_id": 3}]</rules>
  </verse>
  <verse>
    <verseIdArabic>٤</verseIdArabic>
    <verseId>4</verseId>
    <chapterId>88</chapterId>
    <textIndopak>تَصۡلَىٰ نَارًا حَامِيَةٗ</textIndopak>
    <translations>
      <translation>
        <author>King Fahad Quran Complex</author>
        <text>memasuki api yang sangat panas (neraka),</text>
      </translation>
    </translations>
  </verse>
  <verse>
    <verseIdArabic>٥</verseIdArabic>
    <verseId>5</verseId>
    <chapterId>88</chapterId>
    <textIndopak>تُسۡقَىٰ مِنۡ عَيۡنٍ ءَانِيَةٖ</textIndopak>
    <translations>
      <translation>
        <author>King Fahad Quran Complex</author>
        <text>diberi minum (dengan air) dari sumber yang sangat panas.</text>
      </translation>
    </translations>
  </verse>
  <verse>
    <verseIdArabic>٦</verseIdArabic>
    <verseId>6</verseId>
    <chapterId>88</chapterId>
    <textIndopak>لَّيۡسَ لَهُمۡ طَعَامٌ إِلَّا مِن ضَرِيعٖ</textIndopak>
    <translations>
      <translation>
        <author>King Fahad Quran Complex</author>
        <text>Mereka tiada memperoleh makanan selain dari pohon yang berduri,</text>
      </translation>
    </translations>
    <rules>[{"start": 32, "end": 36, "rule_id": 6}]</rules>
  </verse>
  <verse>
    <verseIdArabic>٧</verseIdArabic>
    <verseId>7</verseId>
    <chapterId>88</chapterId>
    <textIndopak>لَّا يُسۡمِنُ وَلَا يُغۡنِي مِن جُوعٖ</textIndopak>
    <translations>
      <translation>
        <author>King Fahad Quran Complex</author>
        <text>yang tidak menggemukkan dan tidak pula menghilangkan lapar.</text>
      </translation>
    </translations>
    <rules>[{"start": 30, "end": 34, "rule_id": 6}]</rules>
  </verse>
  <verse>
    <verseIdArabic>٨</verseIdArabic>
    <verseId>8</verseId>
    <chapterId>88</chapterId>
    <textIndopak>وُجُوهٞ يَوۡمَئِذٖ نَّاعِمَةٞ</textIndopak>
    <translations>
      <translation>
        <author>King Fahad Quran Complex</author>
        <text>Banyak muka pada hari itu berseri-seri,</text>
      </translation>
    </translations>
    <rules>[{"start": 19, "end": 22, "rule_id": 0}, {"start": 5, "end": 10, "rule_id": 3}, {"start": 16, "end": 22, "rule_id": 3}]</rules>
  </verse>
  <verse>
    <verseIdArabic>٩</verseIdArabic>
    <verseId>9</verseId>
    <chapterId>88</chapterId>
    <textIndopak>لِّسَعۡيِهَا رَاضِيَةٞ</textIndopak>
    <translations>
      <translation>
        <author>King Fahad Quran Complex</author>
        <text>merasa senang karena usahanya,</text>
      </translation>
    </translations>
  </verse>
  <verse>
    <verseIdArabic>١٠</verseIdArabic>
    <verseId>10</verseId>
    <chapterId>88</chapterId>
    <textIndopak>فِي جَنَّةٍ عَالِيَةٖ</textIndopak>
    <translations>
      <translation>
        <author>King Fahad Quran Complex</author>
        <text>dalam surga yang tinggi,</text>
      </translation>
    </translations>
    <rules>[{"start": 6, "end": 9, "rule_id": 0}]</rules>
  </verse>
  <verse>
    <verseIdArabic>١١</verseIdArabic>
    <verseId>11</verseId>
    <chapterId>88</chapterId>
    <textIndopak>لَّا تَسۡمَعُ فِيهَا لَٰغِيَةٗ</textIndopak>
    <translations>
      <translation>
        <author>King Fahad Quran Complex</author>
        <text>tidak kamu dengar di dalamnya perkataan yang tidak berguna.</text>
      </translation>
    </translations>
  </verse>
  <verse>
    <verseIdArabic>١٢</verseIdArabic>
    <verseId>12</verseId>
    <chapterId>88</chapterId>
    <textIndopak>فِيهَا عَيۡنٞ جَارِيَةٞ</textIndopak>
    <translations>
      <translation>
        <author>King Fahad Quran Complex</author>
        <text>Di dalamnya ada mata air yang mengalir.</text>
      </translation>
    </translations>
    <rules>[{"start": 11, "end": 16, "rule_id": 6}]</rules>
  </verse>
  <verse>
    <verseIdArabic>١٣</verseIdArabic>
    <verseId>13</verseId>
    <chapterId>88</chapterId>
    <textIndopak>فِيهَا سُرُرٞ مَّرۡفُوعَةٞ</textIndopak>
    <translations>
      <translation>
        <author>King Fahad Quran Complex</author>
        <text>Di dalamnya ada takhta-takhta yang ditinggikan,</text>
      </translation>
    </translations>
    <rules>[{"start": 14, "end": 17, "rule_id": 0}, {"start": 11, "end": 17, "rule_id": 3}]</rules>
  </verse>
  <verse>
    <verseIdArabic>١٤</verseIdArabic>
    <verseId>14</verseId>
    <chapterId>88</chapterId>
    <textIndopak>وَأَكۡوَابٞ مَّوۡضُوعَةٞ</textIndopak>
    <translations>
      <translation>
        <author>King Fahad Quran Complex</author>
        <text>dan gelas-gelas yang terletak (di dekatnya),</text>
      </translation>
    </translations>
    <rules>[{"start": 12, "end": 15, "rule_id": 0}, {"start": 9, "end": 15, "rule_id": 3}]</rules>
  </verse>
  <verse>
    <verseIdArabic>١٥</verseIdArabic>
    <verseId>15</verseId>
    <chapterId>88</chapterId>
    <textIndopak>وَنَمَارِقُ مَصۡفُوفَةٞ</textIndopak>
    <translations>
      <translation>
        <author>King Fahad Quran Complex</author>
        <text>dan bantal-bantal sandaran yang tersusun,</text>
      </translation>
    </translations>
  </verse>
  <verse>
    <verseIdArabic>١٦</verseIdArabic>
    <verseId>16</verseId>
    <chapterId>88</chapterId>
    <textIndopak>وَزَرَابِيُّ مَبۡثُوثَةٌ</textIndopak>
    <translations>
      <translation>
        <author>King Fahad Quran Complex</author>
        <text>dan permadani-permadani yang terhampar.</text>
      </translation>
    </translations>
    <rules>[{"start": 15, "end": 17, "rule_id": 1}]</rules>
  </verse>
  <verse>
    <verseIdArabic>١٧</verseIdArabic>
    <verseId>17</verseId>
    <chapterId>88</chapterId>
    <textIndopak>أَفَلَا يَنظُرُونَ إِلَى ٱلۡإِبِلِ كَيۡفَ خُلِقَتۡ</textIndopak>
    <translations>
      <translation>
        <author>King Fahad Quran Complex</author>
        <text>Maka apakah mereka tidak memperhatikan unta, bagaimana dia diciptakan,</text>
      </translation>
    </translations>
    <rules>[{"start": 10, "end": 13, "rule_id": 6}]</rules>
  </verse>
  <verse>
    <verseIdArabic>١٨</verseIdArabic>
    <verseId>18</verseId>
    <chapterId>88</chapterId>
    <textIndopak>وَإِلَى ٱلسَّمَآءِ كَيۡفَ رُفِعَتۡ</textIndopak>
    <translations>
      <translation>
        <author>King Fahad Quran Complex</author>
        <text>Dan langit, bagaimana ia ditinggikan?</text>
      </translation>
    </translations>
  </verse>
  <verse>
    <verseIdArabic>١٩</verseIdArabic>
    <verseId>19</verseId>
    <chapterId>88</chapterId>
    <textIndopak>وَإِلَى ٱلۡجِبَالِ كَيۡفَ نُصِبَتۡ</textIndopak>
    <translations>
      <translation>
        <author>King Fahad Quran Complex</author>
        <text>Dan gunung-gunung, bagaimana ia ditegakkan?</text>
      </translation>
    </translations>
  </verse>
  <verse>
    <verseIdArabic>٢٠</verseIdArabic>
    <verseId>20</verseId>
    <chapterId>88</chapterId>
    <textIndopak>وَإِلَى ٱلۡأَرۡضِ كَيۡفَ سُطِحَتۡ</textIndopak>
    <translations>
      <translation>
        <author>King Fahad Quran Complex</author>
        <text>Dan bumi, bagaimana ia dihamparkan?</text>
      </translation>
    </translations>
  </verse>
  <verse>
    <verseIdArabic>٢١</verseIdArabic>
    <verseId>21</verseId>
    <chapterId>88</chapterId>
    <textIndopak>فَذَكِّرۡ إِنَّمَآ أَنتَ مُذَكِّرٞ</textIndopak>
    <translations>
      <translation>
        <author>King Fahad Quran Complex</author>
        <text>Maka berilah peringatan, karena sesungguhnya kamu hanyalah orang yang memberi peringatan.</text>
      </translation>
    </translations>
    <rules>[{"start": 12, "end": 15, "rule_id": 0}, {"start": 22, "end": 25, "rule_id": 6}]</rules>
  </verse>
  <verse>
    <verseIdArabic>٢٢</verseIdArabic>
    <verseId>22</verseId>
    <chapterId>88</chapterId>
    <textIndopak>لَّسۡتَ عَلَيۡهِم بِمُصَيۡطِرٍ</textIndopak>
    <translations>
      <translation>
        <author>King Fahad Quran Complex</author>
        <text>Kamu bukanlah orang yang berkuasa atas mereka,</text>
      </translation>
    </translations>
    <rules>[{"start": 16, "end": 20, "rule_id": 7}]</rules>
  </verse>
  <verse>
    <verseIdArabic>٢٣</verseIdArabic>
    <verseId>23</verseId>
    <chapterId>88</chapterId>
    <textIndopak>إِلَّا مَن تَوَلَّىٰ وَكَفَرَ</textIndopak>
    <translations>
      <translation>
        <author>King Fahad Quran Complex</author>
        <text>tetapi orang yang berpaling dan kafir,</text>
      </translation>
    </translations>
    <rules>[{"start": 9, "end": 13, "rule_id": 6}]</rules>
  </verse>
  <verse>
    <verseIdArabic>٢٤</verseIdArabic>
    <verseId>24</verseId>
    <chapterId>88</chapterId>
    <textIndopak>فَيُعَذِّبُهُ ٱللَّهُ ٱلۡعَذَابَ ٱلۡأَكۡبَرَ</textIndopak>
    <translations>
      <translation>
        <author>King Fahad Quran Complex</author>
        <text>maka Allah akan mengazabnya dengan azab yang besar.</text>
      </translation>
    </translations>
  </verse>
  <verse>
    <verseIdArabic>٢٥</verseIdArabic>
    <verseId>25</verseId>
    <chapterId>88</chapterId>
    <textIndopak>إِنَّ إِلَيۡنَآ إِيَابَهُمۡ</textIndopak>
    <translations>
      <translation>
        <author>King Fahad Quran Complex</author>
        <text>Sesungguhnya kepada Kami-lah kembali mereka,</text>
      </translation>
    </translations>
    <rules>[{"start": 2, "end": 5, "rule_id": 0}]</rules>
  </verse>
  <verse>
    <verseIdArabic>٢٦</verseIdArabic>
    <verseId>26</verseId>
    <chapterId>88</chapterId>
    <textIndopak>ثُمَّ إِنَّ عَلَيۡنَا حِسَابَهُم</textIndopak>
    <translations>
      <translation>
        <author>King Fahad Quran Complex</author>
        <text>kemudian sesungguhnya kewajiban Kami-lah menghisab mereka.</text>
      </translation>
    </translations>
    <rules>[{"start": 2, "end": 5, "rule_id": 0}, {"start": 8, "end": 11, "rule_id": 0}]</rules>
  </verse>
</verses>
