<?xml version="1.0" encoding="UTF-8"?>

<verses>
  <verse>
    <verseIdArabic>١</verseIdArabic>
    <verseId>1</verseId>
    <chapterId>90</chapterId>
    <textIndopak>لَآ أُقۡسِمُ بِهَٰذَا ٱلۡبَلَدِ</textIndopak>
    <translations>
      <translation>
        <author>King Fahad Quran Complex</author>
        <text>Aku benar-benar bersumpah dengan kota ini (Mekah),</text>
      </translation>
    </translations>
    <rules>[{"start": 7, "end": 9, "rule_id": 1}, {"start": 30, "end": 32, "rule_id": 1}]</rules>
  </verse>
  <verse>
    <verseIdArabic>٢</verseIdArabic>
    <verseId>2</verseId>
    <chapterId>90</chapterId>
    <textIndopak>وَأَنتَ حِلُّۢ بِهَٰذَا ٱلۡبَلَدِ</textIndopak>
    <translations>
      <translation>
        <author>King Fahad Quran Complex</author>
        <text>dan kamu (Muhammad) bertempat di kota Mekah ini,</text>
      </translation>
    </translations>
    <rules>[{"start": 31, "end": 33, "rule_id": 1}, {"start": 10, "end": 17, "rule_id": 2}, {"start": 4, "end": 7, "rule_id": 6}]</rules>
  </verse>
  <verse>
    <verseIdArabic>٣</verseIdArabic>
    <verseId>3</verseId>
    <chapterId>90</chapterId>
    <textIndopak>وَوَالِدٖ وَمَا وَلَدَ</textIndopak>
    <translations>
      <translation>
        <author>King Fahad Quran Complex</author>
        <text>dan demi bapak dan anaknya.</text>
      </translation>
    </translations>
    <rules>[{"start": 20, "end": 22, "rule_id": 1}, {"start": 7, "end": 12, "rule_id": 3}]</rules>
  </verse>
  <verse>
    <verseIdArabic>٤</verseIdArabic>
    <verseId>4</verseId>
    <chapterId>90</chapterId>
    <textIndopak>لَقَدۡ خَلَقۡنَا ٱلۡإِنسَٰنَ فِي كَبَدٍ</textIndopak>
    <translations>
      <translation>
        <author>King Fahad Quran Complex</author>
        <text>Sesungguhnya Kami telah menciptakan manusia berada dalam susah payah.</text>
      </translation>
    </translations>
    <rules>[{"start": 4, "end": 6, "rule_id": 1}, {"start": 11, "end": 13, "rule_id": 1}, {"start": 37, "end": 39, "rule_id": 1}, {"start": 22, "end": 26, "rule_id": 6}]</rules>
  </verse>
  <verse>
    <verseIdArabic>٥</verseIdArabic>
    <verseId>5</verseId>
    <chapterId>90</chapterId>
    <textIndopak>أَيَحۡسَبُ أَن لَّن يَقۡدِرَ عَلَيۡهِ أَحَدٞ</textIndopak>
    <translations>
      <translation>
        <author>King Fahad Quran Complex</author>
        <text>Apakah manusia itu menyangka bahwa sekali-kali tiada seorang pun yang berkuasa atasnya?</text>
      </translation>
    </translations>
    <rules>[{"start": 22, "end": 24, "rule_id": 1}, {"start": 42, "end": 44, "rule_id": 1}, {"start": 18, "end": 22, "rule_id": 3}, {"start": 13, "end": 18, "rule_id": 5}]</rules>
  </verse>
  <verse>
    <verseIdArabic>٦</verseIdArabic>
    <verseId>6</verseId>
    <chapterId>90</chapterId>
    <textIndopak>يَقُولُ أَهۡلَكۡتُ مَالٗا لُّبَدًا</textIndopak>
    <translations>
      <translation>
        <author>King Fahad Quran Complex</author>
        <text>Dia mengatakan, "Aku telah menghabiskan harta yang banyak".</text>
      </translation>
    </translations>
    <rules>[{"start": 22, "end": 29, "rule_id": 5}]</rules>
  </verse>
  <verse>
    <verseIdArabic>٧</verseIdArabic>
    <verseId>7</verseId>
    <chapterId>90</chapterId>
    <textIndopak>أَيَحۡسَبُ أَن لَّمۡ يَرَهُۥٓ أَحَدٌ</textIndopak>
    <translations>
      <translation>
        <author>King Fahad Quran Complex</author>
        <text>Apakah dia menyangka bahwa tiada seorang pun yang melihatnya?</text>
      </translation>
    </translations>
    <rules>[{"start": 34, "end": 36, "rule_id": 1}, {"start": 13, "end": 18, "rule_id": 5}]</rules>
  </verse>
  <verse>
    <verseIdArabic>٨</verseIdArabic>
    <verseId>8</verseId>
    <chapterId>90</chapterId>
    <textIndopak>أَلَمۡ نَجۡعَل لَّهُۥ عَيۡنَيۡنِ</textIndopak>
    <translations>
      <translation>
        <author>King Fahad Quran Complex</author>
        <text>Bukankah Kami telah memberikan kepadanya dua buah mata,</text>
      </translation>
    </translations>
    <rules>[{"start": 9, "end": 11, "rule_id": 1}]</rules>
  </verse>
  <verse>
    <verseIdArabic>٩</verseIdArabic>
    <verseId>9</verseId>
    <chapterId>90</chapterId>
    <textIndopak>وَلِسَانٗا وَشَفَتَيۡنِ</textIndopak>
    <translations>
      <translation>
        <author>King Fahad Quran Complex</author>
        <text>lidah, dan dua buah bibir.</text>
      </translation>
    </translations>
    <rules>[{"start": 7, "end": 13, "rule_id": 3}]</rules>
  </verse>
  <verse>
    <verseIdArabic>١٠</verseIdArabic>
    <verseId>10</verseId>
    <chapterId>90</chapterId>
    <textIndopak>وَهَدَيۡنَٰهُ ٱلنَّجۡدَيۡنِ</textIndopak>
    <translations>
      <translation>
        <author>King Fahad Quran Complex</author>
        <text>Dan Kami telah menunjukkan kepadanya dua jalan,</text>
      </translation>
    </translations>
    <rules>[{"start": 16, "end": 19, "rule_id": 0}, {"start": 19, "end": 21, "rule_id": 1}]</rules>
  </verse>
  <verse>
    <verseIdArabic>١١</verseIdArabic>
    <verseId>11</verseId>
    <chapterId>90</chapterId>
    <textIndopak>فَلَا ٱقۡتَحَمَ ٱلۡعَقَبَةَ</textIndopak>
    <translations>
      <translation>
        <author>King Fahad Quran Complex</author>
        <text>Maka tidakkah sebaiknya (dengan hartanya itu) ia menempuh jalan yang mendaki lagi sukar?</text>
      </translation>
    </translations>
    <rules>[{"start": 7, "end": 9, "rule_id": 1}]</rules>
  </verse>
  <verse>
    <verseIdArabic>١٢</verseIdArabic>
    <verseId>12</verseId>
    <chapterId>90</chapterId>
    <textIndopak>وَمَآ أَدۡرَىٰكَ مَا ٱلۡعَقَبَةُ</textIndopak>
    <translations>
      <translation>
        <author>King Fahad Quran Complex</author>
        <text>Tahukah kamu apakah jalan yang mendaki lagi sukar itu?</text>
      </translation>
    </translations>
    <rules>[{"start": 9, "end": 11, "rule_id": 1}]</rules>
  </verse>
  <verse>
    <verseIdArabic>١٣</verseIdArabic>
    <verseId>13</verseId>
    <chapterId>90</chapterId>
    <textIndopak>فَكُّ رَقَبَةٍ</textIndopak>
    <translations>
      <translation>
        <author>King Fahad Quran Complex</author>
        <text>(yaitu) melepaskan budak dari perbudakan,</text>
      </translation>
    </translations>
  </verse>
  <verse>
    <verseIdArabic>١٤</verseIdArabic>
    <verseId>14</verseId>
    <chapterId>90</chapterId>
    <textIndopak>أَوۡ إِطۡعَٰمٞ فِي يَوۡمٖ ذِي مَسۡغَبَةٖ</textIndopak>
    <translations>
      <translation>
        <author>King Fahad Quran Complex</author>
        <text>atau memberi makan pada hari kelaparan,</text>
      </translation>
    </translations>
    <rules>[{"start": 7, "end": 9, "rule_id": 1}, {"start": 12, "end": 17, "rule_id": 6}, {"start": 23, "end": 28, "rule_id": 6}]</rules>
  </verse>
  <verse>
    <verseIdArabic>١٥</verseIdArabic>
    <verseId>15</verseId>
    <chapterId>90</chapterId>
    <textIndopak>يَتِيمٗا ذَا مَقۡرَبَةٍ</textIndopak>
    <translations>
      <translation>
        <author>King Fahad Quran Complex</author>
        <text>(kepada) anak yatim yang ada hubungan kerabat,</text>
      </translation>
    </translations>
    <rules>[{"start": 15, "end": 17, "rule_id": 1}]</rules>
  </verse>
  <verse>
    <verseIdArabic>١٦</verseIdArabic>
    <verseId>16</verseId>
    <chapterId>90</chapterId>
    <textIndopak>أَوۡ مِسۡكِينٗا ذَا مَتۡرَبَةٖ</textIndopak>
    <translations>
      <translation>
        <author>King Fahad Quran Complex</author>
        <text>atau kepada orang miskin yang sangat fakir.</text>
      </translation>
    </translations>
  </verse>
  <verse>
    <verseIdArabic>١٧</verseIdArabic>
    <verseId>17</verseId>
    <chapterId>90</chapterId>
    <textIndopak>ثُمَّ كَانَ مِنَ ٱلَّذِينَ ءَامَنُواْ وَتَوَاصَوۡاْ بِٱلصَّبۡرِ وَتَوَاصَوۡاْ بِٱلۡمَرۡحَمَةِ</textIndopak>
    <translations>
      <translation>
        <author>King Fahad Quran Complex</author>
        <text>Dan dia termasuk orang-orang yang beriman dan saling berpesan untuk bersabar dan saling berpesan untuk berkasih sayang.</text>
      </translation>
    </translations>
    <rules>[{"start": 2, "end": 5, "rule_id": 0}, {"start": 59, "end": 61, "rule_id": 1}]</rules>
  </verse>
  <verse>
    <verseIdArabic>١٨</verseIdArabic>
    <verseId>18</verseId>
    <chapterId>90</chapterId>
    <textIndopak>أُوْلَٰٓئِكَ أَصۡحَٰبُ ٱلۡمَيۡمَنَةِ</textIndopak>
    <translations>
      <translation>
        <author>King Fahad Quran Complex</author>
        <text>Mereka (orang-orang yang beriman dan saling berpesan itu) adalah golongan kanan.</text>
      </translation>
    </translations>
  </verse>
  <verse>
    <verseIdArabic>١٩</verseIdArabic>
    <verseId>19</verseId>
    <chapterId>90</chapterId>
    <textIndopak>وَٱلَّذِينَ كَفَرُواْ بِـَٔايَٰتِنَا هُمۡ أَصۡحَٰبُ ٱلۡمَشۡـَٔمَةِ</textIndopak>
    <translations>
      <translation>
        <author>King Fahad Quran Complex</author>
        <text>Dan orang-orang yang kafir kepada ayat-ayat Kami, mereka itu adalah golongan kiri.</text>
      </translation>
    </translations>
  </verse>
  <verse>
    <verseIdArabic>٢٠</verseIdArabic>
    <verseId>20</verseId>
    <chapterId>90</chapterId>
    <textIndopak>عَلَيۡهِمۡ نَارٞ مُّؤۡصَدَةُۢ</textIndopak>
    <translations>
      <translation>
        <author>King Fahad Quran Complex</author>
        <text>Mereka berada dalam neraka yang ditutup rapat.</text>
      </translation>
    </translations>
    <rules>[{"start": 17, "end": 20, "rule_id": 0}, {"start": 14, "end": 20, "rule_id": 3}]</rules>
  </verse>
</verses>
