<?xml version="1.0" encoding="UTF-8"?>

<verses>
  <verse>
    <verseIdArabic>١</verseIdArabic>
    <verseId>1</verseId>
    <chapterId>92</chapterId>
    <textIndopak>وَٱلَّيۡلِ إِذَا يَغۡشَىٰ</textIndopak>
    <translations>
      <translation>
        <author>King Fahad Quran Complex</author>
        <text>Demi malam apabila menutupi (cahaya siang),</text>
      </translation>
    </translations>
  </verse>
  <verse>
    <verseIdArabic>٢</verseIdArabic>
    <verseId>2</verseId>
    <chapterId>92</chapterId>
    <textIndopak>وَٱلنَّهَارِ إِذَا تَجَلَّىٰ</textIndopak>
    <translations>
      <translation>
        <author>King Fahad Quran Complex</author>
        <text>dan siang apabila terang benderang,</text>
      </translation>
    </translations>
    <rules>[{"start": 4, "end": 7, "rule_id": 0}]</rules>
  </verse>
  <verse>
    <verseIdArabic>٣</verseIdArabic>
    <verseId>3</verseId>
    <chapterId>92</chapterId>
    <textIndopak>وَمَا خَلَقَ ٱلذَّكَرَ وَٱلۡأُنثَىٰٓ</textIndopak>
    <translations>
      <translation>
        <author>King Fahad Quran Complex</author>
        <text>dan penciptaan laki-laki dan perempuan,</text>
      </translation>
    </translations>
    <rules>[{"start": 30, "end": 33, "rule_id": 6}]</rules>
  </verse>
  <verse>
    <verseIdArabic>٤</verseIdArabic>
    <verseId>4</verseId>
    <chapterId>92</chapterId>
    <textIndopak>إِنَّ سَعۡيَكُمۡ لَشَتَّىٰ</textIndopak>
    <translations>
      <translation>
        <author>King Fahad Quran Complex</author>
        <text>sesungguhnya usaha kamu memang berbeda-beda.</text>
      </translation>
    </translations>
    <rules>[{"start": 2, "end": 5, "rule_id": 0}]</rules>
  </verse>
  <verse>
    <verseIdArabic>٥</verseIdArabic>
    <verseId>5</verseId>
    <chapterId>92</chapterId>
    <textIndopak>فَأَمَّا مَنۡ أَعۡطَىٰ وَٱتَّقَىٰ</textIndopak>
    <translations>
      <translation>
        <author>King Fahad Quran Complex</author>
        <text>Adapun orang yang memberikan (hartanya di jalan Allah) dan bertakwa,</text>
      </translation>
    </translations>
    <rules>[{"start": 4, "end": 7, "rule_id": 0}]</rules>
  </verse>
  <verse>
    <verseIdArabic>٦</verseIdArabic>
    <verseId>6</verseId>
    <chapterId>92</chapterId>
    <textIndopak>وَصَدَّقَ بِٱلۡحُسۡنَىٰ</textIndopak>
    <translations>
      <translation>
        <author>King Fahad Quran Complex</author>
        <text>dan membenarkan adanya pahala yang terbaik (surga),</text>
      </translation>
    </translations>
  </verse>
  <verse>
    <verseIdArabic>٧</verseIdArabic>
    <verseId>7</verseId>
    <chapterId>92</chapterId>
    <textIndopak>فَسَنُيَسِّرُهُۥ لِلۡيُسۡرَىٰ</textIndopak>
    <translations>
      <translation>
        <author>King Fahad Quran Complex</author>
        <text>maka Kami kelak akan menyiapkan baginya jalan yang mudah.</text>
      </translation>
    </translations>
  </verse>
  <verse>
    <verseIdArabic>٨</verseIdArabic>
    <verseId>8</verseId>
    <chapterId>92</chapterId>
    <textIndopak>وَأَمَّا مَنۢ بَخِلَ وَٱسۡتَغۡنَىٰ</textIndopak>
    <translations>
      <translation>
        <author>King Fahad Quran Complex</author>
        <text>Dan adapun orang-orang yang bakhil dan merasa dirinya cukup,</text>
      </translation>
    </translations>
    <rules>[{"start": 4, "end": 7, "rule_id": 0}, {"start": 11, "end": 16, "rule_id": 2}]</rules>
  </verse>
  <verse>
    <verseIdArabic>٩</verseIdArabic>
    <verseId>9</verseId>
    <chapterId>92</chapterId>
    <textIndopak>وَكَذَّبَ بِٱلۡحُسۡنَىٰ</textIndopak>
    <translations>
      <translation>
        <author>King Fahad Quran Complex</author>
        <text>serta mendustakan pahala terbaik,</text>
      </translation>
    </translations>
  </verse>
  <verse>
    <verseIdArabic>١٠</verseIdArabic>
    <verseId>10</verseId>
    <chapterId>92</chapterId>
    <textIndopak>فَسَنُيَسِّرُهُۥ لِلۡعُسۡرَىٰ</textIndopak>
    <translations>
      <translation>
        <author>King Fahad Quran Complex</author>
        <text>maka kelak Kami akan menyiapkan baginya (jalan) yang sukar.</text>
      </translation>
    </translations>
  </verse>
  <verse>
    <verseIdArabic>١١</verseIdArabic>
    <verseId>11</verseId>
    <chapterId>92</chapterId>
    <textIndopak>وَمَا يُغۡنِي عَنۡهُ مَالُهُۥٓ إِذَا تَرَدَّىٰٓ</textIndopak>
    <translations>
      <translation>
        <author>King Fahad Quran Complex</author>
        <text>Dan hartanya tidak bermanfaat baginya apabila ia telah binasa.</text>
      </translation>
    </translations>
  </verse>
  <verse>
    <verseIdArabic>١٢</verseIdArabic>
    <verseId>12</verseId>
    <chapterId>92</chapterId>
    <textIndopak>إِنَّ عَلَيۡنَا لَلۡهُدَىٰ</textIndopak>
    <translations>
      <translation>
        <author>King Fahad Quran Complex</author>
        <text>Sesungguhnya kewajiban Kami-lah memberi petunjuk,</text>
      </translation>
    </translations>
    <rules>[{"start": 2, "end": 5, "rule_id": 0}]</rules>
  </verse>
  <verse>
    <verseIdArabic>١٣</verseIdArabic>
    <verseId>13</verseId>
    <chapterId>92</chapterId>
    <textIndopak>وَإِنَّ لَنَا لَلۡأٓخِرَةَ وَٱلۡأُولَىٰ</textIndopak>
    <translations>
      <translation>
        <author>King Fahad Quran Complex</author>
        <text>dan sesungguhnya kepunyaan Kami-lah akhirat dan dunia.</text>
      </translation>
    </translations>
    <rules>[{"start": 4, "end": 7, "rule_id": 0}]</rules>
  </verse>
  <verse>
    <verseIdArabic>١٤</verseIdArabic>
    <verseId>14</verseId>
    <chapterId>92</chapterId>
    <textIndopak>فَأَنذَرۡتُكُمۡ نَارٗا تَلَظَّىٰ</textIndopak>
    <translations>
      <translation>
        <author>King Fahad Quran Complex</author>
        <text>Maka, kami memperingatkan kamu dengan neraka yang menyala-nyala.</text>
      </translation>
    </translations>
    <rules>[{"start": 4, "end": 7, "rule_id": 6}]</rules>
  </verse>
  <verse>
    <verseIdArabic>١٥</verseIdArabic>
    <verseId>15</verseId>
    <chapterId>92</chapterId>
    <textIndopak>لَا يَصۡلَىٰهَآ إِلَّا ٱلۡأَشۡقَى</textIndopak>
    <translations>
      <translation>
        <author>King Fahad Quran Complex</author>
        <text>Tidak ada yang masuk ke dalamnya kecuali orang yang paling celaka,</text>
      </translation>
    </translations>
  </verse>
  <verse>
    <verseIdArabic>١٦</verseIdArabic>
    <verseId>16</verseId>
    <chapterId>92</chapterId>
    <textIndopak>ٱلَّذِي كَذَّبَ وَتَوَلَّىٰ</textIndopak>
    <translations>
      <translation>
        <author>King Fahad Quran Complex</author>
        <text>yang mendustakan (kebenaran) dan berpaling (dari iman).</text>
      </translation>
    </translations>
  </verse>
  <verse>
    <verseIdArabic>١٧</verseIdArabic>
    <verseId>17</verseId>
    <chapterId>92</chapterId>
    <textIndopak>وَسَيُجَنَّبُهَا ٱلۡأَتۡقَى</textIndopak>
    <translations>
      <translation>
        <author>King Fahad Quran Complex</author>
        <text>Dan kelak akan dijauhkan orang yang paling takwa dari neraka itu,</text>
      </translation>
    </translations>
    <rules>[{"start": 8, "end": 11, "rule_id": 0}]</rules>
  </verse>
  <verse>
    <verseIdArabic>١٨</verseIdArabic>
    <verseId>18</verseId>
    <chapterId>92</chapterId>
    <textIndopak>ٱلَّذِي يُؤۡتِي مَالَهُۥ يَتَزَكَّىٰ</textIndopak>
    <translations>
      <translation>
        <author>King Fahad Quran Complex</author>
        <text>yang menafkahkan hartanya (di jalan Allah) untuk membersihkannya,</text>
      </translation>
    </translations>
  </verse>
  <verse>
    <verseIdArabic>١٩</verseIdArabic>
    <verseId>19</verseId>
    <chapterId>92</chapterId>
    <textIndopak>وَمَا لِأَحَدٍ عِندَهُۥ مِن نِّعۡمَةٖ تُجۡزَىٰٓ</textIndopak>
    <translations>
      <translation>
        <author>King Fahad Quran Complex</author>
        <text>padahal tidak ada seseorang pun memberikan suatu nikmat kepadanya yang harus dibalasnya,</text>
      </translation>
    </translations>
    <rules>[{"start": 28, "end": 31, "rule_id": 0}, {"start": 40, "end": 42, "rule_id": 1}, {"start": 26, "end": 31, "rule_id": 3}, {"start": 17, "end": 20, "rule_id": 6}, {"start": 35, "end": 40, "rule_id": 6}]</rules>
  </verse>
  <verse>
    <verseIdArabic>٢٠</verseIdArabic>
    <verseId>20</verseId>
    <chapterId>92</chapterId>
    <textIndopak>إِلَّا ٱبۡتِغَآءَ وَجۡهِ رَبِّهِ ٱلۡأَعۡلَىٰ</textIndopak>
    <translations>
      <translation>
        <author>King Fahad Quran Complex</author>
        <text>tetapi (dia memberikan itu semata-mata) karena mencari keridaan Tuhan-nya yang Maha Tinggi.</text>
      </translation>
    </translations>
    <rules>[{"start": 8, "end": 10, "rule_id": 1}, {"start": 21, "end": 23, "rule_id": 1}]</rules>
  </verse>
  <verse>
    <verseIdArabic>٢١</verseIdArabic>
    <verseId>21</verseId>
    <chapterId>92</chapterId>
    <textIndopak>وَلَسَوۡفَ يَرۡضَىٰ</textIndopak>
    <translations>
      <translation>
        <author>King Fahad Quran Complex</author>
        <text>Dan kelak dia benar-benar mendapat kepuasan.</text>
      </translation>
    </translations>
  </verse>
</verses>
