<?xml version="1.0" encoding="UTF-8"?>

<verses>
  <verse>
    <verseIdArabic>١</verseIdArabic>
    <verseId>1</verseId>
    <chapterId>93</chapterId>
    <textIndopak>وَٱلضُّحَىٰ</textIndopak>
    <translations>
      <translation>
        <author>King Fahad Quran Complex</author>
        <text>Demi waktu matahari sepenggalahan naik,</text>
      </translation>
    </translations>
  </verse>
  <verse>
    <verseIdArabic>٢</verseIdArabic>
    <verseId>2</verseId>
    <chapterId>93</chapterId>
    <textIndopak>وَٱلَّيۡلِ إِذَا سَجَىٰ</textIndopak>
    <translations>
      <translation>
        <author>King Fahad Quran Complex</author>
        <text>dan demi malam apabila telah sunyi,</text>
      </translation>
    </translations>
  </verse>
  <verse>
    <verseIdArabic>٣</verseIdArabic>
    <verseId>3</verseId>
    <chapterId>93</chapterId>
    <textIndopak>مَا وَدَّعَكَ رَبُّكَ وَمَا قَلَىٰ</textIndopak>
    <translations>
      <translation>
        <author>King Fahad Quran Complex</author>
        <text>Tuhan-mu tiada meninggalkan kamu dan tiada (pula) benci kepadamu,</text>
      </translation>
    </translations>
  </verse>
  <verse>
    <verseIdArabic>٤</verseIdArabic>
    <verseId>4</verseId>
    <chapterId>93</chapterId>
    <textIndopak>وَلَلۡأٓخِرَةُ خَيۡرٞ لَّكَ مِنَ ٱلۡأُولَىٰ</textIndopak>
    <translations>
      <translation>
        <author>King Fahad Quran Complex</author>
        <text>dan sesungguhnya akhir itu lebih baik bagimu dari permulaan.</text>
      </translation>
    </translations>
    <rules>[{"start": 20, "end": 26, "rule_id": 5}]</rules>
  </verse>
  <verse>
    <verseIdArabic>٥</verseIdArabic>
    <verseId>5</verseId>
    <chapterId>93</chapterId>
    <textIndopak>وَلَسَوۡفَ يُعۡطِيكَ رَبُّكَ فَتَرۡضَىٰٓ</textIndopak>
    <translations>
      <translation>
        <author>King Fahad Quran Complex</author>
        <text>Dan kelak Tuhan-mu pasti memberikan karunia-Nya kepadamu, lalu (hati) kamu menjadi puas.</text>
      </translation>
    </translations>
  </verse>
  <verse>
    <verseIdArabic>٦</verseIdArabic>
    <verseId>6</verseId>
    <chapterId>93</chapterId>
    <textIndopak>أَلَمۡ يَجِدۡكَ يَتِيمٗا فَـَٔاوَىٰ</textIndopak>
    <translations>
      <translation>
        <author>King Fahad Quran Complex</author>
        <text>Bukankah Dia mendapatimu sebagai seorang yatim, lalu Dia melindungimu.</text>
      </translation>
    </translations>
    <rules>[{"start": 11, "end": 13, "rule_id": 1}]</rules>
  </verse>
  <verse>
    <verseIdArabic>٧</verseIdArabic>
    <verseId>7</verseId>
    <chapterId>93</chapterId>
    <textIndopak>وَوَجَدَكَ ضَآلّٗا فَهَدَىٰ</textIndopak>
    <translations>
      <translation>
        <author>King Fahad Quran Complex</author>
        <text>Dan Dia mendapatimu sebagai seorang yang bingung, lalu Dia memberikan petunjuk.</text>
      </translation>
    </translations>
  </verse>
  <verse>
    <verseIdArabic>٨</verseIdArabic>
    <verseId>8</verseId>
    <chapterId>93</chapterId>
    <textIndopak>وَوَجَدَكَ عَآئِلٗا فَأَغۡنَىٰ</textIndopak>
    <translations>
      <translation>
        <author>King Fahad Quran Complex</author>
        <text>Dan Dia mendapatimu sebagai seorang yang kekurangan, lalu Dia memberikan kecukupan.</text>
      </translation>
    </translations>
  </verse>
  <verse>
    <verseIdArabic>٩</verseIdArabic>
    <verseId>9</verseId>
    <chapterId>93</chapterId>
    <textIndopak>فَأَمَّا ٱلۡيَتِيمَ فَلَا تَقۡهَرۡ</textIndopak>
    <translations>
      <translation>
        <author>King Fahad Quran Complex</author>
        <text>Adapun terhadap anak yatim, maka janganlah kamu berlaku sewenang-wenang.</text>
      </translation>
    </translations>
    <rules>[{"start": 4, "end": 7, "rule_id": 0}, {"start": 28, "end": 30, "rule_id": 1}]</rules>
  </verse>
  <verse>
    <verseIdArabic>١٠</verseIdArabic>
    <verseId>10</verseId>
    <chapterId>93</chapterId>
    <textIndopak>وَأَمَّا ٱلسَّآئِلَ فَلَا تَنۡهَرۡ</textIndopak>
    <translations>
      <translation>
        <author>King Fahad Quran Complex</author>
        <text>Dan terhadap orang yang minta-minta, janganlah kamu menghardiknya.</text>
      </translation>
    </translations>
    <rules>[{"start": 4, "end": 7, "rule_id": 0}]</rules>
  </verse>
  <verse>
    <verseIdArabic>١١</verseIdArabic>
    <verseId>11</verseId>
    <chapterId>93</chapterId>
    <textIndopak>وَأَمَّا بِنِعۡمَةِ رَبِّكَ فَحَدِّثۡ</textIndopak>
    <translations>
      <translation>
        <author>King Fahad Quran Complex</author>
        <text>Dan terhadap nikmat Tuhan-mu, maka hendaklah kamu menyebut-nyebutnya (dengan bersyukur).</text>
      </translation>
    </translations>
    <rules>[{"start": 4, "end": 7, "rule_id": 0}]</rules>
  </verse>
</verses>
