<?xml version="1.0" encoding="UTF-8"?>

<verses>
  <verse>
    <verseIdArabic>١</verseIdArabic>
    <verseId>1</verseId>
    <chapterId>94</chapterId>
    <textIndopak>أَلَمۡ نَشۡرَحۡ لَكَ صَدۡرَكَ</textIndopak>
    <translations>
      <translation>
        <author>King Fahad Quran Complex</author>
        <text>Bukankah Kami telah melapangkan untukmu dadamu?</text>
      </translation>
    </translations>
    <rules>[{"start": 23, "end": 25, "rule_id": 1}]</rules>
  </verse>
  <verse>
    <verseIdArabic>٢</verseIdArabic>
    <verseId>2</verseId>
    <chapterId>94</chapterId>
    <textIndopak>وَوَضَعۡنَا عَنكَ وِزۡرَكَ</textIndopak>
    <translations>
      <translation>
        <author>King Fahad Quran Complex</author>
        <text>dan Kami telah menghilangkan darimu bebanmu,</text>
      </translation>
    </translations>
    <rules>[{"start": 14, "end": 17, "rule_id": 6}]</rules>
  </verse>
  <verse>
    <verseIdArabic>٣</verseIdArabic>
    <verseId>3</verseId>
    <chapterId>94</chapterId>
    <textIndopak>ٱلَّذِيٓ أَنقَضَ ظَهۡرَكَ</textIndopak>
    <translations>
      <translation>
        <author>King Fahad Quran Complex</author>
        <text>yang memberatkan punggungmu?</text>
      </translation>
    </translations>
    <rules>[{"start": 11, "end": 14, "rule_id": 6}]</rules>
  </verse>
  <verse>
    <verseIdArabic>٤</verseIdArabic>
    <verseId>4</verseId>
    <chapterId>94</chapterId>
    <textIndopak>وَرَفَعۡنَا لَكَ ذِكۡرَكَ</textIndopak>
    <translations>
      <translation>
        <author>King Fahad Quran Complex</author>
        <text>Dan Kami tinggikan bagimu sebutan (nama)mu.</text>
      </translation>
    </translations>
  </verse>
  <verse>
    <verseIdArabic>٥</verseIdArabic>
    <verseId>5</verseId>
    <chapterId>94</chapterId>
    <textIndopak>فَإِنَّ مَعَ ٱلۡعُسۡرِ يُسۡرًا</textIndopak>
    <translations>
      <translation>
        <author>King Fahad Quran Complex</author>
        <text>Karena sesungguhnya sesudah kesulitan itu ada kemudahan,</text>
      </translation>
    </translations>
    <rules>[{"start": 4, "end": 7, "rule_id": 0}]</rules>
  </verse>
  <verse>
    <verseIdArabic>٦</verseIdArabic>
    <verseId>6</verseId>
    <chapterId>94</chapterId>
    <textIndopak>إِنَّ مَعَ ٱلۡعُسۡرِ يُسۡرٗا</textIndopak>
    <translations>
      <translation>
        <author>King Fahad Quran Complex</author>
        <text>sesungguhnya sesudah kesulitan itu ada kemudahan.</text>
      </translation>
    </translations>
    <rules>[{"start": 2, "end": 5, "rule_id": 0}]</rules>
  </verse>
  <verse>
    <verseIdArabic>٧</verseIdArabic>
    <verseId>7</verseId>
    <chapterId>94</chapterId>
    <textIndopak>فَإِذَا فَرَغۡتَ فَٱنصَبۡ</textIndopak>
    <translations>
      <translation>
        <author>King Fahad Quran Complex</author>
        <text>Maka apabila kamu telah selesai (dari sesuatu urusan), kerjakanlah dengan sungguh-sungguh (urusan) yang lain,</text>
      </translation>
    </translations>
    <rules>[{"start": 23, "end": 25, "rule_id": 1}, {"start": 20, "end": 23, "rule_id": 6}]</rules>
  </verse>
  <verse>
    <verseIdArabic>٨</verseIdArabic>
    <verseId>8</verseId>
    <chapterId>94</chapterId>
    <textIndopak>وَإِلَىٰ رَبِّكَ فَٱرۡغَب</textIndopak>
    <translations>
      <translation>
        <author>King Fahad Quran Complex</author>
        <text>dan hanya kepada Tuhan-mulah hendaknya kamu berharap.</text>
      </translation>
    </translations>
    <rules>[{"start": 24, "end": 25, "rule_id": 1}]</rules>
  </verse>
</verses>
