<?xml version="1.0" encoding="UTF-8"?>

<verses>
  <verse>
    <verseIdArabic>١</verseIdArabic>
    <verseId>1</verseId>
    <chapterId>95</chapterId>
    <textIndopak>وَٱلتِّينِ وَٱلزَّيۡتُونِ</textIndopak>
    <translations>
      <translation>
        <author>King Fahad Quran Complex</author>
        <text>Demi (buah) tin dan (buah) zaitun,</text>
      </translation>
    </translations>
  </verse>
  <verse>
    <verseIdArabic>٢</verseIdArabic>
    <verseId>2</verseId>
    <chapterId>95</chapterId>
    <textIndopak>وَطُورِ سِينِينَ</textIndopak>
    <translations>
      <translation>
        <author>King Fahad Quran Complex</author>
        <text>dan demi bukit Ṭūrsīnā`,</text>
      </translation>
    </translations>
  </verse>
  <verse>
    <verseIdArabic>٣</verseIdArabic>
    <verseId>3</verseId>
    <chapterId>95</chapterId>
    <textIndopak>وَهَٰذَا ٱلۡبَلَدِ ٱلۡأَمِينِ</textIndopak>
    <translations>
      <translation>
        <author>King Fahad Quran Complex</author>
        <text>dan demi kota (Mekah) ini yang aman,</text>
      </translation>
    </translations>
  </verse>
  <verse>
    <verseIdArabic>٤</verseIdArabic>
    <verseId>4</verseId>
    <chapterId>95</chapterId>
    <textIndopak>لَقَدۡ خَلَقۡنَا ٱلۡإِنسَٰنَ فِيٓ أَحۡسَنِ تَقۡوِيمٖ</textIndopak>
    <translations>
      <translation>
        <author>King Fahad Quran Complex</author>
        <text>sesungguhnya Kami telah menciptakan manusia dalam bentuk yang sebaik-baiknya.</text>
      </translation>
    </translations>
    <rules>[{"start": 4, "end": 6, "rule_id": 1}, {"start": 11, "end": 13, "rule_id": 1}, {"start": 45, "end": 47, "rule_id": 1}, {"start": 22, "end": 26, "rule_id": 6}]</rules>
  </verse>
  <verse>
    <verseIdArabic>٥</verseIdArabic>
    <verseId>5</verseId>
    <chapterId>95</chapterId>
    <textIndopak>ثُمَّ رَدَدۡنَٰهُ أَسۡفَلَ سَٰفِلِينَ</textIndopak>
    <translations>
      <translation>
        <author>King Fahad Quran Complex</author>
        <text>Kemudian Kami kembalikan dia ke tempat yang serendah-rendahnya (neraka),</text>
      </translation>
    </translations>
    <rules>[{"start": 2, "end": 5, "rule_id": 0}, {"start": 10, "end": 12, "rule_id": 1}]</rules>
  </verse>
  <verse>
    <verseIdArabic>٦</verseIdArabic>
    <verseId>6</verseId>
    <chapterId>95</chapterId>
    <textIndopak>إِلَّا ٱلَّذِينَ ءَامَنُواْ وَعَمِلُواْ ٱلصَّٰلِحَٰتِ فَلَهُمۡ أَجۡرٌ غَيۡرُ مَمۡنُونٖ</textIndopak>
    <translations>
      <translation>
        <author>King Fahad Quran Complex</author>
        <text>kecuali orang-orang yang beriman dan mengerjakan amal saleh; maka bagi mereka pahala yang tiada putus-putusnya.</text>
      </translation>
    </translations>
    <rules>[{"start": 65, "end": 67, "rule_id": 1}]</rules>
  </verse>
  <verse>
    <verseIdArabic>٧</verseIdArabic>
    <verseId>7</verseId>
    <chapterId>95</chapterId>
    <textIndopak>فَمَا يُكَذِّبُكَ بَعۡدُ بِٱلدِّينِ</textIndopak>
    <translations>
      <translation>
        <author>King Fahad Quran Complex</author>
        <text>Maka apakah yang menyebabkan kamu mendustakan (hari) pembalasan sesudah (adanya keterangan-keterangan) itu?</text>
      </translation>
    </translations>
  </verse>
  <verse>
    <verseIdArabic>٨</verseIdArabic>
    <verseId>8</verseId>
    <chapterId>95</chapterId>
    <textIndopak>أَلَيۡسَ ٱللَّهُ بِأَحۡكَمِ ٱلۡحَٰكِمِينَ</textIndopak>
    <translations>
      <translation>
        <author>King Fahad Quran Complex</author>
        <text>Bukankah Allah Hakim yang seadil-adilnya?</text>
      </translation>
    </translations>
  </verse>
</verses>
