<?xml version="1.0" encoding="UTF-8"?>

<verses>
  <verse>
    <verseIdArabic>١</verseIdArabic>
    <verseId>1</verseId>
    <chapterId>96</chapterId>
    <textIndopak>ٱقۡرَأۡ بِٱسۡمِ رَبِّكَ ٱلَّذِي خَلَقَ</textIndopak>
    <translations>
      <translation>
        <author>King Fahad Quran Complex</author>
        <text>Bacalah dengan (menyebut) nama Tuhan-mu Yang menciptakan,</text>
      </translation>
    </translations>
    <rules>[{"start": 1, "end": 3, "rule_id": 1}, {"start": 36, "end": 38, "rule_id": 1}]</rules>
  </verse>
  <verse>
    <verseIdArabic>٢</verseIdArabic>
    <verseId>2</verseId>
    <chapterId>96</chapterId>
    <textIndopak>خَلَقَ ٱلۡإِنسَٰنَ مِنۡ عَلَقٍ</textIndopak>
    <translations>
      <translation>
        <author>King Fahad Quran Complex</author>
        <text>Dia telah menciptakan manusia dari segumpal darah.</text>
      </translation>
    </translations>
    <rules>[{"start": 28, "end": 30, "rule_id": 1}, {"start": 12, "end": 16, "rule_id": 6}]</rules>
  </verse>
  <verse>
    <verseIdArabic>٣</verseIdArabic>
    <verseId>3</verseId>
    <chapterId>96</chapterId>
    <textIndopak>ٱقۡرَأۡ وَرَبُّكَ ٱلۡأَكۡرَمُ</textIndopak>
    <translations>
      <translation>
        <author>King Fahad Quran Complex</author>
        <text>Bacalah, dan Tuhan-mulah Yang Maha Pemurah,</text>
      </translation>
    </translations>
    <rules>[{"start": 1, "end": 3, "rule_id": 1}]</rules>
  </verse>
  <verse>
    <verseIdArabic>٤</verseIdArabic>
    <verseId>4</verseId>
    <chapterId>96</chapterId>
    <textIndopak>ٱلَّذِي عَلَّمَ بِٱلۡقَلَمِ</textIndopak>
    <translations>
      <translation>
        <author>King Fahad Quran Complex</author>
        <text>Yang mengajar (manusia) dengan perantaran kalam.</text>
      </translation>
    </translations>
  </verse>
  <verse>
    <verseIdArabic>٥</verseIdArabic>
    <verseId>5</verseId>
    <chapterId>96</chapterId>
    <textIndopak>عَلَّمَ ٱلۡإِنسَٰنَ مَا لَمۡ يَعۡلَمۡ</textIndopak>
    <translations>
      <translation>
        <author>King Fahad Quran Complex</author>
        <text>Dia mengajarkan kepada manusia apa yang tidak diketahuinya.</text>
      </translation>
    </translations>
    <rules>[{"start": 13, "end": 17, "rule_id": 6}]</rules>
  </verse>
  <verse>
    <verseIdArabic>٦</verseIdArabic>
    <verseId>6</verseId>
    <chapterId>96</chapterId>
    <textIndopak>كـَلَّآ إِنَّ ٱلۡإِنسَٰنَ لَيَطۡغَىٰٓ</textIndopak>
    <translations>
      <translation>
        <author>King Fahad Quran Complex</author>
        <text>Ketahuilah! Sesungguhnya manusia benar-benar melampaui batas,</text>
      </translation>
    </translations>
    <rules>[{"start": 10, "end": 13, "rule_id": 0}, {"start": 30, "end": 32, "rule_id": 1}, {"start": 19, "end": 23, "rule_id": 6}]</rules>
  </verse>
  <verse>
    <verseIdArabic>٧</verseIdArabic>
    <verseId>7</verseId>
    <chapterId>96</chapterId>
    <textIndopak>أَن رَّءَاهُ ٱسۡتَغۡنَىٰٓ</textIndopak>
    <translations>
      <translation>
        <author>King Fahad Quran Complex</author>
        <text>karena dia melihat dirinya serba cukup.</text>
      </translation>
    </translations>
    <rules>[{"start": 2, "end": 7, "rule_id": 5}]</rules>
  </verse>
  <verse>
    <verseIdArabic>٨</verseIdArabic>
    <verseId>8</verseId>
    <chapterId>96</chapterId>
    <textIndopak>إِنَّ إِلَىٰ رَبِّكَ ٱلرُّجۡعَىٰٓ</textIndopak>
    <translations>
      <translation>
        <author>King Fahad Quran Complex</author>
        <text>Sesungguhnya hanya kepada Tuhan-mulah kembali(mu).</text>
      </translation>
    </translations>
    <rules>[{"start": 2, "end": 5, "rule_id": 0}, {"start": 26, "end": 28, "rule_id": 1}]</rules>
  </verse>
  <verse>
    <verseIdArabic>٩</verseIdArabic>
    <verseId>9</verseId>
    <chapterId>96</chapterId>
    <textIndopak>أَرَءَيۡتَ ٱلَّذِي يَنۡهَىٰ</textIndopak>
    <translations>
      <translation>
        <author>King Fahad Quran Complex</author>
        <text>Bagaimana pendapatmu tentang orang yang melarang,</text>
      </translation>
    </translations>
  </verse>
  <verse>
    <verseIdArabic>١٠</verseIdArabic>
    <verseId>10</verseId>
    <chapterId>96</chapterId>
    <textIndopak>عَبۡدًا إِذَا صَلَّىٰٓ</textIndopak>
    <translations>
      <translation>
        <author>King Fahad Quran Complex</author>
        <text>seorang hamba ketika mengerjakan salat,</text>
      </translation>
    </translations>
    <rules>[{"start": 2, "end": 4, "rule_id": 1}]</rules>
  </verse>
  <verse>
    <verseIdArabic>١١</verseIdArabic>
    <verseId>11</verseId>
    <chapterId>96</chapterId>
    <textIndopak>أَرَءَيۡتَ إِن كَانَ عَلَى ٱلۡهُدَىٰٓ</textIndopak>
    <translations>
      <translation>
        <author>King Fahad Quran Complex</author>
        <text>bagaimana pendapatmu jika orang yang dilarang (yaitu Muhammad) itu berada di atas kebenaran,</text>
      </translation>
    </translations>
    <rules>[{"start": 13, "end": 17, "rule_id": 6}]</rules>
  </verse>
  <verse>
    <verseIdArabic>١٢</verseIdArabic>
    <verseId>12</verseId>
    <chapterId>96</chapterId>
    <textIndopak>أَوۡ أَمَرَ بِٱلتَّقۡوَىٰٓ</textIndopak>
    <translations>
      <translation>
        <author>King Fahad Quran Complex</author>
        <text>atau dia menyuruh bertakwa (kepada Allah)?</text>
      </translation>
    </translations>
    <rules>[{"start": 19, "end": 21, "rule_id": 1}]</rules>
  </verse>
  <verse>
    <verseIdArabic>١٣</verseIdArabic>
    <verseId>13</verseId>
    <chapterId>96</chapterId>
    <textIndopak>أَرَءَيۡتَ إِن كَذَّبَ وَتَوَلَّىٰٓ</textIndopak>
    <translations>
      <translation>
        <author>King Fahad Quran Complex</author>
        <text>Bagaimana pendapatmu jika orang yang melarang itu mendustakan dan berpaling?</text>
      </translation>
    </translations>
    <rules>[{"start": 13, "end": 17, "rule_id": 6}]</rules>
  </verse>
  <verse>
    <verseIdArabic>١٤</verseIdArabic>
    <verseId>14</verseId>
    <chapterId>96</chapterId>
    <textIndopak>أَلَمۡ يَعۡلَم بِأَنَّ ٱللَّهَ يَرَىٰ</textIndopak>
    <translations>
      <translation>
        <author>King Fahad Quran Complex</author>
        <text>Tidakkah dia mengetahui bahwa sesungguhnya Allah melihat segala perbuatannya?</text>
      </translation>
    </translations>
    <rules>[{"start": 19, "end": 22, "rule_id": 0}, {"start": 13, "end": 17, "rule_id": 7}]</rules>
  </verse>
  <verse>
    <verseIdArabic>١٥</verseIdArabic>
    <verseId>15</verseId>
    <chapterId>96</chapterId>
    <textIndopak>كـَلَّا لَئِن لَّمۡ يَنتَهِ لَنَسۡفَعَۢا بِٱلنَّاصِيَةِ</textIndopak>
    <translations>
      <translation>
        <author>King Fahad Quran Complex</author>
        <text>Ketahuilah, sungguh jika dia tidak berhenti (berbuat demikian), niscaya Kami tarik ubun-ubunnya,</text>
      </translation>
    </translations>
    <rules>[{"start": 44, "end": 47, "rule_id": 0}, {"start": 11, "end": 16, "rule_id": 5}, {"start": 21, "end": 24, "rule_id": 6}]</rules>
  </verse>
  <verse>
    <verseIdArabic>١٦</verseIdArabic>
    <verseId>16</verseId>
    <chapterId>96</chapterId>
    <textIndopak>نَاصِيَةٖ كَٰذِبَةٍ خَاطِئَةٖ</textIndopak>
    <translations>
      <translation>
        <author>King Fahad Quran Complex</author>
        <text>(yaitu) ubun-ubun orang yang mendustakan lagi durhaka.</text>
      </translation>
    </translations>
    <rules>[{"start": 7, "end": 13, "rule_id": 6}]</rules>
  </verse>
  <verse>
    <verseIdArabic>١٧</verseIdArabic>
    <verseId>17</verseId>
    <chapterId>96</chapterId>
    <textIndopak>فَلۡيَدۡعُ نَادِيَهُۥ</textIndopak>
    <translations>
      <translation>
        <author>King Fahad Quran Complex</author>
        <text>Maka biarlah dia memanggil golongannya (untuk menolongnya),</text>
      </translation>
    </translations>
    <rules>[{"start": 6, "end": 8, "rule_id": 1}]</rules>
  </verse>
  <verse>
    <verseIdArabic>١٨</verseIdArabic>
    <verseId>18</verseId>
    <chapterId>96</chapterId>
    <textIndopak>سَنَدۡعُ ٱلزَّبَانِيَةَ</textIndopak>
    <translations>
      <translation>
        <author>King Fahad Quran Complex</author>
        <text>kelak Kami akan memanggil malaikat Zabaniyah,</text>
      </translation>
    </translations>
    <rules>[{"start": 4, "end": 6, "rule_id": 1}]</rules>
  </verse>
  <verse>
    <verseIdArabic>١٩</verseIdArabic>
    <verseId>19</verseId>
    <chapterId>96</chapterId>
    <textIndopak>كـَلَّا لَا تُطِعۡهُ وَٱسۡجُدۡۤ وَٱقۡتَرِب۩</textIndopak>
    <translations>
      <translation>
        <author>King Fahad Quran Complex</author>
        <text>sekali-kali jangan, janganlah kamu patuh kepadanya; dan sujudlah dan dekatkanlah (dirimu kepada Tuhan).</text>
      </translation>
    </translations>
    <rules>[{"start": 27, "end": 29, "rule_id": 1}, {"start": 33, "end": 35, "rule_id": 1}]</rules>
  </verse>
</verses>
