<?xml version="1.0" encoding="UTF-8"?>

<verses>
  <verse>
    <verseIdArabic>١</verseIdArabic>
    <verseId>1</verseId>
    <chapterId>98</chapterId>
    <textIndopak>لَمۡ يَكُنِ ٱلَّذِينَ كَفَرُواْ مِنۡ أَهۡلِ ٱلۡكِتَٰبِ وَٱلۡمُشۡرِكِينَ مُنفَكِّينَ حَتَّىٰ تَأۡتِيَهُمُ ٱلۡبَيِّنَةُ</textIndopak>
    <translations>
      <translation>
        <author>King Fahad Quran Complex</author>
        <text>Orang-orang kafir yakni ahli kitab dan orang-orang musyrik (mengatakan bahwa mereka) tidak akan meninggalkan (agamanya) sebelum datang kepada mereka bukti yang nyata,</text>
      </translation>
    </translations>
    <rules>[{"start": 74, "end": 77, "rule_id": 6}]</rules>
  </verse>
  <verse>
    <verseIdArabic>٢</verseIdArabic>
    <verseId>2</verseId>
    <chapterId>98</chapterId>
    <textIndopak>رَسُولٞ مِّنَ ٱللَّهِ يَتۡلُواْ صُحُفٗا مُّطَهَّرَةٗ</textIndopak>
    <translations>
      <translation>
        <author>King Fahad Quran Complex</author>
        <text>(yaitu) seorang rasul dari Allah (Muhammad) yang membacakan lembaran-lembaran yang disucikan (Al-Qur`ān),</text>
      </translation>
    </translations>
    <rules>[{"start": 8, "end": 11, "rule_id": 0}, {"start": 40, "end": 43, "rule_id": 0}, {"start": 5, "end": 11, "rule_id": 3}, {"start": 36, "end": 43, "rule_id": 3}]</rules>
  </verse>
  <verse>
    <verseIdArabic>٣</verseIdArabic>
    <verseId>3</verseId>
    <chapterId>98</chapterId>
    <textIndopak>فِيهَا كُتُبٞ قَيِّمَةٞ</textIndopak>
    <translations>
      <translation>
        <author>King Fahad Quran Complex</author>
        <text>di dalamnya terdapat (isi) Kitab-kitab yang lurus.</text>
      </translation>
    </translations>
    <rules>[{"start": 11, "end": 16, "rule_id": 6}]</rules>
  </verse>
  <verse>
    <verseIdArabic>٤</verseIdArabic>
    <verseId>4</verseId>
    <chapterId>98</chapterId>
    <textIndopak>وَمَا تَفَرَّقَ ٱلَّذِينَ أُوتُواْ ٱلۡكِتَٰبَ إِلَّا مِنۢ بَعۡدِ مَا جَآءَتۡهُمُ ٱلۡبَيِّنَةُ</textIndopak>
    <translations>
      <translation>
        <author>King Fahad Quran Complex</author>
        <text>Dan tidaklah berpecah belah orang-orang yang didatangkan Alkitab (kepada mereka) melainkan sesudah datang kepada mereka bukti yang nyata.</text>
      </translation>
    </translations>
    <rules>[{"start": 55, "end": 60, "rule_id": 2}]</rules>
  </verse>
  <verse>
    <verseIdArabic>٥</verseIdArabic>
    <verseId>5</verseId>
    <chapterId>98</chapterId>
    <textIndopak>وَمَآ أُمِرُوٓاْ إِلَّا لِيَعۡبُدُواْ ٱللَّهَ مُخۡلِصِينَ لَهُ ٱلدِّينَ حُنَفَآءَ وَيُقِيمُواْ ٱلصَّلَوٰةَ وَيُؤۡتُواْ ٱلزَّكَوٰةَۚ وَذَٰلِكَ دِينُ ٱلۡقَيِّمَةِ</textIndopak>
    <translations>
      <translation>
        <author>King Fahad Quran Complex</author>
        <text>Padahal mereka tidak disuruh kecuali supaya menyembah Allah dengan memurnikan ketaatan kepada-Nya dalam (menjalankan) agama yang lurus, dan supaya mereka mendirikan salat dan menunaikan zakat; dan yang demikian itulah agama yang lurus.</text>
      </translation>
    </translations>
  </verse>
  <verse>
    <verseIdArabic>٦</verseIdArabic>
    <verseId>6</verseId>
    <chapterId>98</chapterId>
    <textIndopak>إِنَّ ٱلَّذِينَ كَفَرُواْ مِنۡ أَهۡلِ ٱلۡكِتَٰبِ وَٱلۡمُشۡرِكِينَ فِي نَارِ جَهَنَّمَ خَٰلِدِينَ فِيهَآۚ أُوْلَٰٓئِكَ هُمۡ شَرُّ ٱلۡبَرِيَّةِ</textIndopak>
    <translations>
      <translation>
        <author>King Fahad Quran Complex</author>
        <text>Sesungguhnya orang-orang kafir yakni ahli kitab dan orang-orang yang musyrik (akan masuk) ke neraka Jahanam; mereka kekal di dalamnya. Mereka itu adalah seburuk-buruk makhluk.</text>
      </translation>
    </translations>
    <rules>[{"start": 2, "end": 5, "rule_id": 0}, {"start": 80, "end": 83, "rule_id": 0}]</rules>
  </verse>
  <verse>
    <verseIdArabic>٧</verseIdArabic>
    <verseId>7</verseId>
    <chapterId>98</chapterId>
    <textIndopak>إِنَّ ٱلَّذِينَ ءَامَنُواْ وَعَمِلُواْ ٱلصَّٰلِحَٰتِ أُوْلَٰٓئِكَ هُمۡ خَيۡرُ ٱلۡبَرِيَّةِ</textIndopak>
    <translations>
      <translation>
        <author>King Fahad Quran Complex</author>
        <text>Sesungguhnya orang-orang yang beriman dan mengerjakan amal saleh mereka itu adalah sebaik-baik makhluk.</text>
      </translation>
    </translations>
    <rules>[{"start": 2, "end": 5, "rule_id": 0}]</rules>
  </verse>
  <verse>
    <verseIdArabic>٨</verseIdArabic>
    <verseId>8</verseId>
    <chapterId>98</chapterId>
    <textIndopak>جَزَآؤُهُمۡ عِندَ رَبِّهِمۡ جَنَّٰتُ عَدۡنٖ تَجۡرِي مِن تَحۡتِهَا ٱلۡأَنۡهَٰرُ خَٰلِدِينَ فِيهَآ أَبَدٗاۖ رَّضِيَ ٱللَّهُ عَنۡهُمۡ وَرَضُواْ عَنۡهُۚ ذَٰلِكَ لِمَنۡ خَشِيَ رَبَّهُۥ</textIndopak>
    <translations>
      <translation>
        <author>King Fahad Quran Complex</author>
        <text>Balasan mereka di sisi Tuhan mereka ialah surga ʻAdn yang mengalir di bawahnya sungai-sungai; mereka kekal di dalamnya selama-lamanya. Allah rida terhadap mereka dan mereka pun rida kepada-Nya. Yang demikian itu adalah (balasan) bagi orang yang takut kepada Tuhan-nya.</text>
      </translation>
    </translations>
    <rules>[{"start": 31, "end": 35, "rule_id": 0}, {"start": 40, "end": 42, "rule_id": 1}, {"start": 47, "end": 49, "rule_id": 1}, {"start": 103, "end": 112, "rule_id": 5}, {"start": 15, "end": 18, "rule_id": 6}, {"start": 55, "end": 59, "rule_id": 6}, {"start": 42, "end": 47, "rule_id": 6}]</rules>
  </verse>
</verses>
