<?xml version="1.0" encoding="UTF-8"?>

<book>
  <juzs>
    <juz>
      <juzId>1</juzId>
      <verseMapping>
        <chapter id="1">1-7</chapter>
        <chapter id="2">1-141</chapter>
      </verseMapping>
    </juz>
    <juz>
      <juzId>2</juzId>
      <verseMapping>
        <chapter id="2">142-252</chapter>
      </verseMapping>
    </juz>
    <juz>
      <juzId>3</juzId>
      <verseMapping>
        <chapter id="2">253-286</chapter>
        <chapter id="3">1-92</chapter>
      </verseMapping>
    </juz>
    <juz>
      <juzId>4</juzId>
      <verseMapping>
        <chapter id="3">93-200</chapter>
        <chapter id="4">1-23</chapter>
      </verseMapping>
    </juz>
    <juz>
      <juzId>5</juzId>
      <verseMapping>
        <chapter id="4">24-147</chapter>
      </verseMapping>
    </juz>
    <juz>
      <juzId>6</juzId>
      <verseMapping>
        <chapter id="4">148-176</chapter>
        <chapter id="5">1-81</chapter>
      </verseMapping>
    </juz>
    <juz>
      <juzId>7</juzId>
      <verseMapping>
        <chapter id="5">82-120</chapter>
        <chapter id="6">1-110</chapter>
      </verseMapping>
    </juz>
    <juz>
      <juzId>8</juzId>
      <verseMapping>
        <chapter id="6">111-165</chapter>
        <chapter id="7">1-87</chapter>
      </verseMapping>
    </juz>
    <juz>
      <juzId>9</juzId>
      <verseMapping>
        <chapter id="7">88-206</chapter>
        <chapter id="8">1-40</chapter>
      </verseMapping>
    </juz>
    <juz>
      <juzId>10</juzId>
      <verseMapping>
        <chapter id="8">41-75</chapter>
        <chapter id="9">1-92</chapter>
      </verseMapping>
    </juz>
    <juz>
      <juzId>11</juzId>
      <verseMapping>
        <chapter id="9">93-129</chapter>
        <chapter id="10">1-109</chapter>
        <chapter id="11">1-5</chapter>
      </verseMapping>
    </juz>
    <juz>
      <juzId>12</juzId>
      <verseMapping>
        <chapter id="11">6-123</chapter>
        <chapter id="12">1-52</chapter>
      </verseMapping>
    </juz>
    <juz>
      <juzId>13</juzId>
      <verseMapping>
        <chapter id="12">53-111</chapter>
        <chapter id="13">1-43</chapter>
        <chapter id="14">1-52</chapter>
      </verseMapping>
    </juz>
    <juz>
      <juzId>14</juzId>
      <verseMapping>
        <chapter id="15">1-99</chapter>
        <chapter id="16">1-128</chapter>
      </verseMapping>
    </juz>
    <juz>
      <juzId>15</juzId>
      <verseMapping>
        <chapter id="17">1-111</chapter>
        <chapter id="18">1-74</chapter>
      </verseMapping>
    </juz>
    <juz>
      <juzId>16</juzId>
      <verseMapping>
        <chapter id="18">75-110</chapter>
        <chapter id="19">1-98</chapter>
        <chapter id="20">1-135</chapter>
      </verseMapping>
    </juz>
    <juz>
      <juzId>17</juzId>
      <verseMapping>
        <chapter id="21">1-112</chapter>
        <chapter id="22">1-78</chapter>
      </verseMapping>
    </juz>
    <juz>
      <juzId>18</juzId>
      <verseMapping>
        <chapter id="23">1-118</chapter>
        <chapter id="24">1-64</chapter>
        <chapter id="25">1-20</chapter>
      </verseMapping>
    </juz>
    <juz>
      <juzId>19</juzId>
      <verseMapping>
        <chapter id="25">21-77</chapter>
        <chapter id="26">1-227</chapter>
        <chapter id="27">1-55</chapter>
      </verseMapping>
    </juz>
    <juz>
      <juzId>20</juzId>
      <verseMapping>
        <chapter id="27">56-93</chapter>
        <chapter id="28">1-88</chapter>
        <chapter id="29">1-45</chapter>
      </verseMapping>
    </juz>
    <juz>
      <juzId>21</juzId>
      <verseMapping>
        <chapter id="29">46-69</chapter>
        <chapter id="30">1-60</chapter>
        <chapter id="31">1-34</chapter>
        <chapter id="32">1-30</chapter>
        <chapter id="33">1-30</chapter>
      </verseMapping>
    </juz>
    <juz>
      <juzId>22</juzId>
      <verseMapping>
        <chapter id="33">31-73</chapter>
        <chapter id="34">1-54</chapter>
        <chapter id="35">1-45</chapter>
        <chapter id="36">1-27</chapter>
      </verseMapping>
    </juz>
    <juz>
      <juzId>23</juzId>
      <verseMapping>
        <chapter id="36">28-83</chapter>
        <chapter id="37">1-182</chapter>
        <chapter id="38">1-88</chapter>
        <chapter id="39">1-31</chapter>
      </verseMapping>
    </juz>
    <juz>
      <juzId>24</juzId>
      <verseMapping>
        <chapter id="39">32-75</chapter>
        <chapter id="40">1-85</chapter>
        <chapter id="41">1-46</chapter>
      </verseMapping>
    </juz>
    <juz>
      <juzId>25</juzId>
      <verseMapping>
        <chapter id="41">47-54</chapter>
        <chapter id="42">1-53</chapter>
        <chapter id="43">1-89</chapter>
        <chapter id="44">1-59</chapter>
        <chapter id="45">1-37</chapter>
      </verseMapping>
    </juz>
    <juz>
      <juzId>26</juzId>
      <verseMapping>
        <chapter id="46">1-35</chapter>
        <chapter id="47">1-38</chapter>
        <chapter id="48">1-29</chapter>
        <chapter id="49">1-18</chapter>
        <chapter id="50">1-45</chapter>
        <chapter id="51">1-30</chapter>
      </verseMapping>
    </juz>
    <juz>
      <juzId>27</juzId>
      <verseMapping>
        <chapter id="51">31-60</chapter>
        <chapter id="52">1-49</chapter>
        <chapter id="53">1-62</chapter>
        <chapter id="54">1-55</chapter>
        <chapter id="55">1-78</chapter>
        <chapter id="56">1-96</chapter>
        <chapter id="57">1-29</chapter>
      </verseMapping>
    </juz>
    <juz>
      <juzId>28</juzId>
      <verseMapping>
        <chapter id="58">1-22</chapter>
        <chapter id="59">1-24</chapter>
        <chapter id="60">1-13</chapter>
        <chapter id="61">1-14</chapter>
        <chapter id="62">1-11</chapter>
        <chapter id="63">1-11</chapter>
        <chapter id="64">1-18</chapter>
        <chapter id="65">1-12</chapter>
        <chapter id="66">1-12</chapter>
      </verseMapping>
    </juz>
    <juz>
      <juzId>29</juzId>
      <verseMapping>
        <chapter id="67">1-30</chapter>
        <chapter id="68">1-52</chapter>
        <chapter id="69">1-52</chapter>
        <chapter id="70">1-44</chapter>
        <chapter id="71">1-28</chapter>
        <chapter id="72">1-28</chapter>
        <chapter id="73">1-20</chapter>
        <chapter id="74">1-56</chapter>
        <chapter id="75">1-40</chapter>
        <chapter id="76">1-31</chapter>
        <chapter id="77">1-50</chapter>
      </verseMapping>
    </juz>
    <juz>
      <juzId>30</juzId>
      <verseMapping>
        <chapter id="78">1-40</chapter>
        <chapter id="79">1-46</chapter>
        <chapter id="80">1-42</chapter>
        <chapter id="81">1-29</chapter>
        <chapter id="82">1-19</chapter>
        <chapter id="83">1-36</chapter>
        <chapter id="84">1-25</chapter>
        <chapter id="85">1-22</chapter>
        <chapter id="86">1-17</chapter>
        <chapter id="87">1-19</chapter>
        <chapter id="88">1-26</chapter>
        <chapter id="89">1-30</chapter>
        <chapter id="90">1-20</chapter>
        <chapter id="91">1-15</chapter>
        <chapter id="92">1-21</chapter>
        <chapter id="93">1-11</chapter>
        <chapter id="94">1-8</chapter>
        <chapter id="95">1-8</chapter>
        <chapter id="96">1-19</chapter>
        <chapter id="97">1-5</chapter>
        <chapter id="98">1-8</chapter>
        <chapter id="99">1-8</chapter>
        <chapter id="100">1-11</chapter>
        <chapter id="101">1-11</chapter>
        <chapter id="102">1-8</chapter>
        <chapter id="103">1-3</chapter>
        <chapter id="104">1-9</chapter>
        <chapter id="105">1-5</chapter>
        <chapter id="106">1-4</chapter>
        <chapter id="107">1-7</chapter>
        <chapter id="108">1-3</chapter>
        <chapter id="109">1-6</chapter>
        <chapter id="110">1-3</chapter>
        <chapter id="111">1-5</chapter>
        <chapter id="112">1-4</chapter>
        <chapter id="113">1-5</chapter>
        <chapter id="114">1-6</chapter>
      </verseMapping>
    </juz>
  </juzs>
  <chapters>
    <chapter>
      <chapterId>1</chapterId>
      <nameSimple>Al-Fatihah</nameSimple>
      <nameComplex>Al-Fātiĥah</nameComplex>
      <nameArabic>الفاتحة</nameArabic>
      <name>Pembukaan</name>
      <filePath>1.xml</filePath>
    </chapter>
    <chapter>
      <chapterId>2</chapterId>
      <nameSimple>Al-Baqarah</nameSimple>
      <nameComplex>Al-Baqarah</nameComplex>
      <nameArabic>البقرة</nameArabic>
      <name>Sapi Betina</name>
      <filePath>2.xml</filePath>
    </chapter>
    <chapter>
      <chapterId>3</chapterId>
      <nameSimple>Ali 'Imran</nameSimple>
      <nameComplex>Āli `Imrān</nameComplex>
      <nameArabic>آل عمران</nameArabic>
      <name>Keluarga Imran</name>
      <filePath>3.xml</filePath>
    </chapter>
    <chapter>
      <chapterId>4</chapterId>
      <nameSimple>An-Nisa</nameSimple>
      <nameComplex>An-Nisā</nameComplex>
      <nameArabic>النساء</nameArabic>
      <name>Wanita</name>
      <filePath>4.xml</filePath>
    </chapter>
    <chapter>
      <chapterId>5</chapterId>
      <nameSimple>Al-Ma'idah</nameSimple>
      <nameComplex>Al-Mā'idah</nameComplex>
      <nameArabic>المائدة</nameArabic>
      <name>Jamuan (Hidangan Makanan)</name>
      <filePath>5.xml</filePath>
    </chapter>
    <chapter>
      <chapterId>6</chapterId>
      <nameSimple>Al-An'am</nameSimple>
      <nameComplex>Al-'An`ām</nameComplex>
      <nameArabic>الأنعام</nameArabic>
      <name>Binatang Ternak</name>
      <filePath>6.xml</filePath>
    </chapter>
    <chapter>
      <chapterId>7</chapterId>
      <nameSimple>Al-A'raf</nameSimple>
      <nameComplex>Al-'A`rāf</nameComplex>
      <nameArabic>الأعراف</nameArabic>
      <name>Tempat-tempat Tinggi</name>
      <filePath>7.xml</filePath>
    </chapter>
    <chapter>
      <chapterId>8</chapterId>
      <nameSimple>Al-Anfal</nameSimple>
      <nameComplex>Al-'Anfāl</nameComplex>
      <nameArabic>الأنفال</nameArabic>
      <name>Rampasan Perang</name>
      <filePath>8.xml</filePath>
    </chapter>
    <chapter>
      <chapterId>9</chapterId>
      <nameSimple>At-Tawbah</nameSimple>
      <nameComplex>At-Tawbah</nameComplex>
      <nameArabic>التوبة</nameArabic>
      <name>Pengampunan</name>
      <filePath>9.xml</filePath>
    </chapter>
    <chapter>
      <chapterId>10</chapterId>
      <nameSimple>Yunus</nameSimple>
      <nameComplex>Yūnus</nameComplex>
      <nameArabic>يونس</nameArabic>
      <name>Yunus</name>
      <filePath>10.xml</filePath>
    </chapter>
    <chapter>
      <chapterId>11</chapterId>
      <nameSimple>Hud</nameSimple>
      <nameComplex>Hūd</nameComplex>
      <nameArabic>هود</nameArabic>
      <name>Hud</name>
      <filePath>11.xml</filePath>
    </chapter>
    <chapter>
      <chapterId>12</chapterId>
      <nameSimple>Yusuf</nameSimple>
      <nameComplex>Yūsuf</nameComplex>
      <nameArabic>يوسف</nameArabic>
      <name>Yusuf</name>
      <filePath>12.xml</filePath>
    </chapter>
    <chapter>
      <chapterId>13</chapterId>
      <nameSimple>Ar-Ra'd</nameSimple>
      <nameComplex>Ar-Ra`d</nameComplex>
      <nameArabic>الرعد</nameArabic>
      <name>Guruh (Petir)</name>
      <filePath>13.xml</filePath>
    </chapter>
    <chapter>
      <chapterId>14</chapterId>
      <nameSimple>Ibrahim</nameSimple>
      <nameComplex>Ibrāhīm</nameComplex>
      <nameArabic>ابراهيم</nameArabic>
      <name>Ibrahim</name>
      <filePath>14.xml</filePath>
    </chapter>
    <chapter>
      <chapterId>15</chapterId>
      <nameSimple>Al-Hijr</nameSimple>
      <nameComplex>Al-Ĥijr</nameComplex>
      <nameArabic>الحجر</nameArabic>
      <name>Bukit</name>
      <filePath>15.xml</filePath>
    </chapter>
    <chapter>
      <chapterId>16</chapterId>
      <nameSimple>An-Nahl</nameSimple>
      <nameComplex>An-Naĥl</nameComplex>
      <nameArabic>النحل</nameArabic>
      <name>Lebah Madu</name>
      <filePath>16.xml</filePath>
    </chapter>
    <chapter>
      <chapterId>17</chapterId>
      <nameSimple>Al-Isra</nameSimple>
      <nameComplex>Al-'Isrā</nameComplex>
      <nameArabic>الإسراء</nameArabic>
      <name>Perjalanan Malam</name>
      <filePath>17.xml</filePath>
    </chapter>
    <chapter>
      <chapterId>18</chapterId>
      <nameSimple>Al-Kahf</nameSimple>
      <nameComplex>Al-Kahf</nameComplex>
      <nameArabic>الكهف</nameArabic>
      <name>Para Penghuni Gua</name>
      <filePath>18.xml</filePath>
    </chapter>
    <chapter>
      <chapterId>19</chapterId>
      <nameSimple>Maryam</nameSimple>
      <nameComplex>Maryam</nameComplex>
      <nameArabic>مريم</nameArabic>
      <name>Maryam</name>
      <filePath>19.xml</filePath>
    </chapter>
    <chapter>
      <chapterId>20</chapterId>
      <nameSimple>Taha</nameSimple>
      <nameComplex>Ţāhā</nameComplex>
      <nameArabic>طه</nameArabic>
      <name>Tha-Ha</name>
      <filePath>20.xml</filePath>
    </chapter>
    <chapter>
      <chapterId>21</chapterId>
      <nameSimple>Al-Anbya</nameSimple>
      <nameComplex>Al-'Anbyā</nameComplex>
      <nameArabic>الأنبياء</nameArabic>
      <name>Para Nabi</name>
      <filePath>21.xml</filePath>
    </chapter>
    <chapter>
      <chapterId>22</chapterId>
      <nameSimple>Al-Hajj</nameSimple>
      <nameComplex>Al-Ĥajj</nameComplex>
      <nameArabic>الحج</nameArabic>
      <name>Haji</name>
      <filePath>22.xml</filePath>
    </chapter>
    <chapter>
      <chapterId>23</chapterId>
      <nameSimple>Al-Mu'minun</nameSimple>
      <nameComplex>Al-Mu'minūn</nameComplex>
      <nameArabic>المؤمنون</nameArabic>
      <name>Orang-orang Mukmin</name>
      <filePath>23.xml</filePath>
    </chapter>
    <chapter>
      <chapterId>24</chapterId>
      <nameSimple>An-Nur</nameSimple>
      <nameComplex>An-Nūr</nameComplex>
      <nameArabic>النور</nameArabic>
      <name>Cahaya</name>
      <filePath>24.xml</filePath>
    </chapter>
    <chapter>
      <chapterId>25</chapterId>
      <nameSimple>Al-Furqan</nameSimple>
      <nameComplex>Al-Furqān</nameComplex>
      <nameArabic>الفرقان</nameArabic>
      <name>Pembeda</name>
      <filePath>25.xml</filePath>
    </chapter>
    <chapter>
      <chapterId>26</chapterId>
      <nameSimple>Ash-Shu'ara</nameSimple>
      <nameComplex>Ash-Shu`arā</nameComplex>
      <nameArabic>الشعراء</nameArabic>
      <name>Penyair</name>
      <filePath>26.xml</filePath>
    </chapter>
    <chapter>
      <chapterId>27</chapterId>
      <nameSimple>An-Naml</nameSimple>
      <nameComplex>An-Naml</nameComplex>
      <nameArabic>النمل</nameArabic>
      <name>Semut</name>
      <filePath>27.xml</filePath>
    </chapter>
    <chapter>
      <chapterId>28</chapterId>
      <nameSimple>Al-Qasas</nameSimple>
      <nameComplex>Al-Qaşaş</nameComplex>
      <nameArabic>القصص</nameArabic>
      <name>Kisah-kisah</name>
      <filePath>28.xml</filePath>
    </chapter>
    <chapter>
      <chapterId>29</chapterId>
      <nameSimple>Al-'Ankabut</nameSimple>
      <nameComplex>Al-`Ankabūt</nameComplex>
      <nameArabic>العنكبوت</nameArabic>
      <name>Laba-laba</name>
      <filePath>29.xml</filePath>
    </chapter>
    <chapter>
      <chapterId>30</chapterId>
      <nameSimple>Ar-Rum</nameSimple>
      <nameComplex>Ar-Rūm</nameComplex>
      <nameArabic>الروم</nameArabic>
      <name>Bangsa Romawi</name>
      <filePath>30.xml</filePath>
    </chapter>
    <chapter>
      <chapterId>31</chapterId>
      <nameSimple>Luqman</nameSimple>
      <nameComplex>Luqmān</nameComplex>
      <nameArabic>لقمان</nameArabic>
      <name>Luqman</name>
      <filePath>31.xml</filePath>
    </chapter>
    <chapter>
      <chapterId>32</chapterId>
      <nameSimple>As-Sajdah</nameSimple>
      <nameComplex>As-Sajdah</nameComplex>
      <nameArabic>السجدة</nameArabic>
      <name>Sujud</name>
      <filePath>32.xml</filePath>
    </chapter>
    <chapter>
      <chapterId>33</chapterId>
      <nameSimple>Al-Ahzab</nameSimple>
      <nameComplex>Al-'Aĥzāb</nameComplex>
      <nameArabic>الأحزاب</nameArabic>
      <name>Golongan yang Bersekutu</name>
      <filePath>33.xml</filePath>
    </chapter>
    <chapter>
      <chapterId>34</chapterId>
      <nameSimple>Saba</nameSimple>
      <nameComplex>Saba</nameComplex>
      <nameArabic>سبإ</nameArabic>
      <name>Saba\'</name>
      <filePath>34.xml</filePath>
    </chapter>
    <chapter>
      <chapterId>35</chapterId>
      <nameSimple>Fatir</nameSimple>
      <nameComplex>Fāţir</nameComplex>
      <nameArabic>فاطر</nameArabic>
      <name>Pencipta</name>
      <filePath>35.xml</filePath>
    </chapter>
    <chapter>
      <chapterId>36</chapterId>
      <nameSimple>Ya-Sin</nameSimple>
      <nameComplex>Yā-Sīn</nameComplex>
      <nameArabic>يس</nameArabic>
      <name>Yas Sin</name>
      <filePath>36.xml</filePath>
    </chapter>
    <chapter>
      <chapterId>37</chapterId>
      <nameSimple>As-Saffat</nameSimple>
      <nameComplex>Aş-Şāffāt</nameComplex>
      <nameArabic>الصافات</nameArabic>
      <name>Barisan-barisan</name>
      <filePath>37.xml</filePath>
    </chapter>
    <chapter>
      <chapterId>38</chapterId>
      <nameSimple>Sad</nameSimple>
      <nameComplex>Şād</nameComplex>
      <nameArabic>ص</nameArabic>
      <name>Shad</name>
      <filePath>38.xml</filePath>
    </chapter>
    <chapter>
      <chapterId>39</chapterId>
      <nameSimple>Az-Zumar</nameSimple>
      <nameComplex>Az-Zumar</nameComplex>
      <nameArabic>الزمر</nameArabic>
      <name>Para Rombongan</name>
      <filePath>39.xml</filePath>
    </chapter>
    <chapter>
      <chapterId>40</chapterId>
      <nameSimple>Ghafir</nameSimple>
      <nameComplex>Ghāfir</nameComplex>
      <nameArabic>غافر</nameArabic>
      <name>Sang Maha Pengampun</name>
      <filePath>40.xml</filePath>
    </chapter>
    <chapter>
      <chapterId>41</chapterId>
      <nameSimple>Fussilat</nameSimple>
      <nameComplex>Fuşşilat</nameComplex>
      <nameArabic>فصلت</nameArabic>
      <name>Yang Dijelaskan</name>
      <filePath>41.xml</filePath>
    </chapter>
    <chapter>
      <chapterId>42</chapterId>
      <nameSimple>Ash-Shuraa</nameSimple>
      <nameComplex>Ash-Shūraá</nameComplex>
      <nameArabic>الشورى</nameArabic>
      <name>Musyawarah</name>
      <filePath>42.xml</filePath>
    </chapter>
    <chapter>
      <chapterId>43</chapterId>
      <nameSimple>Az-Zukhruf</nameSimple>
      <nameComplex>Az-Zukhruf</nameComplex>
      <nameArabic>الزخرف</nameArabic>
      <name>Perhiasan</name>
      <filePath>43.xml</filePath>
    </chapter>
    <chapter>
      <chapterId>44</chapterId>
      <nameSimple>Ad-Dukhan</nameSimple>
      <nameComplex>Ad-Dukhān</nameComplex>
      <nameArabic>الدخان</nameArabic>
      <name>Kabut</name>
      <filePath>44.xml</filePath>
    </chapter>
    <chapter>
      <chapterId>45</chapterId>
      <nameSimple>Al-Jathiyah</nameSimple>
      <nameComplex>Al-Jāthiyah</nameComplex>
      <nameArabic>الجاثية</nameArabic>
      <name>Yang Bertekuk Lutut</name>
      <filePath>45.xml</filePath>
    </chapter>
    <chapter>
      <chapterId>46</chapterId>
      <nameSimple>Al-Ahqaf</nameSimple>
      <nameComplex>Al-'Aĥqāf</nameComplex>
      <nameArabic>الأحقاف</nameArabic>
      <name>Bukit-bukir Pasir</name>
      <filePath>46.xml</filePath>
    </chapter>
    <chapter>
      <chapterId>47</chapterId>
      <nameSimple>Muhammad</nameSimple>
      <nameComplex>Muĥammad</nameComplex>
      <nameArabic>محمد</nameArabic>
      <name>Muhammad</name>
      <filePath>47.xml</filePath>
    </chapter>
    <chapter>
      <chapterId>48</chapterId>
      <nameSimple>Al-Fath</nameSimple>
      <nameComplex>Al-Fatĥ</nameComplex>
      <nameArabic>الفتح</nameArabic>
      <name>Kemenangan</name>
      <filePath>48.xml</filePath>
    </chapter>
    <chapter>
      <chapterId>49</chapterId>
      <nameSimple>Al-Hujurat</nameSimple>
      <nameComplex>Al-Ĥujurāt</nameComplex>
      <nameArabic>الحجرات</nameArabic>
      <name>Kamar-kamar</name>
      <filePath>49.xml</filePath>
    </chapter>
    <chapter>
      <chapterId>50</chapterId>
      <nameSimple>Qaf</nameSimple>
      <nameComplex>Qāf</nameComplex>
      <nameArabic>ق</nameArabic>
      <name>Qaf</name>
      <filePath>50.xml</filePath>
    </chapter>
    <chapter>
      <chapterId>51</chapterId>
      <nameSimple>Adh-Dhariyat</nameSimple>
      <nameComplex>Adh-Dhāriyāt</nameComplex>
      <nameArabic>الذاريات</nameArabic>
      <name>Angin yang Menerbangkan</name>
      <filePath>51.xml</filePath>
    </chapter>
    <chapter>
      <chapterId>52</chapterId>
      <nameSimple>At-Tur</nameSimple>
      <nameComplex>Aţ-Ţūr</nameComplex>
      <nameArabic>الطور</nameArabic>
      <name>Bukit</name>
      <filePath>52.xml</filePath>
    </chapter>
    <chapter>
      <chapterId>53</chapterId>
      <nameSimple>An-Najm</nameSimple>
      <nameComplex>An-Najm</nameComplex>
      <nameArabic>النجم</nameArabic>
      <name>Bintang</name>
      <filePath>53.xml</filePath>
    </chapter>
    <chapter>
      <chapterId>54</chapterId>
      <nameSimple>Al-Qamar</nameSimple>
      <nameComplex>Al-Qamar</nameComplex>
      <nameArabic>القمر</nameArabic>
      <name>Bulan</name>
      <filePath>54.xml</filePath>
    </chapter>
    <chapter>
      <chapterId>55</chapterId>
      <nameSimple>Ar-Rahman</nameSimple>
      <nameComplex>Ar-Raĥmān</nameComplex>
      <nameArabic>الرحمن</nameArabic>
      <name>Yang Maha Pemurah</name>
      <filePath>55.xml</filePath>
    </chapter>
    <chapter>
      <chapterId>56</chapterId>
      <nameSimple>Al-Waqi'ah</nameSimple>
      <nameComplex>Al-Wāqi`ah</nameComplex>
      <nameArabic>الواقعة</nameArabic>
      <name>Hari Kiamat</name>
      <filePath>56.xml</filePath>
    </chapter>
    <chapter>
      <chapterId>57</chapterId>
      <nameSimple>Al-Hadid</nameSimple>
      <nameComplex>Al-Ĥadīd</nameComplex>
      <nameArabic>الحديد</nameArabic>
      <name>Besi</name>
      <filePath>57.xml</filePath>
    </chapter>
    <chapter>
      <chapterId>58</chapterId>
      <nameSimple>Al-Mujadila</nameSimple>
      <nameComplex>Al-Mujādila</nameComplex>
      <nameArabic>المجادلة</nameArabic>
      <name>Wanita yang Menggugat</name>
      <filePath>58.xml</filePath>
    </chapter>
    <chapter>
      <chapterId>59</chapterId>
      <nameSimple>Al-Hashr</nameSimple>
      <nameComplex>Al-Ĥashr</nameComplex>
      <nameArabic>الحشر</nameArabic>
      <name>Pengusiran</name>
      <filePath>59.xml</filePath>
    </chapter>
    <chapter>
      <chapterId>60</chapterId>
      <nameSimple>Al-Mumtahanah</nameSimple>
      <nameComplex>Al-Mumtaĥanah</nameComplex>
      <nameArabic>الممتحنة</nameArabic>
      <name>Wanita yang Diuji</name>
      <filePath>60.xml</filePath>
    </chapter>
    <chapter>
      <chapterId>61</chapterId>
      <nameSimple>As-Saf</nameSimple>
      <nameComplex>Aş-Şaf</nameComplex>
      <nameArabic>الصف</nameArabic>
      <name>Barisan</name>
      <filePath>61.xml</filePath>
    </chapter>
    <chapter>
      <chapterId>62</chapterId>
      <nameSimple>Al-Jumu'ah</nameSimple>
      <nameComplex>Al-Jumu`ah</nameComplex>
      <nameArabic>الجمعة</nameArabic>
      <name>Hari Jum\'at</name>
      <filePath>62.xml</filePath>
    </chapter>
    <chapter>
      <chapterId>63</chapterId>
      <nameSimple>Al-Munafiqun</nameSimple>
      <nameComplex>Al-Munāfiqūn</nameComplex>
      <nameArabic>المنافقون</nameArabic>
      <name>Kaum Munafik</name>
      <filePath>63.xml</filePath>
    </chapter>
    <chapter>
      <chapterId>64</chapterId>
      <nameSimple>At-Taghabun</nameSimple>
      <nameComplex>At-Taghābun</nameComplex>
      <nameArabic>التغابن</nameArabic>
      <name>Hari Dinampakkan Kesalahan</name>
      <filePath>64.xml</filePath>
    </chapter>
    <chapter>
      <chapterId>65</chapterId>
      <nameSimple>At-Talaq</nameSimple>
      <nameComplex>Aţ-Ţalāq</nameComplex>
      <nameArabic>الطلاق</nameArabic>
      <name>Perceraian</name>
      <filePath>65.xml</filePath>
    </chapter>
    <chapter>
      <chapterId>66</chapterId>
      <nameSimple>At-Tahrim</nameSimple>
      <nameComplex>At-Taĥrīm</nameComplex>
      <nameArabic>التحريم</nameArabic>
      <name>Mengharamkan</name>
      <filePath>66.xml</filePath>
    </chapter>
    <chapter>
      <chapterId>67</chapterId>
      <nameSimple>Al-Mulk</nameSimple>
      <nameComplex>Al-Mulk</nameComplex>
      <nameArabic>الملك</nameArabic>
      <name>Kerajaan</name>
      <filePath>67.xml</filePath>
    </chapter>
    <chapter>
      <chapterId>68</chapterId>
      <nameSimple>Al-Qalam</nameSimple>
      <nameComplex>Al-Qalam</nameComplex>
      <nameArabic>القلم</nameArabic>
      <name>Pena</name>
      <filePath>68.xml</filePath>
    </chapter>
    <chapter>
      <chapterId>69</chapterId>
      <nameSimple>Al-Haqqah</nameSimple>
      <nameComplex>Al-Ĥāqqah</nameComplex>
      <nameArabic>الحاقة</nameArabic>
      <name>Kenyataan (Hari Kiamat)</name>
      <filePath>69.xml</filePath>
    </chapter>
    <chapter>
      <chapterId>70</chapterId>
      <nameSimple>Al-Ma'arij</nameSimple>
      <nameComplex>Al-Ma`ārij</nameComplex>
      <nameArabic>المعارج</nameArabic>
      <name>Tempat yang Naik</name>
      <filePath>70.xml</filePath>
    </chapter>
    <chapter>
      <chapterId>71</chapterId>
      <nameSimple>Nuh</nameSimple>
      <nameComplex>Nūĥ</nameComplex>
      <nameArabic>نوح</nameArabic>
      <name>Nuh</name>
      <filePath>71.xml</filePath>
    </chapter>
    <chapter>
      <chapterId>72</chapterId>
      <nameSimple>Al-Jinn</nameSimple>
      <nameComplex>Al-Jinn</nameComplex>
      <nameArabic>الجن</nameArabic>
      <name>Jin</name>
      <filePath>72.xml</filePath>
    </chapter>
    <chapter>
      <chapterId>73</chapterId>
      <nameSimple>Al-Muzzammil</nameSimple>
      <nameComplex>Al-Muzzammil</nameComplex>
      <nameArabic>المزمل</nameArabic>
      <name>Orang yang Berselimut</name>
      <filePath>73.xml</filePath>
    </chapter>
    <chapter>
      <chapterId>74</chapterId>
      <nameSimple>Al-Muddaththir</nameSimple>
      <nameComplex>Al-Muddaththir</nameComplex>
      <nameArabic>المدثر</nameArabic>
      <name>Orang yang Berkemul</name>
      <filePath>74.xml</filePath>
    </chapter>
    <chapter>
      <chapterId>75</chapterId>
      <nameSimple>Al-Qiyamah</nameSimple>
      <nameComplex>Al-Qiyāmah</nameComplex>
      <nameArabic>القيامة</nameArabic>
      <name>Hari Berbangkit</name>
      <filePath>75.xml</filePath>
    </chapter>
    <chapter>
      <chapterId>76</chapterId>
      <nameSimple>Al-Insan</nameSimple>
      <nameComplex>Al-'Insān</nameComplex>
      <nameArabic>الانسان</nameArabic>
      <name>Manusia</name>
      <filePath>76.xml</filePath>
    </chapter>
    <chapter>
      <chapterId>77</chapterId>
      <nameSimple>Al-Mursalat</nameSimple>
      <nameComplex>Al-Mursalāt</nameComplex>
      <nameArabic>المرسلات</nameArabic>
      <name>Malaikat-malaikan yang Diutus</name>
      <filePath>77.xml</filePath>
    </chapter>
    <chapter>
      <chapterId>78</chapterId>
      <nameSimple>An-Naba</nameSimple>
      <nameComplex>An-Naba</nameComplex>
      <nameArabic>النبإ</nameArabic>
      <name>Berita Besar</name>
      <filePath>78.xml</filePath>
    </chapter>
    <chapter>
      <chapterId>79</chapterId>
      <nameSimple>An-Nazi'at</nameSimple>
      <nameComplex>An-Nāzi`āt</nameComplex>
      <nameArabic>النازعات</nameArabic>
      <name>Malaikat yang Mencabut</name>
      <filePath>79.xml</filePath>
    </chapter>
    <chapter>
      <chapterId>80</chapterId>
      <nameSimple>'Abasa</nameSimple>
      <nameComplex>`Abasa</nameComplex>
      <nameArabic>عبس</nameArabic>
      <name>Ia Bermuka Masam</name>
      <filePath>80.xml</filePath>
    </chapter>
    <chapter>
      <chapterId>81</chapterId>
      <nameSimple>At-Takwir</nameSimple>
      <nameComplex>At-Takwīr</nameComplex>
      <nameArabic>التكوير</nameArabic>
      <name>Menggulung</name>
      <filePath>81.xml</filePath>
    </chapter>
    <chapter>
      <chapterId>82</chapterId>
      <nameSimple>Al-Infitar</nameSimple>
      <nameComplex>Al-'Infiţār</nameComplex>
      <nameArabic>الإنفطار</nameArabic>
      <name>Terbelah</name>
      <filePath>82.xml</filePath>
    </chapter>
    <chapter>
      <chapterId>83</chapterId>
      <nameSimple>Al-Mutaffifin</nameSimple>
      <nameComplex>Al-Muţaffifīn</nameComplex>
      <nameArabic>المطففين</nameArabic>
      <name>Orang-orang Curang</name>
      <filePath>83.xml</filePath>
    </chapter>
    <chapter>
      <chapterId>84</chapterId>
      <nameSimple>Al-Inshiqaq</nameSimple>
      <nameComplex>Al-'Inshiqāq</nameComplex>
      <nameArabic>الإنشقاق</nameArabic>
      <name>Terbelah</name>
      <filePath>84.xml</filePath>
    </chapter>
    <chapter>
      <chapterId>85</chapterId>
      <nameSimple>Al-Buruj</nameSimple>
      <nameComplex>Al-Burūj</nameComplex>
      <nameArabic>البروج</nameArabic>
      <name>Gugusan Bintang</name>
      <filePath>85.xml</filePath>
    </chapter>
    <chapter>
      <chapterId>86</chapterId>
      <nameSimple>At-Tariq</nameSimple>
      <nameComplex>Aţ-Ţāriq</nameComplex>
      <nameArabic>الطارق</nameArabic>
      <name>Yang Datang di Malam Hari</name>
      <filePath>86.xml</filePath>
    </chapter>
    <chapter>
      <chapterId>87</chapterId>
      <nameSimple>Al-A'la</nameSimple>
      <nameComplex>Al-'A`lá</nameComplex>
      <nameArabic>الأعلى</nameArabic>
      <name>Yang Paling Tinggi</name>
      <filePath>87.xml</filePath>
    </chapter>
    <chapter>
      <chapterId>88</chapterId>
      <nameSimple>Al-Ghashiyah</nameSimple>
      <nameComplex>Al-Ghāshiyah</nameComplex>
      <nameArabic>الغاشية</nameArabic>
      <name>Hari Pembalasan</name>
      <filePath>88.xml</filePath>
    </chapter>
    <chapter>
      <chapterId>89</chapterId>
      <nameSimple>Al-Fajr</nameSimple>
      <nameComplex>Al-Fajr</nameComplex>
      <nameArabic>الفجر</nameArabic>
      <name>Fajar</name>
      <filePath>89.xml</filePath>
    </chapter>
    <chapter>
      <chapterId>90</chapterId>
      <nameSimple>Al-Balad</nameSimple>
      <nameComplex>Al-Balad</nameComplex>
      <nameArabic>البلد</nameArabic>
      <name>Negeri</name>
      <filePath>90.xml</filePath>
    </chapter>
    <chapter>
      <chapterId>91</chapterId>
      <nameSimple>Ash-Shams</nameSimple>
      <nameComplex>Ash-Shams</nameComplex>
      <nameArabic>الشمس</nameArabic>
      <name>Matahari</name>
      <filePath>91.xml</filePath>
    </chapter>
    <chapter>
      <chapterId>92</chapterId>
      <nameSimple>Al-Layl</nameSimple>
      <nameComplex>Al-Layl</nameComplex>
      <nameArabic>الليل</nameArabic>
      <name>Malam</name>
      <filePath>92.xml</filePath>
    </chapter>
    <chapter>
      <chapterId>93</chapterId>
      <nameSimple>Ad-Duhaa</nameSimple>
      <nameComplex>Ađ-Đuĥaá</nameComplex>
      <nameArabic>الضحى</nameArabic>
      <name>Waktu Dhuha</name>
      <filePath>93.xml</filePath>
    </chapter>
    <chapter>
      <chapterId>94</chapterId>
      <nameSimple>Ash-Sharh</nameSimple>
      <nameComplex>Ash-Sharĥ</nameComplex>
      <nameArabic>الشرح</nameArabic>
      <name>Melapangkan</name>
      <filePath>94.xml</filePath>
    </chapter>
    <chapter>
      <chapterId>95</chapterId>
      <nameSimple>At-Tin</nameSimple>
      <nameComplex>At-Tīn</nameComplex>
      <nameArabic>التين</nameArabic>
      <name>Buah Tin</name>
      <filePath>95.xml</filePath>
    </chapter>
    <chapter>
      <chapterId>96</chapterId>
      <nameSimple>Al-'Alaq</nameSimple>
      <nameComplex>Al-`Alaq</nameComplex>
      <nameArabic>العلق</nameArabic>
      <name>Segumpal Darah</name>
      <filePath>96.xml</filePath>
    </chapter>
    <chapter>
      <chapterId>97</chapterId>
      <nameSimple>Al-Qadr</nameSimple>
      <nameComplex>Al-Qadr</nameComplex>
      <nameArabic>القدر</nameArabic>
      <name>Kemuliaan</name>
      <filePath>97.xml</filePath>
    </chapter>
    <chapter>
      <chapterId>98</chapterId>
      <nameSimple>Al-Bayyinah</nameSimple>
      <nameComplex>Al-Bayyinah</nameComplex>
      <nameArabic>البينة</nameArabic>
      <name>Pembuktian</name>
      <filePath>98.xml</filePath>
    </chapter>
    <chapter>
      <chapterId>99</chapterId>
      <nameSimple>Az-Zalzalah</nameSimple>
      <nameComplex>Az-Zalzalah</nameComplex>
      <nameArabic>الزلزلة</nameArabic>
      <name>Kegoncangan</name>
      <filePath>99.xml</filePath>
    </chapter>
    <chapter>
      <chapterId>100</chapterId>
      <nameSimple>Al-'Adiyat</nameSimple>
      <nameComplex>Al-`Ādiyāt</nameComplex>
      <nameArabic>العاديات</nameArabic>
      <name>Berlari Kencang</name>
      <filePath>100.xml</filePath>
    </chapter>
    <chapter>
      <chapterId>101</chapterId>
      <nameSimple>Al-Qari'ah</nameSimple>
      <nameComplex>Al-Qāri`ah</nameComplex>
      <nameArabic>القارعة</nameArabic>
      <name>Hari Kiamat</name>
      <filePath>101.xml</filePath>
    </chapter>
    <chapter>
      <chapterId>102</chapterId>
      <nameSimple>At-Takathur</nameSimple>
      <nameComplex>At-Takāthur</nameComplex>
      <nameArabic>التكاثر</nameArabic>
      <name>Bermegah-megahan</name>
      <filePath>102.xml</filePath>
    </chapter>
    <chapter>
      <chapterId>103</chapterId>
      <nameSimple>Al-'Asr</nameSimple>
      <nameComplex>Al-`Aşr</nameComplex>
      <nameArabic>العصر</nameArabic>
      <name>Waktu Sore</name>
      <filePath>103.xml</filePath>
    </chapter>
    <chapter>
      <chapterId>104</chapterId>
      <nameSimple>Al-Humazah</nameSimple>
      <nameComplex>Al-Humazah</nameComplex>
      <nameArabic>الهمزة</nameArabic>
      <name>Pengumpat</name>
      <filePath>104.xml</filePath>
    </chapter>
    <chapter>
      <chapterId>105</chapterId>
      <nameSimple>Al-Fil</nameSimple>
      <nameComplex>Al-Fīl</nameComplex>
      <nameArabic>الفيل</nameArabic>
      <name>Gajah</name>
      <filePath>105.xml</filePath>
    </chapter>
    <chapter>
      <chapterId>106</chapterId>
      <nameSimple>Quraysh</nameSimple>
      <nameComplex>Quraysh</nameComplex>
      <nameArabic>قريش</nameArabic>
      <name>Suku Quraisy</name>
      <filePath>106.xml</filePath>
    </chapter>
    <chapter>
      <chapterId>107</chapterId>
      <nameSimple>Al-Ma'un</nameSimple>
      <nameComplex>Al-Mā`ūn</nameComplex>
      <nameArabic>الماعون</nameArabic>
      <name>Barang yang Berguna</name>
      <filePath>107.xml</filePath>
    </chapter>
    <chapter>
      <chapterId>108</chapterId>
      <nameSimple>Al-Kawthar</nameSimple>
      <nameComplex>Al-Kawthar</nameComplex>
      <nameArabic>الكوثر</nameArabic>
      <name>Nikmat Berlimpah</name>
      <filePath>108.xml</filePath>
    </chapter>
    <chapter>
      <chapterId>109</chapterId>
      <nameSimple>Al-Kafirun</nameSimple>
      <nameComplex>Al-Kāfirūn</nameComplex>
      <nameArabic>الكافرون</nameArabic>
      <name>Orang-orang Kafir</name>
      <filePath>109.xml</filePath>
    </chapter>
    <chapter>
      <chapterId>110</chapterId>
      <nameSimple>An-Nasr</nameSimple>
      <nameComplex>An-Naşr</nameComplex>
      <nameArabic>النصر</nameArabic>
      <name>Pertolongan</name>
      <filePath>110.xml</filePath>
    </chapter>
    <chapter>
      <chapterId>111</chapterId>
      <nameSimple>Al-Masad</nameSimple>
      <nameComplex>Al-Masad</nameComplex>
      <nameArabic>المسد</nameArabic>
      <name>Gejolak Api (Sabut)</name>
      <filePath>111.xml</filePath>
    </chapter>
    <chapter>
      <chapterId>112</chapterId>
      <nameSimple>Al-Ikhlas</nameSimple>
      <nameComplex>Al-'Ikhlāş</nameComplex>
      <nameArabic>الإخلاص</nameArabic>
      <name>Ikhlash</name>
      <filePath>112.xml</filePath>
    </chapter>
    <chapter>
      <chapterId>113</chapterId>
      <nameSimple>Al-Falaq</nameSimple>
      <nameComplex>Al-Falaq</nameComplex>
      <nameArabic>الفلق</nameArabic>
      <name>Waktu Shubuh</name>
      <filePath>113.xml</filePath>
    </chapter>
    <chapter>
      <chapterId>114</chapterId>
      <nameSimple>An-Nas</nameSimple>
      <nameComplex>An-Nās</nameComplex>
      <nameArabic>الناس</nameArabic>
      <name>Umat Manusia</name>
      <filePath>114.xml</filePath>
    </chapter>
  </chapters>
</book>
