<?xml version="1.0" encoding="UTF-8"?>

<verses>
  <verse>
    <verseIdArabic>١</verseIdArabic>
    <verseId>1</verseId>
    <chapterId>100</chapterId>
    <textIndopak>وَٱلۡعَٰدِيَٰتِ ضَبۡحٗا</textIndopak>
    <translations>
      <translation>
        <author>Dr. Mustafa Khattab, the Clear Quran</author>
        <text>’ By the galloping, panting horses,</text>
      </translation>
    </translations>
    <rules>[{"start": 18, "end": 20, "rule_id": 1}]</rules>
  </verse>
  <verse>
    <verseIdArabic>٢</verseIdArabic>
    <verseId>2</verseId>
    <chapterId>100</chapterId>
    <textIndopak>فَٱلۡمُورِيَٰتِ قَدۡحٗا</textIndopak>
    <translations>
      <translation>
        <author>Dr. Mustafa Khattab, the Clear Quran</author>
        <text>striking sparks of fire ˹with their hoofs˺,</text>
      </translation>
    </translations>
    <rules>[{"start": 18, "end": 20, "rule_id": 1}]</rules>
  </verse>
  <verse>
    <verseIdArabic>٣</verseIdArabic>
    <verseId>3</verseId>
    <chapterId>100</chapterId>
    <textIndopak>فَٱلۡمُغِيرَٰتِ صُبۡحٗا</textIndopak>
    <translations>
      <translation>
        <author>Dr. Mustafa Khattab, the Clear Quran</author>
        <text>launching raids at dawn,</text>
      </translation>
    </translations>
    <rules>[{"start": 18, "end": 20, "rule_id": 1}]</rules>
  </verse>
  <verse>
    <verseIdArabic>٤</verseIdArabic>
    <verseId>4</verseId>
    <chapterId>100</chapterId>
    <textIndopak>فَأَثَرۡنَ بِهِۦ نَقۡعٗا</textIndopak>
    <translations>
      <translation>
        <author>Dr. Mustafa Khattab, the Clear Quran</author>
        <text>stirring up ˹clouds of˺ dust,</text>
      </translation>
    </translations>
    <rules>[{"start": 19, "end": 21, "rule_id": 1}]</rules>
  </verse>
  <verse>
    <verseIdArabic>٥</verseIdArabic>
    <verseId>5</verseId>
    <chapterId>100</chapterId>
    <textIndopak>فَوَسَطۡنَ بِهِۦ جَمۡعًا</textIndopak>
    <translations>
      <translation>
        <author>Dr. Mustafa Khattab, the Clear Quran</author>
        <text>and penetrating into the heart of enemy lines!</text>
      </translation>
    </translations>
    <rules>[{"start": 6, "end": 8, "rule_id": 1}]</rules>
  </verse>
  <verse>
    <verseIdArabic>٦</verseIdArabic>
    <verseId>6</verseId>
    <chapterId>100</chapterId>
    <textIndopak>إِنَّ ٱلۡإِنسَٰنَ لِرَبِّهِۦ لَكَنُودٞ</textIndopak>
    <translations>
      <translation>
        <author>Dr. Mustafa Khattab, the Clear Quran</author>
        <text>Surely humankind is ungrateful to their Lord—</text>
      </translation>
    </translations>
    <rules>[{"start": 2, "end": 5, "rule_id": 0}, {"start": 36, "end": 38, "rule_id": 1}, {"start": 11, "end": 15, "rule_id": 6}]</rules>
  </verse>
  <verse>
    <verseIdArabic>٧</verseIdArabic>
    <verseId>7</verseId>
    <chapterId>100</chapterId>
    <textIndopak>وَإِنَّهُۥ عَلَىٰ ذَٰلِكَ لَشَهِيدٞ</textIndopak>
    <translations>
      <translation>
        <author>Dr. Mustafa Khattab, the Clear Quran</author>
        <text>and they certainly attest to this—</text>
      </translation>
    </translations>
    <rules>[{"start": 4, "end": 7, "rule_id": 0}, {"start": 33, "end": 35, "rule_id": 1}]</rules>
  </verse>
  <verse>
    <verseIdArabic>٨</verseIdArabic>
    <verseId>8</verseId>
    <chapterId>100</chapterId>
    <textIndopak>وَإِنَّهُۥ لِحُبِّ ٱلۡخَيۡرِ لَشَدِيدٌ</textIndopak>
    <translations>
      <translation>
        <author>Dr. Mustafa Khattab, the Clear Quran</author>
        <text>and they are truly extreme in their love of ˹worldly˺ gains.</text>
      </translation>
    </translations>
    <rules>[{"start": 4, "end": 7, "rule_id": 0}, {"start": 36, "end": 38, "rule_id": 1}]</rules>
  </verse>
  <verse>
    <verseIdArabic>٩</verseIdArabic>
    <verseId>9</verseId>
    <chapterId>100</chapterId>
    <textIndopak>۞ أَفَلَا يَعۡلَمُ إِذَا بُعۡثِرَ مَا فِي ٱلۡقُبُورِ</textIndopak>
    <translations>
      <translation>
        <author>Dr. Mustafa Khattab, the Clear Quran</author>
        <text>Do they not know that when the contents of the graves will be spilled out,</text>
      </translation>
    </translations>
  </verse>
  <verse>
    <verseIdArabic>١٠</verseIdArabic>
    <verseId>10</verseId>
    <chapterId>100</chapterId>
    <textIndopak>وَحُصِّلَ مَا فِي ٱلصُّدُورِ</textIndopak>
    <translations>
      <translation>
        <author>Dr. Mustafa Khattab, the Clear Quran</author>
        <text>and the secrets of the hearts will be laid bare—</text>
      </translation>
    </translations>
  </verse>
  <verse>
    <verseIdArabic>١١</verseIdArabic>
    <verseId>11</verseId>
    <chapterId>100</chapterId>
    <textIndopak>إِنَّ رَبَّهُم بِهِمۡ يَوۡمَئِذٖ لَّخَبِيرُۢ</textIndopak>
    <translations>
      <translation>
        <author>Dr. Mustafa Khattab, the Clear Quran</author>
        <text>surely their Lord is All-Aware of them on that Day.</text>
      </translation>
    </translations>
    <rules>[{"start": 2, "end": 5, "rule_id": 0}, {"start": 30, "end": 36, "rule_id": 5}, {"start": 13, "end": 17, "rule_id": 7}]</rules>
  </verse>
</verses>
