<?xml version="1.0" encoding="UTF-8"?>

<verses>
  <verse>
    <verseIdArabic>١</verseIdArabic>
    <verseId>1</verseId>
    <chapterId>103</chapterId>
    <textIndopak>وَٱلۡعَصۡرِ</textIndopak>
    <translations>
      <translation>
        <author>Dr. Mustafa Khattab, the Clear Quran</author>
        <text>By the ˹passage of˺ time!</text>
      </translation>
    </translations>
  </verse>
  <verse>
    <verseIdArabic>٢</verseIdArabic>
    <verseId>2</verseId>
    <chapterId>103</chapterId>
    <textIndopak>إِنَّ ٱلۡإِنسَٰنَ لَفِي خُسۡرٍ</textIndopak>
    <translations>
      <translation>
        <author>Dr. Mustafa Khattab, the Clear Quran</author>
        <text>Surely humanity is in ˹grave˺ loss,</text>
      </translation>
    </translations>
    <rules>[{"start": 2, "end": 5, "rule_id": 0}, {"start": 11, "end": 15, "rule_id": 6}]</rules>
  </verse>
  <verse>
    <verseIdArabic>٣</verseIdArabic>
    <verseId>3</verseId>
    <chapterId>103</chapterId>
    <textIndopak>إِلَّا ٱلَّذِينَ ءَامَنُواْ وَعَمِلُواْ ٱلصَّٰلِحَٰتِ وَتَوَاصَوۡاْ بِٱلۡحَقِّ وَتَوَاصَوۡاْ بِٱلصَّبۡرِ</textIndopak>
    <translations>
      <translation>
        <author>Dr. Mustafa Khattab, the Clear Quran</author>
        <text>except those who have faith, do good, and urge each other to the truth, and urge each other to perseverance.</text>
      </translation>
    </translations>
    <rules>[{"start": 100, "end": 102, "rule_id": 1}]</rules>
  </verse>
</verses>
