<?xml version="1.0" encoding="UTF-8"?>

<verses>
  <verse>
    <verseIdArabic>١</verseIdArabic>
    <verseId>1</verseId>
    <chapterId>104</chapterId>
    <textIndopak>وَيۡلٞ لِّكُلِّ هُمَزَةٖ لُّمَزَةٍ</textIndopak>
    <translations>
      <translation>
        <author>Dr. Mustafa Khattab, the Clear Quran</author>
        <text>Woe to every backbiter, slanderer,</text>
      </translation>
    </translations>
    <rules>[{"start": 4, "end": 10, "rule_id": 5}, {"start": 22, "end": 28, "rule_id": 5}]</rules>
  </verse>
  <verse>
    <verseIdArabic>٢</verseIdArabic>
    <verseId>2</verseId>
    <chapterId>104</chapterId>
    <textIndopak>ٱلَّذِي جَمَعَ مَالٗا وَعَدَّدَهُۥ</textIndopak>
    <translations>
      <translation>
        <author>Dr. Mustafa Khattab, the Clear Quran</author>
        <text>who amasses wealth ˹greedily˺ and counts it ˹repeatedly˺,</text>
      </translation>
    </translations>
    <rules>[{"start": 18, "end": 24, "rule_id": 3}]</rules>
  </verse>
  <verse>
    <verseIdArabic>٣</verseIdArabic>
    <verseId>3</verseId>
    <chapterId>104</chapterId>
    <textIndopak>يَحۡسَبُ أَنَّ مَالَهُۥٓ أَخۡلَدَهُۥ</textIndopak>
    <translations>
      <translation>
        <author>Dr. Mustafa Khattab, the Clear Quran</author>
        <text>thinking that their wealth will make them immortal!</text>
      </translation>
    </translations>
    <rules>[{"start": 11, "end": 14, "rule_id": 0}]</rules>
  </verse>
  <verse>
    <verseIdArabic>٤</verseIdArabic>
    <verseId>4</verseId>
    <chapterId>104</chapterId>
    <textIndopak>كـَلَّاۖ لَيُنۢبَذَنَّ فِي ٱلۡحُطَمَةِ</textIndopak>
    <translations>
      <translation>
        <author>Dr. Mustafa Khattab, the Clear Quran</author>
        <text>Not at all! Such a person will certainly be tossed into the Crusher.</text>
      </translation>
    </translations>
    <rules>[{"start": 19, "end": 22, "rule_id": 0}, {"start": 13, "end": 17, "rule_id": 2}]</rules>
  </verse>
  <verse>
    <verseIdArabic>٥</verseIdArabic>
    <verseId>5</verseId>
    <chapterId>104</chapterId>
    <textIndopak>وَمَآ أَدۡرَىٰكَ مَا ٱلۡحُطَمَةُ</textIndopak>
    <translations>
      <translation>
        <author>Dr. Mustafa Khattab, the Clear Quran</author>
        <text>And what will make you realize what the Crusher is?</text>
      </translation>
    </translations>
    <rules>[{"start": 9, "end": 11, "rule_id": 1}]</rules>
  </verse>
  <verse>
    <verseIdArabic>٦</verseIdArabic>
    <verseId>6</verseId>
    <chapterId>104</chapterId>
    <textIndopak>نَارُ ٱللَّهِ ٱلۡمُوقَدَةُ</textIndopak>
    <translations>
      <translation>
        <author>Dr. Mustafa Khattab, the Clear Quran</author>
        <text>˹It is˺ Allah’s kindled Fire,</text>
      </translation>
    </translations>
  </verse>
  <verse>
    <verseIdArabic>٧</verseIdArabic>
    <verseId>7</verseId>
    <chapterId>104</chapterId>
    <textIndopak>ٱلَّتِي تَطَّلِعُ عَلَى ٱلۡأَفۡـِٔدَةِ</textIndopak>
    <translations>
      <translation>
        <author>Dr. Mustafa Khattab, the Clear Quran</author>
        <text>which rages over the hearts.</text>
      </translation>
    </translations>
  </verse>
  <verse>
    <verseIdArabic>٨</verseIdArabic>
    <verseId>8</verseId>
    <chapterId>104</chapterId>
    <textIndopak>إِنَّهَا عَلَيۡهِم مُّؤۡصَدَةٞ</textIndopak>
    <translations>
      <translation>
        <author>Dr. Mustafa Khattab, the Clear Quran</author>
        <text>It will be sealed over them,</text>
      </translation>
    </translations>
    <rules>[{"start": 2, "end": 5, "rule_id": 0}, {"start": 19, "end": 22, "rule_id": 0}, {"start": 17, "end": 22, "rule_id": 4}]</rules>
  </verse>
  <verse>
    <verseIdArabic>٩</verseIdArabic>
    <verseId>9</verseId>
    <chapterId>104</chapterId>
    <textIndopak>فِي عَمَدٖ مُّمَدَّدَةِۭ</textIndopak>
    <translations>
      <translation>
        <author>Dr. Mustafa Khattab, the Clear Quran</author>
        <text>˹tightly secured˺ with long braces.</text>
      </translation>
    </translations>
    <rules>[{"start": 11, "end": 14, "rule_id": 0}, {"start": 8, "end": 14, "rule_id": 3}]</rules>
  </verse>
</verses>
