<?xml version="1.0" encoding="UTF-8"?>

<verses>
  <verse>
    <verseIdArabic>١</verseIdArabic>
    <verseId>1</verseId>
    <chapterId>107</chapterId>
    <textIndopak>أَرَءَيۡتَ ٱلَّذِي يُكَذِّبُ بِٱلدِّينِ</textIndopak>
    <translations>
      <translation>
        <author>Dr. Mustafa Khattab, the Clear Quran</author>
        <text>Have you seen the one who denies the ˹final˺ Judgment?</text>
      </translation>
    </translations>
  </verse>
  <verse>
    <verseIdArabic>٢</verseIdArabic>
    <verseId>2</verseId>
    <chapterId>107</chapterId>
    <textIndopak>فَذَٰلِكَ ٱلَّذِي يَدُعُّ ٱلۡيَتِيمَ</textIndopak>
    <translations>
      <translation>
        <author>Dr. Mustafa Khattab, the Clear Quran</author>
        <text>That is the one who repulses the orphan,</text>
      </translation>
    </translations>
  </verse>
  <verse>
    <verseIdArabic>٣</verseIdArabic>
    <verseId>3</verseId>
    <chapterId>107</chapterId>
    <textIndopak>وَلَا يَحُضُّ عَلَىٰ طَعَامِ ٱلۡمِسۡكِينِ</textIndopak>
    <translations>
      <translation>
        <author>Dr. Mustafa Khattab, the Clear Quran</author>
        <text>and does not encourage the feeding of the poor.</text>
      </translation>
    </translations>
  </verse>
  <verse>
    <verseIdArabic>٤</verseIdArabic>
    <verseId>4</verseId>
    <chapterId>107</chapterId>
    <textIndopak>فَوَيۡلٞ لِّلۡمُصَلِّينَ</textIndopak>
    <translations>
      <translation>
        <author>Dr. Mustafa Khattab, the Clear Quran</author>
        <text>So woe to those ˹hypocrites˺ who pray</text>
      </translation>
    </translations>
    <rules>[{"start": 6, "end": 12, "rule_id": 5}]</rules>
  </verse>
  <verse>
    <verseIdArabic>٥</verseIdArabic>
    <verseId>5</verseId>
    <chapterId>107</chapterId>
    <textIndopak>ٱلَّذِينَ هُمۡ عَن صَلَاتِهِمۡ سَاهُونَ</textIndopak>
    <translations>
      <translation>
        <author>Dr. Mustafa Khattab, the Clear Quran</author>
        <text>yet are unmindful of their prayers;</text>
      </translation>
    </translations>
    <rules>[{"start": 17, "end": 21, "rule_id": 6}]</rules>
  </verse>
  <verse>
    <verseIdArabic>٦</verseIdArabic>
    <verseId>6</verseId>
    <chapterId>107</chapterId>
    <textIndopak>ٱلَّذِينَ هُمۡ يُرَآءُونَ</textIndopak>
    <translations>
      <translation>
        <author>Dr. Mustafa Khattab, the Clear Quran</author>
        <text>those who ˹only˺ show off,</text>
      </translation>
    </translations>
  </verse>
  <verse>
    <verseIdArabic>٧</verseIdArabic>
    <verseId>7</verseId>
    <chapterId>107</chapterId>
    <textIndopak>وَيَمۡنَعُونَ ٱلۡمَاعُونَ</textIndopak>
    <translations>
      <translation>
        <author>Dr. Mustafa Khattab, the Clear Quran</author>
        <text>and refuse to give ˹even the simplest˺ aid.</text>
      </translation>
    </translations>
  </verse>
</verses>
