<?xml version="1.0" encoding="UTF-8"?>

<verses>
  <verse>
    <verseIdArabic>١</verseIdArabic>
    <verseId>1</verseId>
    <chapterId>108</chapterId>
    <textIndopak>إِنَّآ أَعۡطَيۡنَٰكَ ٱلۡكَوۡثَرَ</textIndopak>
    <translations>
      <translation>
        <author>Dr. Mustafa Khattab, the Clear Quran</author>
        <text>Indeed, We have granted you ˹O Prophet˺ abundant goodness.</text>
      </translation>
    </translations>
    <rules>[{"start": 2, "end": 5, "rule_id": 0}]</rules>
  </verse>
  <verse>
    <verseIdArabic>٢</verseIdArabic>
    <verseId>2</verseId>
    <chapterId>108</chapterId>
    <textIndopak>فَصَلِّ لِرَبِّكَ وَٱنۡحَرۡ</textIndopak>
    <translations>
      <translation>
        <author>Dr. Mustafa Khattab, the Clear Quran</author>
        <text>So pray and sacrifice to your Lord ˹alone˺.</text>
      </translation>
    </translations>
  </verse>
  <verse>
    <verseIdArabic>٣</verseIdArabic>
    <verseId>3</verseId>
    <chapterId>108</chapterId>
    <textIndopak>إِنَّ شَانِئَكَ هُوَ ٱلۡأَبۡتَرُ</textIndopak>
    <translations>
      <translation>
        <author>Dr. Mustafa Khattab, the Clear Quran</author>
        <text>Only the one who hates you is truly cut off ˹from any goodness˺.</text>
      </translation>
    </translations>
    <rules>[{"start": 2, "end": 5, "rule_id": 0}, {"start": 26, "end": 28, "rule_id": 1}]</rules>
  </verse>
</verses>
