<?xml version="1.0" encoding="UTF-8"?>

<verses>
  <verse>
    <verseIdArabic>١</verseIdArabic>
    <verseId>1</verseId>
    <chapterId>111</chapterId>
    <textIndopak>تَبَّتۡ يَدَآ أَبِي لَهَبٖ وَتَبَّ</textIndopak>
    <translations>
      <translation>
        <author>Dr. Mustafa Khattab, the Clear Quran</author>
        <text>May the hands of Abu Lahab perish, and he ˹himself˺ perish!</text>
      </translation>
    </translations>
    <rules>[{"start": 32, "end": 35, "rule_id": 1}, {"start": 25, "end": 30, "rule_id": 3}]</rules>
  </verse>
  <verse>
    <verseIdArabic>٢</verseIdArabic>
    <verseId>2</verseId>
    <chapterId>111</chapterId>
    <textIndopak>مَآ أَغۡنَىٰ عَنۡهُ مَالُهُۥ وَمَا كَسَبَ</textIndopak>
    <translations>
      <translation>
        <author>Dr. Mustafa Khattab, the Clear Quran</author>
        <text>Neither his wealth nor ˹worldly˺ gains will benefit him.</text>
      </translation>
    </translations>
    <rules>[{"start": 40, "end": 42, "rule_id": 1}]</rules>
  </verse>
  <verse>
    <verseIdArabic>٣</verseIdArabic>
    <verseId>3</verseId>
    <chapterId>111</chapterId>
    <textIndopak>سَيَصۡلَىٰ نَارٗا ذَاتَ لَهَبٖ</textIndopak>
    <translations>
      <translation>
        <author>Dr. Mustafa Khattab, the Clear Quran</author>
        <text>He will burn in a flaming Fire,</text>
      </translation>
    </translations>
    <rules>[{"start": 28, "end": 30, "rule_id": 1}]</rules>
  </verse>
  <verse>
    <verseIdArabic>٤</verseIdArabic>
    <verseId>4</verseId>
    <chapterId>111</chapterId>
    <textIndopak>وَٱمۡرَأَتُهُۥ حَمَّالَةَ ٱلۡحَطَبِ</textIndopak>
    <translations>
      <translation>
        <author>Dr. Mustafa Khattab, the Clear Quran</author>
        <text>and ˹so will˺ his wife, the carrier of ˹thorny˺ kindling,</text>
      </translation>
    </translations>
    <rules>[{"start": 17, "end": 20, "rule_id": 0}, {"start": 33, "end": 35, "rule_id": 1}]</rules>
  </verse>
  <verse>
    <verseIdArabic>٥</verseIdArabic>
    <verseId>5</verseId>
    <chapterId>111</chapterId>
    <textIndopak>فِي جِيدِهَا حَبۡلٞ مِّن مَّسَدِۭ</textIndopak>
    <translations>
      <translation>
        <author>Dr. Mustafa Khattab, the Clear Quran</author>
        <text>around her neck will be a rope of palm-fibre.</text>
      </translation>
    </translations>
    <rules>[{"start": 20, "end": 23, "rule_id": 0}, {"start": 25, "end": 28, "rule_id": 0}, {"start": 15, "end": 17, "rule_id": 1}, {"start": 30, "end": 33, "rule_id": 1}, {"start": 23, "end": 28, "rule_id": 3}, {"start": 17, "end": 23, "rule_id": 3}]</rules>
  </verse>
</verses>
