<?xml version="1.0" encoding="UTF-8"?>

<verses>
  <verse>
    <verseIdArabic>١</verseIdArabic>
    <verseId>1</verseId>
    <chapterId>113</chapterId>
    <textIndopak>قُلۡ أَعُوذُ بِرَبِّ ٱلۡفَلَقِ</textIndopak>
    <translations>
      <translation>
        <author>Dr. Mustafa Khattab, the Clear Quran</author>
        <text>Say, ˹O Prophet,˺ “I seek refuge in the Lord of the daybreak</text>
      </translation>
    </translations>
    <rules>[{"start": 28, "end": 30, "rule_id": 1}]</rules>
  </verse>
  <verse>
    <verseIdArabic>٢</verseIdArabic>
    <verseId>2</verseId>
    <chapterId>113</chapterId>
    <textIndopak>مِن شَرِّ مَا خَلَقَ</textIndopak>
    <translations>
      <translation>
        <author>Dr. Mustafa Khattab, the Clear Quran</author>
        <text>from the evil of whatever He has created,</text>
      </translation>
    </translations>
    <rules>[{"start": 18, "end": 20, "rule_id": 1}, {"start": 2, "end": 6, "rule_id": 6}]</rules>
  </verse>
  <verse>
    <verseIdArabic>٣</verseIdArabic>
    <verseId>3</verseId>
    <chapterId>113</chapterId>
    <textIndopak>وَمِن شَرِّ غَاسِقٍ إِذَا وَقَبَ</textIndopak>
    <translations>
      <translation>
        <author>Dr. Mustafa Khattab, the Clear Quran</author>
        <text>and from the evil of the night when it grows dark,</text>
      </translation>
    </translations>
    <rules>[{"start": 30, "end": 32, "rule_id": 1}, {"start": 4, "end": 8, "rule_id": 6}]</rules>
  </verse>
  <verse>
    <verseIdArabic>٤</verseIdArabic>
    <verseId>4</verseId>
    <chapterId>113</chapterId>
    <textIndopak>وَمِن شَرِّ ٱلنَّفَّٰثَٰتِ فِي ٱلۡعُقَدِ</textIndopak>
    <translations>
      <translation>
        <author>Dr. Mustafa Khattab, the Clear Quran</author>
        <text>and from the evil of those ˹witches casting spells by˺ blowing onto knots,</text>
      </translation>
    </translations>
    <rules>[{"start": 14, "end": 17, "rule_id": 0}, {"start": 38, "end": 40, "rule_id": 1}, {"start": 4, "end": 8, "rule_id": 6}]</rules>
  </verse>
  <verse>
    <verseIdArabic>٥</verseIdArabic>
    <verseId>5</verseId>
    <chapterId>113</chapterId>
    <textIndopak>وَمِن شَرِّ حَاسِدٍ إِذَا حَسَدَ</textIndopak>
    <translations>
      <translation>
        <author>Dr. Mustafa Khattab, the Clear Quran</author>
        <text>and from the evil of an envier when they envy.”</text>
      </translation>
    </translations>
    <rules>[{"start": 30, "end": 32, "rule_id": 1}, {"start": 4, "end": 8, "rule_id": 6}]</rules>
  </verse>
</verses>
