<?xml version="1.0" encoding="UTF-8"?>

<verses>
  <verse>
    <verseIdArabic>١</verseIdArabic>
    <verseId>1</verseId>
    <chapterId>13</chapterId>
    <textIndopak>الٓمٓرۚ تِلۡكَ ءَايَٰتُ ٱلۡكِتَٰبِۗ وَٱلَّذِيٓ أُنزِلَ إِلَيۡكَ مِن رَّبِّكَ ٱلۡحَقُّ وَلَٰكِنَّ أَكۡثَرَ ٱلنَّاسِ لَا يُؤۡمِنُونَ</textIndopak>
    <translations>
      <translation>
        <author>Dr. Mustafa Khattab, the Clear Quran</author>
        <text>Alif-Lãm-Mĩm-Ra. These are the verses of the Book. What has been revealed to you ˹O Prophet˺ from your Lord is the truth, but most people do not believe.</text>
      </translation>
    </translations>
    <rules>[{"start": 95, "end": 98, "rule_id": 0}, {"start": 110, "end": 113, "rule_id": 0}, {"start": 68, "end": 73, "rule_id": 5}, {"start": 51, "end": 54, "rule_id": 6}]</rules>
  </verse>
  <verse>
    <verseIdArabic>٢</verseIdArabic>
    <verseId>2</verseId>
    <chapterId>13</chapterId>
    <textIndopak>ٱللَّهُ ٱلَّذِي رَفَعَ ٱلسَّمَٰوَٰتِ بِغَيۡرِ عَمَدٖ تَرَوۡنَهَاۖ ثُمَّ ٱسۡتَوَىٰ عَلَى ٱلۡعَرۡشِۖ وَسَخَّرَ ٱلشَّمۡسَ وَٱلۡقَمَرَۖ كُلّٞ يَجۡرِي لِأَجَلٖ مُّسَمّٗىۚ يُدَبِّرُ ٱلۡأَمۡرَ يُفَصِّلُ ٱلۡأٓيَٰتِ لَعَلَّكُم بِلِقَآءِ رَبِّكُمۡ تُوقِنُونَ</textIndopak>
    <translations>
      <translation>
        <author>Dr. Mustafa Khattab, the Clear Quran</author>
        <text>It is Allah Who has raised the heavens without pillars—as you can see—then established Himself on the Throne. He has subjected the sun and the moon, each orbiting for an appointed term. He conducts the whole affair. He makes the signs clear so that you may be certain of the meeting with your Lord.</text>
      </translation>
    </translations>
    <rules>[{"start": 69, "end": 72, "rule_id": 0}, {"start": 158, "end": 161, "rule_id": 0}, {"start": 163, "end": 166, "rule_id": 0}, {"start": 143, "end": 145, "rule_id": 1}, {"start": 137, "end": 143, "rule_id": 3}, {"start": 155, "end": 161, "rule_id": 3}, {"start": 50, "end": 55, "rule_id": 6}, {"start": 221, "end": 225, "rule_id": 7}]</rules>
  </verse>
  <verse>
    <verseIdArabic>٣</verseIdArabic>
    <verseId>3</verseId>
    <chapterId>13</chapterId>
    <textIndopak>وَهُوَ ٱلَّذِي مَدَّ ٱلۡأَرۡضَ وَجَعَلَ فِيهَا رَوَٰسِيَ وَأَنۡهَٰرٗاۖ وَمِن كُلِّ ٱلثَّمَرَٰتِ جَعَلَ فِيهَا زَوۡجَيۡنِ ٱثۡنَيۡنِۖ يُغۡشِي ٱلَّيۡلَ ٱلنَّهَارَۚ إِنَّ فِي ذَٰلِكَ لَأٓيَٰتٖ لِّقَوۡمٖ يَتَفَكَّرُونَ</textIndopak>
    <translations>
      <translation>
        <author>Dr. Mustafa Khattab, the Clear Quran</author>
        <text>And He is the One Who spread out the earth and placed firm mountains and rivers upon it, and created fruits of every kind in pairs. He covers the day with night. Surely in this are signs for those who reflect.</text>
      </translation>
    </translations>
    <rules>[{"start": 153, "end": 156, "rule_id": 0}, {"start": 166, "end": 169, "rule_id": 0}, {"start": 66, "end": 74, "rule_id": 3}, {"start": 200, "end": 205, "rule_id": 3}, {"start": 190, "end": 196, "rule_id": 5}, {"start": 76, "end": 80, "rule_id": 6}]</rules>
  </verse>
  <verse>
    <verseIdArabic>٤</verseIdArabic>
    <verseId>4</verseId>
    <chapterId>13</chapterId>
    <textIndopak>وَفِي ٱلۡأَرۡضِ قِطَعٞ مُّتَجَٰوِرَٰتٞ وَجَنَّٰتٞ مِّنۡ أَعۡنَٰبٖ وَزَرۡعٞ وَنَخِيلٞ صِنۡوَانٞ وَغَيۡرُ صِنۡوَانٖ يُسۡقَىٰ بِمَآءٖ وَٰحِدٖ وَنُفَضِّلُ بَعۡضَهَا عَلَىٰ بَعۡضٖ فِي ٱلۡأُكُلِۚ إِنَّ فِي ذَٰلِكَ لَأٓيَٰتٖ لِّقَوۡمٖ يَعۡقِلُونَ</textIndopak>
    <translations>
      <translation>
        <author>Dr. Mustafa Khattab, the Clear Quran</author>
        <text>And on the earth there are ˹different˺ neighbouring tracts, gardens of grapevines, ˹various˺ crops, palm trees—some stemming from the same root, others standing alone. They are all irrigated with the same water, yet We make some taste better than others. Surely in this are signs for those who understand.</text>
      </translation>
    </translations>
    <rules>[{"start": 23, "end": 26, "rule_id": 0}, {"start": 43, "end": 47, "rule_id": 0}, {"start": 50, "end": 53, "rule_id": 0}, {"start": 194, "end": 197, "rule_id": 0}, {"start": 20, "end": 26, "rule_id": 3}, {"start": 36, "end": 41, "rule_id": 3}, {"start": 47, "end": 53, "rule_id": 3}, {"start": 63, "end": 68, "rule_id": 3}, {"start": 72, "end": 77, "rule_id": 3}, {"start": 92, "end": 97, "rule_id": 3}, {"start": 111, "end": 116, "rule_id": 3}, {"start": 129, "end": 135, "rule_id": 3}, {"start": 137, "end": 142, "rule_id": 3}, {"start": 228, "end": 233, "rule_id": 3}, {"start": 218, "end": 224, "rule_id": 5}, {"start": 82, "end": 87, "rule_id": 6}, {"start": 173, "end": 178, "rule_id": 6}]</rules>
  </verse>
  <verse>
    <verseIdArabic>٥</verseIdArabic>
    <verseId>5</verseId>
    <chapterId>13</chapterId>
    <textIndopak>۞ وَإِن تَعۡجَبۡ فَعَجَبٞ قَوۡلُهُمۡ أَءِذَا كُنَّا تُرَٰبًا أَءِنَّا لَفِي خَلۡقٖ جَدِيدٍۗ أُوْلَٰٓئِكَ ٱلَّذِينَ كَفَرُواْ بِرَبِّهِمۡۖ وَأُوْلَٰٓئِكَ ٱلۡأَغۡلَٰلُ فِيٓ أَعۡنَاقِهِمۡۖ وَأُوْلَٰٓئِكَ أَصۡحَٰبُ ٱلنَّارِۖ هُمۡ فِيهَا خَٰلِدُونَ</textIndopak>
    <translations>
      <translation>
        <author>Dr. Mustafa Khattab, the Clear Quran</author>
        <text>˹Now,˺ if anything should amaze you ˹O Prophet˺, then it is their question: “When we are reduced to dust, will we really be raised as a new creation?” It is they who have disbelieved in their Lord. It is they who will have shackles around their necks. And it is they who will be the residents of the Fire. They will be there forever.</text>
      </translation>
    </translations>
    <rules>[{"start": 47, "end": 50, "rule_id": 0}, {"start": 65, "end": 68, "rule_id": 0}, {"start": 216, "end": 219, "rule_id": 0}, {"start": 14, "end": 16, "rule_id": 1}, {"start": 6, "end": 10, "rule_id": 6}, {"start": 23, "end": 28, "rule_id": 6}, {"start": 80, "end": 85, "rule_id": 6}]</rules>
  </verse>
  <verse>
    <verseIdArabic>٦</verseIdArabic>
    <verseId>6</verseId>
    <chapterId>13</chapterId>
    <textIndopak>وَيَسۡتَعۡجِلُونَكَ بِٱلسَّيِّئَةِ قَبۡلَ ٱلۡحَسَنَةِ وَقَدۡ خَلَتۡ مِن قَبۡلِهِمُ ٱلۡمَثُلَٰتُۗ وَإِنَّ رَبَّكَ لَذُو مَغۡفِرَةٖ لِّلنَّاسِ عَلَىٰ ظُلۡمِهِمۡۖ وَإِنَّ رَبَّكَ لَشَدِيدُ ٱلۡعِقَابِ</textIndopak>
    <translations>
      <translation>
        <author>Dr. Mustafa Khattab, the Clear Quran</author>
        <text>They ask you ˹O Prophet˺ to hasten the torment rather than grace, though there have ˹already˺ been ˹many˺ torments before them. Surely your Lord is full of forgiveness for people, despite their wrongdoing, and your Lord is truly severe in punishment.</text>
      </translation>
    </translations>
    <rules>[{"start": 102, "end": 105, "rule_id": 0}, {"start": 135, "end": 138, "rule_id": 0}, {"start": 166, "end": 169, "rule_id": 0}, {"start": 37, "end": 39, "rule_id": 1}, {"start": 58, "end": 60, "rule_id": 1}, {"start": 74, "end": 76, "rule_id": 1}, {"start": 196, "end": 198, "rule_id": 1}, {"start": 128, "end": 134, "rule_id": 5}, {"start": 70, "end": 74, "rule_id": 6}]</rules>
  </verse>
  <verse>
    <verseIdArabic>٧</verseIdArabic>
    <verseId>7</verseId>
    <chapterId>13</chapterId>
    <textIndopak>وَيَقُولُ ٱلَّذِينَ كَفَرُواْ لَوۡلَآ أُنزِلَ عَلَيۡهِ ءَايَةٞ مِّن رَّبِّهِۦٓۗ إِنَّمَآ أَنتَ مُنذِرٞۖ وَلِكُلِّ قَوۡمٍ هَادٍ</textIndopak>
    <translations>
      <translation>
        <author>Dr. Mustafa Khattab, the Clear Quran</author>
        <text>The disbelievers say, “If only a sign could be sent down to him from his Lord.” You ˹O Prophet˺ are only a warner. And every people had a guide.</text>
      </translation>
    </translations>
    <rules>[{"start": 64, "end": 67, "rule_id": 0}, {"start": 84, "end": 87, "rule_id": 0}, {"start": 128, "end": 130, "rule_id": 1}, {"start": 61, "end": 67, "rule_id": 3}, {"start": 103, "end": 110, "rule_id": 3}, {"start": 67, "end": 72, "rule_id": 5}, {"start": 41, "end": 44, "rule_id": 6}, {"start": 94, "end": 97, "rule_id": 6}, {"start": 100, "end": 103, "rule_id": 6}]</rules>
  </verse>
  <verse>
    <verseIdArabic>٨</verseIdArabic>
    <verseId>8</verseId>
    <chapterId>13</chapterId>
    <textIndopak>ٱللَّهُ يَعۡلَمُ مَا تَحۡمِلُ كُلُّ أُنثَىٰ وَمَا تَغِيضُ ٱلۡأَرۡحَامُ وَمَا تَزۡدَادُۚ وَكُلُّ شَيۡءٍ عِندَهُۥ بِمِقۡدَارٍ</textIndopak>
    <translations>
      <translation>
        <author>Dr. Mustafa Khattab, the Clear Quran</author>
        <text>Allah knows what every female bears and what increases and decreases in the wombs. And with Him everything is determined with precision.</text>
      </translation>
    </translations>
    <rules>[{"start": 117, "end": 119, "rule_id": 1}, {"start": 38, "end": 41, "rule_id": 6}, {"start": 106, "end": 109, "rule_id": 6}]</rules>
  </verse>
  <verse>
    <verseIdArabic>٩</verseIdArabic>
    <verseId>9</verseId>
    <chapterId>13</chapterId>
    <textIndopak>عَٰلِمُ ٱلۡغَيۡبِ وَٱلشَّهَٰدَةِ ٱلۡكَبِيرُ ٱلۡمُتَعَالِ</textIndopak>
    <translations>
      <translation>
        <author>Dr. Mustafa Khattab, the Clear Quran</author>
        <text>˹He is the˺ Knower of the seen and the unseen—the All-Great, Most Exalted.</text>
      </translation>
    </translations>
  </verse>
  <verse>
    <verseIdArabic>١٠</verseIdArabic>
    <verseId>10</verseId>
    <chapterId>13</chapterId>
    <textIndopak>سَوَآءٞ مِّنكُم مَّنۡ أَسَرَّ ٱلۡقَوۡلَ وَمَن جَهَرَ بِهِۦ وَمَنۡ هُوَ مُسۡتَخۡفِۭ بِٱلَّيۡلِ وَسَارِبُۢ بِٱلنَّهَارِ</textIndopak>
    <translations>
      <translation>
        <author>Dr. Mustafa Khattab, the Clear Quran</author>
        <text>It is the same ˹to Him˺ whether any of you speaks secretly or openly, whether one hides in the darkness of night or goes about in broad daylight.</text>
      </translation>
    </translations>
    <rules>[{"start": 9, "end": 12, "rule_id": 0}, {"start": 17, "end": 20, "rule_id": 0}, {"start": 110, "end": 113, "rule_id": 0}, {"start": 80, "end": 86, "rule_id": 2}, {"start": 102, "end": 108, "rule_id": 2}, {"start": 6, "end": 12, "rule_id": 3}, {"start": 15, "end": 20, "rule_id": 4}, {"start": 12, "end": 15, "rule_id": 6}, {"start": 45, "end": 49, "rule_id": 6}]</rules>
  </verse>
  <verse>
    <verseIdArabic>١١</verseIdArabic>
    <verseId>11</verseId>
    <chapterId>13</chapterId>
    <textIndopak>لَهُۥ مُعَقِّبَٰتٞ مِّنۢ بَيۡنِ يَدَيۡهِ وَمِنۡ خَلۡفِهِۦ يَحۡفَظُونَهُۥ مِنۡ أَمۡرِ ٱللَّهِۗ إِنَّ ٱللَّهَ لَا يُغَيِّرُ مَا بِقَوۡمٍ حَتَّىٰ يُغَيِّرُواْ مَا بِأَنفُسِهِمۡۗ وَإِذَآ أَرَادَ ٱللَّهُ بِقَوۡمٖ سُوٓءٗا فَلَا مَرَدَّ لَهُۥۚ وَمَا لَهُم مِّن دُونِهِۦ مِن وَالٍ</textIndopak>
    <translations>
      <translation>
        <author>Dr. Mustafa Khattab, the Clear Quran</author>
        <text>For each one there are successive angels before and behind, protecting them by Allah’s command. Indeed, Allah would never change a people’s state ˹of favour˺ until they change their own state ˹of faith˺. And if it is Allah’s Will to torment a people, it can never be averted, nor can they find a protector other than Him.</text>
      </translation>
    </translations>
    <rules>[{"start": 19, "end": 22, "rule_id": 0}, {"start": 97, "end": 100, "rule_id": 0}, {"start": 253, "end": 256, "rule_id": 0}, {"start": 22, "end": 27, "rule_id": 2}, {"start": 269, "end": 273, "rule_id": 3}, {"start": 16, "end": 22, "rule_id": 3}, {"start": 251, "end": 256, "rule_id": 4}, {"start": 165, "end": 168, "rule_id": 6}, {"start": 256, "end": 260, "rule_id": 6}, {"start": 208, "end": 213, "rule_id": 6}]</rules>
  </verse>
  <verse>
    <verseIdArabic>١٢</verseIdArabic>
    <verseId>12</verseId>
    <chapterId>13</chapterId>
    <textIndopak>هُوَ ٱلَّذِي يُرِيكُمُ ٱلۡبَرۡقَ خَوۡفٗا وَطَمَعٗا وَيُنشِئُ ٱلسَّحَابَ ٱلثِّقَالَ</textIndopak>
    <translations>
      <translation>
        <author>Dr. Mustafa Khattab, the Clear Quran</author>
        <text>He is the One Who shows you lightning, inspiring ˹you with˺ hope and fear, and produces heavy clouds.</text>
      </translation>
    </translations>
    <rules>[{"start": 37, "end": 43, "rule_id": 3}, {"start": 47, "end": 53, "rule_id": 3}, {"start": 55, "end": 58, "rule_id": 6}]</rules>
  </verse>
  <verse>
    <verseIdArabic>١٣</verseIdArabic>
    <verseId>13</verseId>
    <chapterId>13</chapterId>
    <textIndopak>وَيُسَبِّحُ ٱلرَّعۡدُ بِحَمۡدِهِۦ وَٱلۡمَلَٰٓئِكَةُ مِنۡ خِيفَتِهِۦ وَيُرۡسِلُ ٱلصَّوَٰعِقَ فَيُصِيبُ بِهَا مَن يَشَآءُ وَهُمۡ يُجَٰدِلُونَ فِي ٱللَّهِ وَهُوَ شَدِيدُ ٱلۡمِحَالِ</textIndopak>
    <translations>
      <translation>
        <author>Dr. Mustafa Khattab, the Clear Quran</author>
        <text>The thunder glorifies His praises, as do the angels in awe of Him. He sends thunderbolts, striking with them whoever He wills. Yet they dispute about Allah. And He is tremendous in might.</text>
      </translation>
    </translations>
    <rules>[{"start": 110, "end": 114, "rule_id": 3}]</rules>
  </verse>
  <verse>
    <verseIdArabic>١٤</verseIdArabic>
    <verseId>14</verseId>
    <chapterId>13</chapterId>
    <textIndopak>لَهُۥ دَعۡوَةُ ٱلۡحَقِّۚ وَٱلَّذِينَ يَدۡعُونَ مِن دُونِهِۦ لَا يَسۡتَجِيبُونَ لَهُم بِشَيۡءٍ إِلَّا كَبَٰسِطِ كَفَّيۡهِ إِلَى ٱلۡمَآءِ لِيَبۡلُغَ فَاهُ وَمَا هُوَ بِبَٰلِغِهِۦۚ وَمَا دُعَآءُ ٱلۡكَٰفِرِينَ إِلَّا فِي ضَلَٰلٖ</textIndopak>
    <translations>
      <translation>
        <author>Dr. Mustafa Khattab, the Clear Quran</author>
        <text>Calling upon Him ˹alone˺ is the truth. But those ˹idols˺ the pagans invoke besides Him ˹can˺ never respond to them in any way. ˹It is˺ just like someone who stretches out their hands to water, ˹asking it˺ to reach their mouths, but it can never do so. The calls of the disbelievers are only in vain.</text>
      </translation>
    </translations>
    <rules>[{"start": 40, "end": 42, "rule_id": 1}, {"start": 142, "end": 144, "rule_id": 1}, {"start": 50, "end": 54, "rule_id": 6}, {"start": 84, "end": 88, "rule_id": 7}]</rules>
  </verse>
  <verse>
    <verseIdArabic>١٥</verseIdArabic>
    <verseId>15</verseId>
    <chapterId>13</chapterId>
    <textIndopak>وَلِلَّهِۤ يَسۡجُدُۤ مَن فِي ٱلسَّمَٰوَٰتِ وَٱلۡأَرۡضِ طَوۡعٗا وَكَرۡهٗا وَظِلَٰلُهُم بِٱلۡغُدُوِّ وَٱلۡأٓصَالِ۩</textIndopak>
    <translations>
      <translation>
        <author>Dr. Mustafa Khattab, the Clear Quran</author>
        <text>To Allah ˹alone˺ bow down ˹in submission˺ all those in the heavens and the earth—willingly or unwillingly—as do their shadows, morning and evening.</text>
      </translation>
    </translations>
    <rules>[{"start": 57, "end": 63, "rule_id": 3}, {"start": 67, "end": 73, "rule_id": 3}, {"start": 21, "end": 25, "rule_id": 6}, {"start": 82, "end": 86, "rule_id": 7}]</rules>
  </verse>
  <verse>
    <verseIdArabic>١٦</verseIdArabic>
    <verseId>16</verseId>
    <chapterId>13</chapterId>
    <textIndopak>قُلۡ مَن رَّبُّ ٱلسَّمَٰوَٰتِ وَٱلۡأَرۡضِ قُلِ ٱللَّهُۚ قُلۡ أَفَٱتَّخَذۡتُم مِّن دُونِهِۦٓ أَوۡلِيَآءَ لَا يَمۡلِكُونَ لِأَنفُسِهِمۡ نَفۡعٗا وَلَا ضَرّٗاۚ قُلۡ هَلۡ يَسۡتَوِي ٱلۡأَعۡمَىٰ وَٱلۡبَصِيرُ أَمۡ هَلۡ تَسۡتَوِي ٱلظُّلُمَٰتُ وَٱلنُّورُۗ أَمۡ جَعَلُواْ لِلَّهِ شُرَكَآءَ خَلَقُواْ كَخَلۡقِهِۦ فَتَشَٰبَهَ ٱلۡخَلۡقُ عَلَيۡهِمۡۚ قُلِ ٱللَّهُ خَٰلِقُ كُلِّ شَيۡءٖ وَهُوَ ٱلۡوَٰحِدُ ٱلۡقَهَّٰرُ</textIndopak>
    <translations>
      <translation>
        <author>Dr. Mustafa Khattab, the Clear Quran</author>
        <text>Ask ˹them, O Prophet˺, “Who is the Lord of the heavens and the earth?” Say, “Allah!” Ask ˹them˺, “Why ˹then˺ have you taken besides Him lords who cannot even benefit or protect themselves?” Say, “Can the blind and the sighted be equal? Or can darkness and light be equal?” Or have they associated with Allah partners who ˹supposedly˺ produced a creation like His, leaving them confused between the two creations? Say, “Allah is the Creator of all things, and He is the One, the Supreme.”</text>
      </translation>
    </translations>
    <rules>[{"start": 78, "end": 81, "rule_id": 0}, {"start": 241, "end": 244, "rule_id": 0}, {"start": 140, "end": 146, "rule_id": 3}, {"start": 372, "end": 377, "rule_id": 3}, {"start": 76, "end": 81, "rule_id": 4}, {"start": 7, "end": 12, "rule_id": 5}, {"start": 81, "end": 85, "rule_id": 6}, {"start": 126, "end": 129, "rule_id": 6}]</rules>
  </verse>
  <verse>
    <verseIdArabic>١٧</verseIdArabic>
    <verseId>17</verseId>
    <chapterId>13</chapterId>
    <textIndopak>أَنزَلَ مِنَ ٱلسَّمَآءِ مَآءٗ فَسَالَتۡ أَوۡدِيَةُۢ بِقَدَرِهَا فَٱحۡتَمَلَ ٱلسَّيۡلُ زَبَدٗا رَّابِيٗاۖ وَمِمَّا يُوقِدُونَ عَلَيۡهِ فِي ٱلنَّارِ ٱبۡتِغَآءَ حِلۡيَةٍ أَوۡ مَتَٰعٖ زَبَدٞ مِّثۡلُهُۥۚ كَذَٰلِكَ يَضۡرِبُ ٱللَّهُ ٱلۡحَقَّ وَٱلۡبَٰطِلَۚ فَأَمَّا ٱلزَّبَدُ فَيَذۡهَبُ جُفَآءٗۖ وَأَمَّا مَا يَنفَعُ ٱلنَّاسَ فَيَمۡكُثُ فِي ٱلۡأَرۡضِۚ كَذَٰلِكَ يَضۡرِبُ ٱللَّهُ ٱلۡأَمۡثَالَ</textIndopak>
    <translations>
      <translation>
        <author>Dr. Mustafa Khattab, the Clear Quran</author>
        <text>He sends down rain from the sky, causing the valleys to flow, each according to its capacity. The currents then carry along rising foam, similar to the slag produced from metal that people melt in the fire for ornaments or tools. This is how Allah compares truth to falsehood. The ˹worthless˺ residue is then cast away, but what benefits people remains on the earth. This is how Allah sets forth parables.</text>
      </translation>
    </translations>
    <rules>[{"start": 112, "end": 115, "rule_id": 0}, {"start": 143, "end": 146, "rule_id": 0}, {"start": 191, "end": 194, "rule_id": 0}, {"start": 259, "end": 262, "rule_id": 0}, {"start": 300, "end": 303, "rule_id": 0}, {"start": 319, "end": 322, "rule_id": 0}, {"start": 151, "end": 153, "rule_id": 1}, {"start": 50, "end": 56, "rule_id": 2}, {"start": 188, "end": 194, "rule_id": 3}, {"start": 291, "end": 298, "rule_id": 3}, {"start": 92, "end": 99, "rule_id": 5}, {"start": 2, "end": 5, "rule_id": 6}, {"start": 311, "end": 314, "rule_id": 6}, {"start": 29, "end": 34, "rule_id": 6}, {"start": 181, "end": 186, "rule_id": 6}]</rules>
  </verse>
  <verse>
    <verseIdArabic>١٨</verseIdArabic>
    <verseId>18</verseId>
    <chapterId>13</chapterId>
    <textIndopak>لِلَّذِينَ ٱسۡتَجَابُواْ لِرَبِّهِمُ ٱلۡحُسۡنَىٰۚ وَٱلَّذِينَ لَمۡ يَسۡتَجِيبُواْ لَهُۥ لَوۡ أَنَّ لَهُم مَّا فِي ٱلۡأَرۡضِ جَمِيعٗا وَمِثۡلَهُۥ مَعَهُۥ لَٱفۡتَدَوۡاْ بِهِۦٓۚ أُوْلَٰٓئِكَ لَهُمۡ سُوٓءُ ٱلۡحِسَابِ وَمَأۡوَىٰهُمۡ جَهَنَّمُۖ وَبِئۡسَ ٱلۡمِهَادُ</textIndopak>
    <translations>
      <translation>
        <author>Dr. Mustafa Khattab, the Clear Quran</author>
        <text>Those who respond to ˹the call of˺ their Lord will have the finest reward. As for those who do not respond to Him, even if they were to possess everything in the world twice over, they would certainly offer it to ransom themselves. They will face strict judgment, and Hell will be their home. What an evil place to rest!</text>
      </translation>
    </translations>
    <rules>[{"start": 96, "end": 99, "rule_id": 0}, {"start": 106, "end": 109, "rule_id": 0}, {"start": 234, "end": 237, "rule_id": 0}, {"start": 259, "end": 261, "rule_id": 1}, {"start": 130, "end": 136, "rule_id": 3}, {"start": 104, "end": 109, "rule_id": 4}]</rules>
  </verse>
  <verse>
    <verseIdArabic>١٩</verseIdArabic>
    <verseId>19</verseId>
    <chapterId>13</chapterId>
    <textIndopak>۞ أَفَمَن يَعۡلَمُ أَنَّمَآ أُنزِلَ إِلَيۡكَ مِن رَّبِّكَ ٱلۡحَقُّ كَمَنۡ هُوَ أَعۡمَىٰٓۚ إِنَّمَا يَتَذَكَّرُ أُوْلُواْ ٱلۡأَلۡبَٰبِ</textIndopak>
    <translations>
      <translation>
        <author>Dr. Mustafa Khattab, the Clear Quran</author>
        <text>Can the one who knows that your Lord’s revelation to you ˹O Prophet˺ is the truth be like the one who is blind? None will be mindful ˹of this˺ except people of reason.</text>
      </translation>
    </translations>
    <rules>[{"start": 21, "end": 24, "rule_id": 0}, {"start": 94, "end": 97, "rule_id": 0}, {"start": 133, "end": 135, "rule_id": 1}, {"start": 8, "end": 12, "rule_id": 3}, {"start": 48, "end": 53, "rule_id": 5}, {"start": 31, "end": 34, "rule_id": 6}]</rules>
  </verse>
  <verse>
    <verseIdArabic>٢٠</verseIdArabic>
    <verseId>20</verseId>
    <chapterId>13</chapterId>
    <textIndopak>ٱلَّذِينَ يُوفُونَ بِعَهۡدِ ٱللَّهِ وَلَا يَنقُضُونَ ٱلۡمِيثَٰقَ</textIndopak>
    <translations>
      <translation>
        <author>Dr. Mustafa Khattab, the Clear Quran</author>
        <text>˹They are˺ those who honour Allah’s covenant, never breaking the pledge;</text>
      </translation>
    </translations>
    <rules>[{"start": 62, "end": 64, "rule_id": 1}, {"start": 44, "end": 47, "rule_id": 6}]</rules>
  </verse>
  <verse>
    <verseIdArabic>٢١</verseIdArabic>
    <verseId>21</verseId>
    <chapterId>13</chapterId>
    <textIndopak>وَٱلَّذِينَ يَصِلُونَ مَآ أَمَرَ ٱللَّهُ بِهِۦٓ أَن يُوصَلَ وَيَخۡشَوۡنَ رَبَّهُمۡ وَيَخَافُونَ سُوٓءَ ٱلۡحِسَابِ</textIndopak>
    <translations>
      <translation>
        <author>Dr. Mustafa Khattab, the Clear Quran</author>
        <text>and those who maintain whatever ˹ties˺ Allah has ordered to be maintained, stand in awe of their Lord, and fear strict judgment.</text>
      </translation>
    </translations>
    <rules>[{"start": 112, "end": 114, "rule_id": 1}, {"start": 51, "end": 55, "rule_id": 3}]</rules>
  </verse>
  <verse>
    <verseIdArabic>٢٢</verseIdArabic>
    <verseId>22</verseId>
    <chapterId>13</chapterId>
    <textIndopak>وَٱلَّذِينَ صَبَرُواْ ٱبۡتِغَآءَ وَجۡهِ رَبِّهِمۡ وَأَقَامُواْ ٱلصَّلَوٰةَ وَأَنفَقُواْ مِمَّا رَزَقۡنَٰهُمۡ سِرّٗا وَعَلَانِيَةٗ وَيَدۡرَءُونَ بِٱلۡحَسَنَةِ ٱلسَّيِّئَةَ أُوْلَٰٓئِكَ لَهُمۡ عُقۡبَى ٱلدَّارِ</textIndopak>
    <translations>
      <translation>
        <author>Dr. Mustafa Khattab, the Clear Quran</author>
        <text>And ˹they are˺ those who endure patiently, seeking their Lord’s pleasure, establish prayer, donate from what We have provided for them—secretly and openly—and respond to evil with good. It is they who will have the ultimate abode:</text>
      </translation>
    </translations>
    <rules>[{"start": 91, "end": 94, "rule_id": 0}, {"start": 23, "end": 25, "rule_id": 1}, {"start": 36, "end": 38, "rule_id": 1}, {"start": 100, "end": 102, "rule_id": 1}, {"start": 135, "end": 137, "rule_id": 1}, {"start": 194, "end": 196, "rule_id": 1}, {"start": 112, "end": 119, "rule_id": 3}, {"start": 128, "end": 133, "rule_id": 3}, {"start": 80, "end": 83, "rule_id": 6}]</rules>
  </verse>
  <verse>
    <verseIdArabic>٢٣</verseIdArabic>
    <verseId>23</verseId>
    <chapterId>13</chapterId>
    <textIndopak>جَنَّٰتُ عَدۡنٖ يَدۡخُلُونَهَا وَمَن صَلَحَ مِنۡ ءَابَآئِهِمۡ وَأَزۡوَٰجِهِمۡ وَذُرِّيَّٰتِهِمۡۖ وَٱلۡمَلَٰٓئِكَةُ يَدۡخُلُونَ عَلَيۡهِم مِّن كُلِّ بَابٖ</textIndopak>
    <translations>
      <translation>
        <author>Dr. Mustafa Khattab, the Clear Quran</author>
        <text>the Gardens of Eternity, which they will enter along with the righteous among their parents, spouses, and descendants. And the angels will enter upon them from every gate, ˹saying,˺</text>
      </translation>
    </translations>
    <rules>[{"start": 2, "end": 6, "rule_id": 0}, {"start": 139, "end": 142, "rule_id": 0}, {"start": 11, "end": 13, "rule_id": 1}, {"start": 18, "end": 20, "rule_id": 1}, {"start": 119, "end": 121, "rule_id": 1}, {"start": 153, "end": 155, "rule_id": 1}, {"start": 13, "end": 18, "rule_id": 3}, {"start": 137, "end": 142, "rule_id": 4}, {"start": 35, "end": 39, "rule_id": 6}, {"start": 142, "end": 146, "rule_id": 6}]</rules>
  </verse>
  <verse>
    <verseIdArabic>٢٤</verseIdArabic>
    <verseId>24</verseId>
    <chapterId>13</chapterId>
    <textIndopak>سَلَٰمٌ عَلَيۡكُم بِمَا صَبَرۡتُمۡۚ فَنِعۡمَ عُقۡبَى ٱلدَّارِ</textIndopak>
    <translations>
      <translation>
        <author>Dr. Mustafa Khattab, the Clear Quran</author>
        <text>“Peace be upon you for your perseverance. How excellent is the ultimate abode!”</text>
      </translation>
    </translations>
    <rules>[{"start": 48, "end": 50, "rule_id": 1}, {"start": 16, "end": 20, "rule_id": 7}]</rules>
  </verse>
  <verse>
    <verseIdArabic>٢٥</verseIdArabic>
    <verseId>25</verseId>
    <chapterId>13</chapterId>
    <textIndopak>وَٱلَّذِينَ يَنقُضُونَ عَهۡدَ ٱللَّهِ مِنۢ بَعۡدِ مِيثَٰقِهِۦ وَيَقۡطَعُونَ مَآ أَمَرَ ٱللَّهُ بِهِۦٓ أَن يُوصَلَ وَيُفۡسِدُونَ فِي ٱلۡأَرۡضِ أُوْلَٰٓئِكَ لَهُمُ ٱللَّعۡنَةُ وَلَهُمۡ سُوٓءُ ٱلدَّارِ</textIndopak>
    <translations>
      <translation>
        <author>Dr. Mustafa Khattab, the Clear Quran</author>
        <text>And those who violate Allah’s covenant after it has been affirmed, break whatever ˹ties˺ Allah has ordered to be maintained, and spread corruption in the land—it is they who will be condemned and will have the worst abode.</text>
      </translation>
    </translations>
    <rules>[{"start": 66, "end": 68, "rule_id": 1}, {"start": 40, "end": 45, "rule_id": 2}, {"start": 105, "end": 109, "rule_id": 3}, {"start": 14, "end": 17, "rule_id": 6}]</rules>
  </verse>
  <verse>
    <verseIdArabic>٢٦</verseIdArabic>
    <verseId>26</verseId>
    <chapterId>13</chapterId>
    <textIndopak>ٱللَّهُ يَبۡسُطُ ٱلرِّزۡقَ لِمَن يَشَآءُ وَيَقۡدِرُۚ وَفَرِحُواْ بِٱلۡحَيَوٰةِ ٱلدُّنۡيَا وَمَا ٱلۡحَيَوٰةُ ٱلدُّنۡيَا فِي ٱلۡأٓخِرَةِ إِلَّا مَتَٰعٞ</textIndopak>
    <translations>
      <translation>
        <author>Dr. Mustafa Khattab, the Clear Quran</author>
        <text>Allah gives abundant or limited provisions to whoever He wills. And the disbelievers become prideful of ˹the pleasures of˺ this worldly life. But the life of this world, compared to the Hereafter, is nothing but a fleeting enjoyment.</text>
      </translation>
    </translations>
    <rules>[{"start": 10, "end": 12, "rule_id": 1}, {"start": 46, "end": 48, "rule_id": 1}, {"start": 31, "end": 35, "rule_id": 3}]</rules>
  </verse>
  <verse>
    <verseIdArabic>٢٧</verseIdArabic>
    <verseId>27</verseId>
    <chapterId>13</chapterId>
    <textIndopak>وَيَقُولُ ٱلَّذِينَ كَفَرُواْ لَوۡلَآ أُنزِلَ عَلَيۡهِ ءَايَةٞ مِّن رَّبِّهِۦۚ قُلۡ إِنَّ ٱللَّهَ يُضِلُّ مَن يَشَآءُ وَيَهۡدِيٓ إِلَيۡهِ مَنۡ أَنَابَ</textIndopak>
    <translations>
      <translation>
        <author>Dr. Mustafa Khattab, the Clear Quran</author>
        <text>The disbelievers say, “If only a sign could be sent down to him from his Lord.” Say, ˹O Prophet,˺ “Indeed, Allah leaves to stray whoever He wills, and guides to Himself whoever turns to Him—</text>
      </translation>
    </translations>
    <rules>[{"start": 64, "end": 67, "rule_id": 0}, {"start": 88, "end": 91, "rule_id": 0}, {"start": 151, "end": 153, "rule_id": 1}, {"start": 110, "end": 114, "rule_id": 3}, {"start": 61, "end": 67, "rule_id": 3}, {"start": 67, "end": 72, "rule_id": 5}, {"start": 41, "end": 44, "rule_id": 6}]</rules>
  </verse>
  <verse>
    <verseIdArabic>٢٨</verseIdArabic>
    <verseId>28</verseId>
    <chapterId>13</chapterId>
    <textIndopak>ٱلَّذِينَ ءَامَنُواْ وَتَطۡمَئِنُّ قُلُوبُهُم بِذِكۡرِ ٱللَّهِۗ أَلَا بِذِكۡرِ ٱللَّهِ تَطۡمَئِنُّ ٱلۡقُلُوبُ</textIndopak>
    <translations>
      <translation>
        <author>Dr. Mustafa Khattab, the Clear Quran</author>
        <text>those who believe and whose hearts find comfort in the remembrance of Allah. Surely in the remembrance of Allah do hearts find comfort.</text>
      </translation>
    </translations>
    <rules>[{"start": 31, "end": 34, "rule_id": 0}, {"start": 96, "end": 99, "rule_id": 0}, {"start": 25, "end": 27, "rule_id": 1}, {"start": 90, "end": 92, "rule_id": 1}, {"start": 108, "end": 110, "rule_id": 1}, {"start": 44, "end": 48, "rule_id": 7}]</rules>
  </verse>
  <verse>
    <verseIdArabic>٢٩</verseIdArabic>
    <verseId>29</verseId>
    <chapterId>13</chapterId>
    <textIndopak>ٱلَّذِينَ ءَامَنُواْ وَعَمِلُواْ ٱلصَّٰلِحَٰتِ طُوبَىٰ لَهُمۡ وَحُسۡنُ مَـَٔابٖ</textIndopak>
    <translations>
      <translation>
        <author>Dr. Mustafa Khattab, the Clear Quran</author>
        <text>Those who believe and do good, for them will be bliss and an honourable destination.”</text>
      </translation>
    </translations>
    <rules>[{"start": 77, "end": 79, "rule_id": 1}]</rules>
  </verse>
  <verse>
    <verseIdArabic>٣٠</verseIdArabic>
    <verseId>30</verseId>
    <chapterId>13</chapterId>
    <textIndopak>كَذَٰلِكَ أَرۡسَلۡنَٰكَ فِيٓ أُمَّةٖ قَدۡ خَلَتۡ مِن قَبۡلِهَآ أُمَمٞ لِّتَتۡلُوَاْ عَلَيۡهِمُ ٱلَّذِيٓ أَوۡحَيۡنَآ إِلَيۡكَ وَهُمۡ يَكۡفُرُونَ بِٱلرَّحۡمَٰنِۚ قُلۡ هُوَ رَبِّي لَآ إِلَٰهَ إِلَّا هُوَ عَلَيۡهِ تَوَكَّلۡتُ وَإِلَيۡهِ مَتَابِ</textIndopak>
    <translations>
      <translation>
        <author>Dr. Mustafa Khattab, the Clear Quran</author>
        <text>And so We have sent you ˹O Prophet˺ to a community, like ˹We did with˺ earlier communities, so that you may recite to them what We have revealed to you. Yet they deny the Most Compassionate. Say, “He is my Lord! There is no god ˹worthy of worship˺ except Him. In Him I put my trust, and to Him I turn ˹in repentance˺.”</text>
      </translation>
    </translations>
    <rules>[{"start": 31, "end": 34, "rule_id": 0}, {"start": 39, "end": 41, "rule_id": 1}, {"start": 55, "end": 57, "rule_id": 1}, {"start": 242, "end": 244, "rule_id": 1}, {"start": 68, "end": 74, "rule_id": 5}, {"start": 51, "end": 55, "rule_id": 6}, {"start": 34, "end": 39, "rule_id": 6}]</rules>
  </verse>
  <verse>
    <verseIdArabic>٣١</verseIdArabic>
    <verseId>31</verseId>
    <chapterId>13</chapterId>
    <textIndopak>وَلَوۡ أَنَّ قُرۡءَانٗا سُيِّرَتۡ بِهِ ٱلۡجِبَالُ أَوۡ قُطِّعَتۡ بِهِ ٱلۡأَرۡضُ أَوۡ كُلِّمَ بِهِ ٱلۡمَوۡتَىٰۗ بَل لِّلَّهِ ٱلۡأَمۡرُ جَمِيعًاۗ أَفَلَمۡ يَاْيۡـَٔسِ ٱلَّذِينَ ءَامَنُوٓاْ أَن لَّوۡ يَشَآءُ ٱللَّهُ لَهَدَى ٱلنَّاسَ جَمِيعٗاۗ وَلَا يَزَالُ ٱلَّذِينَ كَفَرُواْ تُصِيبُهُم بِمَا صَنَعُواْ قَارِعَةٌ أَوۡ تَحُلُّ قَرِيبٗا مِّن دَارِهِمۡ حَتَّىٰ يَأۡتِيَ وَعۡدُ ٱللَّهِۚ إِنَّ ٱللَّهَ لَا يُخۡلِفُ ٱلۡمِيعَادَ</textIndopak>
    <translations>
      <translation>
        <author>Dr. Mustafa Khattab, the Clear Quran</author>
        <text>If there were a recitation that could cause mountains to move, or the earth to split, or the dead to speak, ˹it would have been this Quran˺. But all matters are by Allah’s Will. Have the believers not yet realized that had Allah willed, He could have guided all of humanity? And disasters will continue to afflict the disbelievers or strike close to their homes for their misdeeds, until Allah’s promise comes to pass. Surely Allah never fails in His promise.</text>
      </translation>
    </translations>
    <rules>[{"start": 9, "end": 12, "rule_id": 0}, {"start": 226, "end": 229, "rule_id": 0}, {"start": 337, "end": 340, "rule_id": 0}, {"start": 388, "end": 391, "rule_id": 0}, {"start": 422, "end": 424, "rule_id": 1}, {"start": 333, "end": 340, "rule_id": 3}, {"start": 191, "end": 196, "rule_id": 5}, {"start": 340, "end": 344, "rule_id": 6}, {"start": 287, "end": 291, "rule_id": 7}]</rules>
  </verse>
  <verse>
    <verseIdArabic>٣٢</verseIdArabic>
    <verseId>32</verseId>
    <chapterId>13</chapterId>
    <textIndopak>وَلَقَدِ ٱسۡتُهۡزِئَ بِرُسُلٖ مِّن قَبۡلِكَ فَأَمۡلَيۡتُ لِلَّذِينَ كَفَرُواْ ثُمَّ أَخَذۡتُهُمۡۖ فَكَيۡفَ كَانَ عِقَابِ</textIndopak>
    <translations>
      <translation>
        <author>Dr. Mustafa Khattab, the Clear Quran</author>
        <text>Other messengers had already been ridiculed before you, but I delayed the disbelievers ˹for a while˺ then seized them. And how ˹horrible˺ was My punishment!</text>
      </translation>
    </translations>
    <rules>[{"start": 30, "end": 33, "rule_id": 0}, {"start": 80, "end": 83, "rule_id": 0}, {"start": 37, "end": 39, "rule_id": 1}, {"start": 119, "end": 121, "rule_id": 1}, {"start": 27, "end": 33, "rule_id": 3}, {"start": 33, "end": 37, "rule_id": 6}]</rules>
  </verse>
  <verse>
    <verseIdArabic>٣٣</verseIdArabic>
    <verseId>33</verseId>
    <chapterId>13</chapterId>
    <textIndopak>أَفَمَنۡ هُوَ قَآئِمٌ عَلَىٰ كُلِّ نَفۡسِۭ بِمَا كَسَبَتۡۗ وَجَعَلُواْ لِلَّهِ شُرَكَآءَ قُلۡ سَمُّوهُمۡۚ أَمۡ تُنَبِّـُٔونَهُۥ بِمَا لَا يَعۡلَمُ فِي ٱلۡأَرۡضِ أَم بِظَٰهِرٖ مِّنَ ٱلۡقَوۡلِۗ بَلۡ زُيِّنَ لِلَّذِينَ كَفَرُواْ مَكۡرُهُمۡ وَصُدُّواْ عَنِ ٱلسَّبِيلِۗ وَمَن يُضۡلِلِ ٱللَّهُ فَمَا لَهُۥ مِنۡ هَادٖ</textIndopak>
    <translations>
      <translation>
        <author>Dr. Mustafa Khattab, the Clear Quran</author>
        <text>Is ˹there any equal to˺ the Vigilant One Who knows what every soul commits? Yet the pagans have associated others with Allah ˹in worship˺. Say, ˹O Prophet,˺ “Name them! Or do you ˹mean to˺ inform Him of something He does not know on the earth? Or are these ˹gods˺ just empty words?” In fact, the disbelievers’ falsehood has been made so appealing to them that they have been turned away from the Path. And whoever Allah leaves to stray will be left with no guide.</text>
      </translation>
    </translations>
    <rules>[{"start": 99, "end": 102, "rule_id": 0}, {"start": 179, "end": 182, "rule_id": 0}, {"start": 314, "end": 316, "rule_id": 1}, {"start": 40, "end": 46, "rule_id": 2}, {"start": 275, "end": 279, "rule_id": 3}, {"start": 176, "end": 182, "rule_id": 3}, {"start": 167, "end": 171, "rule_id": 7}]</rules>
  </verse>
  <verse>
    <verseIdArabic>٣٤</verseIdArabic>
    <verseId>34</verseId>
    <chapterId>13</chapterId>
    <textIndopak>لَّهُمۡ عَذَابٞ فِي ٱلۡحَيَوٰةِ ٱلدُّنۡيَاۖ وَلَعَذَابُ ٱلۡأٓخِرَةِ أَشَقُّۖ وَمَا لَهُم مِّنَ ٱللَّهِ مِن وَاقٖ</textIndopak>
    <translations>
      <translation>
        <author>Dr. Mustafa Khattab, the Clear Quran</author>
        <text>For them is punishment in this worldly life, but the punishment of the Hereafter is truly far worse. And none can shield them from Allah.</text>
      </translation>
    </translations>
    <rules>[{"start": 92, "end": 95, "rule_id": 0}, {"start": 113, "end": 115, "rule_id": 1}, {"start": 108, "end": 112, "rule_id": 3}, {"start": 90, "end": 95, "rule_id": 4}, {"start": 13, "end": 18, "rule_id": 6}]</rules>
  </verse>
  <verse>
    <verseIdArabic>٣٥</verseIdArabic>
    <verseId>35</verseId>
    <chapterId>13</chapterId>
    <textIndopak>۞ مَّثَلُ ٱلۡجَنَّةِ ٱلَّتِي وُعِدَ ٱلۡمُتَّقُونَۖ تَجۡرِي مِن تَحۡتِهَا ٱلۡأَنۡهَٰرُۖ أُكُلُهَا دَآئِمٞ وَظِلُّهَاۚ تِلۡكَ عُقۡبَى ٱلَّذِينَ ٱتَّقَواْۚ وَّعُقۡبَى ٱلۡكَٰفِرِينَ ٱلنَّارُ</textIndopak>
    <translations>
      <translation>
        <author>Dr. Mustafa Khattab, the Clear Quran</author>
        <text>The description of the Paradise promised to the righteous is that under it rivers flow; eternal is its fruit as well as its shade. That is the ˹ultimate˺ outcome for the righteous. But the outcome for the disbelievers is the Fire!</text>
      </translation>
    </translations>
    <rules>[{"start": 2, "end": 5, "rule_id": 0}, {"start": 15, "end": 18, "rule_id": 0}, {"start": 185, "end": 188, "rule_id": 0}, {"start": 54, "end": 56, "rule_id": 1}, {"start": 130, "end": 132, "rule_id": 1}, {"start": 163, "end": 165, "rule_id": 1}, {"start": 105, "end": 110, "rule_id": 3}, {"start": 62, "end": 66, "rule_id": 6}]</rules>
  </verse>
  <verse>
    <verseIdArabic>٣٦</verseIdArabic>
    <verseId>36</verseId>
    <chapterId>13</chapterId>
    <textIndopak>وَٱلَّذِينَ ءَاتَيۡنَٰهُمُ ٱلۡكِتَٰبَ يَفۡرَحُونَ بِمَآ أُنزِلَ إِلَيۡكَۖ وَمِنَ ٱلۡأَحۡزَابِ مَن يُنكِرُ بَعۡضَهُۥۚ قُلۡ إِنَّمَآ أُمِرۡتُ أَنۡ أَعۡبُدَ ٱللَّهَ وَلَآ أُشۡرِكَ بِهِۦٓۚ إِلَيۡهِ أَدۡعُواْ وَإِلَيۡهِ مَـَٔابِ</textIndopak>
    <translations>
      <translation>
        <author>Dr. Mustafa Khattab, the Clear Quran</author>
        <text>˹The believers among˺ those who were given the Scripture rejoice at what has been revealed to you ˹O Prophet˺, while some ˹disbelieving˺ factions deny a portion of it. Say, “I have only been commanded to worship Allah, associating none with Him ˹in worship˺. To Him I invite ˹all˺, and to Him is my return.”</text>
      </translation>
    </translations>
    <rules>[{"start": 127, "end": 130, "rule_id": 0}, {"start": 202, "end": 204, "rule_id": 1}, {"start": 227, "end": 229, "rule_id": 1}, {"start": 98, "end": 102, "rule_id": 3}, {"start": 59, "end": 62, "rule_id": 6}, {"start": 102, "end": 105, "rule_id": 6}]</rules>
  </verse>
  <verse>
    <verseIdArabic>٣٧</verseIdArabic>
    <verseId>37</verseId>
    <chapterId>13</chapterId>
    <textIndopak>وَكَذَٰلِكَ أَنزَلۡنَٰهُ حُكۡمًا عَرَبِيّٗاۚ وَلَئِنِ ٱتَّبَعۡتَ أَهۡوَآءَهُم بَعۡدَ مَا جَآءَكَ مِنَ ٱلۡعِلۡمِ مَا لَكَ مِنَ ٱللَّهِ مِن وَلِيّٖ وَلَا وَاقٖ</textIndopak>
    <translations>
      <translation>
        <author>Dr. Mustafa Khattab, the Clear Quran</author>
        <text>And so We have revealed it as an authority in Arabic. And if you were to follow their desires after ˹all˺ the knowledge that has come to you, there would be none to protect or shield you from Allah.</text>
      </translation>
    </translations>
    <rules>[{"start": 157, "end": 159, "rule_id": 1}, {"start": 138, "end": 142, "rule_id": 3}, {"start": 144, "end": 150, "rule_id": 3}, {"start": 14, "end": 17, "rule_id": 6}, {"start": 78, "end": 82, "rule_id": 7}]</rules>
  </verse>
  <verse>
    <verseIdArabic>٣٨</verseIdArabic>
    <verseId>38</verseId>
    <chapterId>13</chapterId>
    <textIndopak>وَلَقَدۡ أَرۡسَلۡنَا رُسُلٗا مِّن قَبۡلِكَ وَجَعَلۡنَا لَهُمۡ أَزۡوَٰجٗا وَذُرِّيَّةٗۚ وَمَا كَانَ لِرَسُولٍ أَن يَأۡتِيَ بِـَٔايَةٍ إِلَّا بِإِذۡنِ ٱللَّهِۗ لِكُلِّ أَجَلٖ كِتَابٞ</textIndopak>
    <translations>
      <translation>
        <author>Dr. Mustafa Khattab, the Clear Quran</author>
        <text>We have certainly sent messengers before you ˹O Prophet˺ and blessed them with wives and offspring. It was not for any messenger to bring a sign without Allah’s permission. Every destined matter has a ˹set˺ time.</text>
      </translation>
    </translations>
    <rules>[{"start": 29, "end": 32, "rule_id": 0}, {"start": 6, "end": 8, "rule_id": 1}, {"start": 36, "end": 38, "rule_id": 1}, {"start": 180, "end": 182, "rule_id": 1}, {"start": 112, "end": 116, "rule_id": 3}, {"start": 25, "end": 32, "rule_id": 3}, {"start": 69, "end": 75, "rule_id": 3}, {"start": 32, "end": 36, "rule_id": 6}, {"start": 172, "end": 177, "rule_id": 6}]</rules>
  </verse>
  <verse>
    <verseIdArabic>٣٩</verseIdArabic>
    <verseId>39</verseId>
    <chapterId>13</chapterId>
    <textIndopak>يَمۡحُواْ ٱللَّهُ مَا يَشَآءُ وَيُثۡبِتُۖ وَعِندَهُۥٓ أُمُّ ٱلۡكِتَٰبِ</textIndopak>
    <translations>
      <translation>
        <author>Dr. Mustafa Khattab, the Clear Quran</author>
        <text>Allah eliminates and confirms what He wills, and with Him is the Master Record.</text>
      </translation>
    </translations>
    <rules>[{"start": 58, "end": 61, "rule_id": 0}, {"start": 70, "end": 72, "rule_id": 1}, {"start": 48, "end": 51, "rule_id": 6}]</rules>
  </verse>
  <verse>
    <verseIdArabic>٤٠</verseIdArabic>
    <verseId>40</verseId>
    <chapterId>13</chapterId>
    <textIndopak>وَإِن مَّا نُرِيَنَّكَ بَعۡضَ ٱلَّذِي نَعِدُهُمۡ أَوۡ نَتَوَفَّيَنَّكَ فَإِنَّمَا عَلَيۡكَ ٱلۡبَلَٰغُ وَعَلَيۡنَا ٱلۡحِسَابُ</textIndopak>
    <translations>
      <translation>
        <author>Dr. Mustafa Khattab, the Clear Quran</author>
        <text>Whether We show you ˹O Prophet˺ some of what We threaten them with, or cause you to die ˹before that˺, your duty is only to deliver ˹the message˺. Judgment is for Us.</text>
      </translation>
    </translations>
    <rules>[{"start": 6, "end": 9, "rule_id": 0}, {"start": 17, "end": 20, "rule_id": 0}, {"start": 65, "end": 68, "rule_id": 0}, {"start": 75, "end": 78, "rule_id": 0}, {"start": 122, "end": 124, "rule_id": 1}, {"start": 4, "end": 9, "rule_id": 3}]</rules>
  </verse>
  <verse>
    <verseIdArabic>٤١</verseIdArabic>
    <verseId>41</verseId>
    <chapterId>13</chapterId>
    <textIndopak>أَوَلَمۡ يَرَوۡاْ أَنَّا نَأۡتِي ٱلۡأَرۡضَ نَنقُصُهَا مِنۡ أَطۡرَافِهَاۚ وَٱللَّهُ يَحۡكُمُ لَا مُعَقِّبَ لِحُكۡمِهِۦۚ وَهُوَ سَرِيعُ ٱلۡحِسَابِ</textIndopak>
    <translations>
      <translation>
        <author>Dr. Mustafa Khattab, the Clear Quran</author>
        <text>Do they not see that We gradually reduce their land from its borders? Allah decides—none can reverse His decision. And He is swift in reckoning.</text>
      </translation>
    </translations>
    <rules>[{"start": 20, "end": 23, "rule_id": 0}, {"start": 61, "end": 63, "rule_id": 1}, {"start": 144, "end": 146, "rule_id": 1}, {"start": 45, "end": 48, "rule_id": 6}]</rules>
  </verse>
  <verse>
    <verseIdArabic>٤٢</verseIdArabic>
    <verseId>42</verseId>
    <chapterId>13</chapterId>
    <textIndopak>وَقَدۡ مَكَرَ ٱلَّذِينَ مِن قَبۡلِهِمۡ فَلِلَّهِ ٱلۡمَكۡرُ جَمِيعٗاۖ يَعۡلَمُ مَا تَكۡسِبُ كُلُّ نَفۡسٖۗ وَسَيَعۡلَمُ ٱلۡكُفَّٰرُ لِمَنۡ عُقۡبَى ٱلدَّارِ</textIndopak>
    <translations>
      <translation>
        <author>Dr. Mustafa Khattab, the Clear Quran</author>
        <text>Those ˹disbelievers˺ before them ˹secretly˺ planned, but Allah has the ultimate plan. He knows what every soul commits. And the disbelievers will soon know who will have the ultimate outcome.</text>
      </translation>
    </translations>
    <rules>[{"start": 4, "end": 6, "rule_id": 1}, {"start": 30, "end": 32, "rule_id": 1}, {"start": 141, "end": 143, "rule_id": 1}, {"start": 64, "end": 72, "rule_id": 3}, {"start": 26, "end": 30, "rule_id": 6}]</rules>
  </verse>
  <verse>
    <verseIdArabic>٤٣</verseIdArabic>
    <verseId>43</verseId>
    <chapterId>13</chapterId>
    <textIndopak>وَيَقُولُ ٱلَّذِينَ كَفَرُواْ لَسۡتَ مُرۡسَلٗاۚ قُلۡ كَفَىٰ بِٱللَّهِ شَهِيدَۢا بَيۡنِي وَبَيۡنَكُمۡ وَمَنۡ عِندَهُۥ عِلۡمُ ٱلۡكِتَٰبِ</textIndopak>
    <translations>
      <translation>
        <author>Dr. Mustafa Khattab, the Clear Quran</author>
        <text>The disbelievers say, “You ˹Muḥammad˺ are no messenger.” Say, ˹O Prophet,˺ “Allah is sufficient as a Witness between me and you, as is whoever has knowledge of the Scripture.”</text>
      </translation>
    </translations>
    <rules>[{"start": 133, "end": 135, "rule_id": 1}, {"start": 111, "end": 114, "rule_id": 6}]</rules>
  </verse>
</verses>
