<?xml version="1.0" encoding="UTF-8"?>

<verses>
  <verse>
    <verseIdArabic>١</verseIdArabic>
    <verseId>1</verseId>
    <chapterId>17</chapterId>
    <textIndopak>سُبۡحَٰنَ ٱلَّذِيٓ أَسۡرَىٰ بِعَبۡدِهِۦ لَيۡلٗا مِّنَ ٱلۡمَسۡجِدِ ٱلۡحَرَامِ إِلَى ٱلۡمَسۡجِدِ ٱلۡأَقۡصَا ٱلَّذِي بَٰرَكۡنَا حَوۡلَهُۥ لِنُرِيَهُۥ مِنۡ ءَايَٰتِنَآۚ إِنَّهُۥ هُوَ ٱلسَّمِيعُ ٱلۡبَصِيرُ</textIndopak>
    <translations>
      <translation>
        <author>Dr. Mustafa Khattab, the Clear Quran</author>
        <text>Glory be to the One Who took His servant ˹Muḥammad˺ by night from the Sacred Mosque to the Farthest Mosque whose surroundings We have blessed, so that We may show him some of Our signs. Indeed, He alone is the All-Hearing, All-Seeing.</text>
      </translation>
    </translations>
    <rules>[{"start": 48, "end": 51, "rule_id": 0}, {"start": 169, "end": 172, "rule_id": 0}, {"start": 2, "end": 4, "rule_id": 1}, {"start": 32, "end": 34, "rule_id": 1}, {"start": 100, "end": 102, "rule_id": 1}, {"start": 44, "end": 51, "rule_id": 3}]</rules>
  </verse>
  <verse>
    <verseIdArabic>٢</verseIdArabic>
    <verseId>2</verseId>
    <chapterId>17</chapterId>
    <textIndopak>وَءَاتَيۡنَا مُوسَى ٱلۡكِتَٰبَ وَجَعَلۡنَٰهُ هُدٗى لِّبَنِيٓ إِسۡرَٰٓءِيلَ أَلَّا تَتَّخِذُواْ مِن دُونِي وَكِيلٗا</textIndopak>
    <translations>
      <translation>
        <author>Dr. Mustafa Khattab, the Clear Quran</author>
        <text>And We gave Moses the Scripture and made it a guide for the Children of Israel, ˹stating:˺ “Do not take besides Me any other Trustee of Affairs,</text>
      </translation>
    </translations>
    <rules>[{"start": 97, "end": 101, "rule_id": 6}]</rules>
  </verse>
  <verse>
    <verseIdArabic>٣</verseIdArabic>
    <verseId>3</verseId>
    <chapterId>17</chapterId>
    <textIndopak>ذُرِّيَّةَ مَنۡ حَمَلۡنَا مَعَ نُوحٍۚ إِنَّهُۥ كَانَ عَبۡدٗا شَكُورٗا</textIndopak>
    <translations>
      <translation>
        <author>Dr. Mustafa Khattab, the Clear Quran</author>
        <text>˹O˺ descendants of those We carried with Noah ˹in the Ark˺! He was indeed a grateful servant.”</text>
      </translation>
    </translations>
    <rules>[{"start": 41, "end": 44, "rule_id": 0}, {"start": 56, "end": 58, "rule_id": 1}]</rules>
  </verse>
  <verse>
    <verseIdArabic>٤</verseIdArabic>
    <verseId>4</verseId>
    <chapterId>17</chapterId>
    <textIndopak>وَقَضَيۡنَآ إِلَىٰ بَنِيٓ إِسۡرَٰٓءِيلَ فِي ٱلۡكِتَٰبِ لَتُفۡسِدُنَّ فِي ٱلۡأَرۡضِ مَرَّتَيۡنِ وَلَتَعۡلُنَّ عُلُوّٗا كَبِيرٗا</textIndopak>
    <translations>
      <translation>
        <author>Dr. Mustafa Khattab, the Clear Quran</author>
        <text>And We warned the Children of Israel in the Scripture, “You will certainly cause corruption in the land twice, and you will become extremely arrogant.</text>
      </translation>
    </translations>
    <rules>[{"start": 66, "end": 69, "rule_id": 0}, {"start": 106, "end": 109, "rule_id": 0}]</rules>
  </verse>
  <verse>
    <verseIdArabic>٥</verseIdArabic>
    <verseId>5</verseId>
    <chapterId>17</chapterId>
    <textIndopak>فَإِذَا جَآءَ وَعۡدُ أُولَىٰهُمَا بَعَثۡنَا عَلَيۡكُمۡ عِبَادٗا لَّنَآ أُوْلِي بَأۡسٖ شَدِيدٖ فَجَاسُواْ خِلَٰلَ ٱلدِّيَارِۚ وَكَانَ وَعۡدٗا مَّفۡعُولٗا</textIndopak>
    <translations>
      <translation>
        <author>Dr. Mustafa Khattab, the Clear Quran</author>
        <text>When the first of the two warnings would come to pass, We would send against you some of Our servants of great might, who would ravage your homes. This would be a warning fulfilled.</text>
      </translation>
    </translations>
    <rules>[{"start": 144, "end": 147, "rule_id": 0}, {"start": 140, "end": 147, "rule_id": 3}, {"start": 61, "end": 68, "rule_id": 5}, {"start": 85, "end": 90, "rule_id": 6}, {"start": 93, "end": 98, "rule_id": 6}]</rules>
  </verse>
  <verse>
    <verseIdArabic>٦</verseIdArabic>
    <verseId>6</verseId>
    <chapterId>17</chapterId>
    <textIndopak>ثُمَّ رَدَدۡنَا لَكُمُ ٱلۡكَرَّةَ عَلَيۡهِمۡ وَأَمۡدَدۡنَٰكُم بِأَمۡوَٰلٖ وَبَنِينَ وَجَعَلۡنَٰكُمۡ أَكۡثَرَ نَفِيرًا</textIndopak>
    <translations>
      <translation>
        <author>Dr. Mustafa Khattab, the Clear Quran</author>
        <text>Then ˹after your repentance˺ We would give you the upper hand over them and aid you with wealth and offspring, causing you to outnumber them.</text>
      </translation>
    </translations>
    <rules>[{"start": 2, "end": 5, "rule_id": 0}, {"start": 10, "end": 12, "rule_id": 1}, {"start": 53, "end": 55, "rule_id": 1}, {"start": 71, "end": 76, "rule_id": 3}, {"start": 60, "end": 64, "rule_id": 7}]</rules>
  </verse>
  <verse>
    <verseIdArabic>٧</verseIdArabic>
    <verseId>7</verseId>
    <chapterId>17</chapterId>
    <textIndopak>إِنۡ أَحۡسَنتُمۡ أَحۡسَنتُمۡ لِأَنفُسِكُمۡۖ وَإِنۡ أَسَأۡتُمۡ فَلَهَاۚ فَإِذَا جَآءَ وَعۡدُ ٱلۡأٓخِرَةِ لِيَسُـُٔواْ وُجُوهَكُمۡ وَلِيَدۡخُلُواْ ٱلۡمَسۡجِدَ كَمَا دَخَلُوهُ أَوَّلَ مَرَّةٖ وَلِيُتَبِّرُواْ مَا عَلَوۡاْ تَتۡبِيرًا</textIndopak>
    <translations>
      <translation>
        <author>Dr. Mustafa Khattab, the Clear Quran</author>
        <text>If you act rightly, it is for your own good, but if you do wrong, it is to your own loss. “And when the second warning would come to pass, your enemies would ˹be left to˺ totally disgrace you and enter the Temple ˹of Jerusalem˺ as they entered it the first time, and utterly destroy whatever would fall into their hands.</text>
      </translation>
    </translations>
    <rules>[{"start": 141, "end": 143, "rule_id": 1}, {"start": 192, "end": 197, "rule_id": 3}, {"start": 11, "end": 14, "rule_id": 6}, {"start": 23, "end": 26, "rule_id": 6}, {"start": 33, "end": 36, "rule_id": 6}]</rules>
  </verse>
  <verse>
    <verseIdArabic>٨</verseIdArabic>
    <verseId>8</verseId>
    <chapterId>17</chapterId>
    <textIndopak>عَسَىٰ رَبُّكُمۡ أَن يَرۡحَمَكُمۡۚ وَإِنۡ عُدتُّمۡ عُدۡنَاۚ وَجَعَلۡنَا جَهَنَّمَ لِلۡكَٰفِرِينَ حَصِيرًا</textIndopak>
    <translations>
      <translation>
        <author>Dr. Mustafa Khattab, the Clear Quran</author>
        <text>Perhaps your Lord will have mercy on you ˹if you repent˺, but if you return ˹to sin˺, We will return ˹to punishment˺. And We have made Hell a ˹permanent˺ confinement for the disbelievers.”</text>
      </translation>
    </translations>
    <rules>[{"start": 78, "end": 81, "rule_id": 0}, {"start": 54, "end": 56, "rule_id": 1}, {"start": 19, "end": 23, "rule_id": 3}]</rules>
  </verse>
  <verse>
    <verseIdArabic>٩</verseIdArabic>
    <verseId>9</verseId>
    <chapterId>17</chapterId>
    <textIndopak>إِنَّ هَٰذَا ٱلۡقُرۡءَانَ يَهۡدِي لِلَّتِي هِيَ أَقۡوَمُ وَيُبَشِّرُ ٱلۡمُؤۡمِنِينَ ٱلَّذِينَ يَعۡمَلُونَ ٱلصَّٰلِحَٰتِ أَنَّ لَهُمۡ أَجۡرٗا كَبِيرٗا</textIndopak>
    <translations>
      <translation>
        <author>Dr. Mustafa Khattab, the Clear Quran</author>
        <text>Surely this Quran guides to what is most upright, and gives good news to the believers—who do good—that they will have a mighty reward.</text>
      </translation>
    </translations>
    <rules>[{"start": 2, "end": 5, "rule_id": 0}, {"start": 122, "end": 125, "rule_id": 0}, {"start": 50, "end": 52, "rule_id": 1}, {"start": 135, "end": 137, "rule_id": 1}]</rules>
  </verse>
  <verse>
    <verseIdArabic>١٠</verseIdArabic>
    <verseId>10</verseId>
    <chapterId>17</chapterId>
    <textIndopak>وَأَنَّ ٱلَّذِينَ لَا يُؤۡمِنُونَ بِٱلۡأٓخِرَةِ أَعۡتَدۡنَا لَهُمۡ عَذَابًا أَلِيمٗا</textIndopak>
    <translations>
      <translation>
        <author>Dr. Mustafa Khattab, the Clear Quran</author>
        <text>And ˹it warns˺ those who do not believe in the Hereafter ˹that˺ We have prepared for them a painful punishment.</text>
      </translation>
    </translations>
    <rules>[{"start": 4, "end": 7, "rule_id": 0}, {"start": 55, "end": 57, "rule_id": 1}]</rules>
  </verse>
  <verse>
    <verseIdArabic>١١</verseIdArabic>
    <verseId>11</verseId>
    <chapterId>17</chapterId>
    <textIndopak>وَيَدۡعُ ٱلۡإِنسَٰنُ بِٱلشَّرِّ دُعَآءَهُۥ بِٱلۡخَيۡرِۖ وَكَانَ ٱلۡإِنسَٰنُ عَجُولٗا</textIndopak>
    <translations>
      <translation>
        <author>Dr. Mustafa Khattab, the Clear Quran</author>
        <text>And humans ˹swiftly˺ pray for evil as they pray for good. For humankind is ever hasty.</text>
      </translation>
    </translations>
    <rules>[{"start": 4, "end": 6, "rule_id": 1}, {"start": 14, "end": 18, "rule_id": 6}, {"start": 71, "end": 75, "rule_id": 6}]</rules>
  </verse>
  <verse>
    <verseIdArabic>١٢</verseIdArabic>
    <verseId>12</verseId>
    <chapterId>17</chapterId>
    <textIndopak>وَجَعَلۡنَا ٱلَّيۡلَ وَٱلنَّهَارَ ءَايَتَيۡنِۖ فَمَحَوۡنَآ ءَايَةَ ٱلَّيۡلِ وَجَعَلۡنَآ ءَايَةَ ٱلنَّهَارِ مُبۡصِرَةٗ لِّتَبۡتَغُواْ فَضۡلٗا مِّن رَّبِّكُمۡ وَلِتَعۡلَمُواْ عَدَدَ ٱلسِّنِينَ وَٱلۡحِسَابَۚ وَكُلَّ شَيۡءٖ فَصَّلۡنَٰهُ تَفۡصِيلٗا</textIndopak>
    <translations>
      <translation>
        <author>Dr. Mustafa Khattab, the Clear Quran</author>
        <text>We made the day and night as two signs. So We made the sign of the night devoid of light, and We made the sign of the day ˹perfectly˺ bright, so that you may seek the bounty of your Lord and know the number of years and calculation ˹of time˺. And We have explained everything in detail.</text>
      </translation>
    </translations>
    <rules>[{"start": 25, "end": 28, "rule_id": 0}, {"start": 101, "end": 104, "rule_id": 0}, {"start": 144, "end": 147, "rule_id": 0}, {"start": 112, "end": 114, "rule_id": 1}, {"start": 126, "end": 128, "rule_id": 1}, {"start": 140, "end": 147, "rule_id": 3}, {"start": 147, "end": 152, "rule_id": 5}, {"start": 118, "end": 124, "rule_id": 5}, {"start": 221, "end": 226, "rule_id": 6}]</rules>
  </verse>
  <verse>
    <verseIdArabic>١٣</verseIdArabic>
    <verseId>13</verseId>
    <chapterId>17</chapterId>
    <textIndopak>وَكُلَّ إِنسَٰنٍ أَلۡزَمۡنَٰهُ طَٰٓئِرَهُۥ فِي عُنُقِهِۦۖ وَنُخۡرِجُ لَهُۥ يَوۡمَ ٱلۡقِيَٰمَةِ كِتَٰبٗا يَلۡقَىٰهُ مَنشُورًا</textIndopak>
    <translations>
      <translation>
        <author>Dr. Mustafa Khattab, the Clear Quran</author>
        <text>We have bound every human’s destiny to their neck. And on the Day of Judgment We will bring forth to each ˹person˺ a record which they will find laid open.</text>
      </translation>
    </translations>
    <rules>[{"start": 101, "end": 107, "rule_id": 3}, {"start": 10, "end": 14, "rule_id": 6}, {"start": 118, "end": 121, "rule_id": 6}]</rules>
  </verse>
  <verse>
    <verseIdArabic>١٤</verseIdArabic>
    <verseId>14</verseId>
    <chapterId>17</chapterId>
    <textIndopak>ٱقۡرَأۡ كِتَٰبَكَ كَفَىٰ بِنَفۡسِكَ ٱلۡيَوۡمَ عَلَيۡكَ حَسِيبٗا</textIndopak>
    <translations>
      <translation>
        <author>Dr. Mustafa Khattab, the Clear Quran</author>
        <text>˹And it will be said,˺ “Read your record. You ˹alone˺ are sufficient this Day to take account of yourself.”</text>
      </translation>
    </translations>
    <rules>[{"start": 1, "end": 3, "rule_id": 1}]</rules>
  </verse>
  <verse>
    <verseIdArabic>١٥</verseIdArabic>
    <verseId>15</verseId>
    <chapterId>17</chapterId>
    <textIndopak>مَّنِ ٱهۡتَدَىٰ فَإِنَّمَا يَهۡتَدِي لِنَفۡسِهِۦۖ وَمَن ضَلَّ فَإِنَّمَا يَضِلُّ عَلَيۡهَاۚ وَلَا تَزِرُ وَازِرَةٞ وِزۡرَ أُخۡرَىٰۗ وَمَا كُنَّا مُعَذِّبِينَ حَتَّىٰ نَبۡعَثَ رَسُولٗا</textIndopak>
    <translations>
      <translation>
        <author>Dr. Mustafa Khattab, the Clear Quran</author>
        <text>Whoever chooses to be guided, it is only for their own good. And whoever chooses to stray, it is only to their own loss. No soul burdened with sin will bear the burden of another. And We would never punish ˹a people˺ until We have sent a messenger ˹to warn them˺.</text>
      </translation>
    </translations>
    <rules>[{"start": 0, "end": 3, "rule_id": 0}, {"start": 20, "end": 23, "rule_id": 0}, {"start": 67, "end": 70, "rule_id": 0}, {"start": 143, "end": 146, "rule_id": 0}, {"start": 171, "end": 173, "rule_id": 1}, {"start": 114, "end": 119, "rule_id": 3}, {"start": 55, "end": 59, "rule_id": 6}]</rules>
  </verse>
  <verse>
    <verseIdArabic>١٦</verseIdArabic>
    <verseId>16</verseId>
    <chapterId>17</chapterId>
    <textIndopak>وَإِذَآ أَرَدۡنَآ أَن نُّهۡلِكَ قَرۡيَةً أَمَرۡنَا مُتۡرَفِيهَا فَفَسَقُواْ فِيهَا فَحَقَّ عَلَيۡهَا ٱلۡقَوۡلُ فَدَمَّرۡنَٰهَا تَدۡمِيرٗا</textIndopak>
    <translations>
      <translation>
        <author>Dr. Mustafa Khattab, the Clear Quran</author>
        <text>Whenever We intend to destroy a society, We command its elite ˹to obey Allah˺ but they act rebelliously in it. So the decree ˹of punishment˺ is justified, and We destroy it utterly.</text>
      </translation>
    </translations>
    <rules>[{"start": 24, "end": 27, "rule_id": 0}, {"start": 117, "end": 120, "rule_id": 0}, {"start": 13, "end": 15, "rule_id": 1}, {"start": 131, "end": 133, "rule_id": 1}, {"start": 22, "end": 27, "rule_id": 3}]</rules>
  </verse>
  <verse>
    <verseIdArabic>١٧</verseIdArabic>
    <verseId>17</verseId>
    <chapterId>17</chapterId>
    <textIndopak>وَكَمۡ أَهۡلَكۡنَا مِنَ ٱلۡقُرُونِ مِنۢ بَعۡدِ نُوحٖۗ وَكَفَىٰ بِرَبِّكَ بِذُنُوبِ عِبَادِهِۦ خَبِيرَۢا بَصِيرٗا</textIndopak>
    <translations>
      <translation>
        <author>Dr. Mustafa Khattab, the Clear Quran</author>
        <text>˹Imagine˺ how many peoples We have destroyed after Noah! And sufficient is your Lord as All-Aware and All-Seeing of the sins of His servants.</text>
      </translation>
    </translations>
    <rules>[{"start": 37, "end": 42, "rule_id": 2}]</rules>
  </verse>
  <verse>
    <verseIdArabic>١٨</verseIdArabic>
    <verseId>18</verseId>
    <chapterId>17</chapterId>
    <textIndopak>مَّن كَانَ يُرِيدُ ٱلۡعَاجِلَةَ عَجَّلۡنَا لَهُۥ فِيهَا مَا نَشَآءُ لِمَن نُّرِيدُ ثُمَّ جَعَلۡنَا لَهُۥ جَهَنَّمَ يَصۡلَىٰهَا مَذۡمُومٗا مَّدۡحُورٗا</textIndopak>
    <translations>
      <translation>
        <author>Dr. Mustafa Khattab, the Clear Quran</author>
        <text>Whoever desires this fleeting world ˹alone˺, We hasten in it whatever We please to whoever We will; then We destine them for Hell, where they will burn, condemned and rejected.</text>
      </translation>
    </translations>
    <rules>[{"start": 0, "end": 3, "rule_id": 0}, {"start": 75, "end": 78, "rule_id": 0}, {"start": 86, "end": 89, "rule_id": 0}, {"start": 110, "end": 113, "rule_id": 0}, {"start": 139, "end": 142, "rule_id": 0}, {"start": 142, "end": 144, "rule_id": 1}, {"start": 73, "end": 78, "rule_id": 3}, {"start": 135, "end": 142, "rule_id": 3}, {"start": 3, "end": 7, "rule_id": 6}]</rules>
  </verse>
  <verse>
    <verseIdArabic>١٩</verseIdArabic>
    <verseId>19</verseId>
    <chapterId>17</chapterId>
    <textIndopak>وَمَنۡ أَرَادَ ٱلۡأٓخِرَةَ وَسَعَىٰ لَهَا سَعۡيَهَا وَهُوَ مُؤۡمِنٞ فَأُوْلَٰٓئِكَ كَانَ سَعۡيُهُم مَّشۡكُورٗا</textIndopak>
    <translations>
      <translation>
        <author>Dr. Mustafa Khattab, the Clear Quran</author>
        <text>But whoever desires the Hereafter and strives for it accordingly, and is a ˹true˺ believer, it is they whose striving will be appreciated.</text>
      </translation>
    </translations>
    <rules>[{"start": 100, "end": 103, "rule_id": 0}, {"start": 98, "end": 103, "rule_id": 4}, {"start": 66, "end": 71, "rule_id": 6}]</rules>
  </verse>
  <verse>
    <verseIdArabic>٢٠</verseIdArabic>
    <verseId>20</verseId>
    <chapterId>17</chapterId>
    <textIndopak>كُلّٗا نُّمِدُّ هَٰٓؤُلَآءِ وَهَٰٓؤُلَآءِ مِنۡ عَطَآءِ رَبِّكَۚ وَمَا كَانَ عَطَآءُ رَبِّكَ مَحۡظُورًا</textIndopak>
    <translations>
      <translation>
        <author>Dr. Mustafa Khattab, the Clear Quran</author>
        <text>We provide both the former and the latter from the bounty of your Lord. And the bounty of your Lord can never be withheld.</text>
      </translation>
    </translations>
    <rules>[{"start": 7, "end": 10, "rule_id": 0}, {"start": 2, "end": 10, "rule_id": 3}]</rules>
  </verse>
  <verse>
    <verseIdArabic>٢١</verseIdArabic>
    <verseId>21</verseId>
    <chapterId>17</chapterId>
    <textIndopak>ٱنظُرۡ كَيۡفَ فَضَّلۡنَا بَعۡضَهُمۡ عَلَىٰ بَعۡضٖۚ وَلَلۡأٓخِرَةُ أَكۡبَرُ دَرَجَٰتٖ وَأَكۡبَرُ تَفۡضِيلٗا</textIndopak>
    <translations>
      <translation>
        <author>Dr. Mustafa Khattab, the Clear Quran</author>
        <text>See how We have favoured some over others ˹in this life˺, but the Hereafter is certainly far greater in rank and in favour.</text>
      </translation>
    </translations>
    <rules>[{"start": 84, "end": 89, "rule_id": 3}, {"start": 1, "end": 4, "rule_id": 6}]</rules>
  </verse>
  <verse>
    <verseIdArabic>٢٢</verseIdArabic>
    <verseId>22</verseId>
    <chapterId>17</chapterId>
    <textIndopak>لَّا تَجۡعَلۡ مَعَ ٱللَّهِ إِلَٰهًا ءَاخَرَ فَتَقۡعُدَ مَذۡمُومٗا مَّخۡذُولٗا</textIndopak>
    <translations>
      <translation>
        <author>Dr. Mustafa Khattab, the Clear Quran</author>
        <text>Do not set up any other god with Allah, or you will end up condemned, abandoned.</text>
      </translation>
    </translations>
    <rules>[{"start": 66, "end": 69, "rule_id": 0}, {"start": 7, "end": 9, "rule_id": 1}, {"start": 48, "end": 50, "rule_id": 1}, {"start": 62, "end": 69, "rule_id": 3}]</rules>
  </verse>
  <verse>
    <verseIdArabic>٢٣</verseIdArabic>
    <verseId>23</verseId>
    <chapterId>17</chapterId>
    <textIndopak>۞ وَقَضَىٰ رَبُّكَ أَلَّا تَعۡبُدُوٓاْ إِلَّآ إِيَّاهُ وَبِٱلۡوَٰلِدَيۡنِ إِحۡسَٰنًاۚ إِمَّا يَبۡلُغَنَّ عِندَكَ ٱلۡكِبَرَ أَحَدُهُمَآ أَوۡ كِلَاهُمَا فَلَا تَقُل لَّهُمَآ أُفّٖ وَلَا تَنۡهَرۡهُمَا وَقُل لَّهُمَا قَوۡلٗا كَرِيمٗا</textIndopak>
    <translations>
      <translation>
        <author>Dr. Mustafa Khattab, the Clear Quran</author>
        <text>For your Lord has decreed that you worship none but Him. And honour your parents. If one or both of them reach old age in your care, never say to them ˹even˺ ‘ugh,’ nor yell at them. Rather, address them respectfully.</text>
      </translation>
    </translations>
    <rules>[{"start": 90, "end": 93, "rule_id": 0}, {"start": 103, "end": 106, "rule_id": 0}, {"start": 97, "end": 99, "rule_id": 1}, {"start": 178, "end": 184, "rule_id": 3}, {"start": 109, "end": 112, "rule_id": 6}]</rules>
  </verse>
  <verse>
    <verseIdArabic>٢٤</verseIdArabic>
    <verseId>24</verseId>
    <chapterId>17</chapterId>
    <textIndopak>وَٱخۡفِضۡ لَهُمَا جَنَاحَ ٱلذُّلِّ مِنَ ٱلرَّحۡمَةِ وَقُل رَّبِّ ٱرۡحَمۡهُمَا كَمَا رَبَّيَانِي صَغِيرٗا</textIndopak>
    <translations>
      <translation>
        <author>Dr. Mustafa Khattab, the Clear Quran</author>
        <text>And be humble with them out of mercy, and pray, “My Lord! Be merciful to them as they raised me when I was young.”</text>
      </translation>
    </translations>
  </verse>
  <verse>
    <verseIdArabic>٢٥</verseIdArabic>
    <verseId>25</verseId>
    <chapterId>17</chapterId>
    <textIndopak>رَّبُّكُمۡ أَعۡلَمُ بِمَا فِي نُفُوسِكُمۡۚ إِن تَكُونُواْ صَٰلِحِينَ فَإِنَّهُۥ كَانَ لِلۡأَوَّٰبِينَ غَفُورٗا</textIndopak>
    <translations>
      <translation>
        <author>Dr. Mustafa Khattab, the Clear Quran</author>
        <text>Your Lord knows best what is within yourselves. If you are righteous, He is certainly All-Forgiving to those who ˹constantly˺ turn to Him.</text>
      </translation>
    </translations>
    <rules>[{"start": 74, "end": 77, "rule_id": 0}, {"start": 46, "end": 50, "rule_id": 6}]</rules>
  </verse>
  <verse>
    <verseIdArabic>٢٦</verseIdArabic>
    <verseId>26</verseId>
    <chapterId>17</chapterId>
    <textIndopak>وَءَاتِ ذَا ٱلۡقُرۡبَىٰ حَقَّهُۥ وَٱلۡمِسۡكِينَ وَٱبۡنَ ٱلسَّبِيلِ وَلَا تُبَذِّرۡ تَبۡذِيرًا</textIndopak>
    <translations>
      <translation>
        <author>Dr. Mustafa Khattab, the Clear Quran</author>
        <text>Give to close relatives their due, as well as the poor and ˹needy˺ travellers. And do not spend wastefully.</text>
      </translation>
    </translations>
    <rules>[{"start": 51, "end": 53, "rule_id": 1}, {"start": 85, "end": 87, "rule_id": 1}]</rules>
  </verse>
  <verse>
    <verseIdArabic>٢٧</verseIdArabic>
    <verseId>27</verseId>
    <chapterId>17</chapterId>
    <textIndopak>إِنَّ ٱلۡمُبَذِّرِينَ كَانُوٓاْ إِخۡوَٰنَ ٱلشَّيَٰطِينِۖ وَكَانَ ٱلشَّيۡطَٰنُ لِرَبِّهِۦ كَفُورٗا</textIndopak>
    <translations>
      <translation>
        <author>Dr. Mustafa Khattab, the Clear Quran</author>
        <text>Surely the wasteful are ˹like˺ brothers to the devils. And the Devil is ever ungrateful to his Lord.</text>
      </translation>
    </translations>
    <rules>[{"start": 2, "end": 5, "rule_id": 0}]</rules>
  </verse>
  <verse>
    <verseIdArabic>٢٨</verseIdArabic>
    <verseId>28</verseId>
    <chapterId>17</chapterId>
    <textIndopak>وَإِمَّا تُعۡرِضَنَّ عَنۡهُمُ ٱبۡتِغَآءَ رَحۡمَةٖ مِّن رَّبِّكَ تَرۡجُوهَا فَقُل لَّهُمۡ قَوۡلٗا مَّيۡسُورٗا</textIndopak>
    <translations>
      <translation>
        <author>Dr. Mustafa Khattab, the Clear Quran</author>
        <text>But if you must turn them down ˹because you lack the means to give˺—while hoping to receive your Lord’s bounty—then ˹at least˺ give them a kind word.</text>
      </translation>
    </translations>
    <rules>[{"start": 4, "end": 7, "rule_id": 0}, {"start": 17, "end": 20, "rule_id": 0}, {"start": 51, "end": 54, "rule_id": 0}, {"start": 98, "end": 101, "rule_id": 0}, {"start": 31, "end": 33, "rule_id": 1}, {"start": 48, "end": 54, "rule_id": 3}, {"start": 94, "end": 101, "rule_id": 3}, {"start": 54, "end": 59, "rule_id": 5}]</rules>
  </verse>
  <verse>
    <verseIdArabic>٢٩</verseIdArabic>
    <verseId>29</verseId>
    <chapterId>17</chapterId>
    <textIndopak>وَلَا تَجۡعَلۡ يَدَكَ مَغۡلُولَةً إِلَىٰ عُنُقِكَ وَلَا تَبۡسُطۡهَا كُلَّ ٱلۡبَسۡطِ فَتَقۡعُدَ مَلُومٗا مَّحۡسُورًا</textIndopak>
    <translations>
      <translation>
        <author>Dr. Mustafa Khattab, the Clear Quran</author>
        <text>Do not be so tight-fisted, for you will be blameworthy; nor so open-handed, for you will end up in poverty.</text>
      </translation>
    </translations>
    <rules>[{"start": 104, "end": 107, "rule_id": 0}, {"start": 8, "end": 10, "rule_id": 1}, {"start": 58, "end": 60, "rule_id": 1}, {"start": 62, "end": 64, "rule_id": 1}, {"start": 88, "end": 90, "rule_id": 1}, {"start": 100, "end": 107, "rule_id": 3}]</rules>
  </verse>
  <verse>
    <verseIdArabic>٣٠</verseIdArabic>
    <verseId>30</verseId>
    <chapterId>17</chapterId>
    <textIndopak>إِنَّ رَبَّكَ يَبۡسُطُ ٱلرِّزۡقَ لِمَن يَشَآءُ وَيَقۡدِرُۚ إِنَّهُۥ كَانَ بِعِبَادِهِۦ خَبِيرَۢا بَصِيرٗا</textIndopak>
    <translations>
      <translation>
        <author>Dr. Mustafa Khattab, the Clear Quran</author>
        <text>Surely your Lord gives abundant or limited provisions to whoever He wills. He is certainly All-Aware, All-Seeing of His servants.</text>
      </translation>
    </translations>
    <rules>[{"start": 2, "end": 5, "rule_id": 0}, {"start": 63, "end": 66, "rule_id": 0}, {"start": 16, "end": 18, "rule_id": 1}, {"start": 52, "end": 54, "rule_id": 1}, {"start": 37, "end": 41, "rule_id": 3}]</rules>
  </verse>
  <verse>
    <verseIdArabic>٣١</verseIdArabic>
    <verseId>31</verseId>
    <chapterId>17</chapterId>
    <textIndopak>وَلَا تَقۡتُلُوٓاْ أَوۡلَٰدَكُمۡ خَشۡيَةَ إِمۡلَٰقٖۖ نَّحۡنُ نَرۡزُقُهُمۡ وَإِيَّاكُمۡۚ إِنَّ قَتۡلَهُمۡ كَانَ خِطۡـٔٗا كَبِيرٗا</textIndopak>
    <translations>
      <translation>
        <author>Dr. Mustafa Khattab, the Clear Quran</author>
        <text>Do not kill your children for fear of poverty. We provide for them and for you. Surely killing them is a heinous sin.</text>
      </translation>
    </translations>
    <rules>[{"start": 54, "end": 57, "rule_id": 0}, {"start": 92, "end": 95, "rule_id": 0}, {"start": 8, "end": 10, "rule_id": 1}, {"start": 115, "end": 117, "rule_id": 1}, {"start": 49, "end": 57, "rule_id": 3}]</rules>
  </verse>
  <verse>
    <verseIdArabic>٣٢</verseIdArabic>
    <verseId>32</verseId>
    <chapterId>17</chapterId>
    <textIndopak>وَلَا تَقۡرَبُواْ ٱلزِّنَىٰٓۖ إِنَّهُۥ كَانَ فَٰحِشَةٗ وَسَآءَ سَبِيلٗا</textIndopak>
    <translations>
      <translation>
        <author>Dr. Mustafa Khattab, the Clear Quran</author>
        <text>Do not go near adultery. It is truly a shameful deed and an evil way.</text>
      </translation>
    </translations>
    <rules>[{"start": 33, "end": 36, "rule_id": 0}, {"start": 8, "end": 10, "rule_id": 1}, {"start": 53, "end": 58, "rule_id": 3}]</rules>
  </verse>
  <verse>
    <verseIdArabic>٣٣</verseIdArabic>
    <verseId>33</verseId>
    <chapterId>17</chapterId>
    <textIndopak>وَلَا تَقۡتُلُواْ ٱلنَّفۡسَ ٱلَّتِي حَرَّمَ ٱللَّهُ إِلَّا بِٱلۡحَقِّۗ وَمَن قُتِلَ مَظۡلُومٗا فَقَدۡ جَعَلۡنَا لِوَلِيِّهِۦ سُلۡطَٰنٗا فَلَا يُسۡرِف فِّي ٱلۡقَتۡلِۖ إِنَّهُۥ كَانَ مَنصُورٗا</textIndopak>
    <translations>
      <translation>
        <author>Dr. Mustafa Khattab, the Clear Quran</author>
        <text>Do not take a ˹human˺ life—made sacred by Allah—except with ˹legal˺ right. If anyone is killed unjustly, We have given their heirs the authority, but do not let them exceed limits in retaliation, for they are already supported ˹by law˺.</text>
      </translation>
    </translations>
    <rules>[{"start": 20, "end": 23, "rule_id": 0}, {"start": 170, "end": 173, "rule_id": 0}, {"start": 8, "end": 10, "rule_id": 1}, {"start": 100, "end": 102, "rule_id": 1}, {"start": 76, "end": 80, "rule_id": 6}, {"start": 185, "end": 188, "rule_id": 6}]</rules>
  </verse>
  <verse>
    <verseIdArabic>٣٤</verseIdArabic>
    <verseId>34</verseId>
    <chapterId>17</chapterId>
    <textIndopak>وَلَا تَقۡرَبُواْ مَالَ ٱلۡيَتِيمِ إِلَّا بِٱلَّتِي هِيَ أَحۡسَنُ حَتَّىٰ يَبۡلُغَ أَشُدَّهُۥۚ وَأَوۡفُواْ بِٱلۡعَهۡدِۖ إِنَّ ٱلۡعَهۡدَ كَانَ مَسۡـُٔولٗا</textIndopak>
    <translations>
      <translation>
        <author>Dr. Mustafa Khattab, the Clear Quran</author>
        <text>Do not come near the wealth of the orphan—unless intending to enhance it—until they attain maturity. Honour ˹your˺ pledges, for you will surely be accountable for them.</text>
      </translation>
    </translations>
    <rules>[{"start": 124, "end": 127, "rule_id": 0}, {"start": 8, "end": 10, "rule_id": 1}, {"start": 76, "end": 78, "rule_id": 1}]</rules>
  </verse>
  <verse>
    <verseIdArabic>٣٥</verseIdArabic>
    <verseId>35</verseId>
    <chapterId>17</chapterId>
    <textIndopak>وَأَوۡفُواْ ٱلۡكَيۡلَ إِذَا كِلۡتُمۡ وَزِنُواْ بِٱلۡقِسۡطَاسِ ٱلۡمُسۡتَقِيمِۚ ذَٰلِكَ خَيۡرٞ وَأَحۡسَنُ تَأۡوِيلٗا</textIndopak>
    <translations>
      <translation>
        <author>Dr. Mustafa Khattab, the Clear Quran</author>
        <text>Give in full when you measure, and weigh with an even balance. That is fairest and best in the end.</text>
      </translation>
    </translations>
    <rules>[{"start": 91, "end": 96, "rule_id": 3}]</rules>
  </verse>
  <verse>
    <verseIdArabic>٣٦</verseIdArabic>
    <verseId>36</verseId>
    <chapterId>17</chapterId>
    <textIndopak>وَلَا تَقۡفُ مَا لَيۡسَ لَكَ بِهِۦ عِلۡمٌۚ إِنَّ ٱلسَّمۡعَ وَٱلۡبَصَرَ وَٱلۡفُؤَادَ كُلُّ أُوْلَٰٓئِكَ كَانَ عَنۡهُ مَسۡـُٔولٗا</textIndopak>
    <translations>
      <translation>
        <author>Dr. Mustafa Khattab, the Clear Quran</author>
        <text>Do not follow what you have no ˹sure˺ knowledge of. Indeed, all will be called to account for ˹their˺ hearing, sight, and intellect.</text>
      </translation>
    </translations>
    <rules>[{"start": 46, "end": 49, "rule_id": 0}, {"start": 8, "end": 10, "rule_id": 1}]</rules>
  </verse>
  <verse>
    <verseIdArabic>٣٧</verseIdArabic>
    <verseId>37</verseId>
    <chapterId>17</chapterId>
    <textIndopak>وَلَا تَمۡشِ فِي ٱلۡأَرۡضِ مَرَحًاۖ إِنَّكَ لَن تَخۡرِقَ ٱلۡأَرۡضَ وَلَن تَبۡلُغَ ٱلۡجِبَالَ طُولٗا</textIndopak>
    <translations>
      <translation>
        <author>Dr. Mustafa Khattab, the Clear Quran</author>
        <text>And do not walk on the earth arrogantly. Surely you can neither crack the earth nor stretch to the height of the mountains.</text>
      </translation>
    </translations>
    <rules>[{"start": 39, "end": 42, "rule_id": 0}, {"start": 76, "end": 78, "rule_id": 1}, {"start": 47, "end": 51, "rule_id": 6}, {"start": 72, "end": 76, "rule_id": 6}]</rules>
  </verse>
  <verse>
    <verseIdArabic>٣٨</verseIdArabic>
    <verseId>38</verseId>
    <chapterId>17</chapterId>
    <textIndopak>كُلُّ ذَٰلِكَ كَانَ سَيِّئُهُۥ عِندَ رَبِّكَ مَكۡرُوهٗا</textIndopak>
    <translations>
      <translation>
        <author>Dr. Mustafa Khattab, the Clear Quran</author>
        <text>The violation of any of these ˹commandments˺ is detestable to your Lord.</text>
      </translation>
    </translations>
    <rules>[{"start": 33, "end": 36, "rule_id": 6}]</rules>
  </verse>
  <verse>
    <verseIdArabic>٣٩</verseIdArabic>
    <verseId>39</verseId>
    <chapterId>17</chapterId>
    <textIndopak>ذَٰلِكَ مِمَّآ أَوۡحَىٰٓ إِلَيۡكَ رَبُّكَ مِنَ ٱلۡحِكۡمَةِۗ وَلَا تَجۡعَلۡ مَعَ ٱللَّهِ إِلَٰهًا ءَاخَرَ فَتُلۡقَىٰ فِي جَهَنَّمَ مَلُومٗا مَّدۡحُورًا</textIndopak>
    <translations>
      <translation>
        <author>Dr. Mustafa Khattab, the Clear Quran</author>
        <text>This is part of the wisdom which your Lord has revealed to you ˹O Prophet˺. And do not set up any other god with Allah ˹O humanity˺, or you will be cast into Hell, blameworthy, rejected.</text>
      </translation>
    </translations>
    <rules>[{"start": 10, "end": 13, "rule_id": 0}, {"start": 126, "end": 129, "rule_id": 0}, {"start": 141, "end": 144, "rule_id": 0}, {"start": 70, "end": 72, "rule_id": 1}, {"start": 144, "end": 146, "rule_id": 1}, {"start": 137, "end": 144, "rule_id": 3}]</rules>
  </verse>
  <verse>
    <verseIdArabic>٤٠</verseIdArabic>
    <verseId>40</verseId>
    <chapterId>17</chapterId>
    <textIndopak>أَفَأَصۡفَىٰكُمۡ رَبُّكُم بِٱلۡبَنِينَ وَٱتَّخَذَ مِنَ ٱلۡمَلَٰٓئِكَةِ إِنَٰثًاۚ إِنَّكُمۡ لَتَقُولُونَ قَوۡلًا عَظِيمٗا</textIndopak>
    <translations>
      <translation>
        <author>Dr. Mustafa Khattab, the Clear Quran</author>
        <text>Has your Lord favoured you ˹pagans˺ with sons and taken angels as ˹His˺ daughters? You are truly making an outrageous claim.</text>
      </translation>
    </translations>
    <rules>[{"start": 84, "end": 87, "rule_id": 0}, {"start": 24, "end": 28, "rule_id": 7}]</rules>
  </verse>
  <verse>
    <verseIdArabic>٤١</verseIdArabic>
    <verseId>41</verseId>
    <chapterId>17</chapterId>
    <textIndopak>وَلَقَدۡ صَرَّفۡنَا فِي هَٰذَا ٱلۡقُرۡءَانِ لِيَذَّكَّرُواْ وَمَا يَزِيدُهُمۡ إِلَّا نُفُورٗا</textIndopak>
    <translations>
      <translation>
        <author>Dr. Mustafa Khattab, the Clear Quran</author>
        <text>We have surely varied ˹the signs˺ in this Quran so perhaps they may be mindful, but it only drives them farther away.</text>
      </translation>
    </translations>
    <rules>[{"start": 6, "end": 8, "rule_id": 1}]</rules>
  </verse>
  <verse>
    <verseIdArabic>٤٢</verseIdArabic>
    <verseId>42</verseId>
    <chapterId>17</chapterId>
    <textIndopak>قُل لَّوۡ كَانَ مَعَهُۥٓ ءَالِهَةٞ كَمَا يَقُولُونَ إِذٗا لَّٱبۡتَغَوۡاْ إِلَىٰ ذِي ٱلۡعَرۡشِ سَبِيلٗا</textIndopak>
    <translations>
      <translation>
        <author>Dr. Mustafa Khattab, the Clear Quran</author>
        <text>Say, ˹O Prophet,˺ “Had there been other gods besides Him—as they claim—then they would have certainly sought a way to ˹challenge˺ the Lord of the Throne.”</text>
      </translation>
    </translations>
    <rules>[{"start": 62, "end": 64, "rule_id": 1}, {"start": 54, "end": 61, "rule_id": 5}, {"start": 32, "end": 37, "rule_id": 6}]</rules>
  </verse>
  <verse>
    <verseIdArabic>٤٣</verseIdArabic>
    <verseId>43</verseId>
    <chapterId>17</chapterId>
    <textIndopak>سُبۡحَٰنَهُۥ وَتَعَٰلَىٰ عَمَّا يَقُولُونَ عُلُوّٗا كَبِيرٗا</textIndopak>
    <translations>
      <translation>
        <author>Dr. Mustafa Khattab, the Clear Quran</author>
        <text>Glorified and Highly Exalted is He above what they claim!</text>
      </translation>
    </translations>
    <rules>[{"start": 27, "end": 30, "rule_id": 0}, {"start": 2, "end": 4, "rule_id": 1}]</rules>
  </verse>
  <verse>
    <verseIdArabic>٤٤</verseIdArabic>
    <verseId>44</verseId>
    <chapterId>17</chapterId>
    <textIndopak>تُسَبِّحُ لَهُ ٱلسَّمَٰوَٰتُ ٱلسَّبۡعُ وَٱلۡأَرۡضُ وَمَن فِيهِنَّۚ وَإِن مِّن شَيۡءٍ إِلَّا يُسَبِّحُ بِحَمۡدِهِۦ وَلَٰكِن لَّا تَفۡقَهُونَ تَسۡبِيحَهُمۡۚ إِنَّهُۥ كَانَ حَلِيمًا غَفُورٗا</textIndopak>
    <translations>
      <translation>
        <author>Dr. Mustafa Khattab, the Clear Quran</author>
        <text>The seven heavens, the earth, and all those in them glorify Him. There is not a single thing that does not glorify His praises—but you ˹simply˺ cannot comprehend their glorification. He is indeed Most Forbearing, All-Forgiving.</text>
      </translation>
    </translations>
    <rules>[{"start": 62, "end": 65, "rule_id": 0}, {"start": 74, "end": 77, "rule_id": 0}, {"start": 159, "end": 162, "rule_id": 0}, {"start": 34, "end": 36, "rule_id": 1}, {"start": 72, "end": 77, "rule_id": 3}, {"start": 122, "end": 127, "rule_id": 5}, {"start": 55, "end": 59, "rule_id": 6}, {"start": 77, "end": 81, "rule_id": 6}]</rules>
  </verse>
  <verse>
    <verseIdArabic>٤٥</verseIdArabic>
    <verseId>45</verseId>
    <chapterId>17</chapterId>
    <textIndopak>وَإِذَا قَرَأۡتَ ٱلۡقُرۡءَانَ جَعَلۡنَا بَيۡنَكَ وَبَيۡنَ ٱلَّذِينَ لَا يُؤۡمِنُونَ بِٱلۡأٓخِرَةِ حِجَابٗا مَّسۡتُورٗا</textIndopak>
    <translations>
      <translation>
        <author>Dr. Mustafa Khattab, the Clear Quran</author>
        <text>When you ˹O Prophet˺ recite the Quran, We put a hidden barrier between you and those who do not believe in the Hereafter.</text>
      </translation>
    </translations>
    <rules>[{"start": 108, "end": 111, "rule_id": 0}, {"start": 104, "end": 111, "rule_id": 3}]</rules>
  </verse>
  <verse>
    <verseIdArabic>٤٦</verseIdArabic>
    <verseId>46</verseId>
    <chapterId>17</chapterId>
    <textIndopak>وَجَعَلۡنَا عَلَىٰ قُلُوبِهِمۡ أَكِنَّةً أَن يَفۡقَهُوهُ وَفِيٓ ءَاذَانِهِمۡ وَقۡرٗاۚ وَإِذَا ذَكَرۡتَ رَبَّكَ فِي ٱلۡقُرۡءَانِ وَحۡدَهُۥ وَلَّوۡاْ عَلَىٰٓ أَدۡبَٰرِهِمۡ نُفُورٗا</textIndopak>
    <translations>
      <translation>
        <author>Dr. Mustafa Khattab, the Clear Quran</author>
        <text>We have cast veils over their hearts—leaving them unable to comprehend it—and deafness in their ears. And when you mention your Lord alone in the Quran, they turn their backs in aversion.</text>
      </translation>
    </translations>
    <rules>[{"start": 35, "end": 38, "rule_id": 0}, {"start": 79, "end": 81, "rule_id": 1}, {"start": 159, "end": 161, "rule_id": 1}, {"start": 43, "end": 47, "rule_id": 3}]</rules>
  </verse>
  <verse>
    <verseIdArabic>٤٧</verseIdArabic>
    <verseId>47</verseId>
    <chapterId>17</chapterId>
    <textIndopak>نَّحۡنُ أَعۡلَمُ بِمَا يَسۡتَمِعُونَ بِهِۦٓ إِذۡ يَسۡتَمِعُونَ إِلَيۡكَ وَإِذۡ هُمۡ نَجۡوَىٰٓ إِذۡ يَقُولُ ٱلظَّٰلِمُونَ إِن تَتَّبِعُونَ إِلَّا رَجُلٗا مَّسۡحُورًا</textIndopak>
    <translations>
      <translation>
        <author>Dr. Mustafa Khattab, the Clear Quran</author>
        <text>We know best how they listen to your recitation and what they say privately—when the wrongdoers say, “You would only be following a bewitched man.”</text>
      </translation>
    </translations>
    <rules>[{"start": 0, "end": 3, "rule_id": 0}, {"start": 153, "end": 156, "rule_id": 0}, {"start": 86, "end": 88, "rule_id": 1}, {"start": 149, "end": 156, "rule_id": 3}, {"start": 123, "end": 127, "rule_id": 6}]</rules>
  </verse>
  <verse>
    <verseIdArabic>٤٨</verseIdArabic>
    <verseId>48</verseId>
    <chapterId>17</chapterId>
    <textIndopak>ٱنظُرۡ كَيۡفَ ضَرَبُواْ لَكَ ٱلۡأَمۡثَالَ فَضَلُّواْ فَلَا يَسۡتَطِيعُونَ سَبِيلٗا</textIndopak>
    <translations>
      <translation>
        <author>Dr. Mustafa Khattab, the Clear Quran</author>
        <text>See how they call you names ˹O Prophet˺! So they have gone so ˹far˺ astray that they cannot find the ˹Right˺ Way.</text>
      </translation>
    </translations>
    <rules>[{"start": 1, "end": 4, "rule_id": 6}]</rules>
  </verse>
  <verse>
    <verseIdArabic>٤٩</verseIdArabic>
    <verseId>49</verseId>
    <chapterId>17</chapterId>
    <textIndopak>وَقَالُوٓاْ أَءِذَا كُنَّا عِظَٰمٗا وَرُفَٰتًا أَءِنَّا لَمَبۡعُوثُونَ خَلۡقٗا جَدِيدٗا</textIndopak>
    <translations>
      <translation>
        <author>Dr. Mustafa Khattab, the Clear Quran</author>
        <text>And they say ˹mockingly˺, “When we are reduced to bones and ashes, will we really be raised as a new creation?”</text>
      </translation>
    </translations>
    <rules>[{"start": 22, "end": 25, "rule_id": 0}, {"start": 51, "end": 54, "rule_id": 0}, {"start": 60, "end": 62, "rule_id": 1}, {"start": 32, "end": 38, "rule_id": 3}]</rules>
  </verse>
  <verse>
    <verseIdArabic>٥٠</verseIdArabic>
    <verseId>50</verseId>
    <chapterId>17</chapterId>
    <textIndopak>۞ قُلۡ كُونُواْ حِجَارَةً أَوۡ حَدِيدًا</textIndopak>
    <translations>
      <translation>
        <author>Dr. Mustafa Khattab, the Clear Quran</author>
        <text>Say, ˹O Prophet,˺ “˹Yes, even if˺ you become stones, or iron,</text>
      </translation>
    </translations>
  </verse>
  <verse>
    <verseIdArabic>٥١</verseIdArabic>
    <verseId>51</verseId>
    <chapterId>17</chapterId>
    <textIndopak>أَوۡ خَلۡقٗا مِّمَّا يَكۡبُرُ فِي صُدُورِكُمۡۚ فَسَيَقُولُونَ مَن يُعِيدُنَاۖ قُلِ ٱلَّذِي فَطَرَكُمۡ أَوَّلَ مَرَّةٖۚ فَسَيُنۡغِضُونَ إِلَيۡكَ رُءُوسَهُمۡ وَيَقُولُونَ مَتَىٰ هُوَۖ قُلۡ عَسَىٰٓ أَن يَكُونَ قَرِيبٗا</textIndopak>
    <translations>
      <translation>
        <author>Dr. Mustafa Khattab, the Clear Quran</author>
        <text>or whatever you think is harder to bring to life!” Then they will ask ˹you˺, “Who will bring us back ˹to life˺?” Say, “The One Who created you the first time.” They will then shake their heads at you and ask, “When will that be?” Say, “Perhaps it is soon!”</text>
      </translation>
    </translations>
    <rules>[{"start": 13, "end": 16, "rule_id": 0}, {"start": 16, "end": 19, "rule_id": 0}, {"start": 65, "end": 69, "rule_id": 3}, {"start": 201, "end": 205, "rule_id": 3}, {"start": 9, "end": 16, "rule_id": 3}]</rules>
  </verse>
  <verse>
    <verseIdArabic>٥٢</verseIdArabic>
    <verseId>52</verseId>
    <chapterId>17</chapterId>
    <textIndopak>يَوۡمَ يَدۡعُوكُمۡ فَتَسۡتَجِيبُونَ بِحَمۡدِهِۦ وَتَظُنُّونَ إِن لَّبِثۡتُمۡ إِلَّا قَلِيلٗا</textIndopak>
    <translations>
      <translation>
        <author>Dr. Mustafa Khattab, the Clear Quran</author>
        <text>On the Day He will call you, you will ˹instantly˺ respond by praising Him, thinking you had remained ˹in the world˺ only for a little while.</text>
      </translation>
    </translations>
    <rules>[{"start": 54, "end": 57, "rule_id": 0}, {"start": 9, "end": 11, "rule_id": 1}, {"start": 63, "end": 68, "rule_id": 5}]</rules>
  </verse>
  <verse>
    <verseIdArabic>٥٣</verseIdArabic>
    <verseId>53</verseId>
    <chapterId>17</chapterId>
    <textIndopak>وَقُل لِّعِبَادِي يَقُولُواْ ٱلَّتِي هِيَ أَحۡسَنُۚ إِنَّ ٱلشَّيۡطَٰنَ يَنزَغُ بَيۡنَهُمۡۚ إِنَّ ٱلشَّيۡطَٰنَ كَانَ لِلۡإِنسَٰنِ عَدُوّٗا مُّبِينٗا</textIndopak>
    <translations>
      <translation>
        <author>Dr. Mustafa Khattab, the Clear Quran</author>
        <text>Tell My ˹believing˺ servants to say only what is best. Satan certainly seeks to sow discord among them. Satan is indeed a sworn enemy to humankind.</text>
      </translation>
    </translations>
    <rules>[{"start": 55, "end": 58, "rule_id": 0}, {"start": 95, "end": 98, "rule_id": 0}, {"start": 140, "end": 143, "rule_id": 0}, {"start": 135, "end": 143, "rule_id": 3}, {"start": 74, "end": 77, "rule_id": 6}, {"start": 124, "end": 128, "rule_id": 6}]</rules>
  </verse>
  <verse>
    <verseIdArabic>٥٤</verseIdArabic>
    <verseId>54</verseId>
    <chapterId>17</chapterId>
    <textIndopak>رَّبُّكُمۡ أَعۡلَمُ بِكُمۡۖ إِن يَشَأۡ يَرۡحَمۡكُمۡ أَوۡ إِن يَشَأۡ يُعَذِّبۡكُمۡۚ وَمَآ أَرۡسَلۡنَٰكَ عَلَيۡهِمۡ وَكِيلٗا</textIndopak>
    <translations>
      <translation>
        <author>Dr. Mustafa Khattab, the Clear Quran</author>
        <text>Your Lord knows you best. He may have mercy on you if He wills, or punish you if He wills. We have not sent you ˹O Prophet˺ as a keeper over them.</text>
      </translation>
    </translations>
    <rules>[{"start": 76, "end": 78, "rule_id": 1}, {"start": 31, "end": 35, "rule_id": 3}, {"start": 60, "end": 64, "rule_id": 3}]</rules>
  </verse>
  <verse>
    <verseIdArabic>٥٥</verseIdArabic>
    <verseId>55</verseId>
    <chapterId>17</chapterId>
    <textIndopak>وَرَبُّكَ أَعۡلَمُ بِمَن فِي ٱلسَّمَٰوَٰتِ وَٱلۡأَرۡضِۗ وَلَقَدۡ فَضَّلۡنَا بَعۡضَ ٱلنَّبِيِّـۧنَ عَلَىٰ بَعۡضٖۖ وَءَاتَيۡنَا دَاوُۥدَ زَبُورٗا</textIndopak>
    <translations>
      <translation>
        <author>Dr. Mustafa Khattab, the Clear Quran</author>
        <text>Your Lord knows best all those in the heavens and the earth. And We have surely favoured some prophets above others, and to David We gave the Psalms.</text>
      </translation>
    </translations>
    <rules>[{"start": 86, "end": 89, "rule_id": 0}, {"start": 63, "end": 65, "rule_id": 1}, {"start": 109, "end": 116, "rule_id": 3}, {"start": 23, "end": 27, "rule_id": 6}]</rules>
  </verse>
  <verse>
    <verseIdArabic>٥٦</verseIdArabic>
    <verseId>56</verseId>
    <chapterId>17</chapterId>
    <textIndopak>قُلِ ٱدۡعُواْ ٱلَّذِينَ زَعَمۡتُم مِّن دُونِهِۦ فَلَا يَمۡلِكُونَ كَشۡفَ ٱلضُّرِّ عَنكُمۡ وَلَا تَحۡوِيلًا</textIndopak>
    <translations>
      <translation>
        <author>Dr. Mustafa Khattab, the Clear Quran</author>
        <text>Say, ˹O Prophet,˺ “Invoke those you claim ˹to be divine˺ besides Him—they do not have the power to undo harm from you or transfer it ˹to someone else˺.”</text>
      </translation>
    </translations>
    <rules>[{"start": 34, "end": 37, "rule_id": 0}, {"start": 6, "end": 8, "rule_id": 1}, {"start": 32, "end": 37, "rule_id": 4}, {"start": 37, "end": 41, "rule_id": 6}, {"start": 84, "end": 87, "rule_id": 6}]</rules>
  </verse>
  <verse>
    <verseIdArabic>٥٧</verseIdArabic>
    <verseId>57</verseId>
    <chapterId>17</chapterId>
    <textIndopak>أُوْلَٰٓئِكَ ٱلَّذِينَ يَدۡعُونَ يَبۡتَغُونَ إِلَىٰ رَبِّهِمُ ٱلۡوَسِيلَةَ أَيُّهُمۡ أَقۡرَبُ وَيَرۡجُونَ رَحۡمَتَهُۥ وَيَخَافُونَ عَذَابَهُۥٓۚ إِنَّ عَذَابَ رَبِّكَ كَانَ مَحۡذُورٗا</textIndopak>
    <translations>
      <translation>
        <author>Dr. Mustafa Khattab, the Clear Quran</author>
        <text>˹Even˺ the closest ˹to Allah˺ of those invoked would be seeking a way to their Lord, hoping for His mercy, and fearing His punishment. Indeed, your Lord’s torment is fearsome.</text>
      </translation>
    </translations>
    <rules>[{"start": 147, "end": 150, "rule_id": 0}, {"start": 25, "end": 27, "rule_id": 1}, {"start": 35, "end": 37, "rule_id": 1}, {"start": 87, "end": 89, "rule_id": 1}]</rules>
  </verse>
  <verse>
    <verseIdArabic>٥٨</verseIdArabic>
    <verseId>58</verseId>
    <chapterId>17</chapterId>
    <textIndopak>وَإِن مِّن قَرۡيَةٍ إِلَّا نَحۡنُ مُهۡلِكُوهَا قَبۡلَ يَوۡمِ ٱلۡقِيَٰمَةِ أَوۡ مُعَذِّبُوهَا عَذَابٗا شَدِيدٗاۚ كَانَ ذَٰلِكَ فِي ٱلۡكِتَٰبِ مَسۡطُورٗا</textIndopak>
    <translations>
      <translation>
        <author>Dr. Mustafa Khattab, the Clear Quran</author>
        <text>There is not a ˹wicked˺ society that We will not destroy or punish with a severe torment before the Day of Judgment. That is written in the Record.</text>
      </translation>
    </translations>
    <rules>[{"start": 6, "end": 9, "rule_id": 0}, {"start": 49, "end": 51, "rule_id": 1}, {"start": 4, "end": 9, "rule_id": 3}, {"start": 9, "end": 13, "rule_id": 6}]</rules>
  </verse>
  <verse>
    <verseIdArabic>٥٩</verseIdArabic>
    <verseId>59</verseId>
    <chapterId>17</chapterId>
    <textIndopak>وَمَا مَنَعَنَآ أَن نُّرۡسِلَ بِٱلۡأٓيَٰتِ إِلَّآ أَن كَذَّبَ بِهَا ٱلۡأَوَّلُونَۚ وَءَاتَيۡنَا ثَمُودَ ٱلنَّاقَةَ مُبۡصِرَةٗ فَظَلَمُواْ بِهَاۚ وَمَا نُرۡسِلُ بِٱلۡأٓيَٰتِ إِلَّا تَخۡوِيفٗا</textIndopak>
    <translations>
      <translation>
        <author>Dr. Mustafa Khattab, the Clear Quran</author>
        <text>Nothing keeps Us from sending the ˹demanded˺ signs except that they had ˹already˺ been denied by earlier peoples. And We gave Thamûd the she-camel as a clear sign, but they wrongfully rejected it. We only send the signs as a warning.</text>
      </translation>
    </translations>
    <rules>[{"start": 21, "end": 24, "rule_id": 0}, {"start": 110, "end": 113, "rule_id": 0}, {"start": 121, "end": 123, "rule_id": 1}, {"start": 19, "end": 24, "rule_id": 3}, {"start": 55, "end": 59, "rule_id": 6}, {"start": 127, "end": 132, "rule_id": 6}]</rules>
  </verse>
  <verse>
    <verseIdArabic>٦٠</verseIdArabic>
    <verseId>60</verseId>
    <chapterId>17</chapterId>
    <textIndopak>وَإِذۡ قُلۡنَا لَكَ إِنَّ رَبَّكَ أَحَاطَ بِٱلنَّاسِۚ وَمَا جَعَلۡنَا ٱلرُّءۡيَا ٱلَّتِيٓ أَرَيۡنَٰكَ إِلَّا فِتۡنَةٗ لِّلنَّاسِ وَٱلشَّجَرَةَ ٱلۡمَلۡعُونَةَ فِي ٱلۡقُرۡءَانِۚ وَنُخَوِّفُهُمۡ فَمَا يَزِيدُهُمۡ إِلَّا طُغۡيَٰنٗا كَبِيرٗا</textIndopak>
    <translations>
      <translation>
        <author>Dr. Mustafa Khattab, the Clear Quran</author>
        <text>And ˹remember, O Prophet˺ when We told you, “Certainly your Lord encompasses the people.” And We have made what We brought you to see as well as the cursed tree ˹mentioned˺ in the Quran only as a test for the people. We keep warning them, but it only increases them greatly in defiance.</text>
      </translation>
    </translations>
    <rules>[{"start": 22, "end": 25, "rule_id": 0}, {"start": 46, "end": 49, "rule_id": 0}, {"start": 123, "end": 126, "rule_id": 0}, {"start": 116, "end": 122, "rule_id": 5}]</rules>
  </verse>
  <verse>
    <verseIdArabic>٦١</verseIdArabic>
    <verseId>61</verseId>
    <chapterId>17</chapterId>
    <textIndopak>وَإِذۡ قُلۡنَا لِلۡمَلَٰٓئِكَةِ ٱسۡجُدُواْ لِأٓدَمَ فَسَجَدُوٓاْ إِلَّآ إِبۡلِيسَ قَالَ ءَأَسۡجُدُ لِمَنۡ خَلَقۡتَ طِينٗا</textIndopak>
    <translations>
      <translation>
        <author>Dr. Mustafa Khattab, the Clear Quran</author>
        <text>And ˹remember˺ when We said to the angels, “Prostrate before Adam,” so they all did—but not Iblîs, who protested, “Should I prostrate to the one You have created from mud?”</text>
      </translation>
    </translations>
    <rules>[{"start": 76, "end": 78, "rule_id": 1}, {"start": 112, "end": 114, "rule_id": 1}]</rules>
  </verse>
  <verse>
    <verseIdArabic>٦٢</verseIdArabic>
    <verseId>62</verseId>
    <chapterId>17</chapterId>
    <textIndopak>قَالَ أَرَءَيۡتَكَ هَٰذَا ٱلَّذِي كَرَّمۡتَ عَلَيَّ لَئِنۡ أَخَّرۡتَنِ إِلَىٰ يَوۡمِ ٱلۡقِيَٰمَةِ لَأَحۡتَنِكَنَّ ذُرِّيَّتَهُۥٓ إِلَّا قَلِيلٗا</textIndopak>
    <translations>
      <translation>
        <author>Dr. Mustafa Khattab, the Clear Quran</author>
        <text>Adding, “Do you see this one you honoured above me? If you delay my end until the Day of Judgment, I will certainly take hold of his descendants, except for a few.”</text>
      </translation>
    </translations>
    <rules>[{"start": 110, "end": 113, "rule_id": 0}]</rules>
  </verse>
  <verse>
    <verseIdArabic>٦٣</verseIdArabic>
    <verseId>63</verseId>
    <chapterId>17</chapterId>
    <textIndopak>قَالَ ٱذۡهَبۡ فَمَن تَبِعَكَ مِنۡهُمۡ فَإِنَّ جَهَنَّمَ جَزَآؤُكُمۡ جَزَآءٗ مَّوۡفُورٗا</textIndopak>
    <translations>
      <translation>
        <author>Dr. Mustafa Khattab, the Clear Quran</author>
        <text>Allah responded, “Be gone! Whoever of them follows you, Hell will surely be the reward for all of you—an ample reward.</text>
      </translation>
    </translations>
    <rules>[{"start": 42, "end": 45, "rule_id": 0}, {"start": 50, "end": 53, "rule_id": 0}, {"start": 78, "end": 81, "rule_id": 0}, {"start": 11, "end": 13, "rule_id": 1}, {"start": 75, "end": 81, "rule_id": 3}, {"start": 18, "end": 22, "rule_id": 6}]</rules>
  </verse>
  <verse>
    <verseIdArabic>٦٤</verseIdArabic>
    <verseId>64</verseId>
    <chapterId>17</chapterId>
    <textIndopak>وَٱسۡتَفۡزِزۡ مَنِ ٱسۡتَطَعۡتَ مِنۡهُم بِصَوۡتِكَ وَأَجۡلِبۡ عَلَيۡهِم بِخَيۡلِكَ وَرَجِلِكَ وَشَارِكۡهُمۡ فِي ٱلۡأَمۡوَٰلِ وَٱلۡأَوۡلَٰدِ وَعِدۡهُمۡۚ وَمَا يَعِدُهُمُ ٱلشَّيۡطَٰنُ إِلَّا غُرُورًا</textIndopak>
    <translations>
      <translation>
        <author>Dr. Mustafa Khattab, the Clear Quran</author>
        <text>And incite whoever you can of them with your voice, mobilize against them all your cavalry and infantry, manipulate them in their wealth and children, and make them promises.” But Satan promises them nothing but delusion.</text>
      </translation>
    </translations>
    <rules>[{"start": 54, "end": 56, "rule_id": 1}, {"start": 58, "end": 60, "rule_id": 1}, {"start": 143, "end": 145, "rule_id": 1}, {"start": 37, "end": 41, "rule_id": 7}, {"start": 69, "end": 73, "rule_id": 7}]</rules>
  </verse>
  <verse>
    <verseIdArabic>٦٥</verseIdArabic>
    <verseId>65</verseId>
    <chapterId>17</chapterId>
    <textIndopak>إِنَّ عِبَادِي لَيۡسَ لَكَ عَلَيۡهِمۡ سُلۡطَٰنٞۚ وَكَفَىٰ بِرَبِّكَ وَكِيلٗا</textIndopak>
    <translations>
      <translation>
        <author>Dr. Mustafa Khattab, the Clear Quran</author>
        <text>˹Allah added,˺ “You will truly have no authority over My ˹faithful˺ servants.” And sufficient is your Lord as a Guardian.</text>
      </translation>
    </translations>
    <rules>[{"start": 2, "end": 5, "rule_id": 0}]</rules>
  </verse>
  <verse>
    <verseIdArabic>٦٦</verseIdArabic>
    <verseId>66</verseId>
    <chapterId>17</chapterId>
    <textIndopak>رَّبُّكُمُ ٱلَّذِي يُزۡجِي لَكُمُ ٱلۡفُلۡكَ فِي ٱلۡبَحۡرِ لِتَبۡتَغُواْ مِن فَضۡلِهِۦٓۚ إِنَّهُۥ كَانَ بِكُمۡ رَحِيمٗا</textIndopak>
    <translations>
      <translation>
        <author>Dr. Mustafa Khattab, the Clear Quran</author>
        <text>It is your Lord Who steers the ships for you through the sea, so that you may seek His bounty. Surely He is ever Merciful to you.</text>
      </translation>
    </translations>
    <rules>[{"start": 91, "end": 94, "rule_id": 0}, {"start": 62, "end": 64, "rule_id": 1}, {"start": 74, "end": 78, "rule_id": 6}]</rules>
  </verse>
  <verse>
    <verseIdArabic>٦٧</verseIdArabic>
    <verseId>67</verseId>
    <chapterId>17</chapterId>
    <textIndopak>وَإِذَا مَسَّكُمُ ٱلضُّرُّ فِي ٱلۡبَحۡرِ ضَلَّ مَن تَدۡعُونَ إِلَّآ إِيَّاهُۖ فَلَمَّا نَجَّىٰكُمۡ إِلَى ٱلۡبَرِّ أَعۡرَضۡتُمۡۚ وَكَانَ ٱلۡإِنسَٰنُ كَفُورًا</textIndopak>
    <translations>
      <translation>
        <author>Dr. Mustafa Khattab, the Clear Quran</author>
        <text>When you are touched with hardship at sea, you ˹totally˺ forget all ˹the gods˺ you ˹normally˺ invoke, except Him. But when He delivers you ˹safely˺ to shore, you turn away. Humankind is ever ungrateful.</text>
      </translation>
    </translations>
    <rules>[{"start": 84, "end": 87, "rule_id": 0}, {"start": 53, "end": 55, "rule_id": 1}, {"start": 49, "end": 53, "rule_id": 6}, {"start": 144, "end": 148, "rule_id": 6}]</rules>
  </verse>
  <verse>
    <verseIdArabic>٦٨</verseIdArabic>
    <verseId>68</verseId>
    <chapterId>17</chapterId>
    <textIndopak>أَفَأَمِنتُمۡ أَن يَخۡسِفَ بِكُمۡ جَانِبَ ٱلۡبَرِّ أَوۡ يُرۡسِلَ عَلَيۡكُمۡ حَاصِبٗا ثُمَّ لَا تَجِدُواْ لَكُمۡ وَكِيلًا</textIndopak>
    <translations>
      <translation>
        <author>Dr. Mustafa Khattab, the Clear Quran</author>
        <text>Do you feel secure that He will not cause the land to swallow you up, or unleash upon you a storm of stones? Then you will find none to protect you.</text>
      </translation>
    </translations>
    <rules>[{"start": 87, "end": 90, "rule_id": 0}, {"start": 16, "end": 20, "rule_id": 3}, {"start": 8, "end": 11, "rule_id": 6}]</rules>
  </verse>
  <verse>
    <verseIdArabic>٦٩</verseIdArabic>
    <verseId>69</verseId>
    <chapterId>17</chapterId>
    <textIndopak>أَمۡ أَمِنتُمۡ أَن يُعِيدَكُمۡ فِيهِ تَارَةً أُخۡرَىٰ فَيُرۡسِلَ عَلَيۡكُمۡ قَاصِفٗا مِّنَ ٱلرِّيحِ فَيُغۡرِقَكُم بِمَا كَفَرۡتُمۡ ثُمَّ لَا تَجِدُواْ لَكُمۡ عَلَيۡنَا بِهِۦ تَبِيعٗا</textIndopak>
    <translations>
      <translation>
        <author>Dr. Mustafa Khattab, the Clear Quran</author>
        <text>Or do you feel secure that He will not send you back to sea once again, and send upon you a violent storm, drowning you for your denial? Then you will find none to avenge you against Us.</text>
      </translation>
    </translations>
    <rules>[{"start": 85, "end": 88, "rule_id": 0}, {"start": 135, "end": 138, "rule_id": 0}, {"start": 17, "end": 21, "rule_id": 3}, {"start": 81, "end": 88, "rule_id": 3}, {"start": 9, "end": 12, "rule_id": 6}, {"start": 112, "end": 116, "rule_id": 7}]</rules>
  </verse>
  <verse>
    <verseIdArabic>٧٠</verseIdArabic>
    <verseId>70</verseId>
    <chapterId>17</chapterId>
    <textIndopak>۞ وَلَقَدۡ كَرَّمۡنَا بَنِيٓ ءَادَمَ وَحَمَلۡنَٰهُمۡ فِي ٱلۡبَرِّ وَٱلۡبَحۡرِ وَرَزَقۡنَٰهُم مِّنَ ٱلطَّيِّبَٰتِ وَفَضَّلۡنَٰهُمۡ عَلَىٰ كَثِيرٖ مِّمَّنۡ خَلَقۡنَا تَفۡضِيلٗا</textIndopak>
    <translations>
      <translation>
        <author>Dr. Mustafa Khattab, the Clear Quran</author>
        <text>Indeed, We have dignified the children of Adam, carried them on land and sea, granted them good and lawful provisions, and privileged them far above many of Our creatures.</text>
      </translation>
    </translations>
    <rules>[{"start": 93, "end": 96, "rule_id": 0}, {"start": 145, "end": 148, "rule_id": 0}, {"start": 148, "end": 151, "rule_id": 0}, {"start": 8, "end": 10, "rule_id": 1}, {"start": 84, "end": 86, "rule_id": 1}, {"start": 158, "end": 160, "rule_id": 1}, {"start": 142, "end": 148, "rule_id": 3}, {"start": 91, "end": 96, "rule_id": 4}]</rules>
  </verse>
  <verse>
    <verseIdArabic>٧١</verseIdArabic>
    <verseId>71</verseId>
    <chapterId>17</chapterId>
    <textIndopak>يَوۡمَ نَدۡعُواْ كُلَّ أُنَاسِۭ بِإِمَٰمِهِمۡۖ فَمَنۡ أُوتِيَ كِتَٰبَهُۥ بِيَمِينِهِۦ فَأُوْلَٰٓئِكَ يَقۡرَءُونَ كِتَٰبَهُمۡ وَلَا يُظۡلَمُونَ فَتِيلٗا</textIndopak>
    <translations>
      <translation>
        <author>Dr. Mustafa Khattab, the Clear Quran</author>
        <text>˹Beware of˺ the Day We will summon every people with their leader. So whoever will be given their record in their right hand will read it ˹happily˺ and will not be wronged ˹even by the width of˺ the thread of a date stone.</text>
      </translation>
    </translations>
    <rules>[{"start": 9, "end": 11, "rule_id": 1}, {"start": 104, "end": 106, "rule_id": 1}, {"start": 28, "end": 34, "rule_id": 2}]</rules>
  </verse>
  <verse>
    <verseIdArabic>٧٢</verseIdArabic>
    <verseId>72</verseId>
    <chapterId>17</chapterId>
    <textIndopak>وَمَن كَانَ فِي هَٰذِهِۦٓ أَعۡمَىٰ فَهُوَ فِي ٱلۡأٓخِرَةِ أَعۡمَىٰ وَأَضَلُّ سَبِيلٗا</textIndopak>
    <translations>
      <translation>
        <author>Dr. Mustafa Khattab, the Clear Quran</author>
        <text>But whoever is blind ˹to the truth˺ in this ˹world˺ will be blind in the Hereafter, and ˹even˺ far more astray from the ˹Right˺ Way.</text>
      </translation>
    </translations>
    <rules>[{"start": 4, "end": 8, "rule_id": 6}]</rules>
  </verse>
  <verse>
    <verseIdArabic>٧٣</verseIdArabic>
    <verseId>73</verseId>
    <chapterId>17</chapterId>
    <textIndopak>وَإِن كَادُواْ لَيَفۡتِنُونَكَ عَنِ ٱلَّذِيٓ أَوۡحَيۡنَآ إِلَيۡكَ لِتَفۡتَرِيَ عَلَيۡنَا غَيۡرَهُۥۖ وَإِذٗا لَّٱتَّخَذُوكَ خَلِيلٗا</textIndopak>
    <translations>
      <translation>
        <author>Dr. Mustafa Khattab, the Clear Quran</author>
        <text>They definitely ˹thought they˺ were about to lure you away from what We have revealed to you ˹O Prophet˺, hoping that you would attribute something else to Us falsely—and then they would have certainly taken you as a close friend.</text>
      </translation>
    </translations>
    <rules>[{"start": 106, "end": 113, "rule_id": 5}, {"start": 4, "end": 8, "rule_id": 6}]</rules>
  </verse>
  <verse>
    <verseIdArabic>٧٤</verseIdArabic>
    <verseId>74</verseId>
    <chapterId>17</chapterId>
    <textIndopak>وَلَوۡلَآ أَن ثَبَّتۡنَٰكَ لَقَدۡ كِدتَّ تَرۡكَنُ إِلَيۡهِمۡ شَيۡـٔٗا قَلِيلًا</textIndopak>
    <translations>
      <translation>
        <author>Dr. Mustafa Khattab, the Clear Quran</author>
        <text>Had We not made you steadfast, you probably would have inclined to them a little,</text>
      </translation>
    </translations>
    <rules>[{"start": 32, "end": 34, "rule_id": 1}, {"start": 13, "end": 17, "rule_id": 6}]</rules>
  </verse>
  <verse>
    <verseIdArabic>٧٥</verseIdArabic>
    <verseId>75</verseId>
    <chapterId>17</chapterId>
    <textIndopak>إِذٗا لَّأَذَقۡنَٰكَ ضِعۡفَ ٱلۡحَيَوٰةِ وَضِعۡفَ ٱلۡمَمَاتِ ثُمَّ لَا تَجِدُ لَكَ عَلَيۡنَا نَصِيرٗا</textIndopak>
    <translations>
      <translation>
        <author>Dr. Mustafa Khattab, the Clear Quran</author>
        <text>and then We truly would have made you taste double ˹punishment˺ both in this life and after death, and you would have found no helper against Us.</text>
      </translation>
    </translations>
    <rules>[{"start": 62, "end": 65, "rule_id": 0}, {"start": 13, "end": 15, "rule_id": 1}, {"start": 2, "end": 9, "rule_id": 5}]</rules>
  </verse>
  <verse>
    <verseIdArabic>٧٦</verseIdArabic>
    <verseId>76</verseId>
    <chapterId>17</chapterId>
    <textIndopak>وَإِن كَادُواْ لَيَسۡتَفِزُّونَكَ مِنَ ٱلۡأَرۡضِ لِيُخۡرِجُوكَ مِنۡهَاۖ وَإِذٗا لَّا يَلۡبَثُونَ خِلَٰفَكَ إِلَّا قَلِيلٗا</textIndopak>
    <translations>
      <translation>
        <author>Dr. Mustafa Khattab, the Clear Quran</author>
        <text>They were about to intimidate you to drive you out of the land ˹of Mecca˺, but then they would not have survived after you ˹had left˺ except for a little while.</text>
      </translation>
    </translations>
    <rules>[{"start": 77, "end": 84, "rule_id": 5}, {"start": 4, "end": 8, "rule_id": 6}]</rules>
  </verse>
  <verse>
    <verseIdArabic>٧٧</verseIdArabic>
    <verseId>77</verseId>
    <chapterId>17</chapterId>
    <textIndopak>سُنَّةَ مَن قَدۡ أَرۡسَلۡنَا قَبۡلَكَ مِن رُّسُلِنَاۖ وَلَا تَجِدُ لِسُنَّتِنَا تَحۡوِيلًا</textIndopak>
    <translations>
      <translation>
        <author>Dr. Mustafa Khattab, the Clear Quran</author>
        <text>˹This has been˺ Our way with the messengers We sent before you. And you will never find any change in Our way.</text>
      </translation>
    </translations>
    <rules>[{"start": 2, "end": 5, "rule_id": 0}, {"start": 72, "end": 75, "rule_id": 0}, {"start": 14, "end": 16, "rule_id": 1}, {"start": 31, "end": 33, "rule_id": 1}, {"start": 40, "end": 45, "rule_id": 5}, {"start": 10, "end": 14, "rule_id": 6}]</rules>
  </verse>
  <verse>
    <verseIdArabic>٧٨</verseIdArabic>
    <verseId>78</verseId>
    <chapterId>17</chapterId>
    <textIndopak>أَقِمِ ٱلصَّلَوٰةَ لِدُلُوكِ ٱلشَّمۡسِ إِلَىٰ غَسَقِ ٱلَّيۡلِ وَقُرۡءَانَ ٱلۡفَجۡرِۖ إِنَّ قُرۡءَانَ ٱلۡفَجۡرِ كَانَ مَشۡهُودٗا</textIndopak>
    <translations>
      <translation>
        <author>Dr. Mustafa Khattab, the Clear Quran</author>
        <text>Observe the prayer from the decline of the sun until the darkness of the night and the dawn prayer, for certainly the dawn prayer is witnessed ˹by angels˺.</text>
      </translation>
    </translations>
    <rules>[{"start": 88, "end": 91, "rule_id": 0}, {"start": 79, "end": 81, "rule_id": 1}, {"start": 107, "end": 109, "rule_id": 1}]</rules>
  </verse>
  <verse>
    <verseIdArabic>٧٩</verseIdArabic>
    <verseId>79</verseId>
    <chapterId>17</chapterId>
    <textIndopak>وَمِنَ ٱلَّيۡلِ فَتَهَجَّدۡ بِهِۦ نَافِلَةٗ لَّكَ عَسَىٰٓ أَن يَبۡعَثَكَ رَبُّكَ مَقَامٗا مَّحۡمُودٗا</textIndopak>
    <translations>
      <translation>
        <author>Dr. Mustafa Khattab, the Clear Quran</author>
        <text>And rise at ˹the last˺ part of the night, offering additional prayers, so your Lord may raise you to a station of praise.</text>
      </translation>
    </translations>
    <rules>[{"start": 90, "end": 93, "rule_id": 0}, {"start": 25, "end": 27, "rule_id": 1}, {"start": 64, "end": 66, "rule_id": 1}, {"start": 60, "end": 64, "rule_id": 3}, {"start": 86, "end": 93, "rule_id": 3}, {"start": 41, "end": 47, "rule_id": 5}]</rules>
  </verse>
  <verse>
    <verseIdArabic>٨٠</verseIdArabic>
    <verseId>80</verseId>
    <chapterId>17</chapterId>
    <textIndopak>وَقُل رَّبِّ أَدۡخِلۡنِي مُدۡخَلَ صِدۡقٖ وَأَخۡرِجۡنِي مُخۡرَجَ صِدۡقٖ وَٱجۡعَل لِّي مِن لَّدُنكَ سُلۡطَٰنٗا نَّصِيرٗا</textIndopak>
    <translations>
      <translation>
        <author>Dr. Mustafa Khattab, the Clear Quran</author>
        <text>And say, “My Lord! Grant me an honourable entrance and an honourable exit and give me a supporting authority from Yourself.”</text>
      </translation>
    </translations>
    <rules>[{"start": 109, "end": 112, "rule_id": 0}, {"start": 15, "end": 17, "rule_id": 1}, {"start": 27, "end": 29, "rule_id": 1}, {"start": 36, "end": 38, "rule_id": 1}, {"start": 49, "end": 51, "rule_id": 1}, {"start": 66, "end": 68, "rule_id": 1}, {"start": 74, "end": 76, "rule_id": 1}, {"start": 38, "end": 43, "rule_id": 3}, {"start": 68, "end": 73, "rule_id": 3}, {"start": 105, "end": 112, "rule_id": 3}, {"start": 87, "end": 92, "rule_id": 5}, {"start": 94, "end": 97, "rule_id": 6}]</rules>
  </verse>
  <verse>
    <verseIdArabic>٨١</verseIdArabic>
    <verseId>81</verseId>
    <chapterId>17</chapterId>
    <textIndopak>وَقُلۡ جَآءَ ٱلۡحَقُّ وَزَهَقَ ٱلۡبَٰطِلُۚ إِنَّ ٱلۡبَٰطِلَ كَانَ زَهُوقٗا</textIndopak>
    <translations>
      <translation>
        <author>Dr. Mustafa Khattab, the Clear Quran</author>
        <text>And declare, “The truth has come and falsehood has vanished. Indeed, falsehood is bound to vanish.”</text>
      </translation>
    </translations>
    <rules>[{"start": 47, "end": 50, "rule_id": 0}]</rules>
  </verse>
  <verse>
    <verseIdArabic>٨٢</verseIdArabic>
    <verseId>82</verseId>
    <chapterId>17</chapterId>
    <textIndopak>وَنُنَزِّلُ مِنَ ٱلۡقُرۡءَانِ مَا هُوَ شِفَآءٞ وَرَحۡمَةٞ لِّلۡمُؤۡمِنِينَ وَلَا يَزِيدُ ٱلظَّٰلِمِينَ إِلَّا خَسَارٗا</textIndopak>
    <translations>
      <translation>
        <author>Dr. Mustafa Khattab, the Clear Quran</author>
        <text>We send down the Quran as a healing and mercy for the believers, but it only increases the wrongdoers in loss.</text>
      </translation>
    </translations>
    <rules>[{"start": 45, "end": 50, "rule_id": 3}, {"start": 56, "end": 62, "rule_id": 5}]</rules>
  </verse>
  <verse>
    <verseIdArabic>٨٣</verseIdArabic>
    <verseId>83</verseId>
    <chapterId>17</chapterId>
    <textIndopak>وَإِذَآ أَنۡعَمۡنَا عَلَى ٱلۡإِنسَٰنِ أَعۡرَضَ وَنَـَٔا بِجَانِبِهِۦ وَإِذَا مَسَّهُ ٱلشَّرُّ كَانَ يَـُٔوسٗا</textIndopak>
    <translations>
      <translation>
        <author>Dr. Mustafa Khattab, the Clear Quran</author>
        <text>When We grant people Our favours, they turn away, acting arrogantly. But when touched with evil, they lose all hope.</text>
      </translation>
    </translations>
    <rules>[{"start": 32, "end": 36, "rule_id": 6}]</rules>
  </verse>
  <verse>
    <verseIdArabic>٨٤</verseIdArabic>
    <verseId>84</verseId>
    <chapterId>17</chapterId>
    <textIndopak>قُلۡ كُلّٞ يَعۡمَلُ عَلَىٰ شَاكِلَتِهِۦ فَرَبُّكُمۡ أَعۡلَمُ بِمَنۡ هُوَ أَهۡدَىٰ سَبِيلٗا</textIndopak>
    <translations>
      <translation>
        <author>Dr. Mustafa Khattab, the Clear Quran</author>
        <text>Say, ˹O Prophet,˺ “Everyone acts in their own way. But your Lord knows best whose way is rightly guided.”</text>
      </translation>
    </translations>
    <rules>[{"start": 7, "end": 13, "rule_id": 3}]</rules>
  </verse>
  <verse>
    <verseIdArabic>٨٥</verseIdArabic>
    <verseId>85</verseId>
    <chapterId>17</chapterId>
    <textIndopak>وَيَسۡـَٔلُونَكَ عَنِ ٱلرُّوحِۖ قُلِ ٱلرُّوحُ مِنۡ أَمۡرِ رَبِّي وَمَآ أُوتِيتُم مِّنَ ٱلۡعِلۡمِ إِلَّا قَلِيلٗا</textIndopak>
    <translations>
      <translation>
        <author>Dr. Mustafa Khattab, the Clear Quran</author>
        <text>They ask you ˹O Prophet˺ about the spirit. Say, “Its nature is known only to my Lord, and you ˹O humanity˺ have been given but little knowledge.”</text>
      </translation>
    </translations>
    <rules>[{"start": 83, "end": 86, "rule_id": 0}, {"start": 81, "end": 86, "rule_id": 4}]</rules>
  </verse>
  <verse>
    <verseIdArabic>٨٦</verseIdArabic>
    <verseId>86</verseId>
    <chapterId>17</chapterId>
    <textIndopak>وَلَئِن شِئۡنَا لَنَذۡهَبَنَّ بِٱلَّذِيٓ أَوۡحَيۡنَآ إِلَيۡكَ ثُمَّ لَا تَجِدُ لَكَ بِهِۦ عَلَيۡنَا وَكِيلًا</textIndopak>
    <translations>
      <translation>
        <author>Dr. Mustafa Khattab, the Clear Quran</author>
        <text>If We willed, We could have certainly taken away what We have revealed to you ˹O Prophet˺—then you would find none to guarantee its return from Us—</text>
      </translation>
    </translations>
    <rules>[{"start": 26, "end": 29, "rule_id": 0}, {"start": 65, "end": 68, "rule_id": 0}, {"start": 6, "end": 10, "rule_id": 6}]</rules>
  </verse>
  <verse>
    <verseIdArabic>٨٧</verseIdArabic>
    <verseId>87</verseId>
    <chapterId>17</chapterId>
    <textIndopak>إِلَّا رَحۡمَةٗ مِّن رَّبِّكَۚ إِنَّ فَضۡلَهُۥ كَانَ عَلَيۡكَ كَبِيرٗا</textIndopak>
    <translations>
      <translation>
        <author>Dr. Mustafa Khattab, the Clear Quran</author>
        <text>had it not been for the mercy of your Lord. Indeed, His favour upon you is immense.</text>
      </translation>
    </translations>
    <rules>[{"start": 16, "end": 19, "rule_id": 0}, {"start": 34, "end": 37, "rule_id": 0}, {"start": 13, "end": 19, "rule_id": 3}, {"start": 19, "end": 24, "rule_id": 5}]</rules>
  </verse>
  <verse>
    <verseIdArabic>٨٨</verseIdArabic>
    <verseId>88</verseId>
    <chapterId>17</chapterId>
    <textIndopak>قُل لَّئِنِ ٱجۡتَمَعَتِ ٱلۡإِنسُ وَٱلۡجِنُّ عَلَىٰٓ أَن يَأۡتُواْ بِمِثۡلِ هَٰذَا ٱلۡقُرۡءَانِ لَا يَأۡتُونَ بِمِثۡلِهِۦ وَلَوۡ كَانَ بَعۡضُهُمۡ لِبَعۡضٖ ظَهِيرٗا</textIndopak>
    <translations>
      <translation>
        <author>Dr. Mustafa Khattab, the Clear Quran</author>
        <text>Say, ˹O Prophet,˺ “If ˹all˺ humans and jinn were to come together to produce the equivalent of this Quran, they could not produce its equal, no matter how they supported each other.”</text>
      </translation>
    </translations>
    <rules>[{"start": 40, "end": 43, "rule_id": 0}, {"start": 13, "end": 15, "rule_id": 1}, {"start": 54, "end": 58, "rule_id": 3}, {"start": 29, "end": 32, "rule_id": 6}, {"start": 151, "end": 156, "rule_id": 6}]</rules>
  </verse>
  <verse>
    <verseIdArabic>٨٩</verseIdArabic>
    <verseId>89</verseId>
    <chapterId>17</chapterId>
    <textIndopak>وَلَقَدۡ صَرَّفۡنَا لِلنَّاسِ فِي هَٰذَا ٱلۡقُرۡءَانِ مِن كُلِّ مَثَلٖ فَأَبَىٰٓ أَكۡثَرُ ٱلنَّاسِ إِلَّا كُفُورٗا</textIndopak>
    <translations>
      <translation>
        <author>Dr. Mustafa Khattab, the Clear Quran</author>
        <text>And We have truly set forth every ˹kind of˺ lesson for humanity in this Quran, yet most people persist in disbelief.</text>
      </translation>
    </translations>
    <rules>[{"start": 23, "end": 26, "rule_id": 0}, {"start": 92, "end": 95, "rule_id": 0}, {"start": 6, "end": 8, "rule_id": 1}, {"start": 56, "end": 60, "rule_id": 6}, {"start": 68, "end": 73, "rule_id": 6}]</rules>
  </verse>
  <verse>
    <verseIdArabic>٩٠</verseIdArabic>
    <verseId>90</verseId>
    <chapterId>17</chapterId>
    <textIndopak>وَقَالُواْ لَن نُّؤۡمِنَ لَكَ حَتَّىٰ تَفۡجُرَ لَنَا مِنَ ٱلۡأَرۡضِ يَنۢبُوعًا</textIndopak>
    <translations>
      <translation>
        <author>Dr. Mustafa Khattab, the Clear Quran</author>
        <text>They challenge ˹the Prophet˺, “We will never believe in you until you cause a spring to gush forth from the earth for us,</text>
      </translation>
    </translations>
    <rules>[{"start": 15, "end": 18, "rule_id": 0}, {"start": 70, "end": 74, "rule_id": 2}, {"start": 13, "end": 18, "rule_id": 3}]</rules>
  </verse>
  <verse>
    <verseIdArabic>٩١</verseIdArabic>
    <verseId>91</verseId>
    <chapterId>17</chapterId>
    <textIndopak>أَوۡ تَكُونَ لَكَ جَنَّةٞ مِّن نَّخِيلٖ وَعِنَبٖ فَتُفَجِّرَ ٱلۡأَنۡهَٰرَ خِلَٰلَهَا تَفۡجِيرًا</textIndopak>
    <translations>
      <translation>
        <author>Dr. Mustafa Khattab, the Clear Quran</author>
        <text>or until you have a garden of palm trees and vineyards, and cause rivers to flow abundantly in it,</text>
      </translation>
    </translations>
    <rules>[{"start": 20, "end": 23, "rule_id": 0}, {"start": 26, "end": 29, "rule_id": 0}, {"start": 31, "end": 34, "rule_id": 0}, {"start": 29, "end": 34, "rule_id": 3}, {"start": 23, "end": 29, "rule_id": 3}, {"start": 37, "end": 42, "rule_id": 3}, {"start": 46, "end": 51, "rule_id": 6}]</rules>
  </verse>
  <verse>
    <verseIdArabic>٩٢</verseIdArabic>
    <verseId>92</verseId>
    <chapterId>17</chapterId>
    <textIndopak>أَوۡ تُسۡقِطَ ٱلسَّمَآءَ كَمَا زَعَمۡتَ عَلَيۡنَا كِسَفًا أَوۡ تَأۡتِيَ بِٱللَّهِ وَٱلۡمَلَٰٓئِكَةِ قَبِيلًا</textIndopak>
    <translations>
      <translation>
        <author>Dr. Mustafa Khattab, the Clear Quran</author>
        <text>or cause the sky to fall upon us in pieces, as you have claimed, or bring Allah and the angels before us, face to face,</text>
      </translation>
    </translations>
  </verse>
  <verse>
    <verseIdArabic>٩٣</verseIdArabic>
    <verseId>93</verseId>
    <chapterId>17</chapterId>
    <textIndopak>أَوۡ يَكُونَ لَكَ بَيۡتٞ مِّن زُخۡرُفٍ أَوۡ تَرۡقَىٰ فِي ٱلسَّمَآءِ وَلَن نُّؤۡمِنَ لِرُقِيِّكَ حَتَّىٰ تُنَزِّلَ عَلَيۡنَا كِتَٰبٗا نَّقۡرَؤُهُۥۗ قُلۡ سُبۡحَانَ رَبِّي هَلۡ كُنتُ إِلَّا بَشَرٗا رَّسُولٗا</textIndopak>
    <translations>
      <translation>
        <author>Dr. Mustafa Khattab, the Clear Quran</author>
        <text>or until you have a house of gold, or you ascend into heaven—and even then we will not believe in your ascension until you bring down to us a book that we can read.” Say, “Glory be to my Lord! Am I not only a human messenger?”</text>
      </translation>
    </translations>
    <rules>[{"start": 25, "end": 28, "rule_id": 0}, {"start": 75, "end": 78, "rule_id": 0}, {"start": 134, "end": 137, "rule_id": 0}, {"start": 137, "end": 139, "rule_id": 1}, {"start": 156, "end": 158, "rule_id": 1}, {"start": 73, "end": 78, "rule_id": 3}, {"start": 22, "end": 28, "rule_id": 3}, {"start": 130, "end": 137, "rule_id": 3}, {"start": 193, "end": 200, "rule_id": 5}, {"start": 28, "end": 32, "rule_id": 6}, {"start": 178, "end": 181, "rule_id": 6}]</rules>
  </verse>
  <verse>
    <verseIdArabic>٩٤</verseIdArabic>
    <verseId>94</verseId>
    <chapterId>17</chapterId>
    <textIndopak>وَمَا مَنَعَ ٱلنَّاسَ أَن يُؤۡمِنُوٓاْ إِذۡ جَآءَهُمُ ٱلۡهُدَىٰٓ إِلَّآ أَن قَالُوٓاْ أَبَعَثَ ٱللَّهُ بَشَرٗا رَّسُولٗا</textIndopak>
    <translations>
      <translation>
        <author>Dr. Mustafa Khattab, the Clear Quran</author>
        <text>And nothing has prevented people from believing when guidance comes to them except their protest: “Has Allah sent a human as a messenger?”</text>
      </translation>
    </translations>
    <rules>[{"start": 15, "end": 18, "rule_id": 0}, {"start": 24, "end": 28, "rule_id": 3}, {"start": 109, "end": 116, "rule_id": 5}, {"start": 76, "end": 80, "rule_id": 6}]</rules>
  </verse>
  <verse>
    <verseIdArabic>٩٥</verseIdArabic>
    <verseId>95</verseId>
    <chapterId>17</chapterId>
    <textIndopak>قُل لَّوۡ كَانَ فِي ٱلۡأَرۡضِ مَلَٰٓئِكَةٞ يَمۡشُونَ مُطۡمَئِنِّينَ لَنَزَّلۡنَا عَلَيۡهِم مِّنَ ٱلسَّمَآءِ مَلَكٗا رَّسُولٗا</textIndopak>
    <translations>
      <translation>
        <author>Dr. Mustafa Khattab, the Clear Quran</author>
        <text>Say, ˹O Prophet,˺ “Had there been angels walking the earth, well settled, We would have surely sent down for them an angel from heaven as a messenger.”</text>
      </translation>
    </translations>
    <rules>[{"start": 61, "end": 64, "rule_id": 0}, {"start": 91, "end": 94, "rule_id": 0}, {"start": 55, "end": 57, "rule_id": 1}, {"start": 40, "end": 45, "rule_id": 3}, {"start": 89, "end": 94, "rule_id": 4}, {"start": 113, "end": 120, "rule_id": 5}]</rules>
  </verse>
  <verse>
    <verseIdArabic>٩٦</verseIdArabic>
    <verseId>96</verseId>
    <chapterId>17</chapterId>
    <textIndopak>قُلۡ كَفَىٰ بِٱللَّهِ شَهِيدَۢا بَيۡنِي وَبَيۡنَكُمۡۚ إِنَّهُۥ كَانَ بِعِبَادِهِۦ خَبِيرَۢا بَصِيرٗا</textIndopak>
    <translations>
      <translation>
        <author>Dr. Mustafa Khattab, the Clear Quran</author>
        <text>Say, “Sufficient is Allah as a Witness between me and you. He is certainly All-Knowing, All-Seeing of His servants.”</text>
      </translation>
    </translations>
    <rules>[{"start": 57, "end": 60, "rule_id": 0}]</rules>
  </verse>
  <verse>
    <verseIdArabic>٩٧</verseIdArabic>
    <verseId>97</verseId>
    <chapterId>17</chapterId>
    <textIndopak>وَمَن يَهۡدِ ٱللَّهُ فَهُوَ ٱلۡمُهۡتَدِۖ وَمَن يُضۡلِلۡ فَلَن تَجِدَ لَهُمۡ أَوۡلِيَآءَ مِن دُونِهِۦۖ وَنَحۡشُرُهُمۡ يَوۡمَ ٱلۡقِيَٰمَةِ عَلَىٰ وُجُوهِهِمۡ عُمۡيٗا وَبُكۡمٗا وَصُمّٗاۖ مَّأۡوَىٰهُمۡ جَهَنَّمُۖ كُلَّمَا خَبَتۡ زِدۡنَٰهُمۡ سَعِيرٗا</textIndopak>
    <translations>
      <translation>
        <author>Dr. Mustafa Khattab, the Clear Quran</author>
        <text>Whoever Allah guides is truly guided. And whoever He leaves to stray, you will find no guardians for them besides Him. And We will drag them on their faces on the Day of Judgment—deaf, dumb, and blind. Hell will be their home. Whenever it dies down, We will flare it up for them.</text>
      </translation>
    </translations>
    <rules>[{"start": 181, "end": 184, "rule_id": 0}, {"start": 188, "end": 191, "rule_id": 0}, {"start": 206, "end": 209, "rule_id": 0}, {"start": 232, "end": 234, "rule_id": 1}, {"start": 4, "end": 8, "rule_id": 3}, {"start": 46, "end": 50, "rule_id": 3}, {"start": 163, "end": 169, "rule_id": 3}, {"start": 173, "end": 179, "rule_id": 3}, {"start": 181, "end": 191, "rule_id": 3}, {"start": 61, "end": 65, "rule_id": 6}, {"start": 92, "end": 96, "rule_id": 6}]</rules>
  </verse>
  <verse>
    <verseIdArabic>٩٨</verseIdArabic>
    <verseId>98</verseId>
    <chapterId>17</chapterId>
    <textIndopak>ذَٰلِكَ جَزَآؤُهُم بِأَنَّهُمۡ كَفَرُواْ بِـَٔايَٰتِنَا وَقَالُوٓاْ أَءِذَا كُنَّا عِظَٰمٗا وَرُفَٰتًا أَءِنَّا لَمَبۡعُوثُونَ خَلۡقٗا جَدِيدًا</textIndopak>
    <translations>
      <translation>
        <author>Dr. Mustafa Khattab, the Clear Quran</author>
        <text>That is their reward for rejecting Our signs and asking ˹mockingly˺, “When we are reduced to bones and ashes, will we really be raised as a new creation?”</text>
      </translation>
    </translations>
    <rules>[{"start": 24, "end": 27, "rule_id": 0}, {"start": 79, "end": 82, "rule_id": 0}, {"start": 108, "end": 111, "rule_id": 0}, {"start": 117, "end": 119, "rule_id": 1}, {"start": 89, "end": 95, "rule_id": 3}, {"start": 18, "end": 22, "rule_id": 7}]</rules>
  </verse>
  <verse>
    <verseIdArabic>٩٩</verseIdArabic>
    <verseId>99</verseId>
    <chapterId>17</chapterId>
    <textIndopak>۞ أَوَلَمۡ يَرَوۡاْ أَنَّ ٱللَّهَ ٱلَّذِي خَلَقَ ٱلسَّمَٰوَٰتِ وَٱلۡأَرۡضَ قَادِرٌ عَلَىٰٓ أَن يَخۡلُقَ مِثۡلَهُمۡ وَجَعَلَ لَهُمۡ أَجَلٗا لَّا رَيۡبَ فِيهِ فَأَبَى ٱلظَّٰلِمُونَ إِلَّا كُفُورٗا</textIndopak>
    <translations>
      <translation>
        <author>Dr. Mustafa Khattab, the Clear Quran</author>
        <text>Have they not realized that Allah, Who created the heavens and the earth, can ˹easily˺ re-create them? He has ˹already˺ set for them a time, about which there is no doubt. But the wrongdoers persist in denial.</text>
      </translation>
    </translations>
    <rules>[{"start": 22, "end": 25, "rule_id": 0}, {"start": 93, "end": 97, "rule_id": 3}, {"start": 135, "end": 142, "rule_id": 5}]</rules>
  </verse>
  <verse>
    <verseIdArabic>١٠٠</verseIdArabic>
    <verseId>100</verseId>
    <chapterId>17</chapterId>
    <textIndopak>قُل لَّوۡ أَنتُمۡ تَمۡلِكُونَ خَزَآئِنَ رَحۡمَةِ رَبِّيٓ إِذٗا لَّأَمۡسَكۡتُمۡ خَشۡيَةَ ٱلۡإِنفَاقِۚ وَكَانَ ٱلۡإِنسَٰنُ قَتُورٗا</textIndopak>
    <translations>
      <translation>
        <author>Dr. Mustafa Khattab, the Clear Quran</author>
        <text>Say ˹to them, O Prophet˺, “Even if you were to possess the ˹infinite˺ treasuries of my Lord’s mercy, then you would certainly withhold ˹them˺, fearing they would run out—for humankind is ever stingy!”</text>
      </translation>
    </translations>
    <rules>[{"start": 60, "end": 67, "rule_id": 5}, {"start": 12, "end": 15, "rule_id": 6}, {"start": 94, "end": 97, "rule_id": 6}, {"start": 116, "end": 120, "rule_id": 6}]</rules>
  </verse>
  <verse>
    <verseIdArabic>١٠١</verseIdArabic>
    <verseId>101</verseId>
    <chapterId>17</chapterId>
    <textIndopak>وَلَقَدۡ ءَاتَيۡنَا مُوسَىٰ تِسۡعَ ءَايَٰتِۭ بَيِّنَٰتٖۖ فَسۡـَٔلۡ بَنِيٓ إِسۡرَٰٓءِيلَ إِذۡ جَآءَهُمۡ فَقَالَ لَهُۥ فِرۡعَوۡنُ إِنِّي لَأَظُنُّكَ يَٰمُوسَىٰ مَسۡحُورٗا</textIndopak>
    <translations>
      <translation>
        <author>Dr. Mustafa Khattab, the Clear Quran</author>
        <text>We surely gave Moses nine clear signs. ˹You, O Prophet, can˺ ask the Children of Israel. When Moses came to them, Pharaoh said to him, “I really think that you, O Moses, are bewitched.”</text>
      </translation>
    </translations>
    <rules>[{"start": 132, "end": 135, "rule_id": 0}, {"start": 143, "end": 146, "rule_id": 0}, {"start": 6, "end": 8, "rule_id": 1}, {"start": 41, "end": 47, "rule_id": 2}]</rules>
  </verse>
  <verse>
    <verseIdArabic>١٠٢</verseIdArabic>
    <verseId>102</verseId>
    <chapterId>17</chapterId>
    <textIndopak>قَالَ لَقَدۡ عَلِمۡتَ مَآ أَنزَلَ هَٰٓؤُلَآءِ إِلَّا رَبُّ ٱلسَّمَٰوَٰتِ وَٱلۡأَرۡضِ بَصَآئِرَ وَإِنِّي لَأَظُنُّكَ يَٰفِرۡعَوۡنُ مَثۡبُورٗا</textIndopak>
    <translations>
      <translation>
        <author>Dr. Mustafa Khattab, the Clear Quran</author>
        <text>Moses replied, “You know well that none has sent these ˹signs˺ down except the Lord of the heavens and the earth as insights. And I really think that you, O Pharaoh, are doomed.”</text>
      </translation>
    </translations>
    <rules>[{"start": 102, "end": 105, "rule_id": 0}, {"start": 113, "end": 116, "rule_id": 0}, {"start": 10, "end": 12, "rule_id": 1}, {"start": 29, "end": 32, "rule_id": 6}]</rules>
  </verse>
  <verse>
    <verseIdArabic>١٠٣</verseIdArabic>
    <verseId>103</verseId>
    <chapterId>17</chapterId>
    <textIndopak>فَأَرَادَ أَن يَسۡتَفِزَّهُم مِّنَ ٱلۡأَرۡضِ فَأَغۡرَقۡنَٰهُ وَمَن مَّعَهُۥ جَمِيعٗا</textIndopak>
    <translations>
      <translation>
        <author>Dr. Mustafa Khattab, the Clear Quran</author>
        <text>So Pharaoh wanted to scare the Israelites out of the land ˹of Egypt˺, but We drowned him and all of those with him.</text>
      </translation>
    </translations>
    <rules>[{"start": 29, "end": 32, "rule_id": 0}, {"start": 67, "end": 70, "rule_id": 0}, {"start": 53, "end": 55, "rule_id": 1}, {"start": 12, "end": 16, "rule_id": 3}, {"start": 65, "end": 70, "rule_id": 3}, {"start": 27, "end": 32, "rule_id": 4}]</rules>
  </verse>
  <verse>
    <verseIdArabic>١٠٤</verseIdArabic>
    <verseId>104</verseId>
    <chapterId>17</chapterId>
    <textIndopak>وَقُلۡنَا مِنۢ بَعۡدِهِۦ لِبَنِيٓ إِسۡرَٰٓءِيلَ ٱسۡكُنُواْ ٱلۡأَرۡضَ فَإِذَا جَآءَ وَعۡدُ ٱلۡأٓخِرَةِ جِئۡنَا بِكُمۡ لَفِيفٗا</textIndopak>
    <translations>
      <translation>
        <author>Dr. Mustafa Khattab, the Clear Quran</author>
        <text>And We said to the Children of Israel after Pharaoh, “Reside in the land, but when the promise of the Hereafter comes to pass, We will bring you all together.”</text>
      </translation>
    </translations>
    <rules>[{"start": 12, "end": 17, "rule_id": 2}]</rules>
  </verse>
  <verse>
    <verseIdArabic>١٠٥</verseIdArabic>
    <verseId>105</verseId>
    <chapterId>17</chapterId>
    <textIndopak>وَبِٱلۡحَقِّ أَنزَلۡنَٰهُ وَبِٱلۡحَقِّ نَزَلَۗ وَمَآ أَرۡسَلۡنَٰكَ إِلَّا مُبَشِّرٗا وَنَذِيرٗا</textIndopak>
    <translations>
      <translation>
        <author>Dr. Mustafa Khattab, the Clear Quran</author>
        <text>We have sent down the Quran in truth, and with the truth it has come down. We have sent you ˹O Prophet˺ only as a deliverer of good news and a warner.</text>
      </translation>
    </translations>
    <rules>[{"start": 83, "end": 89, "rule_id": 3}, {"start": 15, "end": 18, "rule_id": 6}]</rules>
  </verse>
  <verse>
    <verseIdArabic>١٠٦</verseIdArabic>
    <verseId>106</verseId>
    <chapterId>17</chapterId>
    <textIndopak>وَقُرۡءَانٗا فَرَقۡنَٰهُ لِتَقۡرَأَهُۥ عَلَى ٱلنَّاسِ عَلَىٰ مُكۡثٖ وَنَزَّلۡنَٰهُ تَنزِيلٗا</textIndopak>
    <translations>
      <translation>
        <author>Dr. Mustafa Khattab, the Clear Quran</author>
        <text>˹It is˺ a Quran We have revealed in stages so that you may recite it to people at a deliberate pace. And We have sent it down in successive revelations.</text>
      </translation>
    </translations>
    <rules>[{"start": 47, "end": 50, "rule_id": 0}, {"start": 17, "end": 19, "rule_id": 1}, {"start": 29, "end": 31, "rule_id": 1}, {"start": 65, "end": 70, "rule_id": 3}, {"start": 85, "end": 88, "rule_id": 6}]</rules>
  </verse>
  <verse>
    <verseIdArabic>١٠٧</verseIdArabic>
    <verseId>107</verseId>
    <chapterId>17</chapterId>
    <textIndopak>قُلۡ ءَامِنُواْ بِهِۦٓ أَوۡ لَا تُؤۡمِنُوٓاْۚ إِنَّ ٱلَّذِينَ أُوتُواْ ٱلۡعِلۡمَ مِن قَبۡلِهِۦٓ إِذَا يُتۡلَىٰ عَلَيۡهِمۡ يَخِرُّونَۤ لِلۡأَذۡقَانِۤ سُجَّدٗاۤ</textIndopak>
    <translations>
      <translation>
        <author>Dr. Mustafa Khattab, the Clear Quran</author>
        <text>Say, ˹O Prophet,˺ “Believe in this ˹Quran˺, or do not. Indeed, when it is recited to those who were gifted with knowledge before it ˹was revealed˺, they fall upon their faces in prostration,</text>
      </translation>
    </translations>
    <rules>[{"start": 49, "end": 52, "rule_id": 0}, {"start": 88, "end": 90, "rule_id": 1}, {"start": 84, "end": 88, "rule_id": 6}]</rules>
  </verse>
  <verse>
    <verseIdArabic>١٠٨</verseIdArabic>
    <verseId>108</verseId>
    <chapterId>17</chapterId>
    <textIndopak>وَيَقُولُونَ سُبۡحَٰنَ رَبِّنَآ إِن كَانَ وَعۡدُ رَبِّنَا لَمَفۡعُولٗا</textIndopak>
    <translations>
      <translation>
        <author>Dr. Mustafa Khattab, the Clear Quran</author>
        <text>and say, ‘Glory be to our Lord! Surely the promise of our Lord has been fulfilled.’</text>
      </translation>
    </translations>
    <rules>[{"start": 15, "end": 17, "rule_id": 1}, {"start": 35, "end": 39, "rule_id": 6}]</rules>
  </verse>
  <verse>
    <verseIdArabic>١٠٩</verseIdArabic>
    <verseId>109</verseId>
    <chapterId>17</chapterId>
    <textIndopak>وَيَخِرُّونَ لِلۡأَذۡقَانِ يَبۡكُونَ وَيَزِيدُهُمۡ خُشُوعٗا۩</textIndopak>
    <translations>
      <translation>
        <author>Dr. Mustafa Khattab, the Clear Quran</author>
        <text>And they fall down upon their faces weeping, and it increases them in humility.”</text>
      </translation>
    </translations>
    <rules>[{"start": 29, "end": 31, "rule_id": 1}]</rules>
  </verse>
  <verse>
    <verseIdArabic>١١٠</verseIdArabic>
    <verseId>110</verseId>
    <chapterId>17</chapterId>
    <textIndopak>قُلِ ٱدۡعُواْ ٱللَّهَ أَوِ ٱدۡعُواْ ٱلرَّحۡمَٰنَۖ أَيّٗا مَّا تَدۡعُواْ فَلَهُ ٱلۡأَسۡمَآءُ ٱلۡحُسۡنَىٰۚ وَلَا تَجۡهَرۡ بِصَلَاتِكَ وَلَا تُخَافِتۡ بِهَا وَٱبۡتَغِ بَيۡنَ ذَٰلِكَ سَبِيلٗا</textIndopak>
    <translations>
      <translation>
        <author>Dr. Mustafa Khattab, the Clear Quran</author>
        <text>Say, ˹O Prophet,˺ “Call upon Allah or call upon the Most Compassionate—whichever you call, He has the Most Beautiful Names.” Do not recite your prayers too loudly or silently, but seek a way between.</text>
      </translation>
    </translations>
    <rules>[{"start": 58, "end": 61, "rule_id": 0}, {"start": 6, "end": 8, "rule_id": 1}, {"start": 28, "end": 30, "rule_id": 1}, {"start": 65, "end": 67, "rule_id": 1}, {"start": 116, "end": 118, "rule_id": 1}, {"start": 160, "end": 162, "rule_id": 1}, {"start": 53, "end": 61, "rule_id": 3}]</rules>
  </verse>
  <verse>
    <verseIdArabic>١١١</verseIdArabic>
    <verseId>111</verseId>
    <chapterId>17</chapterId>
    <textIndopak>وَقُلِ ٱلۡحَمۡدُ لِلَّهِ ٱلَّذِي لَمۡ يَتَّخِذۡ وَلَدٗا وَلَمۡ يَكُن لَّهُۥ شَرِيكٞ فِي ٱلۡمُلۡكِ وَلَمۡ يَكُن لَّهُۥ وَلِيّٞ مِّنَ ٱلذُّلِّۖ وَكَبِّرۡهُ تَكۡبِيرَۢا</textIndopak>
    <translations>
      <translation>
        <author>Dr. Mustafa Khattab, the Clear Quran</author>
        <text>And say, “All praise is for Allah, Who has never had ˹any˺ offspring; nor does He have a partner in ˹governing˺ the kingdom; nor is He pathetic, needing a protector. And revere Him immensely.”</text>
      </translation>
    </translations>
    <rules>[{"start": 126, "end": 129, "rule_id": 0}, {"start": 52, "end": 58, "rule_id": 3}, {"start": 122, "end": 129, "rule_id": 3}, {"start": 67, "end": 72, "rule_id": 5}, {"start": 109, "end": 114, "rule_id": 5}, {"start": 81, "end": 86, "rule_id": 6}]</rules>
  </verse>
</verses>
