<?xml version="1.0" encoding="UTF-8"?>

<verses>
  <verse>
    <verseIdArabic>١</verseIdArabic>
    <verseId>1</verseId>
    <chapterId>18</chapterId>
    <textIndopak>ٱلۡحَمۡدُ لِلَّهِ ٱلَّذِيٓ أَنزَلَ عَلَىٰ عَبۡدِهِ ٱلۡكِتَٰبَ وَلَمۡ يَجۡعَل لَّهُۥ عِوَجَاۜ</textIndopak>
    <translations>
      <translation>
        <author>Dr. Mustafa Khattab, the Clear Quran</author>
        <text>All praise is for Allah Who has revealed the Book to His servant, allowing no crookedness in it,</text>
      </translation>
    </translations>
    <rules>[{"start": 44, "end": 46, "rule_id": 1}, {"start": 71, "end": 73, "rule_id": 1}, {"start": 29, "end": 32, "rule_id": 6}]</rules>
  </verse>
  <verse>
    <verseIdArabic>٢</verseIdArabic>
    <verseId>2</verseId>
    <chapterId>18</chapterId>
    <textIndopak>قَيِّمٗا لِّيُنذِرَ بَأۡسٗا شَدِيدٗا مِّن لَّدُنۡهُ وَيُبَشِّرَ ٱلۡمُؤۡمِنِينَ ٱلَّذِينَ يَعۡمَلُونَ ٱلصَّٰلِحَٰتِ أَنَّ لَهُمۡ أَجۡرًا حَسَنٗا</textIndopak>
    <translations>
      <translation>
        <author>Dr. Mustafa Khattab, the Clear Quran</author>
        <text>˹making it˺ perfectly upright, to warn ˹the disbelievers˺ of a severe torment from Him; to give good news to the believers—who do good—that they will have a fine reward,</text>
      </translation>
    </translations>
    <rules>[{"start": 37, "end": 40, "rule_id": 0}, {"start": 117, "end": 120, "rule_id": 0}, {"start": 130, "end": 132, "rule_id": 1}, {"start": 33, "end": 40, "rule_id": 3}, {"start": 40, "end": 45, "rule_id": 5}, {"start": 5, "end": 12, "rule_id": 5}, {"start": 14, "end": 17, "rule_id": 6}]</rules>
  </verse>
  <verse>
    <verseIdArabic>٣</verseIdArabic>
    <verseId>3</verseId>
    <chapterId>18</chapterId>
    <textIndopak>مَّٰكِثِينَ فِيهِ أَبَدٗا</textIndopak>
    <translations>
      <translation>
        <author>Dr. Mustafa Khattab, the Clear Quran</author>
        <text>in which they will remain forever;</text>
      </translation>
    </translations>
    <rules>[{"start": 0, "end": 4, "rule_id": 0}]</rules>
  </verse>
  <verse>
    <verseIdArabic>٤</verseIdArabic>
    <verseId>4</verseId>
    <chapterId>18</chapterId>
    <textIndopak>وَيُنذِرَ ٱلَّذِينَ قَالُواْ ٱتَّخَذَ ٱللَّهُ وَلَدٗا</textIndopak>
    <translations>
      <translation>
        <author>Dr. Mustafa Khattab, the Clear Quran</author>
        <text>and to warn those who claim, “Allah has offspring.”</text>
      </translation>
    </translations>
    <rules>[{"start": 4, "end": 7, "rule_id": 6}]</rules>
  </verse>
  <verse>
    <verseIdArabic>٥</verseIdArabic>
    <verseId>5</verseId>
    <chapterId>18</chapterId>
    <textIndopak>مَّا لَهُم بِهِۦ مِنۡ عِلۡمٖ وَلَا لِأٓبَآئِهِمۡۚ كَبُرَتۡ كَلِمَةٗ تَخۡرُجُ مِنۡ أَفۡوَٰهِهِمۡۚ إِن يَقُولُونَ إِلَّا كَذِبٗا</textIndopak>
    <translations>
      <translation>
        <author>Dr. Mustafa Khattab, the Clear Quran</author>
        <text>They have no knowledge of this, nor did their forefathers. What a terrible claim that comes out of their mouths! They say nothing but lies.</text>
      </translation>
    </translations>
    <rules>[{"start": 0, "end": 3, "rule_id": 0}, {"start": 103, "end": 107, "rule_id": 3}, {"start": 26, "end": 31, "rule_id": 3}, {"start": 68, "end": 73, "rule_id": 6}, {"start": 9, "end": 13, "rule_id": 7}]</rules>
  </verse>
  <verse>
    <verseIdArabic>٦</verseIdArabic>
    <verseId>6</verseId>
    <chapterId>18</chapterId>
    <textIndopak>فَلَعَلَّكَ بَٰخِعٞ نَّفۡسَكَ عَلَىٰٓ ءَاثَٰرِهِمۡ إِن لَّمۡ يُؤۡمِنُواْ بِهَٰذَا ٱلۡحَدِيثِ أَسَفًا</textIndopak>
    <translations>
      <translation>
        <author>Dr. Mustafa Khattab, the Clear Quran</author>
        <text>Now, perhaps you ˹O Prophet˺ will grieve yourself to death over their denial, if they ˹continue to˺ disbelieve in this message.</text>
      </translation>
    </translations>
    <rules>[{"start": 20, "end": 23, "rule_id": 0}, {"start": 17, "end": 23, "rule_id": 3}, {"start": 53, "end": 58, "rule_id": 5}]</rules>
  </verse>
  <verse>
    <verseIdArabic>٧</verseIdArabic>
    <verseId>7</verseId>
    <chapterId>18</chapterId>
    <textIndopak>إِنَّا جَعَلۡنَا مَا عَلَى ٱلۡأَرۡضِ زِينَةٗ لَّهَا لِنَبۡلُوَهُمۡ أَيُّهُمۡ أَحۡسَنُ عَمَلٗا</textIndopak>
    <translations>
      <translation>
        <author>Dr. Mustafa Khattab, the Clear Quran</author>
        <text>We have indeed made whatever is on earth as an adornment for it, in order to test which of them is best in deeds.</text>
      </translation>
    </translations>
    <rules>[{"start": 2, "end": 5, "rule_id": 0}, {"start": 56, "end": 58, "rule_id": 1}, {"start": 42, "end": 48, "rule_id": 5}]</rules>
  </verse>
  <verse>
    <verseIdArabic>٨</verseIdArabic>
    <verseId>8</verseId>
    <chapterId>18</chapterId>
    <textIndopak>وَإِنَّا لَجَٰعِلُونَ مَا عَلَيۡهَا صَعِيدٗا جُرُزًا</textIndopak>
    <translations>
      <translation>
        <author>Dr. Mustafa Khattab, the Clear Quran</author>
        <text>And We will certainly reduce whatever is on it to barren ground.</text>
      </translation>
    </translations>
    <rules>[{"start": 4, "end": 7, "rule_id": 0}]</rules>
  </verse>
  <verse>
    <verseIdArabic>٩</verseIdArabic>
    <verseId>9</verseId>
    <chapterId>18</chapterId>
    <textIndopak>أَمۡ حَسِبۡتَ أَنَّ أَصۡحَٰبَ ٱلۡكَهۡفِ وَٱلرَّقِيمِ كَانُواْ مِنۡ ءَايَٰتِنَا عَجَبًا</textIndopak>
    <translations>
      <translation>
        <author>Dr. Mustafa Khattab, the Clear Quran</author>
        <text>Have you ˹O Prophet˺ thought that the people of the cave and the plaque were ˹the only˺ wonders of Our signs?</text>
      </translation>
    </translations>
    <rules>[{"start": 16, "end": 19, "rule_id": 0}, {"start": 9, "end": 11, "rule_id": 1}]</rules>
  </verse>
  <verse>
    <verseIdArabic>١٠</verseIdArabic>
    <verseId>10</verseId>
    <chapterId>18</chapterId>
    <textIndopak>إِذۡ أَوَى ٱلۡفِتۡيَةُ إِلَى ٱلۡكَهۡفِ فَقَالُواْ رَبَّنَآ ءَاتِنَا مِن لَّدُنكَ رَحۡمَةٗ وَهَيِّئۡ لَنَا مِنۡ أَمۡرِنَا رَشَدٗا</textIndopak>
    <translations>
      <translation>
        <author>Dr. Mustafa Khattab, the Clear Quran</author>
        <text>˹Remember˺ when those youths took refuge in the cave, and said, “Our Lord! Grant us mercy from Yourself and guide us rightly through our ordeal.”</text>
      </translation>
    </translations>
    <rules>[{"start": 88, "end": 93, "rule_id": 3}, {"start": 71, "end": 76, "rule_id": 5}, {"start": 78, "end": 81, "rule_id": 6}]</rules>
  </verse>
  <verse>
    <verseIdArabic>١١</verseIdArabic>
    <verseId>11</verseId>
    <chapterId>18</chapterId>
    <textIndopak>فَضَرَبۡنَا عَلَىٰٓ ءَاذَانِهِمۡ فِي ٱلۡكَهۡفِ سِنِينَ عَدَدٗا</textIndopak>
    <translations>
      <translation>
        <author>Dr. Mustafa Khattab, the Clear Quran</author>
        <text>So We caused them to fall into a dead sleep in the cave for many years,</text>
      </translation>
    </translations>
    <rules>[{"start": 6, "end": 8, "rule_id": 1}]</rules>
  </verse>
  <verse>
    <verseIdArabic>١٢</verseIdArabic>
    <verseId>12</verseId>
    <chapterId>18</chapterId>
    <textIndopak>ثُمَّ بَعَثۡنَٰهُمۡ لِنَعۡلَمَ أَيُّ ٱلۡحِزۡبَيۡنِ أَحۡصَىٰ لِمَا لَبِثُوٓاْ أَمَدٗا</textIndopak>
    <translations>
      <translation>
        <author>Dr. Mustafa Khattab, the Clear Quran</author>
        <text>then We raised them so We may show which of the two groups would make a better estimation of the length of their stay.</text>
      </translation>
    </translations>
    <rules>[{"start": 2, "end": 5, "rule_id": 0}]</rules>
  </verse>
  <verse>
    <verseIdArabic>١٣</verseIdArabic>
    <verseId>13</verseId>
    <chapterId>18</chapterId>
    <textIndopak>نَّحۡنُ نَقُصُّ عَلَيۡكَ نَبَأَهُم بِٱلۡحَقِّۚ إِنَّهُمۡ فِتۡيَةٌ ءَامَنُواْ بِرَبِّهِمۡ وَزِدۡنَٰهُمۡ هُدٗى</textIndopak>
    <translations>
      <translation>
        <author>Dr. Mustafa Khattab, the Clear Quran</author>
        <text>We relate to you ˹O Prophet˺ their story in truth. They were youths who truly believed in their Lord, and We increased them in guidance.</text>
      </translation>
    </translations>
    <rules>[{"start": 0, "end": 3, "rule_id": 0}, {"start": 50, "end": 53, "rule_id": 0}, {"start": 94, "end": 96, "rule_id": 1}, {"start": 33, "end": 37, "rule_id": 7}]</rules>
  </verse>
  <verse>
    <verseIdArabic>١٤</verseIdArabic>
    <verseId>14</verseId>
    <chapterId>18</chapterId>
    <textIndopak>وَرَبَطۡنَا عَلَىٰ قُلُوبِهِمۡ إِذۡ قَامُواْ فَقَالُواْ رَبُّنَا رَبُّ ٱلسَّمَٰوَٰتِ وَٱلۡأَرۡضِ لَن نَّدۡعُوَاْ مِن دُونِهِۦٓ إِلَٰهٗاۖ لَّقَدۡ قُلۡنَآ إِذٗا شَطَطًا</textIndopak>
    <translations>
      <translation>
        <author>Dr. Mustafa Khattab, the Clear Quran</author>
        <text>And We strengthened their hearts when they stood up and declared, “Our Lord is the Lord of the heavens and the earth. We will never call upon any god besides Him, or we would truly be uttering an outrageous lie.”</text>
      </translation>
    </translations>
    <rules>[{"start": 101, "end": 104, "rule_id": 0}, {"start": 6, "end": 8, "rule_id": 1}, {"start": 104, "end": 106, "rule_id": 1}, {"start": 143, "end": 145, "rule_id": 1}, {"start": 99, "end": 104, "rule_id": 3}, {"start": 132, "end": 141, "rule_id": 5}, {"start": 115, "end": 119, "rule_id": 6}]</rules>
  </verse>
  <verse>
    <verseIdArabic>١٥</verseIdArabic>
    <verseId>15</verseId>
    <chapterId>18</chapterId>
    <textIndopak>هَٰٓؤُلَآءِ قَوۡمُنَا ٱتَّخَذُواْ مِن دُونِهِۦٓ ءَالِهَةٗۖ لَّوۡلَا يَأۡتُونَ عَلَيۡهِم بِسُلۡطَٰنِۭ بَيِّنٖۖ فَمَنۡ أَظۡلَمُ مِمَّنِ ٱفۡتَرَىٰ عَلَى ٱللَّهِ كَذِبٗا</textIndopak>
    <translations>
      <translation>
        <author>Dr. Mustafa Khattab, the Clear Quran</author>
        <text>˹Then they said to one another,˺ “These people of ours have taken gods besides Him. Why do they not produce a clear proof of them? Who then does more wrong than those who fabricate lies against Allah?</text>
      </translation>
    </translations>
    <rules>[{"start": 131, "end": 134, "rule_id": 0}, {"start": 99, "end": 105, "rule_id": 2}, {"start": 56, "end": 64, "rule_id": 5}, {"start": 37, "end": 41, "rule_id": 6}, {"start": 88, "end": 92, "rule_id": 7}]</rules>
  </verse>
  <verse>
    <verseIdArabic>١٦</verseIdArabic>
    <verseId>16</verseId>
    <chapterId>18</chapterId>
    <textIndopak>وَإِذِ ٱعۡتَزَلۡتُمُوهُمۡ وَمَا يَعۡبُدُونَ إِلَّا ٱللَّهَ فَأۡوُۥٓاْ إِلَى ٱلۡكَهۡفِ يَنشُرۡ لَكُمۡ رَبُّكُم مِّن رَّحۡمَتِهِۦ وَيُهَيِّئۡ لَكُم مِّنۡ أَمۡرِكُم مِّرۡفَقٗا</textIndopak>
    <translations>
      <translation>
        <author>Dr. Mustafa Khattab, the Clear Quran</author>
        <text>Since you have distanced yourselves from them and what they worship besides Allah, take refuge in the cave. Your Lord will extend His mercy to you and accommodate you in your ordeal.”</text>
      </translation>
    </translations>
    <rules>[{"start": 110, "end": 113, "rule_id": 0}, {"start": 146, "end": 149, "rule_id": 0}, {"start": 162, "end": 165, "rule_id": 0}, {"start": 108, "end": 113, "rule_id": 4}, {"start": 144, "end": 149, "rule_id": 4}, {"start": 160, "end": 165, "rule_id": 4}, {"start": 113, "end": 118, "rule_id": 5}, {"start": 88, "end": 91, "rule_id": 6}]</rules>
  </verse>
  <verse>
    <verseIdArabic>١٧</verseIdArabic>
    <verseId>17</verseId>
    <chapterId>18</chapterId>
    <textIndopak>۞ وَتَرَى ٱلشَّمۡسَ إِذَا طَلَعَت تَّزَٰوَرُ عَن كَهۡفِهِمۡ ذَاتَ ٱلۡيَمِينِ وَإِذَا غَرَبَت تَّقۡرِضُهُمۡ ذَاتَ ٱلشِّمَالِ وَهُمۡ فِي فَجۡوَةٖ مِّنۡهُۚ ذَٰلِكَ مِنۡ ءَايَٰتِ ٱللَّهِۗ مَن يَهۡدِ ٱللَّهُ فَهُوَ ٱلۡمُهۡتَدِۖ وَمَن يُضۡلِلۡ فَلَن تَجِدَ لَهُۥ وَلِيّٗا مُّرۡشِدٗا</textIndopak>
    <translations>
      <translation>
        <author>Dr. Mustafa Khattab, the Clear Quran</author>
        <text>And you would have seen the sun, as it rose, inclining away from their cave to the right, and as it set, declining away from them to the left, while they lay in its open space. That is one of the signs of Allah. Whoever Allah guides is truly guided. But whoever He leaves to stray, you will never find for them a guiding mentor.</text>
      </translation>
    </translations>
    <rules>[{"start": 144, "end": 147, "rule_id": 0}, {"start": 269, "end": 272, "rule_id": 0}, {"start": 96, "end": 98, "rule_id": 1}, {"start": 137, "end": 139, "rule_id": 1}, {"start": 188, "end": 192, "rule_id": 3}, {"start": 230, "end": 234, "rule_id": 3}, {"start": 141, "end": 147, "rule_id": 3}, {"start": 264, "end": 272, "rule_id": 3}, {"start": 47, "end": 51, "rule_id": 6}, {"start": 245, "end": 249, "rule_id": 6}]</rules>
  </verse>
  <verse>
    <verseIdArabic>١٨</verseIdArabic>
    <verseId>18</verseId>
    <chapterId>18</chapterId>
    <textIndopak>وَتَحۡسَبُهُمۡ أَيۡقَاظٗا وَهُمۡ رُقُودٞۚ وَنُقَلِّبُهُمۡ ذَاتَ ٱلۡيَمِينِ وَذَاتَ ٱلشِّمَالِۖ وَكَلۡبُهُم بَٰسِطٞ ذِرَاعَيۡهِ بِٱلۡوَصِيدِۚ لَوِ ٱطَّلَعۡتَ عَلَيۡهِمۡ لَوَلَّيۡتَ مِنۡهُمۡ فِرَارٗا وَلَمُلِئۡتَ مِنۡهُمۡ رُعۡبٗا</textIndopak>
    <translations>
      <translation>
        <author>Dr. Mustafa Khattab, the Clear Quran</author>
        <text>And you would have thought they were awake, though they were asleep. We turned them over, to the right and left, while their dog stretched his forelegs at the entrance. Had you looked at them, you would have certainly fled away from them, filled with horror.</text>
      </translation>
    </translations>
    <rules>[{"start": 22, "end": 28, "rule_id": 3}, {"start": 197, "end": 203, "rule_id": 3}, {"start": 114, "end": 119, "rule_id": 6}, {"start": 107, "end": 112, "rule_id": 7}]</rules>
  </verse>
  <verse>
    <verseIdArabic>١٩</verseIdArabic>
    <verseId>19</verseId>
    <chapterId>18</chapterId>
    <textIndopak>وَكَذَٰلِكَ بَعَثۡنَٰهُمۡ لِيَتَسَآءَلُواْ بَيۡنَهُمۡۚ قَالَ قَآئِلٞ مِّنۡهُمۡ كَمۡ لَبِثۡتُمۡۖ قَالُواْ لَبِثۡنَا يَوۡمًا أَوۡ بَعۡضَ يَوۡمٖۚ قَالُواْ رَبُّكُمۡ أَعۡلَمُ بِمَا لَبِثۡتُمۡ فَٱبۡعَثُوٓاْ أَحَدَكُم بِوَرِقِكُمۡ هَٰذِهِۦٓ إِلَى ٱلۡمَدِينَةِ فَلۡيَنظُرۡ أَيُّهَآ أَزۡكَىٰ طَعَامٗا فَلۡيَأۡتِكُم بِرِزۡقٖ مِّنۡهُ وَلۡيَتَلَطَّفۡ وَلَا يُشۡعِرَنَّ بِكُمۡ أَحَدًا</textIndopak>
    <translations>
      <translation>
        <author>Dr. Mustafa Khattab, the Clear Quran</author>
        <text>And so We awakened them so that they might question one another. One of them exclaimed, “How long have you remained ˹asleep˺?” Some replied, “Perhaps a day, or part of a day.” They said ˹to one another˺, “Your Lord knows best how long you have remained. So send one of you with these silver coins of yours to the city, and let him find which food is the purest, and then bring you provisions from it. Let him be ˹exceptionally˺ cautious, and do not let him give you away.</text>
      </translation>
    </translations>
    <rules>[{"start": 72, "end": 75, "rule_id": 0}, {"start": 322, "end": 325, "rule_id": 0}, {"start": 360, "end": 363, "rule_id": 0}, {"start": 196, "end": 198, "rule_id": 1}, {"start": 69, "end": 75, "rule_id": 3}, {"start": 319, "end": 325, "rule_id": 3}, {"start": 265, "end": 268, "rule_id": 6}, {"start": 215, "end": 219, "rule_id": 7}, {"start": 311, "end": 315, "rule_id": 7}]</rules>
  </verse>
  <verse>
    <verseIdArabic>٢٠</verseIdArabic>
    <verseId>20</verseId>
    <chapterId>18</chapterId>
    <textIndopak>إِنَّهُمۡ إِن يَظۡهَرُواْ عَلَيۡكُمۡ يَرۡجُمُوكُمۡ أَوۡ يُعِيدُوكُمۡ فِي مِلَّتِهِمۡ وَلَن تُفۡلِحُوٓاْ إِذًا أَبَدٗا</textIndopak>
    <translations>
      <translation>
        <author>Dr. Mustafa Khattab, the Clear Quran</author>
        <text>For, indeed, if they find out about you, they will stone you ˹to death˺, or force you back into their faith, and then you will never succeed.”</text>
      </translation>
    </translations>
    <rules>[{"start": 2, "end": 5, "rule_id": 0}, {"start": 12, "end": 16, "rule_id": 3}, {"start": 89, "end": 93, "rule_id": 6}]</rules>
  </verse>
  <verse>
    <verseIdArabic>٢١</verseIdArabic>
    <verseId>21</verseId>
    <chapterId>18</chapterId>
    <textIndopak>وَكَذَٰلِكَ أَعۡثَرۡنَا عَلَيۡهِمۡ لِيَعۡلَمُوٓاْ أَنَّ وَعۡدَ ٱللَّهِ حَقّٞ وَأَنَّ ٱلسَّاعَةَ لَا رَيۡبَ فِيهَآ إِذۡ يَتَنَٰزَعُونَ بَيۡنَهُمۡ أَمۡرَهُمۡۖ فَقَالُواْ ٱبۡنُواْ عَلَيۡهِم بُنۡيَٰنٗاۖ رَّبُّهُمۡ أَعۡلَمُ بِهِمۡۚ قَالَ ٱلَّذِينَ غَلَبُواْ عَلَىٰٓ أَمۡرِهِمۡ لَنَتَّخِذَنَّ عَلَيۡهِم مَّسۡجِدٗا</textIndopak>
    <translations>
      <translation>
        <author>Dr. Mustafa Khattab, the Clear Quran</author>
        <text>That is how We caused them to be discovered so that their people might know that Allah’s promise ˹of resurrection˺ is true and that there is no doubt about the Hour. When the people disputed with each other about the case of the youth ˹after their death˺, some proposed, “Build a structure around them. Their Lord knows best about them.” Those who prevailed in the matter said, “We will surely build a place of worship over them.”</text>
      </translation>
    </translations>
    <rules>[{"start": 52, "end": 55, "rule_id": 0}, {"start": 81, "end": 84, "rule_id": 0}, {"start": 287, "end": 290, "rule_id": 0}, {"start": 301, "end": 304, "rule_id": 0}, {"start": 171, "end": 173, "rule_id": 1}, {"start": 73, "end": 79, "rule_id": 3}, {"start": 299, "end": 304, "rule_id": 4}, {"start": 196, "end": 205, "rule_id": 5}, {"start": 187, "end": 191, "rule_id": 7}]</rules>
  </verse>
  <verse>
    <verseIdArabic>٢٢</verseIdArabic>
    <verseId>22</verseId>
    <chapterId>18</chapterId>
    <textIndopak>سَيَقُولُونَ ثَلَٰثَةٞ رَّابِعُهُمۡ كَلۡبُهُمۡ وَيَقُولُونَ خَمۡسَةٞ سَادِسُهُمۡ كَلۡبُهُمۡ رَجۡمَۢا بِٱلۡغَيۡبِۖ وَيَقُولُونَ سَبۡعَةٞ وَثَامِنُهُمۡ كَلۡبُهُمۡۚ قُل رَّبِّيٓ أَعۡلَمُ بِعِدَّتِهِم مَّا يَعۡلَمُهُمۡ إِلَّا قَلِيلٞۗ فَلَا تُمَارِ فِيهِمۡ إِلَّا مِرَآءٗ ظَٰهِرٗا وَلَا تَسۡتَفۡتِ فِيهِم مِّنۡهُمۡ أَحَدٗا</textIndopak>
    <translations>
      <translation>
        <author>Dr. Mustafa Khattab, the Clear Quran</author>
        <text>Some will say, “They were three, their dog was the fourth,” while others will say, “They were five, their dog was the sixth,” ˹only˺ guessing blindly. And others will say, “They were seven and their dog was the eighth.” Say, ˹O Prophet,˺ “My Lord knows best their ˹exact˺ number. Only a few people know as well.” So do not argue about them except with sure knowledge, nor consult any of those ˹who debate˺ about them.</text>
      </translation>
    </translations>
    <rules>[{"start": 199, "end": 202, "rule_id": 0}, {"start": 305, "end": 308, "rule_id": 0}, {"start": 94, "end": 96, "rule_id": 1}, {"start": 130, "end": 132, "rule_id": 1}, {"start": 134, "end": 139, "rule_id": 3}, {"start": 277, "end": 283, "rule_id": 3}, {"start": 197, "end": 202, "rule_id": 4}, {"start": 303, "end": 308, "rule_id": 4}, {"start": 20, "end": 26, "rule_id": 5}, {"start": 66, "end": 71, "rule_id": 6}, {"start": 269, "end": 275, "rule_id": 6}]</rules>
  </verse>
  <verse>
    <verseIdArabic>٢٣</verseIdArabic>
    <verseId>23</verseId>
    <chapterId>18</chapterId>
    <textIndopak>وَلَا تَقُولَنَّ لِشَاْيۡءٍ إِنِّي فَاعِلٞ ذَٰلِكَ غَدًا</textIndopak>
    <translations>
      <translation>
        <author>Dr. Mustafa Khattab, the Clear Quran</author>
        <text>And never say of anything, “I will definitely do this tomorrow,”</text>
      </translation>
    </translations>
    <rules>[{"start": 13, "end": 16, "rule_id": 0}, {"start": 30, "end": 33, "rule_id": 0}, {"start": 40, "end": 46, "rule_id": 6}]</rules>
  </verse>
  <verse>
    <verseIdArabic>٢٤</verseIdArabic>
    <verseId>24</verseId>
    <chapterId>18</chapterId>
    <textIndopak>إِلَّآ أَن يَشَآءَ ٱللَّهُۚ وَٱذۡكُر رَّبَّكَ إِذَا نَسِيتَ وَقُلۡ عَسَىٰٓ أَن يَهۡدِيَنِ رَبِّي لِأَقۡرَبَ مِنۡ هَٰذَا رَشَدٗا</textIndopak>
    <translations>
      <translation>
        <author>Dr. Mustafa Khattab, the Clear Quran</author>
        <text>without adding, “if Allah so wills!” But if you forget, then remember your Lord, and say, “I trust my Lord will guide me to what is more right than this.”</text>
      </translation>
    </translations>
    <rules>[{"start": 104, "end": 106, "rule_id": 1}, {"start": 10, "end": 14, "rule_id": 3}, {"start": 80, "end": 84, "rule_id": 3}]</rules>
  </verse>
  <verse>
    <verseIdArabic>٢٥</verseIdArabic>
    <verseId>25</verseId>
    <chapterId>18</chapterId>
    <textIndopak>وَلَبِثُواْ فِي كَهۡفِهِمۡ ثَلَٰثَ مِاْئَةٖ سِنِينَ وَٱزۡدَادُواْ تِسۡعٗا</textIndopak>
    <translations>
      <translation>
        <author>Dr. Mustafa Khattab, the Clear Quran</author>
        <text>They had remained in their cave for three hundred years, adding nine.</text>
      </translation>
    </translations>
    <rules>[{"start": 41, "end": 46, "rule_id": 6}]</rules>
  </verse>
  <verse>
    <verseIdArabic>٢٦</verseIdArabic>
    <verseId>26</verseId>
    <chapterId>18</chapterId>
    <textIndopak>قُلِ ٱللَّهُ أَعۡلَمُ بِمَا لَبِثُواْۖ لَهُۥ غَيۡبُ ٱلسَّمَٰوَٰتِ وَٱلۡأَرۡضِۖ أَبۡصِرۡ بِهِۦ وَأَسۡمِعۡۚ مَا لَهُم مِّن دُونِهِۦ مِن وَلِيّٖ وَلَا يُشۡرِكُ فِي حُكۡمِهِۦٓ أَحَدٗا</textIndopak>
    <translations>
      <translation>
        <author>Dr. Mustafa Khattab, the Clear Quran</author>
        <text>Say, ˹O Prophet,˺ “Allah knows best how long they stayed. With Him ˹alone˺ is ˹the knowledge of˺ the unseen of the heavens and the earth. How perfectly He hears and sees! They have no guardian besides Him, and He shares His command with none.”</text>
      </translation>
    </translations>
    <rules>[{"start": 119, "end": 122, "rule_id": 0}, {"start": 83, "end": 85, "rule_id": 1}, {"start": 135, "end": 139, "rule_id": 3}, {"start": 141, "end": 147, "rule_id": 3}, {"start": 117, "end": 122, "rule_id": 4}, {"start": 122, "end": 126, "rule_id": 6}]</rules>
  </verse>
  <verse>
    <verseIdArabic>٢٧</verseIdArabic>
    <verseId>27</verseId>
    <chapterId>18</chapterId>
    <textIndopak>وَٱتۡلُ مَآ أُوحِيَ إِلَيۡكَ مِن كِتَابِ رَبِّكَۖ لَا مُبَدِّلَ لِكَلِمَٰتِهِۦ وَلَن تَجِدَ مِن دُونِهِۦ مُلۡتَحَدٗا</textIndopak>
    <translations>
      <translation>
        <author>Dr. Mustafa Khattab, the Clear Quran</author>
        <text>Recite what has been revealed to you from the Book of your Lord. None can change His Words, nor can you find any refuge besides Him.</text>
      </translation>
    </translations>
    <rules>[{"start": 32, "end": 36, "rule_id": 6}, {"start": 85, "end": 89, "rule_id": 6}, {"start": 96, "end": 100, "rule_id": 6}]</rules>
  </verse>
  <verse>
    <verseIdArabic>٢٨</verseIdArabic>
    <verseId>28</verseId>
    <chapterId>18</chapterId>
    <textIndopak>وَٱصۡبِرۡ نَفۡسَكَ مَعَ ٱلَّذِينَ يَدۡعُونَ رَبَّهُم بِٱلۡغَدَوٰةِ وَٱلۡعَشِيِّ يُرِيدُونَ وَجۡهَهُۥۖ وَلَا تَعۡدُ عَيۡنَاكَ عَنۡهُمۡ تُرِيدُ زِينَةَ ٱلۡحَيَوٰةِ ٱلدُّنۡيَاۖ وَلَا تُطِعۡ مَنۡ أَغۡفَلۡنَا قَلۡبَهُۥ عَن ذِكۡرِنَا وَٱتَّبَعَ هَوَىٰهُ وَكَانَ أَمۡرُهُۥ فُرُطٗا</textIndopak>
    <translations>
      <translation>
        <author>Dr. Mustafa Khattab, the Clear Quran</author>
        <text>And patiently stick with those who call upon their Lord morning and evening, seeking His pleasure. Do not let your eyes look beyond them, desiring the luxuries of this worldly life. And do not obey those whose hearts We have made heedless of Our remembrance, who follow ˹only˺ their desires and whose state is ˹total˺ loss.</text>
      </translation>
    </translations>
    <rules>[{"start": 36, "end": 38, "rule_id": 1}, {"start": 93, "end": 95, "rule_id": 1}, {"start": 218, "end": 222, "rule_id": 6}, {"start": 51, "end": 55, "rule_id": 7}]</rules>
  </verse>
  <verse>
    <verseIdArabic>٢٩</verseIdArabic>
    <verseId>29</verseId>
    <chapterId>18</chapterId>
    <textIndopak>وَقُلِ ٱلۡحَقُّ مِن رَّبِّكُمۡۖ فَمَن شَآءَ فَلۡيُؤۡمِن وَمَن شَآءَ فَلۡيَكۡفُرۡۚ إِنَّآ أَعۡتَدۡنَا لِلظَّٰلِمِينَ نَارًا أَحَاطَ بِهِمۡ سُرَادِقُهَاۚ وَإِن يَسۡتَغِيثُواْ يُغَاثُواْ بِمَآءٖ كَٱلۡمُهۡلِ يَشۡوِي ٱلۡوُجُوهَۚ بِئۡسَ ٱلشَّرَابُ وَسَآءَتۡ مُرۡتَفَقًا</textIndopak>
    <translations>
      <translation>
        <author>Dr. Mustafa Khattab, the Clear Quran</author>
        <text>And say, ˹O Prophet,˺ “˹This is˺ the truth from your Lord. Whoever wills let them believe, and whoever wills let them disbelieve.” Surely We have prepared for the wrongdoers a Fire whose walls will ˹completely˺ surround them. When they cry for aid, they will be aided with water like molten metal, which will burn ˹their˺ faces. What a horrible drink! And what a terrible place to rest!</text>
      </translation>
    </translations>
    <rules>[{"start": 88, "end": 91, "rule_id": 0}, {"start": 100, "end": 102, "rule_id": 1}, {"start": 56, "end": 60, "rule_id": 3}, {"start": 162, "end": 166, "rule_id": 3}, {"start": 18, "end": 23, "rule_id": 5}, {"start": 37, "end": 41, "rule_id": 6}, {"start": 62, "end": 66, "rule_id": 6}, {"start": 196, "end": 201, "rule_id": 6}]</rules>
  </verse>
  <verse>
    <verseIdArabic>٣٠</verseIdArabic>
    <verseId>30</verseId>
    <chapterId>18</chapterId>
    <textIndopak>إِنَّ ٱلَّذِينَ ءَامَنُواْ وَعَمِلُواْ ٱلصَّٰلِحَٰتِ إِنَّا لَا نُضِيعُ أَجۡرَ مَنۡ أَحۡسَنَ عَمَلًا</textIndopak>
    <translations>
      <translation>
        <author>Dr. Mustafa Khattab, the Clear Quran</author>
        <text>As for those who believe and do good, We certainly never deny the reward of those who are best in deeds.</text>
      </translation>
    </translations>
    <rules>[{"start": 2, "end": 5, "rule_id": 0}, {"start": 55, "end": 58, "rule_id": 0}, {"start": 74, "end": 76, "rule_id": 1}]</rules>
  </verse>
  <verse>
    <verseIdArabic>٣١</verseIdArabic>
    <verseId>31</verseId>
    <chapterId>18</chapterId>
    <textIndopak>أُوْلَٰٓئِكَ لَهُمۡ جَنَّٰتُ عَدۡنٖ تَجۡرِي مِن تَحۡتِهِمُ ٱلۡأَنۡهَٰرُ يُحَلَّوۡنَ فِيهَا مِنۡ أَسَاوِرَ مِن ذَهَبٖ وَيَلۡبَسُونَ ثِيَابًا خُضۡرٗا مِّن سُندُسٖ وَإِسۡتَبۡرَقٖ مُّتَّكِـِٔينَ فِيهَا عَلَى ٱلۡأَرَآئِكِۚ نِعۡمَ ٱلثَّوَابُ وَحَسُنَتۡ مُرۡتَفَقٗا</textIndopak>
    <translations>
      <translation>
        <author>Dr. Mustafa Khattab, the Clear Quran</author>
        <text>It is they who will have the Gardens of Eternity, with rivers flowing under their feet. There they will be adorned with bracelets of gold, and wear green garments of fine silk and rich brocade, reclining there on ˹canopied˺ couches. What a marvellous reward! And what a fabulous place to rest!</text>
      </translation>
    </translations>
    <rules>[{"start": 22, "end": 26, "rule_id": 0}, {"start": 148, "end": 151, "rule_id": 0}, {"start": 176, "end": 179, "rule_id": 0}, {"start": 31, "end": 33, "rule_id": 1}, {"start": 38, "end": 40, "rule_id": 1}, {"start": 169, "end": 171, "rule_id": 1}, {"start": 114, "end": 119, "rule_id": 3}, {"start": 144, "end": 151, "rule_id": 3}, {"start": 158, "end": 163, "rule_id": 3}, {"start": 173, "end": 179, "rule_id": 3}, {"start": 46, "end": 50, "rule_id": 6}, {"start": 108, "end": 112, "rule_id": 6}, {"start": 151, "end": 155, "rule_id": 6}, {"start": 155, "end": 158, "rule_id": 6}, {"start": 33, "end": 38, "rule_id": 6}]</rules>
  </verse>
  <verse>
    <verseIdArabic>٣٢</verseIdArabic>
    <verseId>32</verseId>
    <chapterId>18</chapterId>
    <textIndopak>۞ وَٱضۡرِبۡ لَهُم مَّثَلٗا رَّجُلَيۡنِ جَعَلۡنَا لِأَحَدِهِمَا جَنَّتَيۡنِ مِنۡ أَعۡنَٰبٖ وَحَفَفۡنَٰهُمَا بِنَخۡلٖ وَجَعَلۡنَا بَيۡنَهُمَا زَرۡعٗا</textIndopak>
    <translations>
      <translation>
        <author>Dr. Mustafa Khattab, the Clear Quran</author>
        <text>Give them ˹O Prophet˺ an example of two men. To ˹the disbelieving˺ one We gave two gardens of grapevines, which We surrounded with palm trees and placed ˹various˺ crops in between.</text>
      </translation>
    </translations>
    <rules>[{"start": 18, "end": 21, "rule_id": 0}, {"start": 65, "end": 68, "rule_id": 0}, {"start": 9, "end": 11, "rule_id": 1}, {"start": 87, "end": 92, "rule_id": 3}, {"start": 113, "end": 118, "rule_id": 3}, {"start": 16, "end": 21, "rule_id": 4}, {"start": 23, "end": 30, "rule_id": 5}]</rules>
  </verse>
  <verse>
    <verseIdArabic>٣٣</verseIdArabic>
    <verseId>33</verseId>
    <chapterId>18</chapterId>
    <textIndopak>كِلۡتَا ٱلۡجَنَّتَيۡنِ ءَاتَتۡ أُكُلَهَا وَلَمۡ تَظۡلِم مِّنۡهُ شَيۡـٔٗاۚ وَفَجَّرۡنَا خِلَٰلَهُمَا نَهَرٗا</textIndopak>
    <translations>
      <translation>
        <author>Dr. Mustafa Khattab, the Clear Quran</author>
        <text>Each garden yielded ˹all˺ its produce, never falling short. And We caused a river to flow between them.</text>
      </translation>
    </translations>
    <rules>[{"start": 13, "end": 16, "rule_id": 0}, {"start": 56, "end": 59, "rule_id": 0}, {"start": 54, "end": 59, "rule_id": 4}]</rules>
  </verse>
  <verse>
    <verseIdArabic>٣٤</verseIdArabic>
    <verseId>34</verseId>
    <chapterId>18</chapterId>
    <textIndopak>وَكَانَ لَهُۥ ثَمَرٞ فَقَالَ لِصَٰحِبِهِۦ وَهُوَ يُحَاوِرُهُۥٓ أَنَا۠ أَكۡثَرُ مِنكَ مَالٗا وَأَعَزُّ نَفَرٗا</textIndopak>
    <translations>
      <translation>
        <author>Dr. Mustafa Khattab, the Clear Quran</author>
        <text>And he had other resources ˹as well˺. So he boasted to a ˹poor˺ companion of his, while conversing with him, “I am greater than you in wealth and superior in manpower.”</text>
      </translation>
    </translations>
    <rules>[{"start": 88, "end": 94, "rule_id": 3}, {"start": 81, "end": 84, "rule_id": 6}, {"start": 18, "end": 23, "rule_id": 6}]</rules>
  </verse>
  <verse>
    <verseIdArabic>٣٥</verseIdArabic>
    <verseId>35</verseId>
    <chapterId>18</chapterId>
    <textIndopak>وَدَخَلَ جَنَّتَهُۥ وَهُوَ ظَالِمٞ لِّنَفۡسِهِۦ قَالَ مَآ أَظُنُّ أَن تَبِيدَ هَٰذِهِۦٓ أَبَدٗا</textIndopak>
    <translations>
      <translation>
        <author>Dr. Mustafa Khattab, the Clear Quran</author>
        <text>And he entered his property, while wronging his soul, saying, “I do not think this will ever perish,</text>
      </translation>
    </translations>
    <rules>[{"start": 11, "end": 14, "rule_id": 0}, {"start": 63, "end": 66, "rule_id": 0}, {"start": 32, "end": 38, "rule_id": 5}, {"start": 69, "end": 73, "rule_id": 6}]</rules>
  </verse>
  <verse>
    <verseIdArabic>٣٦</verseIdArabic>
    <verseId>36</verseId>
    <chapterId>18</chapterId>
    <textIndopak>وَمَآ أَظُنُّ ٱلسَّاعَةَ قَآئِمَةٗ وَلَئِن رُّدِدتُّ إِلَىٰ رَبِّي لَأَجِدَنَّ خَيۡرٗا مِّنۡهَا مُنقَلَبٗا</textIndopak>
    <translations>
      <translation>
        <author>Dr. Mustafa Khattab, the Clear Quran</author>
        <text>nor do I think the Hour will ˹ever˺ come. And if in fact I am returned to my Lord, I will definitely get a far better outcome than ˹all˺ this.”</text>
      </translation>
    </translations>
    <rules>[{"start": 11, "end": 14, "rule_id": 0}, {"start": 77, "end": 80, "rule_id": 0}, {"start": 89, "end": 92, "rule_id": 0}, {"start": 34, "end": 39, "rule_id": 3}, {"start": 85, "end": 92, "rule_id": 3}, {"start": 43, "end": 48, "rule_id": 5}, {"start": 100, "end": 103, "rule_id": 6}]</rules>
  </verse>
  <verse>
    <verseIdArabic>٣٧</verseIdArabic>
    <verseId>37</verseId>
    <chapterId>18</chapterId>
    <textIndopak>قَالَ لَهُۥ صَاحِبُهُۥ وَهُوَ يُحَاوِرُهُۥٓ أَكَفَرۡتَ بِٱلَّذِي خَلَقَكَ مِن تُرَابٖ ثُمَّ مِن نُّطۡفَةٖ ثُمَّ سَوَّىٰكَ رَجُلٗا</textIndopak>
    <translations>
      <translation>
        <author>Dr. Mustafa Khattab, the Clear Quran</author>
        <text>His ˹believing˺ companion replied, while conversing with him, “Do you disbelieve in the One Who created you from dust, then ˹developed you˺ from a sperm-drop, then formed you into a man?</text>
      </translation>
    </translations>
    <rules>[{"start": 88, "end": 91, "rule_id": 0}, {"start": 96, "end": 99, "rule_id": 0}, {"start": 108, "end": 111, "rule_id": 0}, {"start": 99, "end": 101, "rule_id": 1}, {"start": 94, "end": 99, "rule_id": 3}, {"start": 76, "end": 80, "rule_id": 6}, {"start": 83, "end": 88, "rule_id": 6}, {"start": 103, "end": 108, "rule_id": 6}]</rules>
  </verse>
  <verse>
    <verseIdArabic>٣٨</verseIdArabic>
    <verseId>38</verseId>
    <chapterId>18</chapterId>
    <textIndopak>لَّٰكِنَّا۠ هُوَ ٱللَّهُ رَبِّي وَلَآ أُشۡرِكُ بِرَبِّيٓ أَحَدٗا</textIndopak>
    <translations>
      <translation>
        <author>Dr. Mustafa Khattab, the Clear Quran</author>
        <text>But as for me: He is Allah, my Lord, and I will never associate anyone with my Lord ˹in worship˺.</text>
      </translation>
    </translations>
    <rules>[{"start": 6, "end": 9, "rule_id": 0}]</rules>
  </verse>
  <verse>
    <verseIdArabic>٣٩</verseIdArabic>
    <verseId>39</verseId>
    <chapterId>18</chapterId>
    <textIndopak>وَلَوۡلَآ إِذۡ دَخَلۡتَ جَنَّتَكَ قُلۡتَ مَا شَآءَ ٱللَّهُ لَا قُوَّةَ إِلَّا بِٱللَّهِۚ إِن تَرَنِ أَنَا۠ أَقَلَّ مِنكَ مَالٗا وَوَلَدٗا</textIndopak>
    <translations>
      <translation>
        <author>Dr. Mustafa Khattab, the Clear Quran</author>
        <text>If only you had said, upon entering your property, ‘This is what Allah has willed! There is no power except with Allah!’ Even though you see me inferior to you in wealth and offspring,</text>
      </translation>
    </translations>
    <rules>[{"start": 27, "end": 30, "rule_id": 0}, {"start": 127, "end": 133, "rule_id": 3}, {"start": 94, "end": 98, "rule_id": 6}, {"start": 120, "end": 123, "rule_id": 6}]</rules>
  </verse>
  <verse>
    <verseIdArabic>٤٠</verseIdArabic>
    <verseId>40</verseId>
    <chapterId>18</chapterId>
    <textIndopak>فَعَسَىٰ رَبِّيٓ أَن يُؤۡتِيَنِ خَيۡرٗا مِّن جَنَّتِكَ وَيُرۡسِلَ عَلَيۡهَا حُسۡبَانٗا مِّنَ ٱلسَّمَآءِ فَتُصۡبِحَ صَعِيدٗا زَلَقًا</textIndopak>
    <translations>
      <translation>
        <author>Dr. Mustafa Khattab, the Clear Quran</author>
        <text>perhaps my Lord will grant me ˹something˺ better than your garden, and send down upon your garden a thunderbolt from the sky, turning it into a barren waste.</text>
      </translation>
    </translations>
    <rules>[{"start": 40, "end": 43, "rule_id": 0}, {"start": 47, "end": 50, "rule_id": 0}, {"start": 87, "end": 90, "rule_id": 0}, {"start": 19, "end": 23, "rule_id": 3}, {"start": 36, "end": 43, "rule_id": 3}, {"start": 83, "end": 90, "rule_id": 3}, {"start": 43, "end": 47, "rule_id": 6}]</rules>
  </verse>
  <verse>
    <verseIdArabic>٤١</verseIdArabic>
    <verseId>41</verseId>
    <chapterId>18</chapterId>
    <textIndopak>أَوۡ يُصۡبِحَ مَآؤُهَا غَوۡرٗا فَلَن تَسۡتَطِيعَ لَهُۥ طَلَبٗا</textIndopak>
    <translations>
      <translation>
        <author>Dr. Mustafa Khattab, the Clear Quran</author>
        <text>Or its water may sink ˹into the earth˺, and then you will never be able to seek it out.”</text>
      </translation>
    </translations>
    <rules>[{"start": 36, "end": 40, "rule_id": 6}]</rules>
  </verse>
  <verse>
    <verseIdArabic>٤٢</verseIdArabic>
    <verseId>42</verseId>
    <chapterId>18</chapterId>
    <textIndopak>وَأُحِيطَ بِثَمَرِهِۦ فَأَصۡبَحَ يُقَلِّبُ كَفَّيۡهِ عَلَىٰ مَآ أَنفَقَ فِيهَا وَهِيَ خَاوِيَةٌ عَلَىٰ عُرُوشِهَا وَيَقُولُ يَٰلَيۡتَنِي لَمۡ أُشۡرِكۡ بِرَبِّيٓ أَحَدٗا</textIndopak>
    <translations>
      <translation>
        <author>Dr. Mustafa Khattab, the Clear Quran</author>
        <text>And so all his produce was ˹totally˺ ruined, so he started to wring his hands for all he had spent on it, while it had collapsed on its trellises. He cried, “Alas! I wish I had never associated anyone with my Lord ˹in worship˺!”</text>
      </translation>
    </translations>
    <rules>[{"start": 67, "end": 70, "rule_id": 6}]</rules>
  </verse>
  <verse>
    <verseIdArabic>٤٣</verseIdArabic>
    <verseId>43</verseId>
    <chapterId>18</chapterId>
    <textIndopak>وَلَمۡ تَكُن لَّهُۥ فِئَةٞ يَنصُرُونَهُۥ مِن دُونِ ٱللَّهِ وَمَا كَانَ مُنتَصِرًا</textIndopak>
    <translations>
      <translation>
        <author>Dr. Mustafa Khattab, the Clear Quran</author>
        <text>And he had no manpower to help him against Allah, nor could he ˹even˺ help himself.</text>
      </translation>
    </translations>
    <rules>[{"start": 24, "end": 29, "rule_id": 3}, {"start": 11, "end": 16, "rule_id": 5}, {"start": 29, "end": 32, "rule_id": 6}, {"start": 43, "end": 47, "rule_id": 6}, {"start": 73, "end": 76, "rule_id": 6}]</rules>
  </verse>
  <verse>
    <verseIdArabic>٤٤</verseIdArabic>
    <verseId>44</verseId>
    <chapterId>18</chapterId>
    <textIndopak>هُنَالِكَ ٱلۡوَلَٰيَةُ لِلَّهِ ٱلۡحَقِّۚ هُوَ خَيۡرٞ ثَوَابٗا وَخَيۡرٌ عُقۡبٗا</textIndopak>
    <translations>
      <translation>
        <author>Dr. Mustafa Khattab, the Clear Quran</author>
        <text>At this time, support comes ˹only˺ from Allah—the True ˹Lord˺. He is best in reward and best in outcome.</text>
      </translation>
    </translations>
    <rules>[{"start": 74, "end": 76, "rule_id": 1}, {"start": 59, "end": 65, "rule_id": 3}, {"start": 51, "end": 56, "rule_id": 6}]</rules>
  </verse>
  <verse>
    <verseIdArabic>٤٥</verseIdArabic>
    <verseId>45</verseId>
    <chapterId>18</chapterId>
    <textIndopak>وَٱضۡرِبۡ لَهُم مَّثَلَ ٱلۡحَيَوٰةِ ٱلدُّنۡيَا كَمَآءٍ أَنزَلۡنَٰهُ مِنَ ٱلسَّمَآءِ فَٱخۡتَلَطَ بِهِۦ نَبَاتُ ٱلۡأَرۡضِ فَأَصۡبَحَ هَشِيمٗا تَذۡرُوهُ ٱلرِّيَٰحُۗ وَكَانَ ٱللَّهُ عَلَىٰ كُلِّ شَيۡءٖ مُّقۡتَدِرًا</textIndopak>
    <translations>
      <translation>
        <author>Dr. Mustafa Khattab, the Clear Quran</author>
        <text>And give them a parable of this worldly life. ˹It is˺ like the plants of the earth, thriving when sustained by the rain We send down from the sky. Then they ˹soon˺ turn into chaff scattered by the wind. And Allah is fully capable of ˹doing˺ all things.</text>
      </translation>
    </translations>
    <rules>[{"start": 16, "end": 19, "rule_id": 0}, {"start": 201, "end": 204, "rule_id": 0}, {"start": 7, "end": 9, "rule_id": 1}, {"start": 204, "end": 206, "rule_id": 1}, {"start": 198, "end": 204, "rule_id": 3}, {"start": 14, "end": 19, "rule_id": 4}, {"start": 58, "end": 61, "rule_id": 6}]</rules>
  </verse>
  <verse>
    <verseIdArabic>٤٦</verseIdArabic>
    <verseId>46</verseId>
    <chapterId>18</chapterId>
    <textIndopak>ٱلۡمَالُ وَٱلۡبَنُونَ زِينَةُ ٱلۡحَيَوٰةِ ٱلدُّنۡيَاۖ وَٱلۡبَٰقِيَٰتُ ٱلصَّٰلِحَٰتُ خَيۡرٌ عِندَ رَبِّكَ ثَوَابٗا وَخَيۡرٌ أَمَلٗا</textIndopak>
    <translations>
      <translation>
        <author>Dr. Mustafa Khattab, the Clear Quran</author>
        <text>Wealth and children are the adornment of this worldly life, but the everlasting good deeds are far better with your Lord in reward and in hope.</text>
      </translation>
    </translations>
    <rules>[{"start": 111, "end": 117, "rule_id": 3}, {"start": 94, "end": 97, "rule_id": 6}]</rules>
  </verse>
  <verse>
    <verseIdArabic>٤٧</verseIdArabic>
    <verseId>47</verseId>
    <chapterId>18</chapterId>
    <textIndopak>وَيَوۡمَ نُسَيِّرُ ٱلۡجِبَالَ وَتَرَى ٱلۡأَرۡضَ بَارِزَةٗ وَحَشَرۡنَٰهُمۡ فَلَمۡ نُغَادِرۡ مِنۡهُمۡ أَحَدٗا</textIndopak>
    <translations>
      <translation>
        <author>Dr. Mustafa Khattab, the Clear Quran</author>
        <text>˹Beware of˺ the Day We will blow the mountains away, and you will see the earth laid bare. And We will gather all ˹humankind˺, leaving none behind.</text>
      </translation>
    </translations>
    <rules>[{"start": 55, "end": 60, "rule_id": 3}]</rules>
  </verse>
  <verse>
    <verseIdArabic>٤٨</verseIdArabic>
    <verseId>48</verseId>
    <chapterId>18</chapterId>
    <textIndopak>وَعُرِضُواْ عَلَىٰ رَبِّكَ صَفّٗا لَّقَدۡ جِئۡتُمُونَا كَمَا خَلَقۡنَٰكُمۡ أَوَّلَ مَرَّةِۭۚ بَلۡ زَعَمۡتُمۡ أَلَّن نَّجۡعَلَ لَكُم مَّوۡعِدٗا</textIndopak>
    <translations>
      <translation>
        <author>Dr. Mustafa Khattab, the Clear Quran</author>
        <text>They will be presented before your Lord in rows, ˹and the deniers will be told,˺ “You have surely returned to Us ˹all alone˺ as We created you the first time, although you ˹always˺ claimed that We would never appoint a time for your return.”</text>
      </translation>
    </translations>
    <rules>[{"start": 117, "end": 120, "rule_id": 0}, {"start": 133, "end": 136, "rule_id": 0}, {"start": 39, "end": 41, "rule_id": 1}, {"start": 65, "end": 67, "rule_id": 1}, {"start": 120, "end": 122, "rule_id": 1}, {"start": 115, "end": 120, "rule_id": 3}, {"start": 131, "end": 136, "rule_id": 4}, {"start": 29, "end": 37, "rule_id": 5}]</rules>
  </verse>
  <verse>
    <verseIdArabic>٤٩</verseIdArabic>
    <verseId>49</verseId>
    <chapterId>18</chapterId>
    <textIndopak>وَوُضِعَ ٱلۡكِتَٰبُ فَتَرَى ٱلۡمُجۡرِمِينَ مُشۡفِقِينَ مِمَّا فِيهِ وَيَقُولُونَ يَٰوَيۡلَتَنَا مَالِ هَٰذَا ٱلۡكِتَٰبِ لَا يُغَادِرُ صَغِيرَةٗ وَلَا كَبِيرَةً إِلَّآ أَحۡصَىٰهَاۚ وَوَجَدُواْ مَا عَمِلُواْ حَاضِرٗاۗ وَلَا يَظۡلِمُ رَبُّكَ أَحَدٗا</textIndopak>
    <translations>
      <translation>
        <author>Dr. Mustafa Khattab, the Clear Quran</author>
        <text>And the record ˹of deeds˺ will be laid ˹open˺, and you will see the wicked in fear of what is ˹written˺ in it. They will cry, “Woe to us! What kind of record is this that does not leave any sin, small or large, unlisted?” They will find whatever they did present ˹before them˺. And your Lord will never wrong anyone.</text>
      </translation>
    </translations>
    <rules>[{"start": 57, "end": 60, "rule_id": 0}, {"start": 33, "end": 35, "rule_id": 1}, {"start": 141, "end": 146, "rule_id": 3}]</rules>
  </verse>
  <verse>
    <verseIdArabic>٥٠</verseIdArabic>
    <verseId>50</verseId>
    <chapterId>18</chapterId>
    <textIndopak>وَإِذۡ قُلۡنَا لِلۡمَلَٰٓئِكَةِ ٱسۡجُدُواْ لِأٓدَمَ فَسَجَدُوٓاْ إِلَّآ إِبۡلِيسَ كَانَ مِنَ ٱلۡجِنِّ فَفَسَقَ عَنۡ أَمۡرِ رَبِّهِۦٓۗ أَفَتَتَّخِذُونَهُۥ وَذُرِّيَّتَهُۥٓ أَوۡلِيَآءَ مِن دُونِي وَهُمۡ لَكُمۡ عَدُوُّۢۚ بِئۡسَ لِلظَّٰلِمِينَ بَدَلٗا</textIndopak>
    <translations>
      <translation>
        <author>Dr. Mustafa Khattab, the Clear Quran</author>
        <text>And ˹remember˺ when We said to the angels, “Prostrate before Adam,” so they all did—but not Iblîs, who was one of the jinn, but he rebelled against the command of his Lord. Would you then take him and his descendants as patrons instead of Me, although they are your enemy? What an evil alternative for the wrongdoers ˹to choose˺!</text>
      </translation>
    </translations>
    <rules>[{"start": 100, "end": 103, "rule_id": 0}, {"start": 76, "end": 78, "rule_id": 1}, {"start": 189, "end": 193, "rule_id": 6}]</rules>
  </verse>
  <verse>
    <verseIdArabic>٥١</verseIdArabic>
    <verseId>51</verseId>
    <chapterId>18</chapterId>
    <textIndopak>۞ مَّآ أَشۡهَدتُّهُمۡ خَلۡقَ ٱلسَّمَٰوَٰتِ وَٱلۡأَرۡضِ وَلَا خَلۡقَ أَنفُسِهِمۡ وَمَا كُنتُ مُتَّخِذَ ٱلۡمُضِلِّينَ عَضُدٗا</textIndopak>
    <translations>
      <translation>
        <author>Dr. Mustafa Khattab, the Clear Quran</author>
        <text>I never called them to witness the creation of the heavens and the earth or ˹even˺ their own creation, nor would I take the misleaders as helpers.</text>
      </translation>
    </translations>
    <rules>[{"start": 2, "end": 5, "rule_id": 0}, {"start": 71, "end": 74, "rule_id": 6}, {"start": 89, "end": 92, "rule_id": 6}]</rules>
  </verse>
  <verse>
    <verseIdArabic>٥٢</verseIdArabic>
    <verseId>52</verseId>
    <chapterId>18</chapterId>
    <textIndopak>وَيَوۡمَ يَقُولُ نَادُواْ شُرَكَآءِيَ ٱلَّذِينَ زَعَمۡتُمۡ فَدَعَوۡهُمۡ فَلَمۡ يَسۡتَجِيبُواْ لَهُمۡ وَجَعَلۡنَا بَيۡنَهُم مَّوۡبِقٗا</textIndopak>
    <translations>
      <translation>
        <author>Dr. Mustafa Khattab, the Clear Quran</author>
        <text>And ˹beware of˺ the Day He will say, “Call upon those you claimed were My associate-gods.” So they will call them, but will receive no response. And We will make them ˹all˺ share in the same doom.</text>
      </translation>
    </translations>
    <rules>[{"start": 124, "end": 127, "rule_id": 0}, {"start": 122, "end": 127, "rule_id": 4}]</rules>
  </verse>
  <verse>
    <verseIdArabic>٥٣</verseIdArabic>
    <verseId>53</verseId>
    <chapterId>18</chapterId>
    <textIndopak>وَرَءَا ٱلۡمُجۡرِمُونَ ٱلنَّارَ فَظَنُّوٓاْ أَنَّهُم مُّوَاقِعُوهَا وَلَمۡ يَجِدُواْ عَنۡهَا مَصۡرِفٗا</textIndopak>
    <translations>
      <translation>
        <author>Dr. Mustafa Khattab, the Clear Quran</author>
        <text>The wicked will see the Fire and realize that they are bound to fall into it, and will find no way to avoid it.</text>
      </translation>
    </translations>
    <rules>[{"start": 25, "end": 28, "rule_id": 0}, {"start": 36, "end": 39, "rule_id": 0}, {"start": 46, "end": 49, "rule_id": 0}, {"start": 53, "end": 56, "rule_id": 0}, {"start": 13, "end": 15, "rule_id": 1}, {"start": 51, "end": 56, "rule_id": 4}]</rules>
  </verse>
  <verse>
    <verseIdArabic>٥٤</verseIdArabic>
    <verseId>54</verseId>
    <chapterId>18</chapterId>
    <textIndopak>وَلَقَدۡ صَرَّفۡنَا فِي هَٰذَا ٱلۡقُرۡءَانِ لِلنَّاسِ مِن كُلِّ مَثَلٖۚ وَكَانَ ٱلۡإِنسَٰنُ أَكۡثَرَ شَيۡءٖ جَدَلٗا</textIndopak>
    <translations>
      <translation>
        <author>Dr. Mustafa Khattab, the Clear Quran</author>
        <text>We have surely set forth in this Quran every ˹kind of˺ lesson for people, but humankind is the most argumentative of all beings.</text>
      </translation>
    </translations>
    <rules>[{"start": 47, "end": 50, "rule_id": 0}, {"start": 6, "end": 8, "rule_id": 1}, {"start": 56, "end": 60, "rule_id": 6}, {"start": 86, "end": 90, "rule_id": 6}, {"start": 106, "end": 111, "rule_id": 6}]</rules>
  </verse>
  <verse>
    <verseIdArabic>٥٥</verseIdArabic>
    <verseId>55</verseId>
    <chapterId>18</chapterId>
    <textIndopak>وَمَا مَنَعَ ٱلنَّاسَ أَن يُؤۡمِنُوٓاْ إِذۡ جَآءَهُمُ ٱلۡهُدَىٰ وَيَسۡتَغۡفِرُواْ رَبَّهُمۡ إِلَّآ أَن تَأۡتِيَهُمۡ سُنَّةُ ٱلۡأَوَّلِينَ أَوۡ يَأۡتِيَهُمُ ٱلۡعَذَابُ قُبُلٗا</textIndopak>
    <translations>
      <translation>
        <author>Dr. Mustafa Khattab, the Clear Quran</author>
        <text>And nothing prevents people from believing when guidance comes to them and from seeking their Lord’s forgiveness except ˹their demand˺ to meet the same fate of earlier deniers or that the torment would confront them face to face.</text>
      </translation>
    </translations>
    <rules>[{"start": 15, "end": 18, "rule_id": 0}, {"start": 120, "end": 123, "rule_id": 0}, {"start": 24, "end": 28, "rule_id": 3}, {"start": 103, "end": 107, "rule_id": 6}]</rules>
  </verse>
  <verse>
    <verseIdArabic>٥٦</verseIdArabic>
    <verseId>56</verseId>
    <chapterId>18</chapterId>
    <textIndopak>وَمَا نُرۡسِلُ ٱلۡمُرۡسَلِينَ إِلَّا مُبَشِّرِينَ وَمُنذِرِينَۚ وَيُجَٰدِلُ ٱلَّذِينَ كَفَرُواْ بِٱلۡبَٰطِلِ لِيُدۡحِضُواْ بِهِ ٱلۡحَقَّۖ وَٱتَّخَذُوٓاْ ءَايَٰتِي وَمَآ أُنذِرُواْ هُزُوٗا</textIndopak>
    <translations>
      <translation>
        <author>Dr. Mustafa Khattab, the Clear Quran</author>
        <text>We do not send the messengers except as deliverers of good news and warners. But the disbelievers argue in falsehood, ˹hoping˺ to discredit the truth with it, and make a mockery of My revelations and warnings.</text>
      </translation>
    </translations>
    <rules>[{"start": 114, "end": 116, "rule_id": 1}, {"start": 54, "end": 57, "rule_id": 6}, {"start": 174, "end": 177, "rule_id": 6}]</rules>
  </verse>
  <verse>
    <verseIdArabic>٥٧</verseIdArabic>
    <verseId>57</verseId>
    <chapterId>18</chapterId>
    <textIndopak>وَمَنۡ أَظۡلَمُ مِمَّن ذُكِّرَ بِـَٔايَٰتِ رَبِّهِۦ فَأَعۡرَضَ عَنۡهَا وَنَسِيَ مَا قَدَّمَتۡ يَدَاهُۚ إِنَّا جَعَلۡنَا عَلَىٰ قُلُوبِهِمۡ أَكِنَّةً أَن يَفۡقَهُوهُ وَفِيٓ ءَاذَانِهِمۡ وَقۡرٗاۖ وَإِن تَدۡعُهُمۡ إِلَى ٱلۡهُدَىٰ فَلَن يَهۡتَدُوٓاْ إِذًا أَبَدٗا</textIndopak>
    <translations>
      <translation>
        <author>Dr. Mustafa Khattab, the Clear Quran</author>
        <text>And who does more wrong than those who, when reminded of their Lord’s revelations, turn away from them and forget what their own hands have done? We have certainly cast veils over their hearts—leaving them unable to comprehend this ˹Quran˺—and deafness in their ears. And if you ˹O Prophet˺ invite them to ˹true˺ guidance, they will never be ˹rightly˺ guided.</text>
      </translation>
    </translations>
    <rules>[{"start": 18, "end": 21, "rule_id": 0}, {"start": 106, "end": 109, "rule_id": 0}, {"start": 144, "end": 147, "rule_id": 0}, {"start": 188, "end": 190, "rule_id": 1}, {"start": 204, "end": 206, "rule_id": 1}, {"start": 152, "end": 156, "rule_id": 3}, {"start": 233, "end": 237, "rule_id": 3}, {"start": 190, "end": 198, "rule_id": 3}, {"start": 21, "end": 25, "rule_id": 6}, {"start": 200, "end": 204, "rule_id": 6}]</rules>
  </verse>
  <verse>
    <verseIdArabic>٥٨</verseIdArabic>
    <verseId>58</verseId>
    <chapterId>18</chapterId>
    <textIndopak>وَرَبُّكَ ٱلۡغَفُورُ ذُو ٱلرَّحۡمَةِۖ لَوۡ يُؤَاخِذُهُم بِمَا كَسَبُواْ لَعَجَّلَ لَهُمُ ٱلۡعَذَابَۚ بَل لَّهُم مَّوۡعِدٞ لَّن يَجِدُواْ مِن دُونِهِۦ مَوۡئِلٗا</textIndopak>
    <translations>
      <translation>
        <author>Dr. Mustafa Khattab, the Clear Quran</author>
        <text>Your Lord is the All-Forgiving, Full of Mercy. If He were to seize them ˹immediately˺ for what they commit, He would have certainly hastened their punishment. But they have an appointed time, from which they will find no refuge.</text>
      </translation>
    </translations>
    <rules>[{"start": 114, "end": 117, "rule_id": 0}, {"start": 127, "end": 131, "rule_id": 3}, {"start": 112, "end": 117, "rule_id": 4}, {"start": 121, "end": 127, "rule_id": 5}, {"start": 141, "end": 145, "rule_id": 6}, {"start": 55, "end": 59, "rule_id": 7}]</rules>
  </verse>
  <verse>
    <verseIdArabic>٥٩</verseIdArabic>
    <verseId>59</verseId>
    <chapterId>18</chapterId>
    <textIndopak>وَتِلۡكَ ٱلۡقُرَىٰٓ أَهۡلَكۡنَٰهُمۡ لَمَّا ظَلَمُواْ وَجَعَلۡنَا لِمَهۡلِكِهِم مَّوۡعِدٗا</textIndopak>
    <translations>
      <translation>
        <author>Dr. Mustafa Khattab, the Clear Quran</author>
        <text>Those ˹are the˺ societies We destroyed when they persisted in wrong, and We had set a time for their destruction.</text>
      </translation>
    </translations>
    <rules>[{"start": 38, "end": 41, "rule_id": 0}, {"start": 79, "end": 82, "rule_id": 0}, {"start": 77, "end": 82, "rule_id": 4}]</rules>
  </verse>
  <verse>
    <verseIdArabic>٦٠</verseIdArabic>
    <verseId>60</verseId>
    <chapterId>18</chapterId>
    <textIndopak>وَإِذۡ قَالَ مُوسَىٰ لِفَتَىٰهُ لَآ أَبۡرَحُ حَتَّىٰٓ أَبۡلُغَ مَجۡمَعَ ٱلۡبَحۡرَيۡنِ أَوۡ أَمۡضِيَ حُقُبٗا</textIndopak>
    <translations>
      <translation>
        <author>Dr. Mustafa Khattab, the Clear Quran</author>
        <text>And ˹remember˺ when Moses said to his young assistant, “I will never give up until I reach the junction of the two seas, even if I travel for ages.”</text>
      </translation>
    </translations>
    <rules>[{"start": 39, "end": 41, "rule_id": 1}, {"start": 57, "end": 59, "rule_id": 1}, {"start": 66, "end": 68, "rule_id": 1}]</rules>
  </verse>
  <verse>
    <verseIdArabic>٦١</verseIdArabic>
    <verseId>61</verseId>
    <chapterId>18</chapterId>
    <textIndopak>فَلَمَّا بَلَغَا مَجۡمَعَ بَيۡنِهِمَا نَسِيَا حُوتَهُمَا فَٱتَّخَذَ سَبِيلَهُۥ فِي ٱلۡبَحۡرِ سَرَبٗا</textIndopak>
    <translations>
      <translation>
        <author>Dr. Mustafa Khattab, the Clear Quran</author>
        <text>But when they ˹finally˺ reached the point where the seas met, they forgot their ˹salted˺ fish, and it made its way into the sea, slipping away ˹wondrously˺.</text>
      </translation>
    </translations>
    <rules>[{"start": 4, "end": 7, "rule_id": 0}, {"start": 19, "end": 21, "rule_id": 1}]</rules>
  </verse>
  <verse>
    <verseIdArabic>٦٢</verseIdArabic>
    <verseId>62</verseId>
    <chapterId>18</chapterId>
    <textIndopak>فَلَمَّا جَاوَزَا قَالَ لِفَتَىٰهُ ءَاتِنَا غَدَآءَنَا لَقَدۡ لَقِينَا مِن سَفَرِنَا هَٰذَا نَصَبٗا</textIndopak>
    <translations>
      <translation>
        <author>Dr. Mustafa Khattab, the Clear Quran</author>
        <text>When they had passed further, he said to his assistant, “Bring us our meal! We have certainly been exhausted by today’s journey.”</text>
      </translation>
    </translations>
    <rules>[{"start": 4, "end": 7, "rule_id": 0}, {"start": 60, "end": 62, "rule_id": 1}, {"start": 74, "end": 78, "rule_id": 6}]</rules>
  </verse>
  <verse>
    <verseIdArabic>٦٣</verseIdArabic>
    <verseId>63</verseId>
    <chapterId>18</chapterId>
    <textIndopak>قَالَ أَرَءَيۡتَ إِذۡ أَوَيۡنَآ إِلَى ٱلصَّخۡرَةِ فَإِنِّي نَسِيتُ ٱلۡحُوتَ وَمَآ أَنسَىٰنِيهُ إِلَّا ٱلشَّيۡطَٰنُ أَنۡ أَذۡكُرَهُۥۚ وَٱتَّخَذَ سَبِيلَهُۥ فِي ٱلۡبَحۡرِ عَجَبٗا</textIndopak>
    <translations>
      <translation>
        <author>Dr. Mustafa Khattab, the Clear Quran</author>
        <text>He replied, “Do you remember when we rested by the rock? ˹That is when˺ I forgot the fish. None made me forget to mention this except Satan. And the fish made its way into the sea miraculously.”</text>
      </translation>
    </translations>
    <rules>[{"start": 55, "end": 58, "rule_id": 0}, {"start": 86, "end": 89, "rule_id": 6}]</rules>
  </verse>
  <verse>
    <verseIdArabic>٦٤</verseIdArabic>
    <verseId>64</verseId>
    <chapterId>18</chapterId>
    <textIndopak>قَالَ ذَٰلِكَ مَا كُنَّا نَبۡغِۚ فَٱرۡتَدَّا عَلَىٰٓ ءَاثَارِهِمَا قَصَصٗا</textIndopak>
    <translations>
      <translation>
        <author>Dr. Mustafa Khattab, the Clear Quran</author>
        <text>Moses responded, “That is ˹exactly˺ what we were looking for.” So they returned, retracing their footsteps.</text>
      </translation>
    </translations>
    <rules>[{"start": 20, "end": 23, "rule_id": 0}, {"start": 27, "end": 29, "rule_id": 1}]</rules>
  </verse>
  <verse>
    <verseIdArabic>٦٥</verseIdArabic>
    <verseId>65</verseId>
    <chapterId>18</chapterId>
    <textIndopak>فَوَجَدَا عَبۡدٗا مِّنۡ عِبَادِنَآ ءَاتَيۡنَٰهُ رَحۡمَةٗ مِّنۡ عِندِنَا وَعَلَّمۡنَٰهُ مِن لَّدُنَّا عِلۡمٗا</textIndopak>
    <translations>
      <translation>
        <author>Dr. Mustafa Khattab, the Clear Quran</author>
        <text>There they found a servant of Ours, to whom We had granted mercy from Us and enlightened with knowledge of Our Own.</text>
      </translation>
    </translations>
    <rules>[{"start": 18, "end": 21, "rule_id": 0}, {"start": 58, "end": 61, "rule_id": 0}, {"start": 97, "end": 100, "rule_id": 0}, {"start": 12, "end": 14, "rule_id": 1}, {"start": 14, "end": 21, "rule_id": 3}, {"start": 55, "end": 61, "rule_id": 3}, {"start": 90, "end": 95, "rule_id": 5}, {"start": 66, "end": 69, "rule_id": 6}]</rules>
  </verse>
  <verse>
    <verseIdArabic>٦٦</verseIdArabic>
    <verseId>66</verseId>
    <chapterId>18</chapterId>
    <textIndopak>قَالَ لَهُۥ مُوسَىٰ هَلۡ أَتَّبِعُكَ عَلَىٰٓ أَن تُعَلِّمَنِ مِمَّا عُلِّمۡتَ رُشۡدٗا</textIndopak>
    <translations>
      <translation>
        <author>Dr. Mustafa Khattab, the Clear Quran</author>
        <text>Moses said to him, “May I follow you, provided that you teach me some of the right guidance you have been taught?”</text>
      </translation>
    </translations>
    <rules>[{"start": 63, "end": 66, "rule_id": 0}, {"start": 47, "end": 51, "rule_id": 6}]</rules>
  </verse>
  <verse>
    <verseIdArabic>٦٧</verseIdArabic>
    <verseId>67</verseId>
    <chapterId>18</chapterId>
    <textIndopak>قَالَ إِنَّكَ لَن تَسۡتَطِيعَ مَعِيَ صَبۡرٗا</textIndopak>
    <translations>
      <translation>
        <author>Dr. Mustafa Khattab, the Clear Quran</author>
        <text>He said, “You certainly cannot be patient ˹enough˺ with me.</text>
      </translation>
    </translations>
    <rules>[{"start": 8, "end": 11, "rule_id": 0}, {"start": 39, "end": 41, "rule_id": 1}, {"start": 16, "end": 20, "rule_id": 6}]</rules>
  </verse>
  <verse>
    <verseIdArabic>٦٨</verseIdArabic>
    <verseId>68</verseId>
    <chapterId>18</chapterId>
    <textIndopak>وَكَيۡفَ تَصۡبِرُ عَلَىٰ مَا لَمۡ تُحِطۡ بِهِۦ خُبۡرٗا</textIndopak>
    <translations>
      <translation>
        <author>Dr. Mustafa Khattab, the Clear Quran</author>
        <text>And how can you be patient with what is beyond your ˹realm of˺ knowledge?”</text>
      </translation>
    </translations>
    <rules>[{"start": 38, "end": 40, "rule_id": 1}, {"start": 49, "end": 51, "rule_id": 1}]</rules>
  </verse>
  <verse>
    <verseIdArabic>٦٩</verseIdArabic>
    <verseId>69</verseId>
    <chapterId>18</chapterId>
    <textIndopak>قَالَ سَتَجِدُنِيٓ إِن شَآءَ ٱللَّهُ صَابِرٗا وَلَآ أَعۡصِي لَكَ أَمۡرٗا</textIndopak>
    <translations>
      <translation>
        <author>Dr. Mustafa Khattab, the Clear Quran</author>
        <text>Moses assured ˹him˺, “You will find me patient, Allah willing, and I will not disobey any of your orders.”</text>
      </translation>
    </translations>
    <rules>[{"start": 43, "end": 49, "rule_id": 3}, {"start": 21, "end": 25, "rule_id": 6}]</rules>
  </verse>
  <verse>
    <verseIdArabic>٧٠</verseIdArabic>
    <verseId>70</verseId>
    <chapterId>18</chapterId>
    <textIndopak>قَالَ فَإِنِ ٱتَّبَعۡتَنِي فَلَا تَسۡـَٔلۡنِي عَن شَيۡءٍ حَتَّىٰٓ أُحۡدِثَ لَكَ مِنۡهُ ذِكۡرٗا</textIndopak>
    <translations>
      <translation>
        <author>Dr. Mustafa Khattab, the Clear Quran</author>
        <text>He responded, “Then if you follow me, do not question me about anything until I ˹myself˺ clarify it for you.”</text>
      </translation>
    </translations>
    <rules>[{"start": 48, "end": 52, "rule_id": 6}]</rules>
  </verse>
  <verse>
    <verseIdArabic>٧١</verseIdArabic>
    <verseId>71</verseId>
    <chapterId>18</chapterId>
    <textIndopak>فَٱنطَلَقَا حَتَّىٰٓ إِذَا رَكِبَا فِي ٱلسَّفِينَةِ خَرَقَهَاۖ قَالَ أَخَرَقۡتَهَا لِتُغۡرِقَ أَهۡلَهَا لَقَدۡ جِئۡتَ شَيۡـًٔا إِمۡرٗا</textIndopak>
    <translations>
      <translation>
        <author>Dr. Mustafa Khattab, the Clear Quran</author>
        <text>So they set out, but after they had boarded a ship, the man made a hole in it. Moses protested, “Have you done this to drown its people? You have certainly done a terrible thing!”</text>
      </translation>
    </translations>
    <rules>[{"start": 76, "end": 78, "rule_id": 1}, {"start": 109, "end": 111, "rule_id": 1}, {"start": 3, "end": 6, "rule_id": 6}]</rules>
  </verse>
  <verse>
    <verseIdArabic>٧٢</verseIdArabic>
    <verseId>72</verseId>
    <chapterId>18</chapterId>
    <textIndopak>قَالَ أَلَمۡ أَقُلۡ إِنَّكَ لَن تَسۡتَطِيعَ مَعِيَ صَبۡرٗا</textIndopak>
    <translations>
      <translation>
        <author>Dr. Mustafa Khattab, the Clear Quran</author>
        <text>He replied, “Did I not say that you cannot have patience with me?”</text>
      </translation>
    </translations>
    <rules>[{"start": 22, "end": 25, "rule_id": 0}, {"start": 53, "end": 55, "rule_id": 1}, {"start": 30, "end": 34, "rule_id": 6}]</rules>
  </verse>
  <verse>
    <verseIdArabic>٧٣</verseIdArabic>
    <verseId>73</verseId>
    <chapterId>18</chapterId>
    <textIndopak>قَالَ لَا تُؤَاخِذۡنِي بِمَا نَسِيتُ وَلَا تُرۡهِقۡنِي مِنۡ أَمۡرِي عُسۡرٗا</textIndopak>
    <translations>
      <translation>
        <author>Dr. Mustafa Khattab, the Clear Quran</author>
        <text>Moses pleaded, “Excuse me for forgetting, and do not be hard on me.”</text>
      </translation>
    </translations>
    <rules>[{"start": 49, "end": 51, "rule_id": 1}]</rules>
  </verse>
  <verse>
    <verseIdArabic>٧٤</verseIdArabic>
    <verseId>74</verseId>
    <chapterId>18</chapterId>
    <textIndopak>فَٱنطَلَقَا حَتَّىٰٓ إِذَا لَقِيَا غُلَٰمٗا فَقَتَلَهُۥ قَالَ أَقَتَلۡتَ نَفۡسٗا زَكِيَّةَۢ بِغَيۡرِ نَفۡسٖ لَّقَدۡ جِئۡتَ شَيۡـٔٗا نُّكۡرٗا</textIndopak>
    <translations>
      <translation>
        <author>Dr. Mustafa Khattab, the Clear Quran</author>
        <text>So they proceeded until they came across a boy, and the man killed him. Moses protested, “Have you killed an innocent soul, who killed no one? You have certainly done a horrible thing.”</text>
      </translation>
    </translations>
    <rules>[{"start": 132, "end": 135, "rule_id": 0}, {"start": 113, "end": 115, "rule_id": 1}, {"start": 88, "end": 94, "rule_id": 2}, {"start": 128, "end": 135, "rule_id": 3}, {"start": 105, "end": 111, "rule_id": 5}, {"start": 3, "end": 6, "rule_id": 6}]</rules>
  </verse>
  <verse>
    <verseIdArabic>٧٥</verseIdArabic>
    <verseId>75</verseId>
    <chapterId>18</chapterId>
    <textIndopak>۞ قَالَ أَلَمۡ أَقُل لَّكَ إِنَّكَ لَن تَسۡتَطِيعَ مَعِيَ صَبۡرٗا</textIndopak>
    <translations>
      <translation>
        <author>Dr. Mustafa Khattab, the Clear Quran</author>
        <text>He answered, “Did I not tell you that you cannot have patience with me?”</text>
      </translation>
    </translations>
    <rules>[{"start": 29, "end": 32, "rule_id": 0}, {"start": 60, "end": 62, "rule_id": 1}, {"start": 37, "end": 41, "rule_id": 6}]</rules>
  </verse>
  <verse>
    <verseIdArabic>٧٦</verseIdArabic>
    <verseId>76</verseId>
    <chapterId>18</chapterId>
    <textIndopak>قَالَ إِن سَأَلۡتُكَ عَن شَيۡءِۭ بَعۡدَهَا فَلَا تُصَٰحِبۡنِيۖ قَدۡ بَلَغۡتَ مِن لَّدُنِّي عُذۡرٗا</textIndopak>
    <translations>
      <translation>
        <author>Dr. Mustafa Khattab, the Clear Quran</author>
        <text>Moses replied, “If I ever question you about anything after this, then do not keep me in your company, for by then I would have given you enough of an excuse.”</text>
      </translation>
    </translations>
    <rules>[{"start": 87, "end": 90, "rule_id": 0}, {"start": 56, "end": 58, "rule_id": 1}, {"start": 66, "end": 68, "rule_id": 1}, {"start": 29, "end": 35, "rule_id": 2}, {"start": 80, "end": 85, "rule_id": 5}, {"start": 8, "end": 12, "rule_id": 6}, {"start": 23, "end": 27, "rule_id": 6}]</rules>
  </verse>
  <verse>
    <verseIdArabic>٧٧</verseIdArabic>
    <verseId>77</verseId>
    <chapterId>18</chapterId>
    <textIndopak>فَٱنطَلَقَا حَتَّىٰٓ إِذَآ أَتَيَآ أَهۡلَ قَرۡيَةٍ ٱسۡتَطۡعَمَآ أَهۡلَهَا فَأَبَوۡاْ أَن يُضَيِّفُوهُمَا فَوَجَدَا فِيهَا جِدَارٗا يُرِيدُ أَن يَنقَضَّ فَأَقَامَهُۥۖ قَالَ لَوۡ شِئۡتَ لَتَّخَذۡتَ عَلَيۡهِ أَجۡرٗا</textIndopak>
    <translations>
      <translation>
        <author>Dr. Mustafa Khattab, the Clear Quran</author>
        <text>So they moved on until they came to the people of a town. They asked them for food, but the people refused to give them hospitality. There they found a wall ready to collapse, so the man set it right. Moses protested, “If you wanted, you could have demanded a fee for this.”</text>
      </translation>
    </translations>
    <rules>[{"start": 58, "end": 60, "rule_id": 1}, {"start": 211, "end": 213, "rule_id": 1}, {"start": 90, "end": 94, "rule_id": 3}, {"start": 144, "end": 148, "rule_id": 3}, {"start": 130, "end": 136, "rule_id": 3}, {"start": 3, "end": 6, "rule_id": 6}, {"start": 148, "end": 151, "rule_id": 6}]</rules>
  </verse>
  <verse>
    <verseIdArabic>٧٨</verseIdArabic>
    <verseId>78</verseId>
    <chapterId>18</chapterId>
    <textIndopak>قَالَ هَٰذَا فِرَاقُ بَيۡنِي وَبَيۡنِكَۚ سَأُنَبِّئُكَ بِتَأۡوِيلِ مَا لَمۡ تَسۡتَطِع عَّلَيۡهِ صَبۡرًا</textIndopak>
    <translations>
      <translation>
        <author>Dr. Mustafa Khattab, the Clear Quran</author>
        <text>He replied, “This is the parting of our ways. I will explain to you what you could not bear patiently.</text>
      </translation>
    </translations>
    <rules>[{"start": 99, "end": 101, "rule_id": 1}]</rules>
  </verse>
  <verse>
    <verseIdArabic>٧٩</verseIdArabic>
    <verseId>79</verseId>
    <chapterId>18</chapterId>
    <textIndopak>أَمَّا ٱلسَّفِينَةُ فَكَانَتۡ لِمَسَٰكِينَ يَعۡمَلُونَ فِي ٱلۡبَحۡرِ فَأَرَدتُّ أَنۡ أَعِيبَهَا وَكَانَ وَرَآءَهُم مَّلِكٞ يَأۡخُذُ كُلَّ سَفِينَةٍ غَصۡبٗا</textIndopak>
    <translations>
      <translation>
        <author>Dr. Mustafa Khattab, the Clear Quran</author>
        <text>“As for the ship, it belonged to some poor people, working at sea. So I intended to damage it, for there was a ˹tyrant˺ king ahead of them who seizes every ˹good˺ ship by force.</text>
      </translation>
    </translations>
    <rules>[{"start": 2, "end": 5, "rule_id": 0}, {"start": 116, "end": 119, "rule_id": 0}, {"start": 121, "end": 126, "rule_id": 3}, {"start": 114, "end": 119, "rule_id": 4}]</rules>
  </verse>
  <verse>
    <verseIdArabic>٨٠</verseIdArabic>
    <verseId>80</verseId>
    <chapterId>18</chapterId>
    <textIndopak>وَأَمَّا ٱلۡغُلَٰمُ فَكَانَ أَبَوَاهُ مُؤۡمِنَيۡنِ فَخَشِينَآ أَن يُرۡهِقَهُمَا طُغۡيَٰنٗا وَكُفۡرٗا</textIndopak>
    <translations>
      <translation>
        <author>Dr. Mustafa Khattab, the Clear Quran</author>
        <text>“And as for the boy, his parents were ˹true˺ believers, and we feared that he would pressure them into defiance and disbelief.</text>
      </translation>
    </translations>
    <rules>[{"start": 4, "end": 7, "rule_id": 0}, {"start": 65, "end": 69, "rule_id": 3}, {"start": 88, "end": 94, "rule_id": 3}]</rules>
  </verse>
  <verse>
    <verseIdArabic>٨١</verseIdArabic>
    <verseId>81</verseId>
    <chapterId>18</chapterId>
    <textIndopak>فَأَرَدۡنَآ أَن يُبۡدِلَهُمَا رَبُّهُمَا خَيۡرٗا مِّنۡهُ زَكَوٰةٗ وَأَقۡرَبَ رُحۡمٗا</textIndopak>
    <translations>
      <translation>
        <author>Dr. Mustafa Khattab, the Clear Quran</author>
        <text>So we hoped that their Lord would give them another, more virtuous and caring in his place.</text>
      </translation>
    </translations>
    <rules>[{"start": 50, "end": 53, "rule_id": 0}, {"start": 6, "end": 8, "rule_id": 1}, {"start": 19, "end": 21, "rule_id": 1}, {"start": 71, "end": 73, "rule_id": 1}, {"start": 15, "end": 19, "rule_id": 3}, {"start": 46, "end": 53, "rule_id": 3}, {"start": 64, "end": 69, "rule_id": 3}]</rules>
  </verse>
  <verse>
    <verseIdArabic>٨٢</verseIdArabic>
    <verseId>82</verseId>
    <chapterId>18</chapterId>
    <textIndopak>وَأَمَّا ٱلۡجِدَارُ فَكَانَ لِغُلَٰمَيۡنِ يَتِيمَيۡنِ فِي ٱلۡمَدِينَةِ وَكَانَ تَحۡتَهُۥ كَنزٞ لَّهُمَا وَكَانَ أَبُوهُمَا صَٰلِحٗا فَأَرَادَ رَبُّكَ أَن يَبۡلُغَآ أَشُدَّهُمَا وَيَسۡتَخۡرِجَا كَنزَهُمَا رَحۡمَةٗ مِّن رَّبِّكَۚ وَمَا فَعَلۡتُهُۥ عَنۡ أَمۡرِيۚ ذَٰلِكَ تَأۡوِيلُ مَا لَمۡ تَسۡطِع عَّلَيۡهِ صَبۡرٗا</textIndopak>
    <translations>
      <translation>
        <author>Dr. Mustafa Khattab, the Clear Quran</author>
        <text>“And as for the wall, it belonged to two orphan boys in the city, and under the wall was a treasure that belonged to them, and their father had been a righteous man. So your Lord willed that these children should come of age and retrieve their treasure, as a mercy from your Lord. I did not do it ˹all˺ on my own. This is the explanation of what you could not bear patiently.”</text>
      </translation>
    </translations>
    <rules>[{"start": 4, "end": 7, "rule_id": 0}, {"start": 214, "end": 217, "rule_id": 0}, {"start": 156, "end": 158, "rule_id": 1}, {"start": 310, "end": 312, "rule_id": 1}, {"start": 152, "end": 156, "rule_id": 3}, {"start": 211, "end": 217, "rule_id": 3}, {"start": 217, "end": 222, "rule_id": 5}, {"start": 92, "end": 98, "rule_id": 5}, {"start": 91, "end": 94, "rule_id": 6}, {"start": 196, "end": 199, "rule_id": 6}]</rules>
  </verse>
  <verse>
    <verseIdArabic>٨٣</verseIdArabic>
    <verseId>83</verseId>
    <chapterId>18</chapterId>
    <textIndopak>وَيَسۡـَٔلُونَكَ عَن ذِي ٱلۡقَرۡنَيۡنِۖ قُلۡ سَأَتۡلُواْ عَلَيۡكُم مِّنۡهُ ذِكۡرًا</textIndopak>
    <translations>
      <translation>
        <author>Dr. Mustafa Khattab, the Clear Quran</author>
        <text>They ask you ˹O Prophet˺ about Ⱬul-Qarnain. Say, “I will relate to you something of his narrative.”</text>
      </translation>
    </translations>
    <rules>[{"start": 68, "end": 71, "rule_id": 0}, {"start": 66, "end": 71, "rule_id": 4}, {"start": 19, "end": 23, "rule_id": 6}]</rules>
  </verse>
  <verse>
    <verseIdArabic>٨٤</verseIdArabic>
    <verseId>84</verseId>
    <chapterId>18</chapterId>
    <textIndopak>إِنَّا مَكَّنَّا لَهُۥ فِي ٱلۡأَرۡضِ وَءَاتَيۡنَٰهُ مِن كُلِّ شَيۡءٖ سَبَبٗا</textIndopak>
    <translations>
      <translation>
        <author>Dr. Mustafa Khattab, the Clear Quran</author>
        <text>Surely We established him in the land, and gave him the means to all things.</text>
      </translation>
    </translations>
    <rules>[{"start": 2, "end": 5, "rule_id": 0}, {"start": 12, "end": 15, "rule_id": 0}, {"start": 54, "end": 58, "rule_id": 6}, {"start": 66, "end": 71, "rule_id": 6}]</rules>
  </verse>
  <verse>
    <verseIdArabic>٨٥</verseIdArabic>
    <verseId>85</verseId>
    <chapterId>18</chapterId>
    <textIndopak>فَأَتۡبَعَ سَبَبًا</textIndopak>
    <translations>
      <translation>
        <author>Dr. Mustafa Khattab, the Clear Quran</author>
        <text>So he travelled a course,</text>
      </translation>
    </translations>
  </verse>
  <verse>
    <verseIdArabic>٨٦</verseIdArabic>
    <verseId>86</verseId>
    <chapterId>18</chapterId>
    <textIndopak>حَتَّىٰٓ إِذَا بَلَغَ مَغۡرِبَ ٱلشَّمۡسِ وَجَدَهَا تَغۡرُبُ فِي عَيۡنٍ حَمِئَةٖ وَوَجَدَ عِندَهَا قَوۡمٗاۖ قُلۡنَا يَٰذَا ٱلۡقَرۡنَيۡنِ إِمَّآ أَن تُعَذِّبَ وَإِمَّآ أَن تَتَّخِذَ فِيهِمۡ حُسۡنٗا</textIndopak>
    <translations>
      <translation>
        <author>Dr. Mustafa Khattab, the Clear Quran</author>
        <text>until he reached the setting ˹point˺ of the sun, which appeared to him to be setting in a spring of murky water, where he found some people. We said, “O Ⱬul-Qarnain! Either punish them or treat them kindly.”</text>
      </translation>
    </translations>
    <rules>[{"start": 139, "end": 142, "rule_id": 0}, {"start": 163, "end": 166, "rule_id": 0}, {"start": 77, "end": 82, "rule_id": 3}, {"start": 91, "end": 94, "rule_id": 6}, {"start": 147, "end": 151, "rule_id": 6}, {"start": 171, "end": 175, "rule_id": 6}]</rules>
  </verse>
  <verse>
    <verseIdArabic>٨٧</verseIdArabic>
    <verseId>87</verseId>
    <chapterId>18</chapterId>
    <textIndopak>قَالَ أَمَّا مَن ظَلَمَ فَسَوۡفَ نُعَذِّبُهُۥ ثُمَّ يُرَدُّ إِلَىٰ رَبِّهِۦ فَيُعَذِّبُهُۥ عَذَابٗا نُّكۡرٗا</textIndopak>
    <translations>
      <translation>
        <author>Dr. Mustafa Khattab, the Clear Quran</author>
        <text>He responded, “Whoever does wrong will be punished by us, then will be returned to their Lord, Who will punish them with a horrible torment.</text>
      </translation>
    </translations>
    <rules>[{"start": 8, "end": 11, "rule_id": 0}, {"start": 48, "end": 51, "rule_id": 0}, {"start": 100, "end": 103, "rule_id": 0}, {"start": 96, "end": 103, "rule_id": 3}, {"start": 15, "end": 19, "rule_id": 6}]</rules>
  </verse>
  <verse>
    <verseIdArabic>٨٨</verseIdArabic>
    <verseId>88</verseId>
    <chapterId>18</chapterId>
    <textIndopak>وَأَمَّا مَنۡ ءَامَنَ وَعَمِلَ صَٰلِحٗا فَلَهُۥ جَزَآءً ٱلۡحُسۡنَىٰۖ وَسَنَقُولُ لَهُۥ مِنۡ أَمۡرِنَا يُسۡرٗا</textIndopak>
    <translations>
      <translation>
        <author>Dr. Mustafa Khattab, the Clear Quran</author>
        <text>As for those who believe and do good, they will have the finest reward, and we will assign them easy commands.”</text>
      </translation>
    </translations>
    <rules>[{"start": 4, "end": 7, "rule_id": 0}]</rules>
  </verse>
  <verse>
    <verseIdArabic>٨٩</verseIdArabic>
    <verseId>89</verseId>
    <chapterId>18</chapterId>
    <textIndopak>ثُمَّ أَتۡبَعَ سَبَبًا</textIndopak>
    <translations>
      <translation>
        <author>Dr. Mustafa Khattab, the Clear Quran</author>
        <text>Then he travelled a ˹different˺ course</text>
      </translation>
    </translations>
    <rules>[{"start": 2, "end": 5, "rule_id": 0}]</rules>
  </verse>
  <verse>
    <verseIdArabic>٩٠</verseIdArabic>
    <verseId>90</verseId>
    <chapterId>18</chapterId>
    <textIndopak>حَتَّىٰٓ إِذَا بَلَغَ مَطۡلِعَ ٱلشَّمۡسِ وَجَدَهَا تَطۡلُعُ عَلَىٰ قَوۡمٖ لَّمۡ نَجۡعَل لَّهُم مِّن دُونِهَا سِتۡرٗا</textIndopak>
    <translations>
      <translation>
        <author>Dr. Mustafa Khattab, the Clear Quran</author>
        <text>until he reached the rising ˹point˺ of the sun. He found it rising on a people for whom We had provided no shelter from it.</text>
      </translation>
    </translations>
    <rules>[{"start": 95, "end": 98, "rule_id": 0}, {"start": 24, "end": 26, "rule_id": 1}, {"start": 53, "end": 55, "rule_id": 1}, {"start": 82, "end": 84, "rule_id": 1}, {"start": 93, "end": 98, "rule_id": 4}, {"start": 71, "end": 77, "rule_id": 5}, {"start": 98, "end": 102, "rule_id": 6}]</rules>
  </verse>
  <verse>
    <verseIdArabic>٩١</verseIdArabic>
    <verseId>91</verseId>
    <chapterId>18</chapterId>
    <textIndopak>كَذَٰلِكَۖ وَقَدۡ أَحَطۡنَا بِمَا لَدَيۡهِ خُبۡرٗا</textIndopak>
    <translations>
      <translation>
        <author>Dr. Mustafa Khattab, the Clear Quran</author>
        <text>So it was. And We truly had full knowledge of him.</text>
      </translation>
    </translations>
    <rules>[{"start": 14, "end": 16, "rule_id": 1}, {"start": 21, "end": 23, "rule_id": 1}, {"start": 44, "end": 46, "rule_id": 1}]</rules>
  </verse>
  <verse>
    <verseIdArabic>٩٢</verseIdArabic>
    <verseId>92</verseId>
    <chapterId>18</chapterId>
    <textIndopak>ثُمَّ أَتۡبَعَ سَبَبًا</textIndopak>
    <translations>
      <translation>
        <author>Dr. Mustafa Khattab, the Clear Quran</author>
        <text>Then he travelled a ˹third˺ course</text>
      </translation>
    </translations>
    <rules>[{"start": 2, "end": 5, "rule_id": 0}]</rules>
  </verse>
  <verse>
    <verseIdArabic>٩٣</verseIdArabic>
    <verseId>93</verseId>
    <chapterId>18</chapterId>
    <textIndopak>حَتَّىٰٓ إِذَا بَلَغَ بَيۡنَ ٱلسَّدَّيۡنِ وَجَدَ مِن دُونِهِمَا قَوۡمٗا لَّا يَكَادُونَ يَفۡقَهُونَ قَوۡلٗا</textIndopak>
    <translations>
      <translation>
        <author>Dr. Mustafa Khattab, the Clear Quran</author>
        <text>until he reached ˹a pass˺ between two mountains. He found in front of them a people who could hardly understand ˹his˺ language.</text>
      </translation>
    </translations>
    <rules>[{"start": 68, "end": 75, "rule_id": 5}, {"start": 51, "end": 55, "rule_id": 6}]</rules>
  </verse>
  <verse>
    <verseIdArabic>٩٤</verseIdArabic>
    <verseId>94</verseId>
    <chapterId>18</chapterId>
    <textIndopak>قَالُواْ يَٰذَا ٱلۡقَرۡنَيۡنِ إِنَّ يَأۡجُوجَ وَمَأۡجُوجَ مُفۡسِدُونَ فِي ٱلۡأَرۡضِ فَهَلۡ نَجۡعَلُ لَكَ خَرۡجًا عَلَىٰٓ أَن تَجۡعَلَ بَيۡنَنَا وَبَيۡنَهُمۡ سَدّٗا</textIndopak>
    <translations>
      <translation>
        <author>Dr. Mustafa Khattab, the Clear Quran</author>
        <text>They pleaded, “O Ⱬul-Qarnain! Surely Gog and Magog are spreading corruption throughout the land. Should we pay you tribute, provided that you build a wall between us and them?”</text>
      </translation>
    </translations>
    <rules>[{"start": 32, "end": 35, "rule_id": 0}, {"start": 93, "end": 95, "rule_id": 1}, {"start": 127, "end": 129, "rule_id": 1}, {"start": 123, "end": 127, "rule_id": 6}]</rules>
  </verse>
  <verse>
    <verseIdArabic>٩٥</verseIdArabic>
    <verseId>95</verseId>
    <chapterId>18</chapterId>
    <textIndopak>قَالَ مَا مَكَّنِّي فِيهِ رَبِّي خَيۡرٞ فَأَعِينُونِي بِقُوَّةٍ أَجۡعَلۡ بَيۡنَكُمۡ وَبَيۡنَهُمۡ رَدۡمًا</textIndopak>
    <translations>
      <translation>
        <author>Dr. Mustafa Khattab, the Clear Quran</author>
        <text>He responded, “What my Lord has provided for me is far better. But assist me with resources, and I will build a barrier between you and them.</text>
      </translation>
    </translations>
    <rules>[{"start": 15, "end": 18, "rule_id": 0}, {"start": 66, "end": 68, "rule_id": 1}, {"start": 99, "end": 101, "rule_id": 1}, {"start": 37, "end": 42, "rule_id": 6}]</rules>
  </verse>
  <verse>
    <verseIdArabic>٩٦</verseIdArabic>
    <verseId>96</verseId>
    <chapterId>18</chapterId>
    <textIndopak>ءَاتُونِي زُبَرَ ٱلۡحَدِيدِۖ حَتَّىٰٓ إِذَا سَاوَىٰ بَيۡنَ ٱلصَّدَفَيۡنِ قَالَ ٱنفُخُواْۖ حَتَّىٰٓ إِذَا جَعَلَهُۥ نَارٗا قَالَ ءَاتُونِيٓ أُفۡرِغۡ عَلَيۡهِ قِطۡرٗا</textIndopak>
    <translations>
      <translation>
        <author>Dr. Mustafa Khattab, the Clear Quran</author>
        <text>Bring me blocks of iron!” Then, when he had filled up ˹the gap˺ between the two mountains, he ordered, “Blow!” When the iron became red hot, he said, “Bring me molten copper to pour over it.”</text>
      </translation>
    </translations>
    <rules>[{"start": 161, "end": 163, "rule_id": 1}, {"start": 81, "end": 84, "rule_id": 6}]</rules>
  </verse>
  <verse>
    <verseIdArabic>٩٧</verseIdArabic>
    <verseId>97</verseId>
    <chapterId>18</chapterId>
    <textIndopak>فَمَا ٱسۡطَٰعُوٓاْ أَن يَظۡهَرُوهُ وَمَا ٱسۡتَطَٰعُواْ لَهُۥ نَقۡبٗا</textIndopak>
    <translations>
      <translation>
        <author>Dr. Mustafa Khattab, the Clear Quran</author>
        <text>And so the enemies could neither scale nor tunnel through it.</text>
      </translation>
    </translations>
    <rules>[{"start": 63, "end": 65, "rule_id": 1}, {"start": 21, "end": 25, "rule_id": 3}]</rules>
  </verse>
  <verse>
    <verseIdArabic>٩٨</verseIdArabic>
    <verseId>98</verseId>
    <chapterId>18</chapterId>
    <textIndopak>قَالَ هَٰذَا رَحۡمَةٞ مِّن رَّبِّيۖ فَإِذَا جَآءَ وَعۡدُ رَبِّي جَعَلَهُۥ دَكَّآءَۖ وَكَانَ وَعۡدُ رَبِّي حَقّٗا</textIndopak>
    <translations>
      <translation>
        <author>Dr. Mustafa Khattab, the Clear Quran</author>
        <text>He declared, “This is a mercy from my Lord. But when the promise of my Lord comes to pass, He will level it to the ground. And my Lord’s promise is ever true.”</text>
      </translation>
    </translations>
    <rules>[{"start": 22, "end": 25, "rule_id": 0}, {"start": 19, "end": 25, "rule_id": 3}, {"start": 25, "end": 30, "rule_id": 5}]</rules>
  </verse>
  <verse>
    <verseIdArabic>٩٩</verseIdArabic>
    <verseId>99</verseId>
    <chapterId>18</chapterId>
    <textIndopak>۞ وَتَرَكۡنَا بَعۡضَهُمۡ يَوۡمَئِذٖ يَمُوجُ فِي بَعۡضٖۖ وَنُفِخَ فِي ٱلصُّورِ فَجَمَعۡنَٰهُمۡ جَمۡعٗا</textIndopak>
    <translations>
      <translation>
        <author>Dr. Mustafa Khattab, the Clear Quran</author>
        <text>On that Day, We will let them surge ˹like waves˺ over one another. Later, the Trumpet will be blown, and We will gather all ˹people˺ together.</text>
      </translation>
    </translations>
    <rules>[{"start": 33, "end": 38, "rule_id": 3}, {"start": 52, "end": 59, "rule_id": 3}]</rules>
  </verse>
  <verse>
    <verseIdArabic>١٠٠</verseIdArabic>
    <verseId>100</verseId>
    <chapterId>18</chapterId>
    <textIndopak>وَعَرَضۡنَا جَهَنَّمَ يَوۡمَئِذٖ لِّلۡكَٰفِرِينَ عَرۡضًا</textIndopak>
    <translations>
      <translation>
        <author>Dr. Mustafa Khattab, the Clear Quran</author>
        <text>On that Day We will display Hell clearly for the disbelievers,</text>
      </translation>
    </translations>
    <rules>[{"start": 16, "end": 19, "rule_id": 0}, {"start": 30, "end": 36, "rule_id": 5}]</rules>
  </verse>
  <verse>
    <verseIdArabic>١٠١</verseIdArabic>
    <verseId>101</verseId>
    <chapterId>18</chapterId>
    <textIndopak>ٱلَّذِينَ كَانَتۡ أَعۡيُنُهُمۡ فِي غِطَآءٍ عَن ذِكۡرِي وَكَانُواْ لَا يَسۡتَطِيعُونَ سَمۡعًا</textIndopak>
    <translations>
      <translation>
        <author>Dr. Mustafa Khattab, the Clear Quran</author>
        <text>those who turned a blind eye to My Reminder and could not stand listening ˹to it˺.</text>
      </translation>
    </translations>
    <rules>[{"start": 46, "end": 50, "rule_id": 6}]</rules>
  </verse>
  <verse>
    <verseIdArabic>١٠٢</verseIdArabic>
    <verseId>102</verseId>
    <chapterId>18</chapterId>
    <textIndopak>أَفَحَسِبَ ٱلَّذِينَ كَفَرُوٓاْ أَن يَتَّخِذُواْ عِبَادِي مِن دُونِيٓ أَوۡلِيَآءَۚ إِنَّآ أَعۡتَدۡنَا جَهَنَّمَ لِلۡكَٰفِرِينَ نُزُلٗا</textIndopak>
    <translations>
      <translation>
        <author>Dr. Mustafa Khattab, the Clear Quran</author>
        <text>Do the disbelievers think they can ˹simply˺ take My servants as lords instead of Me? We have surely prepared Hell as an accommodation for the disbelievers.</text>
      </translation>
    </translations>
    <rules>[{"start": 87, "end": 90, "rule_id": 0}, {"start": 109, "end": 112, "rule_id": 0}, {"start": 99, "end": 101, "rule_id": 1}, {"start": 34, "end": 38, "rule_id": 3}, {"start": 60, "end": 64, "rule_id": 6}]</rules>
  </verse>
  <verse>
    <verseIdArabic>١٠٣</verseIdArabic>
    <verseId>103</verseId>
    <chapterId>18</chapterId>
    <textIndopak>قُلۡ هَلۡ نُنَبِّئُكُم بِٱلۡأَخۡسَرِينَ أَعۡمَٰلًا</textIndopak>
    <translations>
      <translation>
        <author>Dr. Mustafa Khattab, the Clear Quran</author>
        <text>Say, ˹O Prophet,˺ “Shall we inform you of who will lose the most deeds?</text>
      </translation>
    </translations>
    <rules>[{"start": 21, "end": 25, "rule_id": 7}]</rules>
  </verse>
  <verse>
    <verseIdArabic>١٠٤</verseIdArabic>
    <verseId>104</verseId>
    <chapterId>18</chapterId>
    <textIndopak>ٱلَّذِينَ ضَلَّ سَعۡيُهُمۡ فِي ٱلۡحَيَوٰةِ ٱلدُّنۡيَا وَهُمۡ يَحۡسَبُونَ أَنَّهُمۡ يُحۡسِنُونَ صُنۡعًا</textIndopak>
    <translations>
      <translation>
        <author>Dr. Mustafa Khattab, the Clear Quran</author>
        <text>˹They are˺ those whose efforts are in vain in this worldly life, while they think they are doing good!”</text>
      </translation>
    </translations>
    <rules>[{"start": 75, "end": 78, "rule_id": 0}]</rules>
  </verse>
  <verse>
    <verseIdArabic>١٠٥</verseIdArabic>
    <verseId>105</verseId>
    <chapterId>18</chapterId>
    <textIndopak>أُوْلَٰٓئِكَ ٱلَّذِينَ كَفَرُواْ بِـَٔايَٰتِ رَبِّهِمۡ وَلِقَآئِهِۦ فَحَبِطَتۡ أَعۡمَٰلُهُمۡ فَلَا نُقِيمُ لَهُمۡ يَوۡمَ ٱلۡقِيَٰمَةِ وَزۡنٗا</textIndopak>
    <translations>
      <translation>
        <author>Dr. Mustafa Khattab, the Clear Quran</author>
        <text>It is they who reject the signs of their Lord and their meeting with Him, rendering their deeds void, so We will not give their deeds any weight on Judgment Day.</text>
      </translation>
    </translations>
  </verse>
  <verse>
    <verseIdArabic>١٠٦</verseIdArabic>
    <verseId>106</verseId>
    <chapterId>18</chapterId>
    <textIndopak>ذَٰلِكَ جَزَآؤُهُمۡ جَهَنَّمُ بِمَا كَفَرُواْ وَٱتَّخَذُوٓاْ ءَايَٰتِي وَرُسُلِي هُزُوًا</textIndopak>
    <translations>
      <translation>
        <author>Dr. Mustafa Khattab, the Clear Quran</author>
        <text>That is their reward: Hell, for their disbelief and mockery of My signs and messengers.</text>
      </translation>
    </translations>
    <rules>[{"start": 25, "end": 28, "rule_id": 0}]</rules>
  </verse>
  <verse>
    <verseIdArabic>١٠٧</verseIdArabic>
    <verseId>107</verseId>
    <chapterId>18</chapterId>
    <textIndopak>إِنَّ ٱلَّذِينَ ءَامَنُواْ وَعَمِلُواْ ٱلصَّٰلِحَٰتِ كَانَتۡ لَهُمۡ جَنَّٰتُ ٱلۡفِرۡدَوۡسِ نُزُلًا</textIndopak>
    <translations>
      <translation>
        <author>Dr. Mustafa Khattab, the Clear Quran</author>
        <text>Indeed, those who believe and do good will have the Gardens of Paradise as an accommodation,</text>
      </translation>
    </translations>
    <rules>[{"start": 2, "end": 5, "rule_id": 0}, {"start": 70, "end": 74, "rule_id": 0}]</rules>
  </verse>
  <verse>
    <verseIdArabic>١٠٨</verseIdArabic>
    <verseId>108</verseId>
    <chapterId>18</chapterId>
    <textIndopak>خَٰلِدِينَ فِيهَا لَا يَبۡغُونَ عَنۡهَا حِوَلٗا</textIndopak>
    <translations>
      <translation>
        <author>Dr. Mustafa Khattab, the Clear Quran</author>
        <text>where they will be forever, never desiring anywhere else.</text>
      </translation>
    </translations>
    <rules>[{"start": 24, "end": 26, "rule_id": 1}]</rules>
  </verse>
  <verse>
    <verseIdArabic>١٠٩</verseIdArabic>
    <verseId>109</verseId>
    <chapterId>18</chapterId>
    <textIndopak>قُل لَّوۡ كَانَ ٱلۡبَحۡرُ مِدَادٗا لِّكَلِمَٰتِ رَبِّي لَنَفِدَ ٱلۡبَحۡرُ قَبۡلَ أَن تَنفَدَ كَلِمَٰتُ رَبِّي وَلَوۡ جِئۡنَا بِمِثۡلِهِۦ مَدَدٗا</textIndopak>
    <translations>
      <translation>
        <author>Dr. Mustafa Khattab, the Clear Quran</author>
        <text>Say, ˹O Prophet,˺ “If the ocean were ink for ˹writing˺ the Words of my Lord, it would certainly run out before the Words of my Lord were finished, even if We refilled it with its equal.”</text>
      </translation>
    </translations>
    <rules>[{"start": 76, "end": 78, "rule_id": 1}, {"start": 31, "end": 38, "rule_id": 5}, {"start": 83, "end": 87, "rule_id": 6}, {"start": 87, "end": 90, "rule_id": 6}]</rules>
  </verse>
  <verse>
    <verseIdArabic>١١٠</verseIdArabic>
    <verseId>110</verseId>
    <chapterId>18</chapterId>
    <textIndopak>قُلۡ إِنَّمَآ أَنَا۠ بَشَرٞ مِّثۡلُكُمۡ يُوحَىٰٓ إِلَيَّ أَنَّمَآ إِلَٰهُكُمۡ إِلَٰهٞ وَٰحِدٞۖ فَمَن كَانَ يَرۡجُواْ لِقَآءَ رَبِّهِۦ فَلۡيَعۡمَلۡ عَمَلٗا صَٰلِحٗا وَلَا يُشۡرِكۡ بِعِبَادَةِ رَبِّهِۦٓ أَحَدَۢا</textIndopak>
    <translations>
      <translation>
        <author>Dr. Mustafa Khattab, the Clear Quran</author>
        <text>Say, ˹O Prophet,˺ “I am only a man like you, ˹but˺ it has been revealed to me that your God is only One God. So whoever hopes for the meeting with their Lord, let them do good deeds and associate none in the worship of their Lord.”</text>
      </translation>
    </translations>
    <rules>[{"start": 7, "end": 10, "rule_id": 0}, {"start": 29, "end": 32, "rule_id": 0}, {"start": 60, "end": 63, "rule_id": 0}, {"start": 26, "end": 32, "rule_id": 3}, {"start": 85, "end": 91, "rule_id": 3}, {"start": 164, "end": 170, "rule_id": 3}, {"start": 102, "end": 106, "rule_id": 6}]</rules>
  </verse>
</verses>
