<?xml version="1.0" encoding="UTF-8"?>

<verses>
  <verse>
    <verseIdArabic>١</verseIdArabic>
    <verseId>1</verseId>
    <chapterId>19</chapterId>
    <textIndopak>كٓهيعٓصٓ</textIndopak>
    <translations>
      <translation>
        <author>Dr. Mustafa Khattab, the Clear Quran</author>
        <text>Kãf-Ha-Ya-’Aĩn- Ṣãd.</text>
      </translation>
    </translations>
  </verse>
  <verse>
    <verseIdArabic>٢</verseIdArabic>
    <verseId>2</verseId>
    <chapterId>19</chapterId>
    <textIndopak>ذِكۡرُ رَحۡمَتِ رَبِّكَ عَبۡدَهُۥ زَكَرِيَّآ</textIndopak>
    <translations>
      <translation>
        <author>Dr. Mustafa Khattab, the Clear Quran</author>
        <text>˹This is˺ a reminder of your Lord’s mercy to His servant Zachariah,</text>
      </translation>
    </translations>
    <rules>[{"start": 26, "end": 28, "rule_id": 1}]</rules>
  </verse>
  <verse>
    <verseIdArabic>٣</verseIdArabic>
    <verseId>3</verseId>
    <chapterId>19</chapterId>
    <textIndopak>إِذۡ نَادَىٰ رَبَّهُۥ نِدَآءً خَفِيّٗا</textIndopak>
    <translations>
      <translation>
        <author>Dr. Mustafa Khattab, the Clear Quran</author>
        <text>when he cried out to his Lord privately,</text>
      </translation>
    </translations>
    <rules>[{"start": 28, "end": 33, "rule_id": 6}]</rules>
  </verse>
  <verse>
    <verseIdArabic>٤</verseIdArabic>
    <verseId>4</verseId>
    <chapterId>19</chapterId>
    <textIndopak>قَالَ رَبِّ إِنِّي وَهَنَ ٱلۡعَظۡمُ مِنِّي وَٱشۡتَعَلَ ٱلرَّأۡسُ شَيۡبٗا وَلَمۡ أَكُنۢ بِدُعَآئِكَ رَبِّ شَقِيّٗا</textIndopak>
    <translations>
      <translation>
        <author>Dr. Mustafa Khattab, the Clear Quran</author>
        <text>saying, “My Lord! Surely my bones have become brittle, and grey hair has spread across my head, but I have never been disappointed in my prayer to You, my Lord!</text>
      </translation>
    </translations>
    <rules>[{"start": 14, "end": 17, "rule_id": 0}, {"start": 38, "end": 41, "rule_id": 0}, {"start": 84, "end": 89, "rule_id": 2}, {"start": 69, "end": 75, "rule_id": 3}]</rules>
  </verse>
  <verse>
    <verseIdArabic>٥</verseIdArabic>
    <verseId>5</verseId>
    <chapterId>19</chapterId>
    <textIndopak>وَإِنِّي خِفۡتُ ٱلۡمَوَٰلِيَ مِن وَرَآءِي وَكَانَتِ ٱمۡرَأَتِي عَاقِرٗا فَهَبۡ لِي مِن لَّدُنكَ وَلِيّٗا</textIndopak>
    <translations>
      <translation>
        <author>Dr. Mustafa Khattab, the Clear Quran</author>
        <text>And I am concerned about ˹the faith of˺ my relatives after me, since my wife is barren. So grant me, by Your grace, an heir,</text>
      </translation>
    </translations>
    <rules>[{"start": 4, "end": 7, "rule_id": 0}, {"start": 77, "end": 79, "rule_id": 1}, {"start": 31, "end": 35, "rule_id": 3}, {"start": 86, "end": 91, "rule_id": 5}, {"start": 93, "end": 96, "rule_id": 6}]</rules>
  </verse>
  <verse>
    <verseIdArabic>٦</verseIdArabic>
    <verseId>6</verseId>
    <chapterId>19</chapterId>
    <textIndopak>يَرِثُنِي وَيَرِثُ مِنۡ ءَالِ يَعۡقُوبَۖ وَٱجۡعَلۡهُ رَبِّ رَضِيّٗا</textIndopak>
    <translations>
      <translation>
        <author>Dr. Mustafa Khattab, the Clear Quran</author>
        <text>who will inherit ˹prophethood˺ from me and the family of Jacob, and make him, O Lord, pleasing ˹to You˺!”</text>
      </translation>
    </translations>
    <rules>[{"start": 45, "end": 47, "rule_id": 1}]</rules>
  </verse>
  <verse>
    <verseIdArabic>٧</verseIdArabic>
    <verseId>7</verseId>
    <chapterId>19</chapterId>
    <textIndopak>يَٰزَكَرِيَّآ إِنَّا نُبَشِّرُكَ بِغُلَٰمٍ ٱسۡمُهُۥ يَحۡيَىٰ لَمۡ نَجۡعَل لَّهُۥ مِن قَبۡلُ سَمِيّٗا</textIndopak>
    <translations>
      <translation>
        <author>Dr. Mustafa Khattab, the Clear Quran</author>
        <text>˹The angels announced,˺ “O Zachariah! Indeed, We give you the good news of ˹the birth of˺ a son, whose name will be John—a name We have not given to anyone before.”</text>
      </translation>
    </translations>
    <rules>[{"start": 17, "end": 20, "rule_id": 0}, {"start": 69, "end": 71, "rule_id": 1}, {"start": 88, "end": 90, "rule_id": 1}, {"start": 84, "end": 88, "rule_id": 6}]</rules>
  </verse>
  <verse>
    <verseIdArabic>٨</verseIdArabic>
    <verseId>8</verseId>
    <chapterId>19</chapterId>
    <textIndopak>قَالَ رَبِّ أَنَّىٰ يَكُونُ لِي غُلَٰمٞ وَكَانَتِ ٱمۡرَأَتِي عَاقِرٗا وَقَدۡ بَلَغۡتُ مِنَ ٱلۡكِبَرِ عِتِيّٗا</textIndopak>
    <translations>
      <translation>
        <author>Dr. Mustafa Khattab, the Clear Quran</author>
        <text>He wondered, “My Lord! How can I have a son when my wife is barren, and I have become extremely old?”</text>
      </translation>
    </translations>
    <rules>[{"start": 14, "end": 17, "rule_id": 0}, {"start": 74, "end": 76, "rule_id": 1}, {"start": 37, "end": 42, "rule_id": 3}, {"start": 66, "end": 72, "rule_id": 3}]</rules>
  </verse>
  <verse>
    <verseIdArabic>٩</verseIdArabic>
    <verseId>9</verseId>
    <chapterId>19</chapterId>
    <textIndopak>قَالَ كَذَٰلِكَ قَالَ رَبُّكَ هُوَ عَلَيَّ هَيِّنٞ وَقَدۡ خَلَقۡتُكَ مِن قَبۡلُ وَلَمۡ تَكُ شَيۡـٔٗا</textIndopak>
    <translations>
      <translation>
        <author>Dr. Mustafa Khattab, the Clear Quran</author>
        <text>An angel replied, “So will it be! Your Lord says, ‘It is easy for Me, just as I created you before, when you were nothing!’”</text>
      </translation>
    </translations>
    <rules>[{"start": 55, "end": 57, "rule_id": 1}, {"start": 62, "end": 64, "rule_id": 1}, {"start": 75, "end": 77, "rule_id": 1}, {"start": 48, "end": 53, "rule_id": 3}, {"start": 71, "end": 75, "rule_id": 6}]</rules>
  </verse>
  <verse>
    <verseIdArabic>١٠</verseIdArabic>
    <verseId>10</verseId>
    <chapterId>19</chapterId>
    <textIndopak>قَالَ رَبِّ ٱجۡعَل لِّيٓ ءَايَةٗۖ قَالَ ءَايَتُكَ أَلَّا تُكَلِّمَ ٱلنَّاسَ ثَلَٰثَ لَيَالٖ سَوِيّٗا</textIndopak>
    <translations>
      <translation>
        <author>Dr. Mustafa Khattab, the Clear Quran</author>
        <text>Zachariah said, “My Lord! Grant me a sign.” He responded, “Your sign is that you will not ˹be able to˺ speak to people for three nights, despite being healthy.”</text>
      </translation>
    </translations>
    <rules>[{"start": 70, "end": 73, "rule_id": 0}, {"start": 13, "end": 15, "rule_id": 1}, {"start": 90, "end": 95, "rule_id": 6}]</rules>
  </verse>
  <verse>
    <verseIdArabic>١١</verseIdArabic>
    <verseId>11</verseId>
    <chapterId>19</chapterId>
    <textIndopak>فَخَرَجَ عَلَىٰ قَوۡمِهِۦ مِنَ ٱلۡمِحۡرَابِ فَأَوۡحَىٰٓ إِلَيۡهِمۡ أَن سَبِّحُواْ بُكۡرَةٗ وَعَشِيّٗا</textIndopak>
    <translations>
      <translation>
        <author>Dr. Mustafa Khattab, the Clear Quran</author>
        <text>So he came out to his people from the sanctuary, signalling to them to glorify ˹Allah˺ morning and evening.</text>
      </translation>
    </translations>
    <rules>[{"start": 88, "end": 93, "rule_id": 3}, {"start": 69, "end": 73, "rule_id": 6}]</rules>
  </verse>
  <verse>
    <verseIdArabic>١٢</verseIdArabic>
    <verseId>12</verseId>
    <chapterId>19</chapterId>
    <textIndopak>يَٰيَحۡيَىٰ خُذِ ٱلۡكِتَٰبَ بِقُوَّةٖۖ وَءَاتَيۡنَٰهُ ٱلۡحُكۡمَ صَبِيّٗا</textIndopak>
    <translations>
      <translation>
        <author>Dr. Mustafa Khattab, the Clear Quran</author>
        <text>˹It was later said,˺ “O John! Hold firmly to the Scriptures.” And We granted him wisdom while ˹he was still˺ a child,</text>
      </translation>
    </translations>
    <rules>[{"start": 35, "end": 42, "rule_id": 3}]</rules>
  </verse>
  <verse>
    <verseIdArabic>١٣</verseIdArabic>
    <verseId>13</verseId>
    <chapterId>19</chapterId>
    <textIndopak>وَحَنَانٗا مِّن لَّدُنَّا وَزَكَوٰةٗۖ وَكَانَ تَقِيّٗا</textIndopak>
    <translations>
      <translation>
        <author>Dr. Mustafa Khattab, the Clear Quran</author>
        <text>as well as purity and compassion from Us. And he was God-fearing,</text>
      </translation>
    </translations>
    <rules>[{"start": 11, "end": 14, "rule_id": 0}, {"start": 21, "end": 24, "rule_id": 0}, {"start": 7, "end": 14, "rule_id": 3}, {"start": 34, "end": 41, "rule_id": 3}, {"start": 14, "end": 19, "rule_id": 5}]</rules>
  </verse>
  <verse>
    <verseIdArabic>١٤</verseIdArabic>
    <verseId>14</verseId>
    <chapterId>19</chapterId>
    <textIndopak>وَبَرَّۢا بِوَٰلِدَيۡهِ وَلَمۡ يَكُن جَبَّارًا عَصِيّٗا</textIndopak>
    <translations>
      <translation>
        <author>Dr. Mustafa Khattab, the Clear Quran</author>
        <text>and kind to his parents. He was neither arrogant nor disobedient.</text>
      </translation>
    </translations>
    <rules>[{"start": 35, "end": 39, "rule_id": 6}]</rules>
  </verse>
  <verse>
    <verseIdArabic>١٥</verseIdArabic>
    <verseId>15</verseId>
    <chapterId>19</chapterId>
    <textIndopak>وَسَلَٰمٌ عَلَيۡهِ يَوۡمَ وُلِدَ وَيَوۡمَ يَمُوتُ وَيَوۡمَ يُبۡعَثُ حَيّٗا</textIndopak>
    <translations>
      <translation>
        <author>Dr. Mustafa Khattab, the Clear Quran</author>
        <text>Peace be upon him the day he was born, and the day of his death, and the day he will be raised back to life!</text>
      </translation>
    </translations>
    <rules>[{"start": 61, "end": 63, "rule_id": 1}]</rules>
  </verse>
  <verse>
    <verseIdArabic>١٦</verseIdArabic>
    <verseId>16</verseId>
    <chapterId>19</chapterId>
    <textIndopak>وَٱذۡكُرۡ فِي ٱلۡكِتَٰبِ مَرۡيَمَ إِذِ ٱنتَبَذَتۡ مِنۡ أَهۡلِهَا مَكَانٗا شَرۡقِيّٗا</textIndopak>
    <translations>
      <translation>
        <author>Dr. Mustafa Khattab, the Clear Quran</author>
        <text>And mention in the Book ˹O Prophet, the story of˺ Mary when she withdrew from her family to a place in the east,</text>
      </translation>
    </translations>
    <rules>[{"start": 40, "end": 43, "rule_id": 6}]</rules>
  </verse>
  <verse>
    <verseIdArabic>١٧</verseIdArabic>
    <verseId>17</verseId>
    <chapterId>19</chapterId>
    <textIndopak>فَٱتَّخَذَتۡ مِن دُونِهِمۡ حِجَابٗا فَأَرۡسَلۡنَآ إِلَيۡهَا رُوحَنَا فَتَمَثَّلَ لَهَا بَشَرٗا سَوِيّٗا</textIndopak>
    <translations>
      <translation>
        <author>Dr. Mustafa Khattab, the Clear Quran</author>
        <text>screening herself off from them. Then We sent to her Our angel, ˹Gabriel,˺ appearing before her as a man, perfectly formed.</text>
      </translation>
    </translations>
    <rules>[{"start": 15, "end": 19, "rule_id": 6}]</rules>
  </verse>
  <verse>
    <verseIdArabic>١٨</verseIdArabic>
    <verseId>18</verseId>
    <chapterId>19</chapterId>
    <textIndopak>قَالَتۡ إِنِّيٓ أَعُوذُ بِٱلرَّحۡمَٰنِ مِنكَ إِن كُنتَ تَقِيّٗا</textIndopak>
    <translations>
      <translation>
        <author>Dr. Mustafa Khattab, the Clear Quran</author>
        <text>She appealed, “I truly seek refuge in the Most Compassionate from you! ˹So leave me alone˺ if you are God-fearing.”</text>
      </translation>
    </translations>
    <rules>[{"start": 10, "end": 13, "rule_id": 0}, {"start": 41, "end": 44, "rule_id": 6}, {"start": 47, "end": 51, "rule_id": 6}, {"start": 51, "end": 54, "rule_id": 6}]</rules>
  </verse>
  <verse>
    <verseIdArabic>١٩</verseIdArabic>
    <verseId>19</verseId>
    <chapterId>19</chapterId>
    <textIndopak>قَالَ إِنَّمَآ أَنَا۠ رَسُولُ رَبِّكِ لِأَهَبَ لَكِ غُلَٰمٗا زَكِيّٗا</textIndopak>
    <translations>
      <translation>
        <author>Dr. Mustafa Khattab, the Clear Quran</author>
        <text>He responded, “I am only a messenger from your Lord, ˹sent˺ to bless you with a pure son.”</text>
      </translation>
    </translations>
    <rules>[{"start": 8, "end": 11, "rule_id": 0}]</rules>
  </verse>
  <verse>
    <verseIdArabic>٢٠</verseIdArabic>
    <verseId>20</verseId>
    <chapterId>19</chapterId>
    <textIndopak>قَالَتۡ أَنَّىٰ يَكُونُ لِي غُلَٰمٞ وَلَمۡ يَمۡسَسۡنِي بَشَرٞ وَلَمۡ أَكُ بَغِيّٗا</textIndopak>
    <translations>
      <translation>
        <author>Dr. Mustafa Khattab, the Clear Quran</author>
        <text>She wondered, “How can I have a son when no man has ever touched me, nor am I unchaste?”</text>
      </translation>
    </translations>
    <rules>[{"start": 10, "end": 13, "rule_id": 0}, {"start": 33, "end": 38, "rule_id": 3}, {"start": 59, "end": 64, "rule_id": 3}]</rules>
  </verse>
  <verse>
    <verseIdArabic>٢١</verseIdArabic>
    <verseId>21</verseId>
    <chapterId>19</chapterId>
    <textIndopak>قَالَ كَذَٰلِكِ قَالَ رَبُّكِ هُوَ عَلَيَّ هَيِّنٞۖ وَلِنَجۡعَلَهُۥٓ ءَايَةٗ لِّلنَّاسِ وَرَحۡمَةٗ مِّنَّاۚ وَكَانَ أَمۡرٗا مَّقۡضِيّٗا</textIndopak>
    <translations>
      <translation>
        <author>Dr. Mustafa Khattab, the Clear Quran</author>
        <text>He replied, “So will it be! Your Lord says, ‘It is easy for Me. And so will We make him a sign for humanity and a mercy from Us.’ It is a matter ˹already˺ decreed.”</text>
      </translation>
    </translations>
    <rules>[{"start": 82, "end": 85, "rule_id": 0}, {"start": 100, "end": 103, "rule_id": 0}, {"start": 103, "end": 106, "rule_id": 0}, {"start": 126, "end": 129, "rule_id": 0}, {"start": 59, "end": 61, "rule_id": 1}, {"start": 129, "end": 131, "rule_id": 1}, {"start": 48, "end": 55, "rule_id": 3}, {"start": 97, "end": 103, "rule_id": 3}, {"start": 122, "end": 129, "rule_id": 3}, {"start": 75, "end": 81, "rule_id": 5}]</rules>
  </verse>
  <verse>
    <verseIdArabic>٢٢</verseIdArabic>
    <verseId>22</verseId>
    <chapterId>19</chapterId>
    <textIndopak>۞ فَحَمَلَتۡهُ فَٱنتَبَذَتۡ بِهِۦ مَكَانٗا قَصِيّٗا</textIndopak>
    <translations>
      <translation>
        <author>Dr. Mustafa Khattab, the Clear Quran</author>
        <text>So she conceived him and withdrew with him to a remote place.</text>
      </translation>
    </translations>
    <rules>[{"start": 18, "end": 21, "rule_id": 6}]</rules>
  </verse>
  <verse>
    <verseIdArabic>٢٣</verseIdArabic>
    <verseId>23</verseId>
    <chapterId>19</chapterId>
    <textIndopak>فَأَجَآءَهَا ٱلۡمَخَاضُ إِلَىٰ جِذۡعِ ٱلنَّخۡلَةِ قَالَتۡ يَٰلَيۡتَنِي مِتُّ قَبۡلَ هَٰذَا وَكُنتُ نَسۡيٗا مَّنسِيّٗا</textIndopak>
    <translations>
      <translation>
        <author>Dr. Mustafa Khattab, the Clear Quran</author>
        <text>Then the pains of labour drove her to the trunk of a palm tree. She cried, “Alas! I wish I had died before this, and was a thing long forgotten!”</text>
      </translation>
    </translations>
    <rules>[{"start": 41, "end": 44, "rule_id": 0}, {"start": 108, "end": 111, "rule_id": 0}, {"start": 80, "end": 82, "rule_id": 1}, {"start": 104, "end": 111, "rule_id": 3}, {"start": 96, "end": 99, "rule_id": 6}, {"start": 111, "end": 114, "rule_id": 6}]</rules>
  </verse>
  <verse>
    <verseIdArabic>٢٤</verseIdArabic>
    <verseId>24</verseId>
    <chapterId>19</chapterId>
    <textIndopak>فَنَادَىٰهَا مِن تَحۡتِهَآ أَلَّا تَحۡزَنِي قَدۡ جَعَلَ رَبُّكِ تَحۡتَكِ سَرِيّٗا</textIndopak>
    <translations>
      <translation>
        <author>Dr. Mustafa Khattab, the Clear Quran</author>
        <text>So a voice reassured her from below her, “Do not grieve! Your Lord has provided a stream at your feet.</text>
      </translation>
    </translations>
    <rules>[{"start": 47, "end": 49, "rule_id": 1}, {"start": 15, "end": 19, "rule_id": 6}]</rules>
  </verse>
  <verse>
    <verseIdArabic>٢٥</verseIdArabic>
    <verseId>25</verseId>
    <chapterId>19</chapterId>
    <textIndopak>وَهُزِّيٓ إِلَيۡكِ بِجِذۡعِ ٱلنَّخۡلَةِ تُسَٰقِطۡ عَلَيۡكِ رُطَبٗا جَنِيّٗا</textIndopak>
    <translations>
      <translation>
        <author>Dr. Mustafa Khattab, the Clear Quran</author>
        <text>And shake the trunk of this palm tree towards you, it will drop fresh, ripe dates upon you.</text>
      </translation>
    </translations>
    <rules>[{"start": 30, "end": 33, "rule_id": 0}, {"start": 47, "end": 49, "rule_id": 1}]</rules>
  </verse>
  <verse>
    <verseIdArabic>٢٦</verseIdArabic>
    <verseId>26</verseId>
    <chapterId>19</chapterId>
    <textIndopak>فَكُلِي وَٱشۡرَبِي وَقَرِّي عَيۡنٗاۖ فَإِمَّا تَرَيِنَّ مِنَ ٱلۡبَشَرِ أَحَدٗا فَقُولِيٓ إِنِّي نَذَرۡتُ لِلرَّحۡمَٰنِ صَوۡمٗا فَلَنۡ أُكَلِّمَ ٱلۡيَوۡمَ إِنسِيّٗا</textIndopak>
    <translations>
      <translation>
        <author>Dr. Mustafa Khattab, the Clear Quran</author>
        <text>So eat and drink, and put your heart at ease. But if you see any of the people, say, ‘I have vowed silence to the Most Compassionate, so I am not talking to anyone today.’”</text>
      </translation>
    </translations>
    <rules>[{"start": 42, "end": 45, "rule_id": 0}, {"start": 53, "end": 56, "rule_id": 0}, {"start": 92, "end": 95, "rule_id": 0}, {"start": 157, "end": 160, "rule_id": 6}]</rules>
  </verse>
  <verse>
    <verseIdArabic>٢٧</verseIdArabic>
    <verseId>27</verseId>
    <chapterId>19</chapterId>
    <textIndopak>فَأَتَتۡ بِهِۦ قَوۡمَهَا تَحۡمِلُهُۥۖ قَالُواْ يَٰمَرۡيَمُ لَقَدۡ جِئۡتِ شَيۡـٔٗا فَرِيّٗا</textIndopak>
    <translations>
      <translation>
        <author>Dr. Mustafa Khattab, the Clear Quran</author>
        <text>Then she returned to her people, carrying him. They said ˹in shock˺, “O Mary! You have certainly done a horrible thing!</text>
      </translation>
    </translations>
    <rules>[{"start": 64, "end": 66, "rule_id": 1}]</rules>
  </verse>
  <verse>
    <verseIdArabic>٢٨</verseIdArabic>
    <verseId>28</verseId>
    <chapterId>19</chapterId>
    <textIndopak>يَٰٓأُخۡتَ هَٰرُونَ مَا كَانَ أَبُوكِ ٱمۡرَأَ سَوۡءٖ وَمَا كَانَتۡ أُمُّكِ بَغِيّٗا</textIndopak>
    <translations>
      <translation>
        <author>Dr. Mustafa Khattab, the Clear Quran</author>
        <text>O sister of Aaron! Your father was not an indecent man, nor was your mother unchaste.”</text>
      </translation>
    </translations>
    <rules>[{"start": 69, "end": 72, "rule_id": 0}, {"start": 50, "end": 55, "rule_id": 3}]</rules>
  </verse>
  <verse>
    <verseIdArabic>٢٩</verseIdArabic>
    <verseId>29</verseId>
    <chapterId>19</chapterId>
    <textIndopak>فَأَشَارَتۡ إِلَيۡهِۖ قَالُواْ كَيۡفَ نُكَلِّمُ مَن كَانَ فِي ٱلۡمَهۡدِ صَبِيّٗا</textIndopak>
    <translations>
      <translation>
        <author>Dr. Mustafa Khattab, the Clear Quran</author>
        <text>So she pointed to the baby. They exclaimed, “How can we talk to someone who is an infant in the cradle?”</text>
      </translation>
    </translations>
    <rules>[{"start": 51, "end": 55, "rule_id": 6}]</rules>
  </verse>
  <verse>
    <verseIdArabic>٣٠</verseIdArabic>
    <verseId>30</verseId>
    <chapterId>19</chapterId>
    <textIndopak>قَالَ إِنِّي عَبۡدُ ٱللَّهِ ءَاتَىٰنِيَ ٱلۡكِتَٰبَ وَجَعَلَنِي نَبِيّٗا</textIndopak>
    <translations>
      <translation>
        <author>Dr. Mustafa Khattab, the Clear Quran</author>
        <text>˹Jesus˺ declared, “I am truly a servant of Allah. He has destined me to be given the Scripture and to be a prophet.</text>
      </translation>
    </translations>
    <rules>[{"start": 8, "end": 11, "rule_id": 0}, {"start": 15, "end": 17, "rule_id": 1}]</rules>
  </verse>
  <verse>
    <verseIdArabic>٣١</verseIdArabic>
    <verseId>31</verseId>
    <chapterId>19</chapterId>
    <textIndopak>وَجَعَلَنِي مُبَارَكًا أَيۡنَ مَا كُنتُ وَأَوۡصَٰنِي بِٱلصَّلَوٰةِ وَٱلزَّكَوٰةِ مَا دُمۡتُ حَيّٗا</textIndopak>
    <translations>
      <translation>
        <author>Dr. Mustafa Khattab, the Clear Quran</author>
        <text>He has made me a blessing wherever I go, and bid me to establish prayer and give alms-tax as long as I live,</text>
      </translation>
    </translations>
    <rules>[{"start": 36, "end": 39, "rule_id": 6}]</rules>
  </verse>
  <verse>
    <verseIdArabic>٣٢</verseIdArabic>
    <verseId>32</verseId>
    <chapterId>19</chapterId>
    <textIndopak>وَبَرَّۢا بِوَٰلِدَتِي وَلَمۡ يَجۡعَلۡنِي جَبَّارٗا شَقِيّٗا</textIndopak>
    <translations>
      <translation>
        <author>Dr. Mustafa Khattab, the Clear Quran</author>
        <text>and to be kind to my mother. He has not made me arrogant or defiant.</text>
      </translation>
    </translations>
    <rules>[{"start": 32, "end": 34, "rule_id": 1}]</rules>
  </verse>
  <verse>
    <verseIdArabic>٣٣</verseIdArabic>
    <verseId>33</verseId>
    <chapterId>19</chapterId>
    <textIndopak>وَٱلسَّلَٰمُ عَلَيَّ يَوۡمَ وُلِدتُّ وَيَوۡمَ أَمُوتُ وَيَوۡمَ أُبۡعَثُ حَيّٗا</textIndopak>
    <translations>
      <translation>
        <author>Dr. Mustafa Khattab, the Clear Quran</author>
        <text>Peace be upon me the day I was born, the day I die, and the day I will be raised back to life!”</text>
      </translation>
    </translations>
    <rules>[{"start": 65, "end": 67, "rule_id": 1}]</rules>
  </verse>
  <verse>
    <verseIdArabic>٣٤</verseIdArabic>
    <verseId>34</verseId>
    <chapterId>19</chapterId>
    <textIndopak>ذَٰلِكَ عِيسَى ٱبۡنُ مَرۡيَمَۖ قَوۡلَ ٱلۡحَقِّ ٱلَّذِي فِيهِ يَمۡتَرُونَ</textIndopak>
    <translations>
      <translation>
        <author>Dr. Mustafa Khattab, the Clear Quran</author>
        <text>That is Jesus, son of Mary. ˹And this is˺ a word of truth, about which they dispute.</text>
      </translation>
    </translations>
    <rules>[{"start": 16, "end": 18, "rule_id": 1}]</rules>
  </verse>
  <verse>
    <verseIdArabic>٣٥</verseIdArabic>
    <verseId>35</verseId>
    <chapterId>19</chapterId>
    <textIndopak>مَا كَانَ لِلَّهِ أَن يَتَّخِذَ مِن وَلَدٖۖ سُبۡحَٰنَهُۥٓۚ إِذَا قَضَىٰٓ أَمۡرٗا فَإِنَّمَا يَقُولُ لَهُۥ كُن فَيَكُونُ</textIndopak>
    <translations>
      <translation>
        <author>Dr. Mustafa Khattab, the Clear Quran</author>
        <text>It is not for Allah to take a son! Glory be to Him. When He decrees a matter, He simply tells it, “Be!” And it is!</text>
      </translation>
    </translations>
    <rules>[{"start": 87, "end": 90, "rule_id": 0}, {"start": 47, "end": 49, "rule_id": 1}, {"start": 20, "end": 24, "rule_id": 3}, {"start": 34, "end": 38, "rule_id": 3}, {"start": 110, "end": 114, "rule_id": 6}]</rules>
  </verse>
  <verse>
    <verseIdArabic>٣٦</verseIdArabic>
    <verseId>36</verseId>
    <chapterId>19</chapterId>
    <textIndopak>وَإِنَّ ٱللَّهَ رَبِّي وَرَبُّكُمۡ فَٱعۡبُدُوهُۚ هَٰذَا صِرَٰطٞ مُّسۡتَقِيمٞ</textIndopak>
    <translations>
      <translation>
        <author>Dr. Mustafa Khattab, the Clear Quran</author>
        <text>˹Jesus also declared,˺ “Surely Allah is my Lord and your Lord, so worship Him ˹alone˺. This is the Straight Path.”</text>
      </translation>
    </translations>
    <rules>[{"start": 4, "end": 7, "rule_id": 0}, {"start": 65, "end": 68, "rule_id": 0}, {"start": 62, "end": 68, "rule_id": 3}]</rules>
  </verse>
  <verse>
    <verseIdArabic>٣٧</verseIdArabic>
    <verseId>37</verseId>
    <chapterId>19</chapterId>
    <textIndopak>فَٱخۡتَلَفَ ٱلۡأَحۡزَابُ مِنۢ بَيۡنِهِمۡۖ فَوَيۡلٞ لِّلَّذِينَ كَفَرُواْ مِن مَّشۡهَدِ يَوۡمٍ عَظِيمٍ</textIndopak>
    <translations>
      <translation>
        <author>Dr. Mustafa Khattab, the Clear Quran</author>
        <text>Yet their ˹various˺ groups have differed among themselves ˹about him˺, so woe to the disbelievers when they face a tremendous Day!</text>
      </translation>
    </translations>
    <rules>[{"start": 78, "end": 81, "rule_id": 0}, {"start": 27, "end": 32, "rule_id": 2}, {"start": 76, "end": 81, "rule_id": 3}, {"start": 49, "end": 55, "rule_id": 5}]</rules>
  </verse>
  <verse>
    <verseIdArabic>٣٨</verseIdArabic>
    <verseId>38</verseId>
    <chapterId>19</chapterId>
    <textIndopak>أَسۡمِعۡ بِهِمۡ وَأَبۡصِرۡ يَوۡمَ يَأۡتُونَنَا لَٰكِنِ ٱلظَّٰلِمُونَ ٱلۡيَوۡمَ فِي ضَلَٰلٖ مُّبِينٖ</textIndopak>
    <translations>
      <translation>
        <author>Dr. Mustafa Khattab, the Clear Quran</author>
        <text>How clearly will they hear and see on the Day they will come to Us! But today the wrongdoers are clearly astray.</text>
      </translation>
    </translations>
    <rules>[{"start": 93, "end": 96, "rule_id": 0}, {"start": 20, "end": 22, "rule_id": 1}, {"start": 90, "end": 96, "rule_id": 3}]</rules>
  </verse>
  <verse>
    <verseIdArabic>٣٩</verseIdArabic>
    <verseId>39</verseId>
    <chapterId>19</chapterId>
    <textIndopak>وَأَنذِرۡهُمۡ يَوۡمَ ٱلۡحَسۡرَةِ إِذۡ قُضِيَ ٱلۡأَمۡرُ وَهُمۡ فِي غَفۡلَةٖ وَهُمۡ لَا يُؤۡمِنُونَ</textIndopak>
    <translations>
      <translation>
        <author>Dr. Mustafa Khattab, the Clear Quran</author>
        <text>And warn them ˹O Prophet˺ of the Day of Regret, when all matters will be settled, while they are ˹engrossed˺ in heedlessness and disbelief.</text>
      </translation>
    </translations>
    <rules>[{"start": 72, "end": 77, "rule_id": 3}, {"start": 4, "end": 7, "rule_id": 6}]</rules>
  </verse>
  <verse>
    <verseIdArabic>٤٠</verseIdArabic>
    <verseId>40</verseId>
    <chapterId>19</chapterId>
    <textIndopak>إِنَّا نَحۡنُ نَرِثُ ٱلۡأَرۡضَ وَمَنۡ عَلَيۡهَا وَإِلَيۡنَا يُرۡجَعُونَ</textIndopak>
    <translations>
      <translation>
        <author>Dr. Mustafa Khattab, the Clear Quran</author>
        <text>Indeed, it is We Who will succeed the earth and whoever is on it. And to Us they will ˹all˺ be returned.</text>
      </translation>
    </translations>
    <rules>[{"start": 2, "end": 5, "rule_id": 0}]</rules>
  </verse>
  <verse>
    <verseIdArabic>٤١</verseIdArabic>
    <verseId>41</verseId>
    <chapterId>19</chapterId>
    <textIndopak>وَٱذۡكُرۡ فِي ٱلۡكِتَٰبِ إِبۡرَٰهِيمَۚ إِنَّهُۥ كَانَ صِدِّيقٗا نَّبِيًّا</textIndopak>
    <translations>
      <translation>
        <author>Dr. Mustafa Khattab, the Clear Quran</author>
        <text>And mention in the Book ˹O Prophet, the story of˺ Abraham. He was surely a man of truth and a prophet.</text>
      </translation>
    </translations>
    <rules>[{"start": 42, "end": 45, "rule_id": 0}, {"start": 65, "end": 68, "rule_id": 0}, {"start": 27, "end": 29, "rule_id": 1}, {"start": 61, "end": 68, "rule_id": 3}]</rules>
  </verse>
  <verse>
    <verseIdArabic>٤٢</verseIdArabic>
    <verseId>42</verseId>
    <chapterId>19</chapterId>
    <textIndopak>إِذۡ قَالَ لِأَبِيهِ يَٰٓأَبَتِ لِمَ تَعۡبُدُ مَا لَا يَسۡمَعُ وَلَا يُبۡصِرُ وَلَا يُغۡنِي عَنكَ شَيۡـٔٗا</textIndopak>
    <translations>
      <translation>
        <author>Dr. Mustafa Khattab, the Clear Quran</author>
        <text>˹Remember˺ when he said to his father, “O dear father! Why do you worship what can neither hear nor see, nor benefit you at all?</text>
      </translation>
    </translations>
    <rules>[{"start": 71, "end": 73, "rule_id": 1}, {"start": 94, "end": 97, "rule_id": 6}]</rules>
  </verse>
  <verse>
    <verseIdArabic>٤٣</verseIdArabic>
    <verseId>43</verseId>
    <chapterId>19</chapterId>
    <textIndopak>يَٰٓأَبَتِ إِنِّي قَدۡ جَآءَنِي مِنَ ٱلۡعِلۡمِ مَا لَمۡ يَأۡتِكَ فَٱتَّبِعۡنِيٓ أَهۡدِكَ صِرَٰطٗا سَوِيّٗا</textIndopak>
    <translations>
      <translation>
        <author>Dr. Mustafa Khattab, the Clear Quran</author>
        <text>O dear father! I have certainly received some knowledge which you have not received, so follow me and I will guide you to the Straight Path.</text>
      </translation>
    </translations>
    <rules>[{"start": 13, "end": 16, "rule_id": 0}, {"start": 20, "end": 22, "rule_id": 1}]</rules>
  </verse>
  <verse>
    <verseIdArabic>٤٤</verseIdArabic>
    <verseId>44</verseId>
    <chapterId>19</chapterId>
    <textIndopak>يَٰٓأَبَتِ لَا تَعۡبُدِ ٱلشَّيۡطَٰنَۖ إِنَّ ٱلشَّيۡطَٰنَ كَانَ لِلرَّحۡمَٰنِ عَصِيّٗا</textIndopak>
    <translations>
      <translation>
        <author>Dr. Mustafa Khattab, the Clear Quran</author>
        <text>O dear father! Do not worship Satan. Surely Satan is ever rebellious against the Most Compassionate.</text>
      </translation>
    </translations>
    <rules>[{"start": 41, "end": 44, "rule_id": 0}]</rules>
  </verse>
  <verse>
    <verseIdArabic>٤٥</verseIdArabic>
    <verseId>45</verseId>
    <chapterId>19</chapterId>
    <textIndopak>يَٰٓأَبَتِ إِنِّيٓ أَخَافُ أَن يَمَسَّكَ عَذَابٞ مِّنَ ٱلرَّحۡمَٰنِ فَتَكُونَ لِلشَّيۡطَٰنِ وَلِيّٗا</textIndopak>
    <translations>
      <translation>
        <author>Dr. Mustafa Khattab, the Clear Quran</author>
        <text>O dear father! I truly fear that you will be touched by a torment from the Most Compassionate, and become Satan’s companion ˹in Hell˺.”</text>
      </translation>
    </translations>
    <rules>[{"start": 13, "end": 16, "rule_id": 0}, {"start": 49, "end": 52, "rule_id": 0}, {"start": 29, "end": 33, "rule_id": 3}, {"start": 46, "end": 52, "rule_id": 3}]</rules>
  </verse>
  <verse>
    <verseIdArabic>٤٦</verseIdArabic>
    <verseId>46</verseId>
    <chapterId>19</chapterId>
    <textIndopak>قَالَ أَرَاغِبٌ أَنتَ عَنۡ ءَالِهَتِي يَٰٓإِبۡرَٰهِيمُۖ لَئِن لَّمۡ تَنتَهِ لَأَرۡجُمَنَّكَۖ وَٱهۡجُرۡنِي مَلِيّٗا</textIndopak>
    <translations>
      <translation>
        <author>Dr. Mustafa Khattab, the Clear Quran</author>
        <text>He threatened, “How dare you reject my idols, O Abraham! If you do not desist, I will certainly stone you ˹to death˺. So be gone from me for a long time!”</text>
      </translation>
    </translations>
    <rules>[{"start": 87, "end": 90, "rule_id": 0}, {"start": 44, "end": 46, "rule_id": 1}, {"start": 61, "end": 66, "rule_id": 5}, {"start": 18, "end": 21, "rule_id": 6}, {"start": 71, "end": 74, "rule_id": 6}]</rules>
  </verse>
  <verse>
    <verseIdArabic>٤٧</verseIdArabic>
    <verseId>47</verseId>
    <chapterId>19</chapterId>
    <textIndopak>قَالَ سَلَٰمٌ عَلَيۡكَۖ سَأَسۡتَغۡفِرُ لَكَ رَبِّيٓۖ إِنَّهُۥ كَانَ بِي حَفِيّٗا</textIndopak>
    <translations>
      <translation>
        <author>Dr. Mustafa Khattab, the Clear Quran</author>
        <text>Abraham responded, “Peace be upon you! I will pray to my Lord for your forgiveness. He has truly been Most Gracious to me.</text>
      </translation>
    </translations>
    <rules>[{"start": 57, "end": 60, "rule_id": 0}]</rules>
  </verse>
  <verse>
    <verseIdArabic>٤٨</verseIdArabic>
    <verseId>48</verseId>
    <chapterId>19</chapterId>
    <textIndopak>وَأَعۡتَزِلُكُمۡ وَمَا تَدۡعُونَ مِن دُونِ ٱللَّهِ وَأَدۡعُواْ رَبِّي عَسَىٰٓ أَلَّآ أَكُونَ بِدُعَآءِ رَبِّي شَقِيّٗا</textIndopak>
    <translations>
      <translation>
        <author>Dr. Mustafa Khattab, the Clear Quran</author>
        <text>As I distance myself from ˹all of˺ you and from whatever you invoke besides Allah, I will ˹continue to˺ call upon my Lord ˹alone˺, trusting that I will never be disappointed in invoking my Lord.”</text>
      </translation>
    </translations>
    <rules>[{"start": 25, "end": 27, "rule_id": 1}, {"start": 55, "end": 57, "rule_id": 1}, {"start": 35, "end": 39, "rule_id": 6}]</rules>
  </verse>
  <verse>
    <verseIdArabic>٤٩</verseIdArabic>
    <verseId>49</verseId>
    <chapterId>19</chapterId>
    <textIndopak>فَلَمَّا ٱعۡتَزَلَهُمۡ وَمَا يَعۡبُدُونَ مِن دُونِ ٱللَّهِ وَهَبۡنَا لَهُۥٓ إِسۡحَٰقَ وَيَعۡقُوبَۖ وَكُلّٗا جَعَلۡنَا نَبِيّٗا</textIndopak>
    <translations>
      <translation>
        <author>Dr. Mustafa Khattab, the Clear Quran</author>
        <text>So after he had left them and what they worshipped besides Allah, We granted him Isaac and Jacob, and made each of them a prophet.</text>
      </translation>
    </translations>
    <rules>[{"start": 4, "end": 7, "rule_id": 0}, {"start": 63, "end": 65, "rule_id": 1}, {"start": 43, "end": 47, "rule_id": 6}]</rules>
  </verse>
  <verse>
    <verseIdArabic>٥٠</verseIdArabic>
    <verseId>50</verseId>
    <chapterId>19</chapterId>
    <textIndopak>وَوَهَبۡنَا لَهُم مِّن رَّحۡمَتِنَا وَجَعَلۡنَا لَهُمۡ لِسَانَ صِدۡقٍ عَلِيّٗا</textIndopak>
    <translations>
      <translation>
        <author>Dr. Mustafa Khattab, the Clear Quran</author>
        <text>We showered them with Our mercy, and blessed them with honourable mention.</text>
      </translation>
    </translations>
    <rules>[{"start": 18, "end": 21, "rule_id": 0}, {"start": 6, "end": 8, "rule_id": 1}, {"start": 65, "end": 67, "rule_id": 1}, {"start": 16, "end": 21, "rule_id": 4}, {"start": 21, "end": 26, "rule_id": 5}]</rules>
  </verse>
  <verse>
    <verseIdArabic>٥١</verseIdArabic>
    <verseId>51</verseId>
    <chapterId>19</chapterId>
    <textIndopak>وَٱذۡكُرۡ فِي ٱلۡكِتَٰبِ مُوسَىٰٓۚ إِنَّهُۥ كَانَ مُخۡلَصٗا وَكَانَ رَسُولٗا نَّبِيّٗا</textIndopak>
    <translations>
      <translation>
        <author>Dr. Mustafa Khattab, the Clear Quran</author>
        <text>And mention in the Book ˹O Prophet, the story of˺ Moses. He was truly a chosen man, and was a messenger and a prophet.</text>
      </translation>
    </translations>
    <rules>[{"start": 38, "end": 41, "rule_id": 0}, {"start": 78, "end": 81, "rule_id": 0}, {"start": 57, "end": 63, "rule_id": 3}, {"start": 74, "end": 81, "rule_id": 3}]</rules>
  </verse>
  <verse>
    <verseIdArabic>٥٢</verseIdArabic>
    <verseId>52</verseId>
    <chapterId>19</chapterId>
    <textIndopak>وَنَٰدَيۡنَٰهُ مِن جَانِبِ ٱلطُّورِ ٱلۡأَيۡمَنِ وَقَرَّبۡنَٰهُ نَجِيّٗا</textIndopak>
    <translations>
      <translation>
        <author>Dr. Mustafa Khattab, the Clear Quran</author>
        <text>We called him from the right side of Mount Ṭûr, and drew him near, speaking ˹with him˺ directly.</text>
      </translation>
    </translations>
    <rules>[{"start": 55, "end": 57, "rule_id": 1}, {"start": 17, "end": 21, "rule_id": 6}]</rules>
  </verse>
  <verse>
    <verseIdArabic>٥٣</verseIdArabic>
    <verseId>53</verseId>
    <chapterId>19</chapterId>
    <textIndopak>وَوَهَبۡنَا لَهُۥ مِن رَّحۡمَتِنَآ أَخَاهُ هَٰرُونَ نَبِيّٗا</textIndopak>
    <translations>
      <translation>
        <author>Dr. Mustafa Khattab, the Clear Quran</author>
        <text>And We appointed for him—out of Our grace—his brother, Aaron, as a prophet.</text>
      </translation>
    </translations>
    <rules>[{"start": 6, "end": 8, "rule_id": 1}, {"start": 20, "end": 25, "rule_id": 5}]</rules>
  </verse>
  <verse>
    <verseIdArabic>٥٤</verseIdArabic>
    <verseId>54</verseId>
    <chapterId>19</chapterId>
    <textIndopak>وَٱذۡكُرۡ فِي ٱلۡكِتَٰبِ إِسۡمَٰعِيلَۚ إِنَّهُۥ كَانَ صَادِقَ ٱلۡوَعۡدِ وَكَانَ رَسُولٗا نَّبِيّٗا</textIndopak>
    <translations>
      <translation>
        <author>Dr. Mustafa Khattab, the Clear Quran</author>
        <text>And mention in the Book ˹O Prophet, the story of˺ Ishmael. He was truly a man of his word, and was a messenger and a prophet.</text>
      </translation>
    </translations>
    <rules>[{"start": 42, "end": 45, "rule_id": 0}, {"start": 90, "end": 93, "rule_id": 0}, {"start": 86, "end": 93, "rule_id": 3}]</rules>
  </verse>
  <verse>
    <verseIdArabic>٥٥</verseIdArabic>
    <verseId>55</verseId>
    <chapterId>19</chapterId>
    <textIndopak>وَكَانَ يَأۡمُرُ أَهۡلَهُۥ بِٱلصَّلَوٰةِ وَٱلزَّكَوٰةِ وَكَانَ عِندَ رَبِّهِۦ مَرۡضِيّٗا</textIndopak>
    <translations>
      <translation>
        <author>Dr. Mustafa Khattab, the Clear Quran</author>
        <text>He used to urge his people to pray and give alms-tax. And his Lord was well pleased with him.</text>
      </translation>
    </translations>
    <rules>[{"start": 65, "end": 68, "rule_id": 6}]</rules>
  </verse>
  <verse>
    <verseIdArabic>٥٦</verseIdArabic>
    <verseId>56</verseId>
    <chapterId>19</chapterId>
    <textIndopak>وَٱذۡكُرۡ فِي ٱلۡكِتَٰبِ إِدۡرِيسَۚ إِنَّهُۥ كَانَ صِدِّيقٗا نَّبِيّٗا</textIndopak>
    <translations>
      <translation>
        <author>Dr. Mustafa Khattab, the Clear Quran</author>
        <text>And mention in the Book ˹O Prophet, the story of˺ Enoch. He was surely a man of truth and a prophet.</text>
      </translation>
    </translations>
    <rules>[{"start": 39, "end": 42, "rule_id": 0}, {"start": 62, "end": 65, "rule_id": 0}, {"start": 27, "end": 29, "rule_id": 1}, {"start": 58, "end": 65, "rule_id": 3}]</rules>
  </verse>
  <verse>
    <verseIdArabic>٥٧</verseIdArabic>
    <verseId>57</verseId>
    <chapterId>19</chapterId>
    <textIndopak>وَرَفَعۡنَٰهُ مَكَانًا عَلِيًّا</textIndopak>
    <translations>
      <translation>
        <author>Dr. Mustafa Khattab, the Clear Quran</author>
        <text>And We elevated him to an honourable status.</text>
      </translation>
    </translations>
  </verse>
  <verse>
    <verseIdArabic>٥٨</verseIdArabic>
    <verseId>58</verseId>
    <chapterId>19</chapterId>
    <textIndopak>أُوْلَٰٓئِكَ ٱلَّذِينَ أَنۡعَمَ ٱللَّهُ عَلَيۡهِم مِّنَ ٱلنَّبِيِّـۧنَ مِن ذُرِّيَّةِ ءَادَمَ وَمِمَّنۡ حَمَلۡنَا مَعَ نُوحٖ وَمِن ذُرِّيَّةِ إِبۡرَٰهِيمَ وَإِسۡرَٰٓءِيلَ وَمِمَّنۡ هَدَيۡنَا وَٱجۡتَبَيۡنَآۚ إِذَا تُتۡلَىٰ عَلَيۡهِمۡ ءَايَٰتُ ٱلرَّحۡمَٰنِ خَرُّواْۤ سُجَّدٗاۤ وَبُكِيّٗا۩</textIndopak>
    <translations>
      <translation>
        <author>Dr. Mustafa Khattab, the Clear Quran</author>
        <text>Those were ˹some of˺ the prophets who Allah has blessed from among the descendants of Adam, and of those We carried with Noah ˹in the Ark˺, and of the descendants of Abraham and Israel, and of those We ˹rightly˺ guided and chose. Whenever the revelations of the Most Compassionate were recited to them, they fell down, prostrating and weeping.</text>
      </translation>
    </translations>
    <rules>[{"start": 50, "end": 53, "rule_id": 0}, {"start": 58, "end": 61, "rule_id": 0}, {"start": 97, "end": 100, "rule_id": 0}, {"start": 174, "end": 177, "rule_id": 0}, {"start": 143, "end": 145, "rule_id": 1}, {"start": 193, "end": 195, "rule_id": 1}, {"start": 121, "end": 126, "rule_id": 3}, {"start": 270, "end": 276, "rule_id": 3}, {"start": 48, "end": 53, "rule_id": 4}, {"start": 72, "end": 76, "rule_id": 6}, {"start": 128, "end": 132, "rule_id": 6}]</rules>
  </verse>
  <verse>
    <verseIdArabic>٥٩</verseIdArabic>
    <verseId>59</verseId>
    <chapterId>19</chapterId>
    <textIndopak>۞ فَخَلَفَ مِنۢ بَعۡدِهِمۡ خَلۡفٌ أَضَاعُواْ ٱلصَّلَوٰةَ وَٱتَّبَعُواْ ٱلشَّهَوَٰتِۖ فَسَوۡفَ يَلۡقَوۡنَ غَيًّا</textIndopak>
    <translations>
      <translation>
        <author>Dr. Mustafa Khattab, the Clear Quran</author>
        <text>But they were succeeded by generations who neglected prayer and followed their lusts and so will soon face the evil consequences.</text>
      </translation>
    </translations>
    <rules>[{"start": 13, "end": 18, "rule_id": 2}]</rules>
  </verse>
  <verse>
    <verseIdArabic>٦٠</verseIdArabic>
    <verseId>60</verseId>
    <chapterId>19</chapterId>
    <textIndopak>إِلَّا مَن تَابَ وَءَامَنَ وَعَمِلَ صَٰلِحٗا فَأُوْلَٰٓئِكَ يَدۡخُلُونَ ٱلۡجَنَّةَ وَلَا يُظۡلَمُونَ شَيۡـٔٗا</textIndopak>
    <translations>
      <translation>
        <author>Dr. Mustafa Khattab, the Clear Quran</author>
        <text>As for those who repent, believe, and do good, it is they who will be admitted into Paradise, never being denied any reward.</text>
      </translation>
    </translations>
    <rules>[{"start": 77, "end": 80, "rule_id": 0}, {"start": 62, "end": 64, "rule_id": 1}, {"start": 9, "end": 13, "rule_id": 6}]</rules>
  </verse>
  <verse>
    <verseIdArabic>٦١</verseIdArabic>
    <verseId>61</verseId>
    <chapterId>19</chapterId>
    <textIndopak>جَنَّٰتِ عَدۡنٍ ٱلَّتِي وَعَدَ ٱلرَّحۡمَٰنُ عِبَادَهُۥ بِٱلۡغَيۡبِۚ إِنَّهُۥ كَانَ وَعۡدُهُۥ مَأۡتِيّٗا</textIndopak>
    <translations>
      <translation>
        <author>Dr. Mustafa Khattab, the Clear Quran</author>
        <text>˹They will be in˺ the Gardens of Eternity, promised in trust by the Most Compassionate to His servants. Surely His promise will be fulfilled.</text>
      </translation>
    </translations>
    <rules>[{"start": 2, "end": 6, "rule_id": 0}, {"start": 71, "end": 74, "rule_id": 0}, {"start": 11, "end": 13, "rule_id": 1}]</rules>
  </verse>
  <verse>
    <verseIdArabic>٦٢</verseIdArabic>
    <verseId>62</verseId>
    <chapterId>19</chapterId>
    <textIndopak>لَّا يَسۡمَعُونَ فِيهَا لَغۡوًا إِلَّا سَلَٰمٗاۖ وَلَهُمۡ رِزۡقُهُمۡ فِيهَا بُكۡرَةٗ وَعَشِيّٗا</textIndopak>
    <translations>
      <translation>
        <author>Dr. Mustafa Khattab, the Clear Quran</author>
        <text>There they will never hear any idle talk—only ˹greetings of˺ peace. And there they will have their provisions morning and evening.</text>
      </translation>
    </translations>
    <rules>[{"start": 44, "end": 52, "rule_id": 3}, {"start": 83, "end": 88, "rule_id": 3}]</rules>
  </verse>
  <verse>
    <verseIdArabic>٦٣</verseIdArabic>
    <verseId>63</verseId>
    <chapterId>19</chapterId>
    <textIndopak>تِلۡكَ ٱلۡجَنَّةُ ٱلَّتِي نُورِثُ مِنۡ عِبَادِنَا مَن كَانَ تَقِيّٗا</textIndopak>
    <translations>
      <translation>
        <author>Dr. Mustafa Khattab, the Clear Quran</author>
        <text>That is Paradise, which We will grant to whoever is devout among Our servants.</text>
      </translation>
    </translations>
    <rules>[{"start": 12, "end": 15, "rule_id": 0}, {"start": 52, "end": 56, "rule_id": 6}]</rules>
  </verse>
  <verse>
    <verseIdArabic>٦٤</verseIdArabic>
    <verseId>64</verseId>
    <chapterId>19</chapterId>
    <textIndopak>وَمَا نَتَنَزَّلُ إِلَّا بِأَمۡرِ رَبِّكَۖ لَهُۥ مَا بَيۡنَ أَيۡدِينَا وَمَا خَلۡفَنَا وَمَا بَيۡنَ ذَٰلِكَۚ وَمَا كَانَ رَبُّكَ نَسِيّٗا</textIndopak>
    <translations>
      <translation>
        <author>Dr. Mustafa Khattab, the Clear Quran</author>
        <text>“We only descend by the command of your Lord. To Him belongs whatever is before us, and whatever is behind us, and everything in between. And your Lord is never forgetful.</text>
      </translation>
    </translations>
  </verse>
  <verse>
    <verseIdArabic>٦٥</verseIdArabic>
    <verseId>65</verseId>
    <chapterId>19</chapterId>
    <textIndopak>رَّبُّ ٱلسَّمَٰوَٰتِ وَٱلۡأَرۡضِ وَمَا بَيۡنَهُمَا فَٱعۡبُدۡهُ وَٱصۡطَبِرۡ لِعِبَٰدَتِهِۦۚ هَلۡ تَعۡلَمُ لَهُۥ سَمِيّٗا</textIndopak>
    <translations>
      <translation>
        <author>Dr. Mustafa Khattab, the Clear Quran</author>
        <text>˹He is the˺ Lord of the heavens, and the earth, and everything in between. So worship Him ˹alone˺, and be steadfast in His worship. Do you know of anyone equal to Him ˹in His attributes˺?”</text>
      </translation>
    </translations>
    <rules>[{"start": 58, "end": 60, "rule_id": 1}]</rules>
  </verse>
  <verse>
    <verseIdArabic>٦٦</verseIdArabic>
    <verseId>66</verseId>
    <chapterId>19</chapterId>
    <textIndopak>وَيَقُولُ ٱلۡإِنسَٰنُ أَءِذَا مَا مِتُّ لَسَوۡفَ أُخۡرَجُ حَيًّا</textIndopak>
    <translations>
      <translation>
        <author>Dr. Mustafa Khattab, the Clear Quran</author>
        <text>Yet ˹some˺ people ask ˹mockingly˺, “After I die, will I really be raised to life again?”</text>
      </translation>
    </translations>
    <rules>[{"start": 15, "end": 19, "rule_id": 6}]</rules>
  </verse>
  <verse>
    <verseIdArabic>٦٧</verseIdArabic>
    <verseId>67</verseId>
    <chapterId>19</chapterId>
    <textIndopak>أَوَلَا يَذۡكُرُ ٱلۡإِنسَٰنُ أَنَّا خَلَقۡنَٰهُ مِن قَبۡلُ وَلَمۡ يَكُ شَيۡـٔٗا</textIndopak>
    <translations>
      <translation>
        <author>Dr. Mustafa Khattab, the Clear Quran</author>
        <text>Do ˹such˺ people not remember that We created them before, when they were nothing?</text>
      </translation>
    </translations>
    <rules>[{"start": 31, "end": 34, "rule_id": 0}, {"start": 40, "end": 42, "rule_id": 1}, {"start": 54, "end": 56, "rule_id": 1}, {"start": 22, "end": 26, "rule_id": 6}, {"start": 50, "end": 54, "rule_id": 6}]</rules>
  </verse>
  <verse>
    <verseIdArabic>٦٨</verseIdArabic>
    <verseId>68</verseId>
    <chapterId>19</chapterId>
    <textIndopak>فَوَرَبِّكَ لَنَحۡشُرَنَّهُمۡ وَٱلشَّيَٰطِينَ ثُمَّ لَنُحۡضِرَنَّهُمۡ حَوۡلَ جَهَنَّمَ جِثِيّٗا</textIndopak>
    <translations>
      <translation>
        <author>Dr. Mustafa Khattab, the Clear Quran</author>
        <text>By your Lord ˹O Prophet˺! We will surely gather them along with the devils, and then set them around Hell on their knees.</text>
      </translation>
    </translations>
    <rules>[{"start": 22, "end": 25, "rule_id": 0}, {"start": 48, "end": 51, "rule_id": 0}, {"start": 62, "end": 65, "rule_id": 0}, {"start": 81, "end": 84, "rule_id": 0}]</rules>
  </verse>
  <verse>
    <verseIdArabic>٦٩</verseIdArabic>
    <verseId>69</verseId>
    <chapterId>19</chapterId>
    <textIndopak>ثُمَّ لَنَنزِعَنَّ مِن كُلِّ شِيعَةٍ أَيُّهُمۡ أَشَدُّ عَلَى ٱلرَّحۡمَٰنِ عِتِيّٗا</textIndopak>
    <translations>
      <translation>
        <author>Dr. Mustafa Khattab, the Clear Quran</author>
        <text>Then We will certainly begin by dragging out of every group the ones most defiant to the Most Compassionate.</text>
      </translation>
    </translations>
    <rules>[{"start": 2, "end": 5, "rule_id": 0}, {"start": 15, "end": 18, "rule_id": 0}, {"start": 10, "end": 13, "rule_id": 6}, {"start": 21, "end": 25, "rule_id": 6}]</rules>
  </verse>
  <verse>
    <verseIdArabic>٧٠</verseIdArabic>
    <verseId>70</verseId>
    <chapterId>19</chapterId>
    <textIndopak>ثُمَّ لَنَحۡنُ أَعۡلَمُ بِٱلَّذِينَ هُمۡ أَوۡلَىٰ بِهَا صِلِيّٗا</textIndopak>
    <translations>
      <translation>
        <author>Dr. Mustafa Khattab, the Clear Quran</author>
        <text>And We truly know best who is most deserving of burning in it.</text>
      </translation>
    </translations>
    <rules>[{"start": 2, "end": 5, "rule_id": 0}]</rules>
  </verse>
  <verse>
    <verseIdArabic>٧١</verseIdArabic>
    <verseId>71</verseId>
    <chapterId>19</chapterId>
    <textIndopak>وَإِن مِّنكُمۡ إِلَّا وَارِدُهَاۚ كَانَ عَلَىٰ رَبِّكَ حَتۡمٗا مَّقۡضِيّٗا</textIndopak>
    <translations>
      <translation>
        <author>Dr. Mustafa Khattab, the Clear Quran</author>
        <text>There is none of you who will not pass over it. ˹This is˺ a decree your Lord must fulfil.</text>
      </translation>
    </translations>
    <rules>[{"start": 6, "end": 9, "rule_id": 0}, {"start": 64, "end": 67, "rule_id": 0}, {"start": 67, "end": 69, "rule_id": 1}, {"start": 4, "end": 9, "rule_id": 3}, {"start": 60, "end": 67, "rule_id": 3}, {"start": 9, "end": 12, "rule_id": 6}]</rules>
  </verse>
  <verse>
    <verseIdArabic>٧٢</verseIdArabic>
    <verseId>72</verseId>
    <chapterId>19</chapterId>
    <textIndopak>ثُمَّ نُنَجِّي ٱلَّذِينَ ٱتَّقَواْ وَّنَذَرُ ٱلظَّٰلِمِينَ فِيهَا جِثِيّٗا</textIndopak>
    <translations>
      <translation>
        <author>Dr. Mustafa Khattab, the Clear Quran</author>
        <text>Then We will deliver those who were devout, leaving the wrongdoers there on their knees.</text>
      </translation>
    </translations>
    <rules>[{"start": 2, "end": 5, "rule_id": 0}]</rules>
  </verse>
  <verse>
    <verseIdArabic>٧٣</verseIdArabic>
    <verseId>73</verseId>
    <chapterId>19</chapterId>
    <textIndopak>وَإِذَا تُتۡلَىٰ عَلَيۡهِمۡ ءَايَٰتُنَا بَيِّنَٰتٖ قَالَ ٱلَّذِينَ كَفَرُواْ لِلَّذِينَ ءَامَنُوٓاْ أَيُّ ٱلۡفَرِيقَيۡنِ خَيۡرٞ مَّقَامٗا وَأَحۡسَنُ نَدِيّٗا</textIndopak>
    <translations>
      <translation>
        <author>Dr. Mustafa Khattab, the Clear Quran</author>
        <text>When Our clear revelations are recited to them, the disbelievers ask the believers ˹mockingly˺, “Which of the two of us is better in status and superior in assembly?”</text>
      </translation>
    </translations>
    <rules>[{"start": 128, "end": 131, "rule_id": 0}, {"start": 125, "end": 131, "rule_id": 3}, {"start": 134, "end": 140, "rule_id": 3}, {"start": 48, "end": 53, "rule_id": 6}]</rules>
  </verse>
  <verse>
    <verseIdArabic>٧٤</verseIdArabic>
    <verseId>74</verseId>
    <chapterId>19</chapterId>
    <textIndopak>وَكَمۡ أَهۡلَكۡنَا قَبۡلَهُم مِّن قَرۡنٍ هُمۡ أَحۡسَنُ أَثَٰثٗا وَرِءۡيٗا</textIndopak>
    <translations>
      <translation>
        <author>Dr. Mustafa Khattab, the Clear Quran</author>
        <text>˹Imagine, O Prophet˺ how many peoples We have destroyed before them, who were far better in luxury and splendour!</text>
      </translation>
    </translations>
    <rules>[{"start": 29, "end": 32, "rule_id": 0}, {"start": 21, "end": 23, "rule_id": 1}, {"start": 60, "end": 66, "rule_id": 3}, {"start": 27, "end": 32, "rule_id": 4}, {"start": 32, "end": 36, "rule_id": 6}]</rules>
  </verse>
  <verse>
    <verseIdArabic>٧٥</verseIdArabic>
    <verseId>75</verseId>
    <chapterId>19</chapterId>
    <textIndopak>قُلۡ مَن كَانَ فِي ٱلضَّلَٰلَةِ فَلۡيَمۡدُدۡ لَهُ ٱلرَّحۡمَٰنُ مَدًّاۚ حَتَّىٰٓ إِذَا رَأَوۡاْ مَا يُوعَدُونَ إِمَّا ٱلۡعَذَابَ وَإِمَّا ٱلسَّاعَةَ فَسَيَعۡلَمُونَ مَنۡ هُوَ شَرّٞ مَّكَانٗا وَأَضۡعَفُ جُندٗا</textIndopak>
    <translations>
      <translation>
        <author>Dr. Mustafa Khattab, the Clear Quran</author>
        <text>Say, ˹O Prophet,˺ “Whoever is ˹entrenched˺ in misguidance, the Most Compassionate will allow them plenty of time, until—behold!—they face what they are threatened with: either the torment or the Hour. Only then will they realize who is worse in position and inferior in manpower.”</text>
      </translation>
    </translations>
    <rules>[{"start": 113, "end": 116, "rule_id": 0}, {"start": 133, "end": 136, "rule_id": 0}, {"start": 181, "end": 184, "rule_id": 0}, {"start": 42, "end": 44, "rule_id": 1}, {"start": 177, "end": 184, "rule_id": 3}, {"start": 187, "end": 193, "rule_id": 3}, {"start": 7, "end": 11, "rule_id": 6}, {"start": 204, "end": 207, "rule_id": 6}]</rules>
  </verse>
  <verse>
    <verseIdArabic>٧٦</verseIdArabic>
    <verseId>76</verseId>
    <chapterId>19</chapterId>
    <textIndopak>وَيَزِيدُ ٱللَّهُ ٱلَّذِينَ ٱهۡتَدَوۡاْ هُدٗىۗ وَٱلۡبَٰقِيَٰتُ ٱلصَّٰلِحَٰتُ خَيۡرٌ عِندَ رَبِّكَ ثَوَابٗا وَخَيۡرٞ مَّرَدًّا</textIndopak>
    <translations>
      <translation>
        <author>Dr. Mustafa Khattab, the Clear Quran</author>
        <text>And Allah increases in guidance those who are ˹rightly˺ guided. And the everlasting good deeds are far better with your Lord in reward and in outcome.</text>
      </translation>
    </translations>
    <rules>[{"start": 117, "end": 120, "rule_id": 0}, {"start": 104, "end": 110, "rule_id": 3}, {"start": 114, "end": 120, "rule_id": 3}, {"start": 87, "end": 90, "rule_id": 6}]</rules>
  </verse>
  <verse>
    <verseIdArabic>٧٧</verseIdArabic>
    <verseId>77</verseId>
    <chapterId>19</chapterId>
    <textIndopak>أَفَرَءَيۡتَ ٱلَّذِي كَفَرَ بِـَٔايَٰتِنَا وَقَالَ لَأُوتَيَنَّ مَالٗا وَوَلَدًا</textIndopak>
    <translations>
      <translation>
        <author>Dr. Mustafa Khattab, the Clear Quran</author>
        <text>Have you seen ˹O Prophet˺ the one who rejects Our revelations yet boasts, “I will definitely be granted ˹plenty of˺ wealth and children ˹if there is an afterlife˺.”?</text>
      </translation>
    </translations>
    <rules>[{"start": 60, "end": 63, "rule_id": 0}, {"start": 67, "end": 73, "rule_id": 3}]</rules>
  </verse>
  <verse>
    <verseIdArabic>٧٨</verseIdArabic>
    <verseId>78</verseId>
    <chapterId>19</chapterId>
    <textIndopak>أَطَّلَعَ ٱلۡغَيۡبَ أَمِ ٱتَّخَذَ عِندَ ٱلرَّحۡمَٰنِ عَهۡدٗا</textIndopak>
    <translations>
      <translation>
        <author>Dr. Mustafa Khattab, the Clear Quran</author>
        <text>Has he looked into the unseen or taken a pledge from the Most Compassionate?</text>
      </translation>
    </translations>
    <rules>[{"start": 36, "end": 39, "rule_id": 6}]</rules>
  </verse>
  <verse>
    <verseIdArabic>٧٩</verseIdArabic>
    <verseId>79</verseId>
    <chapterId>19</chapterId>
    <textIndopak>كـَلَّاۚ سَنَكۡتُبُ مَا يَقُولُ وَنَمُدُّ لَهُۥ مِنَ ٱلۡعَذَابِ مَدّٗا</textIndopak>
    <translations>
      <translation>
        <author>Dr. Mustafa Khattab, the Clear Quran</author>
        <text>Not at all! We certainly record whatever he claims and will increase his punishment extensively.</text>
      </translation>
    </translations>
  </verse>
  <verse>
    <verseIdArabic>٨٠</verseIdArabic>
    <verseId>80</verseId>
    <chapterId>19</chapterId>
    <textIndopak>وَنَرِثُهُۥ مَا يَقُولُ وَيَأۡتِينَا فَرۡدٗا</textIndopak>
    <translations>
      <translation>
        <author>Dr. Mustafa Khattab, the Clear Quran</author>
        <text>And We will inherit what he boasts of, and he will come before Us all by himself.</text>
      </translation>
    </translations>
  </verse>
  <verse>
    <verseIdArabic>٨١</verseIdArabic>
    <verseId>81</verseId>
    <chapterId>19</chapterId>
    <textIndopak>وَٱتَّخَذُواْ مِن دُونِ ٱللَّهِ ءَالِهَةٗ لِّيَكُونُواْ لَهُمۡ عِزّٗا</textIndopak>
    <translations>
      <translation>
        <author>Dr. Mustafa Khattab, the Clear Quran</author>
        <text>They have taken other gods, instead of Allah, seeking strength ˹and protection˺ through them.</text>
      </translation>
    </translations>
    <rules>[{"start": 39, "end": 45, "rule_id": 5}, {"start": 16, "end": 20, "rule_id": 6}]</rules>
  </verse>
  <verse>
    <verseIdArabic>٨٢</verseIdArabic>
    <verseId>82</verseId>
    <chapterId>19</chapterId>
    <textIndopak>كـَلَّاۚ سَيَكۡفُرُونَ بِعِبَادَتِهِمۡ وَيَكُونُونَ عَلَيۡهِمۡ ضِدًّا</textIndopak>
    <translations>
      <translation>
        <author>Dr. Mustafa Khattab, the Clear Quran</author>
        <text>But no! Those ˹gods˺ will deny their worship and turn against them.</text>
      </translation>
    </translations>
  </verse>
  <verse>
    <verseIdArabic>٨٣</verseIdArabic>
    <verseId>83</verseId>
    <chapterId>19</chapterId>
    <textIndopak>أَلَمۡ تَرَ أَنَّآ أَرۡسَلۡنَا ٱلشَّيَٰطِينَ عَلَى ٱلۡكَٰفِرِينَ تَؤُزُّهُمۡ أَزّٗا</textIndopak>
    <translations>
      <translation>
        <author>Dr. Mustafa Khattab, the Clear Quran</author>
        <text>Do you ˹O Prophet˺ not see that We have sent the devils against the disbelievers, constantly inciting them?</text>
      </translation>
    </translations>
    <rules>[{"start": 14, "end": 17, "rule_id": 0}]</rules>
  </verse>
  <verse>
    <verseIdArabic>٨٤</verseIdArabic>
    <verseId>84</verseId>
    <chapterId>19</chapterId>
    <textIndopak>فَلَا تَعۡجَلۡ عَلَيۡهِمۡۖ إِنَّمَا نَعُدُّ لَهُمۡ عَدّٗا</textIndopak>
    <translations>
      <translation>
        <author>Dr. Mustafa Khattab, the Clear Quran</author>
        <text>So do not be in haste against them, for indeed We are ˹closely˺ counting down their days.</text>
      </translation>
    </translations>
    <rules>[{"start": 30, "end": 33, "rule_id": 0}]</rules>
  </verse>
  <verse>
    <verseIdArabic>٨٥</verseIdArabic>
    <verseId>85</verseId>
    <chapterId>19</chapterId>
    <textIndopak>يَوۡمَ نَحۡشُرُ ٱلۡمُتَّقِينَ إِلَى ٱلرَّحۡمَٰنِ وَفۡدٗا</textIndopak>
    <translations>
      <translation>
        <author>Dr. Mustafa Khattab, the Clear Quran</author>
        <text>˹Watch for˺ the Day We will gather the righteous before the Most Compassionate as an honoured delegation,</text>
      </translation>
    </translations>
  </verse>
  <verse>
    <verseIdArabic>٨٦</verseIdArabic>
    <verseId>86</verseId>
    <chapterId>19</chapterId>
    <textIndopak>وَنَسُوقُ ٱلۡمُجۡرِمِينَ إِلَىٰ جَهَنَّمَ وِرۡدٗا</textIndopak>
    <translations>
      <translation>
        <author>Dr. Mustafa Khattab, the Clear Quran</author>
        <text>and drive the wicked to Hell like a thirsty herd.</text>
      </translation>
    </translations>
    <rules>[{"start": 36, "end": 39, "rule_id": 0}, {"start": 15, "end": 17, "rule_id": 1}]</rules>
  </verse>
  <verse>
    <verseIdArabic>٨٧</verseIdArabic>
    <verseId>87</verseId>
    <chapterId>19</chapterId>
    <textIndopak>لَّا يَمۡلِكُونَ ٱلشَّفَٰعَةَ إِلَّا مَنِ ٱتَّخَذَ عِندَ ٱلرَّحۡمَٰنِ عَهۡدٗا</textIndopak>
    <translations>
      <translation>
        <author>Dr. Mustafa Khattab, the Clear Quran</author>
        <text>None will have the right to intercede, except those who have taken a covenant from the Most Compassionate.</text>
      </translation>
    </translations>
    <rules>[{"start": 53, "end": 56, "rule_id": 6}]</rules>
  </verse>
  <verse>
    <verseIdArabic>٨٨</verseIdArabic>
    <verseId>88</verseId>
    <chapterId>19</chapterId>
    <textIndopak>وَقَالُواْ ٱتَّخَذَ ٱلرَّحۡمَٰنُ وَلَدٗا</textIndopak>
    <translations>
      <translation>
        <author>Dr. Mustafa Khattab, the Clear Quran</author>
        <text>They say, “The Most Compassionate has offspring.”</text>
      </translation>
    </translations>
  </verse>
  <verse>
    <verseIdArabic>٨٩</verseIdArabic>
    <verseId>89</verseId>
    <chapterId>19</chapterId>
    <textIndopak>لَّقَدۡ جِئۡتُمۡ شَيۡـًٔا إِدّٗا</textIndopak>
    <translations>
      <translation>
        <author>Dr. Mustafa Khattab, the Clear Quran</author>
        <text>You have certainly made an outrageous claim,</text>
      </translation>
    </translations>
    <rules>[{"start": 5, "end": 7, "rule_id": 1}]</rules>
  </verse>
  <verse>
    <verseIdArabic>٩٠</verseIdArabic>
    <verseId>90</verseId>
    <chapterId>19</chapterId>
    <textIndopak>تَكَادُ ٱلسَّمَٰوَٰتُ يَتَفَطَّرۡنَ مِنۡهُ وَتَنشَقُّ ٱلۡأَرۡضُ وَتَخِرُّ ٱلۡجِبَالُ هَدًّا</textIndopak>
    <translations>
      <translation>
        <author>Dr. Mustafa Khattab, the Clear Quran</author>
        <text>by which the heavens are about to burst, the earth to split apart, and the mountains to crumble to pieces</text>
      </translation>
    </translations>
    <rules>[{"start": 47, "end": 50, "rule_id": 6}]</rules>
  </verse>
  <verse>
    <verseIdArabic>٩١</verseIdArabic>
    <verseId>91</verseId>
    <chapterId>19</chapterId>
    <textIndopak>أَن دَعَوۡاْ لِلرَّحۡمَٰنِ وَلَدٗا</textIndopak>
    <translations>
      <translation>
        <author>Dr. Mustafa Khattab, the Clear Quran</author>
        <text>in protest of attributing children to the Most Compassionate.</text>
      </translation>
    </translations>
    <rules>[{"start": 2, "end": 6, "rule_id": 6}]</rules>
  </verse>
  <verse>
    <verseIdArabic>٩٢</verseIdArabic>
    <verseId>92</verseId>
    <chapterId>19</chapterId>
    <textIndopak>وَمَا يَنۢبَغِي لِلرَّحۡمَٰنِ أَن يَتَّخِذَ وَلَدًا</textIndopak>
    <translations>
      <translation>
        <author>Dr. Mustafa Khattab, the Clear Quran</author>
        <text>It does not befit ˹the majesty of˺ the Most Compassionate to have children.</text>
      </translation>
    </translations>
    <rules>[{"start": 8, "end": 12, "rule_id": 2}, {"start": 32, "end": 36, "rule_id": 3}]</rules>
  </verse>
  <verse>
    <verseIdArabic>٩٣</verseIdArabic>
    <verseId>93</verseId>
    <chapterId>19</chapterId>
    <textIndopak>إِن كُلُّ مَن فِي ٱلسَّمَٰوَٰتِ وَٱلۡأَرۡضِ إِلَّآ ءَاتِي ٱلرَّحۡمَٰنِ عَبۡدٗا</textIndopak>
    <translations>
      <translation>
        <author>Dr. Mustafa Khattab, the Clear Quran</author>
        <text>There is none in the heavens or the earth who will not return to the Most Compassionate in full submission.</text>
      </translation>
    </translations>
    <rules>[{"start": 74, "end": 76, "rule_id": 1}, {"start": 2, "end": 6, "rule_id": 6}, {"start": 12, "end": 16, "rule_id": 6}]</rules>
  </verse>
  <verse>
    <verseIdArabic>٩٤</verseIdArabic>
    <verseId>94</verseId>
    <chapterId>19</chapterId>
    <textIndopak>لَّقَدۡ أَحۡصَىٰهُمۡ وَعَدَّهُمۡ عَدّٗا</textIndopak>
    <translations>
      <translation>
        <author>Dr. Mustafa Khattab, the Clear Quran</author>
        <text>Indeed, He fully knows them and has counted them precisely.</text>
      </translation>
    </translations>
    <rules>[{"start": 5, "end": 7, "rule_id": 1}]</rules>
  </verse>
  <verse>
    <verseIdArabic>٩٥</verseIdArabic>
    <verseId>95</verseId>
    <chapterId>19</chapterId>
    <textIndopak>وَكُلُّهُمۡ ءَاتِيهِ يَوۡمَ ٱلۡقِيَٰمَةِ فَرۡدًا</textIndopak>
    <translations>
      <translation>
        <author>Dr. Mustafa Khattab, the Clear Quran</author>
        <text>And each of them will return to Him on the Day of Judgment all alone.</text>
      </translation>
    </translations>
  </verse>
  <verse>
    <verseIdArabic>٩٦</verseIdArabic>
    <verseId>96</verseId>
    <chapterId>19</chapterId>
    <textIndopak>إِنَّ ٱلَّذِينَ ءَامَنُواْ وَعَمِلُواْ ٱلصَّٰلِحَٰتِ سَيَجۡعَلُ لَهُمُ ٱلرَّحۡمَٰنُ وُدّٗا</textIndopak>
    <translations>
      <translation>
        <author>Dr. Mustafa Khattab, the Clear Quran</author>
        <text>As for those who believe and do good, the Most Compassionate will ˹certainly˺ bless them with ˹genuine˺ love.</text>
      </translation>
    </translations>
    <rules>[{"start": 2, "end": 5, "rule_id": 0}, {"start": 57, "end": 59, "rule_id": 1}]</rules>
  </verse>
  <verse>
    <verseIdArabic>٩٧</verseIdArabic>
    <verseId>97</verseId>
    <chapterId>19</chapterId>
    <textIndopak>فَإِنَّمَا يَسَّرۡنَٰهُ بِلِسَانِكَ لِتُبَشِّرَ بِهِ ٱلۡمُتَّقِينَ وَتُنذِرَ بِهِۦ قَوۡمٗا لُّدّٗا</textIndopak>
    <translations>
      <translation>
        <author>Dr. Mustafa Khattab, the Clear Quran</author>
        <text>Indeed, We have made this ˹Quran˺ easy in your own language ˹O Prophet˺ so with it you may give good news to the righteous and warn those who are contentious.</text>
      </translation>
    </translations>
    <rules>[{"start": 4, "end": 7, "rule_id": 0}, {"start": 87, "end": 94, "rule_id": 5}, {"start": 71, "end": 74, "rule_id": 6}]</rules>
  </verse>
  <verse>
    <verseIdArabic>٩٨</verseIdArabic>
    <verseId>98</verseId>
    <chapterId>19</chapterId>
    <textIndopak>وَكَمۡ أَهۡلَكۡنَا قَبۡلَهُم مِّن قَرۡنٍ هَلۡ تُحِسُّ مِنۡهُم مِّنۡ أَحَدٍ أَوۡ تَسۡمَعُ لَهُمۡ رِكۡزَۢا</textIndopak>
    <translations>
      <translation>
        <author>Dr. Mustafa Khattab, the Clear Quran</author>
        <text>˹Imagine˺ how many peoples We have destroyed before them! Do you ˹still˺ see any of them, or ˹even˺ hear from them the slightest sound?</text>
      </translation>
    </translations>
    <rules>[{"start": 29, "end": 32, "rule_id": 0}, {"start": 62, "end": 65, "rule_id": 0}, {"start": 21, "end": 23, "rule_id": 1}, {"start": 27, "end": 32, "rule_id": 4}, {"start": 60, "end": 65, "rule_id": 4}, {"start": 32, "end": 36, "rule_id": 6}]</rules>
  </verse>
</verses>
