<?xml version="1.0" encoding="UTF-8"?>

<verses>
  <verse>
    <verseIdArabic>١</verseIdArabic>
    <verseId>1</verseId>
    <chapterId>20</chapterId>
    <textIndopak>طه</textIndopak>
    <translations>
      <translation>
        <author>Dr. Mustafa Khattab, the Clear Quran</author>
        <text>Ṭâ-Hâ.</text>
      </translation>
    </translations>
  </verse>
  <verse>
    <verseIdArabic>٢</verseIdArabic>
    <verseId>2</verseId>
    <chapterId>20</chapterId>
    <textIndopak>مَآ أَنزَلۡنَا عَلَيۡكَ ٱلۡقُرۡءَانَ لِتَشۡقَىٰٓ</textIndopak>
    <translations>
      <translation>
        <author>Dr. Mustafa Khattab, the Clear Quran</author>
        <text>We have not revealed the Quran to you ˹O Prophet˺ to cause you distress,</text>
      </translation>
    </translations>
    <rules>[{"start": 7, "end": 10, "rule_id": 6}]</rules>
  </verse>
  <verse>
    <verseIdArabic>٣</verseIdArabic>
    <verseId>3</verseId>
    <chapterId>20</chapterId>
    <textIndopak>إِلَّا تَذۡكِرَةٗ لِّمَن يَخۡشَىٰ</textIndopak>
    <translations>
      <translation>
        <author>Dr. Mustafa Khattab, the Clear Quran</author>
        <text>but as a reminder to those in awe ˹of Allah˺.</text>
      </translation>
    </translations>
    <rules>[{"start": 23, "end": 27, "rule_id": 3}, {"start": 15, "end": 21, "rule_id": 5}]</rules>
  </verse>
  <verse>
    <verseIdArabic>٤</verseIdArabic>
    <verseId>4</verseId>
    <chapterId>20</chapterId>
    <textIndopak>تَنزِيلٗا مِّمَّنۡ خَلَقَ ٱلۡأَرۡضَ وَٱلسَّمَٰوَٰتِ ٱلۡعُلَى</textIndopak>
    <translations>
      <translation>
        <author>Dr. Mustafa Khattab, the Clear Quran</author>
        <text>˹It is˺ a revelation from the One Who created the earth and the high heavens—</text>
      </translation>
    </translations>
    <rules>[{"start": 10, "end": 13, "rule_id": 0}, {"start": 13, "end": 16, "rule_id": 0}, {"start": 6, "end": 13, "rule_id": 3}, {"start": 2, "end": 5, "rule_id": 6}]</rules>
  </verse>
  <verse>
    <verseIdArabic>٥</verseIdArabic>
    <verseId>5</verseId>
    <chapterId>20</chapterId>
    <textIndopak>ٱلرَّحۡمَٰنُ عَلَى ٱلۡعَرۡشِ ٱسۡتَوَىٰ</textIndopak>
    <translations>
      <translation>
        <author>Dr. Mustafa Khattab, the Clear Quran</author>
        <text>the Most Compassionate, ˹Who is˺ established on the Throne.</text>
      </translation>
    </translations>
  </verse>
  <verse>
    <verseIdArabic>٦</verseIdArabic>
    <verseId>6</verseId>
    <chapterId>20</chapterId>
    <textIndopak>لَهُۥ مَا فِي ٱلسَّمَٰوَٰتِ وَمَا فِي ٱلۡأَرۡضِ وَمَا بَيۡنَهُمَا وَمَا تَحۡتَ ٱلثَّرَىٰ</textIndopak>
    <translations>
      <translation>
        <author>Dr. Mustafa Khattab, the Clear Quran</author>
        <text>To Him belongs whatever is in the heavens and whatever is on the earth and whatever is in between and whatever is underground.</text>
      </translation>
    </translations>
  </verse>
  <verse>
    <verseIdArabic>٧</verseIdArabic>
    <verseId>7</verseId>
    <chapterId>20</chapterId>
    <textIndopak>وَإِن تَجۡهَرۡ بِٱلۡقَوۡلِ فَإِنَّهُۥ يَعۡلَمُ ٱلسِّرَّ وَأَخۡفَى</textIndopak>
    <translations>
      <translation>
        <author>Dr. Mustafa Khattab, the Clear Quran</author>
        <text>Whether you speak openly ˹or not˺, He certainly knows what is secret and what is even more hidden.</text>
      </translation>
    </translations>
    <rules>[{"start": 31, "end": 34, "rule_id": 0}, {"start": 8, "end": 10, "rule_id": 1}, {"start": 4, "end": 8, "rule_id": 6}]</rules>
  </verse>
  <verse>
    <verseIdArabic>٨</verseIdArabic>
    <verseId>8</verseId>
    <chapterId>20</chapterId>
    <textIndopak>ٱللَّهُ لَآ إِلَٰهَ إِلَّا هُوَۖ لَهُ ٱلۡأَسۡمَآءُ ٱلۡحُسۡنَىٰ</textIndopak>
    <translations>
      <translation>
        <author>Dr. Mustafa Khattab, the Clear Quran</author>
        <text>Allah—there is no god ˹worthy of worship˺ except Him. He has the Most Beautiful Names.</text>
      </translation>
    </translations>
  </verse>
  <verse>
    <verseIdArabic>٩</verseIdArabic>
    <verseId>9</verseId>
    <chapterId>20</chapterId>
    <textIndopak>وَهَلۡ أَتَىٰكَ حَدِيثُ مُوسَىٰٓ</textIndopak>
    <translations>
      <translation>
        <author>Dr. Mustafa Khattab, the Clear Quran</author>
        <text>Has the story of Moses reached you ˹O Prophet˺?</text>
      </translation>
    </translations>
  </verse>
  <verse>
    <verseIdArabic>١٠</verseIdArabic>
    <verseId>10</verseId>
    <chapterId>20</chapterId>
    <textIndopak>إِذۡ رَءَا نَارٗا فَقَالَ لِأَهۡلِهِ ٱمۡكُثُوٓاْ إِنِّيٓ ءَانَسۡتُ نَارٗا لَّعَلِّيٓ ءَاتِيكُم مِّنۡهَا بِقَبَسٍ أَوۡ أَجِدُ عَلَى ٱلنَّارِ هُدٗى</textIndopak>
    <translations>
      <translation>
        <author>Dr. Mustafa Khattab, the Clear Quran</author>
        <text>When he saw a fire, he said to his family, “Wait here, ˹for˺ I have spotted a fire. Perhaps I can bring you a torch from it, or find some guidance at the fire.”</text>
      </translation>
    </translations>
    <rules>[{"start": 51, "end": 54, "rule_id": 0}, {"start": 95, "end": 98, "rule_id": 0}, {"start": 133, "end": 136, "rule_id": 0}, {"start": 93, "end": 98, "rule_id": 4}, {"start": 70, "end": 77, "rule_id": 5}]</rules>
  </verse>
  <verse>
    <verseIdArabic>١١</verseIdArabic>
    <verseId>11</verseId>
    <chapterId>20</chapterId>
    <textIndopak>فَلَمَّآ أَتَىٰهَا نُودِيَ يَٰمُوسَىٰٓ</textIndopak>
    <translations>
      <translation>
        <author>Dr. Mustafa Khattab, the Clear Quran</author>
        <text>But when he approached it, he was called, “O Moses!</text>
      </translation>
    </translations>
    <rules>[{"start": 4, "end": 7, "rule_id": 0}]</rules>
  </verse>
  <verse>
    <verseIdArabic>١٢</verseIdArabic>
    <verseId>12</verseId>
    <chapterId>20</chapterId>
    <textIndopak>إِنِّيٓ أَنَا۠ رَبُّكَ فَٱخۡلَعۡ نَعۡلَيۡكَ إِنَّكَ بِٱلۡوَادِ ٱلۡمُقَدَّسِ طُوٗى</textIndopak>
    <translations>
      <translation>
        <author>Dr. Mustafa Khattab, the Clear Quran</author>
        <text>It is truly I. I am your Lord! So take off your sandals, for you are in the sacred valley of Ṭuwa.</text>
      </translation>
    </translations>
    <rules>[{"start": 2, "end": 5, "rule_id": 0}, {"start": 48, "end": 51, "rule_id": 0}]</rules>
  </verse>
  <verse>
    <verseIdArabic>١٣</verseIdArabic>
    <verseId>13</verseId>
    <chapterId>20</chapterId>
    <textIndopak>وَأَنَا ٱخۡتَرۡتُكَ فَٱسۡتَمِعۡ لِمَا يُوحَىٰٓ</textIndopak>
    <translations>
      <translation>
        <author>Dr. Mustafa Khattab, the Clear Quran</author>
        <text>I have chosen you, so listen to what is revealed:</text>
      </translation>
    </translations>
  </verse>
  <verse>
    <verseIdArabic>١٤</verseIdArabic>
    <verseId>14</verseId>
    <chapterId>20</chapterId>
    <textIndopak>إِنَّنِيٓ أَنَا ٱللَّهُ لَآ إِلَٰهَ إِلَّآ أَنَا۠ فَٱعۡبُدۡنِي وَأَقِمِ ٱلصَّلَوٰةَ لِذِكۡرِيٓ</textIndopak>
    <translations>
      <translation>
        <author>Dr. Mustafa Khattab, the Clear Quran</author>
        <text>‘It is truly I. I am Allah! There is no god ˹worthy of worship˺ except Me. So worship Me ˹alone˺, and establish prayer for My remembrance.</text>
      </translation>
    </translations>
    <rules>[{"start": 2, "end": 5, "rule_id": 0}, {"start": 59, "end": 61, "rule_id": 1}]</rules>
  </verse>
  <verse>
    <verseIdArabic>١٥</verseIdArabic>
    <verseId>15</verseId>
    <chapterId>20</chapterId>
    <textIndopak>إِنَّ ٱلسَّاعَةَ ءَاتِيَةٌ أَكَادُ أُخۡفِيهَا لِتُجۡزَىٰ كُلُّ نَفۡسِۭ بِمَا تَسۡعَىٰ</textIndopak>
    <translations>
      <translation>
        <author>Dr. Mustafa Khattab, the Clear Quran</author>
        <text>The Hour is sure to come. My Will is to keep it hidden, so that every soul may be rewarded according to their efforts.</text>
      </translation>
    </translations>
    <rules>[{"start": 2, "end": 5, "rule_id": 0}, {"start": 50, "end": 52, "rule_id": 1}, {"start": 67, "end": 73, "rule_id": 2}]</rules>
  </verse>
  <verse>
    <verseIdArabic>١٦</verseIdArabic>
    <verseId>16</verseId>
    <chapterId>20</chapterId>
    <textIndopak>فَلَا يَصُدَّنَّكَ عَنۡهَا مَن لَّا يُؤۡمِنُ بِهَا وَٱتَّبَعَ هَوَىٰهُ فَتَرۡدَىٰ</textIndopak>
    <translations>
      <translation>
        <author>Dr. Mustafa Khattab, the Clear Quran</author>
        <text>So do not let those who disbelieve in it and follow their desires distract you from it, or you will be doomed.’”</text>
      </translation>
    </translations>
    <rules>[{"start": 13, "end": 16, "rule_id": 0}, {"start": 29, "end": 34, "rule_id": 5}]</rules>
  </verse>
  <verse>
    <verseIdArabic>١٧</verseIdArabic>
    <verseId>17</verseId>
    <chapterId>20</chapterId>
    <textIndopak>وَمَا تِلۡكَ بِيَمِينِكَ يَٰمُوسَىٰ</textIndopak>
    <translations>
      <translation>
        <author>Dr. Mustafa Khattab, the Clear Quran</author>
        <text>˹Allah added,˺ “And what is that in your right hand, O Moses?”</text>
      </translation>
    </translations>
  </verse>
  <verse>
    <verseIdArabic>١٨</verseIdArabic>
    <verseId>18</verseId>
    <chapterId>20</chapterId>
    <textIndopak>قَالَ هِيَ عَصَايَ أَتَوَكَّؤُاْ عَلَيۡهَا وَأَهُشُّ بِهَا عَلَىٰ غَنَمِي وَلِيَ فِيهَا مَـَٔارِبُ أُخۡرَىٰ</textIndopak>
    <translations>
      <translation>
        <author>Dr. Mustafa Khattab, the Clear Quran</author>
        <text>He replied, “It is my staff! I lean on it, and with it I beat down ˹branches˺ for my sheep, and have other uses for it.”</text>
      </translation>
    </translations>
  </verse>
  <verse>
    <verseIdArabic>١٩</verseIdArabic>
    <verseId>19</verseId>
    <chapterId>20</chapterId>
    <textIndopak>قَالَ أَلۡقِهَا يَٰمُوسَىٰ</textIndopak>
    <translations>
      <translation>
        <author>Dr. Mustafa Khattab, the Clear Quran</author>
        <text>Allah said, “Throw it down, O Moses!”</text>
      </translation>
    </translations>
  </verse>
  <verse>
    <verseIdArabic>٢٠</verseIdArabic>
    <verseId>20</verseId>
    <chapterId>20</chapterId>
    <textIndopak>فَأَلۡقَىٰهَا فَإِذَا هِيَ حَيَّةٞ تَسۡعَىٰ</textIndopak>
    <translations>
      <translation>
        <author>Dr. Mustafa Khattab, the Clear Quran</author>
        <text>So he did, then—behold!—it became a serpent, slithering.</text>
      </translation>
    </translations>
    <rules>[{"start": 32, "end": 37, "rule_id": 6}]</rules>
  </verse>
  <verse>
    <verseIdArabic>٢١</verseIdArabic>
    <verseId>21</verseId>
    <chapterId>20</chapterId>
    <textIndopak>قَالَ خُذۡهَا وَلَا تَخَفۡۖ سَنُعِيدُهَا سِيرَتَهَا ٱلۡأُولَىٰ</textIndopak>
    <translations>
      <translation>
        <author>Dr. Mustafa Khattab, the Clear Quran</author>
        <text>Allah said, “Take it, and have no fear. We will return it to its former state.</text>
      </translation>
    </translations>
  </verse>
  <verse>
    <verseIdArabic>٢٢</verseIdArabic>
    <verseId>22</verseId>
    <chapterId>20</chapterId>
    <textIndopak>وَٱضۡمُمۡ يَدَكَ إِلَىٰ جَنَاحِكَ تَخۡرُجۡ بَيۡضَآءَ مِنۡ غَيۡرِ سُوٓءٍ ءَايَةً أُخۡرَىٰ</textIndopak>
    <translations>
      <translation>
        <author>Dr. Mustafa Khattab, the Clear Quran</author>
        <text>And put your hand under your armpit, it will come out ˹shining˺ white, unblemished, as another sign,</text>
      </translation>
    </translations>
    <rules>[{"start": 40, "end": 42, "rule_id": 1}]</rules>
  </verse>
  <verse>
    <verseIdArabic>٢٣</verseIdArabic>
    <verseId>23</verseId>
    <chapterId>20</chapterId>
    <textIndopak>لِنُرِيَكَ مِنۡ ءَايَٰتِنَا ٱلۡكُبۡرَى</textIndopak>
    <translations>
      <translation>
        <author>Dr. Mustafa Khattab, the Clear Quran</author>
        <text>so that We may show you some of Our greatest signs.</text>
      </translation>
    </translations>
    <rules>[{"start": 33, "end": 35, "rule_id": 1}]</rules>
  </verse>
  <verse>
    <verseIdArabic>٢٤</verseIdArabic>
    <verseId>24</verseId>
    <chapterId>20</chapterId>
    <textIndopak>ٱذۡهَبۡ إِلَىٰ فِرۡعَوۡنَ إِنَّهُۥ طَغَىٰ</textIndopak>
    <translations>
      <translation>
        <author>Dr. Mustafa Khattab, the Clear Quran</author>
        <text>Go to Pharaoh, for he has truly transgressed ˹all bounds˺.”</text>
      </translation>
    </translations>
    <rules>[{"start": 28, "end": 31, "rule_id": 0}, {"start": 5, "end": 7, "rule_id": 1}]</rules>
  </verse>
  <verse>
    <verseIdArabic>٢٥</verseIdArabic>
    <verseId>25</verseId>
    <chapterId>20</chapterId>
    <textIndopak>قَالَ رَبِّ ٱشۡرَحۡ لِي صَدۡرِي</textIndopak>
    <translations>
      <translation>
        <author>Dr. Mustafa Khattab, the Clear Quran</author>
        <text>Moses prayed, “My Lord! Uplift my heart for me,</text>
      </translation>
    </translations>
    <rules>[{"start": 26, "end": 28, "rule_id": 1}]</rules>
  </verse>
  <verse>
    <verseIdArabic>٢٦</verseIdArabic>
    <verseId>26</verseId>
    <chapterId>20</chapterId>
    <textIndopak>وَيَسِّرۡ لِيٓ أَمۡرِي</textIndopak>
    <translations>
      <translation>
        <author>Dr. Mustafa Khattab, the Clear Quran</author>
        <text>and make my task easy,</text>
      </translation>
    </translations>
  </verse>
  <verse>
    <verseIdArabic>٢٧</verseIdArabic>
    <verseId>27</verseId>
    <chapterId>20</chapterId>
    <textIndopak>وَٱحۡلُلۡ عُقۡدَةٗ مِّن لِّسَانِي</textIndopak>
    <translations>
      <translation>
        <author>Dr. Mustafa Khattab, the Clear Quran</author>
        <text>and remove the impediment from my tongue</text>
      </translation>
    </translations>
    <rules>[{"start": 19, "end": 22, "rule_id": 0}, {"start": 12, "end": 14, "rule_id": 1}, {"start": 16, "end": 22, "rule_id": 3}, {"start": 22, "end": 27, "rule_id": 5}]</rules>
  </verse>
  <verse>
    <verseIdArabic>٢٨</verseIdArabic>
    <verseId>28</verseId>
    <chapterId>20</chapterId>
    <textIndopak>يَفۡقَهُواْ قَوۡلِي</textIndopak>
    <translations>
      <translation>
        <author>Dr. Mustafa Khattab, the Clear Quran</author>
        <text>so people may understand my speech,</text>
      </translation>
    </translations>
  </verse>
  <verse>
    <verseIdArabic>٢٩</verseIdArabic>
    <verseId>29</verseId>
    <chapterId>20</chapterId>
    <textIndopak>وَٱجۡعَل لِّي وَزِيرٗا مِّنۡ أَهۡلِي</textIndopak>
    <translations>
      <translation>
        <author>Dr. Mustafa Khattab, the Clear Quran</author>
        <text>and grant me a helper from my family,</text>
      </translation>
    </translations>
    <rules>[{"start": 23, "end": 26, "rule_id": 0}, {"start": 3, "end": 5, "rule_id": 1}, {"start": 19, "end": 26, "rule_id": 3}]</rules>
  </verse>
  <verse>
    <verseIdArabic>٣٠</verseIdArabic>
    <verseId>30</verseId>
    <chapterId>20</chapterId>
    <textIndopak>هَٰرُونَ أَخِي</textIndopak>
    <translations>
      <translation>
        <author>Dr. Mustafa Khattab, the Clear Quran</author>
        <text>Aaron, my brother.</text>
      </translation>
    </translations>
  </verse>
  <verse>
    <verseIdArabic>٣١</verseIdArabic>
    <verseId>31</verseId>
    <chapterId>20</chapterId>
    <textIndopak>ٱشۡدُدۡ بِهِۦٓ أَزۡرِي</textIndopak>
    <translations>
      <translation>
        <author>Dr. Mustafa Khattab, the Clear Quran</author>
        <text>Strengthen me through him,</text>
      </translation>
    </translations>
    <rules>[{"start": 5, "end": 7, "rule_id": 1}]</rules>
  </verse>
  <verse>
    <verseIdArabic>٣٢</verseIdArabic>
    <verseId>32</verseId>
    <chapterId>20</chapterId>
    <textIndopak>وَأَشۡرِكۡهُ فِيٓ أَمۡرِي</textIndopak>
    <translations>
      <translation>
        <author>Dr. Mustafa Khattab, the Clear Quran</author>
        <text>and let him share my task,</text>
      </translation>
    </translations>
  </verse>
  <verse>
    <verseIdArabic>٣٣</verseIdArabic>
    <verseId>33</verseId>
    <chapterId>20</chapterId>
    <textIndopak>كَيۡ نُسَبِّحَكَ كَثِيرٗا</textIndopak>
    <translations>
      <translation>
        <author>Dr. Mustafa Khattab, the Clear Quran</author>
        <text>so that we may glorify You much</text>
      </translation>
    </translations>
  </verse>
  <verse>
    <verseIdArabic>٣٤</verseIdArabic>
    <verseId>34</verseId>
    <chapterId>20</chapterId>
    <textIndopak>وَنَذۡكُرَكَ كَثِيرًا</textIndopak>
    <translations>
      <translation>
        <author>Dr. Mustafa Khattab, the Clear Quran</author>
        <text>and remember You much,</text>
      </translation>
    </translations>
  </verse>
  <verse>
    <verseIdArabic>٣٥</verseIdArabic>
    <verseId>35</verseId>
    <chapterId>20</chapterId>
    <textIndopak>إِنَّكَ كُنتَ بِنَا بَصِيرٗا</textIndopak>
    <translations>
      <translation>
        <author>Dr. Mustafa Khattab, the Clear Quran</author>
        <text>for truly You have ˹always˺ been overseeing us.”</text>
      </translation>
    </translations>
    <rules>[{"start": 2, "end": 5, "rule_id": 0}, {"start": 10, "end": 13, "rule_id": 6}]</rules>
  </verse>
  <verse>
    <verseIdArabic>٣٦</verseIdArabic>
    <verseId>36</verseId>
    <chapterId>20</chapterId>
    <textIndopak>قَالَ قَدۡ أُوتِيتَ سُؤۡلَكَ يَٰمُوسَىٰ</textIndopak>
    <translations>
      <translation>
        <author>Dr. Mustafa Khattab, the Clear Quran</author>
        <text>Allah responded, “All that you requested has been granted, O Moses!</text>
      </translation>
    </translations>
    <rules>[{"start": 8, "end": 10, "rule_id": 1}]</rules>
  </verse>
  <verse>
    <verseIdArabic>٣٧</verseIdArabic>
    <verseId>37</verseId>
    <chapterId>20</chapterId>
    <textIndopak>وَلَقَدۡ مَنَنَّا عَلَيۡكَ مَرَّةً أُخۡرَىٰٓ</textIndopak>
    <translations>
      <translation>
        <author>Dr. Mustafa Khattab, the Clear Quran</author>
        <text>And surely We had shown You favour before,</text>
      </translation>
    </translations>
    <rules>[{"start": 13, "end": 16, "rule_id": 0}, {"start": 6, "end": 8, "rule_id": 1}]</rules>
  </verse>
  <verse>
    <verseIdArabic>٣٨</verseIdArabic>
    <verseId>38</verseId>
    <chapterId>20</chapterId>
    <textIndopak>إِذۡ أَوۡحَيۡنَآ إِلَىٰٓ أُمِّكَ مَا يُوحَىٰٓ</textIndopak>
    <translations>
      <translation>
        <author>Dr. Mustafa Khattab, the Clear Quran</author>
        <text>when We inspired your mother with this:</text>
      </translation>
    </translations>
    <rules>[{"start": 28, "end": 31, "rule_id": 0}]</rules>
  </verse>
  <verse>
    <verseIdArabic>٣٩</verseIdArabic>
    <verseId>39</verseId>
    <chapterId>20</chapterId>
    <textIndopak>أَنِ ٱقۡذِفِيهِ فِي ٱلتَّابُوتِ فَٱقۡذِفِيهِ فِي ٱلۡيَمِّ فَلۡيُلۡقِهِ ٱلۡيَمُّ بِٱلسَّاحِلِ يَأۡخُذۡهُ عَدُوّٞ لِّي وَعَدُوّٞ لَّهُۥۚ وَأَلۡقَيۡتُ عَلَيۡكَ مَحَبَّةٗ مِّنِّي وَلِتُصۡنَعَ عَلَىٰ عَيۡنِيٓ</textIndopak>
    <translations>
      <translation>
        <author>Dr. Mustafa Khattab, the Clear Quran</author>
        <text>‘Put him into a chest, then put it into the river. The river will wash it ashore, and he will be taken by ˹Pharaoh,˺ an enemy of Mine and his.’ And I blessed you with lovability from Me ˹O Moses˺ so that you would be brought up under My ˹watchful˺ Eye.</text>
      </translation>
    </translations>
    <rules>[{"start": 54, "end": 57, "rule_id": 0}, {"start": 76, "end": 79, "rule_id": 0}, {"start": 168, "end": 171, "rule_id": 0}, {"start": 171, "end": 174, "rule_id": 0}, {"start": 6, "end": 8, "rule_id": 1}, {"start": 35, "end": 37, "rule_id": 1}, {"start": 165, "end": 171, "rule_id": 3}, {"start": 108, "end": 115, "rule_id": 5}, {"start": 123, "end": 130, "rule_id": 5}]</rules>
  </verse>
  <verse>
    <verseIdArabic>٤٠</verseIdArabic>
    <verseId>40</verseId>
    <chapterId>20</chapterId>
    <textIndopak>إِذۡ تَمۡشِيٓ أُخۡتُكَ فَتَقُولُ هَلۡ أَدُلُّكُمۡ عَلَىٰ مَن يَكۡفُلُهُۥۖ فَرَجَعۡنَٰكَ إِلَىٰٓ أُمِّكَ كَيۡ تَقَرَّ عَيۡنُهَا وَلَا تَحۡزَنَۚ وَقَتَلۡتَ نَفۡسٗا فَنَجَّيۡنَٰكَ مِنَ ٱلۡغَمِّ وَفَتَنَّٰكَ فُتُونٗاۚ فَلَبِثۡتَ سِنِينَ فِيٓ أَهۡلِ مَدۡيَنَ ثُمَّ جِئۡتَ عَلَىٰ قَدَرٖ يَٰمُوسَىٰ</textIndopak>
    <translations>
      <translation>
        <author>Dr. Mustafa Khattab, the Clear Quran</author>
        <text>˹Remember˺ when your sister came along and proposed, ‘Shall I direct you to someone who will nurse him?’ So We reunited you with your mother so that her heart would be put at ease, and she would not grieve. ˹Later˺ you killed a man ˹by mistake˺, but We saved you from sorrow, as well as other tests We put you through. Then you stayed for a number of years among the people of Midian. Then you came here as pre-destined, O Moses!</text>
      </translation>
    </translations>
    <rules>[{"start": 99, "end": 102, "rule_id": 0}, {"start": 189, "end": 192, "rule_id": 0}, {"start": 199, "end": 203, "rule_id": 0}, {"start": 259, "end": 262, "rule_id": 0}, {"start": 250, "end": 252, "rule_id": 1}, {"start": 59, "end": 63, "rule_id": 3}, {"start": 281, "end": 287, "rule_id": 3}]</rules>
  </verse>
  <verse>
    <verseIdArabic>٤١</verseIdArabic>
    <verseId>41</verseId>
    <chapterId>20</chapterId>
    <textIndopak>وَٱصۡطَنَعۡتُكَ لِنَفۡسِي</textIndopak>
    <translations>
      <translation>
        <author>Dr. Mustafa Khattab, the Clear Quran</author>
        <text>And I have selected you for My service.</text>
      </translation>
    </translations>
  </verse>
  <verse>
    <verseIdArabic>٤٢</verseIdArabic>
    <verseId>42</verseId>
    <chapterId>20</chapterId>
    <textIndopak>ٱذۡهَبۡ أَنتَ وَأَخُوكَ بِـَٔايَٰتِي وَلَا تَنِيَا فِي ذِكۡرِي</textIndopak>
    <translations>
      <translation>
        <author>Dr. Mustafa Khattab, the Clear Quran</author>
        <text>Go forth, you and your brother, with My signs and never falter in remembering Me.</text>
      </translation>
    </translations>
    <rules>[{"start": 5, "end": 7, "rule_id": 1}, {"start": 10, "end": 13, "rule_id": 6}]</rules>
  </verse>
  <verse>
    <verseIdArabic>٤٣</verseIdArabic>
    <verseId>43</verseId>
    <chapterId>20</chapterId>
    <textIndopak>ٱذۡهَبَآ إِلَىٰ فِرۡعَوۡنَ إِنَّهُۥ طَغَىٰ</textIndopak>
    <translations>
      <translation>
        <author>Dr. Mustafa Khattab, the Clear Quran</author>
        <text>Go, both of you, to Pharaoh, for he has truly transgressed ˹all bounds˺.</text>
      </translation>
    </translations>
    <rules>[{"start": 30, "end": 33, "rule_id": 0}]</rules>
  </verse>
  <verse>
    <verseIdArabic>٤٤</verseIdArabic>
    <verseId>44</verseId>
    <chapterId>20</chapterId>
    <textIndopak>فَقُولَا لَهُۥ قَوۡلٗا لَّيِّنٗا لَّعَلَّهُۥ يَتَذَكَّرُ أَوۡ يَخۡشَىٰ</textIndopak>
    <translations>
      <translation>
        <author>Dr. Mustafa Khattab, the Clear Quran</author>
        <text>Speak to him gently, so perhaps he may be mindful ˹of Me˺ or fearful ˹of My punishment˺.”</text>
      </translation>
    </translations>
    <rules>[{"start": 19, "end": 26, "rule_id": 5}, {"start": 29, "end": 36, "rule_id": 5}]</rules>
  </verse>
  <verse>
    <verseIdArabic>٤٥</verseIdArabic>
    <verseId>45</verseId>
    <chapterId>20</chapterId>
    <textIndopak>قَالَا رَبَّنَآ إِنَّنَا نَخَافُ أَن يَفۡرُطَ عَلَيۡنَآ أَوۡ أَن يَطۡغَىٰ</textIndopak>
    <translations>
      <translation>
        <author>Dr. Mustafa Khattab, the Clear Quran</author>
        <text>They both pleaded, “Our Lord! We fear that he may be quick to harm us or act tyrannically.”</text>
      </translation>
    </translations>
    <rules>[{"start": 19, "end": 22, "rule_id": 0}, {"start": 69, "end": 71, "rule_id": 1}, {"start": 36, "end": 40, "rule_id": 3}, {"start": 65, "end": 69, "rule_id": 3}]</rules>
  </verse>
  <verse>
    <verseIdArabic>٤٦</verseIdArabic>
    <verseId>46</verseId>
    <chapterId>20</chapterId>
    <textIndopak>قَالَ لَا تَخَافَآۖ إِنَّنِي مَعَكُمَآ أَسۡمَعُ وَأَرَىٰ</textIndopak>
    <translations>
      <translation>
        <author>Dr. Mustafa Khattab, the Clear Quran</author>
        <text>Allah reassured ˹them˺, “Have no fear! I am with you, hearing and seeing.</text>
      </translation>
    </translations>
    <rules>[{"start": 24, "end": 27, "rule_id": 0}]</rules>
  </verse>
  <verse>
    <verseIdArabic>٤٧</verseIdArabic>
    <verseId>47</verseId>
    <chapterId>20</chapterId>
    <textIndopak>فَأۡتِيَاهُ فَقُولَآ إِنَّا رَسُولَا رَبِّكَ فَأَرۡسِلۡ مَعَنَا بَنِيٓ إِسۡرَٰٓءِيلَ وَلَا تُعَذِّبۡهُمۡۖ قَدۡ جِئۡنَٰكَ بِـَٔايَةٖ مِّن رَّبِّكَۖ وَٱلسَّلَٰمُ عَلَىٰ مَنِ ٱتَّبَعَ ٱلۡهُدَىٰٓ</textIndopak>
    <translations>
      <translation>
        <author>Dr. Mustafa Khattab, the Clear Quran</author>
        <text>So go to him and say, ‘Indeed we are both messengers from your Lord, so let the Children of Israel go with us, and do not oppress them. We have come to you with a sign from your Lord. And salvation will be for whoever follows the ˹right˺ guidance.</text>
      </translation>
    </translations>
    <rules>[{"start": 24, "end": 27, "rule_id": 0}, {"start": 134, "end": 137, "rule_id": 0}, {"start": 99, "end": 101, "rule_id": 1}, {"start": 110, "end": 112, "rule_id": 1}, {"start": 131, "end": 137, "rule_id": 3}, {"start": 137, "end": 142, "rule_id": 5}]</rules>
  </verse>
  <verse>
    <verseIdArabic>٤٨</verseIdArabic>
    <verseId>48</verseId>
    <chapterId>20</chapterId>
    <textIndopak>إِنَّا قَدۡ أُوحِيَ إِلَيۡنَآ أَنَّ ٱلۡعَذَابَ عَلَىٰ مَن كَذَّبَ وَتَوَلَّىٰ</textIndopak>
    <translations>
      <translation>
        <author>Dr. Mustafa Khattab, the Clear Quran</author>
        <text>It has indeed been revealed to us that the punishment will be upon whoever denies ˹the truth˺ and turns away.’”</text>
      </translation>
    </translations>
    <rules>[{"start": 2, "end": 5, "rule_id": 0}, {"start": 33, "end": 36, "rule_id": 0}, {"start": 9, "end": 11, "rule_id": 1}, {"start": 57, "end": 61, "rule_id": 6}]</rules>
  </verse>
  <verse>
    <verseIdArabic>٤٩</verseIdArabic>
    <verseId>49</verseId>
    <chapterId>20</chapterId>
    <textIndopak>قَالَ فَمَن رَّبُّكُمَا يَٰمُوسَىٰ</textIndopak>
    <translations>
      <translation>
        <author>Dr. Mustafa Khattab, the Clear Quran</author>
        <text>Pharaoh asked, “Who then is the Lord of you two, O Moses?”</text>
      </translation>
    </translations>
    <rules>[{"start": 10, "end": 15, "rule_id": 5}]</rules>
  </verse>
  <verse>
    <verseIdArabic>٥٠</verseIdArabic>
    <verseId>50</verseId>
    <chapterId>20</chapterId>
    <textIndopak>قَالَ رَبُّنَا ٱلَّذِيٓ أَعۡطَىٰ كُلَّ شَيۡءٍ خَلۡقَهُۥ ثُمَّ هَدَىٰ</textIndopak>
    <translations>
      <translation>
        <author>Dr. Mustafa Khattab, the Clear Quran</author>
        <text>He answered, “Our Lord is the One Who has given everything its ˹distinctive˺ form, then guided ˹it˺.”</text>
      </translation>
    </translations>
    <rules>[{"start": 58, "end": 61, "rule_id": 0}]</rules>
  </verse>
  <verse>
    <verseIdArabic>٥١</verseIdArabic>
    <verseId>51</verseId>
    <chapterId>20</chapterId>
    <textIndopak>قَالَ فَمَا بَالُ ٱلۡقُرُونِ ٱلۡأُولَىٰ</textIndopak>
    <translations>
      <translation>
        <author>Dr. Mustafa Khattab, the Clear Quran</author>
        <text>Pharaoh asked, “And what about previous peoples?”</text>
      </translation>
    </translations>
  </verse>
  <verse>
    <verseIdArabic>٥٢</verseIdArabic>
    <verseId>52</verseId>
    <chapterId>20</chapterId>
    <textIndopak>قَالَ عِلۡمُهَا عِندَ رَبِّي فِي كِتَٰبٖۖ لَّا يَضِلُّ رَبِّي وَلَا يَنسَى</textIndopak>
    <translations>
      <translation>
        <author>Dr. Mustafa Khattab, the Clear Quran</author>
        <text>He replied, “That knowledge is with my Lord in a Record. My Lord neither falters nor forgets ˹anything˺.”</text>
      </translation>
    </translations>
    <rules>[{"start": 38, "end": 46, "rule_id": 5}, {"start": 18, "end": 21, "rule_id": 6}, {"start": 71, "end": 74, "rule_id": 6}]</rules>
  </verse>
  <verse>
    <verseIdArabic>٥٣</verseIdArabic>
    <verseId>53</verseId>
    <chapterId>20</chapterId>
    <textIndopak>ٱلَّذِي جَعَلَ لَكُمُ ٱلۡأَرۡضَ مَهۡدٗا وَسَلَكَ لَكُمۡ فِيهَا سُبُلٗا وَأَنزَلَ مِنَ ٱلسَّمَآءِ مَآءٗ فَأَخۡرَجۡنَا بِهِۦٓ أَزۡوَٰجٗا مِّن نَّبَاتٖ شَتَّىٰ</textIndopak>
    <translations>
      <translation>
        <author>Dr. Mustafa Khattab, the Clear Quran</author>
        <text>˹He is the One˺ Who has laid out the earth for ˹all of˺ you, and set in it pathways for you, and sends down rain from the sky, causing various types of plants to grow,</text>
      </translation>
    </translations>
    <rules>[{"start": 137, "end": 140, "rule_id": 0}, {"start": 142, "end": 145, "rule_id": 0}, {"start": 113, "end": 115, "rule_id": 1}, {"start": 140, "end": 145, "rule_id": 3}, {"start": 36, "end": 42, "rule_id": 3}, {"start": 67, "end": 73, "rule_id": 3}, {"start": 133, "end": 140, "rule_id": 3}, {"start": 75, "end": 78, "rule_id": 6}, {"start": 102, "end": 107, "rule_id": 6}, {"start": 148, "end": 153, "rule_id": 6}]</rules>
  </verse>
  <verse>
    <verseIdArabic>٥٤</verseIdArabic>
    <verseId>54</verseId>
    <chapterId>20</chapterId>
    <textIndopak>كُلُواْ وَٱرۡعَوۡاْ أَنۡعَٰمَكُمۡۚ إِنَّ فِي ذَٰلِكَ لَأٓيَٰتٖ لِّأُوْلِي ٱلنُّهَىٰ</textIndopak>
    <translations>
      <translation>
        <author>Dr. Mustafa Khattab, the Clear Quran</author>
        <text>˹so˺ eat and graze your cattle. Surely in this are signs for people of sound judgment.</text>
      </translation>
    </translations>
    <rules>[{"start": 38, "end": 41, "rule_id": 0}, {"start": 78, "end": 81, "rule_id": 0}, {"start": 62, "end": 68, "rule_id": 5}]</rules>
  </verse>
  <verse>
    <verseIdArabic>٥٥</verseIdArabic>
    <verseId>55</verseId>
    <chapterId>20</chapterId>
    <textIndopak>۞ مِنۡهَا خَلَقۡنَٰكُمۡ وَفِيهَا نُعِيدُكُمۡ وَمِنۡهَا نُخۡرِجُكُمۡ تَارَةً أُخۡرَىٰ</textIndopak>
    <translations>
      <translation>
        <author>Dr. Mustafa Khattab, the Clear Quran</author>
        <text>From the earth We created you, and into it We will return you, and from it We will bring you back again.</text>
      </translation>
    </translations>
    <rules>[{"start": 14, "end": 16, "rule_id": 1}]</rules>
  </verse>
  <verse>
    <verseIdArabic>٥٦</verseIdArabic>
    <verseId>56</verseId>
    <chapterId>20</chapterId>
    <textIndopak>وَلَقَدۡ أَرَيۡنَٰهُ ءَايَٰتِنَا كُلَّهَا فَكَذَّبَ وَأَبَىٰ</textIndopak>
    <translations>
      <translation>
        <author>Dr. Mustafa Khattab, the Clear Quran</author>
        <text>And We certainly showed Pharaoh all of Our signs, but he denied them and refused ˹to believe˺.</text>
      </translation>
    </translations>
    <rules>[{"start": 6, "end": 8, "rule_id": 1}]</rules>
  </verse>
  <verse>
    <verseIdArabic>٥٧</verseIdArabic>
    <verseId>57</verseId>
    <chapterId>20</chapterId>
    <textIndopak>قَالَ أَجِئۡتَنَا لِتُخۡرِجَنَا مِنۡ أَرۡضِنَا بِسِحۡرِكَ يَٰمُوسَىٰ</textIndopak>
    <translations>
      <translation>
        <author>Dr. Mustafa Khattab, the Clear Quran</author>
        <text>He said, “Have you come to drive us out of our land with your magic, O Moses?</text>
      </translation>
    </translations>
  </verse>
  <verse>
    <verseIdArabic>٥٨</verseIdArabic>
    <verseId>58</verseId>
    <chapterId>20</chapterId>
    <textIndopak>فَلَنَأۡتِيَنَّكَ بِسِحۡرٖ مِّثۡلِهِۦ فَٱجۡعَلۡ بَيۡنَنَا وَبَيۡنَكَ مَوۡعِدٗا لَّا نُخۡلِفُهُۥ نَحۡنُ وَلَآ أَنتَ مَكَانٗا سُوٗى</textIndopak>
    <translations>
      <translation>
        <author>Dr. Mustafa Khattab, the Clear Quran</author>
        <text>We can surely meet you with similar magic. So set for us an appointment that neither of us will fail to keep, in a central place.”</text>
      </translation>
    </translations>
    <rules>[{"start": 12, "end": 15, "rule_id": 0}, {"start": 27, "end": 30, "rule_id": 0}, {"start": 41, "end": 43, "rule_id": 1}, {"start": 24, "end": 30, "rule_id": 3}, {"start": 75, "end": 82, "rule_id": 5}, {"start": 112, "end": 115, "rule_id": 6}]</rules>
  </verse>
  <verse>
    <verseIdArabic>٥٩</verseIdArabic>
    <verseId>59</verseId>
    <chapterId>20</chapterId>
    <textIndopak>قَالَ مَوۡعِدُكُمۡ يَوۡمُ ٱلزِّينَةِ وَأَن يُحۡشَرَ ٱلنَّاسُ ضُحٗى</textIndopak>
    <translations>
      <translation>
        <author>Dr. Mustafa Khattab, the Clear Quran</author>
        <text>Moses said, “Your appointment is on the Day of the Festival, and let the people be gathered mid-morning.”</text>
      </translation>
    </translations>
    <rules>[{"start": 54, "end": 57, "rule_id": 0}, {"start": 41, "end": 45, "rule_id": 3}]</rules>
  </verse>
  <verse>
    <verseIdArabic>٦٠</verseIdArabic>
    <verseId>60</verseId>
    <chapterId>20</chapterId>
    <textIndopak>فَتَوَلَّىٰ فِرۡعَوۡنُ فَجَمَعَ كَيۡدَهُۥ ثُمَّ أَتَىٰ</textIndopak>
    <translations>
      <translation>
        <author>Dr. Mustafa Khattab, the Clear Quran</author>
        <text>Pharaoh then withdrew, orchestrated his scheme, then returned.</text>
      </translation>
    </translations>
    <rules>[{"start": 44, "end": 47, "rule_id": 0}]</rules>
  </verse>
  <verse>
    <verseIdArabic>٦١</verseIdArabic>
    <verseId>61</verseId>
    <chapterId>20</chapterId>
    <textIndopak>قَالَ لَهُم مُّوسَىٰ وَيۡلَكُمۡ لَا تَفۡتَرُواْ عَلَى ٱللَّهِ كَذِبٗا فَيُسۡحِتَكُم بِعَذَابٖۖ وَقَدۡ خَابَ مَنِ ٱفۡتَرَىٰ</textIndopak>
    <translations>
      <translation>
        <author>Dr. Mustafa Khattab, the Clear Quran</author>
        <text>Moses warned the magicians, “Woe to you! Do not fabricate a lie against Allah, or He will wipe you out with a torment. Whoever fabricates ˹lies˺ is bound to fail.”</text>
      </translation>
    </translations>
    <rules>[{"start": 12, "end": 15, "rule_id": 0}, {"start": 100, "end": 102, "rule_id": 1}, {"start": 91, "end": 98, "rule_id": 3}, {"start": 10, "end": 15, "rule_id": 4}, {"start": 82, "end": 86, "rule_id": 7}]</rules>
  </verse>
  <verse>
    <verseIdArabic>٦٢</verseIdArabic>
    <verseId>62</verseId>
    <chapterId>20</chapterId>
    <textIndopak>فَتَنَٰزَعُوٓاْ أَمۡرَهُم بَيۡنَهُمۡ وَأَسَرُّواْ ٱلنَّجۡوَىٰ</textIndopak>
    <translations>
      <translation>
        <author>Dr. Mustafa Khattab, the Clear Quran</author>
        <text>So the magicians disputed the matter among themselves, conversing privately.</text>
      </translation>
    </translations>
    <rules>[{"start": 52, "end": 55, "rule_id": 0}, {"start": 55, "end": 57, "rule_id": 1}, {"start": 24, "end": 28, "rule_id": 7}]</rules>
  </verse>
  <verse>
    <verseIdArabic>٦٣</verseIdArabic>
    <verseId>63</verseId>
    <chapterId>20</chapterId>
    <textIndopak>قَالُوٓاْ إِنۡ هَٰذَٰنِ لَسَٰحِرَٰنِ يُرِيدَانِ أَن يُخۡرِجَاكُم مِّنۡ أَرۡضِكُم بِسِحۡرِهِمَا وَيَذۡهَبَا بِطَرِيقَتِكُمُ ٱلۡمُثۡلَىٰ</textIndopak>
    <translations>
      <translation>
        <author>Dr. Mustafa Khattab, the Clear Quran</author>
        <text>They concluded, “These two are only magicians who want to drive you out of your land with their magic, and do away with your most cherished traditions.</text>
      </translation>
    </translations>
    <rules>[{"start": 65, "end": 68, "rule_id": 0}, {"start": 50, "end": 54, "rule_id": 3}, {"start": 63, "end": 68, "rule_id": 4}, {"start": 79, "end": 83, "rule_id": 7}]</rules>
  </verse>
  <verse>
    <verseIdArabic>٦٤</verseIdArabic>
    <verseId>64</verseId>
    <chapterId>20</chapterId>
    <textIndopak>فَأَجۡمِعُواْ كَيۡدَكُمۡ ثُمَّ ٱئۡتُواْ صَفّٗاۚ وَقَدۡ أَفۡلَحَ ٱلۡيَوۡمَ مَنِ ٱسۡتَعۡلَىٰ</textIndopak>
    <translations>
      <translation>
        <author>Dr. Mustafa Khattab, the Clear Quran</author>
        <text>So orchestrate your plan, then come forward in ˹perfect˺ ranks. And whoever prevails today will certainly be successful.”</text>
      </translation>
    </translations>
    <rules>[{"start": 27, "end": 30, "rule_id": 0}, {"start": 4, "end": 6, "rule_id": 1}, {"start": 53, "end": 55, "rule_id": 1}]</rules>
  </verse>
  <verse>
    <verseIdArabic>٦٥</verseIdArabic>
    <verseId>65</verseId>
    <chapterId>20</chapterId>
    <textIndopak>قَالُواْ يَٰمُوسَىٰٓ إِمَّآ أَن تُلۡقِيَ وَإِمَّآ أَن نَّكُونَ أَوَّلَ مَنۡ أَلۡقَىٰ</textIndopak>
    <translations>
      <translation>
        <author>Dr. Mustafa Khattab, the Clear Quran</author>
        <text>They said, “O Moses! Either you cast, or let us be the first to cast.”</text>
      </translation>
    </translations>
    <rules>[{"start": 23, "end": 26, "rule_id": 0}, {"start": 46, "end": 49, "rule_id": 0}, {"start": 56, "end": 59, "rule_id": 0}, {"start": 54, "end": 59, "rule_id": 3}, {"start": 31, "end": 35, "rule_id": 6}]</rules>
  </verse>
  <verse>
    <verseIdArabic>٦٦</verseIdArabic>
    <verseId>66</verseId>
    <chapterId>20</chapterId>
    <textIndopak>قَالَ بَلۡ أَلۡقُواْۖ فَإِذَا حِبَالُهُمۡ وَعِصِيُّهُمۡ يُخَيَّلُ إِلَيۡهِ مِن سِحۡرِهِمۡ أَنَّهَا تَسۡعَىٰ</textIndopak>
    <translations>
      <translation>
        <author>Dr. Mustafa Khattab, the Clear Quran</author>
        <text>Moses responded, “No, you go first.” And suddenly their ropes and staffs appeared to him—by their magic—to be slithering.</text>
      </translation>
    </translations>
    <rules>[{"start": 93, "end": 96, "rule_id": 0}, {"start": 78, "end": 82, "rule_id": 6}]</rules>
  </verse>
  <verse>
    <verseIdArabic>٦٧</verseIdArabic>
    <verseId>67</verseId>
    <chapterId>20</chapterId>
    <textIndopak>فَأَوۡجَسَ فِي نَفۡسِهِۦ خِيفَةٗ مُّوسَىٰ</textIndopak>
    <translations>
      <translation>
        <author>Dr. Mustafa Khattab, the Clear Quran</author>
        <text>So Moses concealed fear within himself.</text>
      </translation>
    </translations>
    <rules>[{"start": 33, "end": 36, "rule_id": 0}, {"start": 30, "end": 36, "rule_id": 3}]</rules>
  </verse>
  <verse>
    <verseIdArabic>٦٨</verseIdArabic>
    <verseId>68</verseId>
    <chapterId>20</chapterId>
    <textIndopak>قُلۡنَا لَا تَخَفۡ إِنَّكَ أَنتَ ٱلۡأَعۡلَىٰ</textIndopak>
    <translations>
      <translation>
        <author>Dr. Mustafa Khattab, the Clear Quran</author>
        <text>We reassured ˹him˺, “Do not fear! It is certainly you who will prevail.</text>
      </translation>
    </translations>
    <rules>[{"start": 21, "end": 24, "rule_id": 0}, {"start": 29, "end": 32, "rule_id": 6}]</rules>
  </verse>
  <verse>
    <verseIdArabic>٦٩</verseIdArabic>
    <verseId>69</verseId>
    <chapterId>20</chapterId>
    <textIndopak>وَأَلۡقِ مَا فِي يَمِينِكَ تَلۡقَفۡ مَا صَنَعُوٓاْۖ إِنَّمَا صَنَعُواْ كَيۡدُ سَٰحِرٖۖ وَلَا يُفۡلِحُ ٱلسَّاحِرُ حَيۡثُ أَتَىٰ</textIndopak>
    <translations>
      <translation>
        <author>Dr. Mustafa Khattab, the Clear Quran</author>
        <text>Cast what is in your right hand, and it will swallow up what they have made, for what they have made is no more than a magic trick. And magicians can never succeed wherever they go.”</text>
      </translation>
    </translations>
    <rules>[{"start": 55, "end": 58, "rule_id": 0}, {"start": 84, "end": 91, "rule_id": 3}]</rules>
  </verse>
  <verse>
    <verseIdArabic>٧٠</verseIdArabic>
    <verseId>70</verseId>
    <chapterId>20</chapterId>
    <textIndopak>فَأُلۡقِيَ ٱلسَّحَرَةُ سُجَّدٗا قَالُوٓاْ ءَامَنَّا بِرَبِّ هَٰرُونَ وَمُوسَىٰ</textIndopak>
    <translations>
      <translation>
        <author>Dr. Mustafa Khattab, the Clear Quran</author>
        <text>So the magicians fell down in prostration, declaring, “We believe in the Lord of Aaron and Moses.”</text>
      </translation>
    </translations>
    <rules>[{"start": 47, "end": 50, "rule_id": 0}]</rules>
  </verse>
  <verse>
    <verseIdArabic>٧١</verseIdArabic>
    <verseId>71</verseId>
    <chapterId>20</chapterId>
    <textIndopak>قَالَ ءَامَنتُمۡ لَهُۥ قَبۡلَ أَنۡ ءَاذَنَ لَكُمۡۖ إِنَّهُۥ لَكَبِيرُكُمُ ٱلَّذِي عَلَّمَكُمُ ٱلسِّحۡرَۖ فَلَأُقَطِّعَنَّ أَيۡدِيَكُمۡ وَأَرۡجُلَكُم مِّنۡ خِلَٰفٖ وَلَأُصَلِّبَنَّكُمۡ فِي جُذُوعِ ٱلنَّخۡلِ وَلَتَعۡلَمُنَّ أَيُّنَآ أَشَدُّ عَذَابٗا وَأَبۡقَىٰ</textIndopak>
    <translations>
      <translation>
        <author>Dr. Mustafa Khattab, the Clear Quran</author>
        <text>Pharaoh threatened, “How dare you believe in him before I give you permission? He must be your master who taught you magic. I will certainly cut off your hands and feet on opposite sides, and crucify you on the trunks of palm trees. You will really see whose punishment is more severe and more lasting.”</text>
      </translation>
    </translations>
    <rules>[{"start": 54, "end": 57, "rule_id": 0}, {"start": 120, "end": 123, "rule_id": 0}, {"start": 151, "end": 154, "rule_id": 0}, {"start": 178, "end": 181, "rule_id": 0}, {"start": 200, "end": 203, "rule_id": 0}, {"start": 220, "end": 223, "rule_id": 0}, {"start": 25, "end": 27, "rule_id": 1}, {"start": 255, "end": 257, "rule_id": 1}, {"start": 162, "end": 167, "rule_id": 3}, {"start": 247, "end": 253, "rule_id": 3}, {"start": 149, "end": 154, "rule_id": 4}, {"start": 11, "end": 14, "rule_id": 6}]</rules>
  </verse>
  <verse>
    <verseIdArabic>٧٢</verseIdArabic>
    <verseId>72</verseId>
    <chapterId>20</chapterId>
    <textIndopak>قَالُواْ لَن نُّؤۡثِرَكَ عَلَىٰ مَا جَآءَنَا مِنَ ٱلۡبَيِّنَٰتِ وَٱلَّذِي فَطَرَنَاۖ فَٱقۡضِ مَآ أَنتَ قَاضٍۖ إِنَّمَا تَقۡضِي هَٰذِهِ ٱلۡحَيَوٰةَ ٱلدُّنۡيَآ</textIndopak>
    <translations>
      <translation>
        <author>Dr. Mustafa Khattab, the Clear Quran</author>
        <text>They responded, “By the One Who created us! We will never prefer you over the clear proofs that have come to us. So do whatever you want! Your authority only covers the ˹fleeting˺ life of this world.</text>
      </translation>
    </translations>
    <rules>[{"start": 13, "end": 16, "rule_id": 0}, {"start": 116, "end": 119, "rule_id": 0}, {"start": 90, "end": 92, "rule_id": 1}, {"start": 125, "end": 127, "rule_id": 1}, {"start": 11, "end": 16, "rule_id": 3}, {"start": 102, "end": 105, "rule_id": 6}]</rules>
  </verse>
  <verse>
    <verseIdArabic>٧٣</verseIdArabic>
    <verseId>73</verseId>
    <chapterId>20</chapterId>
    <textIndopak>إِنَّآ ءَامَنَّا بِرَبِّنَا لِيَغۡفِرَ لَنَا خَطَٰيَٰنَا وَمَآ أَكۡرَهۡتَنَا عَلَيۡهِ مِنَ ٱلسِّحۡرِۗ وَٱللَّهُ خَيۡرٞ وَأَبۡقَىٰٓ</textIndopak>
    <translations>
      <translation>
        <author>Dr. Mustafa Khattab, the Clear Quran</author>
        <text>Indeed, we have believed in our Lord so He may forgive our sins and that magic you have forced us to practice. And Allah is far superior ˹in reward˺ and more lasting ˹in punishment˺.”</text>
      </translation>
    </translations>
    <rules>[{"start": 2, "end": 5, "rule_id": 0}, {"start": 13, "end": 16, "rule_id": 0}, {"start": 126, "end": 128, "rule_id": 1}, {"start": 119, "end": 124, "rule_id": 3}]</rules>
  </verse>
  <verse>
    <verseIdArabic>٧٤</verseIdArabic>
    <verseId>74</verseId>
    <chapterId>20</chapterId>
    <textIndopak>إِنَّهُۥ مَن يَأۡتِ رَبَّهُۥ مُجۡرِمٗا فَإِنَّ لَهُۥ جَهَنَّمَ لَا يَمُوتُ فِيهَا وَلَا يَحۡيَىٰ</textIndopak>
    <translations>
      <translation>
        <author>Dr. Mustafa Khattab, the Clear Quran</author>
        <text>Whoever comes to their Lord as an evildoer will certainly have Hell, where they can neither live nor die.</text>
      </translation>
    </translations>
    <rules>[{"start": 2, "end": 5, "rule_id": 0}, {"start": 43, "end": 46, "rule_id": 0}, {"start": 57, "end": 60, "rule_id": 0}, {"start": 31, "end": 33, "rule_id": 1}, {"start": 11, "end": 15, "rule_id": 3}]</rules>
  </verse>
  <verse>
    <verseIdArabic>٧٥</verseIdArabic>
    <verseId>75</verseId>
    <chapterId>20</chapterId>
    <textIndopak>وَمَن يَأۡتِهِۦ مُؤۡمِنٗا قَدۡ عَمِلَ ٱلصَّٰلِحَٰتِ فَأُوْلَٰٓئِكَ لَهُمُ ٱلدَّرَجَٰتُ ٱلۡعُلَىٰ</textIndopak>
    <translations>
      <translation>
        <author>Dr. Mustafa Khattab, the Clear Quran</author>
        <text>But whoever comes to Him as a believer, having done good, they will have the highest ranks:</text>
      </translation>
    </translations>
    <rules>[{"start": 28, "end": 30, "rule_id": 1}, {"start": 4, "end": 8, "rule_id": 3}]</rules>
  </verse>
  <verse>
    <verseIdArabic>٧٦</verseIdArabic>
    <verseId>76</verseId>
    <chapterId>20</chapterId>
    <textIndopak>جَنَّٰتُ عَدۡنٖ تَجۡرِي مِن تَحۡتِهَا ٱلۡأَنۡهَٰرُ خَٰلِدِينَ فِيهَاۚ وَذَٰلِكَ جَزَآءُ مَن تَزَكَّىٰ</textIndopak>
    <translations>
      <translation>
        <author>Dr. Mustafa Khattab, the Clear Quran</author>
        <text>the Gardens of Eternity, under which rivers flow, where they will stay forever. That is the reward of those who purify themselves.</text>
      </translation>
    </translations>
    <rules>[{"start": 2, "end": 6, "rule_id": 0}, {"start": 11, "end": 13, "rule_id": 1}, {"start": 18, "end": 20, "rule_id": 1}, {"start": 26, "end": 30, "rule_id": 6}, {"start": 92, "end": 96, "rule_id": 6}, {"start": 13, "end": 18, "rule_id": 6}]</rules>
  </verse>
  <verse>
    <verseIdArabic>٧٧</verseIdArabic>
    <verseId>77</verseId>
    <chapterId>20</chapterId>
    <textIndopak>وَلَقَدۡ أَوۡحَيۡنَآ إِلَىٰ مُوسَىٰٓ أَنۡ أَسۡرِ بِعِبَادِي فَٱضۡرِبۡ لَهُمۡ طَرِيقٗا فِي ٱلۡبَحۡرِ يَبَسٗا لَّا تَخَٰفُ دَرَكٗا وَلَا تَخۡشَىٰ</textIndopak>
    <translations>
      <translation>
        <author>Dr. Mustafa Khattab, the Clear Quran</author>
        <text>And We surely inspired Moses, ˹saying,˺ “Leave with My servants ˹at night˺ and strike a dry passage for them across the sea. Have no fear of being overtaken, nor be concerned ˹of drowning˺.”</text>
      </translation>
    </translations>
    <rules>[{"start": 6, "end": 8, "rule_id": 1}, {"start": 68, "end": 70, "rule_id": 1}, {"start": 126, "end": 132, "rule_id": 3}, {"start": 105, "end": 112, "rule_id": 5}]</rules>
  </verse>
  <verse>
    <verseIdArabic>٧٨</verseIdArabic>
    <verseId>78</verseId>
    <chapterId>20</chapterId>
    <textIndopak>فَأَتۡبَعَهُمۡ فِرۡعَوۡنُ بِجُنُودِهِۦ فَغَشِيَهُم مِّنَ ٱلۡيَمِّ مَا غَشِيَهُمۡ</textIndopak>
    <translations>
      <translation>
        <author>Dr. Mustafa Khattab, the Clear Quran</author>
        <text>Then Pharaoh pursued them with his soldiers—but how overwhelming were the waters that submerged them!</text>
      </translation>
    </translations>
    <rules>[{"start": 51, "end": 54, "rule_id": 0}, {"start": 62, "end": 65, "rule_id": 0}, {"start": 49, "end": 54, "rule_id": 4}]</rules>
  </verse>
  <verse>
    <verseIdArabic>٧٩</verseIdArabic>
    <verseId>79</verseId>
    <chapterId>20</chapterId>
    <textIndopak>وَأَضَلَّ فِرۡعَوۡنُ قَوۡمَهُۥ وَمَا هَدَىٰ</textIndopak>
    <translations>
      <translation>
        <author>Dr. Mustafa Khattab, the Clear Quran</author>
        <text>And ˹so˺ Pharaoh led his people astray, and did not guide ˹them rightly˺.</text>
      </translation>
    </translations>
  </verse>
  <verse>
    <verseIdArabic>٨٠</verseIdArabic>
    <verseId>80</verseId>
    <chapterId>20</chapterId>
    <textIndopak>يَٰبَنِيٓ إِسۡرَٰٓءِيلَ قَدۡ أَنجَيۡنَٰكُم مِّنۡ عَدُوِّكُمۡ وَوَٰعَدۡنَٰكُمۡ جَانِبَ ٱلطُّورِ ٱلۡأَيۡمَنَ وَنَزَّلۡنَا عَلَيۡكُمُ ٱلۡمَنَّ وَٱلسَّلۡوَىٰ</textIndopak>
    <translations>
      <translation>
        <author>Dr. Mustafa Khattab, the Clear Quran</author>
        <text>O Children of Israel! We saved you from your enemy, and made an appointment with you on the right side of Mount Ṭûr, and sent down to you manna and quails,</text>
      </translation>
    </translations>
    <rules>[{"start": 43, "end": 46, "rule_id": 0}, {"start": 136, "end": 139, "rule_id": 0}, {"start": 26, "end": 28, "rule_id": 1}, {"start": 68, "end": 70, "rule_id": 1}, {"start": 41, "end": 46, "rule_id": 4}, {"start": 31, "end": 34, "rule_id": 6}]</rules>
  </verse>
  <verse>
    <verseIdArabic>٨١</verseIdArabic>
    <verseId>81</verseId>
    <chapterId>20</chapterId>
    <textIndopak>كُلُواْ مِن طَيِّبَٰتِ مَا رَزَقۡنَٰكُمۡ وَلَا تَطۡغَوۡاْ فِيهِ فَيَحِلَّ عَلَيۡكُمۡ غَضَبِيۖ وَمَن يَحۡلِلۡ عَلَيۡهِ غَضَبِي فَقَدۡ هَوَىٰ</textIndopak>
    <translations>
      <translation>
        <author>Dr. Mustafa Khattab, the Clear Quran</author>
        <text>˹saying,˺ “Eat from the good things We have provided for you, but do not transgress in them, or My wrath will befall you. And whoever My wrath befalls is certainly doomed.</text>
      </translation>
    </translations>
    <rules>[{"start": 31, "end": 33, "rule_id": 1}, {"start": 49, "end": 51, "rule_id": 1}, {"start": 131, "end": 133, "rule_id": 1}, {"start": 99, "end": 103, "rule_id": 3}, {"start": 10, "end": 14, "rule_id": 6}]</rules>
  </verse>
  <verse>
    <verseIdArabic>٨٢</verseIdArabic>
    <verseId>82</verseId>
    <chapterId>20</chapterId>
    <textIndopak>وَإِنِّي لَغَفَّارٞ لِّمَن تَابَ وَءَامَنَ وَعَمِلَ صَٰلِحٗا ثُمَّ ٱهۡتَدَىٰ</textIndopak>
    <translations>
      <translation>
        <author>Dr. Mustafa Khattab, the Clear Quran</author>
        <text>But I am truly Most Forgiving to whoever repents, believes, and does good, then persists on ˹true˺ guidance.”</text>
      </translation>
    </translations>
    <rules>[{"start": 4, "end": 7, "rule_id": 0}, {"start": 63, "end": 66, "rule_id": 0}, {"start": 17, "end": 23, "rule_id": 5}, {"start": 25, "end": 29, "rule_id": 6}]</rules>
  </verse>
  <verse>
    <verseIdArabic>٨٣</verseIdArabic>
    <verseId>83</verseId>
    <chapterId>20</chapterId>
    <textIndopak>۞ وَمَآ أَعۡجَلَكَ عَن قَوۡمِكَ يَٰمُوسَىٰ</textIndopak>
    <translations>
      <translation>
        <author>Dr. Mustafa Khattab, the Clear Quran</author>
        <text>˹Allah asked,˺ “Why have you come with such haste ahead of your people, O Moses?”</text>
      </translation>
    </translations>
    <rules>[{"start": 22, "end": 26, "rule_id": 6}]</rules>
  </verse>
  <verse>
    <verseIdArabic>٨٤</verseIdArabic>
    <verseId>84</verseId>
    <chapterId>20</chapterId>
    <textIndopak>قَالَ هُمۡ أُوْلَآءِ عَلَىٰٓ أَثَرِي وَعَجِلۡتُ إِلَيۡكَ رَبِّ لِتَرۡضَىٰ</textIndopak>
    <translations>
      <translation>
        <author>Dr. Mustafa Khattab, the Clear Quran</author>
        <text>He replied, “They are close on my tracks. And I have hastened to You, my Lord, so You will be pleased.”</text>
      </translation>
    </translations>
  </verse>
  <verse>
    <verseIdArabic>٨٥</verseIdArabic>
    <verseId>85</verseId>
    <chapterId>20</chapterId>
    <textIndopak>قَالَ فَإِنَّا قَدۡ فَتَنَّا قَوۡمَكَ مِنۢ بَعۡدِكَ وَأَضَلَّهُمُ ٱلسَّامِرِيُّ</textIndopak>
    <translations>
      <translation>
        <author>Dr. Mustafa Khattab, the Clear Quran</author>
        <text>Allah responded, “We have indeed tested your people in your absence, and the Sâmiri has led them astray.”</text>
      </translation>
    </translations>
    <rules>[{"start": 10, "end": 13, "rule_id": 0}, {"start": 24, "end": 27, "rule_id": 0}, {"start": 17, "end": 19, "rule_id": 1}, {"start": 40, "end": 45, "rule_id": 2}]</rules>
  </verse>
  <verse>
    <verseIdArabic>٨٦</verseIdArabic>
    <verseId>86</verseId>
    <chapterId>20</chapterId>
    <textIndopak>فَرَجَعَ مُوسَىٰٓ إِلَىٰ قَوۡمِهِۦ غَضۡبَٰنَ أَسِفٗاۚ قَالَ يَٰقَوۡمِ أَلَمۡ يَعِدۡكُمۡ رَبُّكُمۡ وَعۡدًا حَسَنًاۚ أَفَطَالَ عَلَيۡكُمُ ٱلۡعَهۡدُ أَمۡ أَرَدتُّمۡ أَن يَحِلَّ عَلَيۡكُمۡ غَضَبٞ مِّن رَّبِّكُمۡ فَأَخۡلَفۡتُم مَّوۡعِدِي</textIndopak>
    <translations>
      <translation>
        <author>Dr. Mustafa Khattab, the Clear Quran</author>
        <text>So Moses returned to his people, furious and sorrowful. He said, “O my people! Had your Lord not made you a good promise? Has my absence been too long for you? Or have you wished for wrath from your Lord to befall you, so you broke your promise to me?”</text>
      </translation>
    </translations>
    <rules>[{"start": 194, "end": 197, "rule_id": 0}, {"start": 224, "end": 227, "rule_id": 0}, {"start": 82, "end": 84, "rule_id": 1}, {"start": 166, "end": 170, "rule_id": 3}, {"start": 191, "end": 197, "rule_id": 3}, {"start": 222, "end": 227, "rule_id": 4}, {"start": 197, "end": 202, "rule_id": 5}]</rules>
  </verse>
  <verse>
    <verseIdArabic>٨٧</verseIdArabic>
    <verseId>87</verseId>
    <chapterId>20</chapterId>
    <textIndopak>قَالُواْ مَآ أَخۡلَفۡنَا مَوۡعِدَكَ بِمَلۡكِنَا وَلَٰكِنَّا حُمِّلۡنَآ أَوۡزَارٗا مِّن زِينَةِ ٱلۡقَوۡمِ فَقَذَفۡنَٰهَا فَكَذَٰلِكَ أَلۡقَى ٱلسَّامِرِيُّ</textIndopak>
    <translations>
      <translation>
        <author>Dr. Mustafa Khattab, the Clear Quran</author>
        <text>They argued, “We did not break our promise to you of our own free will, but we were made to carry the burden of the people’s ˹golden˺ jewellery, then we threw it ˹into the fire˺, and so did the Sâmiri.”</text>
      </translation>
    </translations>
    <rules>[{"start": 56, "end": 59, "rule_id": 0}, {"start": 63, "end": 66, "rule_id": 0}, {"start": 84, "end": 87, "rule_id": 0}, {"start": 80, "end": 87, "rule_id": 3}, {"start": 87, "end": 91, "rule_id": 6}]</rules>
  </verse>
  <verse>
    <verseIdArabic>٨٨</verseIdArabic>
    <verseId>88</verseId>
    <chapterId>20</chapterId>
    <textIndopak>فَأَخۡرَجَ لَهُمۡ عِجۡلٗا جَسَدٗا لَّهُۥ خُوَارٞ فَقَالُواْ هَٰذَآ إِلَٰهُكُمۡ وَإِلَٰهُ مُوسَىٰ فَنَسِيَ</textIndopak>
    <translations>
      <translation>
        <author>Dr. Mustafa Khattab, the Clear Quran</author>
        <text>Then he moulded for them an idol of a calf that made a lowing sound. They said, “This is your god and the god of Moses, but Moses forgot ˹where it was˺!”</text>
      </translation>
    </translations>
    <rules>[{"start": 20, "end": 22, "rule_id": 1}, {"start": 30, "end": 37, "rule_id": 5}, {"start": 46, "end": 51, "rule_id": 6}]</rules>
  </verse>
  <verse>
    <verseIdArabic>٨٩</verseIdArabic>
    <verseId>89</verseId>
    <chapterId>20</chapterId>
    <textIndopak>أَفَلَا يَرَوۡنَ أَلَّا يَرۡجِعُ إِلَيۡهِمۡ قَوۡلٗا وَلَا يَمۡلِكُ لَهُمۡ ضَرّٗا وَلَا نَفۡعٗا</textIndopak>
    <translations>
      <translation>
        <author>Dr. Mustafa Khattab, the Clear Quran</author>
        <text>Did they not see that it did not respond to them, nor could it protect or benefit them?</text>
      </translation>
    </translations>
    <rules>[{"start": 48, "end": 54, "rule_id": 3}, {"start": 76, "end": 83, "rule_id": 3}]</rules>
  </verse>
  <verse>
    <verseIdArabic>٩٠</verseIdArabic>
    <verseId>90</verseId>
    <chapterId>20</chapterId>
    <textIndopak>وَلَقَدۡ قَالَ لَهُمۡ هَٰرُونُ مِن قَبۡلُ يَٰقَوۡمِ إِنَّمَا فُتِنتُم بِهِۦۖ وَإِنَّ رَبَّكُمُ ٱلرَّحۡمَٰنُ فَٱتَّبِعُونِي وَأَطِيعُوٓاْ أَمۡرِي</textIndopak>
    <translations>
      <translation>
        <author>Dr. Mustafa Khattab, the Clear Quran</author>
        <text>Aaron had already warned them beforehand, “O my people! You are only being tested by this, for indeed your ˹one true˺ Lord is the Most Compassionate. So follow me and obey my orders.”</text>
      </translation>
    </translations>
    <rules>[{"start": 54, "end": 57, "rule_id": 0}, {"start": 82, "end": 85, "rule_id": 0}, {"start": 6, "end": 8, "rule_id": 1}, {"start": 37, "end": 39, "rule_id": 1}, {"start": 33, "end": 37, "rule_id": 6}, {"start": 65, "end": 68, "rule_id": 6}, {"start": 68, "end": 72, "rule_id": 7}]</rules>
  </verse>
  <verse>
    <verseIdArabic>٩١</verseIdArabic>
    <verseId>91</verseId>
    <chapterId>20</chapterId>
    <textIndopak>قَالُواْ لَن نَّبۡرَحَ عَلَيۡهِ عَٰكِفِينَ حَتَّىٰ يَرۡجِعَ إِلَيۡنَا مُوسَىٰ</textIndopak>
    <translations>
      <translation>
        <author>Dr. Mustafa Khattab, the Clear Quran</author>
        <text>They replied, “We will not cease to worship it until Moses returns to us.”</text>
      </translation>
    </translations>
    <rules>[{"start": 13, "end": 16, "rule_id": 0}, {"start": 16, "end": 18, "rule_id": 1}, {"start": 11, "end": 16, "rule_id": 3}]</rules>
  </verse>
  <verse>
    <verseIdArabic>٩٢</verseIdArabic>
    <verseId>92</verseId>
    <chapterId>20</chapterId>
    <textIndopak>قَالَ يَٰهَٰرُونُ مَا مَنَعَكَ إِذۡ رَأَيۡتَهُمۡ ضَلُّوٓاْ</textIndopak>
    <translations>
      <translation>
        <author>Dr. Mustafa Khattab, the Clear Quran</author>
        <text>Moses scolded ˹his brother˺, “O Aaron! What prevented you, when you saw them going astray,</text>
      </translation>
    </translations>
  </verse>
  <verse>
    <verseIdArabic>٩٣</verseIdArabic>
    <verseId>93</verseId>
    <chapterId>20</chapterId>
    <textIndopak>أَلَّا تَتَّبِعَنِۖ أَفَعَصَيۡتَ أَمۡرِي</textIndopak>
    <translations>
      <translation>
        <author>Dr. Mustafa Khattab, the Clear Quran</author>
        <text>from following after me? How could you disobey my orders?”</text>
      </translation>
    </translations>
  </verse>
  <verse>
    <verseIdArabic>٩٤</verseIdArabic>
    <verseId>94</verseId>
    <chapterId>20</chapterId>
    <textIndopak>قَالَ يَبۡنَؤُمَّ لَا تَأۡخُذۡ بِلِحۡيَتِي وَلَا بِرَأۡسِيٓۖ إِنِّي خَشِيتُ أَن تَقُولَ فَرَّقۡتَ بَيۡنَ بَنِيٓ إِسۡرَٰٓءِيلَ وَلَمۡ تَرۡقُبۡ قَوۡلِي</textIndopak>
    <translations>
      <translation>
        <author>Dr. Mustafa Khattab, the Clear Quran</author>
        <text>Aaron pleaded, “O son of my mother! Do not seize me by my beard or ˹the hair of˺ my head. I really feared that you would say, ‘You have caused division among the Children of Israel, and did not observe my word.’”</text>
      </translation>
    </translations>
    <rules>[{"start": 14, "end": 17, "rule_id": 0}, {"start": 64, "end": 67, "rule_id": 0}, {"start": 8, "end": 10, "rule_id": 1}, {"start": 94, "end": 96, "rule_id": 1}, {"start": 140, "end": 142, "rule_id": 1}, {"start": 79, "end": 83, "rule_id": 6}]</rules>
  </verse>
  <verse>
    <verseIdArabic>٩٥</verseIdArabic>
    <verseId>95</verseId>
    <chapterId>20</chapterId>
    <textIndopak>قَالَ فَمَا خَطۡبُكَ يَٰسَٰمِرِيُّ</textIndopak>
    <translations>
      <translation>
        <author>Dr. Mustafa Khattab, the Clear Quran</author>
        <text>Moses then asked, “What did you think you were doing, O Sâmiri?”</text>
      </translation>
    </translations>
    <rules>[{"start": 14, "end": 16, "rule_id": 1}]</rules>
  </verse>
  <verse>
    <verseIdArabic>٩٦</verseIdArabic>
    <verseId>96</verseId>
    <chapterId>20</chapterId>
    <textIndopak>قَالَ بَصُرۡتُ بِمَا لَمۡ يَبۡصُرُواْ بِهِۦ فَقَبَضۡتُ قَبۡضَةٗ مِّنۡ أَثَرِ ٱلرَّسُولِ فَنَبَذۡتُهَا وَكَذَٰلِكَ سَوَّلَتۡ لِي نَفۡسِي</textIndopak>
    <translations>
      <translation>
        <author>Dr. Mustafa Khattab, the Clear Quran</author>
        <text>He said, “I saw what they did not see, so I took a handful ˹of dust˺ from the hoof-prints of ˹the horse of˺ the messenger-angel ˹Gabriel˺ then cast it ˹on the moulded calf˺. This is what my lower-self tempted me into.”</text>
      </translation>
    </translations>
    <rules>[{"start": 64, "end": 67, "rule_id": 0}, {"start": 28, "end": 30, "rule_id": 1}, {"start": 57, "end": 59, "rule_id": 1}, {"start": 61, "end": 67, "rule_id": 3}]</rules>
  </verse>
  <verse>
    <verseIdArabic>٩٧</verseIdArabic>
    <verseId>97</verseId>
    <chapterId>20</chapterId>
    <textIndopak>قَالَ فَٱذۡهَبۡ فَإِنَّ لَكَ فِي ٱلۡحَيَوٰةِ أَن تَقُولَ لَا مِسَاسَۖ وَإِنَّ لَكَ مَوۡعِدٗا لَّن تُخۡلَفَهُۥۖ وَٱنظُرۡ إِلَىٰٓ إِلَٰهِكَ ٱلَّذِي ظَلۡتَ عَلَيۡهِ عَاكِفٗاۖ لَّنُحَرِّقَنَّهُۥ ثُمَّ لَنَنسِفَنَّهُۥ فِي ٱلۡيَمِّ نَسۡفًا</textIndopak>
    <translations>
      <translation>
        <author>Dr. Mustafa Khattab, the Clear Quran</author>
        <text>Moses said, “Go away then! And for ˹the rest of your˺ life you will surely be crying, ‘Do not touch ˹me˺!’ Then you will certainly have a fate that you cannot escape. Now look at your god to which you have been devoted: we will burn it up, then scatter it in the sea completely.”</text>
      </translation>
    </translations>
    <rules>[{"start": 20, "end": 23, "rule_id": 0}, {"start": 75, "end": 78, "rule_id": 0}, {"start": 187, "end": 190, "rule_id": 0}, {"start": 196, "end": 199, "rule_id": 0}, {"start": 209, "end": 212, "rule_id": 0}, {"start": 225, "end": 228, "rule_id": 0}, {"start": 13, "end": 15, "rule_id": 1}, {"start": 90, "end": 97, "rule_id": 5}, {"start": 169, "end": 178, "rule_id": 5}, {"start": 47, "end": 51, "rule_id": 6}, {"start": 97, "end": 101, "rule_id": 6}, {"start": 116, "end": 119, "rule_id": 6}, {"start": 204, "end": 207, "rule_id": 6}]</rules>
  </verse>
  <verse>
    <verseIdArabic>٩٨</verseIdArabic>
    <verseId>98</verseId>
    <chapterId>20</chapterId>
    <textIndopak>إِنَّمَآ إِلَٰهُكُمُ ٱللَّهُ ٱلَّذِي لَآ إِلَٰهَ إِلَّا هُوَۚ وَسِعَ كُلَّ شَيۡءٍ عِلۡمٗا</textIndopak>
    <translations>
      <translation>
        <author>Dr. Mustafa Khattab, the Clear Quran</author>
        <text>˹Then Moses addressed his people,˺ “Your only god is Allah, there is no god ˹worthy of worship˺ except Him. He encompasses everything in ˹His˺ knowledge.”</text>
      </translation>
    </translations>
    <rules>[{"start": 2, "end": 5, "rule_id": 0}]</rules>
  </verse>
  <verse>
    <verseIdArabic>٩٩</verseIdArabic>
    <verseId>99</verseId>
    <chapterId>20</chapterId>
    <textIndopak>كَذَٰلِكَ نَقُصُّ عَلَيۡكَ مِنۡ أَنۢبَآءِ مَا قَدۡ سَبَقَۚ وَقَدۡ ءَاتَيۡنَٰكَ مِن لَّدُنَّا ذِكۡرٗا</textIndopak>
    <translations>
      <translation>
        <author>Dr. Mustafa Khattab, the Clear Quran</author>
        <text>This is how We relate to you ˹O Prophet˺ some of the stories of the past. And We have certainly granted you a Reminder from Us.</text>
      </translation>
    </translations>
    <rules>[{"start": 90, "end": 93, "rule_id": 0}, {"start": 49, "end": 51, "rule_id": 1}, {"start": 65, "end": 67, "rule_id": 1}, {"start": 34, "end": 38, "rule_id": 2}, {"start": 83, "end": 88, "rule_id": 5}]</rules>
  </verse>
  <verse>
    <verseIdArabic>١٠٠</verseIdArabic>
    <verseId>100</verseId>
    <chapterId>20</chapterId>
    <textIndopak>مَّنۡ أَعۡرَضَ عَنۡهُ فَإِنَّهُۥ يَحۡمِلُ يَوۡمَ ٱلۡقِيَٰمَةِ وِزۡرًا</textIndopak>
    <translations>
      <translation>
        <author>Dr. Mustafa Khattab, the Clear Quran</author>
        <text>Whoever turns away from it will surely bear the burden ˹of sin˺ on the Day of Judgment,</text>
      </translation>
    </translations>
    <rules>[{"start": 0, "end": 3, "rule_id": 0}, {"start": 26, "end": 29, "rule_id": 0}]</rules>
  </verse>
  <verse>
    <verseIdArabic>١٠١</verseIdArabic>
    <verseId>101</verseId>
    <chapterId>20</chapterId>
    <textIndopak>خَٰلِدِينَ فِيهِۖ وَسَآءَ لَهُمۡ يَوۡمَ ٱلۡقِيَٰمَةِ حِمۡلٗا</textIndopak>
    <translations>
      <translation>
        <author>Dr. Mustafa Khattab, the Clear Quran</author>
        <text>suffering its consequences forever. What an evil burden they will carry on Judgment Day!</text>
      </translation>
    </translations>
  </verse>
  <verse>
    <verseIdArabic>١٠٢</verseIdArabic>
    <verseId>102</verseId>
    <chapterId>20</chapterId>
    <textIndopak>يَوۡمَ يُنفَخُ فِي ٱلصُّورِۚ وَنَحۡشُرُ ٱلۡمُجۡرِمِينَ يَوۡمَئِذٖ زُرۡقٗا</textIndopak>
    <translations>
      <translation>
        <author>Dr. Mustafa Khattab, the Clear Quran</author>
        <text>˹Beware of˺ the Day the Trumpet will be blown, and We will gather the wicked on that Day blue-faced ˹from horror and thirst˺.</text>
      </translation>
    </translations>
    <rules>[{"start": 46, "end": 48, "rule_id": 1}, {"start": 9, "end": 12, "rule_id": 6}, {"start": 64, "end": 69, "rule_id": 6}]</rules>
  </verse>
  <verse>
    <verseIdArabic>١٠٣</verseIdArabic>
    <verseId>103</verseId>
    <chapterId>20</chapterId>
    <textIndopak>يَتَخَٰفَتُونَ بَيۡنَهُمۡ إِن لَّبِثۡتُمۡ إِلَّا عَشۡرٗا</textIndopak>
    <translations>
      <translation>
        <author>Dr. Mustafa Khattab, the Clear Quran</author>
        <text>They will whisper among themselves, “You stayed no more than ten days ˹on the earth˺.”</text>
      </translation>
    </translations>
    <rules>[{"start": 28, "end": 33, "rule_id": 5}]</rules>
  </verse>
  <verse>
    <verseIdArabic>١٠٤</verseIdArabic>
    <verseId>104</verseId>
    <chapterId>20</chapterId>
    <textIndopak>نَّحۡنُ أَعۡلَمُ بِمَا يَقُولُونَ إِذۡ يَقُولُ أَمۡثَلُهُمۡ طَرِيقَةً إِن لَّبِثۡتُمۡ إِلَّا يَوۡمٗا</textIndopak>
    <translations>
      <translation>
        <author>Dr. Mustafa Khattab, the Clear Quran</author>
        <text>We know best what they will say—the most reasonable of them will say, “You stayed no more than a day.”</text>
      </translation>
    </translations>
    <rules>[{"start": 0, "end": 3, "rule_id": 0}, {"start": 72, "end": 77, "rule_id": 5}]</rules>
  </verse>
  <verse>
    <verseIdArabic>١٠٥</verseIdArabic>
    <verseId>105</verseId>
    <chapterId>20</chapterId>
    <textIndopak>وَيَسۡـَٔلُونَكَ عَنِ ٱلۡجِبَالِ فَقُلۡ يَنسِفُهَا رَبِّي نَسۡفٗا</textIndopak>
    <translations>
      <translation>
        <author>Dr. Mustafa Khattab, the Clear Quran</author>
        <text>And ˹if˺ they ask you ˹O Prophet˺ about the mountains, ˹then˺ say, “My Lord will wipe them out completely,</text>
      </translation>
    </translations>
    <rules>[{"start": 42, "end": 45, "rule_id": 6}]</rules>
  </verse>
  <verse>
    <verseIdArabic>١٠٦</verseIdArabic>
    <verseId>106</verseId>
    <chapterId>20</chapterId>
    <textIndopak>فَيَذَرُهَا قَاعٗا صَفۡصَفٗا</textIndopak>
    <translations>
      <translation>
        <author>Dr. Mustafa Khattab, the Clear Quran</author>
        <text>leaving the earth level and bare,</text>
      </translation>
    </translations>
  </verse>
  <verse>
    <verseIdArabic>١٠٧</verseIdArabic>
    <verseId>107</verseId>
    <chapterId>20</chapterId>
    <textIndopak>لَّا تَرَىٰ فِيهَا عِوَجٗا وَلَآ أَمۡتٗا</textIndopak>
    <translations>
      <translation>
        <author>Dr. Mustafa Khattab, the Clear Quran</author>
        <text>with neither depressions nor elevations to be seen.”</text>
      </translation>
    </translations>
    <rules>[{"start": 23, "end": 29, "rule_id": 3}]</rules>
  </verse>
  <verse>
    <verseIdArabic>١٠٨</verseIdArabic>
    <verseId>108</verseId>
    <chapterId>20</chapterId>
    <textIndopak>يَوۡمَئِذٖ يَتَّبِعُونَ ٱلدَّاعِيَ لَا عِوَجَ لَهُۥۖ وَخَشَعَتِ ٱلۡأَصۡوَاتُ لِلرَّحۡمَٰنِ فَلَا تَسۡمَعُ إِلَّا هَمۡسٗا</textIndopak>
    <translations>
      <translation>
        <author>Dr. Mustafa Khattab, the Clear Quran</author>
        <text>On that Day all will follow the caller ˹for assembly˺, ˹and˺ none will dare to deviate. All voices will be hushed before the Most Compassionate. Only whispers will be heard.</text>
      </translation>
    </translations>
    <rules>[{"start": 8, "end": 13, "rule_id": 3}]</rules>
  </verse>
  <verse>
    <verseIdArabic>١٠٩</verseIdArabic>
    <verseId>109</verseId>
    <chapterId>20</chapterId>
    <textIndopak>يَوۡمَئِذٖ لَّا تَنفَعُ ٱلشَّفَٰعَةُ إِلَّا مَنۡ أَذِنَ لَهُ ٱلرَّحۡمَٰنُ وَرَضِيَ لَهُۥ قَوۡلٗا</textIndopak>
    <translations>
      <translation>
        <author>Dr. Mustafa Khattab, the Clear Quran</author>
        <text>On that Day no intercession will be of any benefit, except by those granted permission by the Most Compassionate and whose words are agreeable to Him.</text>
      </translation>
    </translations>
    <rules>[{"start": 8, "end": 14, "rule_id": 5}, {"start": 18, "end": 21, "rule_id": 6}]</rules>
  </verse>
  <verse>
    <verseIdArabic>١١٠</verseIdArabic>
    <verseId>110</verseId>
    <chapterId>20</chapterId>
    <textIndopak>يَعۡلَمُ مَا بَيۡنَ أَيۡدِيهِمۡ وَمَا خَلۡفَهُمۡ وَلَا يُحِيطُونَ بِهِۦ عِلۡمٗا</textIndopak>
    <translations>
      <translation>
        <author>Dr. Mustafa Khattab, the Clear Quran</author>
        <text>He ˹fully˺ knows what is ahead of them and what is behind them, but they cannot encompass Him in ˹their˺ knowledge.</text>
      </translation>
    </translations>
  </verse>
  <verse>
    <verseIdArabic>١١١</verseIdArabic>
    <verseId>111</verseId>
    <chapterId>20</chapterId>
    <textIndopak>۞ وَعَنَتِ ٱلۡوُجُوهُ لِلۡحَيِّ ٱلۡقَيُّومِۖ وَقَدۡ خَابَ مَنۡ حَمَلَ ظُلۡمٗا</textIndopak>
    <translations>
      <translation>
        <author>Dr. Mustafa Khattab, the Clear Quran</author>
        <text>And all faces will be humbled before the Ever-Living, All-Sustaining. And those burdened with wrongdoing will be in loss.</text>
      </translation>
    </translations>
    <rules>[{"start": 50, "end": 52, "rule_id": 1}]</rules>
  </verse>
  <verse>
    <verseIdArabic>١١٢</verseIdArabic>
    <verseId>112</verseId>
    <chapterId>20</chapterId>
    <textIndopak>وَمَن يَعۡمَلۡ مِنَ ٱلصَّٰلِحَٰتِ وَهُوَ مُؤۡمِنٞ فَلَا يَخَافُ ظُلۡمٗا وَلَا هَضۡمٗا</textIndopak>
    <translations>
      <translation>
        <author>Dr. Mustafa Khattab, the Clear Quran</author>
        <text>But whoever does good and is a believer will have no fear of being wronged or denied ˹their reward˺.</text>
      </translation>
    </translations>
    <rules>[{"start": 4, "end": 8, "rule_id": 3}, {"start": 68, "end": 74, "rule_id": 3}, {"start": 47, "end": 52, "rule_id": 6}]</rules>
  </verse>
  <verse>
    <verseIdArabic>١١٣</verseIdArabic>
    <verseId>113</verseId>
    <chapterId>20</chapterId>
    <textIndopak>وَكَذَٰلِكَ أَنزَلۡنَٰهُ قُرۡءَانًا عَرَبِيّٗا وَصَرَّفۡنَا فِيهِ مِنَ ٱلۡوَعِيدِ لَعَلَّهُمۡ يَتَّقُونَ أَوۡ يُحۡدِثُ لَهُمۡ ذِكۡرٗا</textIndopak>
    <translations>
      <translation>
        <author>Dr. Mustafa Khattab, the Clear Quran</author>
        <text>And so We have sent it down as an Arabic Quran and varied the warnings in it, so perhaps they will shun evil or it may cause them to be mindful.</text>
      </translation>
    </translations>
    <rules>[{"start": 42, "end": 49, "rule_id": 3}, {"start": 14, "end": 17, "rule_id": 6}]</rules>
  </verse>
  <verse>
    <verseIdArabic>١١٤</verseIdArabic>
    <verseId>114</verseId>
    <chapterId>20</chapterId>
    <textIndopak>فَتَعَٰلَى ٱللَّهُ ٱلۡمَلِكُ ٱلۡحَقُّۗ وَلَا تَعۡجَلۡ بِٱلۡقُرۡءَانِ مِن قَبۡلِ أَن يُقۡضَىٰٓ إِلَيۡكَ وَحۡيُهُۥۖ وَقُل رَّبِّ زِدۡنِي عِلۡمٗا</textIndopak>
    <translations>
      <translation>
        <author>Dr. Mustafa Khattab, the Clear Quran</author>
        <text>Exalted is Allah, the True King! Do not rush to recite ˹a revelation of˺ the Quran ˹O Prophet˺ before it is ˹properly˺ conveyed to you, and pray, “My Lord! Increase me in knowledge.”</text>
      </translation>
    </translations>
    <rules>[{"start": 76, "end": 78, "rule_id": 1}, {"start": 87, "end": 89, "rule_id": 1}, {"start": 131, "end": 133, "rule_id": 1}, {"start": 83, "end": 87, "rule_id": 3}, {"start": 72, "end": 76, "rule_id": 6}]</rules>
  </verse>
  <verse>
    <verseIdArabic>١١٥</verseIdArabic>
    <verseId>115</verseId>
    <chapterId>20</chapterId>
    <textIndopak>وَلَقَدۡ عَهِدۡنَآ إِلَىٰٓ ءَادَمَ مِن قَبۡلُ فَنَسِيَ وَلَمۡ نَجِدۡ لَهُۥ عَزۡمٗا</textIndopak>
    <translations>
      <translation>
        <author>Dr. Mustafa Khattab, the Clear Quran</author>
        <text>And indeed, We once made a covenant with Adam, but he forgot, and ˹so˺ We did not find determination in him.</text>
      </translation>
    </translations>
    <rules>[{"start": 6, "end": 8, "rule_id": 1}, {"start": 13, "end": 15, "rule_id": 1}, {"start": 42, "end": 44, "rule_id": 1}, {"start": 67, "end": 69, "rule_id": 1}, {"start": 38, "end": 42, "rule_id": 6}]</rules>
  </verse>
  <verse>
    <verseIdArabic>١١٦</verseIdArabic>
    <verseId>116</verseId>
    <chapterId>20</chapterId>
    <textIndopak>وَإِذۡ قُلۡنَا لِلۡمَلَٰٓئِكَةِ ٱسۡجُدُواْ لِأٓدَمَ فَسَجَدُوٓاْ إِلَّآ إِبۡلِيسَ أَبَىٰ</textIndopak>
    <translations>
      <translation>
        <author>Dr. Mustafa Khattab, the Clear Quran</author>
        <text>And ˹remember˺ when We said to the angels, “Prostrate before Adam,” so they all did—but not Iblîs, who refused ˹arrogantly˺.</text>
      </translation>
    </translations>
    <rules>[{"start": 76, "end": 78, "rule_id": 1}]</rules>
  </verse>
  <verse>
    <verseIdArabic>١١٧</verseIdArabic>
    <verseId>117</verseId>
    <chapterId>20</chapterId>
    <textIndopak>فَقُلۡنَا يَٰٓـَٔادَمُ إِنَّ هَٰذَا عَدُوّٞ لَّكَ وَلِزَوۡجِكَ فَلَا يُخۡرِجَنَّكُمَا مِنَ ٱلۡجَنَّةِ فَتَشۡقَىٰٓ</textIndopak>
    <translations>
      <translation>
        <author>Dr. Mustafa Khattab, the Clear Quran</author>
        <text>So We cautioned, “O Adam! This is surely an enemy to you and to your wife. So do not let him drive you both out of Paradise, for you ˹O Adam˺ would then suffer ˹hardship˺.</text>
      </translation>
    </translations>
    <rules>[{"start": 25, "end": 28, "rule_id": 0}, {"start": 77, "end": 80, "rule_id": 0}, {"start": 96, "end": 99, "rule_id": 0}, {"start": 40, "end": 47, "rule_id": 5}]</rules>
  </verse>
  <verse>
    <verseIdArabic>١١٨</verseIdArabic>
    <verseId>118</verseId>
    <chapterId>20</chapterId>
    <textIndopak>إِنَّ لَكَ أَلَّا تَجُوعَ فِيهَا وَلَا تَعۡرَىٰ</textIndopak>
    <translations>
      <translation>
        <author>Dr. Mustafa Khattab, the Clear Quran</author>
        <text>Here it is guaranteed that you will never go hungry or unclothed,</text>
      </translation>
    </translations>
    <rules>[{"start": 2, "end": 5, "rule_id": 0}]</rules>
  </verse>
  <verse>
    <verseIdArabic>١١٩</verseIdArabic>
    <verseId>119</verseId>
    <chapterId>20</chapterId>
    <textIndopak>وَأَنَّكَ لَا تَظۡمَؤُاْ فِيهَا وَلَا تَضۡحَىٰ</textIndopak>
    <translations>
      <translation>
        <author>Dr. Mustafa Khattab, the Clear Quran</author>
        <text>nor will you ˹ever˺ suffer from thirst or ˹the sun’s˺ heat.”</text>
      </translation>
    </translations>
    <rules>[{"start": 4, "end": 7, "rule_id": 0}]</rules>
  </verse>
  <verse>
    <verseIdArabic>١٢٠</verseIdArabic>
    <verseId>120</verseId>
    <chapterId>20</chapterId>
    <textIndopak>فَوَسۡوَسَ إِلَيۡهِ ٱلشَّيۡطَٰنُ قَالَ يَٰٓـَٔادَمُ هَلۡ أَدُلُّكَ عَلَىٰ شَجَرَةِ ٱلۡخُلۡدِ وَمُلۡكٖ لَّا يَبۡلَىٰ</textIndopak>
    <translations>
      <translation>
        <author>Dr. Mustafa Khattab, the Clear Quran</author>
        <text>But Satan whispered to him, saying, “O Adam! Shall I show you the Tree of Immortality and a kingdom that does not fade away?”</text>
      </translation>
    </translations>
    <rules>[{"start": 109, "end": 111, "rule_id": 1}, {"start": 99, "end": 105, "rule_id": 5}]</rules>
  </verse>
  <verse>
    <verseIdArabic>١٢١</verseIdArabic>
    <verseId>121</verseId>
    <chapterId>20</chapterId>
    <textIndopak>فَأَكَلَا مِنۡهَا فَبَدَتۡ لَهُمَا سَوۡءَٰتُهُمَا وَطَفِقَا يَخۡصِفَانِ عَلَيۡهِمَا مِن وَرَقِ ٱلۡجَنَّةِۚ وَعَصَىٰٓ ءَادَمُ رَبَّهُۥ فَغَوَىٰ</textIndopak>
    <translations>
      <translation>
        <author>Dr. Mustafa Khattab, the Clear Quran</author>
        <text>So they both ate from the tree and then their nakedness was exposed to them, prompting them to cover themselves with leaves from Paradise. So Adam disobeyed his Lord, and ˹so˺ lost his way.</text>
      </translation>
    </translations>
    <rules>[{"start": 100, "end": 103, "rule_id": 0}, {"start": 86, "end": 90, "rule_id": 3}]</rules>
  </verse>
  <verse>
    <verseIdArabic>١٢٢</verseIdArabic>
    <verseId>122</verseId>
    <chapterId>20</chapterId>
    <textIndopak>ثُمَّ ٱجۡتَبَٰهُ رَبُّهُۥ فَتَابَ عَلَيۡهِ وَهَدَىٰ</textIndopak>
    <translations>
      <translation>
        <author>Dr. Mustafa Khattab, the Clear Quran</author>
        <text>Then his Lord chose him ˹for His grace˺, accepted his repentance, and guided him ˹rightly˺.</text>
      </translation>
    </translations>
    <rules>[{"start": 2, "end": 5, "rule_id": 0}, {"start": 7, "end": 9, "rule_id": 1}]</rules>
  </verse>
  <verse>
    <verseIdArabic>١٢٣</verseIdArabic>
    <verseId>123</verseId>
    <chapterId>20</chapterId>
    <textIndopak>قَالَ ٱهۡبِطَا مِنۡهَا جَمِيعَۢاۖ بَعۡضُكُمۡ لِبَعۡضٍ عَدُوّٞۖ فَإِمَّا يَأۡتِيَنَّكُم مِّنِّي هُدٗى فَمَنِ ٱتَّبَعَ هُدَايَ فَلَا يَضِلُّ وَلَا يَشۡقَىٰ</textIndopak>
    <translations>
      <translation>
        <author>Dr. Mustafa Khattab, the Clear Quran</author>
        <text>Allah said, “Descend, both of you, from here together ˹with Satan˺ as enemies to each other. Then when guidance comes to you from Me, whoever follows My guidance will neither go astray ˹in this life˺ nor suffer ˹in the next˺.</text>
      </translation>
    </translations>
    <rules>[{"start": 69, "end": 72, "rule_id": 0}, {"start": 82, "end": 85, "rule_id": 0}, {"start": 89, "end": 92, "rule_id": 0}, {"start": 92, "end": 95, "rule_id": 0}, {"start": 87, "end": 92, "rule_id": 4}]</rules>
  </verse>
  <verse>
    <verseIdArabic>١٢٤</verseIdArabic>
    <verseId>124</verseId>
    <chapterId>20</chapterId>
    <textIndopak>وَمَنۡ أَعۡرَضَ عَن ذِكۡرِي فَإِنَّ لَهُۥ مَعِيشَةٗ ضَنكٗا وَنَحۡشُرُهُۥ يَوۡمَ ٱلۡقِيَٰمَةِ أَعۡمَىٰ</textIndopak>
    <translations>
      <translation>
        <author>Dr. Mustafa Khattab, the Clear Quran</author>
        <text>But whoever turns away from My Reminder will certainly have a miserable life, then We will raise them up blind on the Day of Judgment.”</text>
      </translation>
    </translations>
    <rules>[{"start": 32, "end": 35, "rule_id": 0}, {"start": 55, "end": 61, "rule_id": 3}, {"start": 18, "end": 22, "rule_id": 6}, {"start": 54, "end": 57, "rule_id": 6}, {"start": 49, "end": 54, "rule_id": 6}]</rules>
  </verse>
  <verse>
    <verseIdArabic>١٢٥</verseIdArabic>
    <verseId>125</verseId>
    <chapterId>20</chapterId>
    <textIndopak>قَالَ رَبِّ لِمَ حَشَرۡتَنِيٓ أَعۡمَىٰ وَقَدۡ كُنتُ بَصِيرٗا</textIndopak>
    <translations>
      <translation>
        <author>Dr. Mustafa Khattab, the Clear Quran</author>
        <text>They will cry, “My Lord! Why have you raised me up blind, although I used to see?”</text>
      </translation>
    </translations>
    <rules>[{"start": 43, "end": 45, "rule_id": 1}, {"start": 48, "end": 51, "rule_id": 6}]</rules>
  </verse>
  <verse>
    <verseIdArabic>١٢٦</verseIdArabic>
    <verseId>126</verseId>
    <chapterId>20</chapterId>
    <textIndopak>قَالَ كَذَٰلِكَ أَتَتۡكَ ءَايَٰتُنَا فَنَسِيتَهَاۖ وَكَذَٰلِكَ ٱلۡيَوۡمَ تُنسَىٰ</textIndopak>
    <translations>
      <translation>
        <author>Dr. Mustafa Khattab, the Clear Quran</author>
        <text>Allah will respond, “It is so, just as Our revelations came to you and you neglected them, so Today you are neglected.”</text>
      </translation>
    </translations>
    <rules>[{"start": 76, "end": 79, "rule_id": 6}]</rules>
  </verse>
  <verse>
    <verseIdArabic>١٢٧</verseIdArabic>
    <verseId>127</verseId>
    <chapterId>20</chapterId>
    <textIndopak>وَكَذَٰلِكَ نَجۡزِي مَنۡ أَسۡرَفَ وَلَمۡ يُؤۡمِنۢ بِـَٔايَٰتِ رَبِّهِۦۚ وَلَعَذَابُ ٱلۡأٓخِرَةِ أَشَدُّ وَأَبۡقَىٰٓ</textIndopak>
    <translations>
      <translation>
        <author>Dr. Mustafa Khattab, the Clear Quran</author>
        <text>This is how We reward whoever transgresses and does not believe in the revelations of their Lord. And the punishment of the Hereafter is far more severe and more lasting.</text>
      </translation>
    </translations>
    <rules>[{"start": 14, "end": 16, "rule_id": 1}, {"start": 110, "end": 112, "rule_id": 1}, {"start": 47, "end": 52, "rule_id": 2}]</rules>
  </verse>
  <verse>
    <verseIdArabic>١٢٨</verseIdArabic>
    <verseId>128</verseId>
    <chapterId>20</chapterId>
    <textIndopak>أَفَلَمۡ يَهۡدِ لَهُمۡ كَمۡ أَهۡلَكۡنَا قَبۡلَهُم مِّنَ ٱلۡقُرُونِ يَمۡشُونَ فِي مَسَٰكِنِهِمۡۚ إِنَّ فِي ذَٰلِكَ لَأٓيَٰتٖ لِّأُوْلِي ٱلنُّهَىٰ</textIndopak>
    <translations>
      <translation>
        <author>Dr. Mustafa Khattab, the Clear Quran</author>
        <text>Is it not yet clear to them how many peoples We destroyed before them, whose ruins they still pass by? Surely in this are signs for people of sound judgment.</text>
      </translation>
    </translations>
    <rules>[{"start": 50, "end": 53, "rule_id": 0}, {"start": 99, "end": 102, "rule_id": 0}, {"start": 139, "end": 142, "rule_id": 0}, {"start": 42, "end": 44, "rule_id": 1}, {"start": 48, "end": 53, "rule_id": 4}, {"start": 123, "end": 129, "rule_id": 5}]</rules>
  </verse>
  <verse>
    <verseIdArabic>١٢٩</verseIdArabic>
    <verseId>129</verseId>
    <chapterId>20</chapterId>
    <textIndopak>وَلَوۡلَا كَلِمَةٞ سَبَقَتۡ مِن رَّبِّكَ لَكَانَ لِزَامٗا وَأَجَلٞ مُّسَمّٗى</textIndopak>
    <translations>
      <translation>
        <author>Dr. Mustafa Khattab, the Clear Quran</author>
        <text>Had it not been for a prior decree from your Lord ˹O Prophet˺ and a term already set, their ˹instant˺ doom would have been inevitable.</text>
      </translation>
    </translations>
    <rules>[{"start": 67, "end": 70, "rule_id": 0}, {"start": 72, "end": 75, "rule_id": 0}, {"start": 54, "end": 60, "rule_id": 3}, {"start": 64, "end": 70, "rule_id": 3}, {"start": 30, "end": 35, "rule_id": 5}, {"start": 16, "end": 21, "rule_id": 6}]</rules>
  </verse>
  <verse>
    <verseIdArabic>١٣٠</verseIdArabic>
    <verseId>130</verseId>
    <chapterId>20</chapterId>
    <textIndopak>فَٱصۡبِرۡ عَلَىٰ مَا يَقُولُونَ وَسَبِّحۡ بِحَمۡدِ رَبِّكَ قَبۡلَ طُلُوعِ ٱلشَّمۡسِ وَقَبۡلَ غُرُوبِهَاۖ وَمِنۡ ءَانَآيِٕ ٱلَّيۡلِ فَسَبِّحۡ وَأَطۡرَافَ ٱلنَّهَارِ لَعَلَّكَ تَرۡضَىٰ</textIndopak>
    <translations>
      <translation>
        <author>Dr. Mustafa Khattab, the Clear Quran</author>
        <text>So be patient ˹O Prophet˺ with what they say. And glorify the praises of your Lord before sunrise and before sunset, and glorify Him in the hours of the night and at both ends of the day, so that you may be pleased ˹with the reward˺.</text>
      </translation>
    </translations>
    <rules>[{"start": 156, "end": 159, "rule_id": 0}, {"start": 61, "end": 63, "rule_id": 1}, {"start": 88, "end": 90, "rule_id": 1}, {"start": 146, "end": 148, "rule_id": 1}]</rules>
  </verse>
  <verse>
    <verseIdArabic>١٣١</verseIdArabic>
    <verseId>131</verseId>
    <chapterId>20</chapterId>
    <textIndopak>وَلَا تَمُدَّنَّ عَيۡنَيۡكَ إِلَىٰ مَا مَتَّعۡنَا بِهِۦٓ أَزۡوَٰجٗا مِّنۡهُمۡ زَهۡرَةَ ٱلۡحَيَوٰةِ ٱلدُّنۡيَا لِنَفۡتِنَهُمۡ فِيهِۚ وَرِزۡقُ رَبِّكَ خَيۡرٞ وَأَبۡقَىٰ</textIndopak>
    <translations>
      <translation>
        <author>Dr. Mustafa Khattab, the Clear Quran</author>
        <text>Do not let your eyes crave what We have allowed some of the disbelievers to enjoy; the ˹fleeting˺ splendour of this worldly life, which We test them with. But your Lord’s provision ˹in the Hereafter˺ is far better and more lasting.</text>
      </translation>
    </translations>
    <rules>[{"start": 13, "end": 16, "rule_id": 0}, {"start": 68, "end": 71, "rule_id": 0}, {"start": 161, "end": 163, "rule_id": 1}, {"start": 64, "end": 71, "rule_id": 3}, {"start": 154, "end": 159, "rule_id": 3}]</rules>
  </verse>
  <verse>
    <verseIdArabic>١٣٢</verseIdArabic>
    <verseId>132</verseId>
    <chapterId>20</chapterId>
    <textIndopak>وَأۡمُرۡ أَهۡلَكَ بِٱلصَّلَوٰةِ وَٱصۡطَبِرۡ عَلَيۡهَاۖ لَا نَسۡـَٔلُكَ رِزۡقٗاۖ نَّحۡنُ نَرۡزُقُكَۗ وَٱلۡعَٰقِبَةُ لِلتَّقۡوَىٰ</textIndopak>
    <translations>
      <translation>
        <author>Dr. Mustafa Khattab, the Clear Quran</author>
        <text>Bid your people to pray, and be diligent in ˹observing˺ it. We do not ask you to provide. It is We Who provide for you. And the ultimate outcome is ˹only˺ for ˹the people of˺ righteousness.</text>
      </translation>
    </translations>
    <rules>[{"start": 82, "end": 85, "rule_id": 0}, {"start": 124, "end": 126, "rule_id": 1}, {"start": 76, "end": 85, "rule_id": 3}]</rules>
  </verse>
  <verse>
    <verseIdArabic>١٣٣</verseIdArabic>
    <verseId>133</verseId>
    <chapterId>20</chapterId>
    <textIndopak>وَقَالُواْ لَوۡلَا يَأۡتِينَا بِـَٔايَةٖ مِّن رَّبِّهِۦٓۚ أَوَلَمۡ تَأۡتِهِم بَيِّنَةُ مَا فِي ٱلصُّحُفِ ٱلۡأُولَىٰ</textIndopak>
    <translations>
      <translation>
        <author>Dr. Mustafa Khattab, the Clear Quran</author>
        <text>They demand, “If only he could bring us a sign from his Lord!” Have they not ˹already˺ received a confirmation of what is in earlier Scriptures?</text>
      </translation>
    </translations>
    <rules>[{"start": 41, "end": 44, "rule_id": 0}, {"start": 38, "end": 44, "rule_id": 3}, {"start": 44, "end": 49, "rule_id": 5}, {"start": 76, "end": 80, "rule_id": 7}]</rules>
  </verse>
  <verse>
    <verseIdArabic>١٣٤</verseIdArabic>
    <verseId>134</verseId>
    <chapterId>20</chapterId>
    <textIndopak>وَلَوۡ أَنَّآ أَهۡلَكۡنَٰهُم بِعَذَابٖ مِّن قَبۡلِهِۦ لَقَالُواْ رَبَّنَا لَوۡلَآ أَرۡسَلۡتَ إِلَيۡنَا رَسُولٗا فَنَتَّبِعَ ءَايَٰتِكَ مِن قَبۡلِ أَن نَّذِلَّ وَنَخۡزَىٰ</textIndopak>
    <translations>
      <translation>
        <author>Dr. Mustafa Khattab, the Clear Quran</author>
        <text>Had We destroyed them with a torment before this ˹Prophet came˺, they would have surely argued, “Our Lord! If only You had sent us a messenger, we would have followed Your revelations before being humiliated and put to shame.”</text>
      </translation>
    </translations>
    <rules>[{"start": 9, "end": 12, "rule_id": 0}, {"start": 40, "end": 43, "rule_id": 0}, {"start": 152, "end": 155, "rule_id": 0}, {"start": 47, "end": 49, "rule_id": 1}, {"start": 143, "end": 145, "rule_id": 1}, {"start": 150, "end": 155, "rule_id": 3}, {"start": 37, "end": 43, "rule_id": 3}, {"start": 43, "end": 47, "rule_id": 6}, {"start": 139, "end": 143, "rule_id": 6}, {"start": 28, "end": 32, "rule_id": 7}]</rules>
  </verse>
  <verse>
    <verseIdArabic>١٣٥</verseIdArabic>
    <verseId>135</verseId>
    <chapterId>20</chapterId>
    <textIndopak>قُلۡ كُلّٞ مُّتَرَبِّصٞ فَتَرَبَّصُواْۖ فَسَتَعۡلَمُونَ مَنۡ أَصۡحَٰبُ ٱلصِّرَٰطِ ٱلسَّوِيِّ وَمَنِ ٱهۡتَدَىٰ</textIndopak>
    <translations>
      <translation>
        <author>Dr. Mustafa Khattab, the Clear Quran</author>
        <text>Say ˹to them, O Prophet˺, “Each ˹of us˺ is waiting, so keep waiting! You will soon know who is on the Straight Path and is ˹rightly˺ guided.”</text>
      </translation>
    </translations>
    <rules>[{"start": 11, "end": 14, "rule_id": 0}, {"start": 7, "end": 14, "rule_id": 3}, {"start": 21, "end": 26, "rule_id": 6}]</rules>
  </verse>
</verses>
