<?xml version="1.0" encoding="UTF-8"?>

<verses>
  <verse>
    <verseIdArabic>١</verseIdArabic>
    <verseId>1</verseId>
    <chapterId>21</chapterId>
    <textIndopak>ٱقۡتَرَبَ لِلنَّاسِ حِسَابُهُمۡ وَهُمۡ فِي غَفۡلَةٖ مُّعۡرِضُونَ</textIndopak>
    <translations>
      <translation>
        <author>Dr. Mustafa Khattab, the Clear Quran</author>
        <text>˹The time of˺ people’s judgment has drawn near, yet they are heedlessly turning away.</text>
      </translation>
    </translations>
    <rules>[{"start": 13, "end": 16, "rule_id": 0}, {"start": 52, "end": 55, "rule_id": 0}, {"start": 1, "end": 3, "rule_id": 1}, {"start": 49, "end": 55, "rule_id": 3}]</rules>
  </verse>
  <verse>
    <verseIdArabic>٢</verseIdArabic>
    <verseId>2</verseId>
    <chapterId>21</chapterId>
    <textIndopak>مَا يَأۡتِيهِم مِّن ذِكۡرٖ مِّن رَّبِّهِم مُّحۡدَثٍ إِلَّا ٱسۡتَمَعُوهُ وَهُمۡ يَلۡعَبُونَ</textIndopak>
    <translations>
      <translation>
        <author>Dr. Mustafa Khattab, the Clear Quran</author>
        <text>Whatever new reminder comes to them from their Lord, they only listen to it jokingly,</text>
      </translation>
    </translations>
    <rules>[{"start": 15, "end": 18, "rule_id": 0}, {"start": 27, "end": 30, "rule_id": 0}, {"start": 42, "end": 45, "rule_id": 0}, {"start": 24, "end": 30, "rule_id": 3}, {"start": 13, "end": 18, "rule_id": 4}, {"start": 40, "end": 45, "rule_id": 4}, {"start": 30, "end": 35, "rule_id": 5}, {"start": 18, "end": 22, "rule_id": 6}]</rules>
  </verse>
  <verse>
    <verseIdArabic>٣</verseIdArabic>
    <verseId>3</verseId>
    <chapterId>21</chapterId>
    <textIndopak>لَاهِيَةٗ قُلُوبُهُمۡۗ وَأَسَرُّواْ ٱلنَّجۡوَى ٱلَّذِينَ ظَلَمُواْ هَلۡ هَٰذَآ إِلَّا بَشَرٞ مِّثۡلُكُمۡۖ أَفَتَأۡتُونَ ٱلسِّحۡرَ وَأَنتُمۡ تُبۡصِرُونَ</textIndopak>
    <translations>
      <translation>
        <author>Dr. Mustafa Khattab, the Clear Quran</author>
        <text>with their hearts ˹totally˺ distracted. The evildoers would converse secretly, ˹saying,˺ “Is this ˹one˺ not human like yourselves? Would you fall for ˹this˺ witchcraft, even though you can ˹clearly˺ see?”</text>
      </translation>
    </translations>
    <rules>[{"start": 39, "end": 42, "rule_id": 0}, {"start": 95, "end": 98, "rule_id": 0}, {"start": 42, "end": 44, "rule_id": 1}, {"start": 145, "end": 147, "rule_id": 1}, {"start": 92, "end": 98, "rule_id": 3}, {"start": 137, "end": 140, "rule_id": 6}, {"start": 7, "end": 12, "rule_id": 6}]</rules>
  </verse>
  <verse>
    <verseIdArabic>٤</verseIdArabic>
    <verseId>4</verseId>
    <chapterId>21</chapterId>
    <textIndopak>قَالَ رَبِّي يَعۡلَمُ ٱلۡقَوۡلَ فِي ٱلسَّمَآءِ وَٱلۡأَرۡضِۖ وَهُوَ ٱلسَّمِيعُ ٱلۡعَلِيمُ</textIndopak>
    <translations>
      <translation>
        <author>Dr. Mustafa Khattab, the Clear Quran</author>
        <text>The Prophet responded, “My Lord ˹fully˺ knows every word spoken in the heavens and the earth. For He is the All-Hearing, All-Knowing.”</text>
      </translation>
    </translations>
  </verse>
  <verse>
    <verseIdArabic>٥</verseIdArabic>
    <verseId>5</verseId>
    <chapterId>21</chapterId>
    <textIndopak>بَلۡ قَالُوٓاْ أَضۡغَٰثُ أَحۡلَٰمِۭ بَلِ ٱفۡتَرَىٰهُ بَلۡ هُوَ شَاعِرٞ فَلۡيَأۡتِنَا بِـَٔايَةٖ كَمَآ أُرۡسِلَ ٱلۡأَوَّلُونَ</textIndopak>
    <translations>
      <translation>
        <author>Dr. Mustafa Khattab, the Clear Quran</author>
        <text>Yet they say, “This ˹Quran˺ is a set of confused dreams! No, he has fabricated it! No, he must be a poet! So let him bring us a ˹tangible˺ sign like those ˹prophets˺ sent before.”</text>
      </translation>
    </translations>
    <rules>[{"start": 32, "end": 38, "rule_id": 2}, {"start": 68, "end": 73, "rule_id": 6}, {"start": 93, "end": 98, "rule_id": 6}]</rules>
  </verse>
  <verse>
    <verseIdArabic>٦</verseIdArabic>
    <verseId>6</verseId>
    <chapterId>21</chapterId>
    <textIndopak>مَآ ءَامَنَتۡ قَبۡلَهُم مِّن قَرۡيَةٍ أَهۡلَكۡنَٰهَآۖ أَفَهُمۡ يُؤۡمِنُونَ</textIndopak>
    <translations>
      <translation>
        <author>Dr. Mustafa Khattab, the Clear Quran</author>
        <text>Not a ˹single˺ society We destroyed before them ever believed ˹after receiving the signs˺. Will these ˹pagans˺ then believe?</text>
      </translation>
    </translations>
    <rules>[{"start": 25, "end": 28, "rule_id": 0}, {"start": 17, "end": 19, "rule_id": 1}, {"start": 23, "end": 28, "rule_id": 4}, {"start": 28, "end": 32, "rule_id": 6}]</rules>
  </verse>
  <verse>
    <verseIdArabic>٧</verseIdArabic>
    <verseId>7</verseId>
    <chapterId>21</chapterId>
    <textIndopak>وَمَآ أَرۡسَلۡنَا قَبۡلَكَ إِلَّا رِجَالٗا نُّوحِيٓ إِلَيۡهِمۡۖ فَسۡـَٔلُوٓاْ أَهۡلَ ٱلذِّكۡرِ إِن كُنتُمۡ لَا تَعۡلَمُونَ</textIndopak>
    <translations>
      <translation>
        <author>Dr. Mustafa Khattab, the Clear Quran</author>
        <text>We did not send ˹messengers˺ before you ˹O Prophet˺ except mere men inspired by Us. If you ˹polytheists˺ do not know ˹this already˺, then ask those who have knowledge ˹of the Scriptures˺.</text>
      </translation>
    </translations>
    <rules>[{"start": 44, "end": 47, "rule_id": 0}, {"start": 21, "end": 23, "rule_id": 1}, {"start": 40, "end": 47, "rule_id": 3}, {"start": 99, "end": 103, "rule_id": 6}, {"start": 103, "end": 106, "rule_id": 6}]</rules>
  </verse>
  <verse>
    <verseIdArabic>٨</verseIdArabic>
    <verseId>8</verseId>
    <chapterId>21</chapterId>
    <textIndopak>وَمَا جَعَلۡنَٰهُمۡ جَسَدٗا لَّا يَأۡكُلُونَ ٱلطَّعَامَ وَمَا كَانُواْ خَٰلِدِينَ</textIndopak>
    <translations>
      <translation>
        <author>Dr. Mustafa Khattab, the Clear Quran</author>
        <text>We did not give those messengers ˹supernatural˺ bodies that did not need food, nor were they immortal.</text>
      </translation>
    </translations>
    <rules>[{"start": 24, "end": 31, "rule_id": 5}]</rules>
  </verse>
  <verse>
    <verseIdArabic>٩</verseIdArabic>
    <verseId>9</verseId>
    <chapterId>21</chapterId>
    <textIndopak>ثُمَّ صَدَقۡنَٰهُمُ ٱلۡوَعۡدَ فَأَنجَيۡنَٰهُمۡ وَمَن نَّشَآءُ وَأَهۡلَكۡنَا ٱلۡمُسۡرِفِينَ</textIndopak>
    <translations>
      <translation>
        <author>Dr. Mustafa Khattab, the Clear Quran</author>
        <text>Then We fulfilled Our promise to them, saving them along with whoever We willed and destroying the transgressors.</text>
      </translation>
    </translations>
    <rules>[{"start": 2, "end": 5, "rule_id": 0}, {"start": 53, "end": 56, "rule_id": 0}, {"start": 10, "end": 12, "rule_id": 1}, {"start": 51, "end": 56, "rule_id": 3}, {"start": 34, "end": 37, "rule_id": 6}]</rules>
  </verse>
  <verse>
    <verseIdArabic>١٠</verseIdArabic>
    <verseId>10</verseId>
    <chapterId>21</chapterId>
    <textIndopak>لَقَدۡ أَنزَلۡنَآ إِلَيۡكُمۡ كِتَٰبٗا فِيهِ ذِكۡرُكُمۡۚ أَفَلَا تَعۡقِلُونَ</textIndopak>
    <translations>
      <translation>
        <author>Dr. Mustafa Khattab, the Clear Quran</author>
        <text>We have surely revealed to you a Book, in which there is glory for you. Will you not then understand?</text>
      </translation>
    </translations>
    <rules>[{"start": 4, "end": 6, "rule_id": 1}, {"start": 9, "end": 12, "rule_id": 6}]</rules>
  </verse>
  <verse>
    <verseIdArabic>١١</verseIdArabic>
    <verseId>11</verseId>
    <chapterId>21</chapterId>
    <textIndopak>وَكَمۡ قَصَمۡنَا مِن قَرۡيَةٖ كَانَتۡ ظَالِمَةٗ وَأَنشَأۡنَا بَعۡدَهَا قَوۡمًا ءَاخَرِينَ</textIndopak>
    <translations>
      <translation>
        <author>Dr. Mustafa Khattab, the Clear Quran</author>
        <text>˹Imagine˺ how many societies of wrongdoers We have destroyed, raising up other people after them!</text>
      </translation>
    </translations>
    <rules>[{"start": 45, "end": 50, "rule_id": 3}, {"start": 19, "end": 23, "rule_id": 6}, {"start": 52, "end": 55, "rule_id": 6}, {"start": 27, "end": 32, "rule_id": 6}]</rules>
  </verse>
  <verse>
    <verseIdArabic>١٢</verseIdArabic>
    <verseId>12</verseId>
    <chapterId>21</chapterId>
    <textIndopak>فَلَمَّآ أَحَسُّواْ بَأۡسَنَآ إِذَا هُم مِّنۡهَا يَرۡكُضُونَ</textIndopak>
    <translations>
      <translation>
        <author>Dr. Mustafa Khattab, the Clear Quran</author>
        <text>When the wrongdoers sensed ˹the arrival of˺ Our torment, they started to run away from their cities.</text>
      </translation>
    </translations>
    <rules>[{"start": 4, "end": 7, "rule_id": 0}, {"start": 42, "end": 45, "rule_id": 0}, {"start": 40, "end": 45, "rule_id": 4}]</rules>
  </verse>
  <verse>
    <verseIdArabic>١٣</verseIdArabic>
    <verseId>13</verseId>
    <chapterId>21</chapterId>
    <textIndopak>لَا تَرۡكُضُواْ وَٱرۡجِعُوٓاْ إِلَىٰ مَآ أُتۡرِفۡتُمۡ فِيهِ وَمَسَٰكِنِكُمۡ لَعَلَّكُمۡ تُسۡـَٔلُونَ</textIndopak>
    <translations>
      <translation>
        <author>Dr. Mustafa Khattab, the Clear Quran</author>
        <text>˹They were told,˺ “Do not run away! Return to your luxuries and your homes, so you may be questioned ˹about your fate˺.”</text>
      </translation>
    </translations>
  </verse>
  <verse>
    <verseIdArabic>١٤</verseIdArabic>
    <verseId>14</verseId>
    <chapterId>21</chapterId>
    <textIndopak>قَالُواْ يَٰوَيۡلَنَآ إِنَّا كُنَّا ظَٰلِمِينَ</textIndopak>
    <translations>
      <translation>
        <author>Dr. Mustafa Khattab, the Clear Quran</author>
        <text>They cried, “Woe to us! We have surely been wrongdoers.”</text>
      </translation>
    </translations>
    <rules>[{"start": 25, "end": 28, "rule_id": 0}, {"start": 32, "end": 35, "rule_id": 0}]</rules>
  </verse>
  <verse>
    <verseIdArabic>١٥</verseIdArabic>
    <verseId>15</verseId>
    <chapterId>21</chapterId>
    <textIndopak>فَمَا زَالَت تِّلۡكَ دَعۡوَىٰهُمۡ حَتَّىٰ جَعَلۡنَٰهُمۡ حَصِيدًا خَٰمِدِينَ</textIndopak>
    <translations>
      <translation>
        <author>Dr. Mustafa Khattab, the Clear Quran</author>
        <text>They kept repeating their cry until We mowed them down, ˹leaving them˺ lifeless.</text>
      </translation>
    </translations>
  </verse>
  <verse>
    <verseIdArabic>١٦</verseIdArabic>
    <verseId>16</verseId>
    <chapterId>21</chapterId>
    <textIndopak>وَمَا خَلَقۡنَا ٱلسَّمَآءَ وَٱلۡأَرۡضَ وَمَا بَيۡنَهُمَا لَٰعِبِينَ</textIndopak>
    <translations>
      <translation>
        <author>Dr. Mustafa Khattab, the Clear Quran</author>
        <text>We did not create the heavens and the earth and everything in between for sport.</text>
      </translation>
    </translations>
    <rules>[{"start": 10, "end": 12, "rule_id": 1}]</rules>
  </verse>
  <verse>
    <verseIdArabic>١٧</verseIdArabic>
    <verseId>17</verseId>
    <chapterId>21</chapterId>
    <textIndopak>لَوۡ أَرَدۡنَآ أَن نَّتَّخِذَ لَهۡوٗا لَّٱتَّخَذۡنَٰهُ مِن لَّدُنَّآ إِن كُنَّا فَٰعِلِينَ</textIndopak>
    <translations>
      <translation>
        <author>Dr. Mustafa Khattab, the Clear Quran</author>
        <text>Had We intended to take ˹some˺ amusement, We could have found it in Our presence, if that had been Our Will.</text>
      </translation>
    </translations>
    <rules>[{"start": 20, "end": 23, "rule_id": 0}, {"start": 65, "end": 68, "rule_id": 0}, {"start": 77, "end": 80, "rule_id": 0}, {"start": 9, "end": 11, "rule_id": 1}, {"start": 18, "end": 23, "rule_id": 3}, {"start": 58, "end": 63, "rule_id": 5}, {"start": 35, "end": 42, "rule_id": 5}, {"start": 73, "end": 77, "rule_id": 6}]</rules>
  </verse>
  <verse>
    <verseIdArabic>١٨</verseIdArabic>
    <verseId>18</verseId>
    <chapterId>21</chapterId>
    <textIndopak>بَلۡ نَقۡذِفُ بِٱلۡحَقِّ عَلَى ٱلۡبَٰطِلِ فَيَدۡمَغُهُۥ فَإِذَا هُوَ زَاهِقٞۚ وَلَكُمُ ٱلۡوَيۡلُ مِمَّا تَصِفُونَ</textIndopak>
    <translations>
      <translation>
        <author>Dr. Mustafa Khattab, the Clear Quran</author>
        <text>In fact, We hurl the truth against falsehood, leaving it crushed, and it quickly vanishes. And woe be to you for what you claim!</text>
      </translation>
    </translations>
    <rules>[{"start": 100, "end": 103, "rule_id": 0}, {"start": 7, "end": 9, "rule_id": 1}, {"start": 46, "end": 48, "rule_id": 1}]</rules>
  </verse>
  <verse>
    <verseIdArabic>١٩</verseIdArabic>
    <verseId>19</verseId>
    <chapterId>21</chapterId>
    <textIndopak>وَلَهُۥ مَن فِي ٱلسَّمَٰوَٰتِ وَٱلۡأَرۡضِۚ وَمَنۡ عِندَهُۥ لَا يَسۡتَكۡبِرُونَ عَنۡ عِبَادَتِهِۦ وَلَا يَسۡتَحۡسِرُونَ</textIndopak>
    <translations>
      <translation>
        <author>Dr. Mustafa Khattab, the Clear Quran</author>
        <text>To Him belong all those in the heavens and the earth. And those nearest to Him are not too proud to worship Him, nor do they tire.</text>
      </translation>
    </translations>
    <rules>[{"start": 10, "end": 14, "rule_id": 6}, {"start": 53, "end": 56, "rule_id": 6}]</rules>
  </verse>
  <verse>
    <verseIdArabic>٢٠</verseIdArabic>
    <verseId>20</verseId>
    <chapterId>21</chapterId>
    <textIndopak>يُسَبِّحُونَ ٱلَّيۡلَ وَٱلنَّهَارَ لَا يَفۡتُرُونَ</textIndopak>
    <translations>
      <translation>
        <author>Dr. Mustafa Khattab, the Clear Quran</author>
        <text>They glorify ˹Him˺ day and night, never wavering.</text>
      </translation>
    </translations>
    <rules>[{"start": 26, "end": 29, "rule_id": 0}]</rules>
  </verse>
  <verse>
    <verseIdArabic>٢١</verseIdArabic>
    <verseId>21</verseId>
    <chapterId>21</chapterId>
    <textIndopak>أَمِ ٱتَّخَذُوٓاْ ءَالِهَةٗ مِّنَ ٱلۡأَرۡضِ هُمۡ يُنشِرُونَ</textIndopak>
    <translations>
      <translation>
        <author>Dr. Mustafa Khattab, the Clear Quran</author>
        <text>Or have they taken gods from the earth, who can raise the dead?</text>
      </translation>
    </translations>
    <rules>[{"start": 28, "end": 31, "rule_id": 0}, {"start": 25, "end": 31, "rule_id": 3}, {"start": 51, "end": 54, "rule_id": 6}]</rules>
  </verse>
  <verse>
    <verseIdArabic>٢٢</verseIdArabic>
    <verseId>22</verseId>
    <chapterId>21</chapterId>
    <textIndopak>لَوۡ كَانَ فِيهِمَآ ءَالِهَةٌ إِلَّا ٱللَّهُ لَفَسَدَتَاۚ فَسُبۡحَٰنَ ٱللَّهِ رَبِّ ٱلۡعَرۡشِ عَمَّا يَصِفُونَ</textIndopak>
    <translations>
      <translation>
        <author>Dr. Mustafa Khattab, the Clear Quran</author>
        <text>Had there been other gods besides Allah in the heavens or the earth, both ˹realms˺ would have surely been corrupted. So Glorified is Allah, Lord of the Throne, far above what they claim.</text>
      </translation>
    </translations>
    <rules>[{"start": 98, "end": 101, "rule_id": 0}, {"start": 64, "end": 66, "rule_id": 1}]</rules>
  </verse>
  <verse>
    <verseIdArabic>٢٣</verseIdArabic>
    <verseId>23</verseId>
    <chapterId>21</chapterId>
    <textIndopak>لَا يُسۡـَٔلُ عَمَّا يَفۡعَلُ وَهُمۡ يُسۡـَٔلُونَ</textIndopak>
    <translations>
      <translation>
        <author>Dr. Mustafa Khattab, the Clear Quran</author>
        <text>He cannot be questioned about what He does, but they will ˹all˺ be questioned.</text>
      </translation>
    </translations>
    <rules>[{"start": 16, "end": 19, "rule_id": 0}]</rules>
  </verse>
  <verse>
    <verseIdArabic>٢٤</verseIdArabic>
    <verseId>24</verseId>
    <chapterId>21</chapterId>
    <textIndopak>أَمِ ٱتَّخَذُواْ مِن دُونِهِۦٓ ءَالِهَةٗۖ قُلۡ هَاتُواْ بُرۡهَٰنَكُمۡۖ هَٰذَا ذِكۡرُ مَن مَّعِيَ وَذِكۡرُ مَن قَبۡلِيۚ بَلۡ أَكۡثَرُهُمۡ لَا يَعۡلَمُونَ ٱلۡحَقَّۖ فَهُم مُّعۡرِضُونَ</textIndopak>
    <translations>
      <translation>
        <author>Dr. Mustafa Khattab, the Clear Quran</author>
        <text>Or have they taken other gods besides Him? Say, ˹O Prophet,˺ “Show ˹me˺ your proof. Here is ˹the Quran,˺ the Reminder for those with me; along with ˹earlier Scriptures,˺ the Reminder for those before me.” But most of them do not know the truth, so they turn away.</text>
      </translation>
    </translations>
    <rules>[{"start": 91, "end": 94, "rule_id": 0}, {"start": 173, "end": 176, "rule_id": 0}, {"start": 114, "end": 116, "rule_id": 1}, {"start": 89, "end": 94, "rule_id": 3}, {"start": 171, "end": 176, "rule_id": 4}, {"start": 19, "end": 23, "rule_id": 6}, {"start": 110, "end": 114, "rule_id": 6}]</rules>
  </verse>
  <verse>
    <verseIdArabic>٢٥</verseIdArabic>
    <verseId>25</verseId>
    <chapterId>21</chapterId>
    <textIndopak>وَمَآ أَرۡسَلۡنَا مِن قَبۡلِكَ مِن رَّسُولٍ إِلَّا نُوحِيٓ إِلَيۡهِ أَنَّهُۥ لَآ إِلَٰهَ إِلَّآ أَنَا۠ فَٱعۡبُدُونِ</textIndopak>
    <translations>
      <translation>
        <author>Dr. Mustafa Khattab, the Clear Quran</author>
        <text>We never sent a messenger before you ˹O Prophet˺ without revealing to him: “There is no god ˹worthy of worship˺ except Me, so worship Me ˹alone˺.”</text>
      </translation>
    </translations>
    <rules>[{"start": 71, "end": 74, "rule_id": 0}, {"start": 25, "end": 27, "rule_id": 1}, {"start": 34, "end": 39, "rule_id": 5}, {"start": 21, "end": 25, "rule_id": 6}]</rules>
  </verse>
  <verse>
    <verseIdArabic>٢٦</verseIdArabic>
    <verseId>26</verseId>
    <chapterId>21</chapterId>
    <textIndopak>وَقَالُواْ ٱتَّخَذَ ٱلرَّحۡمَٰنُ وَلَدٗاۗ سُبۡحَٰنَهُۥۚ بَلۡ عِبَادٞ مُّكۡرَمُونَ</textIndopak>
    <translations>
      <translation>
        <author>Dr. Mustafa Khattab, the Clear Quran</author>
        <text>And they say, “The Most Compassionate has offspring!” Glory be to Him! In fact, those ˹angels˺ are only ˹His˺ honoured servants,</text>
      </translation>
    </translations>
    <rules>[{"start": 71, "end": 74, "rule_id": 0}, {"start": 45, "end": 47, "rule_id": 1}, {"start": 68, "end": 74, "rule_id": 3}]</rules>
  </verse>
  <verse>
    <verseIdArabic>٢٧</verseIdArabic>
    <verseId>27</verseId>
    <chapterId>21</chapterId>
    <textIndopak>لَا يَسۡبِقُونَهُۥ بِٱلۡقَوۡلِ وَهُم بِأَمۡرِهِۦ يَعۡمَلُونَ</textIndopak>
    <translations>
      <translation>
        <author>Dr. Mustafa Khattab, the Clear Quran</author>
        <text>who do not speak until He has spoken, ˹only˺ acting at His command.</text>
      </translation>
    </translations>
    <rules>[{"start": 35, "end": 39, "rule_id": 7}]</rules>
  </verse>
  <verse>
    <verseIdArabic>٢٨</verseIdArabic>
    <verseId>28</verseId>
    <chapterId>21</chapterId>
    <textIndopak>يَعۡلَمُ مَا بَيۡنَ أَيۡدِيهِمۡ وَمَا خَلۡفَهُمۡ وَلَا يَشۡفَعُونَ إِلَّا لِمَنِ ٱرۡتَضَىٰ وَهُم مِّنۡ خَشۡيَتِهِۦ مُشۡفِقُونَ</textIndopak>
    <translations>
      <translation>
        <author>Dr. Mustafa Khattab, the Clear Quran</author>
        <text>He ˹fully˺ knows what is ahead of them and what is behind them. They do not intercede except for whom He approves, and they tremble in awe of Him.</text>
      </translation>
    </translations>
    <rules>[{"start": 97, "end": 100, "rule_id": 0}, {"start": 95, "end": 100, "rule_id": 4}]</rules>
  </verse>
  <verse>
    <verseIdArabic>٢٩</verseIdArabic>
    <verseId>29</verseId>
    <chapterId>21</chapterId>
    <textIndopak>۞ وَمَن يَقُلۡ مِنۡهُمۡ إِنِّيٓ إِلَٰهٞ مِّن دُونِهِۦ فَذَٰلِكَ نَجۡزِيهِ جَهَنَّمَۚ كَذَٰلِكَ نَجۡزِي ٱلظَّٰلِمِينَ</textIndopak>
    <translations>
      <translation>
        <author>Dr. Mustafa Khattab, the Clear Quran</author>
        <text>Whoever of them were to say, “I am a god besides Him,” they would be rewarded with Hell by Us. This is how We reward the wrongdoers.</text>
      </translation>
    </translations>
    <rules>[{"start": 26, "end": 29, "rule_id": 0}, {"start": 40, "end": 43, "rule_id": 0}, {"start": 78, "end": 81, "rule_id": 0}, {"start": 66, "end": 68, "rule_id": 1}, {"start": 98, "end": 100, "rule_id": 1}, {"start": 6, "end": 10, "rule_id": 3}, {"start": 37, "end": 43, "rule_id": 3}, {"start": 43, "end": 47, "rule_id": 6}]</rules>
  </verse>
  <verse>
    <verseIdArabic>٣٠</verseIdArabic>
    <verseId>30</verseId>
    <chapterId>21</chapterId>
    <textIndopak>أَوَلَمۡ يَرَ ٱلَّذِينَ كَفَرُوٓاْ أَنَّ ٱلسَّمَٰوَٰتِ وَٱلۡأَرۡضَ كَانَتَا رَتۡقٗا فَفَتَقۡنَٰهُمَاۖ وَجَعَلۡنَا مِنَ ٱلۡمَآءِ كُلَّ شَيۡءٍ حَيٍّۚ أَفَلَا يُؤۡمِنُونَ</textIndopak>
    <translations>
      <translation>
        <author>Dr. Mustafa Khattab, the Clear Quran</author>
        <text>Do the disbelievers not realize that the heavens and earth were ˹once˺ one mass then We split them apart? And We created from water every living thing. Will they not then believe?</text>
      </translation>
    </translations>
    <rules>[{"start": 37, "end": 40, "rule_id": 0}, {"start": 90, "end": 92, "rule_id": 1}]</rules>
  </verse>
  <verse>
    <verseIdArabic>٣١</verseIdArabic>
    <verseId>31</verseId>
    <chapterId>21</chapterId>
    <textIndopak>وَجَعَلۡنَا فِي ٱلۡأَرۡضِ رَوَٰسِيَ أَن تَمِيدَ بِهِمۡ وَجَعَلۡنَا فِيهَا فِجَاجٗا سُبُلٗا لَّعَلَّهُمۡ يَهۡتَدُونَ</textIndopak>
    <translations>
      <translation>
        <author>Dr. Mustafa Khattab, the Clear Quran</author>
        <text>And We have placed firm mountains upon the earth so it does not shake with them, and made in it broad pathways so they may find their way.</text>
      </translation>
    </translations>
    <rules>[{"start": 87, "end": 94, "rule_id": 5}, {"start": 38, "end": 42, "rule_id": 6}]</rules>
  </verse>
  <verse>
    <verseIdArabic>٣٢</verseIdArabic>
    <verseId>32</verseId>
    <chapterId>21</chapterId>
    <textIndopak>وَجَعَلۡنَا ٱلسَّمَآءَ سَقۡفٗا مَّحۡفُوظٗاۖ وَهُمۡ عَنۡ ءَايَٰتِهَا مُعۡرِضُونَ</textIndopak>
    <translations>
      <translation>
        <author>Dr. Mustafa Khattab, the Clear Quran</author>
        <text>And We have made the sky a well-protected canopy, still they turn away from its signs.</text>
      </translation>
    </translations>
    <rules>[{"start": 32, "end": 35, "rule_id": 0}, {"start": 26, "end": 28, "rule_id": 1}, {"start": 28, "end": 35, "rule_id": 3}, {"start": 40, "end": 48, "rule_id": 3}]</rules>
  </verse>
  <verse>
    <verseIdArabic>٣٣</verseIdArabic>
    <verseId>33</verseId>
    <chapterId>21</chapterId>
    <textIndopak>وَهُوَ ٱلَّذِي خَلَقَ ٱلَّيۡلَ وَٱلنَّهَارَ وَٱلشَّمۡسَ وَٱلۡقَمَرَۖ كُلّٞ فِي فَلَكٖ يَسۡبَحُونَ</textIndopak>
    <translations>
      <translation>
        <author>Dr. Mustafa Khattab, the Clear Quran</author>
        <text>And He is the One Who created the day and the night, the sun and the moon—each travelling in an orbit.</text>
      </translation>
    </translations>
    <rules>[{"start": 35, "end": 38, "rule_id": 0}, {"start": 84, "end": 89, "rule_id": 3}, {"start": 72, "end": 78, "rule_id": 6}]</rules>
  </verse>
  <verse>
    <verseIdArabic>٣٤</verseIdArabic>
    <verseId>34</verseId>
    <chapterId>21</chapterId>
    <textIndopak>وَمَا جَعَلۡنَا لِبَشَرٖ مِّن قَبۡلِكَ ٱلۡخُلۡدَۖ أَفَإِيْن مِّتَّ فَهُمُ ٱلۡخَٰلِدُونَ</textIndopak>
    <translations>
      <translation>
        <author>Dr. Mustafa Khattab, the Clear Quran</author>
        <text>We have not granted immortality to any human before you ˹O Prophet˺: so if you die, will they live forever?</text>
      </translation>
    </translations>
    <rules>[{"start": 25, "end": 28, "rule_id": 0}, {"start": 61, "end": 64, "rule_id": 0}, {"start": 32, "end": 34, "rule_id": 1}, {"start": 59, "end": 64, "rule_id": 3}, {"start": 22, "end": 28, "rule_id": 3}, {"start": 28, "end": 32, "rule_id": 6}]</rules>
  </verse>
  <verse>
    <verseIdArabic>٣٥</verseIdArabic>
    <verseId>35</verseId>
    <chapterId>21</chapterId>
    <textIndopak>كُلُّ نَفۡسٖ ذَآئِقَةُ ٱلۡمَوۡتِۗ وَنَبۡلُوكُم بِٱلشَّرِّ وَٱلۡخَيۡرِ فِتۡنَةٗۖ وَإِلَيۡنَا تُرۡجَعُونَ</textIndopak>
    <translations>
      <translation>
        <author>Dr. Mustafa Khattab, the Clear Quran</author>
        <text>Every soul will taste death. And We test you ˹O humanity˺ with good and evil as a trial, then to Us you will ˹all˺ be returned.</text>
      </translation>
    </translations>
    <rules>[{"start": 40, "end": 42, "rule_id": 1}, {"start": 78, "end": 85, "rule_id": 3}, {"start": 10, "end": 15, "rule_id": 6}, {"start": 47, "end": 51, "rule_id": 7}]</rules>
  </verse>
  <verse>
    <verseIdArabic>٣٦</verseIdArabic>
    <verseId>36</verseId>
    <chapterId>21</chapterId>
    <textIndopak>وَإِذَا رَءَاكَ ٱلَّذِينَ كَفَرُوٓاْ إِن يَتَّخِذُونَكَ إِلَّا هُزُوًا أَهَٰذَا ٱلَّذِي يَذۡكُرُ ءَالِهَتَكُمۡ وَهُم بِذِكۡرِ ٱلرَّحۡمَٰنِ هُمۡ كَٰفِرُونَ</textIndopak>
    <translations>
      <translation>
        <author>Dr. Mustafa Khattab, the Clear Quran</author>
        <text>When the disbelievers see you ˹O Prophet˺, they only make fun of you, ˹saying,˺ “Is this the one who speaks ˹ill˺ of your gods?” while they disbelieve at the mention of the Most Compassionate.</text>
      </translation>
    </translations>
    <rules>[{"start": 39, "end": 43, "rule_id": 3}, {"start": 115, "end": 119, "rule_id": 7}]</rules>
  </verse>
  <verse>
    <verseIdArabic>٣٧</verseIdArabic>
    <verseId>37</verseId>
    <chapterId>21</chapterId>
    <textIndopak>خُلِقَ ٱلۡإِنسَٰنُ مِنۡ عَجَلٖۚ سَأُوْرِيكُمۡ ءَايَٰتِي فَلَا تَسۡتَعۡجِلُونِ</textIndopak>
    <translations>
      <translation>
        <author>Dr. Mustafa Khattab, the Clear Quran</author>
        <text>Humankind is made of haste. I will soon show you My signs, so do not ask Me to hasten them.</text>
      </translation>
    </translations>
    <rules>[{"start": 12, "end": 16, "rule_id": 6}]</rules>
  </verse>
  <verse>
    <verseIdArabic>٣٨</verseIdArabic>
    <verseId>38</verseId>
    <chapterId>21</chapterId>
    <textIndopak>وَيَقُولُونَ مَتَىٰ هَٰذَا ٱلۡوَعۡدُ إِن كُنتُمۡ صَٰدِقِينَ</textIndopak>
    <translations>
      <translation>
        <author>Dr. Mustafa Khattab, the Clear Quran</author>
        <text>They ask ˹the believers˺, “When will this threat come to pass if what you say is true?”</text>
      </translation>
    </translations>
    <rules>[{"start": 39, "end": 43, "rule_id": 6}, {"start": 43, "end": 46, "rule_id": 6}]</rules>
  </verse>
  <verse>
    <verseIdArabic>٣٩</verseIdArabic>
    <verseId>39</verseId>
    <chapterId>21</chapterId>
    <textIndopak>لَوۡ يَعۡلَمُ ٱلَّذِينَ كَفَرُواْ حِينَ لَا يَكُفُّونَ عَن وُجُوهِهِمُ ٱلنَّارَ وَلَا عَن ظُهُورِهِمۡ وَلَا هُمۡ يُنصَرُونَ</textIndopak>
    <translations>
      <translation>
        <author>Dr. Mustafa Khattab, the Clear Quran</author>
        <text>If only the disbelievers knew that a time will come when they will not be able to keep the Fire off their faces or backs, nor will they be helped.</text>
      </translation>
    </translations>
    <rules>[{"start": 73, "end": 76, "rule_id": 0}, {"start": 57, "end": 61, "rule_id": 3}, {"start": 88, "end": 92, "rule_id": 6}, {"start": 115, "end": 118, "rule_id": 6}]</rules>
  </verse>
  <verse>
    <verseIdArabic>٤٠</verseIdArabic>
    <verseId>40</verseId>
    <chapterId>21</chapterId>
    <textIndopak>بَلۡ تَأۡتِيهِم بَغۡتَةٗ فَتَبۡهَتُهُمۡ فَلَا يَسۡتَطِيعُونَ رَدَّهَا وَلَا هُمۡ يُنظَرُونَ</textIndopak>
    <translations>
      <translation>
        <author>Dr. Mustafa Khattab, the Clear Quran</author>
        <text>In fact, the Hour will take them by surprise, leaving them stunned. So they will not be able to avert it, nor will it be delayed from them.</text>
      </translation>
    </translations>
    <rules>[{"start": 29, "end": 31, "rule_id": 1}, {"start": 83, "end": 86, "rule_id": 6}, {"start": 22, "end": 27, "rule_id": 6}, {"start": 14, "end": 18, "rule_id": 7}]</rules>
  </verse>
  <verse>
    <verseIdArabic>٤١</verseIdArabic>
    <verseId>41</verseId>
    <chapterId>21</chapterId>
    <textIndopak>وَلَقَدِ ٱسۡتُهۡزِئَ بِرُسُلٖ مِّن قَبۡلِكَ فَحَاقَ بِٱلَّذِينَ سَخِرُواْ مِنۡهُم مَّا كَانُواْ بِهِۦ يَسۡتَهۡزِءُونَ</textIndopak>
    <translations>
      <translation>
        <author>Dr. Mustafa Khattab, the Clear Quran</author>
        <text>˹Other˺ messengers had already been ridiculed before you ˹O Prophet˺, but those who mocked them were overtaken by what they used to ridicule.</text>
      </translation>
    </translations>
    <rules>[{"start": 30, "end": 33, "rule_id": 0}, {"start": 82, "end": 85, "rule_id": 0}, {"start": 37, "end": 39, "rule_id": 1}, {"start": 27, "end": 33, "rule_id": 3}, {"start": 80, "end": 85, "rule_id": 4}, {"start": 33, "end": 37, "rule_id": 6}]</rules>
  </verse>
  <verse>
    <verseIdArabic>٤٢</verseIdArabic>
    <verseId>42</verseId>
    <chapterId>21</chapterId>
    <textIndopak>قُلۡ مَن يَكۡلَؤُكُم بِٱلَّيۡلِ وَٱلنَّهَارِ مِنَ ٱلرَّحۡمَٰنِۚ بَلۡ هُمۡ عَن ذِكۡرِ رَبِّهِم مُّعۡرِضُونَ</textIndopak>
    <translations>
      <translation>
        <author>Dr. Mustafa Khattab, the Clear Quran</author>
        <text>Ask ˹them, O Prophet,˺ “Who can defend you by day or by night against the Most Compassionate?” Still they turn away from the remembrance of their Lord.</text>
      </translation>
    </translations>
    <rules>[{"start": 36, "end": 39, "rule_id": 0}, {"start": 95, "end": 98, "rule_id": 0}, {"start": 7, "end": 11, "rule_id": 3}, {"start": 93, "end": 98, "rule_id": 4}, {"start": 77, "end": 81, "rule_id": 6}, {"start": 19, "end": 23, "rule_id": 7}]</rules>
  </verse>
  <verse>
    <verseIdArabic>٤٣</verseIdArabic>
    <verseId>43</verseId>
    <chapterId>21</chapterId>
    <textIndopak>أَمۡ لَهُمۡ ءَالِهَةٞ تَمۡنَعُهُم مِّن دُونِنَاۚ لَا يَسۡتَطِيعُونَ نَصۡرَ أَنفُسِهِمۡ وَلَا هُم مِّنَّا يُصۡحَبُونَ</textIndopak>
    <translations>
      <translation>
        <author>Dr. Mustafa Khattab, the Clear Quran</author>
        <text>Or do they have gods—other than Us—that can protect them? They cannot ˹even˺ protect themselves, nor will they be aided against Us.</text>
      </translation>
    </translations>
    <rules>[{"start": 34, "end": 37, "rule_id": 0}, {"start": 98, "end": 101, "rule_id": 0}, {"start": 101, "end": 104, "rule_id": 0}, {"start": 32, "end": 37, "rule_id": 4}, {"start": 96, "end": 101, "rule_id": 4}, {"start": 37, "end": 41, "rule_id": 6}, {"start": 78, "end": 81, "rule_id": 6}, {"start": 19, "end": 24, "rule_id": 6}]</rules>
  </verse>
  <verse>
    <verseIdArabic>٤٤</verseIdArabic>
    <verseId>44</verseId>
    <chapterId>21</chapterId>
    <textIndopak>بَلۡ مَتَّعۡنَا هَٰٓؤُلَآءِ وَءَابَآءَهُمۡ حَتَّىٰ طَالَ عَلَيۡهِمُ ٱلۡعُمُرُۗ أَفَلَا يَرَوۡنَ أَنَّا نَأۡتِي ٱلۡأَرۡضَ نَنقُصُهَا مِنۡ أَطۡرَافِهَآۚ أَفَهُمُ ٱلۡغَٰلِبُونَ</textIndopak>
    <translations>
      <translation>
        <author>Dr. Mustafa Khattab, the Clear Quran</author>
        <text>In fact, We have allowed enjoyment for these ˹Meccans˺ and their forefathers for such a long time ˹that they took it for granted˺. Do they not see that We gradually reduce ˹their˺ land from its borders? Is it they who will then prevail?</text>
      </translation>
    </translations>
    <rules>[{"start": 101, "end": 104, "rule_id": 0}, {"start": 142, "end": 144, "rule_id": 1}, {"start": 126, "end": 129, "rule_id": 6}]</rules>
  </verse>
  <verse>
    <verseIdArabic>٤٥</verseIdArabic>
    <verseId>45</verseId>
    <chapterId>21</chapterId>
    <textIndopak>قُلۡ إِنَّمَآ أُنذِرُكُم بِٱلۡوَحۡيِۚ وَلَا يَسۡمَعُ ٱلصُّمُّ ٱلدُّعَآءَ إِذَا مَا يُنذَرُونَ</textIndopak>
    <translations>
      <translation>
        <author>Dr. Mustafa Khattab, the Clear Quran</author>
        <text>Say, ˹O Prophet,˺ “I warn you only by revelation.” But the deaf cannot hear the call when they are warned!</text>
      </translation>
    </translations>
    <rules>[{"start": 7, "end": 10, "rule_id": 0}, {"start": 60, "end": 63, "rule_id": 0}, {"start": 17, "end": 20, "rule_id": 6}, {"start": 88, "end": 91, "rule_id": 6}, {"start": 24, "end": 28, "rule_id": 7}]</rules>
  </verse>
  <verse>
    <verseIdArabic>٤٦</verseIdArabic>
    <verseId>46</verseId>
    <chapterId>21</chapterId>
    <textIndopak>وَلَئِن مَّسَّتۡهُمۡ نَفۡحَةٞ مِّنۡ عَذَابِ رَبِّكَ لَيَقُولُنَّ يَٰوَيۡلَنَآ إِنَّا كُنَّا ظَٰلِمِينَ</textIndopak>
    <translations>
      <translation>
        <author>Dr. Mustafa Khattab, the Clear Quran</author>
        <text>If they were touched by even a breath of your Lord’s torment, they would certainly cry, “Woe to us! We have really been wrongdoers.”</text>
      </translation>
    </translations>
    <rules>[{"start": 8, "end": 11, "rule_id": 0}, {"start": 30, "end": 33, "rule_id": 0}, {"start": 61, "end": 64, "rule_id": 0}, {"start": 81, "end": 84, "rule_id": 0}, {"start": 88, "end": 91, "rule_id": 0}, {"start": 6, "end": 11, "rule_id": 3}, {"start": 27, "end": 33, "rule_id": 3}]</rules>
  </verse>
  <verse>
    <verseIdArabic>٤٧</verseIdArabic>
    <verseId>47</verseId>
    <chapterId>21</chapterId>
    <textIndopak>وَنَضَعُ ٱلۡمَوَٰزِينَ ٱلۡقِسۡطَ لِيَوۡمِ ٱلۡقِيَٰمَةِ فَلَا تُظۡلَمُ نَفۡسٞ شَيۡـٔٗاۖ وَإِن كَانَ مِثۡقَالَ حَبَّةٖ مِّنۡ خَرۡدَلٍ أَتَيۡنَا بِهَاۗ وَكَفَىٰ بِنَا حَٰسِبِينَ</textIndopak>
    <translations>
      <translation>
        <author>Dr. Mustafa Khattab, the Clear Quran</author>
        <text>We will set up the scales of justice on the Day of Judgment, so no soul will be wronged in the least. And ˹even˺ if a deed is the weight of a mustard seed, We will bring it forth. And sufficient are We as a ˹vigilant˺ Reckoner.</text>
      </translation>
    </translations>
    <rules>[{"start": 118, "end": 121, "rule_id": 0}, {"start": 82, "end": 90, "rule_id": 3}, {"start": 115, "end": 121, "rule_id": 3}, {"start": 92, "end": 96, "rule_id": 6}, {"start": 74, "end": 79, "rule_id": 6}]</rules>
  </verse>
  <verse>
    <verseIdArabic>٤٨</verseIdArabic>
    <verseId>48</verseId>
    <chapterId>21</chapterId>
    <textIndopak>وَلَقَدۡ ءَاتَيۡنَا مُوسَىٰ وَهَٰرُونَ ٱلۡفُرۡقَانَ وَضِيَآءٗ وَذِكۡرٗا لِّلۡمُتَّقِينَ</textIndopak>
    <translations>
      <translation>
        <author>Dr. Mustafa Khattab, the Clear Quran</author>
        <text>Indeed, We granted Moses and Aaron the standard ˹to distinguish between right and wrong˺—a light and a reminder for the righteous,</text>
      </translation>
    </translations>
    <rules>[{"start": 6, "end": 8, "rule_id": 1}, {"start": 60, "end": 65, "rule_id": 3}, {"start": 69, "end": 76, "rule_id": 5}]</rules>
  </verse>
  <verse>
    <verseIdArabic>٤٩</verseIdArabic>
    <verseId>49</verseId>
    <chapterId>21</chapterId>
    <textIndopak>ٱلَّذِينَ يَخۡشَوۡنَ رَبَّهُم بِٱلۡغَيۡبِ وَهُم مِّنَ ٱلسَّاعَةِ مُشۡفِقُونَ</textIndopak>
    <translations>
      <translation>
        <author>Dr. Mustafa Khattab, the Clear Quran</author>
        <text>who are in awe of their Lord without seeing Him, and are fearful of the Hour.</text>
      </translation>
    </translations>
    <rules>[{"start": 48, "end": 51, "rule_id": 0}, {"start": 46, "end": 51, "rule_id": 4}, {"start": 28, "end": 32, "rule_id": 7}]</rules>
  </verse>
  <verse>
    <verseIdArabic>٥٠</verseIdArabic>
    <verseId>50</verseId>
    <chapterId>21</chapterId>
    <textIndopak>وَهَٰذَا ذِكۡرٞ مُّبَارَكٌ أَنزَلۡنَٰهُۚ أَفَأَنتُمۡ لَهُۥ مُنكِرُونَ</textIndopak>
    <translations>
      <translation>
        <author>Dr. Mustafa Khattab, the Clear Quran</author>
        <text>And this ˹Quran˺ is a blessed reminder which We have revealed. Will you ˹pagans˺ then deny it?</text>
      </translation>
    </translations>
    <rules>[{"start": 16, "end": 19, "rule_id": 0}, {"start": 13, "end": 19, "rule_id": 3}, {"start": 29, "end": 32, "rule_id": 6}, {"start": 48, "end": 51, "rule_id": 6}, {"start": 62, "end": 65, "rule_id": 6}]</rules>
  </verse>
  <verse>
    <verseIdArabic>٥١</verseIdArabic>
    <verseId>51</verseId>
    <chapterId>21</chapterId>
    <textIndopak>۞ وَلَقَدۡ ءَاتَيۡنَآ إِبۡرَٰهِيمَ رُشۡدَهُۥ مِن قَبۡلُ وَكُنَّا بِهِۦ عَٰلِمِينَ</textIndopak>
    <translations>
      <translation>
        <author>Dr. Mustafa Khattab, the Clear Quran</author>
        <text>And indeed, We had granted Abraham sound judgment early on, for We knew him well ˹to be worthy of it˺.</text>
      </translation>
    </translations>
    <rules>[{"start": 61, "end": 64, "rule_id": 0}, {"start": 8, "end": 10, "rule_id": 1}, {"start": 25, "end": 27, "rule_id": 1}, {"start": 52, "end": 54, "rule_id": 1}, {"start": 48, "end": 52, "rule_id": 6}]</rules>
  </verse>
  <verse>
    <verseIdArabic>٥٢</verseIdArabic>
    <verseId>52</verseId>
    <chapterId>21</chapterId>
    <textIndopak>إِذۡ قَالَ لِأَبِيهِ وَقَوۡمِهِۦ مَا هَٰذِهِ ٱلتَّمَاثِيلُ ٱلَّتِيٓ أَنتُمۡ لَهَا عَٰكِفُونَ</textIndopak>
    <translations>
      <translation>
        <author>Dr. Mustafa Khattab, the Clear Quran</author>
        <text>˹Remember˺ when he questioned his father and his people, “What are these statues to which you are so devoted?”</text>
      </translation>
    </translations>
    <rules>[{"start": 70, "end": 73, "rule_id": 6}]</rules>
  </verse>
  <verse>
    <verseIdArabic>٥٣</verseIdArabic>
    <verseId>53</verseId>
    <chapterId>21</chapterId>
    <textIndopak>قَالُواْ وَجَدۡنَآ ءَابَآءَنَا لَهَا عَٰبِدِينَ</textIndopak>
    <translations>
      <translation>
        <author>Dr. Mustafa Khattab, the Clear Quran</author>
        <text>They replied, “We found our forefathers worshipping them.”</text>
      </translation>
    </translations>
    <rules>[{"start": 13, "end": 15, "rule_id": 1}]</rules>
  </verse>
  <verse>
    <verseIdArabic>٥٤</verseIdArabic>
    <verseId>54</verseId>
    <chapterId>21</chapterId>
    <textIndopak>قَالَ لَقَدۡ كُنتُمۡ أَنتُمۡ وَءَابَآؤُكُمۡ فِي ضَلَٰلٖ مُّبِينٖ</textIndopak>
    <translations>
      <translation>
        <author>Dr. Mustafa Khattab, the Clear Quran</author>
        <text>He responded, “Indeed, you and your forefathers have been clearly astray.”</text>
      </translation>
    </translations>
    <rules>[{"start": 57, "end": 60, "rule_id": 0}, {"start": 10, "end": 12, "rule_id": 1}, {"start": 54, "end": 60, "rule_id": 3}, {"start": 15, "end": 18, "rule_id": 6}, {"start": 23, "end": 26, "rule_id": 6}]</rules>
  </verse>
  <verse>
    <verseIdArabic>٥٥</verseIdArabic>
    <verseId>55</verseId>
    <chapterId>21</chapterId>
    <textIndopak>قَالُوٓاْ أَجِئۡتَنَا بِٱلۡحَقِّ أَمۡ أَنتَ مِنَ ٱللَّٰعِبِينَ</textIndopak>
    <translations>
      <translation>
        <author>Dr. Mustafa Khattab, the Clear Quran</author>
        <text>They asked, “Have you come to us with the truth, or is this a joke?”</text>
      </translation>
    </translations>
    <rules>[{"start": 40, "end": 43, "rule_id": 6}]</rules>
  </verse>
  <verse>
    <verseIdArabic>٥٦</verseIdArabic>
    <verseId>56</verseId>
    <chapterId>21</chapterId>
    <textIndopak>قَالَ بَل رَّبُّكُمۡ رَبُّ ٱلسَّمَٰوَٰتِ وَٱلۡأَرۡضِ ٱلَّذِي فَطَرَهُنَّ وَأَنَا۠ عَلَىٰ ذَٰلِكُم مِّنَ ٱلشَّٰهِدِينَ</textIndopak>
    <translations>
      <translation>
        <author>Dr. Mustafa Khattab, the Clear Quran</author>
        <text>He replied, “In fact, your Lord is the Lord of the heavens and the earth, Who created them ˹both˺. And to that I bear witness.”</text>
      </translation>
    </translations>
    <rules>[{"start": 69, "end": 72, "rule_id": 0}, {"start": 98, "end": 101, "rule_id": 0}, {"start": 96, "end": 101, "rule_id": 4}]</rules>
  </verse>
  <verse>
    <verseIdArabic>٥٧</verseIdArabic>
    <verseId>57</verseId>
    <chapterId>21</chapterId>
    <textIndopak>وَتَٱللَّهِ لَأَكِيدَنَّ أَصۡنَٰمَكُم بَعۡدَ أَن تُوَلُّواْ مُدۡبِرِينَ</textIndopak>
    <translations>
      <translation>
        <author>Dr. Mustafa Khattab, the Clear Quran</author>
        <text>˹Then he said to himself,˺ “By Allah! I will surely plot against your idols after you have turned your backs and gone away.”</text>
      </translation>
    </translations>
    <rules>[{"start": 21, "end": 24, "rule_id": 0}, {"start": 62, "end": 64, "rule_id": 1}, {"start": 47, "end": 51, "rule_id": 6}, {"start": 36, "end": 40, "rule_id": 7}]</rules>
  </verse>
  <verse>
    <verseIdArabic>٥٨</verseIdArabic>
    <verseId>58</verseId>
    <chapterId>21</chapterId>
    <textIndopak>فَجَعَلَهُمۡ جُذَٰذًا إِلَّا كَبِيرٗا لَّهُمۡ لَعَلَّهُمۡ إِلَيۡهِ يَرۡجِعُونَ</textIndopak>
    <translations>
      <translation>
        <author>Dr. Mustafa Khattab, the Clear Quran</author>
        <text>So he smashed them into pieces, except the biggest of them, so they might turn to it ˹for answers˺.</text>
      </translation>
    </translations>
    <rules>[{"start": 34, "end": 41, "rule_id": 5}]</rules>
  </verse>
  <verse>
    <verseIdArabic>٥٩</verseIdArabic>
    <verseId>59</verseId>
    <chapterId>21</chapterId>
    <textIndopak>قَالُواْ مَن فَعَلَ هَٰذَا بِـَٔالِهَتِنَآ إِنَّهُۥ لَمِنَ ٱلظَّٰلِمِينَ</textIndopak>
    <translations>
      <translation>
        <author>Dr. Mustafa Khattab, the Clear Quran</author>
        <text>They protested, “Who dared do this to our gods? It must be an evildoer!”</text>
      </translation>
    </translations>
    <rules>[{"start": 46, "end": 49, "rule_id": 0}, {"start": 11, "end": 15, "rule_id": 6}]</rules>
  </verse>
  <verse>
    <verseIdArabic>٦٠</verseIdArabic>
    <verseId>60</verseId>
    <chapterId>21</chapterId>
    <textIndopak>قَالُواْ سَمِعۡنَا فَتٗى يَذۡكُرُهُمۡ يُقَالُ لَهُۥٓ إِبۡرَٰهِيمُ</textIndopak>
    <translations>
      <translation>
        <author>Dr. Mustafa Khattab, the Clear Quran</author>
        <text>Some said, “We heard a young man, called Abraham, speaking ˹ill˺ of them.”</text>
      </translation>
    </translations>
    <rules>[{"start": 55, "end": 57, "rule_id": 1}]</rules>
  </verse>
  <verse>
    <verseIdArabic>٦١</verseIdArabic>
    <verseId>61</verseId>
    <chapterId>21</chapterId>
    <textIndopak>قَالُواْ فَأۡتُواْ بِهِۦ عَلَىٰٓ أَعۡيُنِ ٱلنَّاسِ لَعَلَّهُمۡ يَشۡهَدُونَ</textIndopak>
    <translations>
      <translation>
        <author>Dr. Mustafa Khattab, the Clear Quran</author>
        <text>They demanded, “Bring him before the eyes of the people, so that they may witness ˹his trial˺.”</text>
      </translation>
    </translations>
    <rules>[{"start": 44, "end": 47, "rule_id": 0}]</rules>
  </verse>
  <verse>
    <verseIdArabic>٦٢</verseIdArabic>
    <verseId>62</verseId>
    <chapterId>21</chapterId>
    <textIndopak>قَالُوٓاْ ءَأَنتَ فَعَلۡتَ هَٰذَا بِـَٔالِهَتِنَا يَٰٓإِبۡرَٰهِيمُ</textIndopak>
    <translations>
      <translation>
        <author>Dr. Mustafa Khattab, the Clear Quran</author>
        <text>They asked, “Was it you who did this to our gods, O Abraham?”</text>
      </translation>
    </translations>
    <rules>[{"start": 56, "end": 58, "rule_id": 1}, {"start": 14, "end": 17, "rule_id": 6}]</rules>
  </verse>
  <verse>
    <verseIdArabic>٦٣</verseIdArabic>
    <verseId>63</verseId>
    <chapterId>21</chapterId>
    <textIndopak>قَالَ بَلۡ فَعَلَهُۥ كَبِيرُهُمۡ هَٰذَا فَسۡـَٔلُوهُمۡ إِن كَانُواْ يَنطِقُونَ</textIndopak>
    <translations>
      <translation>
        <author>Dr. Mustafa Khattab, the Clear Quran</author>
        <text>He replied ˹sarcastically˺, “No, this one—the biggest of them—did it! So ask them, if they can talk!”</text>
      </translation>
    </translations>
    <rules>[{"start": 57, "end": 61, "rule_id": 6}, {"start": 70, "end": 73, "rule_id": 6}]</rules>
  </verse>
  <verse>
    <verseIdArabic>٦٤</verseIdArabic>
    <verseId>64</verseId>
    <chapterId>21</chapterId>
    <textIndopak>فَرَجَعُوٓاْ إِلَىٰٓ أَنفُسِهِمۡ فَقَالُوٓاْ إِنَّكُمۡ أَنتُمُ ٱلظَّٰلِمُونَ</textIndopak>
    <translations>
      <translation>
        <author>Dr. Mustafa Khattab, the Clear Quran</author>
        <text>So they came back to their senses, saying ˹to one another˺, “You yourselves are truly the wrongdoers!”</text>
      </translation>
    </translations>
    <rules>[{"start": 47, "end": 50, "rule_id": 0}, {"start": 23, "end": 26, "rule_id": 6}, {"start": 57, "end": 60, "rule_id": 6}]</rules>
  </verse>
  <verse>
    <verseIdArabic>٦٥</verseIdArabic>
    <verseId>65</verseId>
    <chapterId>21</chapterId>
    <textIndopak>ثُمَّ نُكِسُواْ عَلَىٰ رُءُوسِهِمۡ لَقَدۡ عَلِمۡتَ مَا هَٰٓؤُلَآءِ يَنطِقُونَ</textIndopak>
    <translations>
      <translation>
        <author>Dr. Mustafa Khattab, the Clear Quran</author>
        <text>Then they ˹quickly˺ regressed to their ˹original˺ mind-set, ˹arguing,˺ “You already know that those ˹idols˺ cannot talk.”</text>
      </translation>
    </translations>
    <rules>[{"start": 2, "end": 5, "rule_id": 0}, {"start": 39, "end": 41, "rule_id": 1}, {"start": 70, "end": 73, "rule_id": 6}]</rules>
  </verse>
  <verse>
    <verseIdArabic>٦٦</verseIdArabic>
    <verseId>66</verseId>
    <chapterId>21</chapterId>
    <textIndopak>قَالَ أَفَتَعۡبُدُونَ مِن دُونِ ٱللَّهِ مَا لَا يَنفَعُكُمۡ شَيۡـٔٗا وَلَا يَضُرُّكُمۡ</textIndopak>
    <translations>
      <translation>
        <author>Dr. Mustafa Khattab, the Clear Quran</author>
        <text>He rebuked ˹them˺, “Do you then worship—instead of Allah—what can neither benefit nor harm you in any way?</text>
      </translation>
    </translations>
    <rules>[{"start": 65, "end": 71, "rule_id": 3}, {"start": 24, "end": 28, "rule_id": 6}, {"start": 50, "end": 53, "rule_id": 6}]</rules>
  </verse>
  <verse>
    <verseIdArabic>٦٧</verseIdArabic>
    <verseId>67</verseId>
    <chapterId>21</chapterId>
    <textIndopak>أُفّٖ لَّكُمۡ وَلِمَا تَعۡبُدُونَ مِن دُونِ ٱللَّهِۚ أَفَلَا تَعۡقِلُونَ</textIndopak>
    <translations>
      <translation>
        <author>Dr. Mustafa Khattab, the Clear Quran</author>
        <text>Shame on you and whatever you worship instead of Allah! Do you not have any sense?”</text>
      </translation>
    </translations>
    <rules>[{"start": 2, "end": 9, "rule_id": 5}, {"start": 36, "end": 40, "rule_id": 6}]</rules>
  </verse>
  <verse>
    <verseIdArabic>٦٨</verseIdArabic>
    <verseId>68</verseId>
    <chapterId>21</chapterId>
    <textIndopak>قَالُواْ حَرِّقُوهُ وَٱنصُرُوٓاْ ءَالِهَتَكُمۡ إِن كُنتُمۡ فَٰعِلِينَ</textIndopak>
    <translations>
      <translation>
        <author>Dr. Mustafa Khattab, the Clear Quran</author>
        <text>They concluded, “Burn him up to avenge your gods, if you must act.”</text>
      </translation>
    </translations>
    <rules>[{"start": 23, "end": 26, "rule_id": 6}, {"start": 49, "end": 53, "rule_id": 6}, {"start": 53, "end": 56, "rule_id": 6}]</rules>
  </verse>
  <verse>
    <verseIdArabic>٦٩</verseIdArabic>
    <verseId>69</verseId>
    <chapterId>21</chapterId>
    <textIndopak>قُلۡنَا يَٰنَارُ كُونِي بَرۡدٗا وَسَلَٰمًا عَلَىٰٓ إِبۡرَٰهِيمَ</textIndopak>
    <translations>
      <translation>
        <author>Dr. Mustafa Khattab, the Clear Quran</author>
        <text>We ordered, “O fire! Be cool and safe for Abraham!”</text>
      </translation>
    </translations>
    <rules>[{"start": 53, "end": 55, "rule_id": 1}, {"start": 28, "end": 34, "rule_id": 3}]</rules>
  </verse>
  <verse>
    <verseIdArabic>٧٠</verseIdArabic>
    <verseId>70</verseId>
    <chapterId>21</chapterId>
    <textIndopak>وَأَرَادُواْ بِهِۦ كَيۡدٗا فَجَعَلۡنَٰهُمُ ٱلۡأَخۡسَرِينَ</textIndopak>
    <translations>
      <translation>
        <author>Dr. Mustafa Khattab, the Clear Quran</author>
        <text>They had sought to harm him, but We made them the worst losers.</text>
      </translation>
    </translations>
  </verse>
  <verse>
    <verseIdArabic>٧١</verseIdArabic>
    <verseId>71</verseId>
    <chapterId>21</chapterId>
    <textIndopak>وَنَجَّيۡنَٰهُ وَلُوطًا إِلَى ٱلۡأَرۡضِ ٱلَّتِي بَٰرَكۡنَا فِيهَا لِلۡعَٰلَمِينَ</textIndopak>
    <translations>
      <translation>
        <author>Dr. Mustafa Khattab, the Clear Quran</author>
        <text>Then We delivered him, along with Lot, to the land We had showered with blessings for all people.</text>
      </translation>
    </translations>
  </verse>
  <verse>
    <verseIdArabic>٧٢</verseIdArabic>
    <verseId>72</verseId>
    <chapterId>21</chapterId>
    <textIndopak>وَوَهَبۡنَا لَهُۥٓ إِسۡحَٰقَ وَيَعۡقُوبَ نَافِلَةٗۖ وَكُلّٗا جَعَلۡنَا صَٰلِحِينَ</textIndopak>
    <translations>
      <translation>
        <author>Dr. Mustafa Khattab, the Clear Quran</author>
        <text>And We blessed him with Isaac ˹as a son˺ and Jacob ˹as a grandson˺, as an additional favour—making all of them righteous.</text>
      </translation>
    </translations>
    <rules>[{"start": 6, "end": 8, "rule_id": 1}, {"start": 48, "end": 55, "rule_id": 3}]</rules>
  </verse>
  <verse>
    <verseIdArabic>٧٣</verseIdArabic>
    <verseId>73</verseId>
    <chapterId>21</chapterId>
    <textIndopak>وَجَعَلۡنَٰهُمۡ أَئِمَّةٗ يَهۡدُونَ بِأَمۡرِنَا وَأَوۡحَيۡنَآ إِلَيۡهِمۡ فِعۡلَ ٱلۡخَيۡرَٰتِ وَإِقَامَ ٱلصَّلَوٰةِ وَإِيتَآءَ ٱلزَّكَوٰةِۖ وَكَانُواْ لَنَا عَٰبِدِينَ</textIndopak>
    <translations>
      <translation>
        <author>Dr. Mustafa Khattab, the Clear Quran</author>
        <text>We ˹also˺ made them leaders, guiding by Our command, and inspired them to do good deeds, establish prayer, and pay alms-tax. And they were devoted to Our worship.</text>
      </translation>
    </translations>
    <rules>[{"start": 20, "end": 23, "rule_id": 0}, {"start": 23, "end": 28, "rule_id": 3}]</rules>
  </verse>
  <verse>
    <verseIdArabic>٧٤</verseIdArabic>
    <verseId>74</verseId>
    <chapterId>21</chapterId>
    <textIndopak>وَلُوطًا ءَاتَيۡنَٰهُ حُكۡمٗا وَعِلۡمٗا وَنَجَّيۡنَٰهُ مِنَ ٱلۡقَرۡيَةِ ٱلَّتِي كَانَت تَّعۡمَلُ ٱلۡخَبَٰٓئِثَۚ إِنَّهُمۡ كَانُواْ قَوۡمَ سَوۡءٖ فَٰسِقِينَ</textIndopak>
    <translations>
      <translation>
        <author>Dr. Mustafa Khattab, the Clear Quran</author>
        <text>And to Lot We gave wisdom and knowledge, and delivered him from the society engrossed in shameful practices. They were certainly an evil, rebellious people.</text>
      </translation>
    </translations>
    <rules>[{"start": 115, "end": 118, "rule_id": 0}, {"start": 26, "end": 32, "rule_id": 3}, {"start": 36, "end": 42, "rule_id": 3}, {"start": 143, "end": 149, "rule_id": 6}]</rules>
  </verse>
  <verse>
    <verseIdArabic>٧٥</verseIdArabic>
    <verseId>75</verseId>
    <chapterId>21</chapterId>
    <textIndopak>وَأَدۡخَلۡنَٰهُ فِي رَحۡمَتِنَآۖ إِنَّهُۥ مِنَ ٱلصَّٰلِحِينَ</textIndopak>
    <translations>
      <translation>
        <author>Dr. Mustafa Khattab, the Clear Quran</author>
        <text>And We admitted him into Our mercy, ˹for˺ he was truly one of the righteous.</text>
      </translation>
    </translations>
    <rules>[{"start": 37, "end": 40, "rule_id": 0}, {"start": 4, "end": 6, "rule_id": 1}]</rules>
  </verse>
  <verse>
    <verseIdArabic>٧٦</verseIdArabic>
    <verseId>76</verseId>
    <chapterId>21</chapterId>
    <textIndopak>وَنُوحًا إِذۡ نَادَىٰ مِن قَبۡلُ فَٱسۡتَجَبۡنَا لَهُۥ فَنَجَّيۡنَٰهُ وَأَهۡلَهُۥ مِنَ ٱلۡكَرۡبِ ٱلۡعَظِيمِ</textIndopak>
    <translations>
      <translation>
        <author>Dr. Mustafa Khattab, the Clear Quran</author>
        <text>And ˹remember˺ when Noah had cried out to Us earlier, so We responded to him and delivered him and his family from the great distress.</text>
      </translation>
    </translations>
    <rules>[{"start": 28, "end": 30, "rule_id": 1}, {"start": 42, "end": 44, "rule_id": 1}, {"start": 24, "end": 28, "rule_id": 6}]</rules>
  </verse>
  <verse>
    <verseIdArabic>٧٧</verseIdArabic>
    <verseId>77</verseId>
    <chapterId>21</chapterId>
    <textIndopak>وَنَصَرۡنَٰهُ مِنَ ٱلۡقَوۡمِ ٱلَّذِينَ كَذَّبُواْ بِـَٔايَٰتِنَآۚ إِنَّهُمۡ كَانُواْ قَوۡمَ سَوۡءٖ فَأَغۡرَقۡنَٰهُمۡ أَجۡمَعِينَ</textIndopak>
    <translations>
      <translation>
        <author>Dr. Mustafa Khattab, the Clear Quran</author>
        <text>And We made him prevail over those who had rejected Our signs. They were truly an evil people, so We drowned them all.</text>
      </translation>
    </translations>
    <rules>[{"start": 70, "end": 73, "rule_id": 0}, {"start": 109, "end": 111, "rule_id": 1}, {"start": 121, "end": 123, "rule_id": 1}, {"start": 98, "end": 103, "rule_id": 6}]</rules>
  </verse>
  <verse>
    <verseIdArabic>٧٨</verseIdArabic>
    <verseId>78</verseId>
    <chapterId>21</chapterId>
    <textIndopak>وَدَاوُۥدَ وَسُلَيۡمَٰنَ إِذۡ يَحۡكُمَانِ فِي ٱلۡحَرۡثِ إِذۡ نَفَشَتۡ فِيهِ غَنَمُ ٱلۡقَوۡمِ وَكُنَّا لِحُكۡمِهِمۡ شَٰهِدِينَ</textIndopak>
    <translations>
      <translation>
        <author>Dr. Mustafa Khattab, the Clear Quran</author>
        <text>And ˹remember˺ when David and Solomon passed judgment regarding the crops ruined ˹at night˺ by someone’s sheep, and We were witness to their judgments.</text>
      </translation>
    </translations>
    <rules>[{"start": 97, "end": 100, "rule_id": 0}]</rules>
  </verse>
  <verse>
    <verseIdArabic>٧٩</verseIdArabic>
    <verseId>79</verseId>
    <chapterId>21</chapterId>
    <textIndopak>فَفَهَّمۡنَٰهَا سُلَيۡمَٰنَۚ وَكُلًّا ءَاتَيۡنَا حُكۡمٗا وَعِلۡمٗاۚ وَسَخَّرۡنَا مَعَ دَاوُۥدَ ٱلۡجِبَالَ يُسَبِّحۡنَ وَٱلطَّيۡرَۚ وَكُنَّا فَٰعِلِينَ</textIndopak>
    <translations>
      <translation>
        <author>Dr. Mustafa Khattab, the Clear Quran</author>
        <text>We guided ˹young˺ Solomon to a fairer settlement, and granted each of them wisdom and knowledge. We subjected the mountains as well as the birds to hymn ˹Our praises˺ along with David. It is We Who did ˹it all˺.</text>
      </translation>
    </translations>
    <rules>[{"start": 138, "end": 141, "rule_id": 0}, {"start": 54, "end": 60, "rule_id": 3}]</rules>
  </verse>
  <verse>
    <verseIdArabic>٨٠</verseIdArabic>
    <verseId>80</verseId>
    <chapterId>21</chapterId>
    <textIndopak>وَعَلَّمۡنَٰهُ صَنۡعَةَ لَبُوسٖ لَّكُمۡ لِتُحۡصِنَكُم مِّنۢ بَأۡسِكُمۡۖ فَهَلۡ أَنتُمۡ شَٰكِرُونَ</textIndopak>
    <translations>
      <translation>
        <author>Dr. Mustafa Khattab, the Clear Quran</author>
        <text>We taught him the art of making body armour to protect you in battle. Will you then be grateful?</text>
      </translation>
    </translations>
    <rules>[{"start": 54, "end": 57, "rule_id": 0}, {"start": 57, "end": 62, "rule_id": 2}, {"start": 52, "end": 57, "rule_id": 4}, {"start": 29, "end": 35, "rule_id": 5}, {"start": 82, "end": 85, "rule_id": 6}]</rules>
  </verse>
  <verse>
    <verseIdArabic>٨١</verseIdArabic>
    <verseId>81</verseId>
    <chapterId>21</chapterId>
    <textIndopak>وَلِسُلَيۡمَٰنَ ٱلرِّيحَ عَاصِفَةٗ تَجۡرِي بِأَمۡرِهِۦٓ إِلَى ٱلۡأَرۡضِ ٱلَّتِي بَٰرَكۡنَا فِيهَاۚ وَكُنَّا بِكُلِّ شَيۡءٍ عَٰلِمِينَ</textIndopak>
    <translations>
      <translation>
        <author>Dr. Mustafa Khattab, the Clear Quran</author>
        <text>And to Solomon We subjected the raging winds, blowing by his command to the land We had showered with blessings. It is We Who know everything.</text>
      </translation>
    </translations>
    <rules>[{"start": 104, "end": 107, "rule_id": 0}, {"start": 37, "end": 39, "rule_id": 1}, {"start": 32, "end": 37, "rule_id": 6}]</rules>
  </verse>
  <verse>
    <verseIdArabic>٨٢</verseIdArabic>
    <verseId>82</verseId>
    <chapterId>21</chapterId>
    <textIndopak>وَمِنَ ٱلشَّيَٰطِينِ مَن يَغُوصُونَ لَهُۥ وَيَعۡمَلُونَ عَمَلٗا دُونَ ذَٰلِكَۖ وَكُنَّا لَهُمۡ حَٰفِظِينَ</textIndopak>
    <translations>
      <translation>
        <author>Dr. Mustafa Khattab, the Clear Quran</author>
        <text>And ˹We subjected˺ some jinn that dived for him, and performed other duties. It is We Who kept them in check.</text>
      </translation>
    </translations>
    <rules>[{"start": 84, "end": 87, "rule_id": 0}, {"start": 23, "end": 27, "rule_id": 3}]</rules>
  </verse>
  <verse>
    <verseIdArabic>٨٣</verseIdArabic>
    <verseId>83</verseId>
    <chapterId>21</chapterId>
    <textIndopak>۞ وَأَيُّوبَ إِذۡ نَادَىٰ رَبَّهُۥٓ أَنِّي مَسَّنِيَ ٱلضُّرُّ وَأَنتَ أَرۡحَمُ ٱلرَّٰحِمِينَ</textIndopak>
    <translations>
      <translation>
        <author>Dr. Mustafa Khattab, the Clear Quran</author>
        <text>And ˹remember˺ when Job cried out to his Lord, “I have been touched with adversity, and You are the Most Merciful of the merciful.”</text>
      </translation>
    </translations>
    <rules>[{"start": 38, "end": 41, "rule_id": 0}, {"start": 66, "end": 69, "rule_id": 6}]</rules>
  </verse>
  <verse>
    <verseIdArabic>٨٤</verseIdArabic>
    <verseId>84</verseId>
    <chapterId>21</chapterId>
    <textIndopak>فَٱسۡتَجَبۡنَا لَهُۥ فَكَشَفۡنَا مَا بِهِۦ مِن ضُرّٖۖ وَءَاتَيۡنَٰهُ أَهۡلَهُۥ وَمِثۡلَهُم مَّعَهُمۡ رَحۡمَةٗ مِّنۡ عِندِنَا وَذِكۡرَىٰ لِلۡعَٰبِدِينَ</textIndopak>
    <translations>
      <translation>
        <author>Dr. Mustafa Khattab, the Clear Quran</author>
        <text>So We answered his prayer and removed his adversity, and gave him back his family, twice as many, as a mercy from Us and a lesson for the ˹devoted˺ worshippers.</text>
      </translation>
    </translations>
    <rules>[{"start": 92, "end": 95, "rule_id": 0}, {"start": 111, "end": 114, "rule_id": 0}, {"start": 9, "end": 11, "rule_id": 1}, {"start": 49, "end": 57, "rule_id": 3}, {"start": 108, "end": 114, "rule_id": 3}, {"start": 90, "end": 95, "rule_id": 4}, {"start": 45, "end": 49, "rule_id": 6}, {"start": 119, "end": 122, "rule_id": 6}]</rules>
  </verse>
  <verse>
    <verseIdArabic>٨٥</verseIdArabic>
    <verseId>85</verseId>
    <chapterId>21</chapterId>
    <textIndopak>وَإِسۡمَٰعِيلَ وَإِدۡرِيسَ وَذَا ٱلۡكِفۡلِۖ كُلّٞ مِّنَ ٱلصَّٰبِرِينَ</textIndopak>
    <translations>
      <translation>
        <author>Dr. Mustafa Khattab, the Clear Quran</author>
        <text>And ˹remember˺ Ishmael, Enoch, and Ⱬul-Kifl. They were all steadfast.</text>
      </translation>
    </translations>
    <rules>[{"start": 51, "end": 54, "rule_id": 0}, {"start": 19, "end": 21, "rule_id": 1}, {"start": 47, "end": 54, "rule_id": 3}]</rules>
  </verse>
  <verse>
    <verseIdArabic>٨٦</verseIdArabic>
    <verseId>86</verseId>
    <chapterId>21</chapterId>
    <textIndopak>وَأَدۡخَلۡنَٰهُمۡ فِي رَحۡمَتِنَآۖ إِنَّهُم مِّنَ ٱلصَّٰلِحِينَ</textIndopak>
    <translations>
      <translation>
        <author>Dr. Mustafa Khattab, the Clear Quran</author>
        <text>We admitted them into Our mercy, for they were truly of the righteous.</text>
      </translation>
    </translations>
    <rules>[{"start": 39, "end": 42, "rule_id": 0}, {"start": 46, "end": 49, "rule_id": 0}, {"start": 4, "end": 6, "rule_id": 1}, {"start": 44, "end": 49, "rule_id": 4}]</rules>
  </verse>
  <verse>
    <verseIdArabic>٨٧</verseIdArabic>
    <verseId>87</verseId>
    <chapterId>21</chapterId>
    <textIndopak>وَذَا ٱلنُّونِ إِذ ذَّهَبَ مُغَٰضِبٗا فَظَنَّ أَن لَّن نَّقۡدِرَ عَلَيۡهِ فَنَادَىٰ فِي ٱلظُّلُمَٰتِ أَن لَّآ إِلَٰهَ إِلَّآ أَنتَ سُبۡحَٰنَكَ إِنِّي كُنتُ مِنَ ٱلظَّٰلِمِينَ</textIndopak>
    <translations>
      <translation>
        <author>Dr. Mustafa Khattab, the Clear Quran</author>
        <text>And ˹remember˺ when the Man of the Whale stormed off ˹from his city˺ in a rage, thinking We would not restrain him. Then in the ˹veils of˺ darkness he cried out, “There is no god ˹worthy of worship˺ except You. Glory be to You! I have certainly done wrong.”</text>
      </translation>
    </translations>
    <rules>[{"start": 8, "end": 11, "rule_id": 0}, {"start": 42, "end": 45, "rule_id": 0}, {"start": 55, "end": 58, "rule_id": 0}, {"start": 147, "end": 150, "rule_id": 0}, {"start": 58, "end": 60, "rule_id": 1}, {"start": 135, "end": 137, "rule_id": 1}, {"start": 53, "end": 58, "rule_id": 3}, {"start": 48, "end": 53, "rule_id": 5}, {"start": 103, "end": 108, "rule_id": 5}, {"start": 129, "end": 132, "rule_id": 6}, {"start": 154, "end": 157, "rule_id": 6}]</rules>
  </verse>
  <verse>
    <verseIdArabic>٨٨</verseIdArabic>
    <verseId>88</verseId>
    <chapterId>21</chapterId>
    <textIndopak>فَٱسۡتَجَبۡنَا لَهُۥ وَنَجَّيۡنَٰهُ مِنَ ٱلۡغَمِّۚ وَكَذَٰلِكَ نُـۨجِي ٱلۡمُؤۡمِنِينَ</textIndopak>
    <translations>
      <translation>
        <author>Dr. Mustafa Khattab, the Clear Quran</author>
        <text>So We answered his prayer and rescued him from anguish. And so do We save the ˹true˺ believers.</text>
      </translation>
    </translations>
    <rules>[{"start": 46, "end": 49, "rule_id": 0}, {"start": 9, "end": 11, "rule_id": 1}]</rules>
  </verse>
  <verse>
    <verseIdArabic>٨٩</verseIdArabic>
    <verseId>89</verseId>
    <chapterId>21</chapterId>
    <textIndopak>وَزَكَرِيَّآ إِذۡ نَادَىٰ رَبَّهُۥ رَبِّ لَا تَذَرۡنِي فَرۡدٗا وَأَنتَ خَيۡرُ ٱلۡوَٰرِثِينَ</textIndopak>
    <translations>
      <translation>
        <author>Dr. Mustafa Khattab, the Clear Quran</author>
        <text>And ˹remember˺ when Zachariah cried out to his Lord, “My Lord! Do not leave me childless, though You are the Best of Successors.”</text>
      </translation>
    </translations>
    <rules>[{"start": 60, "end": 66, "rule_id": 3}, {"start": 68, "end": 71, "rule_id": 6}]</rules>
  </verse>
  <verse>
    <verseIdArabic>٩٠</verseIdArabic>
    <verseId>90</verseId>
    <chapterId>21</chapterId>
    <textIndopak>فَٱسۡتَجَبۡنَا لَهُۥ وَوَهَبۡنَا لَهُۥ يَحۡيَىٰ وَأَصۡلَحۡنَا لَهُۥ زَوۡجَهُۥٓۚ إِنَّهُمۡ كَانُواْ يُسَٰرِعُونَ فِي ٱلۡخَيۡرَٰتِ وَيَدۡعُونَنَا رَغَبٗا وَرَهَبٗاۖ وَكَانُواْ لَنَا خَٰشِعِينَ</textIndopak>
    <translations>
      <translation>
        <author>Dr. Mustafa Khattab, the Clear Quran</author>
        <text>So We answered his prayer, granted him John, and made his wife fertile. Indeed, they used to race in doing good, and call upon Us with hope and fear, totally humbling themselves before Us.</text>
      </translation>
    </translations>
    <rules>[{"start": 83, "end": 86, "rule_id": 0}, {"start": 9, "end": 11, "rule_id": 1}, {"start": 27, "end": 29, "rule_id": 1}, {"start": 134, "end": 136, "rule_id": 1}, {"start": 149, "end": 155, "rule_id": 3}, {"start": 159, "end": 167, "rule_id": 3}]</rules>
  </verse>
  <verse>
    <verseIdArabic>٩١</verseIdArabic>
    <verseId>91</verseId>
    <chapterId>21</chapterId>
    <textIndopak>وَٱلَّتِيٓ أَحۡصَنَتۡ فَرۡجَهَا فَنَفَخۡنَا فِيهَا مِن رُّوحِنَا وَجَعَلۡنَٰهَا وَٱبۡنَهَآ ءَايَةٗ لِّلۡعَٰلَمِينَ</textIndopak>
    <translations>
      <translation>
        <author>Dr. Mustafa Khattab, the Clear Quran</author>
        <text>And ˹remember˺ the one who guarded her chastity, so We breathed into her through Our angel, ˹Gabriel,˺ making her and her son a sign for all peoples.</text>
      </translation>
    </translations>
    <rules>[{"start": 83, "end": 85, "rule_id": 1}, {"start": 53, "end": 58, "rule_id": 5}, {"start": 97, "end": 103, "rule_id": 5}]</rules>
  </verse>
  <verse>
    <verseIdArabic>٩٢</verseIdArabic>
    <verseId>92</verseId>
    <chapterId>21</chapterId>
    <textIndopak>إِنَّ هَٰذِهِۦٓ أُمَّتُكُمۡ أُمَّةٗ وَٰحِدَةٗ وَأَنَا۠ رَبُّكُمۡ فَٱعۡبُدُونِ</textIndopak>
    <translations>
      <translation>
        <author>Dr. Mustafa Khattab, the Clear Quran</author>
        <text>˹O prophets!˺ Indeed, this religion of yours is ˹only˺ one, and I am your Lord, so worship Me ˹alone˺.</text>
      </translation>
    </translations>
    <rules>[{"start": 2, "end": 5, "rule_id": 0}, {"start": 18, "end": 21, "rule_id": 0}, {"start": 30, "end": 33, "rule_id": 0}, {"start": 33, "end": 39, "rule_id": 3}, {"start": 43, "end": 48, "rule_id": 3}]</rules>
  </verse>
  <verse>
    <verseIdArabic>٩٣</verseIdArabic>
    <verseId>93</verseId>
    <chapterId>21</chapterId>
    <textIndopak>وَتَقَطَّعُوٓاْ أَمۡرَهُم بَيۡنَهُمۡۖ كُلٌّ إِلَيۡنَا رَٰجِعُونَ</textIndopak>
    <translations>
      <translation>
        <author>Dr. Mustafa Khattab, the Clear Quran</author>
        <text>Yet the people have divided it into sects. But to Us they will all return.</text>
      </translation>
    </translations>
    <rules>[{"start": 24, "end": 28, "rule_id": 7}]</rules>
  </verse>
  <verse>
    <verseIdArabic>٩٤</verseIdArabic>
    <verseId>94</verseId>
    <chapterId>21</chapterId>
    <textIndopak>فَمَن يَعۡمَلۡ مِنَ ٱلصَّٰلِحَٰتِ وَهُوَ مُؤۡمِنٞ فَلَا كُفۡرَانَ لِسَعۡيِهِۦ وَإِنَّا لَهُۥ كَٰتِبُونَ</textIndopak>
    <translations>
      <translation>
        <author>Dr. Mustafa Khattab, the Clear Quran</author>
        <text>So whoever does good and is a believer will never be denied ˹the reward for˺ their striving, for We are recording it all.</text>
      </translation>
    </translations>
    <rules>[{"start": 82, "end": 85, "rule_id": 0}, {"start": 4, "end": 8, "rule_id": 3}, {"start": 47, "end": 52, "rule_id": 6}]</rules>
  </verse>
  <verse>
    <verseIdArabic>٩٥</verseIdArabic>
    <verseId>95</verseId>
    <chapterId>21</chapterId>
    <textIndopak>وَحَرَٰمٌ عَلَىٰ قَرۡيَةٍ أَهۡلَكۡنَٰهَآ أَنَّهُمۡ لَا يَرۡجِعُونَ</textIndopak>
    <translations>
      <translation>
        <author>Dr. Mustafa Khattab, the Clear Quran</author>
        <text>It is impossible for a society which We have destroyed to ever rise again,</text>
      </translation>
    </translations>
    <rules>[{"start": 44, "end": 47, "rule_id": 0}]</rules>
  </verse>
  <verse>
    <verseIdArabic>٩٦</verseIdArabic>
    <verseId>96</verseId>
    <chapterId>21</chapterId>
    <textIndopak>حَتَّىٰٓ إِذَا فُتِحَتۡ يَأۡجُوجُ وَمَأۡجُوجُ وَهُم مِّن كُلِّ حَدَبٖ يَنسِلُونَ</textIndopak>
    <translations>
      <translation>
        <author>Dr. Mustafa Khattab, the Clear Quran</author>
        <text>until ˹after˺ Gog and Magog have broken loose ˹from the barrier˺, swarming down from every hill,</text>
      </translation>
    </translations>
    <rules>[{"start": 52, "end": 55, "rule_id": 0}, {"start": 67, "end": 72, "rule_id": 3}, {"start": 50, "end": 55, "rule_id": 4}, {"start": 55, "end": 59, "rule_id": 6}, {"start": 72, "end": 75, "rule_id": 6}]</rules>
  </verse>
  <verse>
    <verseIdArabic>٩٧</verseIdArabic>
    <verseId>97</verseId>
    <chapterId>21</chapterId>
    <textIndopak>وَٱقۡتَرَبَ ٱلۡوَعۡدُ ٱلۡحَقُّ فَإِذَا هِيَ شَٰخِصَةٌ أَبۡصَٰرُ ٱلَّذِينَ كَفَرُواْ يَٰوَيۡلَنَا قَدۡ كُنَّا فِي غَفۡلَةٖ مِّنۡ هَٰذَا بَلۡ كُنَّا ظَٰلِمِينَ</textIndopak>
    <translations>
      <translation>
        <author>Dr. Mustafa Khattab, the Clear Quran</author>
        <text>ushering in the True Promise. Then—behold!—the disbelievers will stare ˹in horror, crying,˺ “Oh, woe to us! We have truly been heedless of this. In fact, we have been wrongdoers.”</text>
      </translation>
    </translations>
    <rules>[{"start": 104, "end": 107, "rule_id": 0}, {"start": 122, "end": 125, "rule_id": 0}, {"start": 142, "end": 145, "rule_id": 0}, {"start": 3, "end": 5, "rule_id": 1}, {"start": 56, "end": 58, "rule_id": 1}, {"start": 99, "end": 101, "rule_id": 1}, {"start": 119, "end": 125, "rule_id": 3}]</rules>
  </verse>
  <verse>
    <verseIdArabic>٩٨</verseIdArabic>
    <verseId>98</verseId>
    <chapterId>21</chapterId>
    <textIndopak>إِنَّكُمۡ وَمَا تَعۡبُدُونَ مِن دُونِ ٱللَّهِ حَصَبُ جَهَنَّمَ أَنتُمۡ لَهَا وَٰرِدُونَ</textIndopak>
    <translations>
      <translation>
        <author>Dr. Mustafa Khattab, the Clear Quran</author>
        <text>Certainly you ˹disbelievers˺ and whatever you worship instead of Allah will be the fuel of Hell. You are ˹all˺ bound to enter it.</text>
      </translation>
    </translations>
    <rules>[{"start": 2, "end": 5, "rule_id": 0}, {"start": 57, "end": 60, "rule_id": 0}, {"start": 30, "end": 34, "rule_id": 6}, {"start": 65, "end": 68, "rule_id": 6}]</rules>
  </verse>
  <verse>
    <verseIdArabic>٩٩</verseIdArabic>
    <verseId>99</verseId>
    <chapterId>21</chapterId>
    <textIndopak>لَوۡ كَانَ هَٰٓؤُلَآءِ ءَالِهَةٗ مَّا وَرَدُوهَاۖ وَكُلّٞ فِيهَا خَٰلِدُونَ</textIndopak>
    <translations>
      <translation>
        <author>Dr. Mustafa Khattab, the Clear Quran</author>
        <text>Had those idols been ˹true˺ gods, they would not have entered it. And they will be there forever.</text>
      </translation>
    </translations>
    <rules>[{"start": 34, "end": 37, "rule_id": 0}, {"start": 31, "end": 37, "rule_id": 3}, {"start": 56, "end": 62, "rule_id": 6}]</rules>
  </verse>
  <verse>
    <verseIdArabic>١٠٠</verseIdArabic>
    <verseId>100</verseId>
    <chapterId>21</chapterId>
    <textIndopak>لَهُمۡ فِيهَا زَفِيرٞ وَهُمۡ فِيهَا لَا يَسۡمَعُونَ</textIndopak>
    <translations>
      <translation>
        <author>Dr. Mustafa Khattab, the Clear Quran</author>
        <text>In it they will groan, and will not be able to hear.</text>
      </translation>
    </translations>
    <rules>[{"start": 19, "end": 24, "rule_id": 3}]</rules>
  </verse>
  <verse>
    <verseIdArabic>١٠١</verseIdArabic>
    <verseId>101</verseId>
    <chapterId>21</chapterId>
    <textIndopak>إِنَّ ٱلَّذِينَ سَبَقَتۡ لَهُم مِّنَّا ٱلۡحُسۡنَىٰٓ أُوْلَٰٓئِكَ عَنۡهَا مُبۡعَدُونَ</textIndopak>
    <translations>
      <translation>
        <author>Dr. Mustafa Khattab, the Clear Quran</author>
        <text>Surely those for whom We have destined the finest reward will be kept far away from Hell,</text>
      </translation>
    </translations>
    <rules>[{"start": 2, "end": 5, "rule_id": 0}, {"start": 31, "end": 34, "rule_id": 0}, {"start": 34, "end": 37, "rule_id": 0}, {"start": 75, "end": 77, "rule_id": 1}, {"start": 29, "end": 34, "rule_id": 4}]</rules>
  </verse>
  <verse>
    <verseIdArabic>١٠٢</verseIdArabic>
    <verseId>102</verseId>
    <chapterId>21</chapterId>
    <textIndopak>لَا يَسۡمَعُونَ حَسِيسَهَاۖ وَهُمۡ فِي مَا ٱشۡتَهَتۡ أَنفُسُهُمۡ خَٰلِدُونَ</textIndopak>
    <translations>
      <translation>
        <author>Dr. Mustafa Khattab, the Clear Quran</author>
        <text>not even hearing the slightest hissing from it. And they will delight forever in what their souls desire.</text>
      </translation>
    </translations>
    <rules>[{"start": 56, "end": 59, "rule_id": 6}]</rules>
  </verse>
  <verse>
    <verseIdArabic>١٠٣</verseIdArabic>
    <verseId>103</verseId>
    <chapterId>21</chapterId>
    <textIndopak>لَا يَحۡزُنُهُمُ ٱلۡفَزَعُ ٱلۡأَكۡبَرُ وَتَتَلَقَّىٰهُمُ ٱلۡمَلَٰٓئِكَةُ هَٰذَا يَوۡمُكُمُ ٱلَّذِي كُنتُمۡ تُوعَدُونَ</textIndopak>
    <translations>
      <translation>
        <author>Dr. Mustafa Khattab, the Clear Quran</author>
        <text>The Supreme Horror ˹of that Day˺ will not disturb them, and the angels will greet them, ˹saying,˺ “This is your Day, which you have been promised.”</text>
      </translation>
    </translations>
    <rules>[{"start": 101, "end": 104, "rule_id": 6}]</rules>
  </verse>
  <verse>
    <verseIdArabic>١٠٤</verseIdArabic>
    <verseId>104</verseId>
    <chapterId>21</chapterId>
    <textIndopak>يَوۡمَ نَطۡوِي ٱلسَّمَآءَ كَطَيِّ ٱلسِّجِلِّ لِلۡكُتُبِۚ كَمَا بَدَأۡنَآ أَوَّلَ خَلۡقٖ نُّعِيدُهُۥۚ وَعۡدًا عَلَيۡنَآۚ إِنَّا كُنَّا فَٰعِلِينَ</textIndopak>
    <translations>
      <translation>
        <author>Dr. Mustafa Khattab, the Clear Quran</author>
        <text>On that Day We will roll up the heavens like a scroll of writings. Just as We produced the first creation, ˹so˺ shall We reproduce it. That is a promise binding on Us. We truly uphold ˹Our promises˺!</text>
      </translation>
    </translations>
    <rules>[{"start": 91, "end": 94, "rule_id": 0}, {"start": 128, "end": 131, "rule_id": 0}, {"start": 135, "end": 138, "rule_id": 0}, {"start": 9, "end": 11, "rule_id": 1}, {"start": 88, "end": 94, "rule_id": 3}]</rules>
  </verse>
  <verse>
    <verseIdArabic>١٠٥</verseIdArabic>
    <verseId>105</verseId>
    <chapterId>21</chapterId>
    <textIndopak>وَلَقَدۡ كَتَبۡنَا فِي ٱلزَّبُورِ مِنۢ بَعۡدِ ٱلذِّكۡرِ أَنَّ ٱلۡأَرۡضَ يَرِثُهَا عِبَادِيَ ٱلصَّٰلِحُونَ</textIndopak>
    <translations>
      <translation>
        <author>Dr. Mustafa Khattab, the Clear Quran</author>
        <text>Surely, following the ˹heavenly˺ Record, We decreed in the Scriptures: “My righteous servants shall inherit the land.”</text>
      </translation>
    </translations>
    <rules>[{"start": 58, "end": 61, "rule_id": 0}, {"start": 6, "end": 8, "rule_id": 1}, {"start": 13, "end": 15, "rule_id": 1}, {"start": 36, "end": 41, "rule_id": 2}]</rules>
  </verse>
  <verse>
    <verseIdArabic>١٠٦</verseIdArabic>
    <verseId>106</verseId>
    <chapterId>21</chapterId>
    <textIndopak>إِنَّ فِي هَٰذَا لَبَلَٰغٗا لِّقَوۡمٍ عَٰبِدِينَ</textIndopak>
    <translations>
      <translation>
        <author>Dr. Mustafa Khattab, the Clear Quran</author>
        <text>Surely this ˹Quran˺ is sufficient ˹as a reminder˺ for those devoted to worship.</text>
      </translation>
    </translations>
    <rules>[{"start": 2, "end": 5, "rule_id": 0}, {"start": 24, "end": 31, "rule_id": 5}]</rules>
  </verse>
  <verse>
    <verseIdArabic>١٠٧</verseIdArabic>
    <verseId>107</verseId>
    <chapterId>21</chapterId>
    <textIndopak>وَمَآ أَرۡسَلۡنَٰكَ إِلَّا رَحۡمَةٗ لِّلۡعَٰلَمِينَ</textIndopak>
    <translations>
      <translation>
        <author>Dr. Mustafa Khattab, the Clear Quran</author>
        <text>We have sent you ˹O Prophet˺ only as a mercy for the whole world.</text>
      </translation>
    </translations>
    <rules>[{"start": 34, "end": 40, "rule_id": 5}]</rules>
  </verse>
  <verse>
    <verseIdArabic>١٠٨</verseIdArabic>
    <verseId>108</verseId>
    <chapterId>21</chapterId>
    <textIndopak>قُلۡ إِنَّمَا يُوحَىٰٓ إِلَيَّ أَنَّمَآ إِلَٰهُكُمۡ إِلَٰهٞ وَٰحِدٞۖ فَهَلۡ أَنتُم مُّسۡلِمُونَ</textIndopak>
    <translations>
      <translation>
        <author>Dr. Mustafa Khattab, the Clear Quran</author>
        <text>Say, “What has been revealed to me is this: ‘Your God is only One God.’ Will you then submit?”</text>
      </translation>
    </translations>
    <rules>[{"start": 7, "end": 10, "rule_id": 0}, {"start": 33, "end": 36, "rule_id": 0}, {"start": 85, "end": 88, "rule_id": 0}, {"start": 58, "end": 64, "rule_id": 3}, {"start": 83, "end": 88, "rule_id": 4}, {"start": 80, "end": 83, "rule_id": 6}]</rules>
  </verse>
  <verse>
    <verseIdArabic>١٠٩</verseIdArabic>
    <verseId>109</verseId>
    <chapterId>21</chapterId>
    <textIndopak>فَإِن تَوَلَّوۡاْ فَقُلۡ ءَاذَنتُكُمۡ عَلَىٰ سَوَآءٖۖ وَإِنۡ أَدۡرِيٓ أَقَرِيبٌ أَم بَعِيدٞ مَّا تُوعَدُونَ</textIndopak>
    <translations>
      <translation>
        <author>Dr. Mustafa Khattab, the Clear Quran</author>
        <text>If they turn away, then say, “I have warned you all equally. I do not know if what you are threatened with is near or far.</text>
      </translation>
    </translations>
    <rules>[{"start": 94, "end": 97, "rule_id": 0}, {"start": 65, "end": 67, "rule_id": 1}, {"start": 51, "end": 58, "rule_id": 3}, {"start": 91, "end": 97, "rule_id": 3}, {"start": 4, "end": 8, "rule_id": 6}, {"start": 30, "end": 33, "rule_id": 6}, {"start": 84, "end": 88, "rule_id": 7}]</rules>
  </verse>
  <verse>
    <verseIdArabic>١١٠</verseIdArabic>
    <verseId>110</verseId>
    <chapterId>21</chapterId>
    <textIndopak>إِنَّهُۥ يَعۡلَمُ ٱلۡجَهۡرَ مِنَ ٱلۡقَوۡلِ وَيَعۡلَمُ مَا تَكۡتُمُونَ</textIndopak>
    <translations>
      <translation>
        <author>Dr. Mustafa Khattab, the Clear Quran</author>
        <text>Allah surely knows what you say openly and whatever you hide.</text>
      </translation>
    </translations>
    <rules>[{"start": 2, "end": 5, "rule_id": 0}]</rules>
  </verse>
  <verse>
    <verseIdArabic>١١١</verseIdArabic>
    <verseId>111</verseId>
    <chapterId>21</chapterId>
    <textIndopak>وَإِنۡ أَدۡرِي لَعَلَّهُۥ فِتۡنَةٞ لَّكُمۡ وَمَتَٰعٌ إِلَىٰ حِينٖ</textIndopak>
    <translations>
      <translation>
        <author>Dr. Mustafa Khattab, the Clear Quran</author>
        <text>I do not know if this ˹delay˺ is possibly a test for you and an enjoyment for a while.”</text>
      </translation>
    </translations>
    <rules>[{"start": 9, "end": 11, "rule_id": 1}, {"start": 32, "end": 38, "rule_id": 5}]</rules>
  </verse>
  <verse>
    <verseIdArabic>١١٢</verseIdArabic>
    <verseId>112</verseId>
    <chapterId>21</chapterId>
    <textIndopak>قَٰلَ رَبِّ ٱحۡكُم بِٱلۡحَقِّۗ وَرَبُّنَا ٱلرَّحۡمَٰنُ ٱلۡمُسۡتَعَانُ عَلَىٰ مَا تَصِفُونَ</textIndopak>
    <translations>
      <translation>
        <author>Dr. Mustafa Khattab, the Clear Quran</author>
        <text>˹In the end,˺ the Prophet said, “My Lord! Judge ˹between us˺ in truth. And our Lord is the Most Compassionate, Whose help is sought against what you claim.”</text>
      </translation>
    </translations>
    <rules>[{"start": 17, "end": 21, "rule_id": 7}]</rules>
  </verse>
</verses>
