<?xml version="1.0" encoding="UTF-8"?>

<verses>
  <verse>
    <verseIdArabic>١</verseIdArabic>
    <verseId>1</verseId>
    <chapterId>24</chapterId>
    <textIndopak>سُورَةٌ أَنزَلۡنَٰهَا وَفَرَضۡنَٰهَا وَأَنزَلۡنَا فِيهَآ ءَايَٰتِۭ بَيِّنَٰتٖ لَّعَلَّكُمۡ تَذَكَّرُونَ</textIndopak>
    <translations>
      <translation>
        <author>Dr. Mustafa Khattab, the Clear Quran</author>
        <text>˹This is˺ a sûrah which We have revealed and made ˹its rulings˺ obligatory, and revealed in it clear commandments so that you may be mindful.</text>
      </translation>
    </translations>
    <rules>[{"start": 64, "end": 70, "rule_id": 2}, {"start": 76, "end": 82, "rule_id": 5}, {"start": 10, "end": 13, "rule_id": 6}, {"start": 41, "end": 44, "rule_id": 6}]</rules>
  </verse>
  <verse>
    <verseIdArabic>٢</verseIdArabic>
    <verseId>2</verseId>
    <chapterId>24</chapterId>
    <textIndopak>ٱلزَّانِيَةُ وَٱلزَّانِي فَٱجۡلِدُواْ كُلَّ وَٰحِدٖ مِّنۡهُمَا مِاْئَةَ جَلۡدَةٖۖ وَلَا تَأۡخُذۡكُم بِهِمَا رَأۡفَةٞ فِي دِينِ ٱللَّهِ إِن كُنتُمۡ تُؤۡمِنُونَ بِٱللَّهِ وَٱلۡيَوۡمِ ٱلۡأٓخِرِۖ وَلۡيَشۡهَدۡ عَذَابَهُمَا طَآئِفَةٞ مِّنَ ٱلۡمُؤۡمِنِينَ</textIndopak>
    <translations>
      <translation>
        <author>Dr. Mustafa Khattab, the Clear Quran</author>
        <text>As for female and male fornicators, give each of them one hundred lashes, and do not let pity for them make you lenient in ˹enforcing˺ the law of Allah, if you ˹truly˺ believe in Allah and the Last Day. And let a number of believers witness their punishment.</text>
      </translation>
    </translations>
    <rules>[{"start": 52, "end": 55, "rule_id": 0}, {"start": 232, "end": 235, "rule_id": 0}, {"start": 28, "end": 30, "rule_id": 1}, {"start": 205, "end": 207, "rule_id": 1}, {"start": 49, "end": 55, "rule_id": 3}, {"start": 78, "end": 85, "rule_id": 3}, {"start": 229, "end": 235, "rule_id": 3}, {"start": 138, "end": 142, "rule_id": 6}, {"start": 142, "end": 145, "rule_id": 6}, {"start": 115, "end": 120, "rule_id": 6}, {"start": 99, "end": 103, "rule_id": 7}]</rules>
  </verse>
  <verse>
    <verseIdArabic>٣</verseIdArabic>
    <verseId>3</verseId>
    <chapterId>24</chapterId>
    <textIndopak>ٱلزَّانِي لَا يَنكِحُ إِلَّا زَانِيَةً أَوۡ مُشۡرِكَةٗ وَٱلزَّانِيَةُ لَا يَنكِحُهَآ إِلَّا زَانٍ أَوۡ مُشۡرِكٞۚ وَحُرِّمَ ذَٰلِكَ عَلَى ٱلۡمُؤۡمِنِينَ</textIndopak>
    <translations>
      <translation>
        <author>Dr. Mustafa Khattab, the Clear Quran</author>
        <text>A male fornicator would only marry a female fornicator or idolatress. And a female fornicator would only be married to a fornicator or idolater. This is ˹all˺ forbidden to the believers.</text>
      </translation>
    </translations>
    <rules>[{"start": 52, "end": 57, "rule_id": 3}, {"start": 16, "end": 19, "rule_id": 6}, {"start": 76, "end": 79, "rule_id": 6}]</rules>
  </verse>
  <verse>
    <verseIdArabic>٤</verseIdArabic>
    <verseId>4</verseId>
    <chapterId>24</chapterId>
    <textIndopak>وَٱلَّذِينَ يَرۡمُونَ ٱلۡمُحۡصَنَٰتِ ثُمَّ لَمۡ يَأۡتُواْ بِأَرۡبَعَةِ شُهَدَآءَ فَٱجۡلِدُوهُمۡ ثَمَٰنِينَ جَلۡدَةٗ وَلَا تَقۡبَلُواْ لَهُمۡ شَهَٰدَةً أَبَدٗاۚ وَأُوْلَٰٓئِكَ هُمُ ٱلۡفَٰسِقُونَ</textIndopak>
    <translations>
      <translation>
        <author>Dr. Mustafa Khattab, the Clear Quran</author>
        <text>Those who accuse chaste women ˹of adultery˺ and fail to produce four witnesses, give them eighty lashes ˹each˺. And do not ever accept any testimony from them—for they are indeed the rebellious—</text>
      </translation>
    </translations>
    <rules>[{"start": 39, "end": 42, "rule_id": 0}, {"start": 85, "end": 87, "rule_id": 1}, {"start": 125, "end": 127, "rule_id": 1}, {"start": 114, "end": 119, "rule_id": 3}]</rules>
  </verse>
  <verse>
    <verseIdArabic>٥</verseIdArabic>
    <verseId>5</verseId>
    <chapterId>24</chapterId>
    <textIndopak>إِلَّا ٱلَّذِينَ تَابُواْ مِنۢ بَعۡدِ ذَٰلِكَ وَأَصۡلَحُواْ فَإِنَّ ٱللَّهَ غَفُورٞ رَّحِيمٞ</textIndopak>
    <translations>
      <translation>
        <author>Dr. Mustafa Khattab, the Clear Quran</author>
        <text>except those who repent afterwards and mend their ways, then surely Allah is All-Forgiving, Most Merciful.</text>
      </translation>
    </translations>
    <rules>[{"start": 64, "end": 67, "rule_id": 0}, {"start": 28, "end": 33, "rule_id": 2}, {"start": 81, "end": 87, "rule_id": 5}]</rules>
  </verse>
  <verse>
    <verseIdArabic>٦</verseIdArabic>
    <verseId>6</verseId>
    <chapterId>24</chapterId>
    <textIndopak>وَٱلَّذِينَ يَرۡمُونَ أَزۡوَٰجَهُمۡ وَلَمۡ يَكُن لَّهُمۡ شُهَدَآءُ إِلَّآ أَنفُسُهُمۡ فَشَهَٰدَةُ أَحَدِهِمۡ أَرۡبَعُ شَهَٰدَٰتِۭ بِٱللَّهِ إِنَّهُۥ لَمِنَ ٱلصَّٰدِقِينَ</textIndopak>
    <translations>
      <translation>
        <author>Dr. Mustafa Khattab, the Clear Quran</author>
        <text>And those who accuse their wives ˹of adultery˺ but have no witness except themselves, the accuser must testify, swearing four times by Allah that he is telling the truth,</text>
      </translation>
    </translations>
    <rules>[{"start": 146, "end": 149, "rule_id": 0}, {"start": 128, "end": 134, "rule_id": 2}, {"start": 47, "end": 52, "rule_id": 5}, {"start": 78, "end": 81, "rule_id": 6}]</rules>
  </verse>
  <verse>
    <verseIdArabic>٧</verseIdArabic>
    <verseId>7</verseId>
    <chapterId>24</chapterId>
    <textIndopak>وَٱلۡخَٰمِسَةُ أَنَّ لَعۡنَتَ ٱللَّهِ عَلَيۡهِ إِن كَانَ مِنَ ٱلۡكَٰذِبِينَ</textIndopak>
    <translations>
      <translation>
        <author>Dr. Mustafa Khattab, the Clear Quran</author>
        <text>and a fifth oath that Allah may condemn him if he is lying.</text>
      </translation>
    </translations>
    <rules>[{"start": 17, "end": 20, "rule_id": 0}, {"start": 49, "end": 53, "rule_id": 6}]</rules>
  </verse>
  <verse>
    <verseIdArabic>٨</verseIdArabic>
    <verseId>8</verseId>
    <chapterId>24</chapterId>
    <textIndopak>وَيَدۡرَؤُاْ عَنۡهَا ٱلۡعَذَابَ أَن تَشۡهَدَ أَرۡبَعَ شَهَٰدَٰتِۭ بِٱللَّهِ إِنَّهُۥ لَمِنَ ٱلۡكَٰذِبِينَ</textIndopak>
    <translations>
      <translation>
        <author>Dr. Mustafa Khattab, the Clear Quran</author>
        <text>For her to be spared the punishment, she must swear four times by Allah that he is telling a lie,</text>
      </translation>
    </translations>
    <rules>[{"start": 80, "end": 83, "rule_id": 0}, {"start": 4, "end": 6, "rule_id": 1}, {"start": 62, "end": 68, "rule_id": 2}, {"start": 34, "end": 38, "rule_id": 6}]</rules>
  </verse>
  <verse>
    <verseIdArabic>٩</verseIdArabic>
    <verseId>9</verseId>
    <chapterId>24</chapterId>
    <textIndopak>وَٱلۡخَٰمِسَةَ أَنَّ غَضَبَ ٱللَّهِ عَلَيۡهَآ إِن كَانَ مِنَ ٱلصَّٰدِقِينَ</textIndopak>
    <translations>
      <translation>
        <author>Dr. Mustafa Khattab, the Clear Quran</author>
        <text>and a fifth oath that Allah may be displeased with her if he is telling the truth.</text>
      </translation>
    </translations>
    <rules>[{"start": 17, "end": 20, "rule_id": 0}, {"start": 49, "end": 53, "rule_id": 6}]</rules>
  </verse>
  <verse>
    <verseIdArabic>١٠</verseIdArabic>
    <verseId>10</verseId>
    <chapterId>24</chapterId>
    <textIndopak>وَلَوۡلَا فَضۡلُ ٱللَّهِ عَلَيۡكُمۡ وَرَحۡمَتُهُۥ وَأَنَّ ٱللَّهَ تَوَّابٌ حَكِيمٌ</textIndopak>
    <translations>
      <translation>
        <author>Dr. Mustafa Khattab, the Clear Quran</author>
        <text>˹You would have suffered,˺ had it not been for Allah’s grace and mercy upon you, and had Allah not been Accepting of Repentance, All-Wise.</text>
      </translation>
    </translations>
    <rules>[{"start": 54, "end": 57, "rule_id": 0}]</rules>
  </verse>
  <verse>
    <verseIdArabic>١١</verseIdArabic>
    <verseId>11</verseId>
    <chapterId>24</chapterId>
    <textIndopak>إِنَّ ٱلَّذِينَ جَآءُو بِٱلۡإِفۡكِ عُصۡبَةٞ مِّنكُمۡۚ لَا تَحۡسَبُوهُ شَرّٗا لَّكُمۖ بَلۡ هُوَ خَيۡرٞ لَّكُمۡۚ لِكُلِّ ٱمۡرِيٕٖ مِّنۡهُم مَّا ٱكۡتَسَبَ مِنَ ٱلۡإِثۡمِۚ وَٱلَّذِي تَوَلَّىٰ كِبۡرَهُۥ مِنۡهُمۡ لَهُۥ عَذَابٌ عَظِيمٞ</textIndopak>
    <translations>
      <translation>
        <author>Dr. Mustafa Khattab, the Clear Quran</author>
        <text>Indeed, those who came up with that ˹outrageous˺ slander are a group of you. Do not think this is bad for you. Rather, it is good for you. They will be punished, each according to their share of the sin. As for their mastermind, he will suffer a tremendous punishment.</text>
      </translation>
    </translations>
    <rules>[{"start": 2, "end": 5, "rule_id": 0}, {"start": 45, "end": 48, "rule_id": 0}, {"start": 131, "end": 134, "rule_id": 0}, {"start": 140, "end": 143, "rule_id": 0}, {"start": 194, "end": 196, "rule_id": 1}, {"start": 42, "end": 48, "rule_id": 3}, {"start": 128, "end": 134, "rule_id": 3}, {"start": 138, "end": 143, "rule_id": 4}, {"start": 74, "end": 82, "rule_id": 5}, {"start": 102, "end": 108, "rule_id": 5}, {"start": 48, "end": 51, "rule_id": 6}]</rules>
  </verse>
  <verse>
    <verseIdArabic>١٢</verseIdArabic>
    <verseId>12</verseId>
    <chapterId>24</chapterId>
    <textIndopak>لَّوۡلَآ إِذۡ سَمِعۡتُمُوهُ ظَنَّ ٱلۡمُؤۡمِنُونَ وَٱلۡمُؤۡمِنَٰتُ بِأَنفُسِهِمۡ خَيۡرٗا وَقَالُواْ هَٰذَآ إِفۡكٞ مُّبِينٞ</textIndopak>
    <translations>
      <translation>
        <author>Dr. Mustafa Khattab, the Clear Quran</author>
        <text>If only the believing men and women had thought well of one another, when you heard this ˹rumour˺, and said, “This is clearly ˹an outrageous˺ slander!”</text>
      </translation>
    </translations>
    <rules>[{"start": 31, "end": 34, "rule_id": 0}, {"start": 115, "end": 118, "rule_id": 0}, {"start": 85, "end": 91, "rule_id": 3}, {"start": 112, "end": 118, "rule_id": 3}, {"start": 71, "end": 74, "rule_id": 6}]</rules>
  </verse>
  <verse>
    <verseIdArabic>١٣</verseIdArabic>
    <verseId>13</verseId>
    <chapterId>24</chapterId>
    <textIndopak>لَّوۡلَا جَآءُو عَلَيۡهِ بِأَرۡبَعَةِ شُهَدَآءَۚ فَإِذۡ لَمۡ يَأۡتُواْ بِٱلشُّهَدَآءِ فَأُوْلَٰٓئِكَ عِندَ ٱللَّهِ هُمُ ٱلۡكَٰذِبُونَ</textIndopak>
    <translations>
      <translation>
        <author>Dr. Mustafa Khattab, the Clear Quran</author>
        <text>Why did they not produce four witnesses? Now, since they have failed to produce witnesses, they are ˹truly˺ liars in the sight of Allah.</text>
      </translation>
    </translations>
    <rules>[{"start": 107, "end": 110, "rule_id": 6}]</rules>
  </verse>
  <verse>
    <verseIdArabic>١٤</verseIdArabic>
    <verseId>14</verseId>
    <chapterId>24</chapterId>
    <textIndopak>وَلَوۡلَا فَضۡلُ ٱللَّهِ عَلَيۡكُمۡ وَرَحۡمَتُهُۥ فِي ٱلدُّنۡيَا وَٱلۡأٓخِرَةِ لَمَسَّكُمۡ فِي مَآ أَفَضۡتُمۡ فِيهِ عَذَابٌ عَظِيمٌ</textIndopak>
    <translations>
      <translation>
        <author>Dr. Mustafa Khattab, the Clear Quran</author>
        <text>Had it not been for Allah’s grace and mercy upon you in this world and the Hereafter, you would have certainly been touched with a tremendous punishment for what you plunged into—</text>
      </translation>
    </translations>
  </verse>
  <verse>
    <verseIdArabic>١٥</verseIdArabic>
    <verseId>15</verseId>
    <chapterId>24</chapterId>
    <textIndopak>إِذۡ تَلَقَّوۡنَهُۥ بِأَلۡسِنَتِكُمۡ وَتَقُولُونَ بِأَفۡوَاهِكُم مَّا لَيۡسَ لَكُم بِهِۦ عِلۡمٞ وَتَحۡسَبُونَهُۥ هَيِّنٗا وَهُوَ عِندَ ٱللَّهِ عَظِيمٞ</textIndopak>
    <translations>
      <translation>
        <author>Dr. Mustafa Khattab, the Clear Quran</author>
        <text>when you passed it from one tongue to the other, and said with your mouths what you had no knowledge of, taking it lightly while it is ˹extremely˺ serious in the sight of Allah.</text>
      </translation>
    </translations>
    <rules>[{"start": 65, "end": 68, "rule_id": 0}, {"start": 93, "end": 98, "rule_id": 3}, {"start": 118, "end": 124, "rule_id": 3}, {"start": 63, "end": 68, "rule_id": 4}, {"start": 131, "end": 134, "rule_id": 6}, {"start": 81, "end": 85, "rule_id": 7}]</rules>
  </verse>
  <verse>
    <verseIdArabic>١٦</verseIdArabic>
    <verseId>16</verseId>
    <chapterId>24</chapterId>
    <textIndopak>وَلَوۡلَآ إِذۡ سَمِعۡتُمُوهُ قُلۡتُم مَّا يَكُونُ لَنَآ أَن نَّتَكَلَّمَ بِهَٰذَا سُبۡحَٰنَكَ هَٰذَا بُهۡتَٰنٌ عَظِيمٞ</textIndopak>
    <translations>
      <translation>
        <author>Dr. Mustafa Khattab, the Clear Quran</author>
        <text>If only you had said upon hearing it, “How can we speak about such a thing! Glory be to You ˹O Lord˺! This is a heinous slander!”</text>
      </translation>
    </translations>
    <rules>[{"start": 38, "end": 41, "rule_id": 0}, {"start": 62, "end": 65, "rule_id": 0}, {"start": 86, "end": 88, "rule_id": 1}, {"start": 60, "end": 65, "rule_id": 3}, {"start": 36, "end": 41, "rule_id": 4}]</rules>
  </verse>
  <verse>
    <verseIdArabic>١٧</verseIdArabic>
    <verseId>17</verseId>
    <chapterId>24</chapterId>
    <textIndopak>يَعِظُكُمُ ٱللَّهُ أَن تَعُودُواْ لِمِثۡلِهِۦٓ أَبَدًا إِن كُنتُم مُّؤۡمِنِينَ</textIndopak>
    <translations>
      <translation>
        <author>Dr. Mustafa Khattab, the Clear Quran</author>
        <text>Allah forbids you from ever doing something like this again, if you are ˹true˺ believers.</text>
      </translation>
    </translations>
    <rules>[{"start": 66, "end": 69, "rule_id": 0}, {"start": 64, "end": 69, "rule_id": 4}, {"start": 21, "end": 25, "rule_id": 6}, {"start": 57, "end": 61, "rule_id": 6}, {"start": 61, "end": 64, "rule_id": 6}]</rules>
  </verse>
  <verse>
    <verseIdArabic>١٨</verseIdArabic>
    <verseId>18</verseId>
    <chapterId>24</chapterId>
    <textIndopak>وَيُبَيِّنُ ٱللَّهُ لَكُمُ ٱلۡأٓيَٰتِۚ وَٱللَّهُ عَلِيمٌ حَكِيمٌ</textIndopak>
    <translations>
      <translation>
        <author>Dr. Mustafa Khattab, the Clear Quran</author>
        <text>And Allah makes ˹His˺ commandments clear to you, for Allah is All-Knowing, All-Wise.</text>
      </translation>
    </translations>
  </verse>
  <verse>
    <verseIdArabic>١٩</verseIdArabic>
    <verseId>19</verseId>
    <chapterId>24</chapterId>
    <textIndopak>إِنَّ ٱلَّذِينَ يُحِبُّونَ أَن تَشِيعَ ٱلۡفَٰحِشَةُ فِي ٱلَّذِينَ ءَامَنُواْ لَهُمۡ عَذَابٌ أَلِيمٞ فِي ٱلدُّنۡيَا وَٱلۡأٓخِرَةِۚ وَٱللَّهُ يَعۡلَمُ وَأَنتُمۡ لَا تَعۡلَمُونَ</textIndopak>
    <translations>
      <translation>
        <author>Dr. Mustafa Khattab, the Clear Quran</author>
        <text>Indeed, those who love to see indecency spread among the believers will suffer a painful punishment in this life and the Hereafter. Allah knows and you do not know.</text>
      </translation>
    </translations>
    <rules>[{"start": 2, "end": 5, "rule_id": 0}, {"start": 29, "end": 33, "rule_id": 6}, {"start": 155, "end": 158, "rule_id": 6}, {"start": 97, "end": 102, "rule_id": 6}]</rules>
  </verse>
  <verse>
    <verseIdArabic>٢٠</verseIdArabic>
    <verseId>20</verseId>
    <chapterId>24</chapterId>
    <textIndopak>وَلَوۡلَا فَضۡلُ ٱللَّهِ عَلَيۡكُمۡ وَرَحۡمَتُهُۥ وَأَنَّ ٱللَّهَ رَءُوفٞ رَّحِيمٞ</textIndopak>
    <translations>
      <translation>
        <author>Dr. Mustafa Khattab, the Clear Quran</author>
        <text>˹You would have suffered,˺ had it not been for Allah’s grace and mercy upon you, and had Allah not been Ever Gracious, Most Merciful.</text>
      </translation>
    </translations>
    <rules>[{"start": 54, "end": 57, "rule_id": 0}, {"start": 71, "end": 77, "rule_id": 5}]</rules>
  </verse>
  <verse>
    <verseIdArabic>٢١</verseIdArabic>
    <verseId>21</verseId>
    <chapterId>24</chapterId>
    <textIndopak>۞ يَٰٓأَيُّهَا ٱلَّذِينَ ءَامَنُواْ لَا تَتَّبِعُواْ خُطُوَٰتِ ٱلشَّيۡطَٰنِۚ وَمَن يَتَّبِعۡ خُطُوَٰتِ ٱلشَّيۡطَٰنِ فَإِنَّهُۥ يَأۡمُرُ بِٱلۡفَحۡشَآءِ وَٱلۡمُنكَرِۚ وَلَوۡلَا فَضۡلُ ٱللَّهِ عَلَيۡكُمۡ وَرَحۡمَتُهُۥ مَا زَكَىٰ مِنكُم مِّنۡ أَحَدٍ أَبَدٗا وَلَٰكِنَّ ٱللَّهَ يُزَكِّي مَن يَشَآءُۗ وَٱللَّهُ سَمِيعٌ عَلِيمٞ</textIndopak>
    <translations>
      <translation>
        <author>Dr. Mustafa Khattab, the Clear Quran</author>
        <text>O believers! Do not follow the footsteps of Satan. Whoever follows Satan’s footsteps, then ˹let them know that˺ he surely bids ˹all to˺ immorality and wickedness. Had it not been for Allah’s grace and mercy upon you, none of you would have ever been purified. But Allah purifies whoever He wills. And Allah is All-Hearing, All-Knowing.</text>
      </translation>
    </translations>
    <rules>[{"start": 121, "end": 124, "rule_id": 0}, {"start": 236, "end": 239, "rule_id": 0}, {"start": 264, "end": 267, "rule_id": 0}, {"start": 82, "end": 86, "rule_id": 3}, {"start": 287, "end": 291, "rule_id": 3}, {"start": 253, "end": 259, "rule_id": 3}, {"start": 234, "end": 239, "rule_id": 4}, {"start": 160, "end": 163, "rule_id": 6}, {"start": 231, "end": 234, "rule_id": 6}]</rules>
  </verse>
  <verse>
    <verseIdArabic>٢٢</verseIdArabic>
    <verseId>22</verseId>
    <chapterId>24</chapterId>
    <textIndopak>وَلَا يَأۡتَلِ أُوْلُواْ ٱلۡفَضۡلِ مِنكُمۡ وَٱلسَّعَةِ أَن يُؤۡتُوٓاْ أُوْلِي ٱلۡقُرۡبَىٰ وَٱلۡمَسَٰكِينَ وَٱلۡمُهَٰجِرِينَ فِي سَبِيلِ ٱللَّهِۖ وَلۡيَعۡفُواْ وَلۡيَصۡفَحُوٓاْۗ أَلَا تُحِبُّونَ أَن يَغۡفِرَ ٱللَّهُ لَكُمۡۚ وَٱللَّهُ غَفُورٞ رَّحِيمٌ</textIndopak>
    <translations>
      <translation>
        <author>Dr. Mustafa Khattab, the Clear Quran</author>
        <text>Do not let the people of virtue and affluence among you swear to suspend donations to their relatives, the needy, and the emigrants in the cause of Allah. Let them pardon and forgive. Do you not love to be forgiven by Allah? And Allah is All-Forgiving, Most Merciful.</text>
      </translation>
    </translations>
    <rules>[{"start": 57, "end": 61, "rule_id": 3}, {"start": 198, "end": 202, "rule_id": 3}, {"start": 241, "end": 247, "rule_id": 5}, {"start": 37, "end": 40, "rule_id": 6}]</rules>
  </verse>
  <verse>
    <verseIdArabic>٢٣</verseIdArabic>
    <verseId>23</verseId>
    <chapterId>24</chapterId>
    <textIndopak>إِنَّ ٱلَّذِينَ يَرۡمُونَ ٱلۡمُحۡصَنَٰتِ ٱلۡغَٰفِلَٰتِ ٱلۡمُؤۡمِنَٰتِ لُعِنُواْ فِي ٱلدُّنۡيَا وَٱلۡأٓخِرَةِ وَلَهُمۡ عَذَابٌ عَظِيمٞ</textIndopak>
    <translations>
      <translation>
        <author>Dr. Mustafa Khattab, the Clear Quran</author>
        <text>Surely those who accuse chaste, unsuspecting, believing women are cursed in this life and the Hereafter. And they will suffer a tremendous punishment</text>
      </translation>
    </translations>
    <rules>[{"start": 2, "end": 5, "rule_id": 0}]</rules>
  </verse>
  <verse>
    <verseIdArabic>٢٤</verseIdArabic>
    <verseId>24</verseId>
    <chapterId>24</chapterId>
    <textIndopak>يَوۡمَ تَشۡهَدُ عَلَيۡهِمۡ أَلۡسِنَتُهُمۡ وَأَيۡدِيهِمۡ وَأَرۡجُلُهُم بِمَا كَانُواْ يَعۡمَلُونَ</textIndopak>
    <translations>
      <translation>
        <author>Dr. Mustafa Khattab, the Clear Quran</author>
        <text>on the Day their tongues, hands, and feet will testify against them for what they used to do.</text>
      </translation>
    </translations>
    <rules>[{"start": 68, "end": 72, "rule_id": 7}]</rules>
  </verse>
  <verse>
    <verseIdArabic>٢٥</verseIdArabic>
    <verseId>25</verseId>
    <chapterId>24</chapterId>
    <textIndopak>يَوۡمَئِذٖ يُوَفِّيهِمُ ٱللَّهُ دِينَهُمُ ٱلۡحَقَّ وَيَعۡلَمُونَ أَنَّ ٱللَّهَ هُوَ ٱلۡحَقُّ ٱلۡمُبِينُ</textIndopak>
    <translations>
      <translation>
        <author>Dr. Mustafa Khattab, the Clear Quran</author>
        <text>On that Day, Allah will give them their just penalty in full, and they will ˹come to˺ know that Allah ˹alone˺ is the Ultimate Truth.</text>
      </translation>
    </translations>
    <rules>[{"start": 67, "end": 70, "rule_id": 0}, {"start": 8, "end": 13, "rule_id": 3}]</rules>
  </verse>
  <verse>
    <verseIdArabic>٢٦</verseIdArabic>
    <verseId>26</verseId>
    <chapterId>24</chapterId>
    <textIndopak>ٱلۡخَبِيثَٰتُ لِلۡخَبِيثِينَ وَٱلۡخَبِيثُونَ لِلۡخَبِيثَٰتِۖ وَٱلطَّيِّبَٰتُ لِلطَّيِّبِينَ وَٱلطَّيِّبُونَ لِلطَّيِّبَٰتِۚ أُوْلَٰٓئِكَ مُبَرَّءُونَ مِمَّا يَقُولُونَۖ لَهُم مَّغۡفِرَةٞ وَرِزۡقٞ كَرِيمٞ</textIndopak>
    <translations>
      <translation>
        <author>Dr. Mustafa Khattab, the Clear Quran</author>
        <text>Wicked women are for wicked men, and wicked men are for wicked women. And virtuous women are for virtuous men, and virtuous men are for virtuous women. The virtuous are innocent of what the wicked say. They will have forgiveness and an honourable provision.</text>
      </translation>
    </translations>
    <rules>[{"start": 154, "end": 157, "rule_id": 0}, {"start": 178, "end": 181, "rule_id": 0}, {"start": 187, "end": 192, "rule_id": 3}, {"start": 176, "end": 181, "rule_id": 4}, {"start": 196, "end": 201, "rule_id": 6}]</rules>
  </verse>
  <verse>
    <verseIdArabic>٢٧</verseIdArabic>
    <verseId>27</verseId>
    <chapterId>24</chapterId>
    <textIndopak>يَٰٓأَيُّهَا ٱلَّذِينَ ءَامَنُواْ لَا تَدۡخُلُواْ بُيُوتًا غَيۡرَ بُيُوتِكُمۡ حَتَّىٰ تَسۡتَأۡنِسُواْ وَتُسَلِّمُواْ عَلَىٰٓ أَهۡلِهَاۚ ذَٰلِكُمۡ خَيۡرٞ لَّكُمۡ لَعَلَّكُمۡ تَذَكَّرُونَ</textIndopak>
    <translations>
      <translation>
        <author>Dr. Mustafa Khattab, the Clear Quran</author>
        <text>O believers! Do not enter any house other than your own until you have asked for permission and greeted its occupants. This is best for you, so perhaps you will be mindful.</text>
      </translation>
    </translations>
    <rules>[{"start": 40, "end": 42, "rule_id": 1}, {"start": 151, "end": 157, "rule_id": 5}]</rules>
  </verse>
  <verse>
    <verseIdArabic>٢٨</verseIdArabic>
    <verseId>28</verseId>
    <chapterId>24</chapterId>
    <textIndopak>فَإِن لَّمۡ تَجِدُواْ فِيهَآ أَحَدٗا فَلَا تَدۡخُلُوهَا حَتَّىٰ يُؤۡذَنَ لَكُمۡۖ وَإِن قِيلَ لَكُمُ ٱرۡجِعُواْ فَٱرۡجِعُواْۖ هُوَ أَزۡكَىٰ لَكُمۡۚ وَٱللَّهُ بِمَا تَعۡمَلُونَ عَلِيمٞ</textIndopak>
    <translations>
      <translation>
        <author>Dr. Mustafa Khattab, the Clear Quran</author>
        <text>If you find no one at home, do not enter it until you have been given permission. And if you are asked to leave, then leave. That is purer for you. And Allah has ˹perfect˺ knowledge of what you do.</text>
      </translation>
    </translations>
    <rules>[{"start": 46, "end": 48, "rule_id": 1}, {"start": 4, "end": 9, "rule_id": 5}, {"start": 87, "end": 91, "rule_id": 6}]</rules>
  </verse>
  <verse>
    <verseIdArabic>٢٩</verseIdArabic>
    <verseId>29</verseId>
    <chapterId>24</chapterId>
    <textIndopak>لَّيۡسَ عَلَيۡكُمۡ جُنَاحٌ أَن تَدۡخُلُواْ بُيُوتًا غَيۡرَ مَسۡكُونَةٖ فِيهَا مَتَٰعٞ لَّكُمۡۚ وَٱللَّهُ يَعۡلَمُ مَا تُبۡدُونَ وَمَا تَكۡتُمُونَ</textIndopak>
    <translations>
      <translation>
        <author>Dr. Mustafa Khattab, the Clear Quran</author>
        <text>There is no blame on you if you enter public places where there is something of benefit for you. And Allah knows what you reveal and what you conceal.</text>
      </translation>
    </translations>
    <rules>[{"start": 33, "end": 35, "rule_id": 1}, {"start": 121, "end": 123, "rule_id": 1}, {"start": 83, "end": 89, "rule_id": 5}, {"start": 29, "end": 33, "rule_id": 6}, {"start": 68, "end": 73, "rule_id": 6}]</rules>
  </verse>
  <verse>
    <verseIdArabic>٣٠</verseIdArabic>
    <verseId>30</verseId>
    <chapterId>24</chapterId>
    <textIndopak>قُل لِّلۡمُؤۡمِنِينَ يَغُضُّواْ مِنۡ أَبۡصَٰرِهِمۡ وَيَحۡفَظُواْ فُرُوجَهُمۡۚ ذَٰلِكَ أَزۡكَىٰ لَهُمۡۚ إِنَّ ٱللَّهَ خَبِيرُۢ بِمَا يَصۡنَعُونَ</textIndopak>
    <translations>
      <translation>
        <author>Dr. Mustafa Khattab, the Clear Quran</author>
        <text>˹O Prophet!˺ Tell the believing men to lower their gaze and guard their chastity. That is purer for them. Surely Allah is All-Aware of what they do.</text>
      </translation>
    </translations>
    <rules>[{"start": 107, "end": 110, "rule_id": 0}, {"start": 39, "end": 41, "rule_id": 1}, {"start": 124, "end": 130, "rule_id": 2}]</rules>
  </verse>
  <verse>
    <verseIdArabic>٣١</verseIdArabic>
    <verseId>31</verseId>
    <chapterId>24</chapterId>
    <textIndopak>وَقُل لِّلۡمُؤۡمِنَٰتِ يَغۡضُضۡنَ مِنۡ أَبۡصَٰرِهِنَّ وَيَحۡفَظۡنَ فُرُوجَهُنَّ وَلَا يُبۡدِينَ زِينَتَهُنَّ إِلَّا مَا ظَهَرَ مِنۡهَاۖ وَلۡيَضۡرِبۡنَ بِخُمُرِهِنَّ عَلَىٰ جُيُوبِهِنَّۖ وَلَا يُبۡدِينَ زِينَتَهُنَّ إِلَّا لِبُعُولَتِهِنَّ أَوۡ ءَابَآئِهِنَّ أَوۡ ءَابَآءِ بُعُولَتِهِنَّ أَوۡ أَبۡنَآئِهِنَّ أَوۡ أَبۡنَآءِ بُعُولَتِهِنَّ أَوۡ إِخۡوَٰنِهِنَّ أَوۡ بَنِيٓ إِخۡوَٰنِهِنَّ أَوۡ بَنِيٓ أَخَوَٰتِهِنَّ أَوۡ نِسَآئِهِنَّ أَوۡ مَا مَلَكَتۡ أَيۡمَٰنُهُنَّ أَوِ ٱلتَّٰبِعِينَ غَيۡرِ أُوْلِي ٱلۡإِرۡبَةِ مِنَ ٱلرِّجَالِ أَوِ ٱلطِّفۡلِ ٱلَّذِينَ لَمۡ يَظۡهَرُواْ عَلَىٰ عَوۡرَٰتِ ٱلنِّسَآءِۖ وَلَا يَضۡرِبۡنَ بِأَرۡجُلِهِنَّ لِيُعۡلَمَ مَا يُخۡفِينَ مِن زِينَتِهِنَّۚ وَتُوبُوٓاْ إِلَى ٱللَّهِ جَمِيعًا أَيُّهَ ٱلۡمُؤۡمِنُونَ لَعَلَّكُمۡ تُفۡلِحُونَ</textIndopak>
    <translations>
      <translation>
        <author>Dr. Mustafa Khattab, the Clear Quran</author>
        <text>And tell the believing women to lower their gaze and guard their chastity, and not to reveal their adornments except what normally appears. Let them draw their veils over their chests, and not reveal their ˹hidden˺ adornments except to their husbands, their fathers, their fathers-in-law, their sons, their stepsons, their brothers, their brothers’ sons or sisters’ sons, their fellow women, those ˹bondwomen˺ in their possession, male attendants with no desire, or children who are still unaware of women’s nakedness. Let them not stomp their feet, drawing attention to their hidden adornments. Turn to Allah in repentance all together, O believers, so that you may be successful.</text>
      </translation>
    </translations>
    <rules>[{"start": 50, "end": 53, "rule_id": 0}, {"start": 76, "end": 79, "rule_id": 0}, {"start": 105, "end": 108, "rule_id": 0}, {"start": 162, "end": 165, "rule_id": 0}, {"start": 182, "end": 185, "rule_id": 0}, {"start": 213, "end": 216, "rule_id": 0}, {"start": 237, "end": 240, "rule_id": 0}, {"start": 257, "end": 260, "rule_id": 0}, {"start": 287, "end": 290, "rule_id": 0}, {"start": 308, "end": 311, "rule_id": 0}, {"start": 339, "end": 342, "rule_id": 0}, {"start": 359, "end": 362, "rule_id": 0}, {"start": 386, "end": 389, "rule_id": 0}, {"start": 413, "end": 416, "rule_id": 0}, {"start": 432, "end": 435, "rule_id": 0}, {"start": 465, "end": 468, "rule_id": 0}, {"start": 592, "end": 595, "rule_id": 0}, {"start": 633, "end": 636, "rule_id": 0}, {"start": 675, "end": 678, "rule_id": 0}, {"start": 41, "end": 43, "rule_id": 1}, {"start": 88, "end": 90, "rule_id": 1}, {"start": 147, "end": 149, "rule_id": 1}, {"start": 196, "end": 198, "rule_id": 1}, {"start": 298, "end": 300, "rule_id": 1},</rules>
  </verse>
  <verse>
    <verseIdArabic>٣٢</verseIdArabic>
    <verseId>32</verseId>
    <chapterId>24</chapterId>
    <textIndopak>وَأَنكِحُواْ ٱلۡأَيَٰمَىٰ مِنكُمۡ وَٱلصَّٰلِحِينَ مِنۡ عِبَادِكُمۡ وَإِمَآئِكُمۡۚ إِن يَكُونُواْ فُقَرَآءَ يُغۡنِهِمُ ٱللَّهُ مِن فَضۡلِهِۦۗ وَٱللَّهُ وَٰسِعٌ عَلِيمٞ</textIndopak>
    <translations>
      <translation>
        <author>Dr. Mustafa Khattab, the Clear Quran</author>
        <text>Marry off the ˹free˺ singles among you, as well as the righteous of your bondmen and bondwomen. If they are poor, Allah will enrich them out of His bounty. For Allah is All-Bountiful, All-Knowing.</text>
      </translation>
    </translations>
    <rules>[{"start": 86, "end": 90, "rule_id": 3}, {"start": 4, "end": 7, "rule_id": 6}, {"start": 28, "end": 31, "rule_id": 6}, {"start": 131, "end": 135, "rule_id": 6}]</rules>
  </verse>
  <verse>
    <verseIdArabic>٣٣</verseIdArabic>
    <verseId>33</verseId>
    <chapterId>24</chapterId>
    <textIndopak>وَلۡيَسۡتَعۡفِفِ ٱلَّذِينَ لَا يَجِدُونَ نِكَاحًا حَتَّىٰ يُغۡنِيَهُمُ ٱللَّهُ مِن فَضۡلِهِۦۗ وَٱلَّذِينَ يَبۡتَغُونَ ٱلۡكِتَٰبَ مِمَّا مَلَكَتۡ أَيۡمَٰنُكُمۡ فَكَاتِبُوهُمۡ إِنۡ عَلِمۡتُمۡ فِيهِمۡ خَيۡرٗاۖ وَءَاتُوهُم مِّن مَّالِ ٱللَّهِ ٱلَّذِيٓ ءَاتَىٰكُمۡۚ وَلَا تُكۡرِهُواْ فَتَيَٰتِكُمۡ عَلَى ٱلۡبِغَآءِ إِنۡ أَرَدۡنَ تَحَصُّنٗا لِّتَبۡتَغُواْ عَرَضَ ٱلۡحَيَوٰةِ ٱلدُّنۡيَاۚ وَمَن يُكۡرِههُّنَّ فَإِنَّ ٱللَّهَ مِنۢ بَعۡدِ إِكۡرَٰهِهِنَّ غَفُورٞ رَّحِيمٞ</textIndopak>
    <translations>
      <translation>
        <author>Dr. Mustafa Khattab, the Clear Quran</author>
        <text>And let those who do not have the means to marry keep themselves chaste until Allah enriches them out of His bounty. And if any of those ˹bondspeople˺ in your possession desires a deed of emancipation, make it possible for them, if you find goodness in them. And give them some of Allah’s wealth which He has granted you. Do not force your ˹slave˺ girls into prostitution for your own worldly gains while they wish to remain chaste. And if someone coerces them, then after such a coercion Allah is certainly All-Forgiving, Most Merciful ˹to them˺.</text>
      </translation>
    </translations>
    <rules>[{"start": 132, "end": 135, "rule_id": 0}, {"start": 221, "end": 224, "rule_id": 0}, {"start": 226, "end": 229, "rule_id": 0}, {"start": 402, "end": 405, "rule_id": 0}, {"start": 410, "end": 413, "rule_id": 0}, {"start": 445, "end": 448, "rule_id": 0}, {"start": 109, "end": 111, "rule_id": 1}, {"start": 323, "end": 325, "rule_id": 1}, {"start": 344, "end": 346, "rule_id": 1}, {"start": 424, "end": 429, "rule_id": 2}, {"start": 224, "end": 229, "rule_id": 3}, {"start": 390, "end": 394, "rule_id": 3}, {"start": 203, "end": 211, "rule_id": 3}, {"start": 219, "end": 224, "rule_id": 4}, {"start": 335, "end": 342, "rule_id": 5}, {"start": 454, "end": 460, "rule_id": 5}, {"start": 81, "end": 85, "rule_id": 6}]</rules>
  </verse>
  <verse>
    <verseIdArabic>٣٤</verseIdArabic>
    <verseId>34</verseId>
    <chapterId>24</chapterId>
    <textIndopak>وَلَقَدۡ أَنزَلۡنَآ إِلَيۡكُمۡ ءَايَٰتٖ مُّبَيِّنَٰتٖ وَمَثَلٗا مِّنَ ٱلَّذِينَ خَلَوۡاْ مِن قَبۡلِكُمۡ وَمَوۡعِظَةٗ لِّلۡمُتَّقِينَ</textIndopak>
    <translations>
      <translation>
        <author>Dr. Mustafa Khattab, the Clear Quran</author>
        <text>Indeed, We have sent down to you clear revelations, along with examples of those who had gone before you, and a lesson to the God-fearing.</text>
      </translation>
    </translations>
    <rules>[{"start": 41, "end": 44, "rule_id": 0}, {"start": 65, "end": 68, "rule_id": 0}, {"start": 6, "end": 8, "rule_id": 1}, {"start": 96, "end": 98, "rule_id": 1}, {"start": 38, "end": 44, "rule_id": 3}, {"start": 52, "end": 57, "rule_id": 3}, {"start": 61, "end": 68, "rule_id": 3}, {"start": 115, "end": 121, "rule_id": 5}, {"start": 11, "end": 14, "rule_id": 6}, {"start": 92, "end": 96, "rule_id": 6}]</rules>
  </verse>
  <verse>
    <verseIdArabic>٣٥</verseIdArabic>
    <verseId>35</verseId>
    <chapterId>24</chapterId>
    <textIndopak>۞ ٱللَّهُ نُورُ ٱلسَّمَٰوَٰتِ وَٱلۡأَرۡضِۚ مَثَلُ نُورِهِۦ كَمِشۡكَوٰةٖ فِيهَا مِصۡبَاحٌۖ ٱلۡمِصۡبَاحُ فِي زُجَاجَةٍۖ ٱلزُّجَاجَةُ كَأَنَّهَا كَوۡكَبٞ دُرِّيّٞ يُوقَدُ مِن شَجَرَةٖ مُّبَٰرَكَةٖ زَيۡتُونَةٖ لَّا شَرۡقِيَّةٖ وَلَا غَرۡبِيَّةٖ يَكَادُ زَيۡتُهَا يُضِيٓءُ وَلَوۡ لَمۡ تَمۡسَسۡهُ نَارٞۚ نُّورٌ عَلَىٰ نُورٖۚ يَهۡدِي ٱللَّهُ لِنُورِهِۦ مَن يَشَآءُۚ وَيَضۡرِبُ ٱللَّهُ ٱلۡأَمۡثَٰلَ لِلنَّاسِۗ وَٱللَّهُ بِكُلِّ شَيۡءٍ عَلِيمٞ</textIndopak>
    <translations>
      <translation>
        <author>Dr. Mustafa Khattab, the Clear Quran</author>
        <text>Allah is the Light of the heavens and the earth. His light is like a niche in which there is a lamp, the lamp is in a crystal, the crystal is like a shining star, lit from ˹the oil of˺ a blessed olive tree, ˹located˺ neither to the east nor the west, whose oil would almost glow, even without being touched by fire. Light upon light! Allah guides whoever He wills to His light. And Allah sets forth parables for humanity. For Allah has ˹perfect˺ knowledge of all things.</text>
      </translation>
    </translations>
    <rules>[{"start": 138, "end": 141, "rule_id": 0}, {"start": 184, "end": 187, "rule_id": 0}, {"start": 302, "end": 305, "rule_id": 0}, {"start": 401, "end": 404, "rule_id": 0}, {"start": 353, "end": 357, "rule_id": 3}, {"start": 159, "end": 165, "rule_id": 3}, {"start": 181, "end": 187, "rule_id": 3}, {"start": 223, "end": 228, "rule_id": 3}, {"start": 241, "end": 246, "rule_id": 3}, {"start": 206, "end": 212, "rule_id": 5}, {"start": 173, "end": 177, "rule_id": 6}, {"start": 70, "end": 75, "rule_id": 6}, {"start": 151, "end": 156, "rule_id": 6}, {"start": 194, "end": 199, "rule_id": 6}]</rules>
  </verse>
  <verse>
    <verseIdArabic>٣٦</verseIdArabic>
    <verseId>36</verseId>
    <chapterId>24</chapterId>
    <textIndopak>فِي بُيُوتٍ أَذِنَ ٱللَّهُ أَن تُرۡفَعَ وَيُذۡكَرَ فِيهَا ٱسۡمُهُۥ يُسَبِّحُ لَهُۥ فِيهَا بِٱلۡغُدُوِّ وَٱلۡأٓصَالِ</textIndopak>
    <translations>
      <translation>
        <author>Dr. Mustafa Khattab, the Clear Quran</author>
        <text>˹That light shines˺ through houses ˹of worship˺ which Allah has ordered to be raised, and where His Name is mentioned. He is glorified there morning and evening</text>
      </translation>
    </translations>
    <rules>[{"start": 29, "end": 33, "rule_id": 6}]</rules>
  </verse>
  <verse>
    <verseIdArabic>٣٧</verseIdArabic>
    <verseId>37</verseId>
    <chapterId>24</chapterId>
    <textIndopak>رِجَالٞ لَّا تُلۡهِيهِمۡ تِجَٰرَةٞ وَلَا بَيۡعٌ عَن ذِكۡرِ ٱللَّهِ وَإِقَامِ ٱلصَّلَوٰةِ وَإِيتَآءِ ٱلزَّكَوٰةِ يَخَافُونَ يَوۡمٗا تَتَقَلَّبُ فِيهِ ٱلۡقُلُوبُ وَٱلۡأَبۡصَٰرُ</textIndopak>
    <translations>
      <translation>
        <author>Dr. Mustafa Khattab, the Clear Quran</author>
        <text>by men who are not distracted—either by buying or selling—from Allah’s remembrance, or performing prayer, or paying alms-tax. They fear a Day when hearts and eyes will tremble,</text>
      </translation>
    </translations>
    <rules>[{"start": 170, "end": 172, "rule_id": 1}, {"start": 32, "end": 37, "rule_id": 3}, {"start": 5, "end": 11, "rule_id": 5}, {"start": 50, "end": 54, "rule_id": 6}]</rules>
  </verse>
  <verse>
    <verseIdArabic>٣٨</verseIdArabic>
    <verseId>38</verseId>
    <chapterId>24</chapterId>
    <textIndopak>لِيَجۡزِيَهُمُ ٱللَّهُ أَحۡسَنَ مَا عَمِلُواْ وَيَزِيدَهُم مِّن فَضۡلِهِۦۗ وَٱللَّهُ يَرۡزُقُ مَن يَشَآءُ بِغَيۡرِ حِسَابٖ</textIndopak>
    <translations>
      <translation>
        <author>Dr. Mustafa Khattab, the Clear Quran</author>
        <text>˹hoping˺ that Allah may reward them according to the best of their deeds, and increase them out of His grace. And Allah provides for whoever He wills without limit.</text>
      </translation>
    </translations>
    <rules>[{"start": 59, "end": 62, "rule_id": 0}, {"start": 4, "end": 6, "rule_id": 1}, {"start": 122, "end": 124, "rule_id": 1}, {"start": 97, "end": 101, "rule_id": 3}, {"start": 57, "end": 62, "rule_id": 4}, {"start": 62, "end": 66, "rule_id": 6}]</rules>
  </verse>
  <verse>
    <verseIdArabic>٣٩</verseIdArabic>
    <verseId>39</verseId>
    <chapterId>24</chapterId>
    <textIndopak>وَٱلَّذِينَ كَفَرُوٓاْ أَعۡمَٰلُهُمۡ كَسَرَابِۭ بِقِيعَةٖ يَحۡسَبُهُ ٱلظَّمۡـَٔانُ مَآءً حَتَّىٰٓ إِذَا جَآءَهُۥ لَمۡ يَجِدۡهُ شَيۡـٔٗا وَوَجَدَ ٱللَّهَ عِندَهُۥ فَوَفَّىٰهُ حِسَابَهُۥۗ وَٱللَّهُ سَرِيعُ ٱلۡحِسَابِ</textIndopak>
    <translations>
      <translation>
        <author>Dr. Mustafa Khattab, the Clear Quran</author>
        <text>As for the disbelievers, their deeds are like a mirage in a desert, which the thirsty perceive as water, but when they approach it, they find it to be nothing. Instead, they find Allah there ˹in the Hereafter, ready˺ to settle their account. And Allah is swift in reckoning.</text>
      </translation>
    </translations>
    <rules>[{"start": 124, "end": 126, "rule_id": 1}, {"start": 215, "end": 217, "rule_id": 1}, {"start": 44, "end": 50, "rule_id": 2}, {"start": 55, "end": 60, "rule_id": 3}, {"start": 134, "end": 140, "rule_id": 3}, {"start": 157, "end": 160, "rule_id": 6}]</rules>
  </verse>
  <verse>
    <verseIdArabic>٤٠</verseIdArabic>
    <verseId>40</verseId>
    <chapterId>24</chapterId>
    <textIndopak>أَوۡ كَظُلُمَٰتٖ فِي بَحۡرٖ لُّجِّيّٖ يَغۡشَىٰهُ مَوۡجٞ مِّن فَوۡقِهِۦ مَوۡجٞ مِّن فَوۡقِهِۦ سَحَابٞۚ ظُلُمَٰتُۢ بَعۡضُهَا فَوۡقَ بَعۡضٍ إِذَآ أَخۡرَجَ يَدَهُۥ لَمۡ يَكَدۡ يَرَىٰهَاۗ وَمَن لَّمۡ يَجۡعَلِ ٱللَّهُ لَهُۥ نُورٗا فَمَا لَهُۥ مِن نُّورٍ</textIndopak>
    <translations>
      <translation>
        <author>Dr. Mustafa Khattab, the Clear Quran</author>
        <text>Or ˹their deeds are˺ like the darkness in a deep sea, covered by waves upon waves, topped by ˹dark˺ clouds. Darkness upon darkness! If one stretches out their hand, they can hardly see it. And whoever Allah does not bless with light will have no light!</text>
      </translation>
    </translations>
    <rules>[{"start": 56, "end": 59, "rule_id": 0}, {"start": 78, "end": 81, "rule_id": 0}, {"start": 244, "end": 247, "rule_id": 0}, {"start": 171, "end": 173, "rule_id": 1}, {"start": 200, "end": 202, "rule_id": 1}, {"start": 110, "end": 116, "rule_id": 2}, {"start": 242, "end": 247, "rule_id": 3}, {"start": 34, "end": 40, "rule_id": 3}, {"start": 53, "end": 59, "rule_id": 3}, {"start": 75, "end": 81, "rule_id": 3}, {"start": 190, "end": 195, "rule_id": 5}, {"start": 25, "end": 31, "rule_id": 5}, {"start": 59, "end": 63, "rule_id": 6}, {"start": 81, "end": 85, "rule_id": 6}, {"start": 14, "end": 19, "rule_id": 6}]</rules>
  </verse>
  <verse>
    <verseIdArabic>٤١</verseIdArabic>
    <verseId>41</verseId>
    <chapterId>24</chapterId>
    <textIndopak>أَلَمۡ تَرَ أَنَّ ٱللَّهَ يُسَبِّحُ لَهُۥ مَن فِي ٱلسَّمَٰوَٰتِ وَٱلۡأَرۡضِ وَٱلطَّيۡرُ صَٰٓفَّٰتٖۖ كُلّٞ قَدۡ عَلِمَ صَلَاتَهُۥ وَتَسۡبِيحَهُۥۗ وَٱللَّهُ عَلِيمُۢ بِمَا يَفۡعَلُونَ</textIndopak>
    <translations>
      <translation>
        <author>Dr. Mustafa Khattab, the Clear Quran</author>
        <text>Do you not see that Allah is glorified by all those in the heavens and the earth, even the birds as they soar? Each ˹instinctively˺ knows their manner of prayer and glorification. And Allah has ˹perfect˺ knowledge of all they do.</text>
      </translation>
    </translations>
    <rules>[{"start": 14, "end": 17, "rule_id": 0}, {"start": 109, "end": 111, "rule_id": 1}, {"start": 162, "end": 168, "rule_id": 2}, {"start": 44, "end": 48, "rule_id": 6}, {"start": 103, "end": 109, "rule_id": 6}]</rules>
  </verse>
  <verse>
    <verseIdArabic>٤٢</verseIdArabic>
    <verseId>42</verseId>
    <chapterId>24</chapterId>
    <textIndopak>وَلِلَّهِ مُلۡكُ ٱلسَّمَٰوَٰتِ وَٱلۡأَرۡضِۖ وَإِلَى ٱللَّهِ ٱلۡمَصِيرُ</textIndopak>
    <translations>
      <translation>
        <author>Dr. Mustafa Khattab, the Clear Quran</author>
        <text>To Allah ˹alone˺ belongs the kingdom of the heavens and the earth. And to Allah is the final return.</text>
      </translation>
    </translations>
  </verse>
  <verse>
    <verseIdArabic>٤٣</verseIdArabic>
    <verseId>43</verseId>
    <chapterId>24</chapterId>
    <textIndopak>أَلَمۡ تَرَ أَنَّ ٱللَّهَ يُزۡجِي سَحَابٗا ثُمَّ يُؤَلِّفُ بَيۡنَهُۥ ثُمَّ يَجۡعَلُهُۥ رُكَامٗا فَتَرَى ٱلۡوَدۡقَ يَخۡرُجُ مِنۡ خِلَٰلِهِۦ وَيُنَزِّلُ مِنَ ٱلسَّمَآءِ مِن جِبَالٖ فِيهَا مِنۢ بَرَدٖ فَيُصِيبُ بِهِۦ مَن يَشَآءُ وَيَصۡرِفُهُۥ عَن مَّن يَشَآءُۖ يَكَادُ سَنَا بَرۡقِهِۦ يَذۡهَبُ بِٱلۡأَبۡصَٰرِ</textIndopak>
    <translations>
      <translation>
        <author>Dr. Mustafa Khattab, the Clear Quran</author>
        <text>Do you not see that Allah gently drives the clouds, then joins them together, piling them up into masses, from which you see raindrops come forth? And He sends down from the sky mountains ˹of clouds˺ loaded with hail, pouring it on whoever He wills and averting it from whoever He wills. The flash of the clouds’ lightning nearly takes away eyesight.</text>
      </translation>
    </translations>
    <rules>[{"start": 14, "end": 17, "rule_id": 0}, {"start": 45, "end": 48, "rule_id": 0}, {"start": 71, "end": 74, "rule_id": 0}, {"start": 246, "end": 249, "rule_id": 0}, {"start": 77, "end": 79, "rule_id": 1}, {"start": 109, "end": 111, "rule_id": 1}, {"start": 302, "end": 304, "rule_id": 1}, {"start": 189, "end": 194, "rule_id": 2}, {"start": 217, "end": 221, "rule_id": 3}, {"start": 244, "end": 249, "rule_id": 3}, {"start": 249, "end": 253, "rule_id": 3}, {"start": 170, "end": 174, "rule_id": 6}, {"start": 177, "end": 182, "rule_id": 6}, {"start": 196, "end": 201, "rule_id": 6}]</rules>
  </verse>
  <verse>
    <verseIdArabic>٤٤</verseIdArabic>
    <verseId>44</verseId>
    <chapterId>24</chapterId>
    <textIndopak>يُقَلِّبُ ٱللَّهُ ٱلَّيۡلَ وَٱلنَّهَارَۚ إِنَّ فِي ذَٰلِكَ لَعِبۡرَةٗ لِّأُوْلِي ٱلۡأَبۡصَٰرِ</textIndopak>
    <translations>
      <translation>
        <author>Dr. Mustafa Khattab, the Clear Quran</author>
        <text>Allah alternates the day and night. Surely in this is a lesson for people of insight.</text>
      </translation>
    </translations>
    <rules>[{"start": 31, "end": 34, "rule_id": 0}, {"start": 44, "end": 47, "rule_id": 0}, {"start": 64, "end": 66, "rule_id": 1}, {"start": 87, "end": 89, "rule_id": 1}, {"start": 68, "end": 74, "rule_id": 5}]</rules>
  </verse>
  <verse>
    <verseIdArabic>٤٥</verseIdArabic>
    <verseId>45</verseId>
    <chapterId>24</chapterId>
    <textIndopak>وَٱللَّهُ خَلَقَ كُلَّ دَآبَّةٖ مِّن مَّآءٖۖ فَمِنۡهُم مَّن يَمۡشِي عَلَىٰ بَطۡنِهِۦ وَمِنۡهُم مَّن يَمۡشِي عَلَىٰ رِجۡلَيۡنِ وَمِنۡهُم مَّن يَمۡشِي عَلَىٰٓ أَرۡبَعٖۚ يَخۡلُقُ ٱللَّهُ مَا يَشَآءُۚ إِنَّ ٱللَّهَ عَلَىٰ كُلِّ شَيۡءٖ قَدِيرٞ</textIndopak>
    <translations>
      <translation>
        <author>Dr. Mustafa Khattab, the Clear Quran</author>
        <text>And Allah has created from water every living creature. Some of them crawl on their bellies, some walk on two legs, and some walk on four. Allah creates whatever He wills. Surely Allah is Most Capable of everything.</text>
      </translation>
    </translations>
    <rules>[{"start": 33, "end": 36, "rule_id": 0}, {"start": 38, "end": 41, "rule_id": 0}, {"start": 58, "end": 61, "rule_id": 0}, {"start": 98, "end": 101, "rule_id": 0}, {"start": 139, "end": 142, "rule_id": 0}, {"start": 205, "end": 208, "rule_id": 0}, {"start": 80, "end": 82, "rule_id": 1}, {"start": 120, "end": 122, "rule_id": 1}, {"start": 36, "end": 41, "rule_id": 3}, {"start": 61, "end": 65, "rule_id": 3}, {"start": 101, "end": 105, "rule_id": 3}, {"start": 142, "end": 146, "rule_id": 3}, {"start": 30, "end": 36, "rule_id": 3}, {"start": 56, "end": 61, "rule_id": 4}, {"start": 96, "end": 101, "rule_id": 4}, {"start": 137, "end": 142, "rule_id": 4}, {"start": 234, "end": 239, "rule_id": 6}]</rules>
  </verse>
  <verse>
    <verseIdArabic>٤٦</verseIdArabic>
    <verseId>46</verseId>
    <chapterId>24</chapterId>
    <textIndopak>لَّقَدۡ أَنزَلۡنَآ ءَايَٰتٖ مُّبَيِّنَٰتٖۚ وَٱللَّهُ يَهۡدِي مَن يَشَآءُ إِلَىٰ صِرَٰطٖ مُّسۡتَقِيمٖ</textIndopak>
    <translations>
      <translation>
        <author>Dr. Mustafa Khattab, the Clear Quran</author>
        <text>We have indeed sent down revelations clarifying ˹the truth˺. But Allah ˹only˺ guides whoever He wills to the Straight Path.</text>
      </translation>
    </translations>
    <rules>[{"start": 29, "end": 32, "rule_id": 0}, {"start": 91, "end": 94, "rule_id": 0}, {"start": 5, "end": 7, "rule_id": 1}, {"start": 65, "end": 69, "rule_id": 3}, {"start": 26, "end": 32, "rule_id": 3}, {"start": 88, "end": 94, "rule_id": 3}, {"start": 10, "end": 13, "rule_id": 6}]</rules>
  </verse>
  <verse>
    <verseIdArabic>٤٧</verseIdArabic>
    <verseId>47</verseId>
    <chapterId>24</chapterId>
    <textIndopak>وَيَقُولُونَ ءَامَنَّا بِٱللَّهِ وَبِٱلرَّسُولِ وَأَطَعۡنَا ثُمَّ يَتَوَلَّىٰ فَرِيقٞ مِّنۡهُم مِّنۢ بَعۡدِ ذَٰلِكَۚ وَمَآ أُوْلَٰٓئِكَ بِٱلۡمُؤۡمِنِينَ</textIndopak>
    <translations>
      <translation>
        <author>Dr. Mustafa Khattab, the Clear Quran</author>
        <text>And the hypocrites say, “We believe in Allah and the Messenger, and we obey.” Then a group of them turns away soon after that. These are not ˹true˺ believers.</text>
      </translation>
    </translations>
    <rules>[{"start": 18, "end": 21, "rule_id": 0}, {"start": 62, "end": 65, "rule_id": 0}, {"start": 86, "end": 89, "rule_id": 0}, {"start": 95, "end": 98, "rule_id": 0}, {"start": 98, "end": 103, "rule_id": 2}, {"start": 83, "end": 89, "rule_id": 3}, {"start": 93, "end": 98, "rule_id": 4}]</rules>
  </verse>
  <verse>
    <verseIdArabic>٤٨</verseIdArabic>
    <verseId>48</verseId>
    <chapterId>24</chapterId>
    <textIndopak>وَإِذَا دُعُوٓاْ إِلَى ٱللَّهِ وَرَسُولِهِۦ لِيَحۡكُمَ بَيۡنَهُمۡ إِذَا فَرِيقٞ مِّنۡهُم مُّعۡرِضُونَ</textIndopak>
    <translations>
      <translation>
        <author>Dr. Mustafa Khattab, the Clear Quran</author>
        <text>And as soon as they are called to Allah and His Messenger so he may judge between them, a group of them turns away.</text>
      </translation>
    </translations>
    <rules>[{"start": 80, "end": 83, "rule_id": 0}, {"start": 89, "end": 92, "rule_id": 0}, {"start": 77, "end": 83, "rule_id": 3}, {"start": 87, "end": 92, "rule_id": 4}]</rules>
  </verse>
  <verse>
    <verseIdArabic>٤٩</verseIdArabic>
    <verseId>49</verseId>
    <chapterId>24</chapterId>
    <textIndopak>وَإِن يَكُن لَّهُمُ ٱلۡحَقُّ يَأۡتُوٓاْ إِلَيۡهِ مُذۡعِنِينَ</textIndopak>
    <translations>
      <translation>
        <author>Dr. Mustafa Khattab, the Clear Quran</author>
        <text>But if the truth is in their favour, they come to him, fully submitting.</text>
      </translation>
    </translations>
    <rules>[{"start": 4, "end": 8, "rule_id": 3}, {"start": 10, "end": 15, "rule_id": 5}]</rules>
  </verse>
  <verse>
    <verseIdArabic>٥٠</verseIdArabic>
    <verseId>50</verseId>
    <chapterId>24</chapterId>
    <textIndopak>أَفِي قُلُوبِهِم مَّرَضٌ أَمِ ٱرۡتَابُوٓاْ أَمۡ يَخَافُونَ أَن يَحِيفَ ٱللَّهُ عَلَيۡهِمۡ وَرَسُولُهُۥۚ بَلۡ أُوْلَٰٓئِكَ هُمُ ٱلظَّٰلِمُونَ</textIndopak>
    <translations>
      <translation>
        <author>Dr. Mustafa Khattab, the Clear Quran</author>
        <text>Is there a sickness in their hearts? Or are they in doubt? Or do they fear that Allah and His Messenger will be unjust to them? In fact, it is they who are the ˹true˺ wrongdoers.</text>
      </translation>
    </translations>
    <rules>[{"start": 17, "end": 20, "rule_id": 0}, {"start": 61, "end": 65, "rule_id": 3}, {"start": 15, "end": 20, "rule_id": 4}]</rules>
  </verse>
  <verse>
    <verseIdArabic>٥١</verseIdArabic>
    <verseId>51</verseId>
    <chapterId>24</chapterId>
    <textIndopak>إِنَّمَا كَانَ قَوۡلَ ٱلۡمُؤۡمِنِينَ إِذَا دُعُوٓاْ إِلَى ٱللَّهِ وَرَسُولِهِۦ لِيَحۡكُمَ بَيۡنَهُمۡ أَن يَقُولُواْ سَمِعۡنَا وَأَطَعۡنَاۚ وَأُوْلَٰٓئِكَ هُمُ ٱلۡمُفۡلِحُونَ</textIndopak>
    <translations>
      <translation>
        <author>Dr. Mustafa Khattab, the Clear Quran</author>
        <text>The only response of the ˹true˺ believers, when they are called to Allah and His Messenger so he may judge between them, is to say, “We hear and obey.” It is they who will ˹truly˺ succeed.</text>
      </translation>
    </translations>
    <rules>[{"start": 2, "end": 5, "rule_id": 0}, {"start": 103, "end": 107, "rule_id": 3}]</rules>
  </verse>
  <verse>
    <verseIdArabic>٥٢</verseIdArabic>
    <verseId>52</verseId>
    <chapterId>24</chapterId>
    <textIndopak>وَمَن يُطِعِ ٱللَّهَ وَرَسُولَهُۥ وَيَخۡشَ ٱللَّهَ وَيَتَّقۡهِ فَأُوْلَٰٓئِكَ هُمُ ٱلۡفَآئِزُونَ</textIndopak>
    <translations>
      <translation>
        <author>Dr. Mustafa Khattab, the Clear Quran</author>
        <text>For whoever obeys Allah and His Messenger, and fears Allah and is mindful of Him, then it is they who will ˹truly˺ triumph.</text>
      </translation>
    </translations>
    <rules>[{"start": 58, "end": 60, "rule_id": 1}, {"start": 4, "end": 8, "rule_id": 3}]</rules>
  </verse>
  <verse>
    <verseIdArabic>٥٣</verseIdArabic>
    <verseId>53</verseId>
    <chapterId>24</chapterId>
    <textIndopak>۞ وَأَقۡسَمُواْ بِٱللَّهِ جَهۡدَ أَيۡمَٰنِهِمۡ لَئِنۡ أَمَرۡتَهُمۡ لَيَخۡرُجُنَّۖ قُل لَّا تُقۡسِمُواْۖ طَاعَةٞ مَّعۡرُوفَةٌۚ إِنَّ ٱللَّهَ خَبِيرُۢ بِمَا تَعۡمَلُونَ</textIndopak>
    <translations>
      <translation>
        <author>Dr. Mustafa Khattab, the Clear Quran</author>
        <text>They swear by Allah their most solemn oaths that if you ˹O Prophet˺ were to command them, they would certainly march forth ˹in Allah’s cause˺. Say, “˹You˺ do not ˹have to˺ swear; your obedience is well known!” Surely Allah is All-Aware of what you do.”</text>
      </translation>
    </translations>
    <rules>[{"start": 77, "end": 80, "rule_id": 0}, {"start": 114, "end": 117, "rule_id": 0}, {"start": 131, "end": 134, "rule_id": 0}, {"start": 6, "end": 8, "rule_id": 1}, {"start": 94, "end": 96, "rule_id": 1}, {"start": 148, "end": 154, "rule_id": 2}, {"start": 111, "end": 117, "rule_id": 3}]</rules>
  </verse>
  <verse>
    <verseIdArabic>٥٤</verseIdArabic>
    <verseId>54</verseId>
    <chapterId>24</chapterId>
    <textIndopak>قُلۡ أَطِيعُواْ ٱللَّهَ وَأَطِيعُواْ ٱلرَّسُولَۖ فَإِن تَوَلَّوۡاْ فَإِنَّمَا عَلَيۡهِ مَا حُمِّلَ وَعَلَيۡكُم مَّا حُمِّلۡتُمۡۖ وَإِن تُطِيعُوهُ تَهۡتَدُواْۚ وَمَا عَلَى ٱلرَّسُولِ إِلَّا ٱلۡبَلَٰغُ ٱلۡمُبِينُ</textIndopak>
    <translations>
      <translation>
        <author>Dr. Mustafa Khattab, the Clear Quran</author>
        <text>Say, “Obey Allah and obey the Messenger. But if you turn away, then he is only responsible for his duty and you are responsible for yours. And if you obey him, you will be ˹rightly˺ guided. The Messenger’s duty is only to deliver ˹the message˺ clearly.”</text>
      </translation>
    </translations>
    <rules>[{"start": 72, "end": 75, "rule_id": 0}, {"start": 94, "end": 97, "rule_id": 0}, {"start": 112, "end": 115, "rule_id": 0}, {"start": 119, "end": 122, "rule_id": 0}, {"start": 110, "end": 115, "rule_id": 4}, {"start": 54, "end": 58, "rule_id": 6}, {"start": 135, "end": 139, "rule_id": 6}]</rules>
  </verse>
  <verse>
    <verseIdArabic>٥٥</verseIdArabic>
    <verseId>55</verseId>
    <chapterId>24</chapterId>
    <textIndopak>وَعَدَ ٱللَّهُ ٱلَّذِينَ ءَامَنُواْ مِنكُمۡ وَعَمِلُواْ ٱلصَّٰلِحَٰتِ لَيَسۡتَخۡلِفَنَّهُمۡ فِي ٱلۡأَرۡضِ كَمَا ٱسۡتَخۡلَفَ ٱلَّذِينَ مِن قَبۡلِهِمۡ وَلَيُمَكِّنَنَّ لَهُمۡ دِينَهُمُ ٱلَّذِي ٱرۡتَضَىٰ لَهُمۡ وَلَيُبَدِّلَنَّهُم مِّنۢ بَعۡدِ خَوۡفِهِمۡ أَمۡنٗاۚ يَعۡبُدُونَنِي لَا يُشۡرِكُونَ بِي شَيۡـٔٗاۚ وَمَن كَفَرَ بَعۡدَ ذَٰلِكَ فَأُوْلَٰٓئِكَ هُمُ ٱلۡفَٰسِقُونَ</textIndopak>
    <translations>
      <translation>
        <author>Dr. Mustafa Khattab, the Clear Quran</author>
        <text>Allah has promised those of you who believe and do good that He will certainly make them successors in the land, as He did with those before them; and will surely establish for them their faith which He has chosen for them; and will indeed change their fear into security—˹provided that˺ they worship Me, associating nothing with Me. But whoever disbelieves after this ˹promise˺, it is they who will be the rebellious.</text>
      </translation>
    </translations>
    <rules>[{"start": 84, "end": 87, "rule_id": 0}, {"start": 162, "end": 165, "rule_id": 0}, {"start": 221, "end": 224, "rule_id": 0}, {"start": 228, "end": 231, "rule_id": 0}, {"start": 140, "end": 142, "rule_id": 1}, {"start": 231, "end": 236, "rule_id": 2}, {"start": 226, "end": 231, "rule_id": 4}, {"start": 38, "end": 41, "rule_id": 6}, {"start": 136, "end": 140, "rule_id": 6}, {"start": 312, "end": 316, "rule_id": 6}]</rules>
  </verse>
  <verse>
    <verseIdArabic>٥٦</verseIdArabic>
    <verseId>56</verseId>
    <chapterId>24</chapterId>
    <textIndopak>وَأَقِيمُواْ ٱلصَّلَوٰةَ وَءَاتُواْ ٱلزَّكَوٰةَ وَأَطِيعُواْ ٱلرَّسُولَ لَعَلَّكُمۡ تُرۡحَمُونَ</textIndopak>
    <translations>
      <translation>
        <author>Dr. Mustafa Khattab, the Clear Quran</author>
        <text>Moreover, establish prayer, pay alms-tax, and obey the Messenger, so you may be shown mercy.</text>
      </translation>
    </translations>
  </verse>
  <verse>
    <verseIdArabic>٥٧</verseIdArabic>
    <verseId>57</verseId>
    <chapterId>24</chapterId>
    <textIndopak>لَا تَحۡسَبَنَّ ٱلَّذِينَ كَفَرُواْ مُعۡجِزِينَ فِي ٱلۡأَرۡضِۚ وَمَأۡوَىٰهُمُ ٱلنَّارُۖ وَلَبِئۡسَ ٱلۡمَصِيرُ</textIndopak>
    <translations>
      <translation>
        <author>Dr. Mustafa Khattab, the Clear Quran</author>
        <text>Do not think ˹O Prophet˺ that the disbelievers can escape in the land. The Fire will be their home. Indeed, what an evil destination!</text>
      </translation>
    </translations>
    <rules>[{"start": 12, "end": 15, "rule_id": 0}, {"start": 81, "end": 84, "rule_id": 0}]</rules>
  </verse>
  <verse>
    <verseIdArabic>٥٨</verseIdArabic>
    <verseId>58</verseId>
    <chapterId>24</chapterId>
    <textIndopak>يَٰٓأَيُّهَا ٱلَّذِينَ ءَامَنُواْ لِيَسۡتَـٔۡذِنكُمُ ٱلَّذِينَ مَلَكَتۡ أَيۡمَٰنُكُمۡ وَٱلَّذِينَ لَمۡ يَبۡلُغُواْ ٱلۡحُلُمَ مِنكُمۡ ثَلَٰثَ مَرَّٰتٖۚ مِّن قَبۡلِ صَلَوٰةِ ٱلۡفَجۡرِ وَحِينَ تَضَعُونَ ثِيَابَكُم مِّنَ ٱلظَّهِيرَةِ وَمِنۢ بَعۡدِ صَلَوٰةِ ٱلۡعِشَآءِۚ ثَلَٰثُ عَوۡرَٰتٖ لَّكُمۡۚ لَيۡسَ عَلَيۡكُمۡ وَلَا عَلَيۡهِمۡ جُنَاحُۢ بَعۡدَهُنَّۚ طَوَّٰفُونَ عَلَيۡكُم بَعۡضُكُمۡ عَلَىٰ بَعۡضٖۚ كَذَٰلِكَ يُبَيِّنُ ٱللَّهُ لَكُمُ ٱلۡأٓيَٰتِۗ وَٱللَّهُ عَلِيمٌ حَكِيمٞ</textIndopak>
    <translations>
      <translation>
        <author>Dr. Mustafa Khattab, the Clear Quran</author>
        <text>O believers! Let those ˹bondspeople˺ in your possession and those of you who are still under age ask for your permission ˹to come in˺ at three times: before dawn prayer, when you take off your ˹outer˺ clothes at noon, and after the late evening prayer. ˹These are˺ three times of privacy for you. Other than these times, there is no blame on you or them to move freely, attending to one another. This is how Allah makes the revelations clear to you, for Allah is All-Knowing, All-Wise.</text>
      </translation>
    </translations>
    <rules>[{"start": 152, "end": 155, "rule_id": 0}, {"start": 212, "end": 215, "rule_id": 0}, {"start": 348, "end": 351, "rule_id": 0}, {"start": 105, "end": 107, "rule_id": 1}, {"start": 159, "end": 161, "rule_id": 1}, {"start": 178, "end": 180, "rule_id": 1}, {"start": 235, "end": 240, "rule_id": 2}, {"start": 336, "end": 342, "rule_id": 2}, {"start": 210, "end": 215, "rule_id": 4}, {"start": 283, "end": 289, "rule_id": 5}, {"start": 47, "end": 50, "rule_id": 6}, {"start": 127, "end": 130, "rule_id": 6}, {"start": 155, "end": 159, "rule_id": 6}, {"start": 374, "end": 378, "rule_id": 7}]</rules>
  </verse>
  <verse>
    <verseIdArabic>٥٩</verseIdArabic>
    <verseId>59</verseId>
    <chapterId>24</chapterId>
    <textIndopak>وَإِذَا بَلَغَ ٱلۡأَطۡفَٰلُ مِنكُمُ ٱلۡحُلُمَ فَلۡيَسۡتَـٔۡذِنُواْ كَمَا ٱسۡتَـٔۡذَنَ ٱلَّذِينَ مِن قَبۡلِهِمۡۚ كَذَٰلِكَ يُبَيِّنُ ٱللَّهُ لَكُمۡ ءَايَٰتِهِۦۗ وَٱللَّهُ عَلِيمٌ حَكِيمٞ</textIndopak>
    <translations>
      <translation>
        <author>Dr. Mustafa Khattab, the Clear Quran</author>
        <text>And when your children reach the age of puberty, let them seek permission ˹to come in˺, as their seniors do. This is how Allah makes His revelations clear to you, for Allah is All-Knowing, All-Wise.</text>
      </translation>
    </translations>
    <rules>[{"start": 20, "end": 22, "rule_id": 1}, {"start": 102, "end": 104, "rule_id": 1}, {"start": 30, "end": 33, "rule_id": 6}, {"start": 98, "end": 102, "rule_id": 6}]</rules>
  </verse>
  <verse>
    <verseIdArabic>٦٠</verseIdArabic>
    <verseId>60</verseId>
    <chapterId>24</chapterId>
    <textIndopak>وَٱلۡقَوَٰعِدُ مِنَ ٱلنِّسَآءِ ٱلَّٰتِي لَا يَرۡجُونَ نِكَاحٗا فَلَيۡسَ عَلَيۡهِنَّ جُنَاحٌ أَن يَضَعۡنَ ثِيَابَهُنَّ غَيۡرَ مُتَبَرِّجَٰتِۭ بِزِينَةٖۖ وَأَن يَسۡتَعۡفِفۡنَ خَيۡرٞ لَّهُنَّۗ وَٱللَّهُ سَمِيعٌ عَلِيمٞ</textIndopak>
    <translations>
      <translation>
        <author>Dr. Mustafa Khattab, the Clear Quran</author>
        <text>As for elderly women past the age of marriage, there is no blame on them if they take off their ˹outer˺ garments, without revealing their adornments. But it is better for them if they avoid this ˹altogether˺. And Allah is All-Hearing, All-Knowing.</text>
      </translation>
    </translations>
    <rules>[{"start": 22, "end": 25, "rule_id": 0}, {"start": 81, "end": 84, "rule_id": 0}, {"start": 115, "end": 118, "rule_id": 0}, {"start": 187, "end": 190, "rule_id": 0}, {"start": 138, "end": 144, "rule_id": 2}, {"start": 95, "end": 99, "rule_id": 3}, {"start": 158, "end": 162, "rule_id": 3}, {"start": 149, "end": 156, "rule_id": 3}, {"start": 179, "end": 185, "rule_id": 5}]</rules>
  </verse>
  <verse>
    <verseIdArabic>٦١</verseIdArabic>
    <verseId>61</verseId>
    <chapterId>24</chapterId>
    <textIndopak>لَّيۡسَ عَلَى ٱلۡأَعۡمَىٰ حَرَجٞ وَلَا عَلَى ٱلۡأَعۡرَجِ حَرَجٞ وَلَا عَلَى ٱلۡمَرِيضِ حَرَجٞ وَلَا عَلَىٰٓ أَنفُسِكُمۡ أَن تَأۡكُلُواْ مِنۢ بُيُوتِكُمۡ أَوۡ بُيُوتِ ءَابَآئِكُمۡ أَوۡ بُيُوتِ أُمَّهَٰتِكُمۡ أَوۡ بُيُوتِ إِخۡوَٰنِكُمۡ أَوۡ بُيُوتِ أَخَوَٰتِكُمۡ أَوۡ بُيُوتِ أَعۡمَٰمِكُمۡ أَوۡ بُيُوتِ عَمَّٰتِكُمۡ أَوۡ بُيُوتِ أَخۡوَٰلِكُمۡ أَوۡ بُيُوتِ خَٰلَٰتِكُمۡ أَوۡ مَا مَلَكۡتُم مَّفَاتِحَهُۥٓ أَوۡ صَدِيقِكُمۡۚ لَيۡسَ عَلَيۡكُمۡ جُنَاحٌ أَن تَأۡكُلُواْ جَمِيعًا أَوۡ أَشۡتَاتٗاۚ فَإِذَا دَخَلۡتُم بُيُوتٗا فَسَلِّمُواْ عَلَىٰٓ أَنفُسِكُمۡ تَحِيَّةٗ مِّنۡ عِندِ ٱللَّهِ مُبَٰرَكَةٗ طَيِّبَةٗۚ كَذَٰلِكَ يُبَيِّنُ ٱللَّهُ لَكُمُ ٱلۡأٓيَٰتِ لَعَلَّكُمۡ تَعۡقِلُونَ</textIndopak>
    <translations>
      <translation>
        <author>Dr. Mustafa Khattab, the Clear Quran</author>
        <text>There is no restriction on the blind, or the disabled, or the sick. Nor on yourselves if you eat from your homes, or the homes of your fathers, or your mothers, or your brothers, or your sisters, or your paternal uncles, or your paternal aunts, or your maternal uncles, or your maternal aunts, or from the homes in your trust, or ˹the homes of˺ your friends. There is no blame on you eating together or separately. However, when you enter houses, greet one another with a greeting ˹of peace˺ from Allah, blessed and good. This is how Allah makes His revelations clear to you, so perhaps you will understand.</text>
      </translation>
    </translations>
    <rules>[{"start": 195, "end": 198, "rule_id": 0}, {"start": 304, "end": 308, "rule_id": 0}, {"start": 387, "end": 390, "rule_id": 0}, {"start": 560, "end": 563, "rule_id": 0}, {"start": 138, "end": 143, "rule_id": 2}, {"start": 30, "end": 35, "rule_id": 3}, {"start": 61, "end": 66, "rule_id": 3}, {"start": 91, "end": 96, "rule_id": 3}, {"start": 557, "end": 563, "rule_id": 3}, {"start": 385, "end": 390, "rule_id": 4}, {"start": 110, "end": 113, "rule_id": 6}, {"start": 122, "end": 126, "rule_id": 6}, {"start": 449, "end": 453, "rule_id": 6}, {"start": 540, "end": 543, "rule_id": 6}, {"start": 568, "end": 571, "rule_id": 6}, {"start": 589, "end": 594, "rule_id": 6}, {"start": 506, "end": 510, "rule_id": 7}]</rules>
  </verse>
  <verse>
    <verseIdArabic>٦٢</verseIdArabic>
    <verseId>62</verseId>
    <chapterId>24</chapterId>
    <textIndopak>إِنَّمَا ٱلۡمُؤۡمِنُونَ ٱلَّذِينَ ءَامَنُواْ بِٱللَّهِ وَرَسُولِهِۦ وَإِذَا كَانُواْ مَعَهُۥ عَلَىٰٓ أَمۡرٖ جَامِعٖ لَّمۡ يَذۡهَبُواْ حَتَّىٰ يَسۡتَـٔۡذِنُوهُۚ إِنَّ ٱلَّذِينَ يَسۡتَـٔۡذِنُونَكَ أُوْلَٰٓئِكَ ٱلَّذِينَ يُؤۡمِنُونَ بِٱللَّهِ وَرَسُولِهِۦۚ فَإِذَا ٱسۡتَـٔۡذَنُوكَ لِبَعۡضِ شَأۡنِهِمۡ فَأۡذَن لِّمَن شِئۡتَ مِنۡهُمۡ وَٱسۡتَغۡفِرۡ لَهُمُ ٱللَّهَۚ إِنَّ ٱللَّهَ غَفُورٞ رَّحِيمٞ</textIndopak>
    <translations>
      <translation>
        <author>Dr. Mustafa Khattab, the Clear Quran</author>
        <text>The ˹true˺ believers are only those who believe in Allah and His Messenger, and when they are with him on a public matter, they do not leave without his permission. Indeed, those who ask your permission ˹O Prophet˺ are the ones who ˹truly˺ believe in Allah and His Messenger. So when they ask your permission for a private matter, grant permission to whoever you wish and ask Allah’s forgiveness for them. Surely Allah is All-Forgiving, Most Merciful.</text>
      </translation>
    </translations>
    <rules>[{"start": 2, "end": 5, "rule_id": 0}, {"start": 163, "end": 166, "rule_id": 0}, {"start": 364, "end": 367, "rule_id": 0}, {"start": 306, "end": 311, "rule_id": 5}, {"start": 113, "end": 119, "rule_id": 5}, {"start": 381, "end": 387, "rule_id": 5}, {"start": 313, "end": 317, "rule_id": 6}, {"start": 105, "end": 110, "rule_id": 6}]</rules>
  </verse>
  <verse>
    <verseIdArabic>٦٣</verseIdArabic>
    <verseId>63</verseId>
    <chapterId>24</chapterId>
    <textIndopak>لَّا تَجۡعَلُواْ دُعَآءَ ٱلرَّسُولِ بَيۡنَكُمۡ كَدُعَآءِ بَعۡضِكُم بَعۡضٗاۚ قَدۡ يَعۡلَمُ ٱللَّهُ ٱلَّذِينَ يَتَسَلَّلُونَ مِنكُمۡ لِوَاذٗاۚ فَلۡيَحۡذَرِ ٱلَّذِينَ يُخَالِفُونَ عَنۡ أَمۡرِهِۦٓ أَن تُصِيبَهُمۡ فِتۡنَةٌ أَوۡ يُصِيبَهُمۡ عَذَابٌ أَلِيمٌ</textIndopak>
    <translations>
      <translation>
        <author>Dr. Mustafa Khattab, the Clear Quran</author>
        <text>Do not treat the Messenger’s summons to you ˹as lightly˺ as your summons to one another. Allah certainly knows those of you who slip away, hiding behind others. So let those who disobey his orders beware, for an affliction may befall them, or a painful torment may overtake them.</text>
      </translation>
    </translations>
    <rules>[{"start": 7, "end": 9, "rule_id": 1}, {"start": 81, "end": 83, "rule_id": 1}, {"start": 128, "end": 131, "rule_id": 6}, {"start": 199, "end": 203, "rule_id": 6}, {"start": 67, "end": 71, "rule_id": 7}]</rules>
  </verse>
  <verse>
    <verseIdArabic>٦٤</verseIdArabic>
    <verseId>64</verseId>
    <chapterId>24</chapterId>
    <textIndopak>أَلَآ إِنَّ لِلَّهِ مَا فِي ٱلسَّمَٰوَٰتِ وَٱلۡأَرۡضِۖ قَدۡ يَعۡلَمُ مَآ أَنتُمۡ عَلَيۡهِ وَيَوۡمَ يُرۡجَعُونَ إِلَيۡهِ فَيُنَبِّئُهُم بِمَا عَمِلُواْۗ وَٱللَّهُ بِكُلِّ شَيۡءٍ عَلِيمُۢ</textIndopak>
    <translations>
      <translation>
        <author>Dr. Mustafa Khattab, the Clear Quran</author>
        <text>Surely to Allah belongs whatever is in the heavens and the earth. He knows well what you stand for. And ˹on˺ the Day all will be returned to Him, He will inform them of what they did. For Allah has ˹perfect˺ knowledge of all things.</text>
      </translation>
    </translations>
    <rules>[{"start": 9, "end": 12, "rule_id": 0}, {"start": 59, "end": 61, "rule_id": 1}, {"start": 78, "end": 81, "rule_id": 6}, {"start": 136, "end": 140, "rule_id": 7}]</rules>
  </verse>
</verses>
