<?xml version="1.0" encoding="UTF-8"?>

<verses>
  <verse>
    <verseIdArabic>١</verseIdArabic>
    <verseId>1</verseId>
    <chapterId>32</chapterId>
    <textIndopak>الٓمٓ</textIndopak>
    <translations>
      <translation>
        <author>Dr. Mustafa Khattab, the Clear Quran</author>
        <text>Alif-Lãm-Mĩm.</text>
      </translation>
    </translations>
  </verse>
  <verse>
    <verseIdArabic>٢</verseIdArabic>
    <verseId>2</verseId>
    <chapterId>32</chapterId>
    <textIndopak>تَنزِيلُ ٱلۡكِتَٰبِ لَا رَيۡبَ فِيهِ مِن رَّبِّ ٱلۡعَٰلَمِينَ</textIndopak>
    <translations>
      <translation>
        <author>Dr. Mustafa Khattab, the Clear Quran</author>
        <text>The revelation of this Book is—beyond doubt—from the Lord of all worlds.</text>
      </translation>
    </translations>
    <rules>[{"start": 39, "end": 44, "rule_id": 5}, {"start": 2, "end": 5, "rule_id": 6}]</rules>
  </verse>
  <verse>
    <verseIdArabic>٣</verseIdArabic>
    <verseId>3</verseId>
    <chapterId>32</chapterId>
    <textIndopak>أَمۡ يَقُولُونَ ٱفۡتَرَىٰهُۚ بَلۡ هُوَ ٱلۡحَقُّ مِن رَّبِّكَ لِتُنذِرَ قَوۡمٗا مَّآ أَتَىٰهُم مِّن نَّذِيرٖ مِّن قَبۡلِكَ لَعَلَّهُمۡ يَهۡتَدُونَ</textIndopak>
    <translations>
      <translation>
        <author>Dr. Mustafa Khattab, the Clear Quran</author>
        <text>Or do they say, “He has fabricated it!”? No! It is the truth from your Lord in order for you to warn a people to whom no warner has come before you, so they may be ˹rightly˺ guided.</text>
      </translation>
    </translations>
    <rules>[{"start": 80, "end": 83, "rule_id": 0}, {"start": 96, "end": 99, "rule_id": 0}, {"start": 101, "end": 104, "rule_id": 0}, {"start": 110, "end": 113, "rule_id": 0}, {"start": 117, "end": 119, "rule_id": 1}, {"start": 99, "end": 104, "rule_id": 3}, {"start": 76, "end": 83, "rule_id": 3}, {"start": 107, "end": 113, "rule_id": 3}, {"start": 94, "end": 99, "rule_id": 4}, {"start": 51, "end": 56, "rule_id": 5}, {"start": 66, "end": 69, "rule_id": 6}, {"start": 113, "end": 117, "rule_id": 6}]</rules>
  </verse>
  <verse>
    <verseIdArabic>٤</verseIdArabic>
    <verseId>4</verseId>
    <chapterId>32</chapterId>
    <textIndopak>ٱللَّهُ ٱلَّذِي خَلَقَ ٱلسَّمَٰوَٰتِ وَٱلۡأَرۡضَ وَمَا بَيۡنَهُمَا فِي سِتَّةِ أَيَّامٖ ثُمَّ ٱسۡتَوَىٰ عَلَى ٱلۡعَرۡشِۖ مَا لَكُم مِّن دُونِهِۦ مِن وَلِيّٖ وَلَا شَفِيعٍۚ أَفَلَا تَتَذَكَّرُونَ</textIndopak>
    <translations>
      <translation>
        <author>Dr. Mustafa Khattab, the Clear Quran</author>
        <text>It is Allah Who has created the heavens and the earth and everything in between in six Days, then established Himself on the Throne. You have no protector or intercessor besides Him. Will you not then be mindful?</text>
      </translation>
    </translations>
    <rules>[{"start": 90, "end": 93, "rule_id": 0}, {"start": 132, "end": 135, "rule_id": 0}, {"start": 148, "end": 152, "rule_id": 3}, {"start": 154, "end": 160, "rule_id": 3}, {"start": 130, "end": 135, "rule_id": 4}, {"start": 135, "end": 139, "rule_id": 6}, {"start": 85, "end": 90, "rule_id": 6}]</rules>
  </verse>
  <verse>
    <verseIdArabic>٥</verseIdArabic>
    <verseId>5</verseId>
    <chapterId>32</chapterId>
    <textIndopak>يُدَبِّرُ ٱلۡأَمۡرَ مِنَ ٱلسَّمَآءِ إِلَى ٱلۡأَرۡضِ ثُمَّ يَعۡرُجُ إِلَيۡهِ فِي يَوۡمٖ كَانَ مِقۡدَارُهُۥٓ أَلۡفَ سَنَةٖ مِّمَّا تَعُدُّونَ</textIndopak>
    <translations>
      <translation>
        <author>Dr. Mustafa Khattab, the Clear Quran</author>
        <text>He conducts every affair from the heavens to the earth, then it all ascends to Him on a Day whose length is a thousand years by your counting.</text>
      </translation>
    </translations>
    <rules>[{"start": 55, "end": 58, "rule_id": 0}, {"start": 122, "end": 125, "rule_id": 0}, {"start": 125, "end": 128, "rule_id": 0}, {"start": 96, "end": 98, "rule_id": 1}, {"start": 119, "end": 125, "rule_id": 3}, {"start": 85, "end": 90, "rule_id": 6}]</rules>
  </verse>
  <verse>
    <verseIdArabic>٦</verseIdArabic>
    <verseId>6</verseId>
    <chapterId>32</chapterId>
    <textIndopak>ذَٰلِكَ عَٰلِمُ ٱلۡغَيۡبِ وَٱلشَّهَٰدَةِ ٱلۡعَزِيزُ ٱلرَّحِيمُ</textIndopak>
    <translations>
      <translation>
        <author>Dr. Mustafa Khattab, the Clear Quran</author>
        <text>That is the Knower of the seen and unseen—the Almighty, Most Merciful,</text>
      </translation>
    </translations>
  </verse>
  <verse>
    <verseIdArabic>٧</verseIdArabic>
    <verseId>7</verseId>
    <chapterId>32</chapterId>
    <textIndopak>ٱلَّذِيٓ أَحۡسَنَ كُلَّ شَيۡءٍ خَلَقَهُۥۖ وَبَدَأَ خَلۡقَ ٱلۡإِنسَٰنِ مِن طِينٖ</textIndopak>
    <translations>
      <translation>
        <author>Dr. Mustafa Khattab, the Clear Quran</author>
        <text>Who has perfected everything He created. And He originated the creation of humankind from clay.</text>
      </translation>
    </translations>
    <rules>[{"start": 64, "end": 68, "rule_id": 6}, {"start": 73, "end": 77, "rule_id": 6}]</rules>
  </verse>
  <verse>
    <verseIdArabic>٨</verseIdArabic>
    <verseId>8</verseId>
    <chapterId>32</chapterId>
    <textIndopak>ثُمَّ جَعَلَ نَسۡلَهُۥ مِن سُلَٰلَةٖ مِّن مَّآءٖ مَّهِينٖ</textIndopak>
    <translations>
      <translation>
        <author>Dr. Mustafa Khattab, the Clear Quran</author>
        <text>Then He made his descendants from an extract of a humble fluid,</text>
      </translation>
    </translations>
    <rules>[{"start": 2, "end": 5, "rule_id": 0}, {"start": 37, "end": 40, "rule_id": 0}, {"start": 42, "end": 45, "rule_id": 0}, {"start": 50, "end": 53, "rule_id": 0}, {"start": 40, "end": 45, "rule_id": 3}, {"start": 34, "end": 40, "rule_id": 3}, {"start": 47, "end": 53, "rule_id": 3}, {"start": 25, "end": 29, "rule_id": 6}]</rules>
  </verse>
  <verse>
    <verseIdArabic>٩</verseIdArabic>
    <verseId>9</verseId>
    <chapterId>32</chapterId>
    <textIndopak>ثُمَّ سَوَّىٰهُ وَنَفَخَ فِيهِ مِن رُّوحِهِۦۖ وَجَعَلَ لَكُمُ ٱلسَّمۡعَ وَٱلۡأَبۡصَٰرَ وَٱلۡأَفۡـِٔدَةَۚ قَلِيلٗا مَّا تَشۡكُرُونَ</textIndopak>
    <translations>
      <translation>
        <author>Dr. Mustafa Khattab, the Clear Quran</author>
        <text>then He fashioned them and had a spirit of His Own ˹creation˺ breathed into them. And He gave you hearing, sight, and intellect. ˹Yet˺ you hardly give any thanks.</text>
      </translation>
    </translations>
    <rules>[{"start": 2, "end": 5, "rule_id": 0}, {"start": 116, "end": 119, "rule_id": 0}, {"start": 80, "end": 82, "rule_id": 1}, {"start": 112, "end": 119, "rule_id": 3}, {"start": 33, "end": 38, "rule_id": 5}]</rules>
  </verse>
  <verse>
    <verseIdArabic>١٠</verseIdArabic>
    <verseId>10</verseId>
    <chapterId>32</chapterId>
    <textIndopak>وَقَالُوٓاْ أَءِذَا ضَلَلۡنَا فِي ٱلۡأَرۡضِ أَءِنَّا لَفِي خَلۡقٖ جَدِيدِۭۚ بَلۡ هُم بِلِقَآءِ رَبِّهِمۡ كَٰفِرُونَ</textIndopak>
    <translations>
      <translation>
        <author>Dr. Mustafa Khattab, the Clear Quran</author>
        <text>˹Still˺ they ask ˹mockingly˺, “When we are disintegrated into the earth, will we really be raised as a new creation?” In fact, they are in denial of the meeting with their Lord.</text>
      </translation>
    </translations>
    <rules>[{"start": 48, "end": 51, "rule_id": 0}, {"start": 63, "end": 68, "rule_id": 6}, {"start": 84, "end": 88, "rule_id": 7}]</rules>
  </verse>
  <verse>
    <verseIdArabic>١١</verseIdArabic>
    <verseId>11</verseId>
    <chapterId>32</chapterId>
    <textIndopak>۞ قُلۡ يَتَوَفَّىٰكُم مَّلَكُ ٱلۡمَوۡتِ ٱلَّذِي وُكِّلَ بِكُمۡ ثُمَّ إِلَىٰ رَبِّكُمۡ تُرۡجَعُونَ</textIndopak>
    <translations>
      <translation>
        <author>Dr. Mustafa Khattab, the Clear Quran</author>
        <text>Say, ˹O Prophet,˺ “Your soul will be taken by the Angel of Death, who is in charge of you. Then to your Lord you will ˹all˺ be returned.”</text>
      </translation>
    </translations>
    <rules>[{"start": 22, "end": 25, "rule_id": 0}, {"start": 65, "end": 68, "rule_id": 0}, {"start": 20, "end": 25, "rule_id": 4}]</rules>
  </verse>
  <verse>
    <verseIdArabic>١٢</verseIdArabic>
    <verseId>12</verseId>
    <chapterId>32</chapterId>
    <textIndopak>وَلَوۡ تَرَىٰٓ إِذِ ٱلۡمُجۡرِمُونَ نَاكِسُواْ رُءُوسِهِمۡ عِندَ رَبِّهِمۡ رَبَّنَآ أَبۡصَرۡنَا وَسَمِعۡنَا فَٱرۡجِعۡنَا نَعۡمَلۡ صَٰلِحًا إِنَّا مُوقِنُونَ</textIndopak>
    <translations>
      <translation>
        <author>Dr. Mustafa Khattab, the Clear Quran</author>
        <text>If only you could see the wicked hanging their heads ˹in shame˺ before their Lord, ˹crying:˺ “Our Lord! We have now seen and heard, so send us back and we will do good. We truly have sure faith ˹now˺!”</text>
      </translation>
    </translations>
    <rules>[{"start": 141, "end": 144, "rule_id": 0}, {"start": 25, "end": 27, "rule_id": 1}, {"start": 86, "end": 88, "rule_id": 1}, {"start": 60, "end": 63, "rule_id": 6}]</rules>
  </verse>
  <verse>
    <verseIdArabic>١٣</verseIdArabic>
    <verseId>13</verseId>
    <chapterId>32</chapterId>
    <textIndopak>وَلَوۡ شِئۡنَا لَأٓتَيۡنَا كُلَّ نَفۡسٍ هُدَىٰهَا وَلَٰكِنۡ حَقَّ ٱلۡقَوۡلُ مِنِّي لَأَمۡلَأَنَّ جَهَنَّمَ مِنَ ٱلۡجِنَّةِ وَٱلنَّاسِ أَجۡمَعِينَ</textIndopak>
    <translations>
      <translation>
        <author>Dr. Mustafa Khattab, the Clear Quran</author>
        <text>Had We willed, We could have easily imposed guidance on every soul. But My Word will come to pass: I will surely fill up Hell with jinn and humans all together.</text>
      </translation>
    </translations>
    <rules>[{"start": 79, "end": 82, "rule_id": 0}, {"start": 94, "end": 97, "rule_id": 0}, {"start": 102, "end": 105, "rule_id": 0}, {"start": 118, "end": 121, "rule_id": 0}, {"start": 128, "end": 131, "rule_id": 0}, {"start": 137, "end": 139, "rule_id": 1}]</rules>
  </verse>
  <verse>
    <verseIdArabic>١٤</verseIdArabic>
    <verseId>14</verseId>
    <chapterId>32</chapterId>
    <textIndopak>فَذُوقُواْ بِمَا نَسِيتُمۡ لِقَآءَ يَوۡمِكُمۡ هَٰذَآ إِنَّا نَسِينَٰكُمۡۖ وَذُوقُواْ عَذَابَ ٱلۡخُلۡدِ بِمَا كُنتُمۡ تَعۡمَلُونَ</textIndopak>
    <translations>
      <translation>
        <author>Dr. Mustafa Khattab, the Clear Quran</author>
        <text>So taste ˹the punishment˺ for neglecting the meeting of this Day of yours. We ˹too˺ will certainly neglect you. And taste the torment of eternity for what you used to do!</text>
      </translation>
    </translations>
    <rules>[{"start": 57, "end": 60, "rule_id": 0}, {"start": 114, "end": 117, "rule_id": 6}]</rules>
  </verse>
  <verse>
    <verseIdArabic>١٥</verseIdArabic>
    <verseId>15</verseId>
    <chapterId>32</chapterId>
    <textIndopak>إِنَّمَا يُؤۡمِنُ بِـَٔايَٰتِنَا ٱلَّذِينَ إِذَا ذُكِّرُواْ بِهَا خَرُّواْۤ سُجَّدٗاۤ وَسَبَّحُواْ بِحَمۡدِ رَبِّهِمۡ وَهُمۡ لَا يَسۡتَكۡبِرُونَ۩</textIndopak>
    <translations>
      <translation>
        <author>Dr. Mustafa Khattab, the Clear Quran</author>
        <text>The only ˹true˺ believers in Our revelation are those who—when it is recited to them—fall into prostration and glorify the praises of their Lord and are not too proud.</text>
      </translation>
    </translations>
    <rules>[{"start": 2, "end": 5, "rule_id": 0}, {"start": 80, "end": 86, "rule_id": 3}]</rules>
  </verse>
  <verse>
    <verseIdArabic>١٦</verseIdArabic>
    <verseId>16</verseId>
    <chapterId>32</chapterId>
    <textIndopak>تَتَجَافَىٰ جُنُوبُهُمۡ عَنِ ٱلۡمَضَاجِعِ يَدۡعُونَ رَبَّهُمۡ خَوۡفٗا وَطَمَعٗا وَمِمَّا رَزَقۡنَٰهُمۡ يُنفِقُونَ</textIndopak>
    <translations>
      <translation>
        <author>Dr. Mustafa Khattab, the Clear Quran</author>
        <text>They abandon their beds, invoking their Lord with hope and fear, and donate from what We have provided for them.</text>
      </translation>
    </translations>
    <rules>[{"start": 84, "end": 87, "rule_id": 0}, {"start": 44, "end": 46, "rule_id": 1}, {"start": 93, "end": 95, "rule_id": 1}, {"start": 66, "end": 72, "rule_id": 3}, {"start": 76, "end": 82, "rule_id": 3}, {"start": 105, "end": 108, "rule_id": 6}]</rules>
  </verse>
  <verse>
    <verseIdArabic>١٧</verseIdArabic>
    <verseId>17</verseId>
    <chapterId>32</chapterId>
    <textIndopak>فَلَا تَعۡلَمُ نَفۡسٞ مَّآ أُخۡفِيَ لَهُم مِّن قُرَّةِ أَعۡيُنٖ جَزَآءَۢ بِمَا كَانُواْ يَعۡمَلُونَ</textIndopak>
    <translations>
      <translation>
        <author>Dr. Mustafa Khattab, the Clear Quran</author>
        <text>No soul can imagine what delights are kept in store for them as a reward for what they used to do.</text>
      </translation>
    </translations>
    <rules>[{"start": 22, "end": 25, "rule_id": 0}, {"start": 43, "end": 46, "rule_id": 0}, {"start": 71, "end": 77, "rule_id": 2}, {"start": 19, "end": 25, "rule_id": 3}, {"start": 41, "end": 46, "rule_id": 4}, {"start": 46, "end": 50, "rule_id": 6}, {"start": 62, "end": 67, "rule_id": 6}]</rules>
  </verse>
  <verse>
    <verseIdArabic>١٨</verseIdArabic>
    <verseId>18</verseId>
    <chapterId>32</chapterId>
    <textIndopak>أَفَمَن كَانَ مُؤۡمِنٗا كَمَن كَانَ فَاسِقٗاۚ لَّا يَسۡتَوُۥنَ</textIndopak>
    <translations>
      <translation>
        <author>Dr. Mustafa Khattab, the Clear Quran</author>
        <text>Is the one who is a believer equal ˹before Allah˺ to the one who is rebellious? They are not equal!</text>
      </translation>
    </translations>
    <rules>[{"start": 6, "end": 10, "rule_id": 6}, {"start": 28, "end": 32, "rule_id": 6}]</rules>
  </verse>
  <verse>
    <verseIdArabic>١٩</verseIdArabic>
    <verseId>19</verseId>
    <chapterId>32</chapterId>
    <textIndopak>أَمَّا ٱلَّذِينَ ءَامَنُواْ وَعَمِلُواْ ٱلصَّٰلِحَٰتِ فَلَهُمۡ جَنَّٰتُ ٱلۡمَأۡوَىٰ نُزُلَۢا بِمَا كَانُواْ يَعۡمَلُونَ</textIndopak>
    <translations>
      <translation>
        <author>Dr. Mustafa Khattab, the Clear Quran</author>
        <text>As for those who believe and do good, they will have the Gardens of ˹Eternal˺ Residence—as an accommodation for what they used to do.</text>
      </translation>
    </translations>
    <rules>[{"start": 2, "end": 5, "rule_id": 0}, {"start": 65, "end": 69, "rule_id": 0}]</rules>
  </verse>
  <verse>
    <verseIdArabic>٢٠</verseIdArabic>
    <verseId>20</verseId>
    <chapterId>32</chapterId>
    <textIndopak>وَأَمَّا ٱلَّذِينَ فَسَقُواْ فَمَأۡوَىٰهُمُ ٱلنَّارُۖ كُلَّمَآ أَرَادُوٓاْ أَن يَخۡرُجُواْ مِنۡهَآ أُعِيدُواْ فِيهَا وَقِيلَ لَهُمۡ ذُوقُواْ عَذَابَ ٱلنَّارِ ٱلَّذِي كُنتُم بِهِۦ تُكَذِّبُونَ</textIndopak>
    <translations>
      <translation>
        <author>Dr. Mustafa Khattab, the Clear Quran</author>
        <text>But as for those who are rebellious, the Fire will be their home. Whenever they try to escape from it, they will be forced back into it, and will be told, “Taste the Fire’s torment, which you used to deny.”</text>
      </translation>
    </translations>
    <rules>[{"start": 4, "end": 7, "rule_id": 0}, {"start": 46, "end": 49, "rule_id": 0}, {"start": 154, "end": 157, "rule_id": 0}, {"start": 79, "end": 83, "rule_id": 3}, {"start": 171, "end": 174, "rule_id": 6}, {"start": 174, "end": 178, "rule_id": 7}]</rules>
  </verse>
  <verse>
    <verseIdArabic>٢١</verseIdArabic>
    <verseId>21</verseId>
    <chapterId>32</chapterId>
    <textIndopak>وَلَنُذِيقَنَّهُم مِّنَ ٱلۡعَذَابِ ٱلۡأَدۡنَىٰ دُونَ ٱلۡعَذَابِ ٱلۡأَكۡبَرِ لَعَلَّهُمۡ يَرۡجِعُونَ</textIndopak>
    <translations>
      <translation>
        <author>Dr. Mustafa Khattab, the Clear Quran</author>
        <text>We will certainly make them taste some of the minor torment ˹in this life˺ before the major torment ˹of the Hereafter˺, so perhaps they will return ˹to the Right Path˺.</text>
      </translation>
    </translations>
    <rules>[{"start": 11, "end": 14, "rule_id": 0}, {"start": 18, "end": 21, "rule_id": 0}, {"start": 40, "end": 42, "rule_id": 1}, {"start": 16, "end": 21, "rule_id": 4}]</rules>
  </verse>
  <verse>
    <verseIdArabic>٢٢</verseIdArabic>
    <verseId>22</verseId>
    <chapterId>32</chapterId>
    <textIndopak>وَمَنۡ أَظۡلَمُ مِمَّن ذُكِّرَ بِـَٔايَٰتِ رَبِّهِۦ ثُمَّ أَعۡرَضَ عَنۡهَآۚ إِنَّا مِنَ ٱلۡمُجۡرِمِينَ مُنتَقِمُونَ</textIndopak>
    <translations>
      <translation>
        <author>Dr. Mustafa Khattab, the Clear Quran</author>
        <text>And who does more wrong than the one who is reminded of Allah’s revelations then turns away from them? We will surely inflict punishment upon the wicked.</text>
      </translation>
    </translations>
    <rules>[{"start": 18, "end": 21, "rule_id": 0}, {"start": 54, "end": 57, "rule_id": 0}, {"start": 80, "end": 83, "rule_id": 0}, {"start": 95, "end": 97, "rule_id": 1}, {"start": 21, "end": 25, "rule_id": 6}, {"start": 107, "end": 110, "rule_id": 6}]</rules>
  </verse>
  <verse>
    <verseIdArabic>٢٣</verseIdArabic>
    <verseId>23</verseId>
    <chapterId>32</chapterId>
    <textIndopak>وَلَقَدۡ ءَاتَيۡنَا مُوسَى ٱلۡكِتَٰبَ فَلَا تَكُن فِي مِرۡيَةٖ مِّن لِّقَآئِهِۦۖ وَجَعَلۡنَٰهُ هُدٗى لِّبَنِيٓ إِسۡرَٰٓءِيلَ</textIndopak>
    <translations>
      <translation>
        <author>Dr. Mustafa Khattab, the Clear Quran</author>
        <text>Indeed, We gave the Scripture to Moses—so let there be no doubt ˹O Prophet˺ that you ˹too˺ are receiving revelations—and We made it a guide for the Children of Israel.</text>
      </translation>
    </translations>
    <rules>[{"start": 63, "end": 66, "rule_id": 0}, {"start": 6, "end": 8, "rule_id": 1}, {"start": 60, "end": 66, "rule_id": 3}, {"start": 66, "end": 71, "rule_id": 5}, {"start": 48, "end": 52, "rule_id": 6}]</rules>
  </verse>
  <verse>
    <verseIdArabic>٢٤</verseIdArabic>
    <verseId>24</verseId>
    <chapterId>32</chapterId>
    <textIndopak>وَجَعَلۡنَا مِنۡهُمۡ أَئِمَّةٗ يَهۡدُونَ بِأَمۡرِنَا لَمَّا صَبَرُواْۖ وَكَانُواْ بِـَٔايَٰتِنَا يُوقِنُونَ</textIndopak>
    <translations>
      <translation>
        <author>Dr. Mustafa Khattab, the Clear Quran</author>
        <text>We raised from among them leaders, guiding by Our command, when they patiently endured and firmly believed in Our signs.</text>
      </translation>
    </translations>
    <rules>[{"start": 25, "end": 28, "rule_id": 0}, {"start": 55, "end": 58, "rule_id": 0}, {"start": 28, "end": 33, "rule_id": 3}]</rules>
  </verse>
  <verse>
    <verseIdArabic>٢٥</verseIdArabic>
    <verseId>25</verseId>
    <chapterId>32</chapterId>
    <textIndopak>إِنَّ رَبَّكَ هُوَ يَفۡصِلُ بَيۡنَهُمۡ يَوۡمَ ٱلۡقِيَٰمَةِ فِيمَا كَانُواْ فِيهِ يَخۡتَلِفُونَ</textIndopak>
    <translations>
      <translation>
        <author>Dr. Mustafa Khattab, the Clear Quran</author>
        <text>Indeed, your Lord will decide between them on the Day of Judgment regarding their differences.</text>
      </translation>
    </translations>
    <rules>[{"start": 2, "end": 5, "rule_id": 0}]</rules>
  </verse>
  <verse>
    <verseIdArabic>٢٦</verseIdArabic>
    <verseId>26</verseId>
    <chapterId>32</chapterId>
    <textIndopak>أَوَلَمۡ يَهۡدِ لَهُمۡ كَمۡ أَهۡلَكۡنَا مِن قَبۡلِهِم مِّنَ ٱلۡقُرُونِ يَمۡشُونَ فِي مَسَٰكِنِهِمۡۚ إِنَّ فِي ذَٰلِكَ لَأٓيَٰتٍۚ أَفَلَا يَسۡمَعُونَ</textIndopak>
    <translations>
      <translation>
        <author>Dr. Mustafa Khattab, the Clear Quran</author>
        <text>Is it not yet clear to them how many peoples We destroyed before them, whose ruins they still pass by? Surely in this are signs. Will they not then listen?</text>
      </translation>
    </translations>
    <rules>[{"start": 54, "end": 57, "rule_id": 0}, {"start": 103, "end": 106, "rule_id": 0}, {"start": 46, "end": 48, "rule_id": 1}, {"start": 52, "end": 57, "rule_id": 4}, {"start": 42, "end": 46, "rule_id": 6}]</rules>
  </verse>
  <verse>
    <verseIdArabic>٢٧</verseIdArabic>
    <verseId>27</verseId>
    <chapterId>32</chapterId>
    <textIndopak>أَوَلَمۡ يَرَوۡاْ أَنَّا نَسُوقُ ٱلۡمَآءَ إِلَى ٱلۡأَرۡضِ ٱلۡجُرُزِ فَنُخۡرِجُ بِهِۦ زَرۡعٗا تَأۡكُلُ مِنۡهُ أَنۡعَٰمُهُمۡ وَأَنفُسُهُمۡۚ أَفَلَا يُبۡصِرُونَ</textIndopak>
    <translations>
      <translation>
        <author>Dr. Mustafa Khattab, the Clear Quran</author>
        <text>Do they not see how We drive rain to parched land, producing ˹various˺ crops from which they and their cattle eat? Will they not then see?</text>
      </translation>
    </translations>
    <rules>[{"start": 20, "end": 23, "rule_id": 0}, {"start": 150, "end": 152, "rule_id": 1}, {"start": 128, "end": 131, "rule_id": 6}]</rules>
  </verse>
  <verse>
    <verseIdArabic>٢٨</verseIdArabic>
    <verseId>28</verseId>
    <chapterId>32</chapterId>
    <textIndopak>وَيَقُولُونَ مَتَىٰ هَٰذَا ٱلۡفَتۡحُ إِن كُنتُمۡ صَٰدِقِينَ</textIndopak>
    <translations>
      <translation>
        <author>Dr. Mustafa Khattab, the Clear Quran</author>
        <text>They ask ˹mockingly˺, “When is this ˹Day of final˺ Decision, if what you say is true?”</text>
      </translation>
    </translations>
    <rules>[{"start": 39, "end": 43, "rule_id": 6}, {"start": 43, "end": 46, "rule_id": 6}]</rules>
  </verse>
  <verse>
    <verseIdArabic>٢٩</verseIdArabic>
    <verseId>29</verseId>
    <chapterId>32</chapterId>
    <textIndopak>قُلۡ يَوۡمَ ٱلۡفَتۡحِ لَا يَنفَعُ ٱلَّذِينَ كَفَرُوٓاْ إِيمَٰنُهُمۡ وَلَا هُمۡ يُنظَرُونَ</textIndopak>
    <translations>
      <translation>
        <author>Dr. Mustafa Khattab, the Clear Quran</author>
        <text>Say, ˹O Prophet,˺ “On the Day of Decision it will not benefit the disbelievers to believe then, nor will they be delayed ˹from punishment˺.”</text>
      </translation>
    </translations>
    <rules>[{"start": 28, "end": 31, "rule_id": 6}, {"start": 81, "end": 84, "rule_id": 6}]</rules>
  </verse>
  <verse>
    <verseIdArabic>٣٠</verseIdArabic>
    <verseId>30</verseId>
    <chapterId>32</chapterId>
    <textIndopak>فَأَعۡرِضۡ عَنۡهُمۡ وَٱنتَظِرۡ إِنَّهُم مُّنتَظِرُونَ</textIndopak>
    <translations>
      <translation>
        <author>Dr. Mustafa Khattab, the Clear Quran</author>
        <text>So turn away from them, and wait! They too are waiting.</text>
      </translation>
    </translations>
    <rules>[{"start": 33, "end": 36, "rule_id": 0}, {"start": 40, "end": 43, "rule_id": 0}, {"start": 38, "end": 43, "rule_id": 4}, {"start": 23, "end": 26, "rule_id": 6}, {"start": 43, "end": 46, "rule_id": 6}]</rules>
  </verse>
</verses>
