<?xml version="1.0" encoding="UTF-8"?>

<verses>
  <verse>
    <verseIdArabic>١</verseIdArabic>
    <verseId>1</verseId>
    <chapterId>33</chapterId>
    <textIndopak>يَٰٓأَيُّهَا ٱلنَّبِيُّ ٱتَّقِ ٱللَّهَ وَلَا تُطِعِ ٱلۡكَٰفِرِينَ وَٱلۡمُنَٰفِقِينَۚ إِنَّ ٱللَّهَ كَانَ عَلِيمًا حَكِيمٗا</textIndopak>
    <translations>
      <translation>
        <author>Dr. Mustafa Khattab, the Clear Quran</author>
        <text>O Prophet! ˹Always˺ be mindful of Allah, and do not yield to the disbelievers and the hypocrites. Indeed, Allah is All-Knowing, All-Wise.</text>
      </translation>
    </translations>
    <rules>[{"start": 15, "end": 18, "rule_id": 0}, {"start": 88, "end": 91, "rule_id": 0}]</rules>
  </verse>
  <verse>
    <verseIdArabic>٢</verseIdArabic>
    <verseId>2</verseId>
    <chapterId>33</chapterId>
    <textIndopak>وَٱتَّبِعۡ مَا يُوحَىٰٓ إِلَيۡكَ مِن رَّبِّكَۚ إِنَّ ٱللَّهَ كَانَ بِمَا تَعۡمَلُونَ خَبِيرٗا</textIndopak>
    <translations>
      <translation>
        <author>Dr. Mustafa Khattab, the Clear Quran</author>
        <text>Follow what is revealed to you from your Lord. Surely Allah is All-Aware of what you ˹all˺ do.</text>
      </translation>
    </translations>
    <rules>[{"start": 50, "end": 53, "rule_id": 0}, {"start": 35, "end": 40, "rule_id": 5}]</rules>
  </verse>
  <verse>
    <verseIdArabic>٣</verseIdArabic>
    <verseId>3</verseId>
    <chapterId>33</chapterId>
    <textIndopak>وَتَوَكَّلۡ عَلَى ٱللَّهِۚ وَكَفَىٰ بِٱللَّهِ وَكِيلٗا</textIndopak>
    <translations>
      <translation>
        <author>Dr. Mustafa Khattab, the Clear Quran</author>
        <text>And put your trust in Allah, for Allah is sufficient as a Trustee of Affairs.</text>
      </translation>
    </translations>
  </verse>
  <verse>
    <verseIdArabic>٤</verseIdArabic>
    <verseId>4</verseId>
    <chapterId>33</chapterId>
    <textIndopak>مَّا جَعَلَ ٱللَّهُ لِرَجُلٖ مِّن قَلۡبَيۡنِ فِي جَوۡفِهِۦۚ وَمَا جَعَلَ أَزۡوَٰجَكُمُ ٱلَّٰٓـِٔي تُظَٰهِرُونَ مِنۡهُنَّ أُمَّهَٰتِكُمۡۚ وَمَا جَعَلَ أَدۡعِيَآءَكُمۡ أَبۡنَآءَكُمۡۚ ذَٰلِكُمۡ قَوۡلُكُم بِأَفۡوَٰهِكُمۡۖ وَٱللَّهُ يَقُولُ ٱلۡحَقَّ وَهُوَ يَهۡدِي ٱلسَّبِيلَ</textIndopak>
    <translations>
      <translation>
        <author>Dr. Mustafa Khattab, the Clear Quran</author>
        <text>Allah does not place two hearts in any person’s chest. Nor does He regard your wives as ˹unlawful for you like˺ your real mothers, ˹even˺ if you say they are. Nor does He regard your adopted children as your real children. These are only your baseless assertions. But Allah declares the truth, and He ˹alone˺ guides to the ˹Right˺ Way.</text>
      </translation>
    </translations>
    <rules>[{"start": 0, "end": 3, "rule_id": 0}, {"start": 29, "end": 32, "rule_id": 0}, {"start": 118, "end": 121, "rule_id": 0}, {"start": 124, "end": 127, "rule_id": 0}, {"start": 154, "end": 156, "rule_id": 1}, {"start": 171, "end": 173, "rule_id": 1}, {"start": 26, "end": 32, "rule_id": 3}, {"start": 32, "end": 36, "rule_id": 6}, {"start": 204, "end": 208, "rule_id": 7}]</rules>
  </verse>
  <verse>
    <verseIdArabic>٥</verseIdArabic>
    <verseId>5</verseId>
    <chapterId>33</chapterId>
    <textIndopak>ٱدۡعُوهُمۡ لِأٓبَآئِهِمۡ هُوَ أَقۡسَطُ عِندَ ٱللَّهِۚ فَإِن لَّمۡ تَعۡلَمُوٓاْ ءَابَآءَهُمۡ فَإِخۡوَٰنُكُمۡ فِي ٱلدِّينِ وَمَوَٰلِيكُمۡۚ وَلَيۡسَ عَلَيۡكُمۡ جُنَاحٞ فِيمَآ أَخۡطَأۡتُم بِهِۦ وَلَٰكِن مَّا تَعَمَّدَتۡ قُلُوبُكُمۡۚ وَكَانَ ٱللَّهُ غَفُورٗا رَّحِيمًا</textIndopak>
    <translations>
      <translation>
        <author>Dr. Mustafa Khattab, the Clear Quran</author>
        <text>Let your adopted children keep their family names. That is more just in the sight of Allah. But if you do not know their fathers, then they are ˹simply˺ your fellow believers and close associates. There is no blame on you for what you do by mistake, but ˹only˺ for what you do intentionally. And Allah is All-Forgiving, Most Merciful.</text>
      </translation>
    </translations>
    <rules>[{"start": 205, "end": 208, "rule_id": 0}, {"start": 214, "end": 217, "rule_id": 0}, {"start": 1, "end": 3, "rule_id": 1}, {"start": 34, "end": 36, "rule_id": 1}, {"start": 203, "end": 208, "rule_id": 3}, {"start": 61, "end": 66, "rule_id": 5}, {"start": 257, "end": 264, "rule_id": 5}, {"start": 43, "end": 46, "rule_id": 6}, {"start": 167, "end": 172, "rule_id": 6}, {"start": 188, "end": 192, "rule_id": 7}]</rules>
  </verse>
  <verse>
    <verseIdArabic>٦</verseIdArabic>
    <verseId>6</verseId>
    <chapterId>33</chapterId>
    <textIndopak>ٱلنَّبِيُّ أَوۡلَىٰ بِٱلۡمُؤۡمِنِينَ مِنۡ أَنفُسِهِمۡۖ وَأَزۡوَٰجُهُۥٓ أُمَّهَٰتُهُمۡۗ وَأُوْلُواْ ٱلۡأَرۡحَامِ بَعۡضُهُمۡ أَوۡلَىٰ بِبَعۡضٖ فِي كِتَٰبِ ٱللَّهِ مِنَ ٱلۡمُؤۡمِنِينَ وَٱلۡمُهَٰجِرِينَ إِلَّآ أَن تَفۡعَلُوٓاْ إِلَىٰٓ أَوۡلِيَآئِكُم مَّعۡرُوفٗاۚ كَانَ ذَٰلِكَ فِي ٱلۡكِتَٰبِ مَسۡطُورٗا</textIndopak>
    <translations>
      <translation>
        <author>Dr. Mustafa Khattab, the Clear Quran</author>
        <text>The Prophet has a stronger affinity to the believers than they do themselves. And his wives are their mothers. As ordained by Allah, blood relatives are more entitled ˹to inheritance˺ than ˹other˺ believers and immigrants, unless you ˹want to˺ show kindness to your ˹close˺ associates ˹through bequest˺. This is decreed in the Record.</text>
      </translation>
    </translations>
    <rules>[{"start": 2, "end": 5, "rule_id": 0}, {"start": 74, "end": 77, "rule_id": 0}, {"start": 250, "end": 253, "rule_id": 0}, {"start": 248, "end": 253, "rule_id": 4}, {"start": 44, "end": 47, "rule_id": 6}, {"start": 211, "end": 215, "rule_id": 6}, {"start": 140, "end": 145, "rule_id": 6}]</rules>
  </verse>
  <verse>
    <verseIdArabic>٧</verseIdArabic>
    <verseId>7</verseId>
    <chapterId>33</chapterId>
    <textIndopak>وَإِذۡ أَخَذۡنَا مِنَ ٱلنَّبِيِّـۧنَ مِيثَٰقَهُمۡ وَمِنكَ وَمِن نُّوحٖ وَإِبۡرَٰهِيمَ وَمُوسَىٰ وَعِيسَى ٱبۡنِ مَرۡيَمَۖ وَأَخَذۡنَا مِنۡهُم مِّيثَٰقًا غَلِيظٗا</textIndopak>
    <translations>
      <translation>
        <author>Dr. Mustafa Khattab, the Clear Quran</author>
        <text>And ˹remember˺ when We took a covenant from the prophets, as well as from you ˹O Prophet˺, and from Noah, Abraham, Moses, and Jesus, son of Mary. We did take a solemn covenant from ˹all of˺ them</text>
      </translation>
    </translations>
    <rules>[{"start": 24, "end": 27, "rule_id": 0}, {"start": 63, "end": 66, "rule_id": 0}, {"start": 141, "end": 144, "rule_id": 0}, {"start": 74, "end": 76, "rule_id": 1}, {"start": 105, "end": 107, "rule_id": 1}, {"start": 61, "end": 66, "rule_id": 3}, {"start": 67, "end": 72, "rule_id": 3}, {"start": 139, "end": 144, "rule_id": 4}, {"start": 53, "end": 56, "rule_id": 6}]</rules>
  </verse>
  <verse>
    <verseIdArabic>٨</verseIdArabic>
    <verseId>8</verseId>
    <chapterId>33</chapterId>
    <textIndopak>لِّيَسۡـَٔلَ ٱلصَّٰدِقِينَ عَن صِدۡقِهِمۡۚ وَأَعَدَّ لِلۡكَٰفِرِينَ عَذَابًا أَلِيمٗا</textIndopak>
    <translations>
      <translation>
        <author>Dr. Mustafa Khattab, the Clear Quran</author>
        <text>so that He may question these men of truth about their ˹delivery of the˺ truth. And He has prepared a painful punishment for the disbelievers.</text>
      </translation>
    </translations>
    <rules>[{"start": 33, "end": 35, "rule_id": 1}, {"start": 29, "end": 33, "rule_id": 6}]</rules>
  </verse>
  <verse>
    <verseIdArabic>٩</verseIdArabic>
    <verseId>9</verseId>
    <chapterId>33</chapterId>
    <textIndopak>يَٰٓأَيُّهَا ٱلَّذِينَ ءَامَنُواْ ٱذۡكُرُواْ نِعۡمَةَ ٱللَّهِ عَلَيۡكُمۡ إِذۡ جَآءَتۡكُمۡ جُنُودٞ فَأَرۡسَلۡنَا عَلَيۡهِمۡ رِيحٗا وَجُنُودٗا لَّمۡ تَرَوۡهَاۚ وَكَانَ ٱللَّهُ بِمَا تَعۡمَلُونَ بَصِيرًا</textIndopak>
    <translations>
      <translation>
        <author>Dr. Mustafa Khattab, the Clear Quran</author>
        <text>O believers! Remember Allah’s favour upon you when ˹enemy˺ forces came to ˹besiege˺ you ˹in Medina˺, so We sent against them a ˹bitter˺ wind and forces you could not see. And Allah is All-Seeing of what you do.</text>
      </translation>
    </translations>
    <rules>[{"start": 127, "end": 133, "rule_id": 3}, {"start": 138, "end": 145, "rule_id": 5}, {"start": 96, "end": 101, "rule_id": 6}]</rules>
  </verse>
  <verse>
    <verseIdArabic>١٠</verseIdArabic>
    <verseId>10</verseId>
    <chapterId>33</chapterId>
    <textIndopak>إِذۡ جَآءُوكُم مِّن فَوۡقِكُمۡ وَمِنۡ أَسۡفَلَ مِنكُمۡ وَإِذۡ زَاغَتِ ٱلۡأَبۡصَٰرُ وَبَلَغَتِ ٱلۡقُلُوبُ ٱلۡحَنَاجِرَ وَتَظُنُّونَ بِٱللَّهِ ٱلظُّنُونَا۠</textIndopak>
    <translations>
      <translation>
        <author>Dr. Mustafa Khattab, the Clear Quran</author>
        <text>˹Remember˺ when they came at you from east and west, when your eyes grew wild ˹in horror˺ and your hearts jumped into your throats, and you entertained ˹conflicting˺ thoughts about Allah.</text>
      </translation>
    </translations>
    <rules>[{"start": 16, "end": 19, "rule_id": 0}, {"start": 125, "end": 128, "rule_id": 0}, {"start": 76, "end": 78, "rule_id": 1}, {"start": 14, "end": 19, "rule_id": 4}, {"start": 19, "end": 23, "rule_id": 6}, {"start": 50, "end": 53, "rule_id": 6}]</rules>
  </verse>
  <verse>
    <verseIdArabic>١١</verseIdArabic>
    <verseId>11</verseId>
    <chapterId>33</chapterId>
    <textIndopak>هُنَالِكَ ٱبۡتُلِيَ ٱلۡمُؤۡمِنُونَ وَزُلۡزِلُواْ زِلۡزَالٗا شَدِيدٗا</textIndopak>
    <translations>
      <translation>
        <author>Dr. Mustafa Khattab, the Clear Quran</author>
        <text>Then and there the believers were put to the test, and were violently shaken.</text>
      </translation>
    </translations>
    <rules>[{"start": 11, "end": 13, "rule_id": 1}]</rules>
  </verse>
  <verse>
    <verseIdArabic>١٢</verseIdArabic>
    <verseId>12</verseId>
    <chapterId>33</chapterId>
    <textIndopak>وَإِذۡ يَقُولُ ٱلۡمُنَٰفِقُونَ وَٱلَّذِينَ فِي قُلُوبِهِم مَّرَضٞ مَّا وَعَدَنَا ٱللَّهُ وَرَسُولُهُۥٓ إِلَّا غُرُورٗا</textIndopak>
    <translations>
      <translation>
        <author>Dr. Mustafa Khattab, the Clear Quran</author>
        <text>And ˹remember˺ when the hypocrites and those with sickness in their hearts said, “Allah and His Messenger have promised us nothing but delusion!”</text>
      </translation>
    </translations>
    <rules>[{"start": 58, "end": 61, "rule_id": 0}, {"start": 66, "end": 69, "rule_id": 0}, {"start": 63, "end": 69, "rule_id": 3}, {"start": 56, "end": 61, "rule_id": 4}]</rules>
  </verse>
  <verse>
    <verseIdArabic>١٣</verseIdArabic>
    <verseId>13</verseId>
    <chapterId>33</chapterId>
    <textIndopak>وَإِذۡ قَالَت طَّآئِفَةٞ مِّنۡهُمۡ يَٰٓأَهۡلَ يَثۡرِبَ لَا مُقَامَ لَكُمۡ فَٱرۡجِعُواْۚ وَيَسۡتَـٔۡذِنُ فَرِيقٞ مِّنۡهُمُ ٱلنَّبِيَّ يَقُولُونَ إِنَّ بُيُوتَنَا عَوۡرَةٞ وَمَا هِيَ بِعَوۡرَةٍۖ إِن يُرِيدُونَ إِلَّا فِرَارٗا</textIndopak>
    <translations>
      <translation>
        <author>Dr. Mustafa Khattab, the Clear Quran</author>
        <text>And ˹remember˺ when a group of them said, “O people of Yathrib! There is no point in you staying ˹here˺, so retreat!” Another group of them asked the Prophet’s permission ˹to leave˺, saying, “Our homes are vulnerable,” while ˹in fact˺ they were not vulnerable. They only wished to flee.</text>
      </translation>
    </translations>
    <rules>[{"start": 26, "end": 29, "rule_id": 0}, {"start": 114, "end": 117, "rule_id": 0}, {"start": 126, "end": 129, "rule_id": 0}, {"start": 148, "end": 151, "rule_id": 0}, {"start": 198, "end": 202, "rule_id": 3}, {"start": 23, "end": 29, "rule_id": 3}, {"start": 111, "end": 117, "rule_id": 3}, {"start": 169, "end": 174, "rule_id": 3}]</rules>
  </verse>
  <verse>
    <verseIdArabic>١٤</verseIdArabic>
    <verseId>14</verseId>
    <chapterId>33</chapterId>
    <textIndopak>وَلَوۡ دُخِلَتۡ عَلَيۡهِم مِّنۡ أَقۡطَارِهَا ثُمَّ سُئِلُواْ ٱلۡفِتۡنَةَ لَأٓتَوۡهَا وَمَا تَلَبَّثُواْ بِهَآ إِلَّا يَسِيرٗا</textIndopak>
    <translations>
      <translation>
        <author>Dr. Mustafa Khattab, the Clear Quran</author>
        <text>Had their city been sacked from all sides and they had been asked to abandon faith, they would have done so with little hesitation.</text>
      </translation>
    </translations>
    <rules>[{"start": 26, "end": 29, "rule_id": 0}, {"start": 47, "end": 50, "rule_id": 0}, {"start": 34, "end": 36, "rule_id": 1}, {"start": 24, "end": 29, "rule_id": 4}]</rules>
  </verse>
  <verse>
    <verseIdArabic>١٥</verseIdArabic>
    <verseId>15</verseId>
    <chapterId>33</chapterId>
    <textIndopak>وَلَقَدۡ كَانُواْ عَٰهَدُواْ ٱللَّهَ مِن قَبۡلُ لَا يُوَلُّونَ ٱلۡأَدۡبَٰرَۚ وَكَانَ عَهۡدُ ٱللَّهِ مَسۡـُٔولٗا</textIndopak>
    <translations>
      <translation>
        <author>Dr. Mustafa Khattab, the Clear Quran</author>
        <text>They had already pledged to Allah earlier never to turn their backs ˹in retreat˺. And a pledge to Allah must be answered for.</text>
      </translation>
    </translations>
    <rules>[{"start": 6, "end": 8, "rule_id": 1}, {"start": 43, "end": 45, "rule_id": 1}, {"start": 68, "end": 70, "rule_id": 1}, {"start": 39, "end": 43, "rule_id": 6}]</rules>
  </verse>
  <verse>
    <verseIdArabic>١٦</verseIdArabic>
    <verseId>16</verseId>
    <chapterId>33</chapterId>
    <textIndopak>قُل لَّن يَنفَعَكُمُ ٱلۡفِرَارُ إِن فَرَرۡتُم مِّنَ ٱلۡمَوۡتِ أَوِ ٱلۡقَتۡلِ وَإِذٗا لَّا تُمَتَّعُونَ إِلَّا قَلِيلٗا</textIndopak>
    <translations>
      <translation>
        <author>Dr. Mustafa Khattab, the Clear Quran</author>
        <text>Say, ˹O Prophet,˺ “Fleeing will not benefit you if you ˹try to˺ escape a natural or violent death. ˹If it is not your time,˺ you will only be allowed enjoyment for a little while.”</text>
      </translation>
    </translations>
    <rules>[{"start": 46, "end": 49, "rule_id": 0}, {"start": 7, "end": 11, "rule_id": 3}, {"start": 44, "end": 49, "rule_id": 4}, {"start": 81, "end": 88, "rule_id": 5}, {"start": 11, "end": 14, "rule_id": 6}, {"start": 34, "end": 38, "rule_id": 6}]</rules>
  </verse>
  <verse>
    <verseIdArabic>١٧</verseIdArabic>
    <verseId>17</verseId>
    <chapterId>33</chapterId>
    <textIndopak>قُلۡ مَن ذَا ٱلَّذِي يَعۡصِمُكُم مِّنَ ٱللَّهِ إِنۡ أَرَادَ بِكُمۡ سُوٓءًا أَوۡ أَرَادَ بِكُمۡ رَحۡمَةٗۚ وَلَا يَجِدُونَ لَهُم مِّن دُونِ ٱللَّهِ وَلِيّٗا وَلَا نَصِيرٗا</textIndopak>
    <translations>
      <translation>
        <author>Dr. Mustafa Khattab, the Clear Quran</author>
        <text>Ask ˹them, O Prophet˺, “Who can put you out of Allah’s reach if He intends to harm you or show you mercy?” They can never find any protector or helper besides Allah.</text>
      </translation>
    </translations>
    <rules>[{"start": 33, "end": 36, "rule_id": 0}, {"start": 128, "end": 131, "rule_id": 0}, {"start": 151, "end": 158, "rule_id": 3}, {"start": 31, "end": 36, "rule_id": 4}, {"start": 126, "end": 131, "rule_id": 4}, {"start": 7, "end": 11, "rule_id": 6}, {"start": 131, "end": 135, "rule_id": 6}]</rules>
  </verse>
  <verse>
    <verseIdArabic>١٨</verseIdArabic>
    <verseId>18</verseId>
    <chapterId>33</chapterId>
    <textIndopak>۞ قَدۡ يَعۡلَمُ ٱللَّهُ ٱلۡمُعَوِّقِينَ مِنكُمۡ وَٱلۡقَآئِلِينَ لِإِخۡوَٰنِهِمۡ هَلُمَّ إِلَيۡنَاۖ وَلَا يَأۡتُونَ ٱلۡبَأۡسَ إِلَّا قَلِيلًا</textIndopak>
    <translations>
      <translation>
        <author>Dr. Mustafa Khattab, the Clear Quran</author>
        <text>Allah knows well those among you who discourage ˹others from fighting˺, saying ˹secretly˺ to their brothers, “Stay with us,” and who themselves hardly take part in fighting.</text>
      </translation>
    </translations>
    <rules>[{"start": 85, "end": 88, "rule_id": 0}, {"start": 4, "end": 6, "rule_id": 1}, {"start": 42, "end": 45, "rule_id": 6}]</rules>
  </verse>
  <verse>
    <verseIdArabic>١٩</verseIdArabic>
    <verseId>19</verseId>
    <chapterId>33</chapterId>
    <textIndopak>أَشِحَّةً عَلَيۡكُمۡۖ فَإِذَا جَآءَ ٱلۡخَوۡفُ رَأَيۡتَهُمۡ يَنظُرُونَ إِلَيۡكَ تَدُورُ أَعۡيُنُهُمۡ كَٱلَّذِي يُغۡشَىٰ عَلَيۡهِ مِنَ ٱلۡمَوۡتِۖ فَإِذَا ذَهَبَ ٱلۡخَوۡفُ سَلَقُوكُم بِأَلۡسِنَةٍ حِدَادٍ أَشِحَّةً عَلَى ٱلۡخَيۡرِۚ أُوْلَٰٓئِكَ لَمۡ يُؤۡمِنُواْ فَأَحۡبَطَ ٱللَّهُ أَعۡمَٰلَهُمۡۚ وَكَانَ ذَٰلِكَ عَلَى ٱللَّهِ يَسِيرٗا</textIndopak>
    <translations>
      <translation>
        <author>Dr. Mustafa Khattab, the Clear Quran</author>
        <text>˹They are˺ totally unwilling to assist you. When danger comes, you see them staring at you with their eyes rolling like someone in the throes of death. But once the danger is over, they slash you with razor-sharp tongues, ravenous for ˹worldly˺ gains. Such people have not ˹truly˺ believed, so Allah has rendered their deeds void. And that is easy for Allah.</text>
      </translation>
    </translations>
    <rules>[{"start": 63, "end": 66, "rule_id": 6}, {"start": 181, "end": 185, "rule_id": 7}]</rules>
  </verse>
  <verse>
    <verseIdArabic>٢٠</verseIdArabic>
    <verseId>20</verseId>
    <chapterId>33</chapterId>
    <textIndopak>يَحۡسَبُونَ ٱلۡأَحۡزَابَ لَمۡ يَذۡهَبُواْۖ وَإِن يَأۡتِ ٱلۡأَحۡزَابُ يَوَدُّواْ لَوۡ أَنَّهُم بَادُونَ فِي ٱلۡأَعۡرَابِ يَسۡـَٔلُونَ عَنۡ أَنۢبَآئِكُمۡۖ وَلَوۡ كَانُواْ فِيكُم مَّا قَٰتَلُوٓاْ إِلَّا قَلِيلٗا</textIndopak>
    <translations>
      <translation>
        <author>Dr. Mustafa Khattab, the Clear Quran</author>
        <text>They ˹still˺ think that the enemy alliance has not ˹yet˺ withdrawn. And if the allies were to come ˹again˺, the hypocrites would wish to be away in the desert among nomadic Arabs, ˹only˺ asking for news about you ˹believers˺. And if the hypocrites were in your midst, they would hardly take part in the fight.</text>
      </translation>
    </translations>
    <rules>[{"start": 88, "end": 91, "rule_id": 0}, {"start": 179, "end": 182, "rule_id": 0}, {"start": 141, "end": 145, "rule_id": 2}, {"start": 48, "end": 52, "rule_id": 3}, {"start": 177, "end": 182, "rule_id": 4}, {"start": 93, "end": 97, "rule_id": 7}]</rules>
  </verse>
  <verse>
    <verseIdArabic>٢١</verseIdArabic>
    <verseId>21</verseId>
    <chapterId>33</chapterId>
    <textIndopak>لَّقَدۡ كَانَ لَكُمۡ فِي رَسُولِ ٱللَّهِ أُسۡوَةٌ حَسَنَةٞ لِّمَن كَانَ يَرۡجُواْ ٱللَّهَ وَٱلۡيَوۡمَ ٱلۡأٓخِرَ وَذَكَرَ ٱللَّهَ كَثِيرٗا</textIndopak>
    <translations>
      <translation>
        <author>Dr. Mustafa Khattab, the Clear Quran</author>
        <text>Indeed, in the Messenger of Allah you have an excellent example for whoever has hope in Allah and the Last Day, and remembers Allah often.</text>
      </translation>
    </translations>
    <rules>[{"start": 5, "end": 7, "rule_id": 1}, {"start": 56, "end": 62, "rule_id": 5}, {"start": 64, "end": 68, "rule_id": 6}]</rules>
  </verse>
  <verse>
    <verseIdArabic>٢٢</verseIdArabic>
    <verseId>22</verseId>
    <chapterId>33</chapterId>
    <textIndopak>وَلَمَّا رَءَا ٱلۡمُؤۡمِنُونَ ٱلۡأَحۡزَابَ قَالُواْ هَٰذَا مَا وَعَدَنَا ٱللَّهُ وَرَسُولُهُۥ وَصَدَقَ ٱللَّهُ وَرَسُولُهُۥۚ وَمَا زَادَهُمۡ إِلَّآ إِيمَٰنٗا وَتَسۡلِيمٗا</textIndopak>
    <translations>
      <translation>
        <author>Dr. Mustafa Khattab, the Clear Quran</author>
        <text>When the believers saw the enemy alliance, they said, “This is what Allah and His Messenger had promised us. The promise of Allah and His Messenger has come true.” And this only increased them in faith and submission.</text>
      </translation>
    </translations>
    <rules>[{"start": 4, "end": 7, "rule_id": 0}, {"start": 156, "end": 162, "rule_id": 3}]</rules>
  </verse>
  <verse>
    <verseIdArabic>٢٣</verseIdArabic>
    <verseId>23</verseId>
    <chapterId>33</chapterId>
    <textIndopak>مِّنَ ٱلۡمُؤۡمِنِينَ رِجَالٞ صَدَقُواْ مَا عَٰهَدُواْ ٱللَّهَ عَلَيۡهِۖ فَمِنۡهُم مَّن قَضَىٰ نَحۡبَهُۥ وَمِنۡهُم مَّن يَنتَظِرُۖ وَمَا بَدَّلُواْ تَبۡدِيلٗا</textIndopak>
    <translations>
      <translation>
        <author>Dr. Mustafa Khattab, the Clear Quran</author>
        <text>Among the believers are men who have proven true to what they pledged to Allah. Some of them have fulfilled their pledge ˹with their lives˺, others are waiting ˹their turn˺. They have never changed ˹their commitment˺ in the least.</text>
      </translation>
    </translations>
    <rules>[{"start": 0, "end": 3, "rule_id": 0}, {"start": 83, "end": 86, "rule_id": 0}, {"start": 115, "end": 118, "rule_id": 0}, {"start": 151, "end": 153, "rule_id": 1}, {"start": 118, "end": 122, "rule_id": 3}, {"start": 81, "end": 86, "rule_id": 4}, {"start": 113, "end": 118, "rule_id": 4}, {"start": 86, "end": 90, "rule_id": 6}, {"start": 122, "end": 125, "rule_id": 6}, {"start": 26, "end": 31, "rule_id": 6}]</rules>
  </verse>
  <verse>
    <verseIdArabic>٢٤</verseIdArabic>
    <verseId>24</verseId>
    <chapterId>33</chapterId>
    <textIndopak>لِّيَجۡزِيَ ٱللَّهُ ٱلصَّٰدِقِينَ بِصِدۡقِهِمۡ وَيُعَذِّبَ ٱلۡمُنَٰفِقِينَ إِن شَآءَ أَوۡ يَتُوبَ عَلَيۡهِمۡۚ إِنَّ ٱللَّهَ كَانَ غَفُورٗا رَّحِيمٗا</textIndopak>
    <translations>
      <translation>
        <author>Dr. Mustafa Khattab, the Clear Quran</author>
        <text>˹It all happened˺ so Allah may reward the faithful for their faithfulness, and punish the hypocrites if He wills or turn to them ˹in mercy˺. Surely Allah is All-Forgiving, Most Merciful.</text>
      </translation>
    </translations>
    <rules>[{"start": 114, "end": 117, "rule_id": 0}, {"start": 5, "end": 7, "rule_id": 1}, {"start": 38, "end": 40, "rule_id": 1}, {"start": 137, "end": 144, "rule_id": 5}, {"start": 77, "end": 81, "rule_id": 6}]</rules>
  </verse>
  <verse>
    <verseIdArabic>٢٥</verseIdArabic>
    <verseId>25</verseId>
    <chapterId>33</chapterId>
    <textIndopak>وَرَدَّ ٱللَّهُ ٱلَّذِينَ كَفَرُواْ بِغَيۡظِهِمۡ لَمۡ يَنَالُواْ خَيۡرٗاۚ وَكَفَى ٱللَّهُ ٱلۡمُؤۡمِنِينَ ٱلۡقِتَالَۚ وَكَانَ ٱللَّهُ قَوِيًّا عَزِيزٗا</textIndopak>
    <translations>
      <translation>
        <author>Dr. Mustafa Khattab, the Clear Quran</author>
        <text>And Allah drove back the disbelievers in their rage, totally empty-handed. And Allah spared the believers from fighting. For Allah is All-Powerful, Almighty.</text>
      </translation>
    </translations>
  </verse>
  <verse>
    <verseIdArabic>٢٦</verseIdArabic>
    <verseId>26</verseId>
    <chapterId>33</chapterId>
    <textIndopak>وَأَنزَلَ ٱلَّذِينَ ظَٰهَرُوهُم مِّنۡ أَهۡلِ ٱلۡكِتَٰبِ مِن صَيَاصِيهِمۡ وَقَذَفَ فِي قُلُوبِهِمُ ٱلرُّعۡبَ فَرِيقٗا تَقۡتُلُونَ وَتَأۡسِرُونَ فَرِيقٗا</textIndopak>
    <translations>
      <translation>
        <author>Dr. Mustafa Khattab, the Clear Quran</author>
        <text>And He brought down those from the People of the Book who supported the enemy alliance from their own strongholds, and cast horror into their hearts. You ˹believers˺ killed some, and took others captive.</text>
      </translation>
    </translations>
    <rules>[{"start": 32, "end": 35, "rule_id": 0}, {"start": 119, "end": 121, "rule_id": 1}, {"start": 30, "end": 35, "rule_id": 4}, {"start": 4, "end": 7, "rule_id": 6}, {"start": 58, "end": 62, "rule_id": 6}]</rules>
  </verse>
  <verse>
    <verseIdArabic>٢٧</verseIdArabic>
    <verseId>27</verseId>
    <chapterId>33</chapterId>
    <textIndopak>وَأَوۡرَثَكُمۡ أَرۡضَهُمۡ وَدِيَٰرَهُمۡ وَأَمۡوَٰلَهُمۡ وَأَرۡضٗا لَّمۡ تَطَـُٔوهَاۚ وَكَانَ ٱللَّهُ عَلَىٰ كُلِّ شَيۡءٖ قَدِيرٗا</textIndopak>
    <translations>
      <translation>
        <author>Dr. Mustafa Khattab, the Clear Quran</author>
        <text>He has also caused you to take over their lands, homes, and wealth, as well as lands you have not yet set foot on. And Allah is Most Capable of everything.</text>
      </translation>
    </translations>
    <rules>[{"start": 62, "end": 69, "rule_id": 5}, {"start": 119, "end": 124, "rule_id": 6}]</rules>
  </verse>
  <verse>
    <verseIdArabic>٢٨</verseIdArabic>
    <verseId>28</verseId>
    <chapterId>33</chapterId>
    <textIndopak>يَٰٓأَيُّهَا ٱلنَّبِيُّ قُل لِّأَزۡوَٰجِكَ إِن كُنتُنَّ تُرِدۡنَ ٱلۡحَيَوٰةَ ٱلدُّنۡيَا وَزِينَتَهَا فَتَعَالَيۡنَ أُمَتِّعۡكُنَّ وَأُسَرِّحۡكُنَّ سَرَاحٗا جَمِيلٗا</textIndopak>
    <translations>
      <translation>
        <author>Dr. Mustafa Khattab, the Clear Quran</author>
        <text>O Prophet! Say to your wives, “If you desire the life of this world and its luxury, then come, I will give you a ˹suitable˺ compensation ˹for divorce˺ and let you go graciously.</text>
      </translation>
    </translations>
    <rules>[{"start": 15, "end": 18, "rule_id": 0}, {"start": 52, "end": 55, "rule_id": 0}, {"start": 126, "end": 129, "rule_id": 0}, {"start": 143, "end": 146, "rule_id": 0}, {"start": 60, "end": 62, "rule_id": 1}, {"start": 45, "end": 49, "rule_id": 6}, {"start": 49, "end": 52, "rule_id": 6}]</rules>
  </verse>
  <verse>
    <verseIdArabic>٢٩</verseIdArabic>
    <verseId>29</verseId>
    <chapterId>33</chapterId>
    <textIndopak>وَإِن كُنتُنَّ تُرِدۡنَ ٱللَّهَ وَرَسُولَهُۥ وَٱلدَّارَ ٱلۡأٓخِرَةَ فَإِنَّ ٱللَّهَ أَعَدَّ لِلۡمُحۡسِنَٰتِ مِنكُنَّ أَجۡرًا عَظِيمٗا</textIndopak>
    <translations>
      <translation>
        <author>Dr. Mustafa Khattab, the Clear Quran</author>
        <text>But if you desire Allah and His Messenger and the ˹everlasting˺ Home of the Hereafter, then Surely Allah has prepared a great reward for those of you who do good.”</text>
      </translation>
    </translations>
    <rules>[{"start": 11, "end": 14, "rule_id": 0}, {"start": 73, "end": 76, "rule_id": 0}, {"start": 114, "end": 117, "rule_id": 0}, {"start": 19, "end": 21, "rule_id": 1}, {"start": 120, "end": 122, "rule_id": 1}, {"start": 4, "end": 8, "rule_id": 6}, {"start": 8, "end": 11, "rule_id": 6}, {"start": 111, "end": 114, "rule_id": 6}]</rules>
  </verse>
  <verse>
    <verseIdArabic>٣٠</verseIdArabic>
    <verseId>30</verseId>
    <chapterId>33</chapterId>
    <textIndopak>يَٰنِسَآءَ ٱلنَّبِيِّ مَن يَأۡتِ مِنكُنَّ بِفَٰحِشَةٖ مُّبَيِّنَةٖ يُضَٰعَفۡ لَهَا ٱلۡعَذَابُ ضِعۡفَيۡنِۚ وَكَانَ ذَٰلِكَ عَلَى ٱللَّهِ يَسِيرٗا</textIndopak>
    <translations>
      <translation>
        <author>Dr. Mustafa Khattab, the Clear Quran</author>
        <text>O wives of the Prophet! If any of you were to commit a blatant misconduct, the punishment would be doubled for her. And that is easy for Allah.</text>
      </translation>
    </translations>
    <rules>[{"start": 14, "end": 17, "rule_id": 0}, {"start": 39, "end": 42, "rule_id": 0}, {"start": 55, "end": 58, "rule_id": 0}, {"start": 25, "end": 29, "rule_id": 3}, {"start": 52, "end": 58, "rule_id": 3}, {"start": 65, "end": 70, "rule_id": 3}, {"start": 36, "end": 39, "rule_id": 6}]</rules>
  </verse>
  <verse>
    <verseIdArabic>٣١</verseIdArabic>
    <verseId>31</verseId>
    <chapterId>33</chapterId>
    <textIndopak>۞ وَمَن يَقۡنُتۡ مِنكُنَّ لِلَّهِ وَرَسُولِهِۦ وَتَعۡمَلۡ صَٰلِحٗا نُّؤۡتِهَآ أَجۡرَهَا مَرَّتَيۡنِ وَأَعۡتَدۡنَا لَهَا رِزۡقٗا كَرِيمٗا</textIndopak>
    <translations>
      <translation>
        <author>Dr. Mustafa Khattab, the Clear Quran</author>
        <text>And whoever of you devoutly obeys Allah and His Messenger and does good, We will grant her double the reward, and We have prepared for her an honourable provision.</text>
      </translation>
    </translations>
    <rules>[{"start": 22, "end": 25, "rule_id": 0}, {"start": 67, "end": 70, "rule_id": 0}, {"start": 10, "end": 12, "rule_id": 1}, {"start": 81, "end": 83, "rule_id": 1}, {"start": 109, "end": 111, "rule_id": 1}, {"start": 6, "end": 10, "rule_id": 3}, {"start": 63, "end": 70, "rule_id": 3}, {"start": 19, "end": 22, "rule_id": 6}]</rules>
  </verse>
  <verse>
    <verseIdArabic>٣٢</verseIdArabic>
    <verseId>32</verseId>
    <chapterId>33</chapterId>
    <textIndopak>يَٰنِسَآءَ ٱلنَّبِيِّ لَسۡتُنَّ كَأَحَدٖ مِّنَ ٱلنِّسَآءِ إِنِ ٱتَّقَيۡتُنَّۚ فَلَا تَخۡضَعۡنَ بِٱلۡقَوۡلِ فَيَطۡمَعَ ٱلَّذِي فِي قَلۡبِهِۦ مَرَضٞ وَقُلۡنَ قَوۡلٗا مَّعۡرُوفٗا</textIndopak>
    <translations>
      <translation>
        <author>Dr. Mustafa Khattab, the Clear Quran</author>
        <text>O wives of the Prophet! You are not like any other women: if you are mindful ˹of Allah˺, then do not be overly effeminate in speech ˹with men˺ or those with sickness in their hearts may be tempted, but speak in a moderate tone.</text>
      </translation>
    </translations>
    <rules>[{"start": 14, "end": 17, "rule_id": 0}, {"start": 29, "end": 32, "rule_id": 0}, {"start": 42, "end": 45, "rule_id": 0}, {"start": 50, "end": 53, "rule_id": 0}, {"start": 77, "end": 80, "rule_id": 0}, {"start": 167, "end": 170, "rule_id": 0}, {"start": 114, "end": 116, "rule_id": 1}, {"start": 39, "end": 45, "rule_id": 3}, {"start": 147, "end": 152, "rule_id": 3}, {"start": 163, "end": 170, "rule_id": 3}]</rules>
  </verse>
  <verse>
    <verseIdArabic>٣٣</verseIdArabic>
    <verseId>33</verseId>
    <chapterId>33</chapterId>
    <textIndopak>وَقَرۡنَ فِي بُيُوتِكُنَّ وَلَا تَبَرَّجۡنَ تَبَرُّجَ ٱلۡجَٰهِلِيَّةِ ٱلۡأُولَىٰۖ وَأَقِمۡنَ ٱلصَّلَوٰةَ وَءَاتِينَ ٱلزَّكَوٰةَ وَأَطِعۡنَ ٱللَّهَ وَرَسُولَهُۥٓۚ إِنَّمَا يُرِيدُ ٱللَّهُ لِيُذۡهِبَ عَنكُمُ ٱلرِّجۡسَ أَهۡلَ ٱلۡبَيۡتِ وَيُطَهِّرَكُمۡ تَطۡهِيرٗا</textIndopak>
    <translations>
      <translation>
        <author>Dr. Mustafa Khattab, the Clear Quran</author>
        <text>Settle in your homes, and do not display yourselves as women did in the days of ˹pre-Islamic˺ ignorance. Establish prayer, pay alms-tax, and obey Allah and His Messenger. Allah only intends to keep ˹the causes of˺ evil away from you and purify you completely, O members of the ˹Prophet’s˺ family!</text>
      </translation>
    </translations>
    <rules>[{"start": 22, "end": 25, "rule_id": 0}, {"start": 166, "end": 169, "rule_id": 0}, {"start": 39, "end": 41, "rule_id": 1}, {"start": 213, "end": 215, "rule_id": 1}, {"start": 253, "end": 255, "rule_id": 1}, {"start": 202, "end": 205, "rule_id": 6}]</rules>
  </verse>
  <verse>
    <verseIdArabic>٣٤</verseIdArabic>
    <verseId>34</verseId>
    <chapterId>33</chapterId>
    <textIndopak>وَٱذۡكُرۡنَ مَا يُتۡلَىٰ فِي بُيُوتِكُنَّ مِنۡ ءَايَٰتِ ٱللَّهِ وَٱلۡحِكۡمَةِۚ إِنَّ ٱللَّهَ كَانَ لَطِيفًا خَبِيرًا</textIndopak>
    <translations>
      <translation>
        <author>Dr. Mustafa Khattab, the Clear Quran</author>
        <text>˹Always˺ remember what is recited in your homes of Allah’s revelations and ˹prophetic˺ wisdom. Surely Allah is Most Subtle, All-Aware.</text>
      </translation>
    </translations>
    <rules>[{"start": 38, "end": 41, "rule_id": 0}, {"start": 82, "end": 85, "rule_id": 0}]</rules>
  </verse>
  <verse>
    <verseIdArabic>٣٥</verseIdArabic>
    <verseId>35</verseId>
    <chapterId>33</chapterId>
    <textIndopak>إِنَّ ٱلۡمُسۡلِمِينَ وَٱلۡمُسۡلِمَٰتِ وَٱلۡمُؤۡمِنِينَ وَٱلۡمُؤۡمِنَٰتِ وَٱلۡقَٰنِتِينَ وَٱلۡقَٰنِتَٰتِ وَٱلصَّٰدِقِينَ وَٱلصَّٰدِقَٰتِ وَٱلصَّٰبِرِينَ وَٱلصَّٰبِرَٰتِ وَٱلۡخَٰشِعِينَ وَٱلۡخَٰشِعَٰتِ وَٱلۡمُتَصَدِّقِينَ وَٱلۡمُتَصَدِّقَٰتِ وَٱلصَّٰٓئِمِينَ وَٱلصَّٰٓئِمَٰتِ وَٱلۡحَٰفِظِينَ فُرُوجَهُمۡ وَٱلۡحَٰفِظَٰتِ وَٱلذَّٰكِرِينَ ٱللَّهَ كَثِيرٗا وَٱلذَّٰكِرَٰتِ أَعَدَّ ٱللَّهُ لَهُم مَّغۡفِرَةٗ وَأَجۡرًا عَظِيمٗا</textIndopak>
    <translations>
      <translation>
        <author>Dr. Mustafa Khattab, the Clear Quran</author>
        <text>Surely ˹for˺ Muslim men and women, believing men and women, devout men and women, truthful men and women, patient men and women, humble men and women, charitable men and women, fasting men and women, men and women who guard their chastity, and men and women who remember Allah often—for ˹all of˺ them Allah has prepared forgiveness and a great reward.</text>
      </translation>
    </translations>
    <rules>[{"start": 2, "end": 5, "rule_id": 0}, {"start": 389, "end": 392, "rule_id": 0}, {"start": 405, "end": 407, "rule_id": 1}, {"start": 347, "end": 353, "rule_id": 3}, {"start": 398, "end": 403, "rule_id": 3}, {"start": 387, "end": 392, "rule_id": 4}]</rules>
  </verse>
  <verse>
    <verseIdArabic>٣٦</verseIdArabic>
    <verseId>36</verseId>
    <chapterId>33</chapterId>
    <textIndopak>وَمَا كَانَ لِمُؤۡمِنٖ وَلَا مُؤۡمِنَةٍ إِذَا قَضَى ٱللَّهُ وَرَسُولُهُۥٓ أَمۡرًا أَن يَكُونَ لَهُمُ ٱلۡخِيَرَةُ مِنۡ أَمۡرِهِمۡۗ وَمَن يَعۡصِ ٱللَّهَ وَرَسُولَهُۥ فَقَدۡ ضَلَّ ضَلَٰلٗا مُّبِينٗا</textIndopak>
    <translations>
      <translation>
        <author>Dr. Mustafa Khattab, the Clear Quran</author>
        <text>It is not for a believing man or woman—when Allah and His Messenger decree a matter—to have any other choice in that matter. Indeed, whoever disobeys Allah and His Messenger has clearly gone ˹far˺ astray.</text>
      </translation>
    </translations>
    <rules>[{"start": 187, "end": 190, "rule_id": 0}, {"start": 169, "end": 171, "rule_id": 1}, {"start": 84, "end": 88, "rule_id": 3}, {"start": 135, "end": 139, "rule_id": 3}, {"start": 20, "end": 25, "rule_id": 3}, {"start": 183, "end": 190, "rule_id": 3}]</rules>
  </verse>
  <verse>
    <verseIdArabic>٣٧</verseIdArabic>
    <verseId>37</verseId>
    <chapterId>33</chapterId>
    <textIndopak>وَإِذۡ تَقُولُ لِلَّذِيٓ أَنۡعَمَ ٱللَّهُ عَلَيۡهِ وَأَنۡعَمۡتَ عَلَيۡهِ أَمۡسِكۡ عَلَيۡكَ زَوۡجَكَ وَٱتَّقِ ٱللَّهَ وَتُخۡفِي فِي نَفۡسِكَ مَا ٱللَّهُ مُبۡدِيهِ وَتَخۡشَى ٱلنَّاسَ وَٱللَّهُ أَحَقُّ أَن تَخۡشَىٰهُۖ فَلَمَّا قَضَىٰ زَيۡدٞ مِّنۡهَا وَطَرٗا زَوَّجۡنَٰكَهَا لِكَيۡ لَا يَكُونَ عَلَى ٱلۡمُؤۡمِنِينَ حَرَجٞ فِيٓ أَزۡوَٰجِ أَدۡعِيَآئِهِمۡ إِذَا قَضَوۡاْ مِنۡهُنَّ وَطَرٗاۚ وَكَانَ أَمۡرُ ٱللَّهِ مَفۡعُولٗا</textIndopak>
    <translations>
      <translation>
        <author>Dr. Mustafa Khattab, the Clear Quran</author>
        <text>And ˹remember, O Prophet,˺ when you said to the one for whom Allah has done a favour and you ˹too˺ have done a favour, “Keep your wife and fear Allah,” while concealing within yourself what Allah was going to reveal. And ˹so˺ you were considering the people, whereas Allah was more worthy of your consideration. So when Zaid totally lost interest in ˹keeping˺ his wife, We gave her to you in marriage, so that there would be no blame on the believers for marrying the ex-wives of their adopted sons after their divorce. And Allah’s command is totally binding.</text>
      </translation>
    </translations>
    <rules>[{"start": 174, "end": 177, "rule_id": 0}, {"start": 220, "end": 223, "rule_id": 0}, {"start": 239, "end": 242, "rule_id": 0}, {"start": 372, "end": 375, "rule_id": 0}, {"start": 154, "end": 156, "rule_id": 1}, {"start": 261, "end": 263, "rule_id": 1}, {"start": 336, "end": 338, "rule_id": 1}, {"start": 236, "end": 242, "rule_id": 3}, {"start": 201, "end": 205, "rule_id": 6}, {"start": 316, "end": 321, "rule_id": 6}]</rules>
  </verse>
  <verse>
    <verseIdArabic>٣٨</verseIdArabic>
    <verseId>38</verseId>
    <chapterId>33</chapterId>
    <textIndopak>مَّا كَانَ عَلَى ٱلنَّبِيِّ مِنۡ حَرَجٖ فِيمَا فَرَضَ ٱللَّهُ لَهُۥۖ سُنَّةَ ٱللَّهِ فِي ٱلَّذِينَ خَلَوۡاْ مِن قَبۡلُۚ وَكَانَ أَمۡرُ ٱللَّهِ قَدَرٗا مَّقۡدُورًا</textIndopak>
    <translations>
      <translation>
        <author>Dr. Mustafa Khattab, the Clear Quran</author>
        <text>There is no blame on the Prophet for doing what Allah has ordained for him. That has been the way of Allah with those ˹prophets˺ who had gone before. And Allah’s command has been firmly decreed.</text>
      </translation>
    </translations>
    <rules>[{"start": 0, "end": 3, "rule_id": 0}, {"start": 19, "end": 22, "rule_id": 0}, {"start": 72, "end": 75, "rule_id": 0}, {"start": 153, "end": 156, "rule_id": 0}, {"start": 115, "end": 117, "rule_id": 1}, {"start": 156, "end": 158, "rule_id": 1}, {"start": 149, "end": 156, "rule_id": 3}, {"start": 111, "end": 115, "rule_id": 6}, {"start": 37, "end": 42, "rule_id": 6}]</rules>
  </verse>
  <verse>
    <verseIdArabic>٣٩</verseIdArabic>
    <verseId>39</verseId>
    <chapterId>33</chapterId>
    <textIndopak>ٱلَّذِينَ يُبَلِّغُونَ رِسَٰلَٰتِ ٱللَّهِ وَيَخۡشَوۡنَهُۥ وَلَا يَخۡشَوۡنَ أَحَدًا إِلَّا ٱللَّهَۗ وَكَفَىٰ بِٱللَّهِ حَسِيبٗا</textIndopak>
    <translations>
      <translation>
        <author>Dr. Mustafa Khattab, the Clear Quran</author>
        <text>˹That is His way with˺ those ˹prophets˺ who deliver the messages of Allah, and consider Him, and none but Allah. And sufficient is Allah as a ˹vigilant˺ Reckoner.</text>
      </translation>
    </translations>
  </verse>
  <verse>
    <verseIdArabic>٤٠</verseIdArabic>
    <verseId>40</verseId>
    <chapterId>33</chapterId>
    <textIndopak>مَّا كَانَ مُحَمَّدٌ أَبَآ أَحَدٖ مِّن رِّجَالِكُمۡ وَلَٰكِن رَّسُولَ ٱللَّهِ وَخَاتَمَ ٱلنَّبِيِّـۧنَۗ وَكَانَ ٱللَّهُ بِكُلِّ شَيۡءٍ عَلِيمٗا</textIndopak>
    <translations>
      <translation>
        <author>Dr. Mustafa Khattab, the Clear Quran</author>
        <text>Muḥammad is not the father of any of your men, but is the Messenger of Allah and the seal of the prophets. And Allah has ˹perfect˺ knowledge of all things.</text>
      </translation>
    </translations>
    <rules>[{"start": 0, "end": 3, "rule_id": 0}, {"start": 15, "end": 18, "rule_id": 0}, {"start": 35, "end": 38, "rule_id": 0}, {"start": 91, "end": 94, "rule_id": 0}, {"start": 32, "end": 38, "rule_id": 3}, {"start": 38, "end": 43, "rule_id": 5}, {"start": 60, "end": 65, "rule_id": 5}]</rules>
  </verse>
  <verse>
    <verseIdArabic>٤١</verseIdArabic>
    <verseId>41</verseId>
    <chapterId>33</chapterId>
    <textIndopak>يَٰٓأَيُّهَا ٱلَّذِينَ ءَامَنُواْ ٱذۡكُرُواْ ٱللَّهَ ذِكۡرٗا كَثِيرٗا</textIndopak>
    <translations>
      <translation>
        <author>Dr. Mustafa Khattab, the Clear Quran</author>
        <text>O believers! Always remember Allah often,</text>
      </translation>
    </translations>
  </verse>
  <verse>
    <verseIdArabic>٤٢</verseIdArabic>
    <verseId>42</verseId>
    <chapterId>33</chapterId>
    <textIndopak>وَسَبِّحُوهُ بُكۡرَةٗ وَأَصِيلًا</textIndopak>
    <translations>
      <translation>
        <author>Dr. Mustafa Khattab, the Clear Quran</author>
        <text>and glorify Him morning and evening.</text>
      </translation>
    </translations>
    <rules>[{"start": 19, "end": 24, "rule_id": 3}]</rules>
  </verse>
  <verse>
    <verseIdArabic>٤٣</verseIdArabic>
    <verseId>43</verseId>
    <chapterId>33</chapterId>
    <textIndopak>هُوَ ٱلَّذِي يُصَلِّي عَلَيۡكُمۡ وَمَلَٰٓئِكَتُهُۥ لِيُخۡرِجَكُم مِّنَ ٱلظُّلُمَٰتِ إِلَى ٱلنُّورِۚ وَكَانَ بِٱلۡمُؤۡمِنِينَ رَحِيمٗا</textIndopak>
    <translations>
      <translation>
        <author>Dr. Mustafa Khattab, the Clear Quran</author>
        <text>He is the One Who showers His blessings upon you—and His angels pray for you—so that He may bring you out of darkness and into light. For He is ever Merciful to the believers.</text>
      </translation>
    </translations>
    <rules>[{"start": 65, "end": 68, "rule_id": 0}, {"start": 92, "end": 95, "rule_id": 0}, {"start": 63, "end": 68, "rule_id": 4}]</rules>
  </verse>
  <verse>
    <verseIdArabic>٤٤</verseIdArabic>
    <verseId>44</verseId>
    <chapterId>33</chapterId>
    <textIndopak>تَحِيَّتُهُمۡ يَوۡمَ يَلۡقَوۡنَهُۥ سَلَٰمٞۚ وَأَعَدَّ لَهُمۡ أَجۡرٗا كَرِيمٗا</textIndopak>
    <translations>
      <translation>
        <author>Dr. Mustafa Khattab, the Clear Quran</author>
        <text>Their greeting on the Day they meet Him will be, “Peace!” And He has prepared for them an honourable reward.</text>
      </translation>
    </translations>
    <rules>[{"start": 64, "end": 66, "rule_id": 1}]</rules>
  </verse>
  <verse>
    <verseIdArabic>٤٥</verseIdArabic>
    <verseId>45</verseId>
    <chapterId>33</chapterId>
    <textIndopak>يَٰٓأَيُّهَا ٱلنَّبِيُّ إِنَّآ أَرۡسَلۡنَٰكَ شَٰهِدٗا وَمُبَشِّرٗا وَنَذِيرٗا</textIndopak>
    <translations>
      <translation>
        <author>Dr. Mustafa Khattab, the Clear Quran</author>
        <text>O Prophet! We have sent you as a witness, and a deliverer of good news, and a warner,</text>
      </translation>
    </translations>
    <rules>[{"start": 15, "end": 18, "rule_id": 0}, {"start": 26, "end": 29, "rule_id": 0}, {"start": 51, "end": 57, "rule_id": 3}, {"start": 64, "end": 70, "rule_id": 3}]</rules>
  </verse>
  <verse>
    <verseIdArabic>٤٦</verseIdArabic>
    <verseId>46</verseId>
    <chapterId>33</chapterId>
    <textIndopak>وَدَاعِيًا إِلَى ٱللَّهِ بِإِذۡنِهِۦ وَسِرَاجٗا مُّنِيرٗا</textIndopak>
    <translations>
      <translation>
        <author>Dr. Mustafa Khattab, the Clear Quran</author>
        <text>and a caller to ˹the Way of˺ Allah by His command, and a beacon of light.</text>
      </translation>
    </translations>
    <rules>[{"start": 48, "end": 51, "rule_id": 0}, {"start": 44, "end": 51, "rule_id": 3}]</rules>
  </verse>
  <verse>
    <verseIdArabic>٤٧</verseIdArabic>
    <verseId>47</verseId>
    <chapterId>33</chapterId>
    <textIndopak>وَبَشِّرِ ٱلۡمُؤۡمِنِينَ بِأَنَّ لَهُم مِّنَ ٱللَّهِ فَضۡلٗا كَبِيرٗا</textIndopak>
    <translations>
      <translation>
        <author>Dr. Mustafa Khattab, the Clear Quran</author>
        <text>Give good news to the believers that they will have a great bounty from Allah.</text>
      </translation>
    </translations>
    <rules>[{"start": 29, "end": 32, "rule_id": 0}, {"start": 39, "end": 42, "rule_id": 0}, {"start": 37, "end": 42, "rule_id": 4}]</rules>
  </verse>
  <verse>
    <verseIdArabic>٤٨</verseIdArabic>
    <verseId>48</verseId>
    <chapterId>33</chapterId>
    <textIndopak>وَلَا تُطِعِ ٱلۡكَٰفِرِينَ وَٱلۡمُنَٰفِقِينَ وَدَعۡ أَذَىٰهُمۡ وَتَوَكَّلۡ عَلَى ٱللَّهِۚ وَكَفَىٰ بِٱللَّهِ وَكِيلٗا</textIndopak>
    <translations>
      <translation>
        <author>Dr. Mustafa Khattab, the Clear Quran</author>
        <text>Do not yield to the disbelievers and the hypocrites. Overlook their annoyances, and put your trust in Allah. For Allah is sufficient as a Trustee of Affairs.</text>
      </translation>
    </translations>
  </verse>
  <verse>
    <verseIdArabic>٤٩</verseIdArabic>
    <verseId>49</verseId>
    <chapterId>33</chapterId>
    <textIndopak>يَٰٓأَيُّهَا ٱلَّذِينَ ءَامَنُوٓاْ إِذَا نَكَحۡتُمُ ٱلۡمُؤۡمِنَٰتِ ثُمَّ طَلَّقۡتُمُوهُنَّ مِن قَبۡلِ أَن تَمَسُّوهُنَّ فَمَا لَكُمۡ عَلَيۡهِنَّ مِنۡ عِدَّةٖ تَعۡتَدُّونَهَاۖ فَمَتِّعُوهُنَّ وَسَرِّحُوهُنَّ سَرَاحٗا جَمِيلٗا</textIndopak>
    <translations>
      <translation>
        <author>Dr. Mustafa Khattab, the Clear Quran</author>
        <text>O believers! If you marry believing women and then divorce them before you touch them, they will have no waiting period for you to count, so give them a ˹suitable˺ compensation, and let them go graciously.</text>
      </translation>
    </translations>
    <rules>[{"start": 69, "end": 72, "rule_id": 0}, {"start": 87, "end": 90, "rule_id": 0}, {"start": 116, "end": 119, "rule_id": 0}, {"start": 141, "end": 144, "rule_id": 0}, {"start": 188, "end": 191, "rule_id": 0}, {"start": 204, "end": 207, "rule_id": 0}, {"start": 78, "end": 80, "rule_id": 1}, {"start": 97, "end": 99, "rule_id": 1}, {"start": 93, "end": 97, "rule_id": 6}, {"start": 104, "end": 108, "rule_id": 6}, {"start": 155, "end": 160, "rule_id": 6}]</rules>
  </verse>
  <verse>
    <verseIdArabic>٥٠</verseIdArabic>
    <verseId>50</verseId>
    <chapterId>33</chapterId>
    <textIndopak>يَٰٓأَيُّهَا ٱلنَّبِيُّ إِنَّآ أَحۡلَلۡنَا لَكَ أَزۡوَٰجَكَ ٱلَّٰتِيٓ ءَاتَيۡتَ أُجُورَهُنَّ وَمَا مَلَكَتۡ يَمِينُكَ مِمَّآ أَفَآءَ ٱللَّهُ عَلَيۡكَ وَبَنَاتِ عَمِّكَ وَبَنَاتِ عَمَّٰتِكَ وَبَنَاتِ خَالِكَ وَبَنَاتِ خَٰلَٰتِكَ ٱلَّٰتِي هَاجَرۡنَ مَعَكَ وَٱمۡرَأَةٗ مُّؤۡمِنَةً إِن وَهَبَتۡ نَفۡسَهَا لِلنَّبِيِّ إِنۡ أَرَادَ ٱلنَّبِيُّ أَن يَسۡتَنكِحَهَا خَالِصَةٗ لَّكَ مِن دُونِ ٱلۡمُؤۡمِنِينَۗ قَدۡ عَلِمۡنَا مَا فَرَضۡنَا عَلَيۡهِمۡ فِيٓ أَزۡوَٰجِهِمۡ وَمَا مَلَكَتۡ أَيۡمَٰنُهُمۡ لِكَيۡلَا يَكُونَ عَلَيۡكَ حَرَجٞۗ وَكَانَ ٱللَّهُ غَفُورٗا رَّحِيمٗا</textIndopak>
    <translations>
      <translation>
        <author>Dr. Mustafa Khattab, the Clear Quran</author>
        <text>O Prophet! We have made lawful for you your wives to whom you have paid their ˹full˺ dowries as well as those ˹bondwomen˺ in your possession, whom Allah has granted you. And ˹you are allowed to marry˺ the daughters of your paternal uncles and aunts, and the daughters of your maternal uncles and aunts, who have emigrated like you. Also ˹allowed for marriage is˺ a believing woman who offers herself to the Prophet ˹without dowry˺ if he is interested in marrying her—˹this is˺ exclusively for you, not for the rest of the believers. We know well what ˹rulings˺ We have ordained for the believers in relation to their wives and those ˹bondwomen˺ in their possession. As such, there would be no blame on you. And Allah is All-Forgiving, Most Merciful.</text>
      </translation>
    </translations>
    <rules>[{"start": 15, "end": 18, "rule_id": 0}, {"start": 26, "end": 29, "rule_id": 0}, {"start": 90, "end": 93, "rule_id": 0}, {"start": 121, "end": 124, "rule_id": 0}, {"start": 165, "end": 168, "rule_id": 0}, {"start": 183, "end": 187, "rule_id": 0}, {"start": 269, "end": 272, "rule_id": 0}, {"start": 307, "end": 310, "rule_id": 0}, {"start": 331, "end": 334, "rule_id": 0}, {"start": 404, "end": 406, "rule_id": 1}, {"start": 283, "end": 287, "rule_id": 3}, {"start": 342, "end": 346, "rule_id": 3}, {"start": 266, "end": 272, "rule_id": 3}, {"start": 366, "end": 372, "rule_id": 5}, {"start": 547, "end": 554, "rule_id": 5}, {"start": 350, "end": 353, "rule_id": 6}, {"start": 377, "end": 381, "rule_id": 6}]</rules>
  </verse>
  <verse>
    <verseIdArabic>٥١</verseIdArabic>
    <verseId>51</verseId>
    <chapterId>33</chapterId>
    <textIndopak>۞ تُرۡجِي مَن تَشَآءُ مِنۡهُنَّ وَتُـٔۡوِيٓ إِلَيۡكَ مَن تَشَآءُۖ وَمَنِ ٱبۡتَغَيۡتَ مِمَّنۡ عَزَلۡتَ فَلَا جُنَاحَ عَلَيۡكَۚ ذَٰلِكَ أَدۡنَىٰٓ أَن تَقَرَّ أَعۡيُنُهُنَّ وَلَا يَحۡزَنَّ وَيَرۡضَيۡنَ بِمَآ ءَاتَيۡتَهُنَّ كُلُّهُنَّۚ وَٱللَّهُ يَعۡلَمُ مَا فِي قُلُوبِكُمۡۚ وَكَانَ ٱللَّهُ عَلِيمًا حَلِيمٗا</textIndopak>
    <translations>
      <translation>
        <author>Dr. Mustafa Khattab, the Clear Quran</author>
        <text>It is up to you ˹O Prophet˺ to delay or receive whoever you please of your wives. There is no blame on you if you call back any of those you have set aside. That is more likely that they will be content, not grieved, and satisfied with what you offer them all. Allah ˹fully˺ knows what is in your hearts. And Allah is All-Knowing, Most Forbearing.</text>
      </translation>
    </translations>
    <rules>[{"start": 29, "end": 32, "rule_id": 0}, {"start": 90, "end": 93, "rule_id": 0}, {"start": 170, "end": 173, "rule_id": 0}, {"start": 186, "end": 189, "rule_id": 0}, {"start": 221, "end": 224, "rule_id": 0}, {"start": 232, "end": 235, "rule_id": 0}, {"start": 77, "end": 79, "rule_id": 1}, {"start": 140, "end": 142, "rule_id": 1}, {"start": 12, "end": 16, "rule_id": 6}, {"start": 56, "end": 60, "rule_id": 6}, {"start": 150, "end": 154, "rule_id": 6}]</rules>
  </verse>
  <verse>
    <verseIdArabic>٥٢</verseIdArabic>
    <verseId>52</verseId>
    <chapterId>33</chapterId>
    <textIndopak>لَّا يَحِلُّ لَكَ ٱلنِّسَآءُ مِنۢ بَعۡدُ وَلَآ أَن تَبَدَّلَ بِهِنَّ مِنۡ أَزۡوَٰجٖ وَلَوۡ أَعۡجَبَكَ حُسۡنُهُنَّ إِلَّا مَا مَلَكَتۡ يَمِينُكَۗ وَكَانَ ٱللَّهُ عَلَىٰ كُلِّ شَيۡءٖ رَّقِيبٗا</textIndopak>
    <translations>
      <translation>
        <author>Dr. Mustafa Khattab, the Clear Quran</author>
        <text>It is not lawful for you ˹O Prophet˺ to marry more women after this, nor can you replace any of your present wives with another, even if her beauty may attract you—except those ˹bondwomen˺ in your possession. And Allah is ever Watchful over all things.</text>
      </translation>
    </translations>
    <rules>[{"start": 20, "end": 23, "rule_id": 0}, {"start": 67, "end": 70, "rule_id": 0}, {"start": 112, "end": 115, "rule_id": 0}, {"start": 32, "end": 37, "rule_id": 2}, {"start": 83, "end": 88, "rule_id": 3}, {"start": 181, "end": 187, "rule_id": 5}, {"start": 51, "end": 55, "rule_id": 6}]</rules>
  </verse>
  <verse>
    <verseIdArabic>٥٣</verseIdArabic>
    <verseId>53</verseId>
    <chapterId>33</chapterId>
    <textIndopak>يَٰٓأَيُّهَا ٱلَّذِينَ ءَامَنُواْ لَا تَدۡخُلُواْ بُيُوتَ ٱلنَّبِيِّ إِلَّآ أَن يُؤۡذَنَ لَكُمۡ إِلَىٰ طَعَامٍ غَيۡرَ نَٰظِرِينَ إِنَىٰهُ وَلَٰكِنۡ إِذَا دُعِيتُمۡ فَٱدۡخُلُواْ فَإِذَا طَعِمۡتُمۡ فَٱنتَشِرُواْ وَلَا مُسۡتَـٔۡنِسِينَ لِحَدِيثٍۚ إِنَّ ذَٰلِكُمۡ كَانَ يُؤۡذِي ٱلنَّبِيَّ فَيَسۡتَحۡيِۦ مِنكُمۡۖ وَٱللَّهُ لَا يَسۡتَحۡيِۦ مِنَ ٱلۡحَقِّۚ وَإِذَا سَأَلۡتُمُوهُنَّ مَتَٰعٗا فَسۡـَٔلُوهُنَّ مِن وَرَآءِ حِجَابٖۚ ذَٰلِكُمۡ أَطۡهَرُ لِقُلُوبِكُمۡ وَقُلُوبِهِنَّۚ وَمَا كَانَ لَكُمۡ أَن تُؤۡذُواْ رَسُولَ ٱللَّهِ وَلَآ أَن تَنكِحُوٓاْ أَزۡوَٰجَهُۥ مِنۢ بَعۡدِهِۦٓ أَبَدًاۚ إِنَّ ذَٰلِكُمۡ كَانَ عِندَ ٱللَّهِ عَظِيمًا</textIndopak>
    <translations>
      <translation>
        <author>Dr. Mustafa Khattab, the Clear Quran</author>
        <text>O believers! Do not enter the homes of the Prophet without permission ˹and if invited˺ for a meal, do not ˹come too early and˺ linger until the meal is ready. But if you are invited, then enter ˹on time˺. Once you have eaten, then go on your way, and do not stay for casual talk. Such behaviour is truly annoying to the Prophet, yet he is too shy to ask you to leave. But Allah is never shy of the truth. And when you ˹believers˺ ask his wives for something, ask them from behind a barrier. This is purer for your hearts and theirs. And it is not right for you to annoy the Messenger of Allah, nor ever marry his wives after him. This would certainly be a major offence in the sight of Allah.</text>
      </translation>
    </translations>
    <rules>[{"start": 60, "end": 63, "rule_id": 0}, {"start": 248, "end": 251, "rule_id": 0}, {"start": 278, "end": 281, "rule_id": 0}, {"start": 374, "end": 377, "rule_id": 0}, {"start": 399, "end": 402, "rule_id": 0}, {"start": 470, "end": 473, "rule_id": 0}, {"start": 589, "end": 592, "rule_id": 0}, {"start": 40, "end": 42, "rule_id": 1}, {"start": 168, "end": 170, "rule_id": 1}, {"start": 438, "end": 440, "rule_id": 1}, {"start": 563, "end": 568, "rule_id": 2}, {"start": 79, "end": 83, "rule_id": 3}, {"start": 405, "end": 409, "rule_id": 3}, {"start": 200, "end": 203, "rule_id": 6}, {"start": 303, "end": 306, "rule_id": 6}, {"start": 497, "end": 501, "rule_id": 6}, {"start": 534, "end": 538, "rule_id": 6}, {"start": 538, "end": 541, "rule_id": 6}, {"start": 611, "end": 614, "rule_id": 6}]</rules>
  </verse>
  <verse>
    <verseIdArabic>٥٤</verseIdArabic>
    <verseId>54</verseId>
    <chapterId>33</chapterId>
    <textIndopak>إِن تُبۡدُواْ شَيۡـًٔا أَوۡ تُخۡفُوهُ فَإِنَّ ٱللَّهَ كَانَ بِكُلِّ شَيۡءٍ عَلِيمٗا</textIndopak>
    <translations>
      <translation>
        <author>Dr. Mustafa Khattab, the Clear Quran</author>
        <text>Whether you reveal something or conceal it, surely Allah has ˹perfect˺ knowledge of all things.</text>
      </translation>
    </translations>
    <rules>[{"start": 42, "end": 45, "rule_id": 0}, {"start": 6, "end": 8, "rule_id": 1}, {"start": 2, "end": 6, "rule_id": 6}]</rules>
  </verse>
  <verse>
    <verseIdArabic>٥٥</verseIdArabic>
    <verseId>55</verseId>
    <chapterId>33</chapterId>
    <textIndopak>لَّا جُنَاحَ عَلَيۡهِنَّ فِيٓ ءَابَآئِهِنَّ وَلَآ أَبۡنَآئِهِنَّ وَلَآ إِخۡوَٰنِهِنَّ وَلَآ أَبۡنَآءِ إِخۡوَٰنِهِنَّ وَلَآ أَبۡنَآءِ أَخَوَٰتِهِنَّ وَلَا نِسَآئِهِنَّ وَلَا مَا مَلَكَتۡ أَيۡمَٰنُهُنَّۗ وَٱتَّقِينَ ٱللَّهَۚ إِنَّ ٱللَّهَ كَانَ عَلَىٰ كُلِّ شَيۡءٖ شَهِيدًا</textIndopak>
    <translations>
      <translation>
        <author>Dr. Mustafa Khattab, the Clear Quran</author>
        <text>There is no blame on the Prophet’s wives ˹if they appear unveiled˺ before their fathers, their sons, their brothers, their brothers’ sons, their sisters’ sons, their fellow ˹Muslim˺ women, and those ˹bondspeople˺ in their possession. And be mindful of Allah ˹O wives of the Prophet!˺ Surely Allah is a Witness over all things.</text>
      </translation>
    </translations>
    <rules>[{"start": 21, "end": 24, "rule_id": 0}, {"start": 41, "end": 44, "rule_id": 0}, {"start": 64, "end": 67, "rule_id": 0}, {"start": 86, "end": 89, "rule_id": 0}, {"start": 119, "end": 122, "rule_id": 0}, {"start": 152, "end": 155, "rule_id": 0}, {"start": 172, "end": 175, "rule_id": 0}, {"start": 206, "end": 209, "rule_id": 0}, {"start": 236, "end": 239, "rule_id": 0}, {"start": 54, "end": 56, "rule_id": 1}, {"start": 99, "end": 101, "rule_id": 1}, {"start": 132, "end": 134, "rule_id": 1}, {"start": 271, "end": 276, "rule_id": 6}]</rules>
  </verse>
  <verse>
    <verseIdArabic>٥٦</verseIdArabic>
    <verseId>56</verseId>
    <chapterId>33</chapterId>
    <textIndopak>إِنَّ ٱللَّهَ وَمَلَٰٓئِكَتَهُۥ يُصَلُّونَ عَلَى ٱلنَّبِيِّۚ يَٰٓأَيُّهَا ٱلَّذِينَ ءَامَنُواْ صَلُّواْ عَلَيۡهِ وَسَلِّمُواْ تَسۡلِيمًا</textIndopak>
    <translations>
      <translation>
        <author>Dr. Mustafa Khattab, the Clear Quran</author>
        <text>Indeed, Allah showers His blessings upon the Prophet, and His angels pray for him. O believers! Invoke Allah’s blessings upon him, and salute him with worthy greetings of peace.</text>
      </translation>
    </translations>
    <rules>[{"start": 2, "end": 5, "rule_id": 0}, {"start": 51, "end": 54, "rule_id": 0}]</rules>
  </verse>
  <verse>
    <verseIdArabic>٥٧</verseIdArabic>
    <verseId>57</verseId>
    <chapterId>33</chapterId>
    <textIndopak>إِنَّ ٱلَّذِينَ يُؤۡذُونَ ٱللَّهَ وَرَسُولَهُۥ لَعَنَهُمُ ٱللَّهُ فِي ٱلدُّنۡيَا وَٱلۡأٓخِرَةِ وَأَعَدَّ لَهُمۡ عَذَابٗا مُّهِينٗا</textIndopak>
    <translations>
      <translation>
        <author>Dr. Mustafa Khattab, the Clear Quran</author>
        <text>Surely those who offend Allah and His Messenger are condemned by Allah in this world and the Hereafter. And He has prepared for them a humiliating punishment.</text>
      </translation>
    </translations>
    <rules>[{"start": 2, "end": 5, "rule_id": 0}, {"start": 122, "end": 125, "rule_id": 0}, {"start": 118, "end": 125, "rule_id": 3}]</rules>
  </verse>
  <verse>
    <verseIdArabic>٥٨</verseIdArabic>
    <verseId>58</verseId>
    <chapterId>33</chapterId>
    <textIndopak>وَٱلَّذِينَ يُؤۡذُونَ ٱلۡمُؤۡمِنِينَ وَٱلۡمُؤۡمِنَٰتِ بِغَيۡرِ مَا ٱكۡتَسَبُواْ فَقَدِ ٱحۡتَمَلُواْ بُهۡتَٰنٗا وَإِثۡمٗا مُّبِينٗا</textIndopak>
    <translations>
      <translation>
        <author>Dr. Mustafa Khattab, the Clear Quran</author>
        <text>As for those who abuse believing men and women unjustifiably, they will definitely bear the guilt of slander and blatant sin.</text>
      </translation>
    </translations>
    <rules>[{"start": 121, "end": 124, "rule_id": 0}, {"start": 107, "end": 113, "rule_id": 3}, {"start": 117, "end": 124, "rule_id": 3}]</rules>
  </verse>
  <verse>
    <verseIdArabic>٥٩</verseIdArabic>
    <verseId>59</verseId>
    <chapterId>33</chapterId>
    <textIndopak>يَٰٓأَيُّهَا ٱلنَّبِيُّ قُل لِّأَزۡوَٰجِكَ وَبَنَاتِكَ وَنِسَآءِ ٱلۡمُؤۡمِنِينَ يُدۡنِينَ عَلَيۡهِنَّ مِن جَلَٰبِيبِهِنَّۚ ذَٰلِكَ أَدۡنَىٰٓ أَن يُعۡرَفۡنَ فَلَا يُؤۡذَيۡنَۗ وَكَانَ ٱللَّهُ غَفُورٗا رَّحِيمٗا</textIndopak>
    <translations>
      <translation>
        <author>Dr. Mustafa Khattab, the Clear Quran</author>
        <text>O Prophet! Ask your wives, daughters, and believing women to draw their cloaks over their bodies. In this way it is more likely that they will be recognized ˹as virtuous˺ and not be harassed. And Allah is All-Forgiving, Most Merciful.</text>
      </translation>
    </translations>
    <rules>[{"start": 15, "end": 18, "rule_id": 0}, {"start": 99, "end": 102, "rule_id": 0}, {"start": 119, "end": 122, "rule_id": 0}, {"start": 83, "end": 85, "rule_id": 1}, {"start": 135, "end": 137, "rule_id": 1}, {"start": 145, "end": 149, "rule_id": 3}, {"start": 198, "end": 205, "rule_id": 5}, {"start": 105, "end": 109, "rule_id": 6}]</rules>
  </verse>
  <verse>
    <verseIdArabic>٦٠</verseIdArabic>
    <verseId>60</verseId>
    <chapterId>33</chapterId>
    <textIndopak>۞ لَّئِن لَّمۡ يَنتَهِ ٱلۡمُنَٰفِقُونَ وَٱلَّذِينَ فِي قُلُوبِهِم مَّرَضٞ وَٱلۡمُرۡجِفُونَ فِي ٱلۡمَدِينَةِ لَنُغۡرِيَنَّكَ بِهِمۡ ثُمَّ لَا يُجَاوِرُونَكَ فِيهَآ إِلَّا قَلِيلٗا</textIndopak>
    <translations>
      <translation>
        <author>Dr. Mustafa Khattab, the Clear Quran</author>
        <text>If the hypocrites, and those with sickness in their hearts, and rumour-mongers in Medina do not desist, We will certainly incite you ˹O Prophet˺ against them, and then they will not be your neighbours there any longer.</text>
      </translation>
    </translations>
    <rules>[{"start": 66, "end": 69, "rule_id": 0}, {"start": 118, "end": 121, "rule_id": 0}, {"start": 133, "end": 136, "rule_id": 0}, {"start": 71, "end": 76, "rule_id": 3}, {"start": 64, "end": 69, "rule_id": 4}, {"start": 7, "end": 12, "rule_id": 5}, {"start": 17, "end": 20, "rule_id": 6}]</rules>
  </verse>
  <verse>
    <verseIdArabic>٦١</verseIdArabic>
    <verseId>61</verseId>
    <chapterId>33</chapterId>
    <textIndopak>مَّلۡعُونِينَۖ أَيۡنَمَا ثُقِفُوٓاْ أُخِذُواْ وَقُتِّلُواْ تَقۡتِيلٗا</textIndopak>
    <translations>
      <translation>
        <author>Dr. Mustafa Khattab, the Clear Quran</author>
        <text>˹They deserve to be˺ condemned. ˹If they were to persist,˺ they would get themselves seized and killed relentlessly wherever they are found!</text>
      </translation>
    </translations>
    <rules>[{"start": 0, "end": 3, "rule_id": 0}, {"start": 62, "end": 64, "rule_id": 1}]</rules>
  </verse>
  <verse>
    <verseIdArabic>٦٢</verseIdArabic>
    <verseId>62</verseId>
    <chapterId>33</chapterId>
    <textIndopak>سُنَّةَ ٱللَّهِ فِي ٱلَّذِينَ خَلَوۡاْ مِن قَبۡلُۖ وَلَن تَجِدَ لِسُنَّةِ ٱللَّهِ تَبۡدِيلٗا</textIndopak>
    <translations>
      <translation>
        <author>Dr. Mustafa Khattab, the Clear Quran</author>
        <text>That was Allah’s way with those ˹hypocrites˺ who have gone before. And you will find no change in Allah’s way.</text>
      </translation>
    </translations>
    <rules>[{"start": 2, "end": 5, "rule_id": 0}, {"start": 69, "end": 72, "rule_id": 0}, {"start": 45, "end": 47, "rule_id": 1}, {"start": 85, "end": 87, "rule_id": 1}, {"start": 41, "end": 45, "rule_id": 6}, {"start": 56, "end": 60, "rule_id": 6}]</rules>
  </verse>
  <verse>
    <verseIdArabic>٦٣</verseIdArabic>
    <verseId>63</verseId>
    <chapterId>33</chapterId>
    <textIndopak>يَسۡـَٔلُكَ ٱلنَّاسُ عَنِ ٱلسَّاعَةِۖ قُلۡ إِنَّمَا عِلۡمُهَا عِندَ ٱللَّهِۚ وَمَا يُدۡرِيكَ لَعَلَّ ٱلسَّاعَةَ تَكُونُ قَرِيبًا</textIndopak>
    <translations>
      <translation>
        <author>Dr. Mustafa Khattab, the Clear Quran</author>
        <text>People ask you ˹O Prophet˺ about the Hour. Say, “That knowledge is only with Allah. You never know, perhaps the Hour is near.”</text>
      </translation>
    </translations>
    <rules>[{"start": 14, "end": 17, "rule_id": 0}, {"start": 46, "end": 49, "rule_id": 0}, {"start": 87, "end": 89, "rule_id": 1}, {"start": 65, "end": 68, "rule_id": 6}]</rules>
  </verse>
  <verse>
    <verseIdArabic>٦٤</verseIdArabic>
    <verseId>64</verseId>
    <chapterId>33</chapterId>
    <textIndopak>إِنَّ ٱللَّهَ لَعَنَ ٱلۡكَٰفِرِينَ وَأَعَدَّ لَهُمۡ سَعِيرًا</textIndopak>
    <translations>
      <translation>
        <author>Dr. Mustafa Khattab, the Clear Quran</author>
        <text>Surely Allah condemns the disbelievers, and has prepared for them a blazing Fire,</text>
      </translation>
    </translations>
    <rules>[{"start": 2, "end": 5, "rule_id": 0}]</rules>
  </verse>
  <verse>
    <verseIdArabic>٦٥</verseIdArabic>
    <verseId>65</verseId>
    <chapterId>33</chapterId>
    <textIndopak>خَٰلِدِينَ فِيهَآ أَبَدٗاۖ لَّا يَجِدُونَ وَلِيّٗا وَلَا نَصِيرٗا</textIndopak>
    <translations>
      <translation>
        <author>Dr. Mustafa Khattab, the Clear Quran</author>
        <text>to stay there for ever and ever—never will they find any protector or helper.</text>
      </translation>
    </translations>
    <rules>[{"start": 48, "end": 55, "rule_id": 3}, {"start": 23, "end": 32, "rule_id": 5}]</rules>
  </verse>
  <verse>
    <verseIdArabic>٦٦</verseIdArabic>
    <verseId>66</verseId>
    <chapterId>33</chapterId>
    <textIndopak>يَوۡمَ تُقَلَّبُ وُجُوهُهُمۡ فِي ٱلنَّارِ يَقُولُونَ يَٰلَيۡتَنَآ أَطَعۡنَا ٱللَّهَ وَأَطَعۡنَا ٱلرَّسُولَا۠</textIndopak>
    <translations>
      <translation>
        <author>Dr. Mustafa Khattab, the Clear Quran</author>
        <text>On the Day their faces are ˹constantly˺ flipped in the Fire, they will cry, “Oh! If only we had obeyed Allah and obeyed the Messenger!”</text>
      </translation>
    </translations>
    <rules>[{"start": 35, "end": 38, "rule_id": 0}]</rules>
  </verse>
  <verse>
    <verseIdArabic>٦٧</verseIdArabic>
    <verseId>67</verseId>
    <chapterId>33</chapterId>
    <textIndopak>وَقَالُواْ رَبَّنَآ إِنَّآ أَطَعۡنَا سَادَتَنَا وَكُبَرَآءَنَا فَأَضَلُّونَا ٱلسَّبِيلَا۠</textIndopak>
    <translations>
      <translation>
        <author>Dr. Mustafa Khattab, the Clear Quran</author>
        <text>And they will say, “Our Lord! We obeyed our leaders and elite, but they led us astray from the ˹Right˺ Way.</text>
      </translation>
    </translations>
    <rules>[{"start": 23, "end": 26, "rule_id": 0}]</rules>
  </verse>
  <verse>
    <verseIdArabic>٦٨</verseIdArabic>
    <verseId>68</verseId>
    <chapterId>33</chapterId>
    <textIndopak>رَبَّنَآ ءَاتِهِمۡ ضِعۡفَيۡنِ مِنَ ٱلۡعَذَابِ وَٱلۡعَنۡهُمۡ لَعۡنٗا كَبِيرٗا</textIndopak>
    <translations>
      <translation>
        <author>Dr. Mustafa Khattab, the Clear Quran</author>
        <text>Our Lord! Give them double ˹our˺ punishment, and condemn them tremendously.”</text>
      </translation>
    </translations>
  </verse>
  <verse>
    <verseIdArabic>٦٩</verseIdArabic>
    <verseId>69</verseId>
    <chapterId>33</chapterId>
    <textIndopak>يَٰٓأَيُّهَا ٱلَّذِينَ ءَامَنُواْ لَا تَكُونُواْ كَٱلَّذِينَ ءَاذَوۡاْ مُوسَىٰ فَبَرَّأَهُ ٱللَّهُ مِمَّا قَالُواْۚ وَكَانَ عِندَ ٱللَّهِ وَجِيهٗا</textIndopak>
    <translations>
      <translation>
        <author>Dr. Mustafa Khattab, the Clear Quran</author>
        <text>O believers! Do not be like those who slandered Moses, but Allah cleared him of what they said. And he was honourable in the sight of Allah.</text>
      </translation>
    </translations>
    <rules>[{"start": 101, "end": 104, "rule_id": 0}, {"start": 127, "end": 130, "rule_id": 6}]</rules>
  </verse>
  <verse>
    <verseIdArabic>٧٠</verseIdArabic>
    <verseId>70</verseId>
    <chapterId>33</chapterId>
    <textIndopak>يَٰٓأَيُّهَا ٱلَّذِينَ ءَامَنُواْ ٱتَّقُواْ ٱللَّهَ وَقُولُواْ قَوۡلٗا سَدِيدٗا</textIndopak>
    <translations>
      <translation>
        <author>Dr. Mustafa Khattab, the Clear Quran</author>
        <text>O believers! Be mindful of Allah, and say what is right.</text>
      </translation>
    </translations>
  </verse>
  <verse>
    <verseIdArabic>٧١</verseIdArabic>
    <verseId>71</verseId>
    <chapterId>33</chapterId>
    <textIndopak>يُصۡلِحۡ لَكُمۡ أَعۡمَٰلَكُمۡ وَيَغۡفِرۡ لَكُمۡ ذُنُوبَكُمۡۗ وَمَن يُطِعِ ٱللَّهَ وَرَسُولَهُۥ فَقَدۡ فَازَ فَوۡزًا عَظِيمًا</textIndopak>
    <translations>
      <translation>
        <author>Dr. Mustafa Khattab, the Clear Quran</author>
        <text>He will bless your deeds for you, and forgive your sins. And whoever obeys Allah and His Messenger, has truly achieved a great triumph.</text>
      </translation>
    </translations>
    <rules>[{"start": 100, "end": 102, "rule_id": 1}, {"start": 66, "end": 70, "rule_id": 3}]</rules>
  </verse>
  <verse>
    <verseIdArabic>٧٢</verseIdArabic>
    <verseId>72</verseId>
    <chapterId>33</chapterId>
    <textIndopak>إِنَّا عَرَضۡنَا ٱلۡأَمَانَةَ عَلَى ٱلسَّمَٰوَٰتِ وَٱلۡأَرۡضِ وَٱلۡجِبَالِ فَأَبَيۡنَ أَن يَحۡمِلۡنَهَا وَأَشۡفَقۡنَ مِنۡهَا وَحَمَلَهَا ٱلۡإِنسَٰنُۖ إِنَّهُۥ كَانَ ظَلُومٗا جَهُولٗا</textIndopak>
    <translations>
      <translation>
        <author>Dr. Mustafa Khattab, the Clear Quran</author>
        <text>Indeed, We offered the trust to the heavens and the earth and the mountains, but they ˹all˺ declined to bear it, being fearful of it. But humanity assumed it, ˹for˺ they are truly wrongful ˹to themselves˺ and ignorant ˹of the consequences˺,</text>
      </translation>
    </translations>
    <rules>[{"start": 2, "end": 5, "rule_id": 0}, {"start": 153, "end": 156, "rule_id": 0}, {"start": 112, "end": 114, "rule_id": 1}, {"start": 88, "end": 92, "rule_id": 3}, {"start": 142, "end": 146, "rule_id": 6}]</rules>
  </verse>
  <verse>
    <verseIdArabic>٧٣</verseIdArabic>
    <verseId>73</verseId>
    <chapterId>33</chapterId>
    <textIndopak>لِّيُعَذِّبَ ٱللَّهُ ٱلۡمُنَٰفِقِينَ وَٱلۡمُنَٰفِقَٰتِ وَٱلۡمُشۡرِكِينَ وَٱلۡمُشۡرِكَٰتِ وَيَتُوبَ ٱللَّهُ عَلَى ٱلۡمُؤۡمِنِينَ وَٱلۡمُؤۡمِنَٰتِۗ وَكَانَ ٱللَّهُ غَفُورٗا رَّحِيمَۢا</textIndopak>
    <translations>
      <translation>
        <author>Dr. Mustafa Khattab, the Clear Quran</author>
        <text>so that Allah will punish hypocrite men and women and polytheistic men and women, and Allah will turn in mercy to believing men and women. For Allah is All-Forgiving, Most Merciful.</text>
      </translation>
    </translations>
    <rules>[{"start": 168, "end": 175, "rule_id": 5}]</rules>
  </verse>
</verses>
