<?xml version="1.0" encoding="UTF-8"?>

<verses>
  <verse>
    <verseIdArabic>١</verseIdArabic>
    <verseId>1</verseId>
    <chapterId>35</chapterId>
    <textIndopak>ٱلۡحَمۡدُ لِلَّهِ فَاطِرِ ٱلسَّمَٰوَٰتِ وَٱلۡأَرۡضِ جَاعِلِ ٱلۡمَلَٰٓئِكَةِ رُسُلًا أُوْلِيٓ أَجۡنِحَةٖ مَّثۡنَىٰ وَثُلَٰثَ وَرُبَٰعَۚ يَزِيدُ فِي ٱلۡخَلۡقِ مَا يَشَآءُۚ إِنَّ ٱللَّهَ عَلَىٰ كُلِّ شَيۡءٖ قَدِيرٞ</textIndopak>
    <translations>
      <translation>
        <author>Dr. Mustafa Khattab, the Clear Quran</author>
        <text>All praise is for Allah, the Originator of the heavens and the earth, Who made angels ˹as His˺ messengers with wings—two, three, or four. He increases in creation whatever He wills. Surely Allah is Most Capable of everything.</text>
      </translation>
    </translations>
    <rules>[{"start": 104, "end": 107, "rule_id": 0}, {"start": 175, "end": 178, "rule_id": 0}, {"start": 95, "end": 97, "rule_id": 1}, {"start": 101, "end": 107, "rule_id": 3}, {"start": 204, "end": 209, "rule_id": 6}]</rules>
  </verse>
  <verse>
    <verseIdArabic>٢</verseIdArabic>
    <verseId>2</verseId>
    <chapterId>35</chapterId>
    <textIndopak>مَّا يَفۡتَحِ ٱللَّهُ لِلنَّاسِ مِن رَّحۡمَةٖ فَلَا مُمۡسِكَ لَهَاۖ وَمَا يُمۡسِكۡ فَلَا مُرۡسِلَ لَهُۥ مِنۢ بَعۡدِهِۦۚ وَهُوَ ٱلۡعَزِيزُ ٱلۡحَكِيمُ</textIndopak>
    <translations>
      <translation>
        <author>Dr. Mustafa Khattab, the Clear Quran</author>
        <text>Whatever mercy Allah opens up for people, none can withhold it. And whatever He withholds, none but Him can release it. For He is the Almighty, All-Wise.</text>
      </translation>
    </translations>
    <rules>[{"start": 0, "end": 3, "rule_id": 0}, {"start": 25, "end": 28, "rule_id": 0}, {"start": 107, "end": 112, "rule_id": 2}, {"start": 34, "end": 39, "rule_id": 5}, {"start": 43, "end": 48, "rule_id": 6}]</rules>
  </verse>
  <verse>
    <verseIdArabic>٣</verseIdArabic>
    <verseId>3</verseId>
    <chapterId>35</chapterId>
    <textIndopak>يَٰٓأَيُّهَا ٱلنَّاسُ ٱذۡكُرُواْ نِعۡمَتَ ٱللَّهِ عَلَيۡكُمۡۚ هَلۡ مِنۡ خَٰلِقٍ غَيۡرُ ٱللَّهِ يَرۡزُقُكُم مِّنَ ٱلسَّمَآءِ وَٱلۡأَرۡضِۚ لَآ إِلَٰهَ إِلَّا هُوَۖ فَأَنَّىٰ تُؤۡفَكُونَ</textIndopak>
    <translations>
      <translation>
        <author>Dr. Mustafa Khattab, the Clear Quran</author>
        <text>O humanity! Remember Allah’s favours upon you. Is there any creator other than Allah who provides for you from the heavens and the earth? There is no god ˹worthy of worship˺ except Him. How can you then be deluded ˹from the truth˺?</text>
      </translation>
    </translations>
    <rules>[{"start": 15, "end": 18, "rule_id": 0}, {"start": 108, "end": 111, "rule_id": 0}, {"start": 171, "end": 174, "rule_id": 0}, {"start": 106, "end": 111, "rule_id": 4}]</rules>
  </verse>
  <verse>
    <verseIdArabic>٤</verseIdArabic>
    <verseId>4</verseId>
    <chapterId>35</chapterId>
    <textIndopak>وَإِن يُكَذِّبُوكَ فَقَدۡ كُذِّبَتۡ رُسُلٞ مِّن قَبۡلِكَۚ وَإِلَى ٱللَّهِ تُرۡجَعُ ٱلۡأُمُورُ</textIndopak>
    <translations>
      <translation>
        <author>Dr. Mustafa Khattab, the Clear Quran</author>
        <text>If you are rejected by them, so too were messengers before you. And to Allah ˹all˺ matters will be returned ˹for judgment˺.</text>
      </translation>
    </translations>
    <rules>[{"start": 43, "end": 46, "rule_id": 0}, {"start": 23, "end": 25, "rule_id": 1}, {"start": 50, "end": 52, "rule_id": 1}, {"start": 4, "end": 8, "rule_id": 3}, {"start": 40, "end": 46, "rule_id": 3}, {"start": 46, "end": 50, "rule_id": 6}]</rules>
  </verse>
  <verse>
    <verseIdArabic>٥</verseIdArabic>
    <verseId>5</verseId>
    <chapterId>35</chapterId>
    <textIndopak>يَٰٓأَيُّهَا ٱلنَّاسُ إِنَّ وَعۡدَ ٱللَّهِ حَقّٞۖ فَلَا تَغُرَّنَّكُمُ ٱلۡحَيَوٰةُ ٱلدُّنۡيَا وَلَا يَغُرَّنَّكُم بِٱللَّهِ ٱلۡغَرُورُ</textIndopak>
    <translations>
      <translation>
        <author>Dr. Mustafa Khattab, the Clear Quran</author>
        <text>O humanity! Indeed, Allah’s promise is true. So do not let the life of this world deceive you, nor let the Chief Deceiver deceive you about Allah.</text>
      </translation>
    </translations>
    <rules>[{"start": 15, "end": 18, "rule_id": 0}, {"start": 24, "end": 27, "rule_id": 0}, {"start": 64, "end": 67, "rule_id": 0}, {"start": 110, "end": 113, "rule_id": 0}, {"start": 115, "end": 119, "rule_id": 7}]</rules>
  </verse>
  <verse>
    <verseIdArabic>٦</verseIdArabic>
    <verseId>6</verseId>
    <chapterId>35</chapterId>
    <textIndopak>إِنَّ ٱلشَّيۡطَٰنَ لَكُمۡ عَدُوّٞ فَٱتَّخِذُوهُ عَدُوًّاۚ إِنَّمَا يَدۡعُواْ حِزۡبَهُۥ لِيَكُونُواْ مِنۡ أَصۡحَٰبِ ٱلسَّعِيرِ</textIndopak>
    <translations>
      <translation>
        <author>Dr. Mustafa Khattab, the Clear Quran</author>
        <text>Surely Satan is an enemy to you, so take him as an enemy. He only invites his followers to become inmates of the Blaze.</text>
      </translation>
    </translations>
    <rules>[{"start": 2, "end": 5, "rule_id": 0}, {"start": 61, "end": 64, "rule_id": 0}, {"start": 70, "end": 72, "rule_id": 1}, {"start": 30, "end": 36, "rule_id": 6}]</rules>
  </verse>
  <verse>
    <verseIdArabic>٧</verseIdArabic>
    <verseId>7</verseId>
    <chapterId>35</chapterId>
    <textIndopak>ٱلَّذِينَ كَفَرُواْ لَهُمۡ عَذَابٞ شَدِيدٞۖ وَٱلَّذِينَ ءَامَنُواْ وَعَمِلُواْ ٱلصَّٰلِحَٰتِ لَهُم مَّغۡفِرَةٞ وَأَجۡرٞ كَبِيرٌ</textIndopak>
    <translations>
      <translation>
        <author>Dr. Mustafa Khattab, the Clear Quran</author>
        <text>Those who disbelieve will have a severe punishment. But those who believe and do good will have forgiveness and a great reward.</text>
      </translation>
    </translations>
    <rules>[{"start": 100, "end": 103, "rule_id": 0}, {"start": 116, "end": 118, "rule_id": 1}, {"start": 40, "end": 47, "rule_id": 3}, {"start": 109, "end": 114, "rule_id": 3}, {"start": 98, "end": 103, "rule_id": 4}, {"start": 32, "end": 37, "rule_id": 6}, {"start": 118, "end": 123, "rule_id": 6}]</rules>
  </verse>
  <verse>
    <verseIdArabic>٨</verseIdArabic>
    <verseId>8</verseId>
    <chapterId>35</chapterId>
    <textIndopak>أَفَمَن زُيِّنَ لَهُۥ سُوٓءُ عَمَلِهِۦ فَرَءَاهُ حَسَنٗاۖ فَإِنَّ ٱللَّهَ يُضِلُّ مَن يَشَآءُ وَيَهۡدِي مَن يَشَآءُۖ فَلَا تَذۡهَبۡ نَفۡسُكَ عَلَيۡهِمۡ حَسَرَٰتٍۚ إِنَّ ٱللَّهَ عَلِيمُۢ بِمَا يَصۡنَعُونَ</textIndopak>
    <translations>
      <translation>
        <author>Dr. Mustafa Khattab, the Clear Quran</author>
        <text>Are those whose evil-doing is made so appealing to them that they deem it good ˹like those who are rightly guided˺? ˹It is˺ certainly Allah ˹Who˺ leaves to stray whoever He wills, and guides whoever He wills. So do not grieve yourself to death over them ˹O Prophet˺. Surely Allah is All-Knowing of what they do.</text>
      </translation>
    </translations>
    <rules>[{"start": 63, "end": 66, "rule_id": 0}, {"start": 170, "end": 173, "rule_id": 0}, {"start": 133, "end": 135, "rule_id": 1}, {"start": 187, "end": 193, "rule_id": 2}, {"start": 85, "end": 89, "rule_id": 3}, {"start": 108, "end": 112, "rule_id": 3}, {"start": 6, "end": 10, "rule_id": 6}]</rules>
  </verse>
  <verse>
    <verseIdArabic>٩</verseIdArabic>
    <verseId>9</verseId>
    <chapterId>35</chapterId>
    <textIndopak>وَٱللَّهُ ٱلَّذِيٓ أَرۡسَلَ ٱلرِّيَٰحَ فَتُثِيرُ سَحَابٗا فَسُقۡنَٰهُ إِلَىٰ بَلَدٖ مَّيِّتٖ فَأَحۡيَيۡنَا بِهِ ٱلۡأَرۡضَ بَعۡدَ مَوۡتِهَاۚ كَذَٰلِكَ ٱلنُّشُورُ</textIndopak>
    <translations>
      <translation>
        <author>Dr. Mustafa Khattab, the Clear Quran</author>
        <text>And it is Allah Who sends the winds, which then stir up ˹vapour, forming˺ clouds, and then We drive them to a lifeless land, giving life to the earth after its death. Similar is the Resurrection.</text>
      </translation>
    </translations>
    <rules>[{"start": 84, "end": 87, "rule_id": 0}, {"start": 153, "end": 156, "rule_id": 0}, {"start": 62, "end": 64, "rule_id": 1}, {"start": 81, "end": 87, "rule_id": 3}, {"start": 90, "end": 95, "rule_id": 6}]</rules>
  </verse>
  <verse>
    <verseIdArabic>١٠</verseIdArabic>
    <verseId>10</verseId>
    <chapterId>35</chapterId>
    <textIndopak>مَن كَانَ يُرِيدُ ٱلۡعِزَّةَ فَلِلَّهِ ٱلۡعِزَّةُ جَمِيعًاۚ إِلَيۡهِ يَصۡعَدُ ٱلۡكَلِمُ ٱلطَّيِّبُ وَٱلۡعَمَلُ ٱلصَّٰلِحُ يَرۡفَعُهُۥۚ وَٱلَّذِينَ يَمۡكُرُونَ ٱلسَّيِّـَٔاتِ لَهُمۡ عَذَابٞ شَدِيدٞۖ وَمَكۡرُ أُوْلَٰٓئِكَ هُوَ يَبُورُ</textIndopak>
    <translations>
      <translation>
        <author>Dr. Mustafa Khattab, the Clear Quran</author>
        <text>Whoever seeks honour and power, then ˹let them know that˺ all honour and power belongs to Allah. To Him ˹alone˺ good words ascend, and righteous deeds are raised up by Him. As for those who plot evil, they will suffer a severe punishment. And the plotting of such ˹people˺ is doomed ˹to fail˺.</text>
      </translation>
    </translations>
    <rules>[{"start": 196, "end": 203, "rule_id": 3}, {"start": 2, "end": 6, "rule_id": 6}, {"start": 188, "end": 193, "rule_id": 6}]</rules>
  </verse>
  <verse>
    <verseIdArabic>١١</verseIdArabic>
    <verseId>11</verseId>
    <chapterId>35</chapterId>
    <textIndopak>وَٱللَّهُ خَلَقَكُم مِّن تُرَابٖ ثُمَّ مِن نُّطۡفَةٖ ثُمَّ جَعَلَكُمۡ أَزۡوَٰجٗاۚ وَمَا تَحۡمِلُ مِنۡ أُنثَىٰ وَلَا تَضَعُ إِلَّا بِعِلۡمِهِۦۚ وَمَا يُعَمَّرُ مِن مُّعَمَّرٖ وَلَا يُنقَصُ مِنۡ عُمُرِهِۦٓ إِلَّا فِي كِتَٰبٍۚ إِنَّ ذَٰلِكَ عَلَى ٱللَّهِ يَسِيرٞ</textIndopak>
    <translations>
      <translation>
        <author>Dr. Mustafa Khattab, the Clear Quran</author>
        <text>And ˹it is˺ Allah ˹Who˺ created you from dust, then ˹developed you˺ from a sperm-drop, then made you into pairs. No female ever conceives or delivers without His knowledge. And no one’s life is made long or cut short but is ˹written˺ in a Record. That is certainly easy for Allah.</text>
      </translation>
    </translations>
    <rules>[{"start": 20, "end": 23, "rule_id": 0}, {"start": 35, "end": 38, "rule_id": 0}, {"start": 43, "end": 46, "rule_id": 0}, {"start": 55, "end": 58, "rule_id": 0}, {"start": 155, "end": 158, "rule_id": 0}, {"start": 165, "end": 168, "rule_id": 0}, {"start": 170, "end": 173, "rule_id": 0}, {"start": 229, "end": 232, "rule_id": 0}, {"start": 46, "end": 48, "rule_id": 1}, {"start": 41, "end": 46, "rule_id": 3}, {"start": 163, "end": 168, "rule_id": 3}, {"start": 173, "end": 178, "rule_id": 3}, {"start": 18, "end": 23, "rule_id": 4}, {"start": 23, "end": 27, "rule_id": 6}, {"start": 105, "end": 108, "rule_id": 6}, {"start": 184, "end": 187, "rule_id": 6}, {"start": 30, "end": 35, "rule_id": 6}, {"start": 50, "end": 55, "rule_id": 6}]</rules>
  </verse>
  <verse>
    <verseIdArabic>١٢</verseIdArabic>
    <verseId>12</verseId>
    <chapterId>35</chapterId>
    <textIndopak>وَمَا يَسۡتَوِي ٱلۡبَحۡرَانِ هَٰذَا عَذۡبٞ فُرَاتٞ سَآئِغٞ شَرَابُهُۥ وَهَٰذَا مِلۡحٌ أُجَاجٞۖ وَمِن كُلّٖ تَأۡكُلُونَ لَحۡمٗا طَرِيّٗا وَتَسۡتَخۡرِجُونَ حِلۡيَةٗ تَلۡبَسُونَهَاۖ وَتَرَى ٱلۡفُلۡكَ فِيهِ مَوَاخِرَ لِتَبۡتَغُواْ مِن فَضۡلِهِۦ وَلَعَلَّكُمۡ تَشۡكُرُونَ</textIndopak>
    <translations>
      <translation>
        <author>Dr. Mustafa Khattab, the Clear Quran</author>
        <text>The two bodies of water are not alike: one is fresh, palatable, and pleasant to drink and the other is salty and bitter. Yet from them both you eat tender seafood and extract ornaments to wear. And you see the ships ploughing their way through both, so you may seek His bounty and give thanks ˹to Him˺.</text>
      </translation>
    </translations>
    <rules>[{"start": 220, "end": 222, "rule_id": 1}, {"start": 92, "end": 99, "rule_id": 3}, {"start": 133, "end": 140, "rule_id": 3}, {"start": 101, "end": 105, "rule_id": 6}, {"start": 232, "end": 236, "rule_id": 6}, {"start": 40, "end": 45, "rule_id": 6}, {"start": 48, "end": 53, "rule_id": 6}, {"start": 57, "end": 62, "rule_id": 6}, {"start": 105, "end": 111, "rule_id": 6}, {"start": 162, "end": 167, "rule_id": 6}]</rules>
  </verse>
  <verse>
    <verseIdArabic>١٣</verseIdArabic>
    <verseId>13</verseId>
    <chapterId>35</chapterId>
    <textIndopak>يُولِجُ ٱلَّيۡلَ فِي ٱلنَّهَارِ وَيُولِجُ ٱلنَّهَارَ فِي ٱلَّيۡلِ وَسَخَّرَ ٱلشَّمۡسَ وَٱلۡقَمَرَۖ كُلّٞ يَجۡرِي لِأَجَلٖ مُّسَمّٗىۚ ذَٰلِكُمُ ٱللَّهُ رَبُّكُمۡ لَهُ ٱلۡمُلۡكُۚ وَٱلَّذِينَ تَدۡعُونَ مِن دُونِهِۦ مَا يَمۡلِكُونَ مِن قِطۡمِيرٍ</textIndopak>
    <translations>
      <translation>
        <author>Dr. Mustafa Khattab, the Clear Quran</author>
        <text>He merges the night into the day and the day into the night, and has subjected the sun and the moon, each orbiting for an appointed term. That is Allah—your Lord! All authority belongs to Him. But those ˹idols˺ you invoke besides Him do not possess even the skin of a date stone.</text>
      </translation>
    </translations>
    <rules>[{"start": 23, "end": 26, "rule_id": 0}, {"start": 44, "end": 47, "rule_id": 0}, {"start": 121, "end": 124, "rule_id": 0}, {"start": 126, "end": 129, "rule_id": 0}, {"start": 106, "end": 108, "rule_id": 1}, {"start": 192, "end": 194, "rule_id": 1}, {"start": 235, "end": 237, "rule_id": 1}, {"start": 100, "end": 106, "rule_id": 3}, {"start": 118, "end": 124, "rule_id": 3}, {"start": 202, "end": 206, "rule_id": 6}, {"start": 231, "end": 235, "rule_id": 6}]</rules>
  </verse>
  <verse>
    <verseIdArabic>١٤</verseIdArabic>
    <verseId>14</verseId>
    <chapterId>35</chapterId>
    <textIndopak>إِن تَدۡعُوهُمۡ لَا يَسۡمَعُواْ دُعَآءَكُمۡ وَلَوۡ سَمِعُواْ مَا ٱسۡتَجَابُواْ لَكُمۡۖ وَيَوۡمَ ٱلۡقِيَٰمَةِ يَكۡفُرُونَ بِشِرۡكِكُمۡۚ وَلَا يُنَبِّئُكَ مِثۡلُ خَبِيرٖ</textIndopak>
    <translations>
      <translation>
        <author>Dr. Mustafa Khattab, the Clear Quran</author>
        <text>If you call upon them, they cannot hear your calls. And if they were to hear, they could not respond to you. On the Day of Judgment they will disown your worship ˹of them˺. And no one can inform you ˹O Prophet˺ like the All-Knowledgeable.</text>
      </translation>
    </translations>
    <rules>[{"start": 6, "end": 8, "rule_id": 1}, {"start": 2, "end": 6, "rule_id": 6}]</rules>
  </verse>
  <verse>
    <verseIdArabic>١٥</verseIdArabic>
    <verseId>15</verseId>
    <chapterId>35</chapterId>
    <textIndopak>۞ يَٰٓأَيُّهَا ٱلنَّاسُ أَنتُمُ ٱلۡفُقَرَآءُ إِلَى ٱللَّهِۖ وَٱللَّهُ هُوَ ٱلۡغَنِيُّ ٱلۡحَمِيدُ</textIndopak>
    <translations>
      <translation>
        <author>Dr. Mustafa Khattab, the Clear Quran</author>
        <text>O humanity! It is you who stand in need of Allah, but Allah ˹alone˺ is the Self-Sufficient, Praiseworthy.</text>
      </translation>
    </translations>
    <rules>[{"start": 17, "end": 20, "rule_id": 0}, {"start": 96, "end": 98, "rule_id": 1}, {"start": 26, "end": 29, "rule_id": 6}]</rules>
  </verse>
  <verse>
    <verseIdArabic>١٦</verseIdArabic>
    <verseId>16</verseId>
    <chapterId>35</chapterId>
    <textIndopak>إِن يَشَأۡ يُذۡهِبۡكُمۡ وَيَأۡتِ بِخَلۡقٖ جَدِيدٖ</textIndopak>
    <translations>
      <translation>
        <author>Dr. Mustafa Khattab, the Clear Quran</author>
        <text>If He willed, He could eliminate you and produce a new creation.</text>
      </translation>
    </translations>
    <rules>[{"start": 17, "end": 19, "rule_id": 1}, {"start": 47, "end": 49, "rule_id": 1}, {"start": 2, "end": 6, "rule_id": 3}, {"start": 39, "end": 44, "rule_id": 6}]</rules>
  </verse>
  <verse>
    <verseIdArabic>١٧</verseIdArabic>
    <verseId>17</verseId>
    <chapterId>35</chapterId>
    <textIndopak>وَمَا ذَٰلِكَ عَلَى ٱللَّهِ بِعَزِيزٖ</textIndopak>
    <translations>
      <translation>
        <author>Dr. Mustafa Khattab, the Clear Quran</author>
        <text>And that is not difficult for Allah ˹at all˺.</text>
      </translation>
    </translations>
  </verse>
  <verse>
    <verseIdArabic>١٨</verseIdArabic>
    <verseId>18</verseId>
    <chapterId>35</chapterId>
    <textIndopak>وَلَا تَزِرُ وَازِرَةٞ وِزۡرَ أُخۡرَىٰۚ وَإِن تَدۡعُ مُثۡقَلَةٌ إِلَىٰ حِمۡلِهَا لَا يُحۡمَلۡ مِنۡهُ شَيۡءٞ وَلَوۡ كَانَ ذَا قُرۡبَىٰٓۗ إِنَّمَا تُنذِرُ ٱلَّذِينَ يَخۡشَوۡنَ رَبَّهُم بِٱلۡغَيۡبِ وَأَقَامُواْ ٱلصَّلَوٰةَۚ وَمَن تَزَكَّىٰ فَإِنَّمَا يَتَزَكَّىٰ لِنَفۡسِهِۦۚ وَإِلَى ٱللَّهِ ٱلۡمَصِيرُ</textIndopak>
    <translations>
      <translation>
        <author>Dr. Mustafa Khattab, the Clear Quran</author>
        <text>No soul burdened with sin will bear the burden of another. And if a sin-burdened soul cries for help with its burden, none of it will be carried—even by a close relative. You ˹O Prophet˺ can only warn those who stand in awe of their Lord without seeing Him and establish prayer. Whoever purifies themselves, they only do so for their own good. And to Allah is the final return.</text>
      </translation>
    </translations>
    <rules>[{"start": 140, "end": 143, "rule_id": 0}, {"start": 244, "end": 247, "rule_id": 0}, {"start": 49, "end": 51, "rule_id": 1}, {"start": 20, "end": 25, "rule_id": 3}, {"start": 106, "end": 111, "rule_id": 3}, {"start": 45, "end": 49, "rule_id": 6}, {"start": 149, "end": 152, "rule_id": 6}, {"start": 228, "end": 232, "rule_id": 6}, {"start": 183, "end": 187, "rule_id": 7}]</rules>
  </verse>
  <verse>
    <verseIdArabic>١٩</verseIdArabic>
    <verseId>19</verseId>
    <chapterId>35</chapterId>
    <textIndopak>وَمَا يَسۡتَوِي ٱلۡأَعۡمَىٰ وَٱلۡبَصِيرُ</textIndopak>
    <translations>
      <translation>
        <author>Dr. Mustafa Khattab, the Clear Quran</author>
        <text>Those blind ˹to the truth˺ and those who can see are not equal,</text>
      </translation>
    </translations>
  </verse>
  <verse>
    <verseIdArabic>٢٠</verseIdArabic>
    <verseId>20</verseId>
    <chapterId>35</chapterId>
    <textIndopak>وَلَا ٱلظُّلُمَٰتُ وَلَا ٱلنُّورُ</textIndopak>
    <translations>
      <translation>
        <author>Dr. Mustafa Khattab, the Clear Quran</author>
        <text>nor are the darkness and the light,</text>
      </translation>
    </translations>
    <rules>[{"start": 27, "end": 30, "rule_id": 0}]</rules>
  </verse>
  <verse>
    <verseIdArabic>٢١</verseIdArabic>
    <verseId>21</verseId>
    <chapterId>35</chapterId>
    <textIndopak>وَلَا ٱلظِّلُّ وَلَا ٱلۡحَرُورُ</textIndopak>
    <translations>
      <translation>
        <author>Dr. Mustafa Khattab, the Clear Quran</author>
        <text>nor the ˹scorching˺ heat and the ˹cool˺ shade.</text>
      </translation>
    </translations>
  </verse>
  <verse>
    <verseIdArabic>٢٢</verseIdArabic>
    <verseId>22</verseId>
    <chapterId>35</chapterId>
    <textIndopak>وَمَا يَسۡتَوِي ٱلۡأَحۡيَآءُ وَلَا ٱلۡأَمۡوَٰتُۚ إِنَّ ٱللَّهَ يُسۡمِعُ مَن يَشَآءُۖ وَمَآ أَنتَ بِمُسۡمِعٖ مَّن فِي ٱلۡقُبُورِ</textIndopak>
    <translations>
      <translation>
        <author>Dr. Mustafa Khattab, the Clear Quran</author>
        <text>Nor are the dead and the living equal. Indeed, Allah ˹alone˺ makes whoever He wills hear, but you ˹O Prophet˺ can never make those in the graves hear ˹your call˺.</text>
      </translation>
    </translations>
    <rules>[{"start": 53, "end": 56, "rule_id": 0}, {"start": 113, "end": 116, "rule_id": 0}, {"start": 76, "end": 80, "rule_id": 3}, {"start": 110, "end": 116, "rule_id": 3}, {"start": 98, "end": 101, "rule_id": 6}, {"start": 116, "end": 120, "rule_id": 6}]</rules>
  </verse>
  <verse>
    <verseIdArabic>٢٣</verseIdArabic>
    <verseId>23</verseId>
    <chapterId>35</chapterId>
    <textIndopak>إِنۡ أَنتَ إِلَّا نَذِيرٌ</textIndopak>
    <translations>
      <translation>
        <author>Dr. Mustafa Khattab, the Clear Quran</author>
        <text>You are only a warner.</text>
      </translation>
    </translations>
    <rules>[{"start": 7, "end": 10, "rule_id": 6}]</rules>
  </verse>
  <verse>
    <verseIdArabic>٢٤</verseIdArabic>
    <verseId>24</verseId>
    <chapterId>35</chapterId>
    <textIndopak>إِنَّآ أَرۡسَلۡنَٰكَ بِٱلۡحَقِّ بَشِيرٗا وَنَذِيرٗاۚ وَإِن مِّنۡ أُمَّةٍ إِلَّا خَلَا فِيهَا نَذِيرٞ</textIndopak>
    <translations>
      <translation>
        <author>Dr. Mustafa Khattab, the Clear Quran</author>
        <text>We have surely sent you with the truth as a deliverer of good news and a warner. There is no community that has not had a warner.</text>
      </translation>
    </translations>
    <rules>[{"start": 2, "end": 5, "rule_id": 0}, {"start": 61, "end": 64, "rule_id": 0}, {"start": 69, "end": 72, "rule_id": 0}, {"start": 59, "end": 64, "rule_id": 3}, {"start": 38, "end": 44, "rule_id": 3}]</rules>
  </verse>
  <verse>
    <verseIdArabic>٢٥</verseIdArabic>
    <verseId>25</verseId>
    <chapterId>35</chapterId>
    <textIndopak>وَإِن يُكَذِّبُوكَ فَقَدۡ كَذَّبَ ٱلَّذِينَ مِن قَبۡلِهِمۡ جَآءَتۡهُمۡ رُسُلُهُم بِٱلۡبَيِّنَٰتِ وَبِٱلزُّبُرِ وَبِٱلۡكِتَٰبِ ٱلۡمُنِيرِ</textIndopak>
    <translations>
      <translation>
        <author>Dr. Mustafa Khattab, the Clear Quran</author>
        <text>If they deny you, so did those before them. Their messengers came to them with clear proofs, divine Books, and enlightening Scriptures.</text>
      </translation>
    </translations>
    <rules>[{"start": 23, "end": 25, "rule_id": 1}, {"start": 50, "end": 52, "rule_id": 1}, {"start": 4, "end": 8, "rule_id": 3}, {"start": 46, "end": 50, "rule_id": 6}, {"start": 80, "end": 84, "rule_id": 7}]</rules>
  </verse>
  <verse>
    <verseIdArabic>٢٦</verseIdArabic>
    <verseId>26</verseId>
    <chapterId>35</chapterId>
    <textIndopak>ثُمَّ أَخَذۡتُ ٱلَّذِينَ كَفَرُواْۖ فَكَيۡفَ كَانَ نَكِيرِ</textIndopak>
    <translations>
      <translation>
        <author>Dr. Mustafa Khattab, the Clear Quran</author>
        <text>Then I seized those who persisted in disbelief. How severe was My response!</text>
      </translation>
    </translations>
    <rules>[{"start": 2, "end": 5, "rule_id": 0}]</rules>
  </verse>
  <verse>
    <verseIdArabic>٢٧</verseIdArabic>
    <verseId>27</verseId>
    <chapterId>35</chapterId>
    <textIndopak>أَلَمۡ تَرَ أَنَّ ٱللَّهَ أَنزَلَ مِنَ ٱلسَّمَآءِ مَآءٗ فَأَخۡرَجۡنَا بِهِۦ ثَمَرَٰتٖ مُّخۡتَلِفًا أَلۡوَٰنُهَاۚ وَمِنَ ٱلۡجِبَالِ جُدَدُۢ بِيضٞ وَحُمۡرٞ مُّخۡتَلِفٌ أَلۡوَٰنُهَا وَغَرَابِيبُ سُودٞ</textIndopak>
    <translations>
      <translation>
        <author>Dr. Mustafa Khattab, the Clear Quran</author>
        <text>Do you not see that Allah sends down rain from the sky with which We bring forth fruits of different colours? And in the mountains are streaks of varying shades of white, red, and raven black;</text>
      </translation>
    </translations>
    <rules>[{"start": 14, "end": 17, "rule_id": 0}, {"start": 88, "end": 91, "rule_id": 0}, {"start": 157, "end": 160, "rule_id": 0}, {"start": 66, "end": 68, "rule_id": 1}, {"start": 198, "end": 200, "rule_id": 1}, {"start": 138, "end": 144, "rule_id": 2}, {"start": 85, "end": 91, "rule_id": 3}, {"start": 145, "end": 150, "rule_id": 3}, {"start": 154, "end": 160, "rule_id": 3}, {"start": 28, "end": 31, "rule_id": 6}, {"start": 55, "end": 60, "rule_id": 6}]</rules>
  </verse>
  <verse>
    <verseIdArabic>٢٨</verseIdArabic>
    <verseId>28</verseId>
    <chapterId>35</chapterId>
    <textIndopak>وَمِنَ ٱلنَّاسِ وَٱلدَّوَآبِّ وَٱلۡأَنۡعَٰمِ مُخۡتَلِفٌ أَلۡوَٰنُهُۥ كَذَٰلِكَۗ إِنَّمَا يَخۡشَى ٱللَّهَ مِنۡ عِبَادِهِ ٱلۡعُلَمَٰٓؤُاْۗ إِنَّ ٱللَّهَ عَزِيزٌ غَفُورٌ</textIndopak>
    <translations>
      <translation>
        <author>Dr. Mustafa Khattab, the Clear Quran</author>
        <text>just as people, living beings, and cattle are of various colours as well. Of all of Allah’s servants, only the knowledgeable ˹of His might˺ are ˹truly˺ in awe of Him. Allah is indeed Almighty, All-Forgiving.</text>
      </translation>
    </translations>
    <rules>[{"start": 9, "end": 12, "rule_id": 0}, {"start": 84, "end": 87, "rule_id": 0}, {"start": 142, "end": 145, "rule_id": 0}]</rules>
  </verse>
  <verse>
    <verseIdArabic>٢٩</verseIdArabic>
    <verseId>29</verseId>
    <chapterId>35</chapterId>
    <textIndopak>إِنَّ ٱلَّذِينَ يَتۡلُونَ كِتَٰبَ ٱللَّهِ وَأَقَامُواْ ٱلصَّلَوٰةَ وَأَنفَقُواْ مِمَّا رَزَقۡنَٰهُمۡ سِرّٗا وَعَلَانِيَةٗ يَرۡجُونَ تِجَٰرَةٗ لَّن تَبُورَ</textIndopak>
    <translations>
      <translation>
        <author>Dr. Mustafa Khattab, the Clear Quran</author>
        <text>Surely those who recite the Book of Allah, establish prayer, and donate from what We have provided for them—secretly and openly—˹can˺ hope for an exchange that will never fail,</text>
      </translation>
    </translations>
    <rules>[{"start": 2, "end": 5, "rule_id": 0}, {"start": 82, "end": 85, "rule_id": 0}, {"start": 91, "end": 93, "rule_id": 1}, {"start": 103, "end": 110, "rule_id": 3}, {"start": 119, "end": 124, "rule_id": 3}, {"start": 139, "end": 145, "rule_id": 5}, {"start": 71, "end": 74, "rule_id": 6}, {"start": 145, "end": 149, "rule_id": 6}]</rules>
  </verse>
  <verse>
    <verseIdArabic>٣٠</verseIdArabic>
    <verseId>30</verseId>
    <chapterId>35</chapterId>
    <textIndopak>لِيُوَفِّيَهُمۡ أُجُورَهُمۡ وَيَزِيدَهُم مِّن فَضۡلِهِۦٓۚ إِنَّهُۥ غَفُورٞ شَكُورٞ</textIndopak>
    <translations>
      <translation>
        <author>Dr. Mustafa Khattab, the Clear Quran</author>
        <text>so that He will reward them in full and increase them out of His grace. He is truly All-Forgiving, Most Appreciative.</text>
      </translation>
    </translations>
    <rules>[{"start": 41, "end": 44, "rule_id": 0}, {"start": 61, "end": 64, "rule_id": 0}, {"start": 39, "end": 44, "rule_id": 4}, {"start": 44, "end": 48, "rule_id": 6}, {"start": 73, "end": 78, "rule_id": 6}]</rules>
  </verse>
  <verse>
    <verseIdArabic>٣١</verseIdArabic>
    <verseId>31</verseId>
    <chapterId>35</chapterId>
    <textIndopak>وَٱلَّذِيٓ أَوۡحَيۡنَآ إِلَيۡكَ مِنَ ٱلۡكِتَٰبِ هُوَ ٱلۡحَقُّ مُصَدِّقٗا لِّمَا بَيۡنَ يَدَيۡهِۗ إِنَّ ٱللَّهَ بِعِبَادِهِۦ لَخَبِيرُۢ بَصِيرٞ</textIndopak>
    <translations>
      <translation>
        <author>Dr. Mustafa Khattab, the Clear Quran</author>
        <text>The Book We have revealed to you ˹O Prophet˺ is the truth, confirming what came before it. Surely Allah is All-Aware, All-Seeing of His servants.</text>
      </translation>
    </translations>
    <rules>[{"start": 101, "end": 104, "rule_id": 0}, {"start": 133, "end": 139, "rule_id": 2}, {"start": 70, "end": 77, "rule_id": 5}]</rules>
  </verse>
  <verse>
    <verseIdArabic>٣٢</verseIdArabic>
    <verseId>32</verseId>
    <chapterId>35</chapterId>
    <textIndopak>ثُمَّ أَوۡرَثۡنَا ٱلۡكِتَٰبَ ٱلَّذِينَ ٱصۡطَفَيۡنَا مِنۡ عِبَادِنَاۖ فَمِنۡهُمۡ ظَالِمٞ لِّنَفۡسِهِۦ وَمِنۡهُم مُّقۡتَصِدٞ وَمِنۡهُمۡ سَابِقُۢ بِٱلۡخَيۡرَٰتِ بِإِذۡنِ ٱللَّهِۚ ذَٰلِكَ هُوَ ٱلۡفَضۡلُ ٱلۡكَبِيرُ</textIndopak>
    <translations>
      <translation>
        <author>Dr. Mustafa Khattab, the Clear Quran</author>
        <text>Then We granted the Book to those We have chosen from Our servants. Some of them wrong themselves, some follow a middle course, and some are foremost in good deeds by Allah’s Will. That is ˹truly˺ the greatest bounty.</text>
      </translation>
    </translations>
    <rules>[{"start": 2, "end": 5, "rule_id": 0}, {"start": 112, "end": 115, "rule_id": 0}, {"start": 115, "end": 117, "rule_id": 1}, {"start": 140, "end": 146, "rule_id": 2}, {"start": 121, "end": 126, "rule_id": 3}, {"start": 110, "end": 115, "rule_id": 4}, {"start": 86, "end": 92, "rule_id": 5}]</rules>
  </verse>
  <verse>
    <verseIdArabic>٣٣</verseIdArabic>
    <verseId>33</verseId>
    <chapterId>35</chapterId>
    <textIndopak>جَنَّٰتُ عَدۡنٖ يَدۡخُلُونَهَا يُحَلَّوۡنَ فِيهَا مِنۡ أَسَاوِرَ مِن ذَهَبٖ وَلُؤۡلُؤٗاۖ وَلِبَاسُهُمۡ فِيهَا حَرِيرٞ</textIndopak>
    <translations>
      <translation>
        <author>Dr. Mustafa Khattab, the Clear Quran</author>
        <text>They will enter the Gardens of Eternity, where they will be adorned with bracelets of gold and pearls, and their clothing will be silk.</text>
      </translation>
    </translations>
    <rules>[{"start": 2, "end": 6, "rule_id": 0}, {"start": 11, "end": 13, "rule_id": 1}, {"start": 18, "end": 20, "rule_id": 1}, {"start": 13, "end": 18, "rule_id": 3}, {"start": 73, "end": 78, "rule_id": 3}, {"start": 84, "end": 92, "rule_id": 3}, {"start": 67, "end": 71, "rule_id": 6}]</rules>
  </verse>
  <verse>
    <verseIdArabic>٣٤</verseIdArabic>
    <verseId>34</verseId>
    <chapterId>35</chapterId>
    <textIndopak>وَقَالُواْ ٱلۡحَمۡدُ لِلَّهِ ٱلَّذِيٓ أَذۡهَبَ عَنَّا ٱلۡحَزَنَۖ إِنَّ رَبَّنَا لَغَفُورٞ شَكُورٌ</textIndopak>
    <translations>
      <translation>
        <author>Dr. Mustafa Khattab, the Clear Quran</author>
        <text>And they will say, “Praise be to Allah, Who has kept away from us all ˹causes of˺ sorrow. Our Lord is indeed All-Forgiving, Most Appreciative.</text>
      </translation>
    </translations>
    <rules>[{"start": 49, "end": 52, "rule_id": 0}, {"start": 68, "end": 71, "rule_id": 0}, {"start": 88, "end": 93, "rule_id": 6}]</rules>
  </verse>
  <verse>
    <verseIdArabic>٣٥</verseIdArabic>
    <verseId>35</verseId>
    <chapterId>35</chapterId>
    <textIndopak>ٱلَّذِيٓ أَحَلَّنَا دَارَ ٱلۡمُقَامَةِ مِن فَضۡلِهِۦ لَا يَمَسُّنَا فِيهَا نَصَبٞ وَلَا يَمَسُّنَا فِيهَا لُغُوبٞ</textIndopak>
    <translations>
      <translation>
        <author>Dr. Mustafa Khattab, the Clear Quran</author>
        <text>˹He is the One˺ Who—out of His grace—has settled us in the Home of Everlasting Stay, where we will be touched by neither fatigue nor weariness.”</text>
      </translation>
    </translations>
    <rules>[{"start": 111, "end": 113, "rule_id": 1}, {"start": 79, "end": 84, "rule_id": 3}, {"start": 41, "end": 45, "rule_id": 6}]</rules>
  </verse>
  <verse>
    <verseIdArabic>٣٦</verseIdArabic>
    <verseId>36</verseId>
    <chapterId>35</chapterId>
    <textIndopak>وَٱلَّذِينَ كَفَرُواْ لَهُمۡ نَارُ جَهَنَّمَ لَا يُقۡضَىٰ عَلَيۡهِمۡ فَيَمُوتُواْ وَلَا يُخَفَّفُ عَنۡهُم مِّنۡ عَذَابِهَاۚ كَذَٰلِكَ نَجۡزِي كُلَّ كَفُورٖ</textIndopak>
    <translations>
      <translation>
        <author>Dr. Mustafa Khattab, the Clear Quran</author>
        <text>As for the disbelievers, they will have the Fire of Hell, where they will not be ˹allowed to be˺ finished by death, nor will its torment be lightened for them. This is how We reward every ˹stubborn˺ disbeliever.</text>
      </translation>
    </translations>
    <rules>[{"start": 39, "end": 42, "rule_id": 0}, {"start": 106, "end": 109, "rule_id": 0}, {"start": 51, "end": 53, "rule_id": 1}, {"start": 137, "end": 139, "rule_id": 1}, {"start": 104, "end": 109, "rule_id": 4}]</rules>
  </verse>
  <verse>
    <verseIdArabic>٣٧</verseIdArabic>
    <verseId>37</verseId>
    <chapterId>35</chapterId>
    <textIndopak>وَهُمۡ يَصۡطَرِخُونَ فِيهَا رَبَّنَآ أَخۡرِجۡنَا نَعۡمَلۡ صَٰلِحًا غَيۡرَ ٱلَّذِي كُنَّا نَعۡمَلُۚ أَوَلَمۡ نُعَمِّرۡكُم مَّا يَتَذَكَّرُ فِيهِ مَن تَذَكَّرَ وَجَآءَكُمُ ٱلنَّذِيرُۖ فَذُوقُواْ فَمَا لِلظَّٰلِمِينَ مِن نَّصِيرٍ</textIndopak>
    <translations>
      <translation>
        <author>Dr. Mustafa Khattab, the Clear Quran</author>
        <text>There they will be ˹fervently˺ screaming, “Our Lord! Take us out ˹and send us back˺. We will do good, unlike what we used to do.” ˹They will be told,˺ “Did We not give you lives long enough so that whoever wanted to be mindful could have done so? And the warner came to you. So taste ˹the punishment˺, for the wrongdoers have no helper.”</text>
      </translation>
    </translations>
    <rules>[{"start": 85, "end": 88, "rule_id": 0}, {"start": 114, "end": 117, "rule_id": 0}, {"start": 123, "end": 126, "rule_id": 0}, {"start": 175, "end": 178, "rule_id": 0}, {"start": 222, "end": 225, "rule_id": 0}, {"start": 44, "end": 46, "rule_id": 1}, {"start": 220, "end": 225, "rule_id": 3}, {"start": 121, "end": 126, "rule_id": 4}, {"start": 148, "end": 152, "rule_id": 6}]</rules>
  </verse>
  <verse>
    <verseIdArabic>٣٨</verseIdArabic>
    <verseId>38</verseId>
    <chapterId>35</chapterId>
    <textIndopak>إِنَّ ٱللَّهَ عَٰلِمُ غَيۡبِ ٱلسَّمَٰوَٰتِ وَٱلۡأَرۡضِۚ إِنَّهُۥ عَلِيمُۢ بِذَاتِ ٱلصُّدُورِ</textIndopak>
    <translations>
      <translation>
        <author>Dr. Mustafa Khattab, the Clear Quran</author>
        <text>Indeed, Allah is the Knower of the unseen of the heavens and the earth. He surely knows best what is ˹hidden˺ in the heart.</text>
      </translation>
    </translations>
    <rules>[{"start": 2, "end": 5, "rule_id": 0}, {"start": 59, "end": 62, "rule_id": 0}, {"start": 71, "end": 77, "rule_id": 2}]</rules>
  </verse>
  <verse>
    <verseIdArabic>٣٩</verseIdArabic>
    <verseId>39</verseId>
    <chapterId>35</chapterId>
    <textIndopak>هُوَ ٱلَّذِي جَعَلَكُمۡ خَلَٰٓئِفَ فِي ٱلۡأَرۡضِۚ فَمَن كَفَرَ فَعَلَيۡهِ كُفۡرُهُۥۖ وَلَا يَزِيدُ ٱلۡكَٰفِرِينَ كُفۡرُهُمۡ عِندَ رَبِّهِمۡ إِلَّا مَقۡتٗاۖ وَلَا يَزِيدُ ٱلۡكَٰفِرِينَ كُفۡرُهُمۡ إِلَّا خَسَارٗا</textIndopak>
    <translations>
      <translation>
        <author>Dr. Mustafa Khattab, the Clear Quran</author>
        <text>He is the One Who has placed you as successors on earth. So whoever disbelieves will bear ˹the burden of˺ their own disbelief. The disbelievers’ denial only increases them in contempt in the sight of their Lord, and it will only contribute to their loss.</text>
      </translation>
    </translations>
    <rules>[{"start": 151, "end": 153, "rule_id": 1}, {"start": 153, "end": 161, "rule_id": 3}, {"start": 55, "end": 59, "rule_id": 6}, {"start": 128, "end": 131, "rule_id": 6}]</rules>
  </verse>
  <verse>
    <verseIdArabic>٤٠</verseIdArabic>
    <verseId>40</verseId>
    <chapterId>35</chapterId>
    <textIndopak>قُلۡ أَرَءَيۡتُمۡ شُرَكَآءَكُمُ ٱلَّذِينَ تَدۡعُونَ مِن دُونِ ٱللَّهِ أَرُونِي مَاذَا خَلَقُواْ مِنَ ٱلۡأَرۡضِ أَمۡ لَهُمۡ شِرۡكٞ فِي ٱلسَّمَٰوَٰتِ أَمۡ ءَاتَيۡنَٰهُمۡ كِتَٰبٗا فَهُمۡ عَلَىٰ بَيِّنَتٖ مِّنۡهُۚ بَلۡ إِن يَعِدُ ٱلظَّٰلِمُونَ بَعۡضُهُم بَعۡضًا إِلَّا غُرُورًا</textIndopak>
    <translations>
      <translation>
        <author>Dr. Mustafa Khattab, the Clear Quran</author>
        <text>Ask ˹them, O Prophet˺, “Have you considered your associate-gods which you invoke besides Allah? Show me what they have created on earth! Or do they have a share in ˹the creation of˺ the heavens? Or have We given the polytheists a Book, which serves as a clear proof for them? In fact, the wrongdoers promise each other nothing but delusion.”</text>
      </translation>
    </translations>
    <rules>[{"start": 202, "end": 205, "rule_id": 0}, {"start": 45, "end": 47, "rule_id": 1}, {"start": 219, "end": 223, "rule_id": 3}, {"start": 199, "end": 205, "rule_id": 3}, {"start": 55, "end": 59, "rule_id": 6}, {"start": 128, "end": 133, "rule_id": 6}, {"start": 250, "end": 254, "rule_id": 7}]</rules>
  </verse>
  <verse>
    <verseIdArabic>٤١</verseIdArabic>
    <verseId>41</verseId>
    <chapterId>35</chapterId>
    <textIndopak>۞ إِنَّ ٱللَّهَ يُمۡسِكُ ٱلسَّمَٰوَٰتِ وَٱلۡأَرۡضَ أَن تَزُولَاۚ وَلَئِن زَالَتَآ إِنۡ أَمۡسَكَهُمَا مِنۡ أَحَدٖ مِّنۢ بَعۡدِهِۦٓۚ إِنَّهُۥ كَانَ حَلِيمًا غَفُورٗا</textIndopak>
    <translations>
      <translation>
        <author>Dr. Mustafa Khattab, the Clear Quran</author>
        <text>Indeed, Allah ˹alone˺ keeps the heavens and the earth from falling apart. If they were to fall apart, none but Him could hold them up. He is truly Most Forbearing, All-Forgiving.</text>
      </translation>
    </translations>
    <rules>[{"start": 4, "end": 7, "rule_id": 0}, {"start": 115, "end": 118, "rule_id": 0}, {"start": 136, "end": 139, "rule_id": 0}, {"start": 118, "end": 123, "rule_id": 2}, {"start": 112, "end": 118, "rule_id": 3}, {"start": 53, "end": 57, "rule_id": 6}, {"start": 72, "end": 76, "rule_id": 6}]</rules>
  </verse>
  <verse>
    <verseIdArabic>٤٢</verseIdArabic>
    <verseId>42</verseId>
    <chapterId>35</chapterId>
    <textIndopak>وَأَقۡسَمُواْ بِٱللَّهِ جَهۡدَ أَيۡمَٰنِهِمۡ لَئِن جَآءَهُمۡ نَذِيرٞ لَّيَكُونُنَّ أَهۡدَىٰ مِنۡ إِحۡدَى ٱلۡأُمَمِۖ فَلَمَّا جَآءَهُمۡ نَذِيرٞ مَّا زَادَهُمۡ إِلَّا نُفُورًا</textIndopak>
    <translations>
      <translation>
        <author>Dr. Mustafa Khattab, the Clear Quran</author>
        <text>They swore by Allah their most solemn oaths that if a warner were to come to them, they would certainly be better guided than any other community. Yet when a warner did come to them, it only drove them farther away—</text>
      </translation>
    </translations>
    <rules>[{"start": 80, "end": 83, "rule_id": 0}, {"start": 122, "end": 125, "rule_id": 0}, {"start": 146, "end": 149, "rule_id": 0}, {"start": 4, "end": 6, "rule_id": 1}, {"start": 143, "end": 149, "rule_id": 3}, {"start": 67, "end": 73, "rule_id": 5}, {"start": 49, "end": 53, "rule_id": 6}]</rules>
  </verse>
  <verse>
    <verseIdArabic>٤٣</verseIdArabic>
    <verseId>43</verseId>
    <chapterId>35</chapterId>
    <textIndopak>ٱسۡتِكۡبَارٗا فِي ٱلۡأَرۡضِ وَمَكۡرَ ٱلسَّيِّيِٕۚ وَلَا يَحِيقُ ٱلۡمَكۡرُ ٱلسَّيِّئُ إِلَّا بِأَهۡلِهِۦۚ فَهَلۡ يَنظُرُونَ إِلَّا سُنَّتَ ٱلۡأَوَّلِينَۚ فَلَن تَجِدَ لِسُنَّتِ ٱللَّهِ تَبۡدِيلٗاۖ وَلَن تَجِدَ لِسُنَّتِ ٱللَّهِ تَحۡوِيلًا</textIndopak>
    <translations>
      <translation>
        <author>Dr. Mustafa Khattab, the Clear Quran</author>
        <text>behaving arrogantly in the land and plotting evil. But evil plotting only backfires on those who plot. Are they awaiting anything but the fate of those ˹destroyed˺ before? You will find no change in the way of Allah, nor will you find it diverted ˹to someone else˺.</text>
      </translation>
    </translations>
    <rules>[{"start": 133, "end": 136, "rule_id": 0}, {"start": 172, "end": 175, "rule_id": 0}, {"start": 216, "end": 219, "rule_id": 0}, {"start": 188, "end": 190, "rule_id": 1}, {"start": 193, "end": 201, "rule_id": 3}, {"start": 115, "end": 118, "rule_id": 6}, {"start": 159, "end": 163, "rule_id": 6}, {"start": 203, "end": 207, "rule_id": 6}]</rules>
  </verse>
  <verse>
    <verseIdArabic>٤٤</verseIdArabic>
    <verseId>44</verseId>
    <chapterId>35</chapterId>
    <textIndopak>أَوَلَمۡ يَسِيرُواْ فِي ٱلۡأَرۡضِ فَيَنظُرُواْ كَيۡفَ كَانَ عَٰقِبَةُ ٱلَّذِينَ مِن قَبۡلِهِمۡ وَكَانُوٓاْ أَشَدَّ مِنۡهُمۡ قُوَّةٗۚ وَمَا كَانَ ٱللَّهُ لِيُعۡجِزَهُۥ مِن شَيۡءٖ فِي ٱلسَّمَٰوَٰتِ وَلَا فِي ٱلۡأَرۡضِۚ إِنَّهُۥ كَانَ عَلِيمٗا قَدِيرٗا</textIndopak>
    <translations>
      <translation>
        <author>Dr. Mustafa Khattab, the Clear Quran</author>
        <text>Have they not travelled throughout the land to see what was the end of those ˹destroyed˺ before them? They were far superior in might. But there is nothing that can escape Allah in the heavens or the earth. He is certainly All-Knowing, Most Capable.</text>
      </translation>
    </translations>
    <rules>[{"start": 221, "end": 224, "rule_id": 0}, {"start": 86, "end": 88, "rule_id": 1}, {"start": 38, "end": 41, "rule_id": 6}, {"start": 82, "end": 86, "rule_id": 6}, {"start": 170, "end": 174, "rule_id": 6}, {"start": 176, "end": 181, "rule_id": 6}]</rules>
  </verse>
  <verse>
    <verseIdArabic>٤٥</verseIdArabic>
    <verseId>45</verseId>
    <chapterId>35</chapterId>
    <textIndopak>وَلَوۡ يُؤَاخِذُ ٱللَّهُ ٱلنَّاسَ بِمَا كَسَبُواْ مَا تَرَكَ عَلَىٰ ظَهۡرِهَا مِن دَآبَّةٖ وَلَٰكِن يُؤَخِّرُهُمۡ إِلَىٰٓ أَجَلٖ مُّسَمّٗىۖ فَإِذَا جَآءَ أَجَلُهُمۡ فَإِنَّ ٱللَّهَ كَانَ بِعِبَادِهِۦ بَصِيرَۢا</textIndopak>
    <translations>
      <translation>
        <author>Dr. Mustafa Khattab, the Clear Quran</author>
        <text>If Allah were to punish people ˹immediately˺ for what they have committed, He would not have left a single living being on earth. But He delays them for an appointed term. And when their time arrives, then surely Allah is All-Seeing of His servants.</text>
      </translation>
    </translations>
    <rules>[{"start": 27, "end": 30, "rule_id": 0}, {"start": 130, "end": 133, "rule_id": 0}, {"start": 135, "end": 138, "rule_id": 0}, {"start": 172, "end": 175, "rule_id": 0}, {"start": 99, "end": 103, "rule_id": 3}, {"start": 89, "end": 94, "rule_id": 3}, {"start": 127, "end": 133, "rule_id": 3}, {"start": 80, "end": 84, "rule_id": 6}]</rules>
  </verse>
</verses>
