<?xml version="1.0" encoding="UTF-8"?>

<verses>
  <verse>
    <verseIdArabic>١</verseIdArabic>
    <verseId>1</verseId>
    <chapterId>36</chapterId>
    <textIndopak>يسٓ</textIndopak>
    <translations>
      <translation>
        <author>Dr. Mustafa Khattab, the Clear Quran</author>
        <text>Yâ-Sĩn.</text>
      </translation>
    </translations>
  </verse>
  <verse>
    <verseIdArabic>٢</verseIdArabic>
    <verseId>2</verseId>
    <chapterId>36</chapterId>
    <textIndopak>وَٱلۡقُرۡءَانِ ٱلۡحَكِيمِ</textIndopak>
    <translations>
      <translation>
        <author>Dr. Mustafa Khattab, the Clear Quran</author>
        <text>By the Quran, rich in wisdom!</text>
      </translation>
    </translations>
  </verse>
  <verse>
    <verseIdArabic>٣</verseIdArabic>
    <verseId>3</verseId>
    <chapterId>36</chapterId>
    <textIndopak>إِنَّكَ لَمِنَ ٱلۡمُرۡسَلِينَ</textIndopak>
    <translations>
      <translation>
        <author>Dr. Mustafa Khattab, the Clear Quran</author>
        <text>You ˹O Prophet˺ are truly one of the messengers</text>
      </translation>
    </translations>
    <rules>[{"start": 2, "end": 5, "rule_id": 0}]</rules>
  </verse>
  <verse>
    <verseIdArabic>٤</verseIdArabic>
    <verseId>4</verseId>
    <chapterId>36</chapterId>
    <textIndopak>عَلَىٰ صِرَٰطٖ مُّسۡتَقِيمٖ</textIndopak>
    <translations>
      <translation>
        <author>Dr. Mustafa Khattab, the Clear Quran</author>
        <text>upon the Straight Path.</text>
      </translation>
    </translations>
    <rules>[{"start": 15, "end": 18, "rule_id": 0}, {"start": 12, "end": 18, "rule_id": 3}]</rules>
  </verse>
  <verse>
    <verseIdArabic>٥</verseIdArabic>
    <verseId>5</verseId>
    <chapterId>36</chapterId>
    <textIndopak>تَنزِيلَ ٱلۡعَزِيزِ ٱلرَّحِيمِ</textIndopak>
    <translations>
      <translation>
        <author>Dr. Mustafa Khattab, the Clear Quran</author>
        <text>˹This is˺ a revelation from the Almighty, Most Merciful,</text>
      </translation>
    </translations>
    <rules>[{"start": 2, "end": 5, "rule_id": 6}]</rules>
  </verse>
  <verse>
    <verseIdArabic>٦</verseIdArabic>
    <verseId>6</verseId>
    <chapterId>36</chapterId>
    <textIndopak>لِتُنذِرَ قَوۡمٗا مَّآ أُنذِرَ ءَابَآؤُهُمۡ فَهُمۡ غَٰفِلُونَ</textIndopak>
    <translations>
      <translation>
        <author>Dr. Mustafa Khattab, the Clear Quran</author>
        <text>so that you may warn a people whose forefathers were not warned, and so are heedless.</text>
      </translation>
    </translations>
    <rules>[{"start": 18, "end": 21, "rule_id": 0}, {"start": 14, "end": 21, "rule_id": 3}, {"start": 4, "end": 7, "rule_id": 6}, {"start": 26, "end": 29, "rule_id": 6}]</rules>
  </verse>
  <verse>
    <verseIdArabic>٧</verseIdArabic>
    <verseId>7</verseId>
    <chapterId>36</chapterId>
    <textIndopak>لَقَدۡ حَقَّ ٱلۡقَوۡلُ عَلَىٰٓ أَكۡثَرِهِمۡ فَهُمۡ لَا يُؤۡمِنُونَ</textIndopak>
    <translations>
      <translation>
        <author>Dr. Mustafa Khattab, the Clear Quran</author>
        <text>The decree ˹of torment˺ has already been justified against most of them, for they will never believe.</text>
      </translation>
    </translations>
    <rules>[{"start": 4, "end": 6, "rule_id": 1}]</rules>
  </verse>
  <verse>
    <verseIdArabic>٨</verseIdArabic>
    <verseId>8</verseId>
    <chapterId>36</chapterId>
    <textIndopak>إِنَّا جَعَلۡنَا فِيٓ أَعۡنَٰقِهِمۡ أَغۡلَٰلٗا فَهِيَ إِلَى ٱلۡأَذۡقَانِ فَهُم مُّقۡمَحُونَ</textIndopak>
    <translations>
      <translation>
        <author>Dr. Mustafa Khattab, the Clear Quran</author>
        <text>˹It is as if˺ We have put shackles around their necks up to their chins, so their heads are forced up,</text>
      </translation>
    </translations>
    <rules>[{"start": 2, "end": 5, "rule_id": 0}, {"start": 79, "end": 82, "rule_id": 0}, {"start": 82, "end": 84, "rule_id": 1}, {"start": 77, "end": 82, "rule_id": 4}]</rules>
  </verse>
  <verse>
    <verseIdArabic>٩</verseIdArabic>
    <verseId>9</verseId>
    <chapterId>36</chapterId>
    <textIndopak>وَجَعَلۡنَا مِنۢ بَيۡنِ أَيۡدِيهِمۡ سَدّٗا وَمِنۡ خَلۡفِهِمۡ سَدّٗا فَأَغۡشَيۡنَٰهُمۡ فَهُمۡ لَا يُبۡصِرُونَ</textIndopak>
    <translations>
      <translation>
        <author>Dr. Mustafa Khattab, the Clear Quran</author>
        <text>and have placed a barrier before them and a barrier behind them and covered them ˹all˺ up, so they fail to see ˹the truth˺.</text>
      </translation>
    </translations>
    <rules>[{"start": 99, "end": 101, "rule_id": 1}, {"start": 14, "end": 19, "rule_id": 2}, {"start": 38, "end": 45, "rule_id": 3}]</rules>
  </verse>
  <verse>
    <verseIdArabic>١٠</verseIdArabic>
    <verseId>10</verseId>
    <chapterId>36</chapterId>
    <textIndopak>وَسَوَآءٌ عَلَيۡهِمۡ ءَأَنذَرۡتَهُمۡ أَمۡ لَمۡ تُنذِرۡهُمۡ لَا يُؤۡمِنُونَ</textIndopak>
    <translations>
      <translation>
        <author>Dr. Mustafa Khattab, the Clear Quran</author>
        <text>It is the same whether you warn them or not—they will never believe.</text>
      </translation>
    </translations>
    <rules>[{"start": 26, "end": 29, "rule_id": 6}, {"start": 50, "end": 53, "rule_id": 6}]</rules>
  </verse>
  <verse>
    <verseIdArabic>١١</verseIdArabic>
    <verseId>11</verseId>
    <chapterId>36</chapterId>
    <textIndopak>إِنَّمَا تُنذِرُ مَنِ ٱتَّبَعَ ٱلذِّكۡرَ وَخَشِيَ ٱلرَّحۡمَٰنَ بِٱلۡغَيۡبِۖ فَبَشِّرۡهُ بِمَغۡفِرَةٖ وَأَجۡرٖ كَرِيمٍ</textIndopak>
    <translations>
      <translation>
        <author>Dr. Mustafa Khattab, the Clear Quran</author>
        <text>You can only warn those who follow the Reminder and are in awe of the Most Compassionate without seeing Him. So give them good news of forgiveness and an honourable reward.</text>
      </translation>
    </translations>
    <rules>[{"start": 2, "end": 5, "rule_id": 0}, {"start": 106, "end": 108, "rule_id": 1}, {"start": 99, "end": 104, "rule_id": 3}, {"start": 11, "end": 14, "rule_id": 6}, {"start": 108, "end": 113, "rule_id": 6}]</rules>
  </verse>
  <verse>
    <verseIdArabic>١٢</verseIdArabic>
    <verseId>12</verseId>
    <chapterId>36</chapterId>
    <textIndopak>إِنَّا نَحۡنُ نُحۡيِ ٱلۡمَوۡتَىٰ وَنَكۡتُبُ مَا قَدَّمُواْ وَءَاثَٰرَهُمۡۚ وَكُلَّ شَيۡءٍ أَحۡصَيۡنَٰهُ فِيٓ إِمَامٖ مُّبِينٖ</textIndopak>
    <translations>
      <translation>
        <author>Dr. Mustafa Khattab, the Clear Quran</author>
        <text>It is certainly We Who resurrect the dead, and write what they send forth and what they leave behind. Everything is listed by Us in a perfect Record.</text>
      </translation>
    </translations>
    <rules>[{"start": 2, "end": 5, "rule_id": 0}, {"start": 118, "end": 121, "rule_id": 0}, {"start": 115, "end": 121, "rule_id": 3}]</rules>
  </verse>
  <verse>
    <verseIdArabic>١٣</verseIdArabic>
    <verseId>13</verseId>
    <chapterId>36</chapterId>
    <textIndopak>وَٱضۡرِبۡ لَهُم مَّثَلًا أَصۡحَٰبَ ٱلۡقَرۡيَةِ إِذۡ جَآءَهَا ٱلۡمُرۡسَلُونَ</textIndopak>
    <translations>
      <translation>
        <author>Dr. Mustafa Khattab, the Clear Quran</author>
        <text>Give them an example ˹O Prophet˺ of the residents of a town, when the messengers came to them.</text>
      </translation>
    </translations>
    <rules>[{"start": 16, "end": 19, "rule_id": 0}, {"start": 7, "end": 9, "rule_id": 1}, {"start": 14, "end": 19, "rule_id": 4}]</rules>
  </verse>
  <verse>
    <verseIdArabic>١٤</verseIdArabic>
    <verseId>14</verseId>
    <chapterId>36</chapterId>
    <textIndopak>إِذۡ أَرۡسَلۡنَآ إِلَيۡهِمُ ٱثۡنَيۡنِ فَكَذَّبُوهُمَا فَعَزَّزۡنَا بِثَالِثٖ فَقَالُوٓاْ إِنَّآ إِلَيۡكُم مُّرۡسَلُونَ</textIndopak>
    <translations>
      <translation>
        <author>Dr. Mustafa Khattab, the Clear Quran</author>
        <text>We sent them two messengers, but they rejected both. So We reinforced ˹the two˺ with a third, and they declared, “We have indeed been sent to you ˹as messengers˺.”</text>
      </translation>
    </translations>
    <rules>[{"start": 92, "end": 95, "rule_id": 0}, {"start": 108, "end": 111, "rule_id": 0}, {"start": 106, "end": 111, "rule_id": 4}, {"start": 75, "end": 80, "rule_id": 6}]</rules>
  </verse>
  <verse>
    <verseIdArabic>١٥</verseIdArabic>
    <verseId>15</verseId>
    <chapterId>36</chapterId>
    <textIndopak>قَالُواْ مَآ أَنتُمۡ إِلَّا بَشَرٞ مِّثۡلُنَا وَمَآ أَنزَلَ ٱلرَّحۡمَٰنُ مِن شَيۡءٍ إِنۡ أَنتُمۡ إِلَّا تَكۡذِبُونَ</textIndopak>
    <translations>
      <translation>
        <author>Dr. Mustafa Khattab, the Clear Quran</author>
        <text>The people replied, “You are only humans like us, and the Most Compassionate has not revealed anything. You are simply lying!”</text>
      </translation>
    </translations>
    <rules>[{"start": 36, "end": 39, "rule_id": 0}, {"start": 33, "end": 39, "rule_id": 3}, {"start": 16, "end": 19, "rule_id": 6}, {"start": 56, "end": 59, "rule_id": 6}, {"start": 77, "end": 81, "rule_id": 6}, {"start": 93, "end": 96, "rule_id": 6}]</rules>
  </verse>
  <verse>
    <verseIdArabic>١٦</verseIdArabic>
    <verseId>16</verseId>
    <chapterId>36</chapterId>
    <textIndopak>قَالُواْ رَبُّنَا يَعۡلَمُ إِنَّآ إِلَيۡكُمۡ لَمُرۡسَلُونَ</textIndopak>
    <translations>
      <translation>
        <author>Dr. Mustafa Khattab, the Clear Quran</author>
        <text>The messengers responded, “Our Lord knows that we have truly been sent to you.</text>
      </translation>
    </translations>
    <rules>[{"start": 29, "end": 32, "rule_id": 0}]</rules>
  </verse>
  <verse>
    <verseIdArabic>١٧</verseIdArabic>
    <verseId>17</verseId>
    <chapterId>36</chapterId>
    <textIndopak>وَمَا عَلَيۡنَآ إِلَّا ٱلۡبَلَٰغُ ٱلۡمُبِينُ</textIndopak>
    <translations>
      <translation>
        <author>Dr. Mustafa Khattab, the Clear Quran</author>
        <text>And our duty is only to deliver ˹the message˺ clearly.”</text>
      </translation>
    </translations>
  </verse>
  <verse>
    <verseIdArabic>١٨</verseIdArabic>
    <verseId>18</verseId>
    <chapterId>36</chapterId>
    <textIndopak>قَالُوٓاْ إِنَّا تَطَيَّرۡنَا بِكُمۡۖ لَئِن لَّمۡ تَنتَهُواْ لَنَرۡجُمَنَّكُمۡ وَلَيَمَسَّنَّكُم مِّنَّا عَذَابٌ أَلِيمٞ</textIndopak>
    <translations>
      <translation>
        <author>Dr. Mustafa Khattab, the Clear Quran</author>
        <text>The people replied, “We definitely see you as a bad omen for us. If you do not desist, we will certainly stone you ˹to death˺ and you will be touched with a painful punishment from us.”</text>
      </translation>
    </translations>
    <rules>[{"start": 12, "end": 15, "rule_id": 0}, {"start": 72, "end": 75, "rule_id": 0}, {"start": 91, "end": 94, "rule_id": 0}, {"start": 98, "end": 101, "rule_id": 0}, {"start": 101, "end": 104, "rule_id": 0}, {"start": 96, "end": 101, "rule_id": 4}, {"start": 43, "end": 48, "rule_id": 5}, {"start": 53, "end": 56, "rule_id": 6}]</rules>
  </verse>
  <verse>
    <verseIdArabic>١٩</verseIdArabic>
    <verseId>19</verseId>
    <chapterId>36</chapterId>
    <textIndopak>قَالُواْ طَٰٓئِرُكُم مَّعَكُمۡ أَئِن ذُكِّرۡتُمۚ بَلۡ أَنتُمۡ قَوۡمٞ مُّسۡرِفُونَ</textIndopak>
    <translations>
      <translation>
        <author>Dr. Mustafa Khattab, the Clear Quran</author>
        <text>The messengers said, “Your bad omen lies within yourselves. Are you saying this because you are reminded ˹of the truth˺? In fact, you are a transgressing people.”</text>
      </translation>
    </translations>
    <rules>[{"start": 21, "end": 24, "rule_id": 0}, {"start": 72, "end": 75, "rule_id": 0}, {"start": 69, "end": 75, "rule_id": 3}, {"start": 19, "end": 24, "rule_id": 4}, {"start": 37, "end": 41, "rule_id": 6}, {"start": 59, "end": 62, "rule_id": 6}]</rules>
  </verse>
  <verse>
    <verseIdArabic>٢٠</verseIdArabic>
    <verseId>20</verseId>
    <chapterId>36</chapterId>
    <textIndopak>وَجَآءَ مِنۡ أَقۡصَا ٱلۡمَدِينَةِ رَجُلٞ يَسۡعَىٰ قَالَ يَٰقَوۡمِ ٱتَّبِعُواْ ٱلۡمُرۡسَلِينَ</textIndopak>
    <translations>
      <translation>
        <author>Dr. Mustafa Khattab, the Clear Quran</author>
        <text>Then from the farthest end of the city a man came, rushing. He advised, “O my people! Follow the messengers.</text>
      </translation>
    </translations>
    <rules>[{"start": 16, "end": 18, "rule_id": 1}, {"start": 39, "end": 44, "rule_id": 3}]</rules>
  </verse>
  <verse>
    <verseIdArabic>٢١</verseIdArabic>
    <verseId>21</verseId>
    <chapterId>36</chapterId>
    <textIndopak>ٱتَّبِعُواْ مَن لَّا يَسۡـَٔلُكُمۡ أَجۡرٗا وَهُم مُّهۡتَدُونَ</textIndopak>
    <translations>
      <translation>
        <author>Dr. Mustafa Khattab, the Clear Quran</author>
        <text>Follow those who ask no reward of you, and are ˹rightly˺ guided.</text>
      </translation>
    </translations>
    <rules>[{"start": 49, "end": 52, "rule_id": 0}, {"start": 37, "end": 39, "rule_id": 1}, {"start": 39, "end": 45, "rule_id": 3}, {"start": 47, "end": 52, "rule_id": 4}, {"start": 14, "end": 19, "rule_id": 5}]</rules>
  </verse>
  <verse>
    <verseIdArabic>٢٢</verseIdArabic>
    <verseId>22</verseId>
    <chapterId>36</chapterId>
    <textIndopak>وَمَالِيَ لَآ أَعۡبُدُ ٱلَّذِي فَطَرَنِي وَإِلَيۡهِ تُرۡجَعُونَ</textIndopak>
    <translations>
      <translation>
        <author>Dr. Mustafa Khattab, the Clear Quran</author>
        <text>And why should I not worship the One Who has originated me, and to Whom you will be returned.</text>
      </translation>
    </translations>
  </verse>
  <verse>
    <verseIdArabic>٢٣</verseIdArabic>
    <verseId>23</verseId>
    <chapterId>36</chapterId>
    <textIndopak>ءَأَتَّخِذُ مِن دُونِهِۦٓ ءَالِهَةً إِن يُرِدۡنِ ٱلرَّحۡمَٰنُ بِضُرّٖ لَّا تُغۡنِ عَنِّي شَفَٰعَتُهُمۡ شَيۡـٔٗا وَلَا يُنقِذُونِ</textIndopak>
    <translations>
      <translation>
        <author>Dr. Mustafa Khattab, the Clear Quran</author>
        <text>How could I take besides Him other gods whose intercession would not be of any benefit to me, nor could they save me if the Most Compassionate intended to harm me?</text>
      </translation>
    </translations>
    <rules>[{"start": 84, "end": 87, "rule_id": 0}, {"start": 44, "end": 46, "rule_id": 1}, {"start": 38, "end": 42, "rule_id": 3}, {"start": 108, "end": 114, "rule_id": 3}, {"start": 66, "end": 73, "rule_id": 5}, {"start": 14, "end": 18, "rule_id": 6}, {"start": 120, "end": 123, "rule_id": 6}]</rules>
  </verse>
  <verse>
    <verseIdArabic>٢٤</verseIdArabic>
    <verseId>24</verseId>
    <chapterId>36</chapterId>
    <textIndopak>إِنِّيٓ إِذٗا لَّفِي ضَلَٰلٖ مُّبِينٍ</textIndopak>
    <translations>
      <translation>
        <author>Dr. Mustafa Khattab, the Clear Quran</author>
        <text>Indeed, I would then be clearly astray.</text>
      </translation>
    </translations>
    <rules>[{"start": 2, "end": 5, "rule_id": 0}, {"start": 29, "end": 32, "rule_id": 0}, {"start": 26, "end": 32, "rule_id": 3}, {"start": 10, "end": 17, "rule_id": 5}]</rules>
  </verse>
  <verse>
    <verseIdArabic>٢٥</verseIdArabic>
    <verseId>25</verseId>
    <chapterId>36</chapterId>
    <textIndopak>إِنِّيٓ ءَامَنتُ بِرَبِّكُمۡ فَٱسۡمَعُونِ</textIndopak>
    <translations>
      <translation>
        <author>Dr. Mustafa Khattab, the Clear Quran</author>
        <text>I do believe in your Lord, so listen to me.”</text>
      </translation>
    </translations>
    <rules>[{"start": 2, "end": 5, "rule_id": 0}, {"start": 13, "end": 16, "rule_id": 6}]</rules>
  </verse>
  <verse>
    <verseIdArabic>٢٦</verseIdArabic>
    <verseId>26</verseId>
    <chapterId>36</chapterId>
    <textIndopak>قِيلَ ٱدۡخُلِ ٱلۡجَنَّةَۖ قَالَ يَٰلَيۡتَ قَوۡمِي يَعۡلَمُونَ</textIndopak>
    <translations>
      <translation>
        <author>Dr. Mustafa Khattab, the Clear Quran</author>
        <text>˹But they killed him, then˺ he was told ˹by the angels˺, “Enter Paradise!” He said, “If only my people knew</text>
      </translation>
    </translations>
    <rules>[{"start": 19, "end": 22, "rule_id": 0}, {"start": 7, "end": 9, "rule_id": 1}]</rules>
  </verse>
  <verse>
    <verseIdArabic>٢٧</verseIdArabic>
    <verseId>27</verseId>
    <chapterId>36</chapterId>
    <textIndopak>بِمَا غَفَرَ لِي رَبِّي وَجَعَلَنِي مِنَ ٱلۡمُكۡرَمِينَ</textIndopak>
    <translations>
      <translation>
        <author>Dr. Mustafa Khattab, the Clear Quran</author>
        <text>of how my Lord has forgiven me, and made me one of the honourable.”</text>
      </translation>
    </translations>
  </verse>
  <verse>
    <verseIdArabic>٢٨</verseIdArabic>
    <verseId>28</verseId>
    <chapterId>36</chapterId>
    <textIndopak>۞ وَمَآ أَنزَلۡنَا عَلَىٰ قَوۡمِهِۦ مِنۢ بَعۡدِهِۦ مِن جُندٖ مِّنَ ٱلسَّمَآءِ وَمَا كُنَّا مُنزِلِينَ</textIndopak>
    <translations>
      <translation>
        <author>Dr. Mustafa Khattab, the Clear Quran</author>
        <text>We did not send any soldiers from the heavens against his people after his death, nor did We need to.</text>
      </translation>
    </translations>
    <rules>[{"start": 62, "end": 65, "rule_id": 0}, {"start": 88, "end": 91, "rule_id": 0}, {"start": 39, "end": 44, "rule_id": 2}, {"start": 59, "end": 65, "rule_id": 3}, {"start": 11, "end": 14, "rule_id": 6}, {"start": 54, "end": 58, "rule_id": 6}, {"start": 58, "end": 61, "rule_id": 6}, {"start": 95, "end": 98, "rule_id": 6}]</rules>
  </verse>
  <verse>
    <verseIdArabic>٢٩</verseIdArabic>
    <verseId>29</verseId>
    <chapterId>36</chapterId>
    <textIndopak>إِن كَانَتۡ إِلَّا صَيۡحَةٗ وَٰحِدَةٗ فَإِذَا هُمۡ خَٰمِدُونَ</textIndopak>
    <translations>
      <translation>
        <author>Dr. Mustafa Khattab, the Clear Quran</author>
        <text>All it took was one ˹mighty˺ blast, and they were extinguished at once.</text>
      </translation>
    </translations>
    <rules>[{"start": 25, "end": 31, "rule_id": 3}, {"start": 2, "end": 6, "rule_id": 6}, {"start": 35, "end": 40, "rule_id": 6}]</rules>
  </verse>
  <verse>
    <verseIdArabic>٣٠</verseIdArabic>
    <verseId>30</verseId>
    <chapterId>36</chapterId>
    <textIndopak>يَٰحَسۡرَةً عَلَى ٱلۡعِبَادِۚ مَا يَأۡتِيهِم مِّن رَّسُولٍ إِلَّا كَانُواْ بِهِۦ يَسۡتَهۡزِءُونَ</textIndopak>
    <translations>
      <translation>
        <author>Dr. Mustafa Khattab, the Clear Quran</author>
        <text>Oh pity, such beings! No messenger ever came to them without being mocked.</text>
      </translation>
    </translations>
    <rules>[{"start": 46, "end": 49, "rule_id": 0}, {"start": 44, "end": 49, "rule_id": 4}, {"start": 49, "end": 54, "rule_id": 5}]</rules>
  </verse>
  <verse>
    <verseIdArabic>٣١</verseIdArabic>
    <verseId>31</verseId>
    <chapterId>36</chapterId>
    <textIndopak>أَلَمۡ يَرَوۡاْ كَمۡ أَهۡلَكۡنَا قَبۡلَهُم مِّنَ ٱلۡقُرُونِ أَنَّهُمۡ إِلَيۡهِمۡ لَا يَرۡجِعُونَ</textIndopak>
    <translations>
      <translation>
        <author>Dr. Mustafa Khattab, the Clear Quran</author>
        <text>Have the deniers not considered how many peoples We destroyed before them who never came back to life again?</text>
      </translation>
    </translations>
    <rules>[{"start": 43, "end": 46, "rule_id": 0}, {"start": 62, "end": 65, "rule_id": 0}, {"start": 35, "end": 37, "rule_id": 1}, {"start": 41, "end": 46, "rule_id": 4}]</rules>
  </verse>
  <verse>
    <verseIdArabic>٣٢</verseIdArabic>
    <verseId>32</verseId>
    <chapterId>36</chapterId>
    <textIndopak>وَإِن كُلّٞ لَّمَّا جَمِيعٞ لَّدَيۡنَا مُحۡضَرُونَ</textIndopak>
    <translations>
      <translation>
        <author>Dr. Mustafa Khattab, the Clear Quran</author>
        <text>Yet they will all be brought before Us.</text>
      </translation>
    </translations>
    <rules>[{"start": 15, "end": 18, "rule_id": 0}, {"start": 8, "end": 15, "rule_id": 5}, {"start": 25, "end": 31, "rule_id": 5}, {"start": 4, "end": 8, "rule_id": 6}]</rules>
  </verse>
  <verse>
    <verseIdArabic>٣٣</verseIdArabic>
    <verseId>33</verseId>
    <chapterId>36</chapterId>
    <textIndopak>وَءَايَةٞ لَّهُمُ ٱلۡأَرۡضُ ٱلۡمَيۡتَةُ أَحۡيَيۡنَٰهَا وَأَخۡرَجۡنَا مِنۡهَا حَبّٗا فَمِنۡهُ يَأۡكُلُونَ</textIndopak>
    <translations>
      <translation>
        <author>Dr. Mustafa Khattab, the Clear Quran</author>
        <text>There is a sign for them in the dead earth: We give it life, producing grain from it for them to eat.</text>
      </translation>
    </translations>
    <rules>[{"start": 63, "end": 65, "rule_id": 1}, {"start": 7, "end": 13, "rule_id": 5}]</rules>
  </verse>
  <verse>
    <verseIdArabic>٣٤</verseIdArabic>
    <verseId>34</verseId>
    <chapterId>36</chapterId>
    <textIndopak>وَجَعَلۡنَا فِيهَا جَنَّٰتٖ مِّن نَّخِيلٖ وَأَعۡنَٰبٖ وَفَجَّرۡنَا فِيهَا مِنَ ٱلۡعُيُونِ</textIndopak>
    <translations>
      <translation>
        <author>Dr. Mustafa Khattab, the Clear Quran</author>
        <text>And We have placed in it gardens of palm trees and grapevines, and caused springs to gush forth in it,</text>
      </translation>
    </translations>
    <rules>[{"start": 21, "end": 25, "rule_id": 0}, {"start": 28, "end": 31, "rule_id": 0}, {"start": 33, "end": 36, "rule_id": 0}, {"start": 31, "end": 36, "rule_id": 3}, {"start": 25, "end": 31, "rule_id": 3}, {"start": 39, "end": 44, "rule_id": 3}, {"start": 51, "end": 56, "rule_id": 3}]</rules>
  </verse>
  <verse>
    <verseIdArabic>٣٥</verseIdArabic>
    <verseId>35</verseId>
    <chapterId>36</chapterId>
    <textIndopak>لِيَأۡكُلُواْ مِن ثَمَرِهِۦ وَمَا عَمِلَتۡهُ أَيۡدِيهِمۡۚ أَفَلَا يَشۡكُرُونَ</textIndopak>
    <translations>
      <translation>
        <author>Dr. Mustafa Khattab, the Clear Quran</author>
        <text>so that they may eat from its fruit, which they had no hand in making. Will they not then give thanks?</text>
      </translation>
    </translations>
    <rules>[{"start": 16, "end": 20, "rule_id": 6}]</rules>
  </verse>
  <verse>
    <verseIdArabic>٣٦</verseIdArabic>
    <verseId>36</verseId>
    <chapterId>36</chapterId>
    <textIndopak>سُبۡحَٰنَ ٱلَّذِي خَلَقَ ٱلۡأَزۡوَٰجَ كُلَّهَا مِمَّا تُنۢبِتُ ٱلۡأَرۡضُ وَمِنۡ أَنفُسِهِمۡ وَمِمَّا لَا يَعۡلَمُونَ</textIndopak>
    <translations>
      <translation>
        <author>Dr. Mustafa Khattab, the Clear Quran</author>
        <text>Glory be to the One Who created all ˹things in˺ pairs—˹be it˺ what the earth produces, their genders, or what they do not know!</text>
      </translation>
    </translations>
    <rules>[{"start": 49, "end": 52, "rule_id": 0}, {"start": 96, "end": 99, "rule_id": 0}, {"start": 2, "end": 4, "rule_id": 1}, {"start": 56, "end": 60, "rule_id": 2}, {"start": 82, "end": 85, "rule_id": 6}]</rules>
  </verse>
  <verse>
    <verseIdArabic>٣٧</verseIdArabic>
    <verseId>37</verseId>
    <chapterId>36</chapterId>
    <textIndopak>وَءَايَةٞ لَّهُمُ ٱلَّيۡلُ نَسۡلَخُ مِنۡهُ ٱلنَّهَارَ فَإِذَا هُم مُّظۡلِمُونَ</textIndopak>
    <translations>
      <translation>
        <author>Dr. Mustafa Khattab, the Clear Quran</author>
        <text>There is also a sign for them in the night: We strip from it daylight, then—behold!—they are in darkness.</text>
      </translation>
    </translations>
    <rules>[{"start": 45, "end": 48, "rule_id": 0}, {"start": 66, "end": 69, "rule_id": 0}, {"start": 64, "end": 69, "rule_id": 4}, {"start": 7, "end": 13, "rule_id": 5}]</rules>
  </verse>
  <verse>
    <verseIdArabic>٣٨</verseIdArabic>
    <verseId>38</verseId>
    <chapterId>36</chapterId>
    <textIndopak>وَٱلشَّمۡسُ تَجۡرِي لِمُسۡتَقَرّٖ لَّهَاۚ ذَٰلِكَ تَقۡدِيرُ ٱلۡعَزِيزِ ٱلۡعَلِيمِ</textIndopak>
    <translations>
      <translation>
        <author>Dr. Mustafa Khattab, the Clear Quran</author>
        <text>The sun travels for its fixed term. That is the design of the Almighty, All-Knowing.</text>
      </translation>
    </translations>
    <rules>[{"start": 14, "end": 16, "rule_id": 1}, {"start": 53, "end": 55, "rule_id": 1}, {"start": 30, "end": 37, "rule_id": 5}]</rules>
  </verse>
  <verse>
    <verseIdArabic>٣٩</verseIdArabic>
    <verseId>39</verseId>
    <chapterId>36</chapterId>
    <textIndopak>وَٱلۡقَمَرَ قَدَّرۡنَٰهُ مَنَازِلَ حَتَّىٰ عَادَ كَٱلۡعُرۡجُونِ ٱلۡقَدِيمِ</textIndopak>
    <translations>
      <translation>
        <author>Dr. Mustafa Khattab, the Clear Quran</author>
        <text>As for the moon, We have ordained ˹precise˺ phases for it, until it ends up like an old, curved palm stalk.</text>
      </translation>
    </translations>
  </verse>
  <verse>
    <verseIdArabic>٤٠</verseIdArabic>
    <verseId>40</verseId>
    <chapterId>36</chapterId>
    <textIndopak>لَا ٱلشَّمۡسُ يَنۢبَغِي لَهَآ أَن تُدۡرِكَ ٱلۡقَمَرَ وَلَا ٱلَّيۡلُ سَابِقُ ٱلنَّهَارِۚ وَكُلّٞ فِي فَلَكٖ يَسۡبَحُونَ</textIndopak>
    <translations>
      <translation>
        <author>Dr. Mustafa Khattab, the Clear Quran</author>
        <text>It is not for the sun to catch up with the moon, nor does the night outrun the day. Each is travelling in an orbit of their own.</text>
      </translation>
    </translations>
    <rules>[{"start": 79, "end": 82, "rule_id": 0}, {"start": 37, "end": 39, "rule_id": 1}, {"start": 16, "end": 20, "rule_id": 2}, {"start": 106, "end": 111, "rule_id": 3}, {"start": 33, "end": 37, "rule_id": 6}, {"start": 94, "end": 100, "rule_id": 6}]</rules>
  </verse>
  <verse>
    <verseIdArabic>٤١</verseIdArabic>
    <verseId>41</verseId>
    <chapterId>36</chapterId>
    <textIndopak>وَءَايَةٞ لَّهُمۡ أَنَّا حَمَلۡنَا ذُرِّيَّتَهُمۡ فِي ٱلۡفُلۡكِ ٱلۡمَشۡحُونِ</textIndopak>
    <translations>
      <translation>
        <author>Dr. Mustafa Khattab, the Clear Quran</author>
        <text>Another sign for them is that We carried their ancestors ˹with Noah˺ in the fully loaded Ark,</text>
      </translation>
    </translations>
    <rules>[{"start": 20, "end": 23, "rule_id": 0}, {"start": 7, "end": 13, "rule_id": 5}]</rules>
  </verse>
  <verse>
    <verseIdArabic>٤٢</verseIdArabic>
    <verseId>42</verseId>
    <chapterId>36</chapterId>
    <textIndopak>وَخَلَقۡنَا لَهُم مِّن مِّثۡلِهِۦ مَا يَرۡكَبُونَ</textIndopak>
    <translations>
      <translation>
        <author>Dr. Mustafa Khattab, the Clear Quran</author>
        <text>and created for them similar things to ride in.</text>
      </translation>
    </translations>
    <rules>[{"start": 18, "end": 21, "rule_id": 0}, {"start": 23, "end": 26, "rule_id": 0}, {"start": 6, "end": 8, "rule_id": 1}, {"start": 21, "end": 26, "rule_id": 3}, {"start": 16, "end": 21, "rule_id": 4}]</rules>
  </verse>
  <verse>
    <verseIdArabic>٤٣</verseIdArabic>
    <verseId>43</verseId>
    <chapterId>36</chapterId>
    <textIndopak>وَإِن نَّشَأۡ نُغۡرِقۡهُمۡ فَلَا صَرِيخَ لَهُمۡ وَلَا هُمۡ يُنقَذُونَ</textIndopak>
    <translations>
      <translation>
        <author>Dr. Mustafa Khattab, the Clear Quran</author>
        <text>If We willed, We could drown them: then no one would respond to their cries, nor would they be rescued—</text>
      </translation>
    </translations>
    <rules>[{"start": 6, "end": 9, "rule_id": 0}, {"start": 20, "end": 22, "rule_id": 1}, {"start": 4, "end": 9, "rule_id": 3}, {"start": 61, "end": 64, "rule_id": 6}]</rules>
  </verse>
  <verse>
    <verseIdArabic>٤٤</verseIdArabic>
    <verseId>44</verseId>
    <chapterId>36</chapterId>
    <textIndopak>إِلَّا رَحۡمَةٗ مِّنَّا وَمَتَٰعًا إِلَىٰ حِينٖ</textIndopak>
    <translations>
      <translation>
        <author>Dr. Mustafa Khattab, the Clear Quran</author>
        <text>except by mercy from Us, allowing them enjoyment for a ˹little˺ while.</text>
      </translation>
    </translations>
    <rules>[{"start": 16, "end": 19, "rule_id": 0}, {"start": 19, "end": 22, "rule_id": 0}, {"start": 13, "end": 19, "rule_id": 3}]</rules>
  </verse>
  <verse>
    <verseIdArabic>٤٥</verseIdArabic>
    <verseId>45</verseId>
    <chapterId>36</chapterId>
    <textIndopak>وَإِذَا قِيلَ لَهُمُ ٱتَّقُواْ مَا بَيۡنَ أَيۡدِيكُمۡ وَمَا خَلۡفَكُمۡ لَعَلَّكُمۡ تُرۡحَمُونَ</textIndopak>
    <translations>
      <translation>
        <author>Dr. Mustafa Khattab, the Clear Quran</author>
        <text>˹Still they turn away˺ when it is said to them, “Beware of what is ahead of you ˹in the Hereafter˺ and what is behind you ˹of destroyed nations˺ so you may be shown mercy.”</text>
      </translation>
    </translations>
  </verse>
  <verse>
    <verseIdArabic>٤٦</verseIdArabic>
    <verseId>46</verseId>
    <chapterId>36</chapterId>
    <textIndopak>وَمَا تَأۡتِيهِم مِّنۡ ءَايَةٖ مِّنۡ ءَايَٰتِ رَبِّهِمۡ إِلَّا كَانُواْ عَنۡهَا مُعۡرِضِينَ</textIndopak>
    <translations>
      <translation>
        <author>Dr. Mustafa Khattab, the Clear Quran</author>
        <text>Whenever a sign comes to them from their Lord, they turn away from it.</text>
      </translation>
    </translations>
    <rules>[{"start": 17, "end": 20, "rule_id": 0}, {"start": 31, "end": 34, "rule_id": 0}, {"start": 28, "end": 34, "rule_id": 3}, {"start": 15, "end": 20, "rule_id": 4}]</rules>
  </verse>
  <verse>
    <verseIdArabic>٤٧</verseIdArabic>
    <verseId>47</verseId>
    <chapterId>36</chapterId>
    <textIndopak>وَإِذَا قِيلَ لَهُمۡ أَنفِقُواْ مِمَّا رَزَقَكُمُ ٱللَّهُ قَالَ ٱلَّذِينَ كَفَرُواْ لِلَّذِينَ ءَامَنُوٓاْ أَنُطۡعِمُ مَن لَّوۡ يَشَآءُ ٱللَّهُ أَطۡعَمَهُۥٓ إِنۡ أَنتُمۡ إِلَّا فِي ضَلَٰلٖ مُّبِينٖ</textIndopak>
    <translations>
      <translation>
        <author>Dr. Mustafa Khattab, the Clear Quran</author>
        <text>And when it is said to them, “Donate from what Allah has provided for you,” the disbelievers say to the believers, “Why should we feed those whom Allah could have fed if He wanted to? You are clearly astray!”</text>
      </translation>
    </translations>
    <rules>[{"start": 34, "end": 37, "rule_id": 0}, {"start": 190, "end": 193, "rule_id": 0}, {"start": 111, "end": 113, "rule_id": 1}, {"start": 147, "end": 149, "rule_id": 1}, {"start": 187, "end": 193, "rule_id": 3}, {"start": 120, "end": 125, "rule_id": 5}, {"start": 23, "end": 26, "rule_id": 6}, {"start": 165, "end": 168, "rule_id": 6}]</rules>
  </verse>
  <verse>
    <verseIdArabic>٤٨</verseIdArabic>
    <verseId>48</verseId>
    <chapterId>36</chapterId>
    <textIndopak>وَيَقُولُونَ مَتَىٰ هَٰذَا ٱلۡوَعۡدُ إِن كُنتُمۡ صَٰدِقِينَ</textIndopak>
    <translations>
      <translation>
        <author>Dr. Mustafa Khattab, the Clear Quran</author>
        <text>And they ask ˹the believers˺, “When will this threat come to pass, if what you say is true?”</text>
      </translation>
    </translations>
    <rules>[{"start": 39, "end": 43, "rule_id": 6}, {"start": 43, "end": 46, "rule_id": 6}]</rules>
  </verse>
  <verse>
    <verseIdArabic>٤٩</verseIdArabic>
    <verseId>49</verseId>
    <chapterId>36</chapterId>
    <textIndopak>مَا يَنظُرُونَ إِلَّا صَيۡحَةٗ وَٰحِدَةٗ تَأۡخُذُهُمۡ وَهُمۡ يَخِصِّمُونَ</textIndopak>
    <translations>
      <translation>
        <author>Dr. Mustafa Khattab, the Clear Quran</author>
        <text>They must be awaiting a single Blast, which will seize them while they are ˹entrenched˺ in ˹worldly˺ disputes.</text>
      </translation>
    </translations>
    <rules>[{"start": 28, "end": 34, "rule_id": 3}, {"start": 6, "end": 9, "rule_id": 6}, {"start": 38, "end": 43, "rule_id": 6}]</rules>
  </verse>
  <verse>
    <verseIdArabic>٥٠</verseIdArabic>
    <verseId>50</verseId>
    <chapterId>36</chapterId>
    <textIndopak>فَلَا يَسۡتَطِيعُونَ تَوۡصِيَةٗ وَلَآ إِلَىٰٓ أَهۡلِهِمۡ يَرۡجِعُونَ</textIndopak>
    <translations>
      <translation>
        <author>Dr. Mustafa Khattab, the Clear Quran</author>
        <text>Then they will not be able to make a ˹last˺ will, nor can they return to their own people.</text>
      </translation>
    </translations>
    <rules>[{"start": 29, "end": 34, "rule_id": 3}]</rules>
  </verse>
  <verse>
    <verseIdArabic>٥١</verseIdArabic>
    <verseId>51</verseId>
    <chapterId>36</chapterId>
    <textIndopak>وَنُفِخَ فِي ٱلصُّورِ فَإِذَا هُم مِّنَ ٱلۡأَجۡدَاثِ إِلَىٰ رَبِّهِمۡ يَنسِلُونَ</textIndopak>
    <translations>
      <translation>
        <author>Dr. Mustafa Khattab, the Clear Quran</author>
        <text>The Trumpet will be blown ˹a second time˺, then—behold!—they will rush from the graves to their Lord.</text>
      </translation>
    </translations>
    <rules>[{"start": 34, "end": 37, "rule_id": 0}, {"start": 45, "end": 47, "rule_id": 1}, {"start": 32, "end": 37, "rule_id": 4}, {"start": 72, "end": 75, "rule_id": 6}]</rules>
  </verse>
  <verse>
    <verseIdArabic>٥٢</verseIdArabic>
    <verseId>52</verseId>
    <chapterId>36</chapterId>
    <textIndopak>قَالُواْ يَٰوَيۡلَنَا مَنۢ بَعَثَنَا مِن مَّرۡقَدِنَاۜۗ هَٰذَا مَا وَعَدَ ٱلرَّحۡمَٰنُ وَصَدَقَ ٱلۡمُرۡسَلُونَ</textIndopak>
    <translations>
      <translation>
        <author>Dr. Mustafa Khattab, the Clear Quran</author>
        <text>They will cry, “Woe to us! Who has raised us up from our place of rest? This must be what the Most Compassionate warned us of; the messengers told the truth!”</text>
      </translation>
    </translations>
    <rules>[{"start": 41, "end": 44, "rule_id": 0}, {"start": 24, "end": 29, "rule_id": 2}, {"start": 39, "end": 44, "rule_id": 3}]</rules>
  </verse>
  <verse>
    <verseIdArabic>٥٣</verseIdArabic>
    <verseId>53</verseId>
    <chapterId>36</chapterId>
    <textIndopak>إِن كَانَتۡ إِلَّا صَيۡحَةٗ وَٰحِدَةٗ فَإِذَا هُمۡ جَمِيعٞ لَّدَيۡنَا مُحۡضَرُونَ</textIndopak>
    <translations>
      <translation>
        <author>Dr. Mustafa Khattab, the Clear Quran</author>
        <text>It will only take one Blast, then at once they will all be brought before Us.</text>
      </translation>
    </translations>
    <rules>[{"start": 25, "end": 31, "rule_id": 3}, {"start": 56, "end": 62, "rule_id": 5}, {"start": 2, "end": 6, "rule_id": 6}, {"start": 35, "end": 40, "rule_id": 6}]</rules>
  </verse>
  <verse>
    <verseIdArabic>٥٤</verseIdArabic>
    <verseId>54</verseId>
    <chapterId>36</chapterId>
    <textIndopak>فَٱلۡيَوۡمَ لَا تُظۡلَمُ نَفۡسٞ شَيۡـٔٗا وَلَا تُجۡزَوۡنَ إِلَّا مَا كُنتُمۡ تَعۡمَلُونَ</textIndopak>
    <translations>
      <translation>
        <author>Dr. Mustafa Khattab, the Clear Quran</author>
        <text>On that Day no soul will be wronged in the least, nor will you be rewarded except for what you used to do.</text>
      </translation>
    </translations>
    <rules>[{"start": 49, "end": 51, "rule_id": 1}, {"start": 37, "end": 43, "rule_id": 3}, {"start": 71, "end": 74, "rule_id": 6}, {"start": 29, "end": 34, "rule_id": 6}]</rules>
  </verse>
  <verse>
    <verseIdArabic>٥٥</verseIdArabic>
    <verseId>55</verseId>
    <chapterId>36</chapterId>
    <textIndopak>إِنَّ أَصۡحَٰبَ ٱلۡجَنَّةِ ٱلۡيَوۡمَ فِي شُغُلٖ فَٰكِهُونَ</textIndopak>
    <translations>
      <translation>
        <author>Dr. Mustafa Khattab, the Clear Quran</author>
        <text>Indeed, on that Day the residents of Paradise will be busy enjoying themselves.</text>
      </translation>
    </translations>
    <rules>[{"start": 2, "end": 5, "rule_id": 0}, {"start": 21, "end": 24, "rule_id": 0}, {"start": 45, "end": 51, "rule_id": 6}]</rules>
  </verse>
  <verse>
    <verseIdArabic>٥٦</verseIdArabic>
    <verseId>56</verseId>
    <chapterId>36</chapterId>
    <textIndopak>هُمۡ وَأَزۡوَٰجُهُمۡ فِي ظِلَٰلٍ عَلَى ٱلۡأَرَآئِكِ مُتَّكِـُٔونَ</textIndopak>
    <translations>
      <translation>
        <author>Dr. Mustafa Khattab, the Clear Quran</author>
        <text>They and their spouses will be in ˹cool˺ shade, reclining on ˹canopied˺ couches.</text>
      </translation>
    </translations>
  </verse>
  <verse>
    <verseIdArabic>٥٧</verseIdArabic>
    <verseId>57</verseId>
    <chapterId>36</chapterId>
    <textIndopak>لَهُمۡ فِيهَا فَٰكِهَةٞ وَلَهُم مَّا يَدَّعُونَ</textIndopak>
    <translations>
      <translation>
        <author>Dr. Mustafa Khattab, the Clear Quran</author>
        <text>There they will have fruits and whatever they desire.</text>
      </translation>
    </translations>
    <rules>[{"start": 32, "end": 35, "rule_id": 0}, {"start": 21, "end": 26, "rule_id": 3}, {"start": 30, "end": 35, "rule_id": 4}]</rules>
  </verse>
  <verse>
    <verseIdArabic>٥٨</verseIdArabic>
    <verseId>58</verseId>
    <chapterId>36</chapterId>
    <textIndopak>سَلَٰمٞ قَوۡلٗا مِّن رَّبّٖ رَّحِيمٖ</textIndopak>
    <translations>
      <translation>
        <author>Dr. Mustafa Khattab, the Clear Quran</author>
        <text>And “Peace!” will be ˹their˺ greeting from the Merciful Lord.</text>
      </translation>
    </translations>
    <rules>[{"start": 16, "end": 19, "rule_id": 0}, {"start": 12, "end": 19, "rule_id": 3}, {"start": 19, "end": 24, "rule_id": 5}, {"start": 24, "end": 31, "rule_id": 5}, {"start": 5, "end": 10, "rule_id": 6}]</rules>
  </verse>
  <verse>
    <verseIdArabic>٥٩</verseIdArabic>
    <verseId>59</verseId>
    <chapterId>36</chapterId>
    <textIndopak>وَٱمۡتَٰزُواْ ٱلۡيَوۡمَ أَيُّهَا ٱلۡمُجۡرِمُونَ</textIndopak>
    <translations>
      <translation>
        <author>Dr. Mustafa Khattab, the Clear Quran</author>
        <text>˹Then the disbelievers will be told,˺ “Step away ˹from the believers˺ this Day, O wicked ones!</text>
      </translation>
    </translations>
    <rules>[{"start": 38, "end": 40, "rule_id": 1}]</rules>
  </verse>
  <verse>
    <verseIdArabic>٦٠</verseIdArabic>
    <verseId>60</verseId>
    <chapterId>36</chapterId>
    <textIndopak>۞ أَلَمۡ أَعۡهَدۡ إِلَيۡكُمۡ يَٰبَنِيٓ ءَادَمَ أَن لَّا تَعۡبُدُواْ ٱلشَّيۡطَٰنَۖ إِنَّهُۥ لَكُمۡ عَدُوّٞ مُّبِينٞ</textIndopak>
    <translations>
      <translation>
        <author>Dr. Mustafa Khattab, the Clear Quran</author>
        <text>Did I not command you, O Children of Adam, not to follow Satan, for he is truly your sworn enemy,</text>
      </translation>
    </translations>
    <rules>[{"start": 85, "end": 88, "rule_id": 0}, {"start": 107, "end": 110, "rule_id": 0}, {"start": 15, "end": 17, "rule_id": 1}, {"start": 103, "end": 110, "rule_id": 3}, {"start": 49, "end": 54, "rule_id": 5}]</rules>
  </verse>
  <verse>
    <verseIdArabic>٦١</verseIdArabic>
    <verseId>61</verseId>
    <chapterId>36</chapterId>
    <textIndopak>وَأَنِ ٱعۡبُدُونِيۚ هَٰذَا صِرَٰطٞ مُّسۡتَقِيمٞ</textIndopak>
    <translations>
      <translation>
        <author>Dr. Mustafa Khattab, the Clear Quran</author>
        <text>but to worship Me ˹alone˺? This is the Straight Path.</text>
      </translation>
    </translations>
    <rules>[{"start": 36, "end": 39, "rule_id": 0}, {"start": 33, "end": 39, "rule_id": 3}]</rules>
  </verse>
  <verse>
    <verseIdArabic>٦٢</verseIdArabic>
    <verseId>62</verseId>
    <chapterId>36</chapterId>
    <textIndopak>وَلَقَدۡ أَضَلَّ مِنكُمۡ جِبِلّٗا كَثِيرًاۖ أَفَلَمۡ تَكُونُواْ تَعۡقِلُونَ</textIndopak>
    <translations>
      <translation>
        <author>Dr. Mustafa Khattab, the Clear Quran</author>
        <text>Yet he already misled great multitudes of you. Did you not have any sense?</text>
      </translation>
    </translations>
    <rules>[{"start": 6, "end": 8, "rule_id": 1}, {"start": 19, "end": 22, "rule_id": 6}]</rules>
  </verse>
  <verse>
    <verseIdArabic>٦٣</verseIdArabic>
    <verseId>63</verseId>
    <chapterId>36</chapterId>
    <textIndopak>هَٰذِهِۦ جَهَنَّمُ ٱلَّتِي كُنتُمۡ تُوعَدُونَ</textIndopak>
    <translations>
      <translation>
        <author>Dr. Mustafa Khattab, the Clear Quran</author>
        <text>This is the Hell you were warned of.</text>
      </translation>
    </translations>
    <rules>[{"start": 13, "end": 16, "rule_id": 0}, {"start": 29, "end": 32, "rule_id": 6}]</rules>
  </verse>
  <verse>
    <verseIdArabic>٦٤</verseIdArabic>
    <verseId>64</verseId>
    <chapterId>36</chapterId>
    <textIndopak>ٱصۡلَوۡهَا ٱلۡيَوۡمَ بِمَا كُنتُمۡ تَكۡفُرُونَ</textIndopak>
    <translations>
      <translation>
        <author>Dr. Mustafa Khattab, the Clear Quran</author>
        <text>Burn in it Today for your disbelief.”</text>
      </translation>
    </translations>
    <rules>[{"start": 29, "end": 32, "rule_id": 6}]</rules>
  </verse>
  <verse>
    <verseIdArabic>٦٥</verseIdArabic>
    <verseId>65</verseId>
    <chapterId>36</chapterId>
    <textIndopak>ٱلۡيَوۡمَ نَخۡتِمُ عَلَىٰٓ أَفۡوَٰهِهِمۡ وَتُكَلِّمُنَآ أَيۡدِيهِمۡ وَتَشۡهَدُ أَرۡجُلُهُم بِمَا كَانُواْ يَكۡسِبُونَ</textIndopak>
    <translations>
      <translation>
        <author>Dr. Mustafa Khattab, the Clear Quran</author>
        <text>On this Day We will seal their mouths, their hands will speak to Us, and their feet will testify to what they used to commit.</text>
      </translation>
    </translations>
    <rules>[{"start": 90, "end": 94, "rule_id": 7}]</rules>
  </verse>
  <verse>
    <verseIdArabic>٦٦</verseIdArabic>
    <verseId>66</verseId>
    <chapterId>36</chapterId>
    <textIndopak>وَلَوۡ نَشَآءُ لَطَمَسۡنَا عَلَىٰٓ أَعۡيُنِهِمۡ فَٱسۡتَبَقُواْ ٱلصِّرَٰطَ فَأَنَّىٰ يُبۡصِرُونَ</textIndopak>
    <translations>
      <translation>
        <author>Dr. Mustafa Khattab, the Clear Quran</author>
        <text>Had We willed, We could have easily blinded their eyes, so they would struggle to find their way. How then could they see?</text>
      </translation>
    </translations>
    <rules>[{"start": 79, "end": 82, "rule_id": 0}, {"start": 87, "end": 89, "rule_id": 1}]</rules>
  </verse>
  <verse>
    <verseIdArabic>٦٧</verseIdArabic>
    <verseId>67</verseId>
    <chapterId>36</chapterId>
    <textIndopak>وَلَوۡ نَشَآءُ لَمَسَخۡنَٰهُمۡ عَلَىٰ مَكَانَتِهِمۡ فَمَا ٱسۡتَطَٰعُواْ مُضِيّٗا وَلَا يَرۡجِعُونَ</textIndopak>
    <translations>
      <translation>
        <author>Dr. Mustafa Khattab, the Clear Quran</author>
        <text>And had We willed, We could have transfigured them on the spot, so they could neither progress forward nor turn back.</text>
      </translation>
    </translations>
    <rules>[{"start": 77, "end": 84, "rule_id": 3}]</rules>
  </verse>
  <verse>
    <verseIdArabic>٦٨</verseIdArabic>
    <verseId>68</verseId>
    <chapterId>36</chapterId>
    <textIndopak>وَمَن نُّعَمِّرۡهُ نُنَكِّسۡهُ فِي ٱلۡخَلۡقِۚ أَفَلَا يَعۡقِلُونَ</textIndopak>
    <translations>
      <translation>
        <author>Dr. Mustafa Khattab, the Clear Quran</author>
        <text>And whoever We grant a long life, We reverse them in development. Will they not then understand?</text>
      </translation>
    </translations>
    <rules>[{"start": 6, "end": 9, "rule_id": 0}, {"start": 11, "end": 14, "rule_id": 0}, {"start": 4, "end": 9, "rule_id": 3}]</rules>
  </verse>
  <verse>
    <verseIdArabic>٦٩</verseIdArabic>
    <verseId>69</verseId>
    <chapterId>36</chapterId>
    <textIndopak>وَمَا عَلَّمۡنَٰهُ ٱلشِّعۡرَ وَمَا يَنۢبَغِي لَهُۥٓۚ إِنۡ هُوَ إِلَّا ذِكۡرٞ وَقُرۡءَانٞ مُّبِينٞ</textIndopak>
    <translations>
      <translation>
        <author>Dr. Mustafa Khattab, the Clear Quran</author>
        <text>We have not taught him poetry, nor is it fitting for him. This ˹Book˺ is only a Reminder and a clear Quran</text>
      </translation>
    </translations>
    <rules>[{"start": 90, "end": 93, "rule_id": 0}, {"start": 37, "end": 41, "rule_id": 2}, {"start": 75, "end": 80, "rule_id": 3}, {"start": 87, "end": 93, "rule_id": 3}]</rules>
  </verse>
  <verse>
    <verseIdArabic>٧٠</verseIdArabic>
    <verseId>70</verseId>
    <chapterId>36</chapterId>
    <textIndopak>لِّيُنذِرَ مَن كَانَ حَيّٗا وَيَحِقَّ ٱلۡقَوۡلُ عَلَى ٱلۡكَٰفِرِينَ</textIndopak>
    <translations>
      <translation>
        <author>Dr. Mustafa Khattab, the Clear Quran</author>
        <text>to warn whoever is ˹truly˺ alive and fulfil the decree ˹of torment˺ against the disbelievers.</text>
      </translation>
    </translations>
    <rules>[{"start": 23, "end": 30, "rule_id": 3}, {"start": 5, "end": 8, "rule_id": 6}, {"start": 13, "end": 17, "rule_id": 6}]</rules>
  </verse>
  <verse>
    <verseIdArabic>٧١</verseIdArabic>
    <verseId>71</verseId>
    <chapterId>36</chapterId>
    <textIndopak>أَوَلَمۡ يَرَوۡاْ أَنَّا خَلَقۡنَا لَهُم مِّمَّا عَمِلَتۡ أَيۡدِينَآ أَنۡعَٰمٗا فَهُمۡ لَهَا مَٰلِكُونَ</textIndopak>
    <translations>
      <translation>
        <author>Dr. Mustafa Khattab, the Clear Quran</author>
        <text>Do they not see that We singlehandedly created for them, among other things, cattle which are under their control?</text>
      </translation>
    </translations>
    <rules>[{"start": 20, "end": 23, "rule_id": 0}, {"start": 41, "end": 44, "rule_id": 0}, {"start": 44, "end": 47, "rule_id": 0}, {"start": 29, "end": 31, "rule_id": 1}, {"start": 39, "end": 44, "rule_id": 4}]</rules>
  </verse>
  <verse>
    <verseIdArabic>٧٢</verseIdArabic>
    <verseId>72</verseId>
    <chapterId>36</chapterId>
    <textIndopak>وَذَلَّلۡنَٰهَا لَهُمۡ فَمِنۡهَا رَكُوبُهُمۡ وَمِنۡهَا يَأۡكُلُونَ</textIndopak>
    <translations>
      <translation>
        <author>Dr. Mustafa Khattab, the Clear Quran</author>
        <text>And We have subjected these ˹animals˺ to them, so they may ride some and eat others.</text>
      </translation>
    </translations>
  </verse>
  <verse>
    <verseIdArabic>٧٣</verseIdArabic>
    <verseId>73</verseId>
    <chapterId>36</chapterId>
    <textIndopak>وَلَهُمۡ فِيهَا مَنَٰفِعُ وَمَشَارِبُۚ أَفَلَا يَشۡكُرُونَ</textIndopak>
    <translations>
      <translation>
        <author>Dr. Mustafa Khattab, the Clear Quran</author>
        <text>And they derive from them other benefits and drinks. Will they not then give thanks?</text>
      </translation>
    </translations>
  </verse>
  <verse>
    <verseIdArabic>٧٤</verseIdArabic>
    <verseId>74</verseId>
    <chapterId>36</chapterId>
    <textIndopak>وَٱتَّخَذُواْ مِن دُونِ ٱللَّهِ ءَالِهَةٗ لَّعَلَّهُمۡ يُنصَرُونَ</textIndopak>
    <translations>
      <translation>
        <author>Dr. Mustafa Khattab, the Clear Quran</author>
        <text>Still they have taken other gods besides Allah, hoping to be helped ˹by them˺.</text>
      </translation>
    </translations>
    <rules>[{"start": 39, "end": 45, "rule_id": 5}, {"start": 16, "end": 20, "rule_id": 6}, {"start": 57, "end": 60, "rule_id": 6}]</rules>
  </verse>
  <verse>
    <verseIdArabic>٧٥</verseIdArabic>
    <verseId>75</verseId>
    <chapterId>36</chapterId>
    <textIndopak>لَا يَسۡتَطِيعُونَ نَصۡرَهُمۡ وَهُمۡ لَهُمۡ جُندٞ مُّحۡضَرُونَ</textIndopak>
    <translations>
      <translation>
        <author>Dr. Mustafa Khattab, the Clear Quran</author>
        <text>They cannot help the pagans, even though they serve the idols as dedicated guards.</text>
      </translation>
    </translations>
    <rules>[{"start": 50, "end": 53, "rule_id": 0}, {"start": 47, "end": 53, "rule_id": 3}, {"start": 46, "end": 49, "rule_id": 6}]</rules>
  </verse>
  <verse>
    <verseIdArabic>٧٦</verseIdArabic>
    <verseId>76</verseId>
    <chapterId>36</chapterId>
    <textIndopak>فَلَا يَحۡزُنكَ قَوۡلُهُمۡۘ إِنَّا نَعۡلَمُ مَا يُسِرُّونَ وَمَا يُعۡلِنُونَ</textIndopak>
    <translations>
      <translation>
        <author>Dr. Mustafa Khattab, the Clear Quran</author>
        <text>So do not let their words grieve you ˹O Prophet˺. Indeed, We ˹fully˺ know what they conceal and what they reveal.</text>
      </translation>
    </translations>
    <rules>[{"start": 31, "end": 34, "rule_id": 0}, {"start": 12, "end": 15, "rule_id": 6}]</rules>
  </verse>
  <verse>
    <verseIdArabic>٧٧</verseIdArabic>
    <verseId>77</verseId>
    <chapterId>36</chapterId>
    <textIndopak>أَوَلَمۡ يَرَ ٱلۡإِنسَٰنُ أَنَّا خَلَقۡنَٰهُ مِن نُّطۡفَةٖ فَإِذَا هُوَ خَصِيمٞ مُّبِينٞ</textIndopak>
    <translations>
      <translation>
        <author>Dr. Mustafa Khattab, the Clear Quran</author>
        <text>Do people not see that We have created them from a sperm-drop, then—behold!—they openly challenge ˹Us˺?</text>
      </translation>
    </translations>
    <rules>[{"start": 28, "end": 31, "rule_id": 0}, {"start": 49, "end": 52, "rule_id": 0}, {"start": 80, "end": 83, "rule_id": 0}, {"start": 37, "end": 39, "rule_id": 1}, {"start": 52, "end": 54, "rule_id": 1}, {"start": 47, "end": 52, "rule_id": 3}, {"start": 77, "end": 83, "rule_id": 3}, {"start": 19, "end": 23, "rule_id": 6}, {"start": 56, "end": 61, "rule_id": 6}]</rules>
  </verse>
  <verse>
    <verseIdArabic>٧٨</verseIdArabic>
    <verseId>78</verseId>
    <chapterId>36</chapterId>
    <textIndopak>وَضَرَبَ لَنَا مَثَلٗا وَنَسِيَ خَلۡقَهُۥۖ قَالَ مَن يُحۡيِ ٱلۡعِظَٰمَ وَهِيَ رَمِيمٞ</textIndopak>
    <translations>
      <translation>
        <author>Dr. Mustafa Khattab, the Clear Quran</author>
        <text>And they argue with Us—forgetting they were created—saying, “Who will give life to decayed bones?”</text>
      </translation>
    </translations>
    <rules>[{"start": 52, "end": 56, "rule_id": 3}, {"start": 19, "end": 25, "rule_id": 3}]</rules>
  </verse>
  <verse>
    <verseIdArabic>٧٩</verseIdArabic>
    <verseId>79</verseId>
    <chapterId>36</chapterId>
    <textIndopak>قُلۡ يُحۡيِيهَا ٱلَّذِيٓ أَنشَأَهَآ أَوَّلَ مَرَّةٖۖ وَهُوَ بِكُلِّ خَلۡقٍ عَلِيمٌ</textIndopak>
    <translations>
      <translation>
        <author>Dr. Mustafa Khattab, the Clear Quran</author>
        <text>Say, ˹O Prophet,˺ “They will be revived by the One Who produced them the first time, for He has ˹perfect˺ knowledge of every created being.</text>
      </translation>
    </translations>
    <rules>[{"start": 50, "end": 57, "rule_id": 3}, {"start": 27, "end": 30, "rule_id": 6}]</rules>
  </verse>
  <verse>
    <verseIdArabic>٨٠</verseIdArabic>
    <verseId>80</verseId>
    <chapterId>36</chapterId>
    <textIndopak>ٱلَّذِي جَعَلَ لَكُم مِّنَ ٱلشَّجَرِ ٱلۡأَخۡضَرِ نَارٗا فَإِذَآ أَنتُم مِّنۡهُ تُوقِدُونَ</textIndopak>
    <translations>
      <translation>
        <author>Dr. Mustafa Khattab, the Clear Quran</author>
        <text>˹He is the One˺ Who gives you fire from green trees, and—behold!—you kindle ˹fire˺ from them.</text>
      </translation>
    </translations>
    <rules>[{"start": 21, "end": 24, "rule_id": 0}, {"start": 72, "end": 75, "rule_id": 0}, {"start": 19, "end": 24, "rule_id": 4}, {"start": 70, "end": 75, "rule_id": 4}, {"start": 67, "end": 70, "rule_id": 6}]</rules>
  </verse>
  <verse>
    <verseIdArabic>٨١</verseIdArabic>
    <verseId>81</verseId>
    <chapterId>36</chapterId>
    <textIndopak>أَوَلَيۡسَ ٱلَّذِي خَلَقَ ٱلسَّمَٰوَٰتِ وَٱلۡأَرۡضَ بِقَٰدِرٍ عَلَىٰٓ أَن يَخۡلُقَ مِثۡلَهُمۚ بَلَىٰ وَهُوَ ٱلۡخَلَّٰقُ ٱلۡعَلِيمُ</textIndopak>
    <translations>
      <translation>
        <author>Dr. Mustafa Khattab, the Clear Quran</author>
        <text>Can the One Who created the heavens and the earth not ˹easily˺ resurrect these ˹deniers˺?” Yes ˹He can˺! For He is the Master Creator, All-Knowing.</text>
      </translation>
    </translations>
    <rules>[{"start": 72, "end": 76, "rule_id": 3}]</rules>
  </verse>
  <verse>
    <verseIdArabic>٨٢</verseIdArabic>
    <verseId>82</verseId>
    <chapterId>36</chapterId>
    <textIndopak>إِنَّمَآ أَمۡرُهُۥٓ إِذَآ أَرَادَ شَيۡـًٔا أَن يَقُولَ لَهُۥ كُن فَيَكُونُ</textIndopak>
    <translations>
      <translation>
        <author>Dr. Mustafa Khattab, the Clear Quran</author>
        <text>All it takes, when He wills something ˹to be˺, is simply to say to it: “Be!” And it is!</text>
      </translation>
    </translations>
    <rules>[{"start": 2, "end": 5, "rule_id": 0}, {"start": 47, "end": 51, "rule_id": 3}, {"start": 65, "end": 69, "rule_id": 6}]</rules>
  </verse>
  <verse>
    <verseIdArabic>٨٣</verseIdArabic>
    <verseId>83</verseId>
    <chapterId>36</chapterId>
    <textIndopak>فَسُبۡحَٰنَ ٱلَّذِي بِيَدِهِۦ مَلَكُوتُ كُلِّ شَيۡءٖ وَإِلَيۡهِ تُرۡجَعُونَ</textIndopak>
    <translations>
      <translation>
        <author>Dr. Mustafa Khattab, the Clear Quran</author>
        <text>So glory be to the One in Whose Hands is the authority over all things, and to Whom ˹alone˺ you will ˹all˺ be returned.</text>
      </translation>
    </translations>
    <rules>[{"start": 4, "end": 6, "rule_id": 1}, {"start": 50, "end": 55, "rule_id": 3}]</rules>
  </verse>
</verses>
