<?xml version="1.0" encoding="UTF-8"?>

<verses>
  <verse>
    <verseIdArabic>١</verseIdArabic>
    <verseId>1</verseId>
    <chapterId>37</chapterId>
    <textIndopak>وَٱلصَّٰٓفَّٰتِ صَفّٗا</textIndopak>
    <translations>
      <translation>
        <author>Dr. Mustafa Khattab, the Clear Quran</author>
        <text>By those ˹angels˺ lined up in ranks,</text>
      </translation>
    </translations>
  </verse>
  <verse>
    <verseIdArabic>٢</verseIdArabic>
    <verseId>2</verseId>
    <chapterId>37</chapterId>
    <textIndopak>فَٱلزَّٰجِرَٰتِ زَجۡرٗا</textIndopak>
    <translations>
      <translation>
        <author>Dr. Mustafa Khattab, the Clear Quran</author>
        <text>and those who diligently drive ˹the clouds˺,</text>
      </translation>
    </translations>
    <rules>[{"start": 18, "end": 20, "rule_id": 1}]</rules>
  </verse>
  <verse>
    <verseIdArabic>٣</verseIdArabic>
    <verseId>3</verseId>
    <chapterId>37</chapterId>
    <textIndopak>فَٱلتَّٰلِيَٰتِ ذِكۡرًا</textIndopak>
    <translations>
      <translation>
        <author>Dr. Mustafa Khattab, the Clear Quran</author>
        <text>and those who recite the Reminder!</text>
      </translation>
    </translations>
  </verse>
  <verse>
    <verseIdArabic>٤</verseIdArabic>
    <verseId>4</verseId>
    <chapterId>37</chapterId>
    <textIndopak>إِنَّ إِلَٰهَكُمۡ لَوَٰحِدٞ</textIndopak>
    <translations>
      <translation>
        <author>Dr. Mustafa Khattab, the Clear Quran</author>
        <text>Surely your God is One!</text>
      </translation>
    </translations>
    <rules>[{"start": 2, "end": 5, "rule_id": 0}, {"start": 25, "end": 27, "rule_id": 1}]</rules>
  </verse>
  <verse>
    <verseIdArabic>٥</verseIdArabic>
    <verseId>5</verseId>
    <chapterId>37</chapterId>
    <textIndopak>رَّبُّ ٱلسَّمَٰوَٰتِ وَٱلۡأَرۡضِ وَمَا بَيۡنَهُمَا وَرَبُّ ٱلۡمَشَٰرِقِ</textIndopak>
    <translations>
      <translation>
        <author>Dr. Mustafa Khattab, the Clear Quran</author>
        <text>˹He is˺ the Lord of the heavens and the earth and everything in between, and the Lord of all points of sunrise.</text>
      </translation>
    </translations>
    <rules>[{"start": 69, "end": 71, "rule_id": 1}]</rules>
  </verse>
  <verse>
    <verseIdArabic>٦</verseIdArabic>
    <verseId>6</verseId>
    <chapterId>37</chapterId>
    <textIndopak>إِنَّا زَيَّنَّا ٱلسَّمَآءَ ٱلدُّنۡيَا بِزِينَةٍ ٱلۡكَوَاكِبِ</textIndopak>
    <translations>
      <translation>
        <author>Dr. Mustafa Khattab, the Clear Quran</author>
        <text>Indeed, We have adorned the lowest heaven with the stars for decoration</text>
      </translation>
    </translations>
    <rules>[{"start": 2, "end": 5, "rule_id": 0}, {"start": 12, "end": 15, "rule_id": 0}, {"start": 60, "end": 62, "rule_id": 1}]</rules>
  </verse>
  <verse>
    <verseIdArabic>٧</verseIdArabic>
    <verseId>7</verseId>
    <chapterId>37</chapterId>
    <textIndopak>وَحِفۡظٗا مِّن كُلِّ شَيۡطَٰنٖ مَّارِدٖ</textIndopak>
    <translations>
      <translation>
        <author>Dr. Mustafa Khattab, the Clear Quran</author>
        <text>and ˹for˺ protection from every rebellious devil.</text>
      </translation>
    </translations>
    <rules>[{"start": 10, "end": 13, "rule_id": 0}, {"start": 31, "end": 34, "rule_id": 0}, {"start": 37, "end": 39, "rule_id": 1}, {"start": 6, "end": 13, "rule_id": 3}, {"start": 28, "end": 34, "rule_id": 3}, {"start": 13, "end": 17, "rule_id": 6}]</rules>
  </verse>
  <verse>
    <verseIdArabic>٨</verseIdArabic>
    <verseId>8</verseId>
    <chapterId>37</chapterId>
    <textIndopak>لَّا يَسَّمَّعُونَ إِلَى ٱلۡمَلَإِ ٱلۡأَعۡلَىٰ وَيُقۡذَفُونَ مِن كُلِّ جَانِبٖ</textIndopak>
    <translations>
      <translation>
        <author>Dr. Mustafa Khattab, the Clear Quran</author>
        <text>They cannot listen to the highest assembly ˹of angels˺ for they are pelted from every side,</text>
      </translation>
    </translations>
    <rules>[{"start": 10, "end": 13, "rule_id": 0}, {"start": 51, "end": 53, "rule_id": 1}, {"start": 76, "end": 78, "rule_id": 1}, {"start": 63, "end": 67, "rule_id": 6}]</rules>
  </verse>
  <verse>
    <verseIdArabic>٩</verseIdArabic>
    <verseId>9</verseId>
    <chapterId>37</chapterId>
    <textIndopak>دُحُورٗاۖ وَلَهُمۡ عَذَابٞ وَاصِبٌ</textIndopak>
    <translations>
      <translation>
        <author>Dr. Mustafa Khattab, the Clear Quran</author>
        <text>˹fiercely˺ driven away. And they will suffer an everlasting torment.</text>
      </translation>
    </translations>
    <rules>[{"start": 33, "end": 35, "rule_id": 1}, {"start": 5, "end": 13, "rule_id": 3}, {"start": 25, "end": 30, "rule_id": 3}]</rules>
  </verse>
  <verse>
    <verseIdArabic>١٠</verseIdArabic>
    <verseId>10</verseId>
    <chapterId>37</chapterId>
    <textIndopak>إِلَّا مَنۡ خَطِفَ ٱلۡخَطۡفَةَ فَأَتۡبَعَهُۥ شِهَابٞ ثَاقِبٞ</textIndopak>
    <translations>
      <translation>
        <author>Dr. Mustafa Khattab, the Clear Quran</author>
        <text>But whoever manages to stealthily eavesdrop is ˹instantly˺ pursued by a piercing flare.</text>
      </translation>
    </translations>
    <rules>[{"start": 24, "end": 26, "rule_id": 1}, {"start": 58, "end": 60, "rule_id": 1}, {"start": 50, "end": 55, "rule_id": 6}]</rules>
  </verse>
  <verse>
    <verseIdArabic>١١</verseIdArabic>
    <verseId>11</verseId>
    <chapterId>37</chapterId>
    <textIndopak>فَٱسۡتَفۡتِهِمۡ أَهُمۡ أَشَدُّ خَلۡقًا أَم مَّنۡ خَلَقۡنَآۚ إِنَّا خَلَقۡنَٰهُم مِّن طِينٖ لَّازِبِۭ</textIndopak>
    <translations>
      <translation>
        <author>Dr. Mustafa Khattab, the Clear Quran</author>
        <text>So ask them ˹O Prophet˺, which is harder to create: them or other marvels of Our creation? Indeed, We created them from a sticky clay.</text>
      </translation>
    </translations>
    <rules>[{"start": 43, "end": 46, "rule_id": 0}, {"start": 64, "end": 67, "rule_id": 0}, {"start": 82, "end": 85, "rule_id": 0}, {"start": 53, "end": 55, "rule_id": 1}, {"start": 73, "end": 75, "rule_id": 1}, {"start": 99, "end": 102, "rule_id": 1}, {"start": 41, "end": 46, "rule_id": 4}, {"start": 80, "end": 85, "rule_id": 4}, {"start": 90, "end": 96, "rule_id": 5}, {"start": 85, "end": 89, "rule_id": 6}]</rules>
  </verse>
  <verse>
    <verseIdArabic>١٢</verseIdArabic>
    <verseId>12</verseId>
    <chapterId>37</chapterId>
    <textIndopak>بَلۡ عَجِبۡتَ وَيَسۡخَرُونَ</textIndopak>
    <translations>
      <translation>
        <author>Dr. Mustafa Khattab, the Clear Quran</author>
        <text>In fact, you are astonished ˹by their denial˺, while they ridicule ˹you˺.</text>
      </translation>
    </translations>
    <rules>[{"start": 9, "end": 11, "rule_id": 1}]</rules>
  </verse>
  <verse>
    <verseIdArabic>١٣</verseIdArabic>
    <verseId>13</verseId>
    <chapterId>37</chapterId>
    <textIndopak>وَإِذَا ذُكِّرُواْ لَا يَذۡكُرُونَ</textIndopak>
    <translations>
      <translation>
        <author>Dr. Mustafa Khattab, the Clear Quran</author>
        <text>When they are reminded, they are never mindful.</text>
      </translation>
    </translations>
  </verse>
  <verse>
    <verseIdArabic>١٤</verseIdArabic>
    <verseId>14</verseId>
    <chapterId>37</chapterId>
    <textIndopak>وَإِذَا رَأَوۡاْ ءَايَةٗ يَسۡتَسۡخِرُونَ</textIndopak>
    <translations>
      <translation>
        <author>Dr. Mustafa Khattab, the Clear Quran</author>
        <text>And whenever they see a sign, they make fun of it,</text>
      </translation>
    </translations>
    <rules>[{"start": 22, "end": 27, "rule_id": 3}]</rules>
  </verse>
  <verse>
    <verseIdArabic>١٥</verseIdArabic>
    <verseId>15</verseId>
    <chapterId>37</chapterId>
    <textIndopak>وَقَالُوٓاْ إِنۡ هَٰذَآ إِلَّا سِحۡرٞ مُّبِينٌ</textIndopak>
    <translations>
      <translation>
        <author>Dr. Mustafa Khattab, the Clear Quran</author>
        <text>saying, “This is nothing but pure magic.</text>
      </translation>
    </translations>
    <rules>[{"start": 39, "end": 42, "rule_id": 0}, {"start": 36, "end": 42, "rule_id": 3}]</rules>
  </verse>
  <verse>
    <verseIdArabic>١٦</verseIdArabic>
    <verseId>16</verseId>
    <chapterId>37</chapterId>
    <textIndopak>أَءِذَا مِتۡنَا وَكُنَّا تُرَابٗا وَعِظَٰمًا أَءِنَّا لَمَبۡعُوثُونَ</textIndopak>
    <translations>
      <translation>
        <author>Dr. Mustafa Khattab, the Clear Quran</author>
        <text>When we are dead and reduced to dust and bones, will we really be resurrected?</text>
      </translation>
    </translations>
    <rules>[{"start": 20, "end": 23, "rule_id": 0}, {"start": 49, "end": 52, "rule_id": 0}, {"start": 58, "end": 60, "rule_id": 1}, {"start": 30, "end": 36, "rule_id": 3}]</rules>
  </verse>
  <verse>
    <verseIdArabic>١٧</verseIdArabic>
    <verseId>17</verseId>
    <chapterId>37</chapterId>
    <textIndopak>أَوَءَابَآؤُنَا ٱلۡأَوَّلُونَ</textIndopak>
    <translations>
      <translation>
        <author>Dr. Mustafa Khattab, the Clear Quran</author>
        <text>And our forefathers as well?”</text>
      </translation>
    </translations>
  </verse>
  <verse>
    <verseIdArabic>١٨</verseIdArabic>
    <verseId>18</verseId>
    <chapterId>37</chapterId>
    <textIndopak>قُلۡ نَعَمۡ وَأَنتُمۡ دَٰخِرُونَ</textIndopak>
    <translations>
      <translation>
        <author>Dr. Mustafa Khattab, the Clear Quran</author>
        <text>Say, “Yes! And you will be fully humbled.”</text>
      </translation>
    </translations>
    <rules>[{"start": 16, "end": 19, "rule_id": 6}]</rules>
  </verse>
  <verse>
    <verseIdArabic>١٩</verseIdArabic>
    <verseId>19</verseId>
    <chapterId>37</chapterId>
    <textIndopak>فَإِنَّمَا هِيَ زَجۡرَةٞ وَٰحِدَةٞ فَإِذَا هُمۡ يَنظُرُونَ</textIndopak>
    <translations>
      <translation>
        <author>Dr. Mustafa Khattab, the Clear Quran</author>
        <text>It will only take one Blast, then at once they will see ˹it all˺.</text>
      </translation>
    </translations>
    <rules>[{"start": 4, "end": 7, "rule_id": 0}, {"start": 18, "end": 20, "rule_id": 1}, {"start": 22, "end": 28, "rule_id": 3}, {"start": 50, "end": 53, "rule_id": 6}, {"start": 32, "end": 37, "rule_id": 6}]</rules>
  </verse>
  <verse>
    <verseIdArabic>٢٠</verseIdArabic>
    <verseId>20</verseId>
    <chapterId>37</chapterId>
    <textIndopak>وَقَالُواْ يَٰوَيۡلَنَا هَٰذَا يَوۡمُ ٱلدِّينِ</textIndopak>
    <translations>
      <translation>
        <author>Dr. Mustafa Khattab, the Clear Quran</author>
        <text>They will cry, “Oh, woe to us! This is the Day of Judgment!”</text>
      </translation>
    </translations>
  </verse>
  <verse>
    <verseIdArabic>٢١</verseIdArabic>
    <verseId>21</verseId>
    <chapterId>37</chapterId>
    <textIndopak>هَٰذَا يَوۡمُ ٱلۡفَصۡلِ ٱلَّذِي كُنتُم بِهِۦ تُكَذِّبُونَ</textIndopak>
    <translations>
      <translation>
        <author>Dr. Mustafa Khattab, the Clear Quran</author>
        <text>˹They will be told,˺ “This is the Day of ˹Final˺ Decision which you used to deny.”</text>
      </translation>
    </translations>
    <rules>[{"start": 34, "end": 37, "rule_id": 6}, {"start": 37, "end": 41, "rule_id": 7}]</rules>
  </verse>
  <verse>
    <verseIdArabic>٢٢</verseIdArabic>
    <verseId>22</verseId>
    <chapterId>37</chapterId>
    <textIndopak>۞ ٱحۡشُرُواْ ٱلَّذِينَ ظَلَمُواْ وَأَزۡوَٰجَهُمۡ وَمَا كَانُواْ يَعۡبُدُونَ</textIndopak>
    <translations>
      <translation>
        <author>Dr. Mustafa Khattab, the Clear Quran</author>
        <text>˹Allah will say to the angels,˺ “Gather ˹all˺ the wrongdoers along with their peers, and whatever they used to worship</text>
      </translation>
    </translations>
  </verse>
  <verse>
    <verseIdArabic>٢٣</verseIdArabic>
    <verseId>23</verseId>
    <chapterId>37</chapterId>
    <textIndopak>مِن دُونِ ٱللَّهِ فَٱهۡدُوهُمۡ إِلَىٰ صِرَٰطِ ٱلۡجَحِيمِ</textIndopak>
    <translations>
      <translation>
        <author>Dr. Mustafa Khattab, the Clear Quran</author>
        <text>instead of Allah, then lead them ˹all˺ to the path of Hell.</text>
      </translation>
    </translations>
    <rules>[{"start": 2, "end": 6, "rule_id": 6}]</rules>
  </verse>
  <verse>
    <verseIdArabic>٢٤</verseIdArabic>
    <verseId>24</verseId>
    <chapterId>37</chapterId>
    <textIndopak>وَقِفُوهُمۡۖ إِنَّهُم مَّسۡـُٔولُونَ</textIndopak>
    <translations>
      <translation>
        <author>Dr. Mustafa Khattab, the Clear Quran</author>
        <text>And detain them, for they must be questioned.”</text>
      </translation>
    </translations>
    <rules>[{"start": 16, "end": 19, "rule_id": 0}, {"start": 23, "end": 26, "rule_id": 0}, {"start": 21, "end": 26, "rule_id": 4}]</rules>
  </verse>
  <verse>
    <verseIdArabic>٢٥</verseIdArabic>
    <verseId>25</verseId>
    <chapterId>37</chapterId>
    <textIndopak>مَا لَكُمۡ لَا تَنَاصَرُونَ</textIndopak>
    <translations>
      <translation>
        <author>Dr. Mustafa Khattab, the Clear Quran</author>
        <text>˹Then they will be asked,˺ “What is the matter with you that you can no longer help each other?”</text>
      </translation>
    </translations>
  </verse>
  <verse>
    <verseIdArabic>٢٦</verseIdArabic>
    <verseId>26</verseId>
    <chapterId>37</chapterId>
    <textIndopak>بَلۡ هُمُ ٱلۡيَوۡمَ مُسۡتَسۡلِمُونَ</textIndopak>
    <translations>
      <translation>
        <author>Dr. Mustafa Khattab, the Clear Quran</author>
        <text>In fact, on that Day they will be ˹fully˺ submissive.</text>
      </translation>
    </translations>
  </verse>
  <verse>
    <verseIdArabic>٢٧</verseIdArabic>
    <verseId>27</verseId>
    <chapterId>37</chapterId>
    <textIndopak>وَأَقۡبَلَ بَعۡضُهُمۡ عَلَىٰ بَعۡضٖ يَتَسَآءَلُونَ</textIndopak>
    <translations>
      <translation>
        <author>Dr. Mustafa Khattab, the Clear Quran</author>
        <text>They will turn on each other, throwing blame.</text>
      </translation>
    </translations>
    <rules>[{"start": 4, "end": 6, "rule_id": 1}, {"start": 33, "end": 38, "rule_id": 3}]</rules>
  </verse>
  <verse>
    <verseIdArabic>٢٨</verseIdArabic>
    <verseId>28</verseId>
    <chapterId>37</chapterId>
    <textIndopak>قَالُوٓاْ إِنَّكُمۡ كُنتُمۡ تَأۡتُونَنَا عَنِ ٱلۡيَمِينِ</textIndopak>
    <translations>
      <translation>
        <author>Dr. Mustafa Khattab, the Clear Quran</author>
        <text>The misled will say, “It was you who deluded us away from what is right.”</text>
      </translation>
    </translations>
    <rules>[{"start": 12, "end": 15, "rule_id": 0}, {"start": 22, "end": 25, "rule_id": 6}]</rules>
  </verse>
  <verse>
    <verseIdArabic>٢٩</verseIdArabic>
    <verseId>29</verseId>
    <chapterId>37</chapterId>
    <textIndopak>قَالُواْ بَل لَّمۡ تَكُونُواْ مُؤۡمِنِينَ</textIndopak>
    <translations>
      <translation>
        <author>Dr. Mustafa Khattab, the Clear Quran</author>
        <text>The misleaders will reply, “No! You disbelieved on your own.</text>
      </translation>
    </translations>
  </verse>
  <verse>
    <verseIdArabic>٣٠</verseIdArabic>
    <verseId>30</verseId>
    <chapterId>37</chapterId>
    <textIndopak>وَمَا كَانَ لَنَا عَلَيۡكُم مِّن سُلۡطَٰنِۭۖ بَلۡ كُنتُمۡ قَوۡمٗا طَٰغِينَ</textIndopak>
    <translations>
      <translation>
        <author>Dr. Mustafa Khattab, the Clear Quran</author>
        <text>We had no authority over you. In fact, you yourselves were a transgressing people.</text>
      </translation>
    </translations>
    <rules>[{"start": 28, "end": 31, "rule_id": 0}, {"start": 26, "end": 31, "rule_id": 4}, {"start": 31, "end": 35, "rule_id": 6}, {"start": 53, "end": 56, "rule_id": 6}]</rules>
  </verse>
  <verse>
    <verseIdArabic>٣١</verseIdArabic>
    <verseId>31</verseId>
    <chapterId>37</chapterId>
    <textIndopak>فَحَقَّ عَلَيۡنَا قَوۡلُ رَبِّنَآۖ إِنَّا لَذَآئِقُونَ</textIndopak>
    <translations>
      <translation>
        <author>Dr. Mustafa Khattab, the Clear Quran</author>
        <text>The decree of our Lord has come to pass against us ˹all˺: we will certainly taste ˹the punishment˺.</text>
      </translation>
    </translations>
    <rules>[{"start": 39, "end": 42, "rule_id": 0}]</rules>
  </verse>
  <verse>
    <verseIdArabic>٣٢</verseIdArabic>
    <verseId>32</verseId>
    <chapterId>37</chapterId>
    <textIndopak>فَأَغۡوَيۡنَٰكُمۡ إِنَّا كُنَّا غَٰوِينَ</textIndopak>
    <translations>
      <translation>
        <author>Dr. Mustafa Khattab, the Clear Quran</author>
        <text>We caused you to deviate, for we ourselves were deviant.”</text>
      </translation>
    </translations>
    <rules>[{"start": 20, "end": 23, "rule_id": 0}, {"start": 27, "end": 30, "rule_id": 0}]</rules>
  </verse>
  <verse>
    <verseIdArabic>٣٣</verseIdArabic>
    <verseId>33</verseId>
    <chapterId>37</chapterId>
    <textIndopak>فَإِنَّهُمۡ يَوۡمَئِذٖ فِي ٱلۡعَذَابِ مُشۡتَرِكُونَ</textIndopak>
    <translations>
      <translation>
        <author>Dr. Mustafa Khattab, the Clear Quran</author>
        <text>Surely on that Day they will ˹all˺ share in the punishment.</text>
      </translation>
    </translations>
    <rules>[{"start": 4, "end": 7, "rule_id": 0}, {"start": 20, "end": 25, "rule_id": 6}]</rules>
  </verse>
  <verse>
    <verseIdArabic>٣٤</verseIdArabic>
    <verseId>34</verseId>
    <chapterId>37</chapterId>
    <textIndopak>إِنَّا كَذَٰلِكَ نَفۡعَلُ بِٱلۡمُجۡرِمِينَ</textIndopak>
    <translations>
      <translation>
        <author>Dr. Mustafa Khattab, the Clear Quran</author>
        <text>That is certainly how We deal with the wicked.</text>
      </translation>
    </translations>
    <rules>[{"start": 2, "end": 5, "rule_id": 0}, {"start": 33, "end": 35, "rule_id": 1}]</rules>
  </verse>
  <verse>
    <verseIdArabic>٣٥</verseIdArabic>
    <verseId>35</verseId>
    <chapterId>37</chapterId>
    <textIndopak>إِنَّهُمۡ كَانُوٓاْ إِذَا قِيلَ لَهُمۡ لَآ إِلَٰهَ إِلَّا ٱللَّهُ يَسۡتَكۡبِرُونَ</textIndopak>
    <translations>
      <translation>
        <author>Dr. Mustafa Khattab, the Clear Quran</author>
        <text>For whenever it was said to them ˹in the world˺, “There is no god ˹worthy of worship˺ except Allah,” they acted arrogantly</text>
      </translation>
    </translations>
    <rules>[{"start": 2, "end": 5, "rule_id": 0}]</rules>
  </verse>
  <verse>
    <verseIdArabic>٣٦</verseIdArabic>
    <verseId>36</verseId>
    <chapterId>37</chapterId>
    <textIndopak>وَيَقُولُونَ أَئِنَّا لَتَارِكُوٓاْ ءَالِهَتِنَا لِشَاعِرٖ مَّجۡنُونِۭ</textIndopak>
    <translations>
      <translation>
        <author>Dr. Mustafa Khattab, the Clear Quran</author>
        <text>and argued, “Should we really abandon our gods for a mad poet?”</text>
      </translation>
    </translations>
    <rules>[{"start": 17, "end": 20, "rule_id": 0}, {"start": 59, "end": 62, "rule_id": 0}, {"start": 62, "end": 64, "rule_id": 1}, {"start": 56, "end": 62, "rule_id": 3}]</rules>
  </verse>
  <verse>
    <verseIdArabic>٣٧</verseIdArabic>
    <verseId>37</verseId>
    <chapterId>37</chapterId>
    <textIndopak>بَلۡ جَآءَ بِٱلۡحَقِّ وَصَدَّقَ ٱلۡمُرۡسَلِينَ</textIndopak>
    <translations>
      <translation>
        <author>Dr. Mustafa Khattab, the Clear Quran</author>
        <text>In fact, he came with the truth, confirming ˹earlier˺ messengers.</text>
      </translation>
    </translations>
  </verse>
  <verse>
    <verseIdArabic>٣٨</verseIdArabic>
    <verseId>38</verseId>
    <chapterId>37</chapterId>
    <textIndopak>إِنَّكُمۡ لَذَآئِقُواْ ٱلۡعَذَابِ ٱلۡأَلِيمِ</textIndopak>
    <translations>
      <translation>
        <author>Dr. Mustafa Khattab, the Clear Quran</author>
        <text>You will certainly taste the painful torment,</text>
      </translation>
    </translations>
    <rules>[{"start": 2, "end": 5, "rule_id": 0}]</rules>
  </verse>
  <verse>
    <verseIdArabic>٣٩</verseIdArabic>
    <verseId>39</verseId>
    <chapterId>37</chapterId>
    <textIndopak>وَمَا تُجۡزَوۡنَ إِلَّا مَا كُنتُمۡ تَعۡمَلُونَ</textIndopak>
    <translations>
      <translation>
        <author>Dr. Mustafa Khattab, the Clear Quran</author>
        <text>and will only be rewarded for what you used to do.</text>
      </translation>
    </translations>
    <rules>[{"start": 8, "end": 10, "rule_id": 1}, {"start": 30, "end": 33, "rule_id": 6}]</rules>
  </verse>
  <verse>
    <verseIdArabic>٤٠</verseIdArabic>
    <verseId>40</verseId>
    <chapterId>37</chapterId>
    <textIndopak>إِلَّا عِبَادَ ٱللَّهِ ٱلۡمُخۡلَصِينَ</textIndopak>
    <translations>
      <translation>
        <author>Dr. Mustafa Khattab, the Clear Quran</author>
        <text>But not the chosen servants of Allah.</text>
      </translation>
    </translations>
  </verse>
  <verse>
    <verseIdArabic>٤١</verseIdArabic>
    <verseId>41</verseId>
    <chapterId>37</chapterId>
    <textIndopak>أُوْلَٰٓئِكَ لَهُمۡ رِزۡقٞ مَّعۡلُومٞ</textIndopak>
    <translations>
      <translation>
        <author>Dr. Mustafa Khattab, the Clear Quran</author>
        <text>They will have a known provision:</text>
      </translation>
    </translations>
    <rules>[{"start": 27, "end": 30, "rule_id": 0}, {"start": 24, "end": 30, "rule_id": 3}]</rules>
  </verse>
  <verse>
    <verseIdArabic>٤٢</verseIdArabic>
    <verseId>42</verseId>
    <chapterId>37</chapterId>
    <textIndopak>فَوَٰكِهُ وَهُم مُّكۡرَمُونَ</textIndopak>
    <translations>
      <translation>
        <author>Dr. Mustafa Khattab, the Clear Quran</author>
        <text>fruits ˹of every type˺. And they will be honoured</text>
      </translation>
    </translations>
    <rules>[{"start": 18, "end": 21, "rule_id": 0}, {"start": 16, "end": 21, "rule_id": 4}]</rules>
  </verse>
  <verse>
    <verseIdArabic>٤٣</verseIdArabic>
    <verseId>43</verseId>
    <chapterId>37</chapterId>
    <textIndopak>فِي جَنَّٰتِ ٱلنَّعِيمِ</textIndopak>
    <translations>
      <translation>
        <author>Dr. Mustafa Khattab, the Clear Quran</author>
        <text>in the Gardens of Bliss,</text>
      </translation>
    </translations>
    <rules>[{"start": 6, "end": 10, "rule_id": 0}, {"start": 15, "end": 18, "rule_id": 0}]</rules>
  </verse>
  <verse>
    <verseIdArabic>٤٤</verseIdArabic>
    <verseId>44</verseId>
    <chapterId>37</chapterId>
    <textIndopak>عَلَىٰ سُرُرٖ مُّتَقَٰبِلِينَ</textIndopak>
    <translations>
      <translation>
        <author>Dr. Mustafa Khattab, the Clear Quran</author>
        <text>facing each other on thrones.</text>
      </translation>
    </translations>
    <rules>[{"start": 14, "end": 17, "rule_id": 0}, {"start": 11, "end": 17, "rule_id": 3}]</rules>
  </verse>
  <verse>
    <verseIdArabic>٤٥</verseIdArabic>
    <verseId>45</verseId>
    <chapterId>37</chapterId>
    <textIndopak>يُطَافُ عَلَيۡهِم بِكَأۡسٖ مِّن مَّعِينِۭ</textIndopak>
    <translations>
      <translation>
        <author>Dr. Mustafa Khattab, the Clear Quran</author>
        <text>A drink ˹of pure wine˺ will be passed around to them from a flowing stream:</text>
      </translation>
    </translations>
    <rules>[{"start": 27, "end": 30, "rule_id": 0}, {"start": 32, "end": 35, "rule_id": 0}, {"start": 30, "end": 35, "rule_id": 3}, {"start": 24, "end": 30, "rule_id": 3}, {"start": 16, "end": 20, "rule_id": 7}]</rules>
  </verse>
  <verse>
    <verseIdArabic>٤٦</verseIdArabic>
    <verseId>46</verseId>
    <chapterId>37</chapterId>
    <textIndopak>بَيۡضَآءَ لَذَّةٖ لِّلشَّٰرِبِينَ</textIndopak>
    <translations>
      <translation>
        <author>Dr. Mustafa Khattab, the Clear Quran</author>
        <text>crystal-white, delicious to drink.</text>
      </translation>
    </translations>
    <rules>[{"start": 16, "end": 22, "rule_id": 5}]</rules>
  </verse>
  <verse>
    <verseIdArabic>٤٧</verseIdArabic>
    <verseId>47</verseId>
    <chapterId>37</chapterId>
    <textIndopak>لَا فِيهَا غَوۡلٞ وَلَا هُمۡ عَنۡهَا يُنزَفُونَ</textIndopak>
    <translations>
      <translation>
        <author>Dr. Mustafa Khattab, the Clear Quran</author>
        <text>It will neither harm ˹them˺, nor will they be intoxicated by it.</text>
      </translation>
    </translations>
    <rules>[{"start": 15, "end": 20, "rule_id": 3}, {"start": 39, "end": 42, "rule_id": 6}]</rules>
  </verse>
  <verse>
    <verseIdArabic>٤٨</verseIdArabic>
    <verseId>48</verseId>
    <chapterId>37</chapterId>
    <textIndopak>وَعِندَهُمۡ قَٰصِرَٰتُ ٱلطَّرۡفِ عِينٞ</textIndopak>
    <translations>
      <translation>
        <author>Dr. Mustafa Khattab, the Clear Quran</author>
        <text>And with them will be maidens of modest gaze and gorgeous eyes,</text>
      </translation>
    </translations>
    <rules>[{"start": 4, "end": 7, "rule_id": 6}]</rules>
  </verse>
  <verse>
    <verseIdArabic>٤٩</verseIdArabic>
    <verseId>49</verseId>
    <chapterId>37</chapterId>
    <textIndopak>كَأَنَّهُنَّ بَيۡضٞ مَّكۡنُونٞ</textIndopak>
    <translations>
      <translation>
        <author>Dr. Mustafa Khattab, the Clear Quran</author>
        <text>as if they were pristine pearls.</text>
      </translation>
    </translations>
    <rules>[{"start": 4, "end": 7, "rule_id": 0}, {"start": 9, "end": 12, "rule_id": 0}, {"start": 20, "end": 23, "rule_id": 0}, {"start": 17, "end": 23, "rule_id": 3}]</rules>
  </verse>
  <verse>
    <verseIdArabic>٥٠</verseIdArabic>
    <verseId>50</verseId>
    <chapterId>37</chapterId>
    <textIndopak>فَأَقۡبَلَ بَعۡضُهُمۡ عَلَىٰ بَعۡضٖ يَتَسَآءَلُونَ</textIndopak>
    <translations>
      <translation>
        <author>Dr. Mustafa Khattab, the Clear Quran</author>
        <text>Then they will turn to one another inquisitively.</text>
      </translation>
    </translations>
    <rules>[{"start": 4, "end": 6, "rule_id": 1}, {"start": 33, "end": 38, "rule_id": 3}]</rules>
  </verse>
  <verse>
    <verseIdArabic>٥١</verseIdArabic>
    <verseId>51</verseId>
    <chapterId>37</chapterId>
    <textIndopak>قَالَ قَآئِلٞ مِّنۡهُمۡ إِنِّي كَانَ لِي قَرِينٞ</textIndopak>
    <translations>
      <translation>
        <author>Dr. Mustafa Khattab, the Clear Quran</author>
        <text>One of them will say, “I once had a companion ˹in the world˺</text>
      </translation>
    </translations>
    <rules>[{"start": 15, "end": 18, "rule_id": 0}, {"start": 27, "end": 30, "rule_id": 0}, {"start": 12, "end": 18, "rule_id": 3}]</rules>
  </verse>
  <verse>
    <verseIdArabic>٥٢</verseIdArabic>
    <verseId>52</verseId>
    <chapterId>37</chapterId>
    <textIndopak>يَقُولُ أَءِنَّكَ لَمِنَ ٱلۡمُصَدِّقِينَ</textIndopak>
    <translations>
      <translation>
        <author>Dr. Mustafa Khattab, the Clear Quran</author>
        <text>who used to ask ˹me˺, ‘Do you actually believe ˹in resurrection˺?</text>
      </translation>
    </translations>
    <rules>[{"start": 12, "end": 15, "rule_id": 0}]</rules>
  </verse>
  <verse>
    <verseIdArabic>٥٣</verseIdArabic>
    <verseId>53</verseId>
    <chapterId>37</chapterId>
    <textIndopak>أَءِذَا مِتۡنَا وَكُنَّا تُرَابٗا وَعِظَٰمًا أَءِنَّا لَمَدِينُونَ</textIndopak>
    <translations>
      <translation>
        <author>Dr. Mustafa Khattab, the Clear Quran</author>
        <text>When we are dead and reduced to dust and bones, will we really be brought to judgment?’”</text>
      </translation>
    </translations>
    <rules>[{"start": 20, "end": 23, "rule_id": 0}, {"start": 49, "end": 52, "rule_id": 0}, {"start": 30, "end": 36, "rule_id": 3}]</rules>
  </verse>
  <verse>
    <verseIdArabic>٥٤</verseIdArabic>
    <verseId>54</verseId>
    <chapterId>37</chapterId>
    <textIndopak>قَالَ هَلۡ أَنتُم مُّطَّلِعُونَ</textIndopak>
    <translations>
      <translation>
        <author>Dr. Mustafa Khattab, the Clear Quran</author>
        <text>He will ˹then˺ ask, “Would you care to see ˹his fate˺?”</text>
      </translation>
    </translations>
    <rules>[{"start": 18, "end": 21, "rule_id": 0}, {"start": 16, "end": 21, "rule_id": 4}, {"start": 13, "end": 16, "rule_id": 6}]</rules>
  </verse>
  <verse>
    <verseIdArabic>٥٥</verseIdArabic>
    <verseId>55</verseId>
    <chapterId>37</chapterId>
    <textIndopak>فَٱطَّلَعَ فَرَءَاهُ فِي سَوَآءِ ٱلۡجَحِيمِ</textIndopak>
    <translations>
      <translation>
        <author>Dr. Mustafa Khattab, the Clear Quran</author>
        <text>Then he ˹and the others˺ will look and spot him in the midst of the Hellfire.</text>
      </translation>
    </translations>
  </verse>
  <verse>
    <verseIdArabic>٥٦</verseIdArabic>
    <verseId>56</verseId>
    <chapterId>37</chapterId>
    <textIndopak>قَالَ تَٱللَّهِ إِن كِدتَّ لَتُرۡدِينِ</textIndopak>
    <translations>
      <translation>
        <author>Dr. Mustafa Khattab, the Clear Quran</author>
        <text>He will ˹then˺ say, “By Allah! You nearly ruined me.</text>
      </translation>
    </translations>
    <rules>[{"start": 18, "end": 22, "rule_id": 6}]</rules>
  </verse>
  <verse>
    <verseIdArabic>٥٧</verseIdArabic>
    <verseId>57</verseId>
    <chapterId>37</chapterId>
    <textIndopak>وَلَوۡلَا نِعۡمَةُ رَبِّي لَكُنتُ مِنَ ٱلۡمُحۡضَرِينَ</textIndopak>
    <translations>
      <translation>
        <author>Dr. Mustafa Khattab, the Clear Quran</author>
        <text>Had it not been for the grace of my Lord, I ˹too˺ would have certainly been among those brought ˹to Hell˺.”</text>
      </translation>
    </translations>
    <rules>[{"start": 30, "end": 33, "rule_id": 6}]</rules>
  </verse>
  <verse>
    <verseIdArabic>٥٨</verseIdArabic>
    <verseId>58</verseId>
    <chapterId>37</chapterId>
    <textIndopak>أَفَمَا نَحۡنُ بِمَيِّتِينَ</textIndopak>
    <translations>
      <translation>
        <author>Dr. Mustafa Khattab, the Clear Quran</author>
        <text>˹Then he will ask his fellow believers,˺ “Can you imagine that we will never die,</text>
      </translation>
    </translations>
  </verse>
  <verse>
    <verseIdArabic>٥٩</verseIdArabic>
    <verseId>59</verseId>
    <chapterId>37</chapterId>
    <textIndopak>إِلَّا مَوۡتَتَنَا ٱلۡأُولَىٰ وَمَا نَحۡنُ بِمُعَذَّبِينَ</textIndopak>
    <translations>
      <translation>
        <author>Dr. Mustafa Khattab, the Clear Quran</author>
        <text>except our first death, nor be punished ˹like the others˺?”</text>
      </translation>
    </translations>
  </verse>
  <verse>
    <verseIdArabic>٦٠</verseIdArabic>
    <verseId>60</verseId>
    <chapterId>37</chapterId>
    <textIndopak>إِنَّ هَٰذَا لَهُوَ ٱلۡفَوۡزُ ٱلۡعَظِيمُ</textIndopak>
    <translations>
      <translation>
        <author>Dr. Mustafa Khattab, the Clear Quran</author>
        <text>This is truly the ultimate triumph.</text>
      </translation>
    </translations>
    <rules>[{"start": 2, "end": 5, "rule_id": 0}]</rules>
  </verse>
  <verse>
    <verseIdArabic>٦١</verseIdArabic>
    <verseId>61</verseId>
    <chapterId>37</chapterId>
    <textIndopak>لِمِثۡلِ هَٰذَا فَلۡيَعۡمَلِ ٱلۡعَٰمِلُونَ</textIndopak>
    <translations>
      <translation>
        <author>Dr. Mustafa Khattab, the Clear Quran</author>
        <text>For such ˹honour˺ all should strive.</text>
      </translation>
    </translations>
  </verse>
  <verse>
    <verseIdArabic>٦٢</verseIdArabic>
    <verseId>62</verseId>
    <chapterId>37</chapterId>
    <textIndopak>أَذَٰلِكَ خَيۡرٞ نُّزُلًا أَمۡ شَجَرَةُ ٱلزَّقُّومِ</textIndopak>
    <translations>
      <translation>
        <author>Dr. Mustafa Khattab, the Clear Quran</author>
        <text>Is this ˹bliss˺ a better accommodation or the tree of Zaqqûm?</text>
      </translation>
    </translations>
    <rules>[{"start": 17, "end": 20, "rule_id": 0}, {"start": 14, "end": 20, "rule_id": 3}]</rules>
  </verse>
  <verse>
    <verseIdArabic>٦٣</verseIdArabic>
    <verseId>63</verseId>
    <chapterId>37</chapterId>
    <textIndopak>إِنَّا جَعَلۡنَٰهَا فِتۡنَةٗ لِّلظَّٰلِمِينَ</textIndopak>
    <translations>
      <translation>
        <author>Dr. Mustafa Khattab, the Clear Quran</author>
        <text>We have surely made it a test for the wrongdoers.</text>
      </translation>
    </translations>
    <rules>[{"start": 2, "end": 5, "rule_id": 0}, {"start": 26, "end": 32, "rule_id": 5}]</rules>
  </verse>
  <verse>
    <verseIdArabic>٦٤</verseIdArabic>
    <verseId>64</verseId>
    <chapterId>37</chapterId>
    <textIndopak>إِنَّهَا شَجَرَةٞ تَخۡرُجُ فِيٓ أَصۡلِ ٱلۡجَحِيمِ</textIndopak>
    <translations>
      <translation>
        <author>Dr. Mustafa Khattab, the Clear Quran</author>
        <text>Indeed, it is a tree that grows in the depths of Hell,</text>
      </translation>
    </translations>
    <rules>[{"start": 2, "end": 5, "rule_id": 0}, {"start": 15, "end": 20, "rule_id": 6}]</rules>
  </verse>
  <verse>
    <verseIdArabic>٦٥</verseIdArabic>
    <verseId>65</verseId>
    <chapterId>37</chapterId>
    <textIndopak>طَلۡعُهَا كَأَنَّهُۥ رُءُوسُ ٱلشَّيَٰطِينِ</textIndopak>
    <translations>
      <translation>
        <author>Dr. Mustafa Khattab, the Clear Quran</author>
        <text>bearing fruit like devils’ heads.</text>
      </translation>
    </translations>
    <rules>[{"start": 14, "end": 17, "rule_id": 0}]</rules>
  </verse>
  <verse>
    <verseIdArabic>٦٦</verseIdArabic>
    <verseId>66</verseId>
    <chapterId>37</chapterId>
    <textIndopak>فَإِنَّهُمۡ لَأٓكِلُونَ مِنۡهَا فَمَالِـُٔونَ مِنۡهَا ٱلۡبُطُونَ</textIndopak>
    <translations>
      <translation>
        <author>Dr. Mustafa Khattab, the Clear Quran</author>
        <text>The evildoers will certainly ˹be left to˺ eat from it, filling up their bellies with it.</text>
      </translation>
    </translations>
    <rules>[{"start": 4, "end": 7, "rule_id": 0}]</rules>
  </verse>
  <verse>
    <verseIdArabic>٦٧</verseIdArabic>
    <verseId>67</verseId>
    <chapterId>37</chapterId>
    <textIndopak>ثُمَّ إِنَّ لَهُمۡ عَلَيۡهَا لَشَوۡبٗا مِّنۡ حَمِيمٖ</textIndopak>
    <translations>
      <translation>
        <author>Dr. Mustafa Khattab, the Clear Quran</author>
        <text>Then on top of that they will be given a blend of boiling drink.</text>
      </translation>
    </translations>
    <rules>[{"start": 2, "end": 5, "rule_id": 0}, {"start": 8, "end": 11, "rule_id": 0}, {"start": 39, "end": 42, "rule_id": 0}, {"start": 35, "end": 42, "rule_id": 3}]</rules>
  </verse>
  <verse>
    <verseIdArabic>٦٨</verseIdArabic>
    <verseId>68</verseId>
    <chapterId>37</chapterId>
    <textIndopak>ثُمَّ إِنَّ مَرۡجِعَهُمۡ لَإِلَى ٱلۡجَحِيمِ</textIndopak>
    <translations>
      <translation>
        <author>Dr. Mustafa Khattab, the Clear Quran</author>
        <text>Then they will ultimately return to ˹their place in˺ Hell.</text>
      </translation>
    </translations>
    <rules>[{"start": 2, "end": 5, "rule_id": 0}, {"start": 8, "end": 11, "rule_id": 0}]</rules>
  </verse>
  <verse>
    <verseIdArabic>٦٩</verseIdArabic>
    <verseId>69</verseId>
    <chapterId>37</chapterId>
    <textIndopak>إِنَّهُمۡ أَلۡفَوۡاْ ءَابَآءَهُمۡ ضَآلِّينَ</textIndopak>
    <translations>
      <translation>
        <author>Dr. Mustafa Khattab, the Clear Quran</author>
        <text>Indeed, they found their forefathers astray,</text>
      </translation>
    </translations>
    <rules>[{"start": 2, "end": 5, "rule_id": 0}]</rules>
  </verse>
  <verse>
    <verseIdArabic>٧٠</verseIdArabic>
    <verseId>70</verseId>
    <chapterId>37</chapterId>
    <textIndopak>فَهُمۡ عَلَىٰٓ ءَاثَٰرِهِمۡ يُهۡرَعُونَ</textIndopak>
    <translations>
      <translation>
        <author>Dr. Mustafa Khattab, the Clear Quran</author>
        <text>so they rushed in their footsteps!</text>
      </translation>
    </translations>
  </verse>
  <verse>
    <verseIdArabic>٧١</verseIdArabic>
    <verseId>71</verseId>
    <chapterId>37</chapterId>
    <textIndopak>وَلَقَدۡ ضَلَّ قَبۡلَهُمۡ أَكۡثَرُ ٱلۡأَوَّلِينَ</textIndopak>
    <translations>
      <translation>
        <author>Dr. Mustafa Khattab, the Clear Quran</author>
        <text>And surely most of the earlier generations had strayed before them,</text>
      </translation>
    </translations>
    <rules>[{"start": 6, "end": 8, "rule_id": 1}, {"start": 17, "end": 19, "rule_id": 1}]</rules>
  </verse>
  <verse>
    <verseIdArabic>٧٢</verseIdArabic>
    <verseId>72</verseId>
    <chapterId>37</chapterId>
    <textIndopak>وَلَقَدۡ أَرۡسَلۡنَا فِيهِم مُّنذِرِينَ</textIndopak>
    <translations>
      <translation>
        <author>Dr. Mustafa Khattab, the Clear Quran</author>
        <text>although We had certainly sent warners among them.</text>
      </translation>
    </translations>
    <rules>[{"start": 28, "end": 31, "rule_id": 0}, {"start": 6, "end": 8, "rule_id": 1}, {"start": 26, "end": 31, "rule_id": 4}, {"start": 31, "end": 34, "rule_id": 6}]</rules>
  </verse>
  <verse>
    <verseIdArabic>٧٣</verseIdArabic>
    <verseId>73</verseId>
    <chapterId>37</chapterId>
    <textIndopak>فَٱنظُرۡ كَيۡفَ كَانَ عَٰقِبَةُ ٱلۡمُنذَرِينَ</textIndopak>
    <translations>
      <translation>
        <author>Dr. Mustafa Khattab, the Clear Quran</author>
        <text>See then what was the end of those who had been warned.</text>
      </translation>
    </translations>
    <rules>[{"start": 3, "end": 6, "rule_id": 6}, {"start": 37, "end": 40, "rule_id": 6}]</rules>
  </verse>
  <verse>
    <verseIdArabic>٧٤</verseIdArabic>
    <verseId>74</verseId>
    <chapterId>37</chapterId>
    <textIndopak>إِلَّا عِبَادَ ٱللَّهِ ٱلۡمُخۡلَصِينَ</textIndopak>
    <translations>
      <translation>
        <author>Dr. Mustafa Khattab, the Clear Quran</author>
        <text>But not the chosen servants of Allah.</text>
      </translation>
    </translations>
  </verse>
  <verse>
    <verseIdArabic>٧٥</verseIdArabic>
    <verseId>75</verseId>
    <chapterId>37</chapterId>
    <textIndopak>وَلَقَدۡ نَادَىٰنَا نُوحٞ فَلَنِعۡمَ ٱلۡمُجِيبُونَ</textIndopak>
    <translations>
      <translation>
        <author>Dr. Mustafa Khattab, the Clear Quran</author>
        <text>Indeed, Noah cried out to Us, and how excellent are We in responding!</text>
      </translation>
    </translations>
    <rules>[{"start": 6, "end": 8, "rule_id": 1}, {"start": 23, "end": 28, "rule_id": 6}]</rules>
  </verse>
  <verse>
    <verseIdArabic>٧٦</verseIdArabic>
    <verseId>76</verseId>
    <chapterId>37</chapterId>
    <textIndopak>وَنَجَّيۡنَٰهُ وَأَهۡلَهُۥ مِنَ ٱلۡكَرۡبِ ٱلۡعَظِيمِ</textIndopak>
    <translations>
      <translation>
        <author>Dr. Mustafa Khattab, the Clear Quran</author>
        <text>We delivered him and his family from the great distress,</text>
      </translation>
    </translations>
  </verse>
  <verse>
    <verseIdArabic>٧٧</verseIdArabic>
    <verseId>77</verseId>
    <chapterId>37</chapterId>
    <textIndopak>وَجَعَلۡنَا ذُرِّيَّتَهُۥ هُمُ ٱلۡبَاقِينَ</textIndopak>
    <translations>
      <translation>
        <author>Dr. Mustafa Khattab, the Clear Quran</author>
        <text>and made his descendants the sole survivors.</text>
      </translation>
    </translations>
  </verse>
  <verse>
    <verseIdArabic>٧٨</verseIdArabic>
    <verseId>78</verseId>
    <chapterId>37</chapterId>
    <textIndopak>وَتَرَكۡنَا عَلَيۡهِ فِي ٱلۡأٓخِرِينَ</textIndopak>
    <translations>
      <translation>
        <author>Dr. Mustafa Khattab, the Clear Quran</author>
        <text>And We blessed him ˹with honourable mention˺ among later generations:</text>
      </translation>
    </translations>
  </verse>
  <verse>
    <verseIdArabic>٧٩</verseIdArabic>
    <verseId>79</verseId>
    <chapterId>37</chapterId>
    <textIndopak>سَلَٰمٌ عَلَىٰ نُوحٖ فِي ٱلۡعَٰلَمِينَ</textIndopak>
    <translations>
      <translation>
        <author>Dr. Mustafa Khattab, the Clear Quran</author>
        <text>“Peace be upon Noah among all peoples.”</text>
      </translation>
    </translations>
    <rules>[{"start": 18, "end": 23, "rule_id": 6}]</rules>
  </verse>
  <verse>
    <verseIdArabic>٨٠</verseIdArabic>
    <verseId>80</verseId>
    <chapterId>37</chapterId>
    <textIndopak>إِنَّا كَذَٰلِكَ نَجۡزِي ٱلۡمُحۡسِنِينَ</textIndopak>
    <translations>
      <translation>
        <author>Dr. Mustafa Khattab, the Clear Quran</author>
        <text>Indeed, this is how We reward the good-doers.</text>
      </translation>
    </translations>
    <rules>[{"start": 2, "end": 5, "rule_id": 0}, {"start": 19, "end": 21, "rule_id": 1}]</rules>
  </verse>
  <verse>
    <verseIdArabic>٨١</verseIdArabic>
    <verseId>81</verseId>
    <chapterId>37</chapterId>
    <textIndopak>إِنَّهُۥ مِنۡ عِبَادِنَا ٱلۡمُؤۡمِنِينَ</textIndopak>
    <translations>
      <translation>
        <author>Dr. Mustafa Khattab, the Clear Quran</author>
        <text>˹For˺ he was truly one of Our faithful servants.</text>
      </translation>
    </translations>
    <rules>[{"start": 2, "end": 5, "rule_id": 0}]</rules>
  </verse>
  <verse>
    <verseIdArabic>٨٢</verseIdArabic>
    <verseId>82</verseId>
    <chapterId>37</chapterId>
    <textIndopak>ثُمَّ أَغۡرَقۡنَا ٱلۡأٓخَرِينَ</textIndopak>
    <translations>
      <translation>
        <author>Dr. Mustafa Khattab, the Clear Quran</author>
        <text>Then We drowned the others.</text>
      </translation>
    </translations>
    <rules>[{"start": 2, "end": 5, "rule_id": 0}, {"start": 12, "end": 14, "rule_id": 1}]</rules>
  </verse>
  <verse>
    <verseIdArabic>٨٣</verseIdArabic>
    <verseId>83</verseId>
    <chapterId>37</chapterId>
    <textIndopak>۞ وَإِنَّ مِن شِيعَتِهِۦ لَإِبۡرَٰهِيمَ</textIndopak>
    <translations>
      <translation>
        <author>Dr. Mustafa Khattab, the Clear Quran</author>
        <text>And indeed, one of those who followed his way was Abraham.</text>
      </translation>
    </translations>
    <rules>[{"start": 6, "end": 9, "rule_id": 0}, {"start": 29, "end": 31, "rule_id": 1}, {"start": 12, "end": 16, "rule_id": 6}]</rules>
  </verse>
  <verse>
    <verseIdArabic>٨٤</verseIdArabic>
    <verseId>84</verseId>
    <chapterId>37</chapterId>
    <textIndopak>إِذۡ جَآءَ رَبَّهُۥ بِقَلۡبٖ سَلِيمٍ</textIndopak>
    <translations>
      <translation>
        <author>Dr. Mustafa Khattab, the Clear Quran</author>
        <text>˹Remember˺ when he came to his Lord with a pure heart,</text>
      </translation>
    </translations>
    <rules>[{"start": 27, "end": 32, "rule_id": 6}]</rules>
  </verse>
  <verse>
    <verseIdArabic>٨٥</verseIdArabic>
    <verseId>85</verseId>
    <chapterId>37</chapterId>
    <textIndopak>إِذۡ قَالَ لِأَبِيهِ وَقَوۡمِهِۦ مَاذَا تَعۡبُدُونَ</textIndopak>
    <translations>
      <translation>
        <author>Dr. Mustafa Khattab, the Clear Quran</author>
        <text>and said to his father and his people, “What are you worshipping?</text>
      </translation>
    </translations>
  </verse>
  <verse>
    <verseIdArabic>٨٦</verseIdArabic>
    <verseId>86</verseId>
    <chapterId>37</chapterId>
    <textIndopak>أَئِفۡكًا ءَالِهَةٗ دُونَ ٱللَّهِ تُرِيدُونَ</textIndopak>
    <translations>
      <translation>
        <author>Dr. Mustafa Khattab, the Clear Quran</author>
        <text>Is it false gods that you desire instead of Allah?</text>
      </translation>
    </translations>
    <rules>[{"start": 17, "end": 22, "rule_id": 6}]</rules>
  </verse>
  <verse>
    <verseIdArabic>٨٧</verseIdArabic>
    <verseId>87</verseId>
    <chapterId>37</chapterId>
    <textIndopak>فَمَا ظَنُّكُم بِرَبِّ ٱلۡعَٰلَمِينَ</textIndopak>
    <translations>
      <translation>
        <author>Dr. Mustafa Khattab, the Clear Quran</author>
        <text>What then do you expect from the Lord of all worlds?”</text>
      </translation>
    </translations>
    <rules>[{"start": 8, "end": 11, "rule_id": 0}, {"start": 13, "end": 17, "rule_id": 7}]</rules>
  </verse>
  <verse>
    <verseIdArabic>٨٨</verseIdArabic>
    <verseId>88</verseId>
    <chapterId>37</chapterId>
    <textIndopak>فَنَظَرَ نَظۡرَةٗ فِي ٱلنُّجُومِ</textIndopak>
    <translations>
      <translation>
        <author>Dr. Mustafa Khattab, the Clear Quran</author>
        <text>He later looked up to the stars ˹in contemplation˺,</text>
      </translation>
    </translations>
    <rules>[{"start": 24, "end": 27, "rule_id": 0}, {"start": 15, "end": 20, "rule_id": 6}]</rules>
  </verse>
  <verse>
    <verseIdArabic>٨٩</verseIdArabic>
    <verseId>89</verseId>
    <chapterId>37</chapterId>
    <textIndopak>فَقَالَ إِنِّي سَقِيمٞ</textIndopak>
    <translations>
      <translation>
        <author>Dr. Mustafa Khattab, the Clear Quran</author>
        <text>then said, “I am really sick.”</text>
      </translation>
    </translations>
    <rules>[{"start": 10, "end": 13, "rule_id": 0}]</rules>
  </verse>
  <verse>
    <verseIdArabic>٩٠</verseIdArabic>
    <verseId>90</verseId>
    <chapterId>37</chapterId>
    <textIndopak>فَتَوَلَّوۡاْ عَنۡهُ مُدۡبِرِينَ</textIndopak>
    <translations>
      <translation>
        <author>Dr. Mustafa Khattab, the Clear Quran</author>
        <text>So they turned their backs on him and went away.</text>
      </translation>
    </translations>
    <rules>[{"start": 23, "end": 25, "rule_id": 1}]</rules>
  </verse>
  <verse>
    <verseIdArabic>٩١</verseIdArabic>
    <verseId>91</verseId>
    <chapterId>37</chapterId>
    <textIndopak>فَرَاغَ إِلَىٰٓ ءَالِهَتِهِمۡ فَقَالَ أَلَا تَأۡكُلُونَ</textIndopak>
    <translations>
      <translation>
        <author>Dr. Mustafa Khattab, the Clear Quran</author>
        <text>Then he ˹stealthily˺ advanced towards their gods, and said ˹mockingly˺, “Will you not eat ˹your offerings˺?</text>
      </translation>
    </translations>
  </verse>
  <verse>
    <verseIdArabic>٩٢</verseIdArabic>
    <verseId>92</verseId>
    <chapterId>37</chapterId>
    <textIndopak>مَا لَكُمۡ لَا تَنطِقُونَ</textIndopak>
    <translations>
      <translation>
        <author>Dr. Mustafa Khattab, the Clear Quran</author>
        <text>What is wrong with you that you cannot speak?”</text>
      </translation>
    </translations>
    <rules>[{"start": 17, "end": 20, "rule_id": 6}]</rules>
  </verse>
  <verse>
    <verseIdArabic>٩٣</verseIdArabic>
    <verseId>93</verseId>
    <chapterId>37</chapterId>
    <textIndopak>فَرَاغَ عَلَيۡهِمۡ ضَرۡبَۢا بِٱلۡيَمِينِ</textIndopak>
    <translations>
      <translation>
        <author>Dr. Mustafa Khattab, the Clear Quran</author>
        <text>Then he swiftly turned on them, striking ˹them˺ with his right hand.</text>
      </translation>
    </translations>
  </verse>
  <verse>
    <verseIdArabic>٩٤</verseIdArabic>
    <verseId>94</verseId>
    <chapterId>37</chapterId>
    <textIndopak>فَأَقۡبَلُوٓاْ إِلَيۡهِ يَزِفُّونَ</textIndopak>
    <translations>
      <translation>
        <author>Dr. Mustafa Khattab, the Clear Quran</author>
        <text>Later, his people came rushing towards him ˹furiously˺.</text>
      </translation>
    </translations>
    <rules>[{"start": 4, "end": 6, "rule_id": 1}]</rules>
  </verse>
  <verse>
    <verseIdArabic>٩٥</verseIdArabic>
    <verseId>95</verseId>
    <chapterId>37</chapterId>
    <textIndopak>قَالَ أَتَعۡبُدُونَ مَا تَنۡحِتُونَ</textIndopak>
    <translations>
      <translation>
        <author>Dr. Mustafa Khattab, the Clear Quran</author>
        <text>He argued, “How can you worship what you carve ˹with your own hands˺,</text>
      </translation>
    </translations>
  </verse>
  <verse>
    <verseIdArabic>٩٦</verseIdArabic>
    <verseId>96</verseId>
    <chapterId>37</chapterId>
    <textIndopak>وَٱللَّهُ خَلَقَكُمۡ وَمَا تَعۡمَلُونَ</textIndopak>
    <translations>
      <translation>
        <author>Dr. Mustafa Khattab, the Clear Quran</author>
        <text>when it is Allah Who created you and whatever you do?”</text>
      </translation>
    </translations>
  </verse>
  <verse>
    <verseIdArabic>٩٧</verseIdArabic>
    <verseId>97</verseId>
    <chapterId>37</chapterId>
    <textIndopak>قَالُواْ ٱبۡنُواْ لَهُۥ بُنۡيَٰنٗا فَأَلۡقُوهُ فِي ٱلۡجَحِيمِ</textIndopak>
    <translations>
      <translation>
        <author>Dr. Mustafa Khattab, the Clear Quran</author>
        <text>They said ˹to one another˺, “Build him a furnace and cast him into the blazing fire.”</text>
      </translation>
    </translations>
    <rules>[{"start": 10, "end": 12, "rule_id": 1}]</rules>
  </verse>
  <verse>
    <verseIdArabic>٩٨</verseIdArabic>
    <verseId>98</verseId>
    <chapterId>37</chapterId>
    <textIndopak>فَأَرَادُواْ بِهِۦ كَيۡدٗا فَجَعَلۡنَٰهُمُ ٱلۡأَسۡفَلِينَ</textIndopak>
    <translations>
      <translation>
        <author>Dr. Mustafa Khattab, the Clear Quran</author>
        <text>And so they sought to harm him, but We made them inferior.</text>
      </translation>
    </translations>
  </verse>
  <verse>
    <verseIdArabic>٩٩</verseIdArabic>
    <verseId>99</verseId>
    <chapterId>37</chapterId>
    <textIndopak>وَقَالَ إِنِّي ذَاهِبٌ إِلَىٰ رَبِّي سَيَهۡدِينِ</textIndopak>
    <translations>
      <translation>
        <author>Dr. Mustafa Khattab, the Clear Quran</author>
        <text>He later said, “I am leaving ˹in obedience˺ to my Lord. He will guide me.</text>
      </translation>
    </translations>
    <rules>[{"start": 10, "end": 13, "rule_id": 0}]</rules>
  </verse>
  <verse>
    <verseIdArabic>١٠٠</verseIdArabic>
    <verseId>100</verseId>
    <chapterId>37</chapterId>
    <textIndopak>رَبِّ هَبۡ لِي مِنَ ٱلصَّٰلِحِينَ</textIndopak>
    <translations>
      <translation>
        <author>Dr. Mustafa Khattab, the Clear Quran</author>
        <text>My Lord! Bless me with righteous offspring.”</text>
      </translation>
    </translations>
    <rules>[{"start": 8, "end": 10, "rule_id": 1}]</rules>
  </verse>
  <verse>
    <verseIdArabic>١٠١</verseIdArabic>
    <verseId>101</verseId>
    <chapterId>37</chapterId>
    <textIndopak>فَبَشَّرۡنَٰهُ بِغُلَٰمٍ حَلِيمٖ</textIndopak>
    <translations>
      <translation>
        <author>Dr. Mustafa Khattab, the Clear Quran</author>
        <text>So We gave him good news of a forbearing son.</text>
      </translation>
    </translations>
  </verse>
  <verse>
    <verseIdArabic>١٠٢</verseIdArabic>
    <verseId>102</verseId>
    <chapterId>37</chapterId>
    <textIndopak>فَلَمَّا بَلَغَ مَعَهُ ٱلسَّعۡيَ قَالَ يَٰبُنَيَّ إِنِّيٓ أَرَىٰ فِي ٱلۡمَنَامِ أَنِّيٓ أَذۡبَحُكَ فَٱنظُرۡ مَاذَا تَرَىٰۚ قَالَ يَٰٓأَبَتِ ٱفۡعَلۡ مَا تُؤۡمَرُۖ سَتَجِدُنِيٓ إِن شَآءَ ٱللَّهُ مِنَ ٱلصَّٰبِرِينَ</textIndopak>
    <translations>
      <translation>
        <author>Dr. Mustafa Khattab, the Clear Quran</author>
        <text>Then when the boy reached the age to work with him, Abraham said, “O my dear son! I have seen in a dream that I ˹must˺ sacrifice you. So tell me what you think.” He replied, “O my dear father! Do as you are commanded. Allah willing, you will find me steadfast.”</text>
      </translation>
    </translations>
    <rules>[{"start": 4, "end": 7, "rule_id": 0}, {"start": 52, "end": 55, "rule_id": 0}, {"start": 82, "end": 85, "rule_id": 0}, {"start": 102, "end": 105, "rule_id": 6}, {"start": 179, "end": 183, "rule_id": 6}]</rules>
  </verse>
  <verse>
    <verseIdArabic>١٠٣</verseIdArabic>
    <verseId>103</verseId>
    <chapterId>37</chapterId>
    <textIndopak>فَلَمَّآ أَسۡلَمَا وَتَلَّهُۥ لِلۡجَبِينِ</textIndopak>
    <translations>
      <translation>
        <author>Dr. Mustafa Khattab, the Clear Quran</author>
        <text>Then when they submitted ˹to Allah’s Will˺, and Abraham laid him on the side of his forehead ˹for sacrifice˺,</text>
      </translation>
    </translations>
    <rules>[{"start": 4, "end": 7, "rule_id": 0}]</rules>
  </verse>
  <verse>
    <verseIdArabic>١٠٤</verseIdArabic>
    <verseId>104</verseId>
    <chapterId>37</chapterId>
    <textIndopak>وَنَٰدَيۡنَٰهُ أَن يَٰٓإِبۡرَٰهِيمُ</textIndopak>
    <translations>
      <translation>
        <author>Dr. Mustafa Khattab, the Clear Quran</author>
        <text>We called out to him, “O Abraham!</text>
      </translation>
    </translations>
    <rules>[{"start": 25, "end": 27, "rule_id": 1}, {"start": 17, "end": 23, "rule_id": 3}]</rules>
  </verse>
  <verse>
    <verseIdArabic>١٠٥</verseIdArabic>
    <verseId>105</verseId>
    <chapterId>37</chapterId>
    <textIndopak>قَدۡ صَدَّقۡتَ ٱلرُّءۡيَآۚ إِنَّا كَذَٰلِكَ نَجۡزِي ٱلۡمُحۡسِنِينَ</textIndopak>
    <translations>
      <translation>
        <author>Dr. Mustafa Khattab, the Clear Quran</author>
        <text>You have already fulfilled the vision.” Indeed, this is how We reward the good-doers.</text>
      </translation>
    </translations>
    <rules>[{"start": 31, "end": 34, "rule_id": 0}, {"start": 2, "end": 4, "rule_id": 1}, {"start": 10, "end": 12, "rule_id": 1}, {"start": 48, "end": 50, "rule_id": 1}]</rules>
  </verse>
  <verse>
    <verseIdArabic>١٠٦</verseIdArabic>
    <verseId>106</verseId>
    <chapterId>37</chapterId>
    <textIndopak>إِنَّ هَٰذَا لَهُوَ ٱلۡبَلَٰٓؤُاْ ٱلۡمُبِينُ</textIndopak>
    <translations>
      <translation>
        <author>Dr. Mustafa Khattab, the Clear Quran</author>
        <text>That was truly a revealing test.</text>
      </translation>
    </translations>
    <rules>[{"start": 2, "end": 5, "rule_id": 0}]</rules>
  </verse>
  <verse>
    <verseIdArabic>١٠٧</verseIdArabic>
    <verseId>107</verseId>
    <chapterId>37</chapterId>
    <textIndopak>وَفَدَيۡنَٰهُ بِذِبۡحٍ عَظِيمٖ</textIndopak>
    <translations>
      <translation>
        <author>Dr. Mustafa Khattab, the Clear Quran</author>
        <text>And We ransomed his son with a great sacrifice,</text>
      </translation>
    </translations>
    <rules>[{"start": 18, "end": 20, "rule_id": 1}]</rules>
  </verse>
  <verse>
    <verseIdArabic>١٠٨</verseIdArabic>
    <verseId>108</verseId>
    <chapterId>37</chapterId>
    <textIndopak>وَتَرَكۡنَا عَلَيۡهِ فِي ٱلۡأٓخِرِينَ</textIndopak>
    <translations>
      <translation>
        <author>Dr. Mustafa Khattab, the Clear Quran</author>
        <text>and blessed Abraham ˹with honourable mention˺ among later generations:</text>
      </translation>
    </translations>
  </verse>
  <verse>
    <verseIdArabic>١٠٩</verseIdArabic>
    <verseId>109</verseId>
    <chapterId>37</chapterId>
    <textIndopak>سَلَٰمٌ عَلَىٰٓ إِبۡرَٰهِيمَ</textIndopak>
    <translations>
      <translation>
        <author>Dr. Mustafa Khattab, the Clear Quran</author>
        <text>“Peace be upon Abraham.”</text>
      </translation>
    </translations>
    <rules>[{"start": 18, "end": 20, "rule_id": 1}]</rules>
  </verse>
  <verse>
    <verseIdArabic>١١٠</verseIdArabic>
    <verseId>110</verseId>
    <chapterId>37</chapterId>
    <textIndopak>كَذَٰلِكَ نَجۡزِي ٱلۡمُحۡسِنِينَ</textIndopak>
    <translations>
      <translation>
        <author>Dr. Mustafa Khattab, the Clear Quran</author>
        <text>This is how We reward the good-doers.</text>
      </translation>
    </translations>
    <rules>[{"start": 12, "end": 14, "rule_id": 1}]</rules>
  </verse>
  <verse>
    <verseIdArabic>١١١</verseIdArabic>
    <verseId>111</verseId>
    <chapterId>37</chapterId>
    <textIndopak>إِنَّهُۥ مِنۡ عِبَادِنَا ٱلۡمُؤۡمِنِينَ</textIndopak>
    <translations>
      <translation>
        <author>Dr. Mustafa Khattab, the Clear Quran</author>
        <text>He was truly one of Our faithful servants.</text>
      </translation>
    </translations>
    <rules>[{"start": 2, "end": 5, "rule_id": 0}]</rules>
  </verse>
  <verse>
    <verseIdArabic>١١٢</verseIdArabic>
    <verseId>112</verseId>
    <chapterId>37</chapterId>
    <textIndopak>وَبَشَّرۡنَٰهُ بِإِسۡحَٰقَ نَبِيّٗا مِّنَ ٱلصَّٰلِحِينَ</textIndopak>
    <translations>
      <translation>
        <author>Dr. Mustafa Khattab, the Clear Quran</author>
        <text>We ˹later˺ gave him good news of Isaac—a prophet, and one of the righteous.</text>
      </translation>
    </translations>
    <rules>[{"start": 36, "end": 39, "rule_id": 0}, {"start": 31, "end": 39, "rule_id": 3}]</rules>
  </verse>
  <verse>
    <verseIdArabic>١١٣</verseIdArabic>
    <verseId>113</verseId>
    <chapterId>37</chapterId>
    <textIndopak>وَبَٰرَكۡنَا عَلَيۡهِ وَعَلَىٰٓ إِسۡحَٰقَۚ وَمِن ذُرِّيَّتِهِمَا مُحۡسِنٞ وَظَالِمٞ لِّنَفۡسِهِۦ مُبِينٞ</textIndopak>
    <translations>
      <translation>
        <author>Dr. Mustafa Khattab, the Clear Quran</author>
        <text>We blessed him and Isaac as well. Some of their descendants did good, while others clearly wronged themselves.</text>
      </translation>
    </translations>
    <rules>[{"start": 72, "end": 77, "rule_id": 3}, {"start": 82, "end": 88, "rule_id": 5}, {"start": 48, "end": 52, "rule_id": 6}]</rules>
  </verse>
  <verse>
    <verseIdArabic>١١٤</verseIdArabic>
    <verseId>114</verseId>
    <chapterId>37</chapterId>
    <textIndopak>وَلَقَدۡ مَنَنَّا عَلَىٰ مُوسَىٰ وَهَٰرُونَ</textIndopak>
    <translations>
      <translation>
        <author>Dr. Mustafa Khattab, the Clear Quran</author>
        <text>And We certainly showed favour to Moses and Aaron,</text>
      </translation>
    </translations>
    <rules>[{"start": 13, "end": 16, "rule_id": 0}, {"start": 6, "end": 8, "rule_id": 1}]</rules>
  </verse>
  <verse>
    <verseIdArabic>١١٥</verseIdArabic>
    <verseId>115</verseId>
    <chapterId>37</chapterId>
    <textIndopak>وَنَجَّيۡنَٰهُمَا وَقَوۡمَهُمَا مِنَ ٱلۡكَرۡبِ ٱلۡعَظِيمِ</textIndopak>
    <translations>
      <translation>
        <author>Dr. Mustafa Khattab, the Clear Quran</author>
        <text>and delivered them and their people from the great distress.</text>
      </translation>
    </translations>
  </verse>
  <verse>
    <verseIdArabic>١١٦</verseIdArabic>
    <verseId>116</verseId>
    <chapterId>37</chapterId>
    <textIndopak>وَنَصَرۡنَٰهُمۡ فَكَانُواْ هُمُ ٱلۡغَٰلِبِينَ</textIndopak>
    <translations>
      <translation>
        <author>Dr. Mustafa Khattab, the Clear Quran</author>
        <text>We helped them so it was they who prevailed.</text>
      </translation>
    </translations>
  </verse>
  <verse>
    <verseIdArabic>١١٧</verseIdArabic>
    <verseId>117</verseId>
    <chapterId>37</chapterId>
    <textIndopak>وَءَاتَيۡنَٰهُمَا ٱلۡكِتَٰبَ ٱلۡمُسۡتَبِينَ</textIndopak>
    <translations>
      <translation>
        <author>Dr. Mustafa Khattab, the Clear Quran</author>
        <text>We gave them the clear Scripture,</text>
      </translation>
    </translations>
  </verse>
  <verse>
    <verseIdArabic>١١٨</verseIdArabic>
    <verseId>118</verseId>
    <chapterId>37</chapterId>
    <textIndopak>وَهَدَيۡنَٰهُمَا ٱلصِّرَٰطَ ٱلۡمُسۡتَقِيمَ</textIndopak>
    <translations>
      <translation>
        <author>Dr. Mustafa Khattab, the Clear Quran</author>
        <text>and guided them to the Straight Path.</text>
      </translation>
    </translations>
  </verse>
  <verse>
    <verseIdArabic>١١٩</verseIdArabic>
    <verseId>119</verseId>
    <chapterId>37</chapterId>
    <textIndopak>وَتَرَكۡنَا عَلَيۡهِمَا فِي ٱلۡأٓخِرِينَ</textIndopak>
    <translations>
      <translation>
        <author>Dr. Mustafa Khattab, the Clear Quran</author>
        <text>And We blessed them ˹with honourable mention˺ among later generations:</text>
      </translation>
    </translations>
  </verse>
  <verse>
    <verseIdArabic>١٢٠</verseIdArabic>
    <verseId>120</verseId>
    <chapterId>37</chapterId>
    <textIndopak>سَلَٰمٌ عَلَىٰ مُوسَىٰ وَهَٰرُونَ</textIndopak>
    <translations>
      <translation>
        <author>Dr. Mustafa Khattab, the Clear Quran</author>
        <text>“Peace be upon Moses and Aaron.”</text>
      </translation>
    </translations>
  </verse>
  <verse>
    <verseIdArabic>١٢١</verseIdArabic>
    <verseId>121</verseId>
    <chapterId>37</chapterId>
    <textIndopak>إِنَّا كَذَٰلِكَ نَجۡزِي ٱلۡمُحۡسِنِينَ</textIndopak>
    <translations>
      <translation>
        <author>Dr. Mustafa Khattab, the Clear Quran</author>
        <text>Indeed, this is how We reward the good-doers.</text>
      </translation>
    </translations>
    <rules>[{"start": 2, "end": 5, "rule_id": 0}, {"start": 19, "end": 21, "rule_id": 1}]</rules>
  </verse>
  <verse>
    <verseIdArabic>١٢٢</verseIdArabic>
    <verseId>122</verseId>
    <chapterId>37</chapterId>
    <textIndopak>إِنَّهُمَا مِنۡ عِبَادِنَا ٱلۡمُؤۡمِنِينَ</textIndopak>
    <translations>
      <translation>
        <author>Dr. Mustafa Khattab, the Clear Quran</author>
        <text>They were truly ˹two˺ of Our faithful servants.</text>
      </translation>
    </translations>
    <rules>[{"start": 2, "end": 5, "rule_id": 0}]</rules>
  </verse>
  <verse>
    <verseIdArabic>١٢٣</verseIdArabic>
    <verseId>123</verseId>
    <chapterId>37</chapterId>
    <textIndopak>وَإِنَّ إِلۡيَاسَ لَمِنَ ٱلۡمُرۡسَلِينَ</textIndopak>
    <translations>
      <translation>
        <author>Dr. Mustafa Khattab, the Clear Quran</author>
        <text>And Elias was indeed one of the messengers.</text>
      </translation>
    </translations>
    <rules>[{"start": 4, "end": 7, "rule_id": 0}]</rules>
  </verse>
  <verse>
    <verseIdArabic>١٢٤</verseIdArabic>
    <verseId>124</verseId>
    <chapterId>37</chapterId>
    <textIndopak>إِذۡ قَالَ لِقَوۡمِهِۦٓ أَلَا تَتَّقُونَ</textIndopak>
    <translations>
      <translation>
        <author>Dr. Mustafa Khattab, the Clear Quran</author>
        <text>˹Remember˺ when he said to his people, “Will you not fear ˹Allah˺?</text>
      </translation>
    </translations>
  </verse>
  <verse>
    <verseIdArabic>١٢٥</verseIdArabic>
    <verseId>125</verseId>
    <chapterId>37</chapterId>
    <textIndopak>أَتَدۡعُونَ بَعۡلٗا وَتَذَرُونَ أَحۡسَنَ ٱلۡخَٰلِقِينَ</textIndopak>
    <translations>
      <translation>
        <author>Dr. Mustafa Khattab, the Clear Quran</author>
        <text>Do you call upon ˹the idol of˺ Ba’l and abandon the Best of Creators—</text>
      </translation>
    </translations>
    <rules>[{"start": 4, "end": 6, "rule_id": 1}, {"start": 16, "end": 22, "rule_id": 3}]</rules>
  </verse>
  <verse>
    <verseIdArabic>١٢٦</verseIdArabic>
    <verseId>126</verseId>
    <chapterId>37</chapterId>
    <textIndopak>ٱللَّهَ رَبَّكُمۡ وَرَبَّ ءَابَآئِكُمُ ٱلۡأَوَّلِينَ</textIndopak>
    <translations>
      <translation>
        <author>Dr. Mustafa Khattab, the Clear Quran</author>
        <text>Allah, your Lord and the Lord of your forefathers?”</text>
      </translation>
    </translations>
  </verse>
  <verse>
    <verseIdArabic>١٢٧</verseIdArabic>
    <verseId>127</verseId>
    <chapterId>37</chapterId>
    <textIndopak>فَكَذَّبُوهُ فَإِنَّهُمۡ لَمُحۡضَرُونَ</textIndopak>
    <translations>
      <translation>
        <author>Dr. Mustafa Khattab, the Clear Quran</author>
        <text>But they rejected him, so they will certainly be brought ˹for punishment˺.</text>
      </translation>
    </translations>
    <rules>[{"start": 17, "end": 20, "rule_id": 0}]</rules>
  </verse>
  <verse>
    <verseIdArabic>١٢٨</verseIdArabic>
    <verseId>128</verseId>
    <chapterId>37</chapterId>
    <textIndopak>إِلَّا عِبَادَ ٱللَّهِ ٱلۡمُخۡلَصِينَ</textIndopak>
    <translations>
      <translation>
        <author>Dr. Mustafa Khattab, the Clear Quran</author>
        <text>But not the chosen servants of Allah.</text>
      </translation>
    </translations>
  </verse>
  <verse>
    <verseIdArabic>١٢٩</verseIdArabic>
    <verseId>129</verseId>
    <chapterId>37</chapterId>
    <textIndopak>وَتَرَكۡنَا عَلَيۡهِ فِي ٱلۡأٓخِرِينَ</textIndopak>
    <translations>
      <translation>
        <author>Dr. Mustafa Khattab, the Clear Quran</author>
        <text>We blessed him ˹with honourable mention˺ among later generations:</text>
      </translation>
    </translations>
  </verse>
  <verse>
    <verseIdArabic>١٣٠</verseIdArabic>
    <verseId>130</verseId>
    <chapterId>37</chapterId>
    <textIndopak>سَلَٰمٌ عَلَىٰٓ إِلۡ يَاسِينَ</textIndopak>
    <translations>
      <translation>
        <author>Dr. Mustafa Khattab, the Clear Quran</author>
        <text>“Peace be upon Elias.”</text>
      </translation>
    </translations>
  </verse>
  <verse>
    <verseIdArabic>١٣١</verseIdArabic>
    <verseId>131</verseId>
    <chapterId>37</chapterId>
    <textIndopak>إِنَّا كَذَٰلِكَ نَجۡزِي ٱلۡمُحۡسِنِينَ</textIndopak>
    <translations>
      <translation>
        <author>Dr. Mustafa Khattab, the Clear Quran</author>
        <text>Indeed, this is how We reward the good-doers.</text>
      </translation>
    </translations>
    <rules>[{"start": 2, "end": 5, "rule_id": 0}, {"start": 19, "end": 21, "rule_id": 1}]</rules>
  </verse>
  <verse>
    <verseIdArabic>١٣٢</verseIdArabic>
    <verseId>132</verseId>
    <chapterId>37</chapterId>
    <textIndopak>إِنَّهُۥ مِنۡ عِبَادِنَا ٱلۡمُؤۡمِنِينَ</textIndopak>
    <translations>
      <translation>
        <author>Dr. Mustafa Khattab, the Clear Quran</author>
        <text>He was truly one of Our faithful servants.</text>
      </translation>
    </translations>
    <rules>[{"start": 2, "end": 5, "rule_id": 0}]</rules>
  </verse>
  <verse>
    <verseIdArabic>١٣٣</verseIdArabic>
    <verseId>133</verseId>
    <chapterId>37</chapterId>
    <textIndopak>وَإِنَّ لُوطٗا لَّمِنَ ٱلۡمُرۡسَلِينَ</textIndopak>
    <translations>
      <translation>
        <author>Dr. Mustafa Khattab, the Clear Quran</author>
        <text>And Lot was indeed one of the messengers.</text>
      </translation>
    </translations>
    <rules>[{"start": 4, "end": 7, "rule_id": 0}, {"start": 11, "end": 18, "rule_id": 5}]</rules>
  </verse>
  <verse>
    <verseIdArabic>١٣٤</verseIdArabic>
    <verseId>134</verseId>
    <chapterId>37</chapterId>
    <textIndopak>إِذۡ نَجَّيۡنَٰهُ وَأَهۡلَهُۥٓ أَجۡمَعِينَ</textIndopak>
    <translations>
      <translation>
        <author>Dr. Mustafa Khattab, the Clear Quran</author>
        <text>˹Remember˺ when We delivered him and all of his family,</text>
      </translation>
    </translations>
    <rules>[{"start": 33, "end": 35, "rule_id": 1}]</rules>
  </verse>
  <verse>
    <verseIdArabic>١٣٥</verseIdArabic>
    <verseId>135</verseId>
    <chapterId>37</chapterId>
    <textIndopak>إِلَّا عَجُوزٗا فِي ٱلۡغَٰبِرِينَ</textIndopak>
    <translations>
      <translation>
        <author>Dr. Mustafa Khattab, the Clear Quran</author>
        <text>except an old woman, who was one of the doomed.</text>
      </translation>
    </translations>
  </verse>
  <verse>
    <verseIdArabic>١٣٦</verseIdArabic>
    <verseId>136</verseId>
    <chapterId>37</chapterId>
    <textIndopak>ثُمَّ دَمَّرۡنَا ٱلۡأٓخَرِينَ</textIndopak>
    <translations>
      <translation>
        <author>Dr. Mustafa Khattab, the Clear Quran</author>
        <text>Then We ˹utterly˺ destroyed the rest.</text>
      </translation>
    </translations>
    <rules>[{"start": 2, "end": 5, "rule_id": 0}, {"start": 8, "end": 11, "rule_id": 0}]</rules>
  </verse>
  <verse>
    <verseIdArabic>١٣٧</verseIdArabic>
    <verseId>137</verseId>
    <chapterId>37</chapterId>
    <textIndopak>وَإِنَّكُمۡ لَتَمُرُّونَ عَلَيۡهِم مُّصۡبِحِينَ</textIndopak>
    <translations>
      <translation>
        <author>Dr. Mustafa Khattab, the Clear Quran</author>
        <text>You ˹Meccans˺ certainly pass by their ruins day</text>
      </translation>
    </translations>
    <rules>[{"start": 4, "end": 7, "rule_id": 0}, {"start": 35, "end": 38, "rule_id": 0}, {"start": 33, "end": 38, "rule_id": 4}]</rules>
  </verse>
  <verse>
    <verseIdArabic>١٣٨</verseIdArabic>
    <verseId>138</verseId>
    <chapterId>37</chapterId>
    <textIndopak>وَبِٱلَّيۡلِۚ أَفَلَا تَعۡقِلُونَ</textIndopak>
    <translations>
      <translation>
        <author>Dr. Mustafa Khattab, the Clear Quran</author>
        <text>and night. Will you not then understand?</text>
      </translation>
    </translations>
  </verse>
  <verse>
    <verseIdArabic>١٣٩</verseIdArabic>
    <verseId>139</verseId>
    <chapterId>37</chapterId>
    <textIndopak>وَإِنَّ يُونُسَ لَمِنَ ٱلۡمُرۡسَلِينَ</textIndopak>
    <translations>
      <translation>
        <author>Dr. Mustafa Khattab, the Clear Quran</author>
        <text>And Jonah was indeed one of the messengers.</text>
      </translation>
    </translations>
    <rules>[{"start": 4, "end": 7, "rule_id": 0}]</rules>
  </verse>
  <verse>
    <verseIdArabic>١٤٠</verseIdArabic>
    <verseId>140</verseId>
    <chapterId>37</chapterId>
    <textIndopak>إِذۡ أَبَقَ إِلَى ٱلۡفُلۡكِ ٱلۡمَشۡحُونِ</textIndopak>
    <translations>
      <translation>
        <author>Dr. Mustafa Khattab, the Clear Quran</author>
        <text>˹Remember˺ when he fled to the overloaded ship.</text>
      </translation>
    </translations>
  </verse>
  <verse>
    <verseIdArabic>١٤١</verseIdArabic>
    <verseId>141</verseId>
    <chapterId>37</chapterId>
    <textIndopak>فَسَاهَمَ فَكَانَ مِنَ ٱلۡمُدۡحَضِينَ</textIndopak>
    <translations>
      <translation>
        <author>Dr. Mustafa Khattab, the Clear Quran</author>
        <text>Then ˹to save it from sinking,˺ he drew straws ˹with other passengers˺. He lost ˹and was thrown overboard˺.</text>
      </translation>
    </translations>
    <rules>[{"start": 28, "end": 30, "rule_id": 1}]</rules>
  </verse>
  <verse>
    <verseIdArabic>١٤٢</verseIdArabic>
    <verseId>142</verseId>
    <chapterId>37</chapterId>
    <textIndopak>فَٱلۡتَقَمَهُ ٱلۡحُوتُ وَهُوَ مُلِيمٞ</textIndopak>
    <translations>
      <translation>
        <author>Dr. Mustafa Khattab, the Clear Quran</author>
        <text>Then the whale engulfed him while he was blameworthy.</text>
      </translation>
    </translations>
  </verse>
  <verse>
    <verseIdArabic>١٤٣</verseIdArabic>
    <verseId>143</verseId>
    <chapterId>37</chapterId>
    <textIndopak>فَلَوۡلَآ أَنَّهُۥ كَانَ مِنَ ٱلۡمُسَبِّحِينَ</textIndopak>
    <translations>
      <translation>
        <author>Dr. Mustafa Khattab, the Clear Quran</author>
        <text>Had he not ˹constantly˺ glorified ˹Allah˺,</text>
      </translation>
    </translations>
    <rules>[{"start": 13, "end": 16, "rule_id": 0}]</rules>
  </verse>
  <verse>
    <verseIdArabic>١٤٤</verseIdArabic>
    <verseId>144</verseId>
    <chapterId>37</chapterId>
    <textIndopak>لَلَبِثَ فِي بَطۡنِهِۦٓ إِلَىٰ يَوۡمِ يُبۡعَثُونَ</textIndopak>
    <translations>
      <translation>
        <author>Dr. Mustafa Khattab, the Clear Quran</author>
        <text>he would have certainly remained in its belly until the Day of Resurrection.</text>
      </translation>
    </translations>
    <rules>[{"start": 15, "end": 17, "rule_id": 1}, {"start": 40, "end": 42, "rule_id": 1}]</rules>
  </verse>
  <verse>
    <verseIdArabic>١٤٥</verseIdArabic>
    <verseId>145</verseId>
    <chapterId>37</chapterId>
    <textIndopak>۞ فَنَبَذۡنَٰهُ بِٱلۡعَرَآءِ وَهُوَ سَقِيمٞ</textIndopak>
    <translations>
      <translation>
        <author>Dr. Mustafa Khattab, the Clear Quran</author>
        <text>But We cast him onto the open ˹shore˺, ˹totally˺ worn out,</text>
      </translation>
    </translations>
  </verse>
  <verse>
    <verseIdArabic>١٤٦</verseIdArabic>
    <verseId>146</verseId>
    <chapterId>37</chapterId>
    <textIndopak>وَأَنۢبَتۡنَا عَلَيۡهِ شَجَرَةٗ مِّن يَقۡطِينٖ</textIndopak>
    <translations>
      <translation>
        <author>Dr. Mustafa Khattab, the Clear Quran</author>
        <text>and caused a squash plant to grow over him.</text>
      </translation>
    </translations>
    <rules>[{"start": 32, "end": 35, "rule_id": 0}, {"start": 39, "end": 41, "rule_id": 1}, {"start": 4, "end": 8, "rule_id": 2}, {"start": 35, "end": 39, "rule_id": 3}, {"start": 29, "end": 35, "rule_id": 3}]</rules>
  </verse>
  <verse>
    <verseIdArabic>١٤٧</verseIdArabic>
    <verseId>147</verseId>
    <chapterId>37</chapterId>
    <textIndopak>وَأَرۡسَلۡنَٰهُ إِلَىٰ مِاْئَةِ أَلۡفٍ أَوۡ يَزِيدُونَ</textIndopak>
    <translations>
      <translation>
        <author>Dr. Mustafa Khattab, the Clear Quran</author>
        <text>We ˹later˺ sent him ˹back˺ to ˹his city of˺ at least one hundred thousand people,</text>
      </translation>
    </translations>
  </verse>
  <verse>
    <verseIdArabic>١٤٨</verseIdArabic>
    <verseId>148</verseId>
    <chapterId>37</chapterId>
    <textIndopak>فَـَٔامَنُواْ فَمَتَّعۡنَٰهُمۡ إِلَىٰ حِينٖ</textIndopak>
    <translations>
      <translation>
        <author>Dr. Mustafa Khattab, the Clear Quran</author>
        <text>who then believed ˹in him˺, so We allowed them enjoyment for a while.</text>
      </translation>
    </translations>
  </verse>
  <verse>
    <verseIdArabic>١٤٩</verseIdArabic>
    <verseId>149</verseId>
    <chapterId>37</chapterId>
    <textIndopak>فَٱسۡتَفۡتِهِمۡ أَلِرَبِّكَ ٱلۡبَنَاتُ وَلَهُمُ ٱلۡبَنُونَ</textIndopak>
    <translations>
      <translation>
        <author>Dr. Mustafa Khattab, the Clear Quran</author>
        <text>Ask them ˹O Prophet˺ if your Lord has daughters, while the pagans ˹prefer to˺ have sons.</text>
      </translation>
    </translations>
  </verse>
  <verse>
    <verseIdArabic>١٥٠</verseIdArabic>
    <verseId>150</verseId>
    <chapterId>37</chapterId>
    <textIndopak>أَمۡ خَلَقۡنَا ٱلۡمَلَٰٓئِكَةَ إِنَٰثٗا وَهُمۡ شَٰهِدُونَ</textIndopak>
    <translations>
      <translation>
        <author>Dr. Mustafa Khattab, the Clear Quran</author>
        <text>Or ˹ask them˺ if We created the angels as females right before their eyes.</text>
      </translation>
    </translations>
    <rules>[{"start": 9, "end": 11, "rule_id": 1}, {"start": 36, "end": 42, "rule_id": 3}]</rules>
  </verse>
  <verse>
    <verseIdArabic>١٥١</verseIdArabic>
    <verseId>151</verseId>
    <chapterId>37</chapterId>
    <textIndopak>أَلَآ إِنَّهُم مِّنۡ إِفۡكِهِمۡ لَيَقُولُونَ</textIndopak>
    <translations>
      <translation>
        <author>Dr. Mustafa Khattab, the Clear Quran</author>
        <text>Indeed, it is one of their ˹outrageous˺ fabrications to say,</text>
      </translation>
    </translations>
    <rules>[{"start": 9, "end": 12, "rule_id": 0}, {"start": 16, "end": 19, "rule_id": 0}, {"start": 14, "end": 19, "rule_id": 4}]</rules>
  </verse>
  <verse>
    <verseIdArabic>١٥٢</verseIdArabic>
    <verseId>152</verseId>
    <chapterId>37</chapterId>
    <textIndopak>وَلَدَ ٱللَّهُ وَإِنَّهُمۡ لَكَٰذِبُونَ</textIndopak>
    <translations>
      <translation>
        <author>Dr. Mustafa Khattab, the Clear Quran</author>
        <text>“Allah has children.” They are simply liars.</text>
      </translation>
    </translations>
    <rules>[{"start": 19, "end": 22, "rule_id": 0}]</rules>
  </verse>
  <verse>
    <verseIdArabic>١٥٣</verseIdArabic>
    <verseId>153</verseId>
    <chapterId>37</chapterId>
    <textIndopak>أَصۡطَفَى ٱلۡبَنَاتِ عَلَى ٱلۡبَنِينَ</textIndopak>
    <translations>
      <translation>
        <author>Dr. Mustafa Khattab, the Clear Quran</author>
        <text>Has He chosen daughters over sons?</text>
      </translation>
    </translations>
  </verse>
  <verse>
    <verseIdArabic>١٥٤</verseIdArabic>
    <verseId>154</verseId>
    <chapterId>37</chapterId>
    <textIndopak>مَا لَكُمۡ كَيۡفَ تَحۡكُمُونَ</textIndopak>
    <translations>
      <translation>
        <author>Dr. Mustafa Khattab, the Clear Quran</author>
        <text>What is the matter with you? How do you judge?</text>
      </translation>
    </translations>
  </verse>
  <verse>
    <verseIdArabic>١٥٥</verseIdArabic>
    <verseId>155</verseId>
    <chapterId>37</chapterId>
    <textIndopak>أَفَلَا تَذَكَّرُونَ</textIndopak>
    <translations>
      <translation>
        <author>Dr. Mustafa Khattab, the Clear Quran</author>
        <text>Will you not then be mindful?</text>
      </translation>
    </translations>
  </verse>
  <verse>
    <verseIdArabic>١٥٦</verseIdArabic>
    <verseId>156</verseId>
    <chapterId>37</chapterId>
    <textIndopak>أَمۡ لَكُمۡ سُلۡطَٰنٞ مُّبِينٞ</textIndopak>
    <translations>
      <translation>
        <author>Dr. Mustafa Khattab, the Clear Quran</author>
        <text>Or do you have ˹any˺ compelling proof?</text>
      </translation>
    </translations>
    <rules>[{"start": 22, "end": 25, "rule_id": 0}, {"start": 19, "end": 25, "rule_id": 3}]</rules>
  </verse>
  <verse>
    <verseIdArabic>١٥٧</verseIdArabic>
    <verseId>157</verseId>
    <chapterId>37</chapterId>
    <textIndopak>فَأۡتُواْ بِكِتَٰبِكُمۡ إِن كُنتُمۡ صَٰدِقِينَ</textIndopak>
    <translations>
      <translation>
        <author>Dr. Mustafa Khattab, the Clear Quran</author>
        <text>Then bring ˹us˺ your scripture, if what you say is true!</text>
      </translation>
    </translations>
    <rules>[{"start": 26, "end": 30, "rule_id": 6}, {"start": 30, "end": 33, "rule_id": 6}]</rules>
  </verse>
  <verse>
    <verseIdArabic>١٥٨</verseIdArabic>
    <verseId>158</verseId>
    <chapterId>37</chapterId>
    <textIndopak>وَجَعَلُواْ بَيۡنَهُۥ وَبَيۡنَ ٱلۡجِنَّةِ نَسَبٗاۚ وَلَقَدۡ عَلِمَتِ ٱلۡجِنَّةُ إِنَّهُمۡ لَمُحۡضَرُونَ</textIndopak>
    <translations>
      <translation>
        <author>Dr. Mustafa Khattab, the Clear Quran</author>
        <text>They have also established a ˹marital˺ relationship between Him and the jinn. Yet the jinn ˹themselves˺ know well that such people will certainly be brought ˹for punishment˺.</text>
      </translation>
    </translations>
    <rules>[{"start": 36, "end": 39, "rule_id": 0}, {"start": 75, "end": 78, "rule_id": 0}, {"start": 83, "end": 86, "rule_id": 0}, {"start": 58, "end": 60, "rule_id": 1}]</rules>
  </verse>
  <verse>
    <verseIdArabic>١٥٩</verseIdArabic>
    <verseId>159</verseId>
    <chapterId>37</chapterId>
    <textIndopak>سُبۡحَٰنَ ٱللَّهِ عَمَّا يَصِفُونَ</textIndopak>
    <translations>
      <translation>
        <author>Dr. Mustafa Khattab, the Clear Quran</author>
        <text>Glorified is Allah far above what they claim!</text>
      </translation>
    </translations>
    <rules>[{"start": 20, "end": 23, "rule_id": 0}, {"start": 2, "end": 4, "rule_id": 1}]</rules>
  </verse>
  <verse>
    <verseIdArabic>١٦٠</verseIdArabic>
    <verseId>160</verseId>
    <chapterId>37</chapterId>
    <textIndopak>إِلَّا عِبَادَ ٱللَّهِ ٱلۡمُخۡلَصِينَ</textIndopak>
    <translations>
      <translation>
        <author>Dr. Mustafa Khattab, the Clear Quran</author>
        <text>But not the chosen servants of Allah.</text>
      </translation>
    </translations>
  </verse>
  <verse>
    <verseIdArabic>١٦١</verseIdArabic>
    <verseId>161</verseId>
    <chapterId>37</chapterId>
    <textIndopak>فَإِنَّكُمۡ وَمَا تَعۡبُدُونَ</textIndopak>
    <translations>
      <translation>
        <author>Dr. Mustafa Khattab, the Clear Quran</author>
        <text>Surely you ˹pagans˺ and whatever ˹idols˺ you worship</text>
      </translation>
    </translations>
    <rules>[{"start": 4, "end": 7, "rule_id": 0}]</rules>
  </verse>
  <verse>
    <verseIdArabic>١٦٢</verseIdArabic>
    <verseId>162</verseId>
    <chapterId>37</chapterId>
    <textIndopak>مَآ أَنتُمۡ عَلَيۡهِ بِفَٰتِنِينَ</textIndopak>
    <translations>
      <translation>
        <author>Dr. Mustafa Khattab, the Clear Quran</author>
        <text>can never lure ˹anyone˺ away from Him</text>
      </translation>
    </translations>
    <rules>[{"start": 7, "end": 10, "rule_id": 6}]</rules>
  </verse>
  <verse>
    <verseIdArabic>١٦٣</verseIdArabic>
    <verseId>163</verseId>
    <chapterId>37</chapterId>
    <textIndopak>إِلَّا مَنۡ هُوَ صَالِ ٱلۡجَحِيمِ</textIndopak>
    <translations>
      <translation>
        <author>Dr. Mustafa Khattab, the Clear Quran</author>
        <text>except those ˹destined˺ to burn in Hell.</text>
      </translation>
    </translations>
  </verse>
  <verse>
    <verseIdArabic>١٦٤</verseIdArabic>
    <verseId>164</verseId>
    <chapterId>37</chapterId>
    <textIndopak>وَمَا مِنَّآ إِلَّا لَهُۥ مَقَامٞ مَّعۡلُومٞ</textIndopak>
    <translations>
      <translation>
        <author>Dr. Mustafa Khattab, the Clear Quran</author>
        <text>˹The angels respond,˺ “There is not one of us without an assigned station ˹of worship˺.</text>
      </translation>
    </translations>
    <rules>[{"start": 8, "end": 11, "rule_id": 0}, {"start": 35, "end": 38, "rule_id": 0}, {"start": 32, "end": 38, "rule_id": 3}]</rules>
  </verse>
  <verse>
    <verseIdArabic>١٦٥</verseIdArabic>
    <verseId>165</verseId>
    <chapterId>37</chapterId>
    <textIndopak>وَإِنَّا لَنَحۡنُ ٱلصَّآفُّونَ</textIndopak>
    <translations>
      <translation>
        <author>Dr. Mustafa Khattab, the Clear Quran</author>
        <text>We are indeed the ones lined up in ranks ˹for Allah˺.</text>
      </translation>
    </translations>
    <rules>[{"start": 4, "end": 7, "rule_id": 0}]</rules>
  </verse>
  <verse>
    <verseIdArabic>١٦٦</verseIdArabic>
    <verseId>166</verseId>
    <chapterId>37</chapterId>
    <textIndopak>وَإِنَّا لَنَحۡنُ ٱلۡمُسَبِّحُونَ</textIndopak>
    <translations>
      <translation>
        <author>Dr. Mustafa Khattab, the Clear Quran</author>
        <text>And we are indeed the ones ˹constantly˺ glorifying ˹His praise˺.”</text>
      </translation>
    </translations>
    <rules>[{"start": 4, "end": 7, "rule_id": 0}]</rules>
  </verse>
  <verse>
    <verseIdArabic>١٦٧</verseIdArabic>
    <verseId>167</verseId>
    <chapterId>37</chapterId>
    <textIndopak>وَإِن كَانُواْ لَيَقُولُونَ</textIndopak>
    <translations>
      <translation>
        <author>Dr. Mustafa Khattab, the Clear Quran</author>
        <text>They certainly used to say,</text>
      </translation>
    </translations>
    <rules>[{"start": 4, "end": 8, "rule_id": 6}]</rules>
  </verse>
  <verse>
    <verseIdArabic>١٦٨</verseIdArabic>
    <verseId>168</verseId>
    <chapterId>37</chapterId>
    <textIndopak>لَوۡ أَنَّ عِندَنَا ذِكۡرٗا مِّنَ ٱلۡأَوَّلِينَ</textIndopak>
    <translations>
      <translation>
        <author>Dr. Mustafa Khattab, the Clear Quran</author>
        <text>“If only we had a Reminder like ˹those of˺ earlier peoples,</text>
      </translation>
    </translations>
    <rules>[{"start": 7, "end": 10, "rule_id": 0}, {"start": 28, "end": 31, "rule_id": 0}, {"start": 24, "end": 31, "rule_id": 3}, {"start": 13, "end": 16, "rule_id": 6}]</rules>
  </verse>
  <verse>
    <verseIdArabic>١٦٩</verseIdArabic>
    <verseId>169</verseId>
    <chapterId>37</chapterId>
    <textIndopak>لَكُنَّا عِبَادَ ٱللَّهِ ٱلۡمُخۡلَصِينَ</textIndopak>
    <translations>
      <translation>
        <author>Dr. Mustafa Khattab, the Clear Quran</author>
        <text>we would have truly been Allah’s devoted servants.”</text>
      </translation>
    </translations>
    <rules>[{"start": 4, "end": 7, "rule_id": 0}]</rules>
  </verse>
  <verse>
    <verseIdArabic>١٧٠</verseIdArabic>
    <verseId>170</verseId>
    <chapterId>37</chapterId>
    <textIndopak>فَكَفَرُواْ بِهِۦۖ فَسَوۡفَ يَعۡلَمُونَ</textIndopak>
    <translations>
      <translation>
        <author>Dr. Mustafa Khattab, the Clear Quran</author>
        <text>But ˹now˺ they reject it, so they will soon know.</text>
      </translation>
    </translations>
  </verse>
  <verse>
    <verseIdArabic>١٧١</verseIdArabic>
    <verseId>171</verseId>
    <chapterId>37</chapterId>
    <textIndopak>وَلَقَدۡ سَبَقَتۡ كَلِمَتُنَا لِعِبَادِنَا ٱلۡمُرۡسَلِينَ</textIndopak>
    <translations>
      <translation>
        <author>Dr. Mustafa Khattab, the Clear Quran</author>
        <text>Our Word has already gone forth to Our servants, the messengers,</text>
      </translation>
    </translations>
    <rules>[{"start": 6, "end": 8, "rule_id": 1}]</rules>
  </verse>
  <verse>
    <verseIdArabic>١٧٢</verseIdArabic>
    <verseId>172</verseId>
    <chapterId>37</chapterId>
    <textIndopak>إِنَّهُمۡ لَهُمُ ٱلۡمَنصُورُونَ</textIndopak>
    <translations>
      <translation>
        <author>Dr. Mustafa Khattab, the Clear Quran</author>
        <text>that they would surely be helped,</text>
      </translation>
    </translations>
    <rules>[{"start": 2, "end": 5, "rule_id": 0}, {"start": 22, "end": 25, "rule_id": 6}]</rules>
  </verse>
  <verse>
    <verseIdArabic>١٧٣</verseIdArabic>
    <verseId>173</verseId>
    <chapterId>37</chapterId>
    <textIndopak>وَإِنَّ جُندَنَا لَهُمُ ٱلۡغَٰلِبُونَ</textIndopak>
    <translations>
      <translation>
        <author>Dr. Mustafa Khattab, the Clear Quran</author>
        <text>and that Our forces will certainly prevail.</text>
      </translation>
    </translations>
    <rules>[{"start": 4, "end": 7, "rule_id": 0}, {"start": 10, "end": 13, "rule_id": 6}]</rules>
  </verse>
  <verse>
    <verseIdArabic>١٧٤</verseIdArabic>
    <verseId>174</verseId>
    <chapterId>37</chapterId>
    <textIndopak>فَتَوَلَّ عَنۡهُمۡ حَتَّىٰ حِينٖ</textIndopak>
    <translations>
      <translation>
        <author>Dr. Mustafa Khattab, the Clear Quran</author>
        <text>So turn away from the deniers for a while ˹O Prophet˺.</text>
      </translation>
    </translations>
  </verse>
  <verse>
    <verseIdArabic>١٧٥</verseIdArabic>
    <verseId>175</verseId>
    <chapterId>37</chapterId>
    <textIndopak>وَأَبۡصِرۡهُمۡ فَسَوۡفَ يُبۡصِرُونَ</textIndopak>
    <translations>
      <translation>
        <author>Dr. Mustafa Khattab, the Clear Quran</author>
        <text>You will see ˹what will happen to˺ them, and they too will see!</text>
      </translation>
    </translations>
    <rules>[{"start": 4, "end": 6, "rule_id": 1}, {"start": 26, "end": 28, "rule_id": 1}]</rules>
  </verse>
  <verse>
    <verseIdArabic>١٧٦</verseIdArabic>
    <verseId>176</verseId>
    <chapterId>37</chapterId>
    <textIndopak>أَفَبِعَذَابِنَا يَسۡتَعۡجِلُونَ</textIndopak>
    <translations>
      <translation>
        <author>Dr. Mustafa Khattab, the Clear Quran</author>
        <text>Do they ˹really˺ wish to hasten Our punishment?</text>
      </translation>
    </translations>
  </verse>
  <verse>
    <verseIdArabic>١٧٧</verseIdArabic>
    <verseId>177</verseId>
    <chapterId>37</chapterId>
    <textIndopak>فَإِذَا نَزَلَ بِسَاحَتِهِمۡ فَسَآءَ صَبَاحُ ٱلۡمُنذَرِينَ</textIndopak>
    <translations>
      <translation>
        <author>Dr. Mustafa Khattab, the Clear Quran</author>
        <text>Yet when it descends upon them: how evil will that morning be for those who had been warned!</text>
      </translation>
    </translations>
    <rules>[{"start": 51, "end": 54, "rule_id": 6}]</rules>
  </verse>
  <verse>
    <verseIdArabic>١٧٨</verseIdArabic>
    <verseId>178</verseId>
    <chapterId>37</chapterId>
    <textIndopak>وَتَوَلَّ عَنۡهُمۡ حَتَّىٰ حِينٖ</textIndopak>
    <translations>
      <translation>
        <author>Dr. Mustafa Khattab, the Clear Quran</author>
        <text>And turn away from them for a while.</text>
      </translation>
    </translations>
  </verse>
  <verse>
    <verseIdArabic>١٧٩</verseIdArabic>
    <verseId>179</verseId>
    <chapterId>37</chapterId>
    <textIndopak>وَأَبۡصِرۡ فَسَوۡفَ يُبۡصِرُونَ</textIndopak>
    <translations>
      <translation>
        <author>Dr. Mustafa Khattab, the Clear Quran</author>
        <text>You will see, and they too will see!</text>
      </translation>
    </translations>
    <rules>[{"start": 4, "end": 6, "rule_id": 1}, {"start": 22, "end": 24, "rule_id": 1}]</rules>
  </verse>
  <verse>
    <verseIdArabic>١٨٠</verseIdArabic>
    <verseId>180</verseId>
    <chapterId>37</chapterId>
    <textIndopak>سُبۡحَٰنَ رَبِّكَ رَبِّ ٱلۡعِزَّةِ عَمَّا يَصِفُونَ</textIndopak>
    <translations>
      <translation>
        <author>Dr. Mustafa Khattab, the Clear Quran</author>
        <text>Glorified is your Lord—the Lord of Honour and Power—above what they claim!</text>
      </translation>
    </translations>
    <rules>[{"start": 37, "end": 40, "rule_id": 0}, {"start": 2, "end": 4, "rule_id": 1}]</rules>
  </verse>
  <verse>
    <verseIdArabic>١٨١</verseIdArabic>
    <verseId>181</verseId>
    <chapterId>37</chapterId>
    <textIndopak>وَسَلَٰمٌ عَلَى ٱلۡمُرۡسَلِينَ</textIndopak>
    <translations>
      <translation>
        <author>Dr. Mustafa Khattab, the Clear Quran</author>
        <text>Peace be upon the messengers.</text>
      </translation>
    </translations>
  </verse>
  <verse>
    <verseIdArabic>١٨٢</verseIdArabic>
    <verseId>182</verseId>
    <chapterId>37</chapterId>
    <textIndopak>وَٱلۡحَمۡدُ لِلَّهِ رَبِّ ٱلۡعَٰلَمِينَ</textIndopak>
    <translations>
      <translation>
        <author>Dr. Mustafa Khattab, the Clear Quran</author>
        <text>And praise be to Allah—Lord of all worlds.</text>
      </translation>
    </translations>
  </verse>
</verses>
