<?xml version="1.0" encoding="UTF-8"?>

<verses>
  <verse>
    <verseIdArabic>١</verseIdArabic>
    <verseId>1</verseId>
    <chapterId>38</chapterId>
    <textIndopak>صٓۚ وَٱلۡقُرۡءَانِ ذِي ٱلذِّكۡرِ</textIndopak>
    <translations>
      <translation>
        <author>Dr. Mustafa Khattab, the Clear Quran</author>
        <text>Ṣãd. By the Quran, full of reminders!</text>
      </translation>
    </translations>
  </verse>
  <verse>
    <verseIdArabic>٢</verseIdArabic>
    <verseId>2</verseId>
    <chapterId>38</chapterId>
    <textIndopak>بَلِ ٱلَّذِينَ كَفَرُواْ فِي عِزَّةٖ وَشِقَاقٖ</textIndopak>
    <translations>
      <translation>
        <author>Dr. Mustafa Khattab, the Clear Quran</author>
        <text>˹This is the truth,˺ yet the disbelievers are ˹entrenched˺ in arrogance and opposition.</text>
      </translation>
    </translations>
    <rules>[{"start": 44, "end": 46, "rule_id": 1}, {"start": 34, "end": 39, "rule_id": 3}]</rules>
  </verse>
  <verse>
    <verseIdArabic>٣</verseIdArabic>
    <verseId>3</verseId>
    <chapterId>38</chapterId>
    <textIndopak>كَمۡ أَهۡلَكۡنَا مِن قَبۡلِهِم مِّن قَرۡنٖ فَنَادَواْ وَّلَاتَ حِينَ مَنَاصٖ</textIndopak>
    <translations>
      <translation>
        <author>Dr. Mustafa Khattab, the Clear Quran</author>
        <text>˹Imagine˺ how many peoples We destroyed before them, and they cried out when it was too late to escape.</text>
      </translation>
    </translations>
    <rules>[{"start": 31, "end": 34, "rule_id": 0}, {"start": 23, "end": 25, "rule_id": 1}, {"start": 29, "end": 34, "rule_id": 4}, {"start": 19, "end": 23, "rule_id": 6}, {"start": 34, "end": 38, "rule_id": 6}, {"start": 40, "end": 45, "rule_id": 6}]</rules>
  </verse>
  <verse>
    <verseIdArabic>٤</verseIdArabic>
    <verseId>4</verseId>
    <chapterId>38</chapterId>
    <textIndopak>وَعَجِبُوٓاْ أَن جَآءَهُم مُّنذِرٞ مِّنۡهُمۡۖ وَقَالَ ٱلۡكَٰفِرُونَ هَٰذَا سَٰحِرٞ كَذَّابٌ</textIndopak>
    <translations>
      <translation>
        <author>Dr. Mustafa Khattab, the Clear Quran</author>
        <text>Now, the pagans are astonished that a warner has come to them from among themselves. And the disbelievers say, “This is a magician, a total liar!</text>
      </translation>
    </translations>
    <rules>[{"start": 27, "end": 30, "rule_id": 0}, {"start": 36, "end": 39, "rule_id": 0}, {"start": 91, "end": 93, "rule_id": 1}, {"start": 33, "end": 39, "rule_id": 3}, {"start": 25, "end": 30, "rule_id": 4}, {"start": 15, "end": 19, "rule_id": 6}, {"start": 30, "end": 33, "rule_id": 6}, {"start": 82, "end": 87, "rule_id": 6}]</rules>
  </verse>
  <verse>
    <verseIdArabic>٥</verseIdArabic>
    <verseId>5</verseId>
    <chapterId>38</chapterId>
    <textIndopak>أَجَعَلَ ٱلۡأٓلِهَةَ إِلَٰهٗا وَٰحِدًاۖ إِنَّ هَٰذَا لَشَيۡءٌ عُجَابٞ</textIndopak>
    <translations>
      <translation>
        <author>Dr. Mustafa Khattab, the Clear Quran</author>
        <text>Has he reduced ˹all˺ the gods to One God? Indeed, this is something totally astonishing.”</text>
      </translation>
    </translations>
    <rules>[{"start": 44, "end": 47, "rule_id": 0}, {"start": 69, "end": 71, "rule_id": 1}, {"start": 27, "end": 34, "rule_id": 3}]</rules>
  </verse>
  <verse>
    <verseIdArabic>٦</verseIdArabic>
    <verseId>6</verseId>
    <chapterId>38</chapterId>
    <textIndopak>وَٱنطَلَقَ ٱلۡمَلَأُ مِنۡهُمۡ أَنِ ٱمۡشُواْ وَٱصۡبِرُواْ عَلَىٰٓ ءَالِهَتِكُمۡۖ إِنَّ هَٰذَا لَشَيۡءٞ يُرَادُ</textIndopak>
    <translations>
      <translation>
        <author>Dr. Mustafa Khattab, the Clear Quran</author>
        <text>The chiefs among them went forth saying, “Carry on, and stand firm in devotion to your gods. Certainly this is just a scheme ˹for power˺.</text>
      </translation>
    </translations>
    <rules>[{"start": 83, "end": 86, "rule_id": 0}, {"start": 108, "end": 110, "rule_id": 1}, {"start": 100, "end": 105, "rule_id": 3}, {"start": 3, "end": 6, "rule_id": 6}]</rules>
  </verse>
  <verse>
    <verseIdArabic>٧</verseIdArabic>
    <verseId>7</verseId>
    <chapterId>38</chapterId>
    <textIndopak>مَا سَمِعۡنَا بِهَٰذَا فِي ٱلۡمِلَّةِ ٱلۡأٓخِرَةِ إِنۡ هَٰذَآ إِلَّا ٱخۡتِلَٰقٌ</textIndopak>
    <translations>
      <translation>
        <author>Dr. Mustafa Khattab, the Clear Quran</author>
        <text>We have never heard of this in the previous faith. This is nothing but a fabrication.</text>
      </translation>
    </translations>
    <rules>[{"start": 79, "end": 81, "rule_id": 1}]</rules>
  </verse>
  <verse>
    <verseIdArabic>٨</verseIdArabic>
    <verseId>8</verseId>
    <chapterId>38</chapterId>
    <textIndopak>أَءُنزِلَ عَلَيۡهِ ٱلذِّكۡرُ مِنۢ بَيۡنِنَاۚ بَلۡ هُمۡ فِي شَكّٖ مِّن ذِكۡرِيۚ بَل لَّمَّا يَذُوقُواْ عَذَابِ</textIndopak>
    <translations>
      <translation>
        <author>Dr. Mustafa Khattab, the Clear Quran</author>
        <text>Has the Reminder been revealed ˹only˺ to him out of ˹all of˺ us?” In fact, they are ˹only˺ in doubt of My ˹revealed˺ Reminder. In fact, ˹they do so because˺ they have not yet tasted My punishment.</text>
      </translation>
    </translations>
    <rules>[{"start": 66, "end": 69, "rule_id": 0}, {"start": 88, "end": 91, "rule_id": 0}, {"start": 109, "end": 111, "rule_id": 1}, {"start": 31, "end": 36, "rule_id": 2}, {"start": 62, "end": 69, "rule_id": 3}, {"start": 4, "end": 7, "rule_id": 6}, {"start": 69, "end": 73, "rule_id": 6}]</rules>
  </verse>
  <verse>
    <verseIdArabic>٩</verseIdArabic>
    <verseId>9</verseId>
    <chapterId>38</chapterId>
    <textIndopak>أَمۡ عِندَهُمۡ خَزَآئِنُ رَحۡمَةِ رَبِّكَ ٱلۡعَزِيزِ ٱلۡوَهَّابِ</textIndopak>
    <translations>
      <translation>
        <author>Dr. Mustafa Khattab, the Clear Quran</author>
        <text>Or ˹is it because˺ they possess the treasuries of the mercy of your Lord—the Almighty, the Giver ˹of all bounties˺.</text>
      </translation>
    </translations>
    <rules>[{"start": 63, "end": 65, "rule_id": 1}, {"start": 7, "end": 10, "rule_id": 6}]</rules>
  </verse>
  <verse>
    <verseIdArabic>١٠</verseIdArabic>
    <verseId>10</verseId>
    <chapterId>38</chapterId>
    <textIndopak>أَمۡ لَهُم مُّلۡكُ ٱلسَّمَٰوَٰتِ وَٱلۡأَرۡضِ وَمَا بَيۡنَهُمَاۖ فَلۡيَرۡتَقُواْ فِي ٱلۡأَسۡبَٰبِ</textIndopak>
    <translations>
      <translation>
        <author>Dr. Mustafa Khattab, the Clear Quran</author>
        <text>Or ˹is it because˺ the kingdom of the heavens and the earth and everything in between belongs to them? Let them then climb their way ˹to heaven, if their claim is true˺.</text>
      </translation>
    </translations>
    <rules>[{"start": 11, "end": 14, "rule_id": 0}, {"start": 95, "end": 97, "rule_id": 1}, {"start": 9, "end": 14, "rule_id": 4}]</rules>
  </verse>
  <verse>
    <verseIdArabic>١١</verseIdArabic>
    <verseId>11</verseId>
    <chapterId>38</chapterId>
    <textIndopak>جُندٞ مَّا هُنَالِكَ مَهۡزُومٞ مِّنَ ٱلۡأَحۡزَابِ</textIndopak>
    <translations>
      <translation>
        <author>Dr. Mustafa Khattab, the Clear Quran</author>
        <text>This is just another ˹enemy˺ force bound for defeat out there.</text>
      </translation>
    </translations>
    <rules>[{"start": 6, "end": 9, "rule_id": 0}, {"start": 31, "end": 34, "rule_id": 0}, {"start": 47, "end": 49, "rule_id": 1}, {"start": 3, "end": 9, "rule_id": 3}, {"start": 28, "end": 34, "rule_id": 3}, {"start": 2, "end": 5, "rule_id": 6}]</rules>
  </verse>
  <verse>
    <verseIdArabic>١٢</verseIdArabic>
    <verseId>12</verseId>
    <chapterId>38</chapterId>
    <textIndopak>كَذَّبَتۡ قَبۡلَهُمۡ قَوۡمُ نُوحٖ وَعَادٞ وَفِرۡعَوۡنُ ذُو ٱلۡأَوۡتَادِ</textIndopak>
    <translations>
      <translation>
        <author>Dr. Mustafa Khattab, the Clear Quran</author>
        <text>Before them, the people of Noah denied ˹the truth˺, as did ’Âd, Pharaoh of the mighty structures,</text>
      </translation>
    </translations>
    <rules>[{"start": 12, "end": 14, "rule_id": 1}, {"start": 69, "end": 71, "rule_id": 1}, {"start": 31, "end": 36, "rule_id": 3}, {"start": 39, "end": 44, "rule_id": 3}]</rules>
  </verse>
  <verse>
    <verseIdArabic>١٣</verseIdArabic>
    <verseId>13</verseId>
    <chapterId>38</chapterId>
    <textIndopak>وَثَمُودُ وَقَوۡمُ لُوطٖ وَأَصۡحَٰبُ لۡـَٔيۡكَةِۚ أُوْلَٰٓئِكَ ٱلۡأَحۡزَابُ</textIndopak>
    <translations>
      <translation>
        <author>Dr. Mustafa Khattab, the Clear Quran</author>
        <text>Thamûd, the people of Lot, and the residents of the Forest. These were ˹all˺ enemy forces.</text>
      </translation>
    </translations>
    <rules>[{"start": 74, "end": 76, "rule_id": 1}, {"start": 22, "end": 27, "rule_id": 3}]</rules>
  </verse>
  <verse>
    <verseIdArabic>١٤</verseIdArabic>
    <verseId>14</verseId>
    <chapterId>38</chapterId>
    <textIndopak>إِن كُلٌّ إِلَّا كَذَّبَ ٱلرُّسُلَ فَحَقَّ عِقَابِ</textIndopak>
    <translations>
      <translation>
        <author>Dr. Mustafa Khattab, the Clear Quran</author>
        <text>Each rejected their messenger, so My punishment was justified.</text>
      </translation>
    </translations>
    <rules>[{"start": 48, "end": 50, "rule_id": 1}, {"start": 2, "end": 6, "rule_id": 6}]</rules>
  </verse>
  <verse>
    <verseIdArabic>١٥</verseIdArabic>
    <verseId>15</verseId>
    <chapterId>38</chapterId>
    <textIndopak>وَمَا يَنظُرُ هَٰٓؤُلَآءِ إِلَّا صَيۡحَةٗ وَٰحِدَةٗ مَّا لَهَا مِن فَوَاقٖ</textIndopak>
    <translations>
      <translation>
        <author>Dr. Mustafa Khattab, the Clear Quran</author>
        <text>These ˹pagans˺ are awaiting nothing but a single Blast that cannot be stopped.</text>
      </translation>
    </translations>
    <rules>[{"start": 53, "end": 56, "rule_id": 0}, {"start": 73, "end": 75, "rule_id": 1}, {"start": 40, "end": 46, "rule_id": 3}, {"start": 50, "end": 56, "rule_id": 3}, {"start": 8, "end": 11, "rule_id": 6}, {"start": 66, "end": 70, "rule_id": 6}]</rules>
  </verse>
  <verse>
    <verseIdArabic>١٦</verseIdArabic>
    <verseId>16</verseId>
    <chapterId>38</chapterId>
    <textIndopak>وَقَالُواْ رَبَّنَا عَجِّل لَّنَا قِطَّنَا قَبۡلَ يَوۡمِ ٱلۡحِسَابِ</textIndopak>
    <translations>
      <translation>
        <author>Dr. Mustafa Khattab, the Clear Quran</author>
        <text>They say ˹mockingly˺, “Our Lord! Hasten for us our share ˹of the punishment˺ before the Day of Reckoning.”</text>
      </translation>
    </translations>
    <rules>[{"start": 45, "end": 47, "rule_id": 1}, {"start": 65, "end": 67, "rule_id": 1}]</rules>
  </verse>
  <verse>
    <verseIdArabic>١٧</verseIdArabic>
    <verseId>17</verseId>
    <chapterId>38</chapterId>
    <textIndopak>ٱصۡبِرۡ عَلَىٰ مَا يَقُولُونَ وَٱذۡكُرۡ عَبۡدَنَا دَاوُۥدَ ذَا ٱلۡأَيۡدِۖ إِنَّهُۥٓ أَوَّابٌ</textIndopak>
    <translations>
      <translation>
        <author>Dr. Mustafa Khattab, the Clear Quran</author>
        <text>Be patient ˹O Prophet˺ with what they say. And remember Our servant, David, the man of strength. Indeed, he ˹constantly˺ turned ˹to Allah˺.</text>
      </translation>
    </translations>
    <rules>[{"start": 77, "end": 80, "rule_id": 0}, {"start": 42, "end": 44, "rule_id": 1}, {"start": 91, "end": 93, "rule_id": 1}]</rules>
  </verse>
  <verse>
    <verseIdArabic>١٨</verseIdArabic>
    <verseId>18</verseId>
    <chapterId>38</chapterId>
    <textIndopak>إِنَّا سَخَّرۡنَا ٱلۡجِبَالَ مَعَهُۥ يُسَبِّحۡنَ بِٱلۡعَشِيِّ وَٱلۡإِشۡرَاقِ</textIndopak>
    <translations>
      <translation>
        <author>Dr. Mustafa Khattab, the Clear Quran</author>
        <text>We truly subjected the mountains to hymn ˹Our praises˺ along with him in the evening and after sunrise.</text>
      </translation>
    </translations>
    <rules>[{"start": 2, "end": 5, "rule_id": 0}, {"start": 74, "end": 76, "rule_id": 1}]</rules>
  </verse>
  <verse>
    <verseIdArabic>١٩</verseIdArabic>
    <verseId>19</verseId>
    <chapterId>38</chapterId>
    <textIndopak>وَٱلطَّيۡرَ مَحۡشُورَةٗۖ كُلّٞ لَّهُۥٓ أَوَّابٞ</textIndopak>
    <translations>
      <translation>
        <author>Dr. Mustafa Khattab, the Clear Quran</author>
        <text>And ˹We subjected˺ the birds, flocking together. All turned to him ˹echoing his hymns˺.</text>
      </translation>
    </translations>
    <rules>[{"start": 46, "end": 48, "rule_id": 1}, {"start": 28, "end": 35, "rule_id": 5}]</rules>
  </verse>
  <verse>
    <verseIdArabic>٢٠</verseIdArabic>
    <verseId>20</verseId>
    <chapterId>38</chapterId>
    <textIndopak>وَشَدَدۡنَا مُلۡكَهُۥ وَءَاتَيۡنَٰهُ ٱلۡحِكۡمَةَ وَفَصۡلَ ٱلۡخِطَابِ</textIndopak>
    <translations>
      <translation>
        <author>Dr. Mustafa Khattab, the Clear Quran</author>
        <text>We strengthened his kingship, and gave him wisdom and sound judgment.</text>
      </translation>
    </translations>
    <rules>[{"start": 6, "end": 8, "rule_id": 1}, {"start": 66, "end": 68, "rule_id": 1}]</rules>
  </verse>
  <verse>
    <verseIdArabic>٢١</verseIdArabic>
    <verseId>21</verseId>
    <chapterId>38</chapterId>
    <textIndopak>۞ وَهَلۡ أَتَىٰكَ نَبَؤُاْ ٱلۡخَصۡمِ إِذۡ تَسَوَّرُواْ ٱلۡمِحۡرَابَ</textIndopak>
    <translations>
      <translation>
        <author>Dr. Mustafa Khattab, the Clear Quran</author>
        <text>Has the story of the two plaintiffs, who scaled the ˹wall of David’s˺ sanctuary, reached you ˹O Prophet˺?</text>
      </translation>
    </translations>
    <rules>[{"start": 65, "end": 67, "rule_id": 1}]</rules>
  </verse>
  <verse>
    <verseIdArabic>٢٢</verseIdArabic>
    <verseId>22</verseId>
    <chapterId>38</chapterId>
    <textIndopak>إِذۡ دَخَلُواْ عَلَىٰ دَاوُۥدَ فَفَزِعَ مِنۡهُمۡۖ قَالُواْ لَا تَخَفۡۖ خَصۡمَانِ بَغَىٰ بَعۡضُنَا عَلَىٰ بَعۡضٖ فَٱحۡكُم بَيۡنَنَا بِٱلۡحَقِّ وَلَا تُشۡطِطۡ وَٱهۡدِنَآ إِلَىٰ سَوَآءِ ٱلصِّرَٰطِ</textIndopak>
    <translations>
      <translation>
        <author>Dr. Mustafa Khattab, the Clear Quran</author>
        <text>When they came into David’s presence, he was startled by them. They said, “Have no fear. ˹We are merely˺ two in a dispute: one of us has wronged the other. So judge between us with truth—do not go beyond ˹it˺—and guide us to the right way.</text>
      </translation>
    </translations>
    <rules>[{"start": 156, "end": 158, "rule_id": 1}, {"start": 195, "end": 197, "rule_id": 1}, {"start": 111, "end": 116, "rule_id": 6}, {"start": 121, "end": 125, "rule_id": 7}]</rules>
  </verse>
  <verse>
    <verseIdArabic>٢٣</verseIdArabic>
    <verseId>23</verseId>
    <chapterId>38</chapterId>
    <textIndopak>إِنَّ هَٰذَآ أَخِي لَهُۥ تِسۡعٞ وَتِسۡعُونَ نَعۡجَةٗ وَلِيَ نَعۡجَةٞ وَٰحِدَةٞ فَقَالَ أَكۡفِلۡنِيهَا وَعَزَّنِي فِي ٱلۡخِطَابِ</textIndopak>
    <translations>
      <translation>
        <author>Dr. Mustafa Khattab, the Clear Quran</author>
        <text>This is my brother. He has ninety-nine sheep while I have ˹only˺ one. ˹Still˺ he asked me to give it up to him, overwhelming me with ˹his˺ argument.”</text>
      </translation>
    </translations>
    <rules>[{"start": 2, "end": 5, "rule_id": 0}, {"start": 126, "end": 128, "rule_id": 1}, {"start": 30, "end": 35, "rule_id": 3}, {"start": 51, "end": 56, "rule_id": 3}, {"start": 67, "end": 73, "rule_id": 3}, {"start": 77, "end": 82, "rule_id": 6}]</rules>
  </verse>
  <verse>
    <verseIdArabic>٢٤</verseIdArabic>
    <verseId>24</verseId>
    <chapterId>38</chapterId>
    <textIndopak>قَالَ لَقَدۡ ظَلَمَكَ بِسُؤَالِ نَعۡجَتِكَ إِلَىٰ نِعَاجِهِۦۖ وَإِنَّ كَثِيرٗا مِّنَ ٱلۡخُلَطَآءِ لَيَبۡغِي بَعۡضُهُمۡ عَلَىٰ بَعۡضٍ إِلَّا ٱلَّذِينَ ءَامَنُواْ وَعَمِلُواْ ٱلصَّٰلِحَٰتِ وَقَلِيلٞ مَّا هُمۡۗ وَظَنَّ دَاوُۥدُ أَنَّمَا فَتَنَّٰهُ فَٱسۡتَغۡفَرَ رَبَّهُۥ وَخَرَّۤ رَاكِعٗاۤ وَأَنَابَ۩</textIndopak>
    <translations>
      <translation>
        <author>Dr. Mustafa Khattab, the Clear Quran</author>
        <text>David ˹eventually˺ ruled, “He has definitely wronged you in demanding ˹to add˺ your sheep to his. And certainly many partners wrong each other, except those who believe and do good—but how few are they!” Then David realized that We had tested him so he asked for his Lord’s forgiveness, fell down in prostration, and turned ˹to Him in repentance˺.</text>
      </translation>
    </translations>
    <rules>[{"start": 67, "end": 70, "rule_id": 0}, {"start": 80, "end": 83, "rule_id": 0}, {"start": 199, "end": 202, "rule_id": 0}, {"start": 215, "end": 218, "rule_id": 0}, {"start": 230, "end": 233, "rule_id": 0}, {"start": 241, "end": 245, "rule_id": 0}, {"start": 10, "end": 12, "rule_id": 1}, {"start": 104, "end": 106, "rule_id": 1}, {"start": 76, "end": 83, "rule_id": 3}, {"start": 196, "end": 202, "rule_id": 3}, {"start": 284, "end": 290, "rule_id": 3}]</rules>
  </verse>
  <verse>
    <verseIdArabic>٢٥</verseIdArabic>
    <verseId>25</verseId>
    <chapterId>38</chapterId>
    <textIndopak>فَغَفَرۡنَا لَهُۥ ذَٰلِكَۖ وَإِنَّ لَهُۥ عِندَنَا لَزُلۡفَىٰ وَحُسۡنَ مَـَٔابٖ</textIndopak>
    <translations>
      <translation>
        <author>Dr. Mustafa Khattab, the Clear Quran</author>
        <text>So We forgave that for him. And he will indeed have ˹a status of˺ closeness to Us and an honourable destination!</text>
      </translation>
    </translations>
    <rules>[{"start": 32, "end": 35, "rule_id": 0}, {"start": 77, "end": 79, "rule_id": 1}, {"start": 44, "end": 47, "rule_id": 6}]</rules>
  </verse>
  <verse>
    <verseIdArabic>٢٦</verseIdArabic>
    <verseId>26</verseId>
    <chapterId>38</chapterId>
    <textIndopak>يَٰدَاوُۥدُ إِنَّا جَعَلۡنَٰكَ خَلِيفَةٗ فِي ٱلۡأَرۡضِ فَٱحۡكُم بَيۡنَ ٱلنَّاسِ بِٱلۡحَقِّ وَلَا تَتَّبِعِ ٱلۡهَوَىٰ فَيُضِلَّكَ عَن سَبِيلِ ٱللَّهِۚ إِنَّ ٱلَّذِينَ يَضِلُّونَ عَن سَبِيلِ ٱللَّهِ لَهُمۡ عَذَابٞ شَدِيدُۢ بِمَا نَسُواْ يَوۡمَ ٱلۡحِسَابِ</textIndopak>
    <translations>
      <translation>
        <author>Dr. Mustafa Khattab, the Clear Quran</author>
        <text>˹We instructed him:˺ “O David! We have surely made you an authority in the land, so judge between people with truth. And do not follow ˹your˺ desires or they will lead you astray from Allah’s Way. Surely those who go astray from Allah’s Way will suffer a severe punishment for neglecting the Day of Reckoning.”</text>
      </translation>
    </translations>
    <rules>[{"start": 14, "end": 17, "rule_id": 0}, {"start": 73, "end": 76, "rule_id": 0}, {"start": 153, "end": 156, "rule_id": 0}, {"start": 251, "end": 253, "rule_id": 1}, {"start": 218, "end": 224, "rule_id": 2}, {"start": 131, "end": 135, "rule_id": 6}, {"start": 180, "end": 184, "rule_id": 6}, {"start": 38, "end": 43, "rule_id": 6}, {"start": 210, "end": 215, "rule_id": 6}, {"start": 62, "end": 66, "rule_id": 7}]</rules>
  </verse>
  <verse>
    <verseIdArabic>٢٧</verseIdArabic>
    <verseId>27</verseId>
    <chapterId>38</chapterId>
    <textIndopak>وَمَا خَلَقۡنَا ٱلسَّمَآءَ وَٱلۡأَرۡضَ وَمَا بَيۡنَهُمَا بَٰطِلٗاۚ ذَٰلِكَ ظَنُّ ٱلَّذِينَ كَفَرُواْۚ فَوَيۡلٞ لِّلَّذِينَ كَفَرُواْ مِنَ ٱلنَّارِ</textIndopak>
    <translations>
      <translation>
        <author>Dr. Mustafa Khattab, the Clear Quran</author>
        <text>We have not created the heavens and earth and everything in between without purpose—as the disbelievers think. So woe to the disbelievers because of the Fire!</text>
      </translation>
    </translations>
    <rules>[{"start": 79, "end": 82, "rule_id": 0}, {"start": 143, "end": 146, "rule_id": 0}, {"start": 10, "end": 12, "rule_id": 1}, {"start": 111, "end": 117, "rule_id": 5}]</rules>
  </verse>
  <verse>
    <verseIdArabic>٢٨</verseIdArabic>
    <verseId>28</verseId>
    <chapterId>38</chapterId>
    <textIndopak>أَمۡ نَجۡعَلُ ٱلَّذِينَ ءَامَنُواْ وَعَمِلُواْ ٱلصَّٰلِحَٰتِ كَٱلۡمُفۡسِدِينَ فِي ٱلۡأَرۡضِ أَمۡ نَجۡعَلُ ٱلۡمُتَّقِينَ كَٱلۡفُجَّارِ</textIndopak>
    <translations>
      <translation>
        <author>Dr. Mustafa Khattab, the Clear Quran</author>
        <text>Or should We treat those who believe and do good like those who make mischief throughout the land? Or should We treat the righteous like the wicked?</text>
      </translation>
    </translations>
    <rules>[{"start": 7, "end": 9, "rule_id": 1}, {"start": 99, "end": 101, "rule_id": 1}]</rules>
  </verse>
  <verse>
    <verseIdArabic>٢٩</verseIdArabic>
    <verseId>29</verseId>
    <chapterId>38</chapterId>
    <textIndopak>كِتَٰبٌ أَنزَلۡنَٰهُ إِلَيۡكَ مُبَٰرَكٞ لِّيَدَّبَّرُوٓاْ ءَايَٰتِهِۦ وَلِيَتَذَكَّرَ أُوْلُواْ ٱلۡأَلۡبَٰبِ</textIndopak>
    <translations>
      <translation>
        <author>Dr. Mustafa Khattab, the Clear Quran</author>
        <text>˹This is˺ a blessed Book which We have revealed to you ˹O Prophet˺ so that they may contemplate its verses, and people of reason may be mindful.</text>
      </translation>
    </translations>
    <rules>[{"start": 106, "end": 108, "rule_id": 1}, {"start": 37, "end": 43, "rule_id": 5}, {"start": 10, "end": 13, "rule_id": 6}]</rules>
  </verse>
  <verse>
    <verseIdArabic>٣٠</verseIdArabic>
    <verseId>30</verseId>
    <chapterId>38</chapterId>
    <textIndopak>وَوَهَبۡنَا لِدَاوُۥدَ سُلَيۡمَٰنَۚ نِعۡمَ ٱلۡعَبۡدُ إِنَّهُۥٓ أَوَّابٌ</textIndopak>
    <translations>
      <translation>
        <author>Dr. Mustafa Khattab, the Clear Quran</author>
        <text>And We blessed David with Solomon—what an excellent servant ˹he was˺! Indeed, he ˹constantly˺ turned ˹to Allah˺.</text>
      </translation>
    </translations>
    <rules>[{"start": 58, "end": 61, "rule_id": 0}, {"start": 6, "end": 8, "rule_id": 1}, {"start": 49, "end": 51, "rule_id": 1}, {"start": 72, "end": 74, "rule_id": 1}]</rules>
  </verse>
  <verse>
    <verseIdArabic>٣١</verseIdArabic>
    <verseId>31</verseId>
    <chapterId>38</chapterId>
    <textIndopak>إِذۡ عُرِضَ عَلَيۡهِ بِٱلۡعَشِيِّ ٱلصَّٰفِنَٰتُ ٱلۡجِيَادُ</textIndopak>
    <translations>
      <translation>
        <author>Dr. Mustafa Khattab, the Clear Quran</author>
        <text>˹Remember˺ when the well-trained, swift horses were paraded before him in the evening.</text>
      </translation>
    </translations>
    <rules>[{"start": 56, "end": 58, "rule_id": 1}]</rules>
  </verse>
  <verse>
    <verseIdArabic>٣٢</verseIdArabic>
    <verseId>32</verseId>
    <chapterId>38</chapterId>
    <textIndopak>فَقَالَ إِنِّيٓ أَحۡبَبۡتُ حُبَّ ٱلۡخَيۡرِ عَن ذِكۡرِ رَبِّي حَتَّىٰ تَوَارَتۡ بِٱلۡحِجَابِ</textIndopak>
    <translations>
      <translation>
        <author>Dr. Mustafa Khattab, the Clear Quran</author>
        <text>He then proclaimed, “I am truly in love with ˹these˺ fine things out of remembrance for Allah,” until they went out of sight.</text>
      </translation>
    </translations>
    <rules>[{"start": 10, "end": 13, "rule_id": 0}, {"start": 22, "end": 24, "rule_id": 1}, {"start": 89, "end": 91, "rule_id": 1}, {"start": 45, "end": 49, "rule_id": 6}]</rules>
  </verse>
  <verse>
    <verseIdArabic>٣٣</verseIdArabic>
    <verseId>33</verseId>
    <chapterId>38</chapterId>
    <textIndopak>رُدُّوهَا عَلَيَّۖ فَطَفِقَ مَسۡحَۢا بِٱلسُّوقِ وَٱلۡأَعۡنَاقِ</textIndopak>
    <translations>
      <translation>
        <author>Dr. Mustafa Khattab, the Clear Quran</author>
        <text>˹He ordered,˺ “Bring them back to me!” Then he began to rub down their legs and necks.</text>
      </translation>
    </translations>
    <rules>[{"start": 61, "end": 63, "rule_id": 1}]</rules>
  </verse>
  <verse>
    <verseIdArabic>٣٤</verseIdArabic>
    <verseId>34</verseId>
    <chapterId>38</chapterId>
    <textIndopak>وَلَقَدۡ فَتَنَّا سُلَيۡمَٰنَ وَأَلۡقَيۡنَا عَلَىٰ كُرۡسِيِّهِۦ جَسَدٗا ثُمَّ أَنَابَ</textIndopak>
    <translations>
      <translation>
        <author>Dr. Mustafa Khattab, the Clear Quran</author>
        <text>And indeed, We tested Solomon, placing a ˹deformed˺ body on his throne, then he turned ˹to Allah in repentance˺.</text>
      </translation>
    </translations>
    <rules>[{"start": 13, "end": 16, "rule_id": 0}, {"start": 74, "end": 77, "rule_id": 0}, {"start": 6, "end": 8, "rule_id": 1}, {"start": 83, "end": 85, "rule_id": 1}]</rules>
  </verse>
  <verse>
    <verseIdArabic>٣٥</verseIdArabic>
    <verseId>35</verseId>
    <chapterId>38</chapterId>
    <textIndopak>قَالَ رَبِّ ٱغۡفِرۡ لِي وَهَبۡ لِي مُلۡكٗا لَّا يَنۢبَغِي لِأَحَدٖ مِّنۢ بَعۡدِيٓۖ إِنَّكَ أَنتَ ٱلۡوَهَّابُ</textIndopak>
    <translations>
      <translation>
        <author>Dr. Mustafa Khattab, the Clear Quran</author>
        <text>He prayed, “My Lord! Forgive me, and grant me an authority that will never be matched by anyone after me. You are indeed the Giver ˹of all bounties˺.”</text>
      </translation>
    </translations>
    <rules>[{"start": 67, "end": 70, "rule_id": 0}, {"start": 86, "end": 89, "rule_id": 0}, {"start": 28, "end": 30, "rule_id": 1}, {"start": 107, "end": 109, "rule_id": 1}, {"start": 50, "end": 54, "rule_id": 2}, {"start": 70, "end": 75, "rule_id": 2}, {"start": 64, "end": 70, "rule_id": 3}, {"start": 39, "end": 46, "rule_id": 5}, {"start": 94, "end": 97, "rule_id": 6}]</rules>
  </verse>
  <verse>
    <verseIdArabic>٣٦</verseIdArabic>
    <verseId>36</verseId>
    <chapterId>38</chapterId>
    <textIndopak>فَسَخَّرۡنَا لَهُ ٱلرِّيحَ تَجۡرِي بِأَمۡرِهِۦ رُخَآءً حَيۡثُ أَصَابَ</textIndopak>
    <translations>
      <translation>
        <author>Dr. Mustafa Khattab, the Clear Quran</author>
        <text>So We subjected to him the wind, blowing gently at his command to wherever he pleased.</text>
      </translation>
    </translations>
    <rules>[{"start": 29, "end": 31, "rule_id": 1}, {"start": 68, "end": 70, "rule_id": 1}]</rules>
  </verse>
  <verse>
    <verseIdArabic>٣٧</verseIdArabic>
    <verseId>37</verseId>
    <chapterId>38</chapterId>
    <textIndopak>وَٱلشَّيَٰطِينَ كُلَّ بَنَّآءٖ وَغَوَّاصٖ</textIndopak>
    <translations>
      <translation>
        <author>Dr. Mustafa Khattab, the Clear Quran</author>
        <text>And ˹We subjected to him˺ every builder and diver of the jinn,</text>
      </translation>
    </translations>
    <rules>[{"start": 24, "end": 27, "rule_id": 0}, {"start": 29, "end": 34, "rule_id": 3}]</rules>
  </verse>
  <verse>
    <verseIdArabic>٣٨</verseIdArabic>
    <verseId>38</verseId>
    <chapterId>38</chapterId>
    <textIndopak>وَءَاخَرِينَ مُقَرَّنِينَ فِي ٱلۡأَصۡفَادِ</textIndopak>
    <translations>
      <translation>
        <author>Dr. Mustafa Khattab, the Clear Quran</author>
        <text>and others bound together in chains.</text>
      </translation>
    </translations>
    <rules>[{"start": 40, "end": 42, "rule_id": 1}]</rules>
  </verse>
  <verse>
    <verseIdArabic>٣٩</verseIdArabic>
    <verseId>39</verseId>
    <chapterId>38</chapterId>
    <textIndopak>هَٰذَا عَطَآؤُنَا فَٱمۡنُنۡ أَوۡ أَمۡسِكۡ بِغَيۡرِ حِسَابٖ</textIndopak>
    <translations>
      <translation>
        <author>Dr. Mustafa Khattab, the Clear Quran</author>
        <text>˹Allah said,˺ “This is Our gift, so give or withhold ˹as you wish˺, never to be called to account.”</text>
      </translation>
    </translations>
    <rules>[{"start": 57, "end": 59, "rule_id": 1}]</rules>
  </verse>
  <verse>
    <verseIdArabic>٤٠</verseIdArabic>
    <verseId>40</verseId>
    <chapterId>38</chapterId>
    <textIndopak>وَإِنَّ لَهُۥ عِندَنَا لَزُلۡفَىٰ وَحُسۡنَ مَـَٔابٖ</textIndopak>
    <translations>
      <translation>
        <author>Dr. Mustafa Khattab, the Clear Quran</author>
        <text>And he will indeed have ˹a status of˺ closeness to Us and an honourable destination!</text>
      </translation>
    </translations>
    <rules>[{"start": 4, "end": 7, "rule_id": 0}, {"start": 49, "end": 51, "rule_id": 1}, {"start": 16, "end": 19, "rule_id": 6}]</rules>
  </verse>
  <verse>
    <verseIdArabic>٤١</verseIdArabic>
    <verseId>41</verseId>
    <chapterId>38</chapterId>
    <textIndopak>وَٱذۡكُرۡ عَبۡدَنَآ أَيُّوبَ إِذۡ نَادَىٰ رَبَّهُۥٓ أَنِّي مَسَّنِيَ ٱلشَّيۡطَٰنُ بِنُصۡبٖ وَعَذَابٍ</textIndopak>
    <translations>
      <translation>
        <author>Dr. Mustafa Khattab, the Clear Quran</author>
        <text>And remember Our servant Job, when he cried out to his Lord, “Satan has afflicted me with distress and suffering.”</text>
      </translation>
    </translations>
    <rules>[{"start": 55, "end": 58, "rule_id": 0}, {"start": 12, "end": 14, "rule_id": 1}, {"start": 99, "end": 101, "rule_id": 1}, {"start": 89, "end": 94, "rule_id": 3}]</rules>
  </verse>
  <verse>
    <verseIdArabic>٤٢</verseIdArabic>
    <verseId>42</verseId>
    <chapterId>38</chapterId>
    <textIndopak>ٱرۡكُضۡ بِرِجۡلِكَۖ هَٰذَا مُغۡتَسَلُۢ بَارِدٞ وَشَرَابٞ</textIndopak>
    <translations>
      <translation>
        <author>Dr. Mustafa Khattab, the Clear Quran</author>
        <text>˹We responded,˺ “Stomp your foot: ˹now˺ here is a cool ˹and refreshing˺ spring for washing and drinking.”</text>
      </translation>
    </translations>
    <rules>[{"start": 12, "end": 14, "rule_id": 1}, {"start": 55, "end": 57, "rule_id": 1}, {"start": 36, "end": 42, "rule_id": 2}, {"start": 45, "end": 50, "rule_id": 3}]</rules>
  </verse>
  <verse>
    <verseIdArabic>٤٣</verseIdArabic>
    <verseId>43</verseId>
    <chapterId>38</chapterId>
    <textIndopak>وَوَهَبۡنَا لَهُۥٓ أَهۡلَهُۥ وَمِثۡلَهُم مَّعَهُمۡ رَحۡمَةٗ مِّنَّا وَذِكۡرَىٰ لِأُوْلِي ٱلۡأَلۡبَٰبِ</textIndopak>
    <translations>
      <translation>
        <author>Dr. Mustafa Khattab, the Clear Quran</author>
        <text>And We gave him back his family, twice as many, as a mercy from Us and a lesson for people of reason.</text>
      </translation>
    </translations>
    <rules>[{"start": 41, "end": 44, "rule_id": 0}, {"start": 60, "end": 63, "rule_id": 0}, {"start": 63, "end": 66, "rule_id": 0}, {"start": 6, "end": 8, "rule_id": 1}, {"start": 99, "end": 101, "rule_id": 1}, {"start": 57, "end": 63, "rule_id": 3}, {"start": 39, "end": 44, "rule_id": 4}]</rules>
  </verse>
  <verse>
    <verseIdArabic>٤٤</verseIdArabic>
    <verseId>44</verseId>
    <chapterId>38</chapterId>
    <textIndopak>وَخُذۡ بِيَدِكَ ضِغۡثٗا فَٱضۡرِب بِّهِۦ وَلَا تَحۡنَثۡۗ إِنَّا وَجَدۡنَٰهُ صَابِرٗاۚ نِّعۡمَ ٱلۡعَبۡدُ إِنَّهُۥٓ أَوَّابٞ</textIndopak>
    <translations>
      <translation>
        <author>Dr. Mustafa Khattab, the Clear Quran</author>
        <text>˹And We said to him,˺ “Take in your hand a bundle of grass, and strike ˹your wife˺ with it, and do not break your oath.” We truly found him patient. What an excellent servant ˹he was˺! Indeed, he ˹constantly˺ turned ˹to Allah˺.</text>
      </translation>
    </translations>
    <rules>[{"start": 59, "end": 62, "rule_id": 0}, {"start": 87, "end": 90, "rule_id": 0}, {"start": 109, "end": 112, "rule_id": 0}, {"start": 68, "end": 70, "rule_id": 1}, {"start": 100, "end": 102, "rule_id": 1}, {"start": 123, "end": 125, "rule_id": 1}]</rules>
  </verse>
  <verse>
    <verseIdArabic>٤٥</verseIdArabic>
    <verseId>45</verseId>
    <chapterId>38</chapterId>
    <textIndopak>وَٱذۡكُرۡ عِبَٰدَنَآ إِبۡرَٰهِيمَ وَإِسۡحَٰقَ وَيَعۡقُوبَ أُوْلِي ٱلۡأَيۡدِي وَٱلۡأَبۡصَٰرِ</textIndopak>
    <translations>
      <translation>
        <author>Dr. Mustafa Khattab, the Clear Quran</author>
        <text>And remember Our servants: Abraham, Isaac, and Jacob—the men of strength and insight.</text>
      </translation>
    </translations>
    <rules>[{"start": 24, "end": 26, "rule_id": 1}, {"start": 85, "end": 87, "rule_id": 1}]</rules>
  </verse>
  <verse>
    <verseIdArabic>٤٦</verseIdArabic>
    <verseId>46</verseId>
    <chapterId>38</chapterId>
    <textIndopak>إِنَّآ أَخۡلَصۡنَٰهُم بِخَالِصَةٖ ذِكۡرَى ٱلدَّارِ</textIndopak>
    <translations>
      <translation>
        <author>Dr. Mustafa Khattab, the Clear Quran</author>
        <text>We truly chose them for the honour of proclaiming the Hereafter.</text>
      </translation>
    </translations>
    <rules>[{"start": 2, "end": 5, "rule_id": 0}, {"start": 32, "end": 37, "rule_id": 6}, {"start": 21, "end": 25, "rule_id": 7}]</rules>
  </verse>
  <verse>
    <verseIdArabic>٤٧</verseIdArabic>
    <verseId>47</verseId>
    <chapterId>38</chapterId>
    <textIndopak>وَإِنَّهُمۡ عِندَنَا لَمِنَ ٱلۡمُصۡطَفَيۡنَ ٱلۡأَخۡيَارِ</textIndopak>
    <translations>
      <translation>
        <author>Dr. Mustafa Khattab, the Clear Quran</author>
        <text>And in Our sight they are truly among the chosen and the finest.</text>
      </translation>
    </translations>
    <rules>[{"start": 4, "end": 7, "rule_id": 0}, {"start": 14, "end": 17, "rule_id": 6}]</rules>
  </verse>
  <verse>
    <verseIdArabic>٤٨</verseIdArabic>
    <verseId>48</verseId>
    <chapterId>38</chapterId>
    <textIndopak>وَٱذۡكُرۡ إِسۡمَٰعِيلَ وَٱلۡيَسَعَ وَذَا ٱلۡكِفۡلِۖ وَكُلّٞ مِّنَ ٱلۡأَخۡيَارِ</textIndopak>
    <translations>
      <translation>
        <author>Dr. Mustafa Khattab, the Clear Quran</author>
        <text>Also remember Ishmael, Elisha, and Ⱬul-Kifl. All are among the best.</text>
      </translation>
    </translations>
    <rules>[{"start": 61, "end": 64, "rule_id": 0}, {"start": 57, "end": 64, "rule_id": 3}]</rules>
  </verse>
  <verse>
    <verseIdArabic>٤٩</verseIdArabic>
    <verseId>49</verseId>
    <chapterId>38</chapterId>
    <textIndopak>هَٰذَا ذِكۡرٞۚ وَإِنَّ لِلۡمُتَّقِينَ لَحُسۡنَ مَـَٔابٖ</textIndopak>
    <translations>
      <translation>
        <author>Dr. Mustafa Khattab, the Clear Quran</author>
        <text>This is ˹all˺ a reminder. And the righteous will certainly have an honourable destination:</text>
      </translation>
    </translations>
    <rules>[{"start": 20, "end": 23, "rule_id": 0}, {"start": 54, "end": 56, "rule_id": 1}]</rules>
  </verse>
  <verse>
    <verseIdArabic>٥٠</verseIdArabic>
    <verseId>50</verseId>
    <chapterId>38</chapterId>
    <textIndopak>جَنَّٰتِ عَدۡنٖ مُّفَتَّحَةٗ لَّهُمُ ٱلۡأَبۡوَٰبُ</textIndopak>
    <translations>
      <translation>
        <author>Dr. Mustafa Khattab, the Clear Quran</author>
        <text>the Gardens of Eternity, whose gates will be open for them.</text>
      </translation>
    </translations>
    <rules>[{"start": 2, "end": 6, "rule_id": 0}, {"start": 16, "end": 19, "rule_id": 0}, {"start": 11, "end": 13, "rule_id": 1}, {"start": 42, "end": 44, "rule_id": 1}, {"start": 47, "end": 49, "rule_id": 1}, {"start": 13, "end": 19, "rule_id": 3}, {"start": 26, "end": 32, "rule_id": 5}]</rules>
  </verse>
  <verse>
    <verseIdArabic>٥١</verseIdArabic>
    <verseId>51</verseId>
    <chapterId>38</chapterId>
    <textIndopak>مُتَّكِـِٔينَ فِيهَا يَدۡعُونَ فِيهَا بِفَٰكِهَةٖ كَثِيرَةٖ وَشَرَابٖ</textIndopak>
    <translations>
      <translation>
        <author>Dr. Mustafa Khattab, the Clear Quran</author>
        <text>There they will recline, calling for abundant fruit and drink.</text>
      </translation>
    </translations>
    <rules>[{"start": 23, "end": 25, "rule_id": 1}, {"start": 67, "end": 69, "rule_id": 1}, {"start": 57, "end": 62, "rule_id": 3}, {"start": 47, "end": 52, "rule_id": 6}]</rules>
  </verse>
  <verse>
    <verseIdArabic>٥٢</verseIdArabic>
    <verseId>52</verseId>
    <chapterId>38</chapterId>
    <textIndopak>۞ وَعِندَهُمۡ قَٰصِرَٰتُ ٱلطَّرۡفِ أَتۡرَابٌ</textIndopak>
    <translations>
      <translation>
        <author>Dr. Mustafa Khattab, the Clear Quran</author>
        <text>And with them will be maidens of modest gaze and equal age.</text>
      </translation>
    </translations>
    <rules>[{"start": 42, "end": 44, "rule_id": 1}, {"start": 6, "end": 9, "rule_id": 6}]</rules>
  </verse>
  <verse>
    <verseIdArabic>٥٣</verseIdArabic>
    <verseId>53</verseId>
    <chapterId>38</chapterId>
    <textIndopak>هَٰذَا مَا تُوعَدُونَ لِيَوۡمِ ٱلۡحِسَابِ</textIndopak>
    <translations>
      <translation>
        <author>Dr. Mustafa Khattab, the Clear Quran</author>
        <text>This is what you are promised for the Day of Reckoning.</text>
      </translation>
    </translations>
    <rules>[{"start": 39, "end": 41, "rule_id": 1}]</rules>
  </verse>
  <verse>
    <verseIdArabic>٥٤</verseIdArabic>
    <verseId>54</verseId>
    <chapterId>38</chapterId>
    <textIndopak>إِنَّ هَٰذَا لَرِزۡقُنَا مَا لَهُۥ مِن نَّفَادٍ</textIndopak>
    <translations>
      <translation>
        <author>Dr. Mustafa Khattab, the Clear Quran</author>
        <text>This is indeed Our provision that will never end.</text>
      </translation>
    </translations>
    <rules>[{"start": 2, "end": 5, "rule_id": 0}, {"start": 39, "end": 42, "rule_id": 0}, {"start": 45, "end": 47, "rule_id": 1}, {"start": 37, "end": 42, "rule_id": 3}]</rules>
  </verse>
  <verse>
    <verseIdArabic>٥٥</verseIdArabic>
    <verseId>55</verseId>
    <chapterId>38</chapterId>
    <textIndopak>هَٰذَاۚ وَإِنَّ لِلطَّٰغِينَ لَشَرَّ مَـَٔابٖ</textIndopak>
    <translations>
      <translation>
        <author>Dr. Mustafa Khattab, the Clear Quran</author>
        <text>That is that. And the transgressors will certainly have the worst destination:</text>
      </translation>
    </translations>
    <rules>[{"start": 13, "end": 16, "rule_id": 0}, {"start": 44, "end": 46, "rule_id": 1}]</rules>
  </verse>
  <verse>
    <verseIdArabic>٥٦</verseIdArabic>
    <verseId>56</verseId>
    <chapterId>38</chapterId>
    <textIndopak>جَهَنَّمَ يَصۡلَوۡنَهَا فَبِئۡسَ ٱلۡمِهَادُ</textIndopak>
    <translations>
      <translation>
        <author>Dr. Mustafa Khattab, the Clear Quran</author>
        <text>Hell, where they will burn. What an evil place to rest!</text>
      </translation>
    </translations>
    <rules>[{"start": 4, "end": 7, "rule_id": 0}, {"start": 41, "end": 43, "rule_id": 1}]</rules>
  </verse>
  <verse>
    <verseIdArabic>٥٧</verseIdArabic>
    <verseId>57</verseId>
    <chapterId>38</chapterId>
    <textIndopak>هَٰذَا فَلۡيَذُوقُوهُ حَمِيمٞ وَغَسَّاقٞ</textIndopak>
    <translations>
      <translation>
        <author>Dr. Mustafa Khattab, the Clear Quran</author>
        <text>Let them then taste this: boiling water and ˹oozing˺ pus,</text>
      </translation>
    </translations>
    <rules>[{"start": 38, "end": 40, "rule_id": 1}, {"start": 27, "end": 32, "rule_id": 3}]</rules>
  </verse>
  <verse>
    <verseIdArabic>٥٨</verseIdArabic>
    <verseId>58</verseId>
    <chapterId>38</chapterId>
    <textIndopak>وَءَاخَرُ مِن شَكۡلِهِۦٓ أَزۡوَٰجٌ</textIndopak>
    <translations>
      <translation>
        <author>Dr. Mustafa Khattab, the Clear Quran</author>
        <text>and other torments of the same sort!</text>
      </translation>
    </translations>
    <rules>[{"start": 32, "end": 34, "rule_id": 1}, {"start": 12, "end": 16, "rule_id": 6}]</rules>
  </verse>
  <verse>
    <verseIdArabic>٥٩</verseIdArabic>
    <verseId>59</verseId>
    <chapterId>38</chapterId>
    <textIndopak>هَٰذَا فَوۡجٞ مُّقۡتَحِمٞ مَّعَكُمۡ لَا مَرۡحَبَۢا بِهِمۡۚ إِنَّهُمۡ صَالُواْ ٱلنَّارِ</textIndopak>
    <translations>
      <translation>
        <author>Dr. Mustafa Khattab, the Clear Quran</author>
        <text>˹The misleaders will say to one another,˺ “Here is a crowd ˹of followers˺ being thrown in with us. They are not welcome, ˹for˺ they ˹too˺ will burn in the Fire.”</text>
      </translation>
    </translations>
    <rules>[{"start": 14, "end": 17, "rule_id": 0}, {"start": 26, "end": 29, "rule_id": 0}, {"start": 64, "end": 67, "rule_id": 0}, {"start": 83, "end": 86, "rule_id": 0}, {"start": 17, "end": 19, "rule_id": 1}, {"start": 11, "end": 17, "rule_id": 3}, {"start": 23, "end": 29, "rule_id": 3}]</rules>
  </verse>
  <verse>
    <verseIdArabic>٦٠</verseIdArabic>
    <verseId>60</verseId>
    <chapterId>38</chapterId>
    <textIndopak>قَالُواْ بَلۡ أَنتُمۡ لَا مَرۡحَبَۢا بِكُمۡۖ أَنتُمۡ قَدَّمۡتُمُوهُ لَنَاۖ فَبِئۡسَ ٱلۡقَرَارُ</textIndopak>
    <translations>
      <translation>
        <author>Dr. Mustafa Khattab, the Clear Quran</author>
        <text>The followers will respond, “No! You are not welcome! You brought this upon us. What an evil place for settlement!”</text>
      </translation>
    </translations>
    <rules>[{"start": 16, "end": 19, "rule_id": 6}, {"start": 48, "end": 51, "rule_id": 6}]</rules>
  </verse>
  <verse>
    <verseIdArabic>٦١</verseIdArabic>
    <verseId>61</verseId>
    <chapterId>38</chapterId>
    <textIndopak>قَالُواْ رَبَّنَا مَن قَدَّمَ لَنَا هَٰذَا فَزِدۡهُ عَذَابٗا ضِعۡفٗا فِي ٱلنَّارِ</textIndopak>
    <translations>
      <translation>
        <author>Dr. Mustafa Khattab, the Clear Quran</author>
        <text>Adding, “Our Lord! Whoever brought this upon us, double their punishment in the Fire.”</text>
      </translation>
    </translations>
    <rules>[{"start": 75, "end": 78, "rule_id": 0}, {"start": 47, "end": 49, "rule_id": 1}, {"start": 20, "end": 24, "rule_id": 6}]</rules>
  </verse>
  <verse>
    <verseIdArabic>٦٢</verseIdArabic>
    <verseId>62</verseId>
    <chapterId>38</chapterId>
    <textIndopak>وَقَالُواْ مَا لَنَا لَا نَرَىٰ رِجَالٗا كُنَّا نَعُدُّهُم مِّنَ ٱلۡأَشۡرَارِ</textIndopak>
    <translations>
      <translation>
        <author>Dr. Mustafa Khattab, the Clear Quran</author>
        <text>The tyrants will ask ˹one another˺, “But why do we not see those we considered to be lowly?</text>
      </translation>
    </translations>
    <rules>[{"start": 43, "end": 46, "rule_id": 0}, {"start": 59, "end": 62, "rule_id": 0}, {"start": 57, "end": 62, "rule_id": 4}]</rules>
  </verse>
  <verse>
    <verseIdArabic>٦٣</verseIdArabic>
    <verseId>63</verseId>
    <chapterId>38</chapterId>
    <textIndopak>أَتَّخَذۡنَٰهُمۡ سِخۡرِيًّا أَمۡ زَاغَتۡ عَنۡهُمُ ٱلۡأَبۡصَٰرُ</textIndopak>
    <translations>
      <translation>
        <author>Dr. Mustafa Khattab, the Clear Quran</author>
        <text>Were we wrong in mocking them ˹in the world˺? Or do our eyes ˹just˺ fail to see them ˹in the Fire˺?”</text>
      </translation>
    </translations>
    <rules>[{"start": 55, "end": 57, "rule_id": 1}]</rules>
  </verse>
  <verse>
    <verseIdArabic>٦٤</verseIdArabic>
    <verseId>64</verseId>
    <chapterId>38</chapterId>
    <textIndopak>إِنَّ ذَٰلِكَ لَحَقّٞ تَخَاصُمُ أَهۡلِ ٱلنَّارِ</textIndopak>
    <translations>
      <translation>
        <author>Dr. Mustafa Khattab, the Clear Quran</author>
        <text>This dispute between the residents of the Fire will certainly come to pass.</text>
      </translation>
    </translations>
    <rules>[{"start": 2, "end": 5, "rule_id": 0}, {"start": 41, "end": 44, "rule_id": 0}, {"start": 18, "end": 24, "rule_id": 6}]</rules>
  </verse>
  <verse>
    <verseIdArabic>٦٥</verseIdArabic>
    <verseId>65</verseId>
    <chapterId>38</chapterId>
    <textIndopak>قُلۡ إِنَّمَآ أَنَا۠ مُنذِرٞۖ وَمَا مِنۡ إِلَٰهٍ إِلَّا ٱللَّهُ ٱلۡوَٰحِدُ ٱلۡقَهَّارُ</textIndopak>
    <translations>
      <translation>
        <author>Dr. Mustafa Khattab, the Clear Quran</author>
        <text>Say, ˹O Prophet,˺ “I am only a warner. And there is no god ˹worthy of worship˺ except Allah—the One, the Supreme.</text>
      </translation>
    </translations>
    <rules>[{"start": 7, "end": 10, "rule_id": 0}, {"start": 27, "end": 34, "rule_id": 3}, {"start": 24, "end": 27, "rule_id": 6}]</rules>
  </verse>
  <verse>
    <verseIdArabic>٦٦</verseIdArabic>
    <verseId>66</verseId>
    <chapterId>38</chapterId>
    <textIndopak>رَبُّ ٱلسَّمَٰوَٰتِ وَٱلۡأَرۡضِ وَمَا بَيۡنَهُمَا ٱلۡعَزِيزُ ٱلۡغَفَّٰرُ</textIndopak>
    <translations>
      <translation>
        <author>Dr. Mustafa Khattab, the Clear Quran</author>
        <text>˹He is the˺ Lord of the heavens and the earth and everything in between—the Almighty, Most Forgiving.”</text>
      </translation>
    </translations>
  </verse>
  <verse>
    <verseIdArabic>٦٧</verseIdArabic>
    <verseId>67</verseId>
    <chapterId>38</chapterId>
    <textIndopak>قُلۡ هُوَ نَبَؤٌاْ عَظِيمٌ</textIndopak>
    <translations>
      <translation>
        <author>Dr. Mustafa Khattab, the Clear Quran</author>
        <text>Say, “This ˹Quran˺ is momentous news,</text>
      </translation>
    </translations>
  </verse>
  <verse>
    <verseIdArabic>٦٨</verseIdArabic>
    <verseId>68</verseId>
    <chapterId>38</chapterId>
    <textIndopak>أَنتُمۡ عَنۡهُ مُعۡرِضُونَ</textIndopak>
    <translations>
      <translation>
        <author>Dr. Mustafa Khattab, the Clear Quran</author>
        <text>from which you ˹pagans˺ are turning away.”</text>
      </translation>
    </translations>
    <rules>[{"start": 2, "end": 5, "rule_id": 6}]</rules>
  </verse>
  <verse>
    <verseIdArabic>٦٩</verseIdArabic>
    <verseId>69</verseId>
    <chapterId>38</chapterId>
    <textIndopak>مَا كَانَ لِيَ مِنۡ عِلۡمِۭ بِٱلۡمَلَإِ ٱلۡأَعۡلَىٰٓ إِذۡ يَخۡتَصِمُونَ</textIndopak>
    <translations>
      <translation>
        <author>Dr. Mustafa Khattab, the Clear Quran</author>
        <text>˹And say,˺ “I had no knowledge of the highest assembly ˹in heaven˺ when they differed ˹concerning Adam˺.</text>
      </translation>
    </translations>
    <rules>[{"start": 24, "end": 30, "rule_id": 2}]</rules>
  </verse>
  <verse>
    <verseIdArabic>٧٠</verseIdArabic>
    <verseId>70</verseId>
    <chapterId>38</chapterId>
    <textIndopak>إِن يُوحَىٰٓ إِلَيَّ إِلَّآ أَنَّمَآ أَنَا۠ نَذِيرٞ مُّبِينٌ</textIndopak>
    <translations>
      <translation>
        <author>Dr. Mustafa Khattab, the Clear Quran</author>
        <text>What is revealed to me is that I am only sent with a clear warning.”</text>
      </translation>
    </translations>
    <rules>[{"start": 31, "end": 34, "rule_id": 0}, {"start": 54, "end": 57, "rule_id": 0}, {"start": 2, "end": 6, "rule_id": 3}, {"start": 51, "end": 57, "rule_id": 3}]</rules>
  </verse>
  <verse>
    <verseIdArabic>٧١</verseIdArabic>
    <verseId>71</verseId>
    <chapterId>38</chapterId>
    <textIndopak>إِذۡ قَالَ رَبُّكَ لِلۡمَلَٰٓئِكَةِ إِنِّي خَٰلِقُۢ بَشَرٗا مِّن طِينٖ</textIndopak>
    <translations>
      <translation>
        <author>Dr. Mustafa Khattab, the Clear Quran</author>
        <text>˹Remember, O Prophet˺ when your Lord said to the angels, “I am going to create a human being from clay.</text>
      </translation>
    </translations>
    <rules>[{"start": 38, "end": 41, "rule_id": 0}, {"start": 60, "end": 63, "rule_id": 0}, {"start": 48, "end": 54, "rule_id": 2}, {"start": 56, "end": 63, "rule_id": 3}, {"start": 63, "end": 67, "rule_id": 6}]</rules>
  </verse>
  <verse>
    <verseIdArabic>٧٢</verseIdArabic>
    <verseId>72</verseId>
    <chapterId>38</chapterId>
    <textIndopak>فَإِذَا سَوَّيۡتُهُۥ وَنَفَخۡتُ فِيهِ مِن رُّوحِي فَقَعُواْ لَهُۥ سَٰجِدِينَ</textIndopak>
    <translations>
      <translation>
        <author>Dr. Mustafa Khattab, the Clear Quran</author>
        <text>So when I have fashioned him and had a spirit of My Own ˹creation˺ breathed into him, fall down in prostration to him.”</text>
      </translation>
    </translations>
    <rules>[{"start": 40, "end": 45, "rule_id": 5}]</rules>
  </verse>
  <verse>
    <verseIdArabic>٧٣</verseIdArabic>
    <verseId>73</verseId>
    <chapterId>38</chapterId>
    <textIndopak>فَسَجَدَ ٱلۡمَلَٰٓئِكَةُ كُلُّهُمۡ أَجۡمَعُونَ</textIndopak>
    <translations>
      <translation>
        <author>Dr. Mustafa Khattab, the Clear Quran</author>
        <text>So the angels prostrated all together—</text>
      </translation>
    </translations>
    <rules>[{"start": 37, "end": 39, "rule_id": 1}]</rules>
  </verse>
  <verse>
    <verseIdArabic>٧٤</verseIdArabic>
    <verseId>74</verseId>
    <chapterId>38</chapterId>
    <textIndopak>إِلَّآ إِبۡلِيسَ ٱسۡتَكۡبَرَ وَكَانَ مِنَ ٱلۡكَٰفِرِينَ</textIndopak>
    <translations>
      <translation>
        <author>Dr. Mustafa Khattab, the Clear Quran</author>
        <text>but not Iblîs, who acted arrogantly, becoming unfaithful.</text>
      </translation>
    </translations>
    <rules>[{"start": 10, "end": 12, "rule_id": 1}]</rules>
  </verse>
  <verse>
    <verseIdArabic>٧٥</verseIdArabic>
    <verseId>75</verseId>
    <chapterId>38</chapterId>
    <textIndopak>قَالَ يَٰٓإِبۡلِيسُ مَا مَنَعَكَ أَن تَسۡجُدَ لِمَا خَلَقۡتُ بِيَدَيَّۖ أَسۡتَكۡبَرۡتَ أَمۡ كُنتَ مِنَ ٱلۡعَالِينَ</textIndopak>
    <translations>
      <translation>
        <author>Dr. Mustafa Khattab, the Clear Quran</author>
        <text>Allah asked, “O Iblîs! What prevented you from prostrating to what I created with My Own Hands? Did you ˹just˺ become proud? Or have you always been arrogant?”</text>
      </translation>
    </translations>
    <rules>[{"start": 12, "end": 14, "rule_id": 1}, {"start": 56, "end": 58, "rule_id": 1}, {"start": 35, "end": 39, "rule_id": 6}, {"start": 95, "end": 98, "rule_id": 6}]</rules>
  </verse>
  <verse>
    <verseIdArabic>٧٦</verseIdArabic>
    <verseId>76</verseId>
    <chapterId>38</chapterId>
    <textIndopak>قَالَ أَنَا۠ خَيۡرٞ مِّنۡهُ خَلَقۡتَنِي مِن نَّارٖ وَخَلَقۡتَهُۥ مِن طِينٖ</textIndopak>
    <translations>
      <translation>
        <author>Dr. Mustafa Khattab, the Clear Quran</author>
        <text>He replied, “I am better than he is: You created me from fire and him from clay.”</text>
      </translation>
    </translations>
    <rules>[{"start": 20, "end": 23, "rule_id": 0}, {"start": 46, "end": 49, "rule_id": 0}, {"start": 34, "end": 36, "rule_id": 1}, {"start": 59, "end": 61, "rule_id": 1}, {"start": 44, "end": 49, "rule_id": 3}, {"start": 17, "end": 23, "rule_id": 3}, {"start": 50, "end": 55, "rule_id": 3}, {"start": 69, "end": 73, "rule_id": 6}]</rules>
  </verse>
  <verse>
    <verseIdArabic>٧٧</verseIdArabic>
    <verseId>77</verseId>
    <chapterId>38</chapterId>
    <textIndopak>قَالَ فَٱخۡرُجۡ مِنۡهَا فَإِنَّكَ رَجِيمٞ</textIndopak>
    <translations>
      <translation>
        <author>Dr. Mustafa Khattab, the Clear Quran</author>
        <text>Allah commanded, “Then get out of Paradise, for you are truly cursed.</text>
      </translation>
    </translations>
    <rules>[{"start": 28, "end": 31, "rule_id": 0}, {"start": 13, "end": 15, "rule_id": 1}]</rules>
  </verse>
  <verse>
    <verseIdArabic>٧٨</verseIdArabic>
    <verseId>78</verseId>
    <chapterId>38</chapterId>
    <textIndopak>وَإِنَّ عَلَيۡكَ لَعۡنَتِيٓ إِلَىٰ يَوۡمِ ٱلدِّينِ</textIndopak>
    <translations>
      <translation>
        <author>Dr. Mustafa Khattab, the Clear Quran</author>
        <text>And surely upon you is My condemnation until the Day of Judgment.”</text>
      </translation>
    </translations>
    <rules>[{"start": 4, "end": 7, "rule_id": 0}]</rules>
  </verse>
  <verse>
    <verseIdArabic>٧٩</verseIdArabic>
    <verseId>79</verseId>
    <chapterId>38</chapterId>
    <textIndopak>قَالَ رَبِّ فَأَنظِرۡنِيٓ إِلَىٰ يَوۡمِ يُبۡعَثُونَ</textIndopak>
    <translations>
      <translation>
        <author>Dr. Mustafa Khattab, the Clear Quran</author>
        <text>Satan appealed, “My Lord! Then delay my end until the Day of their resurrection.”</text>
      </translation>
    </translations>
    <rules>[{"start": 42, "end": 44, "rule_id": 1}, {"start": 16, "end": 19, "rule_id": 6}]</rules>
  </verse>
  <verse>
    <verseIdArabic>٨٠</verseIdArabic>
    <verseId>80</verseId>
    <chapterId>38</chapterId>
    <textIndopak>قَالَ فَإِنَّكَ مِنَ ٱلۡمُنظَرِينَ</textIndopak>
    <translations>
      <translation>
        <author>Dr. Mustafa Khattab, the Clear Quran</author>
        <text>Allah said, “You will be delayed</text>
      </translation>
    </translations>
    <rules>[{"start": 10, "end": 13, "rule_id": 0}, {"start": 26, "end": 29, "rule_id": 6}]</rules>
  </verse>
  <verse>
    <verseIdArabic>٨١</verseIdArabic>
    <verseId>81</verseId>
    <chapterId>38</chapterId>
    <textIndopak>إِلَىٰ يَوۡمِ ٱلۡوَقۡتِ ٱلۡمَعۡلُومِ</textIndopak>
    <translations>
      <translation>
        <author>Dr. Mustafa Khattab, the Clear Quran</author>
        <text>until the appointed Day.”</text>
      </translation>
    </translations>
    <rules>[{"start": 19, "end": 21, "rule_id": 1}]</rules>
  </verse>
  <verse>
    <verseIdArabic>٨٢</verseIdArabic>
    <verseId>82</verseId>
    <chapterId>38</chapterId>
    <textIndopak>قَالَ فَبِعِزَّتِكَ لَأُغۡوِيَنَّهُمۡ أَجۡمَعِينَ</textIndopak>
    <translations>
      <translation>
        <author>Dr. Mustafa Khattab, the Clear Quran</author>
        <text>Satan said, “By Your Glory! I will certainly mislead them all,</text>
      </translation>
    </translations>
    <rules>[{"start": 30, "end": 33, "rule_id": 0}, {"start": 40, "end": 42, "rule_id": 1}]</rules>
  </verse>
  <verse>
    <verseIdArabic>٨٣</verseIdArabic>
    <verseId>83</verseId>
    <chapterId>38</chapterId>
    <textIndopak>إِلَّا عِبَادَكَ مِنۡهُمُ ٱلۡمُخۡلَصِينَ</textIndopak>
    <translations>
      <translation>
        <author>Dr. Mustafa Khattab, the Clear Quran</author>
        <text>except Your chosen servants among them.”</text>
      </translation>
    </translations>
  </verse>
  <verse>
    <verseIdArabic>٨٤</verseIdArabic>
    <verseId>84</verseId>
    <chapterId>38</chapterId>
    <textIndopak>قَالَ فَٱلۡحَقُّ وَٱلۡحَقَّ أَقُولُ</textIndopak>
    <translations>
      <translation>
        <author>Dr. Mustafa Khattab, the Clear Quran</author>
        <text>Allah concluded, “The truth is—and I ˹only˺ say the truth—:</text>
      </translation>
    </translations>
  </verse>
  <verse>
    <verseIdArabic>٨٥</verseIdArabic>
    <verseId>85</verseId>
    <chapterId>38</chapterId>
    <textIndopak>لَأَمۡلَأَنَّ جَهَنَّمَ مِنكَ وَمِمَّن تَبِعَكَ مِنۡهُمۡ أَجۡمَعِينَ</textIndopak>
    <translations>
      <translation>
        <author>Dr. Mustafa Khattab, the Clear Quran</author>
        <text>I will surely fill up Hell with you and whoever follows you from among them, all together.”</text>
      </translation>
    </translations>
    <rules>[{"start": 10, "end": 13, "rule_id": 0}, {"start": 18, "end": 21, "rule_id": 0}, {"start": 34, "end": 37, "rule_id": 0}, {"start": 59, "end": 61, "rule_id": 1}, {"start": 26, "end": 29, "rule_id": 6}, {"start": 37, "end": 41, "rule_id": 6}]</rules>
  </verse>
  <verse>
    <verseIdArabic>٨٦</verseIdArabic>
    <verseId>86</verseId>
    <chapterId>38</chapterId>
    <textIndopak>قُلۡ مَآ أَسۡـَٔلُكُمۡ عَلَيۡهِ مِنۡ أَجۡرٖ وَمَآ أَنَا۠ مِنَ ٱلۡمُتَكَلِّفِينَ</textIndopak>
    <translations>
      <translation>
        <author>Dr. Mustafa Khattab, the Clear Quran</author>
        <text>Say, ˹O Prophet,˺ “I do not ask you for any reward for this ˹Quran˺, nor do I pretend to be someone I am not.</text>
      </translation>
    </translations>
    <rules>[{"start": 40, "end": 42, "rule_id": 1}, {"start": 42, "end": 47, "rule_id": 3}]</rules>
  </verse>
  <verse>
    <verseIdArabic>٨٧</verseIdArabic>
    <verseId>87</verseId>
    <chapterId>38</chapterId>
    <textIndopak>إِنۡ هُوَ إِلَّا ذِكۡرٞ لِّلۡعَٰلَمِينَ</textIndopak>
    <translations>
      <translation>
        <author>Dr. Mustafa Khattab, the Clear Quran</author>
        <text>It is only a reminder to the whole world.</text>
      </translation>
    </translations>
    <rules>[{"start": 21, "end": 27, "rule_id": 5}]</rules>
  </verse>
  <verse>
    <verseIdArabic>٨٨</verseIdArabic>
    <verseId>88</verseId>
    <chapterId>38</chapterId>
    <textIndopak>وَلَتَعۡلَمُنَّ نَبَأَهُۥ بَعۡدَ حِينِۭ</textIndopak>
    <translations>
      <translation>
        <author>Dr. Mustafa Khattab, the Clear Quran</author>
        <text>And you will certainly know its truth before long.”</text>
      </translation>
    </translations>
    <rules>[{"start": 12, "end": 15, "rule_id": 0}]</rules>
  </verse>
</verses>
