<?xml version="1.0" encoding="UTF-8"?>

<verses>
  <verse>
    <verseIdArabic>١</verseIdArabic>
    <verseId>1</verseId>
    <chapterId>39</chapterId>
    <textIndopak>تَنزِيلُ ٱلۡكِتَٰبِ مِنَ ٱللَّهِ ٱلۡعَزِيزِ ٱلۡحَكِيمِ</textIndopak>
    <translations>
      <translation>
        <author>Dr. Mustafa Khattab, the Clear Quran</author>
        <text>The revelation of this Book is from Allah—the Almighty, All-Wise.</text>
      </translation>
    </translations>
    <rules>[{"start": 2, "end": 5, "rule_id": 6}]</rules>
  </verse>
  <verse>
    <verseIdArabic>٢</verseIdArabic>
    <verseId>2</verseId>
    <chapterId>39</chapterId>
    <textIndopak>إِنَّآ أَنزَلۡنَآ إِلَيۡكَ ٱلۡكِتَٰبَ بِٱلۡحَقِّ فَٱعۡبُدِ ٱللَّهَ مُخۡلِصٗا لَّهُ ٱلدِّينَ</textIndopak>
    <translations>
      <translation>
        <author>Dr. Mustafa Khattab, the Clear Quran</author>
        <text>Indeed, We have sent down the Book to you ˹O Prophet˺ in truth, so worship Allah ˹alone˺, being sincerely devoted to Him.</text>
      </translation>
    </translations>
    <rules>[{"start": 2, "end": 5, "rule_id": 0}, {"start": 75, "end": 82, "rule_id": 5}, {"start": 10, "end": 13, "rule_id": 6}]</rules>
  </verse>
  <verse>
    <verseIdArabic>٣</verseIdArabic>
    <verseId>3</verseId>
    <chapterId>39</chapterId>
    <textIndopak>أَلَا لِلَّهِ ٱلدِّينُ ٱلۡخَالِصُۚ وَٱلَّذِينَ ٱتَّخَذُواْ مِن دُونِهِۦٓ أَوۡلِيَآءَ مَا نَعۡبُدُهُمۡ إِلَّا لِيُقَرِّبُونَآ إِلَى ٱللَّهِ زُلۡفَىٰٓ إِنَّ ٱللَّهَ يَحۡكُمُ بَيۡنَهُمۡ فِي مَا هُمۡ فِيهِ يَخۡتَلِفُونَۗ إِنَّ ٱللَّهَ لَا يَهۡدِي مَنۡ هُوَ كَٰذِبٞ كَفَّارٞ</textIndopak>
    <translations>
      <translation>
        <author>Dr. Mustafa Khattab, the Clear Quran</author>
        <text>Indeed, sincere devotion is due ˹only˺ to Allah. As for those who take other lords besides Him, ˹saying,˺ “We worship them only so they may bring us closer to Allah,” surely Allah will judge between all regarding what they differed about. Allah certainly does not guide whoever persists in lying and disbelief.</text>
      </translation>
    </translations>
    <rules>[{"start": 154, "end": 157, "rule_id": 0}, {"start": 223, "end": 226, "rule_id": 0}, {"start": 62, "end": 66, "rule_id": 6}, {"start": 262, "end": 267, "rule_id": 6}]</rules>
  </verse>
  <verse>
    <verseIdArabic>٤</verseIdArabic>
    <verseId>4</verseId>
    <chapterId>39</chapterId>
    <textIndopak>لَّوۡ أَرَادَ ٱللَّهُ أَن يَتَّخِذَ وَلَدٗا لَّٱصۡطَفَىٰ مِمَّا يَخۡلُقُ مَا يَشَآءُۚ سُبۡحَٰنَهُۥۖ هُوَ ٱللَّهُ ٱلۡوَٰحِدُ ٱلۡقَهَّارُ</textIndopak>
    <translations>
      <translation>
        <author>Dr. Mustafa Khattab, the Clear Quran</author>
        <text>Had it been Allah’s Will to have offspring, He could have chosen whatever He willed of His creation. Glory be to Him! He is Allah—the One, the Supreme.</text>
      </translation>
    </translations>
    <rules>[{"start": 59, "end": 62, "rule_id": 0}, {"start": 90, "end": 92, "rule_id": 1}, {"start": 24, "end": 28, "rule_id": 3}, {"start": 40, "end": 47, "rule_id": 5}]</rules>
  </verse>
  <verse>
    <verseIdArabic>٥</verseIdArabic>
    <verseId>5</verseId>
    <chapterId>39</chapterId>
    <textIndopak>خَلَقَ ٱلسَّمَٰوَٰتِ وَٱلۡأَرۡضَ بِٱلۡحَقِّۖ يُكَوِّرُ ٱلَّيۡلَ عَلَى ٱلنَّهَارِ وَيُكَوِّرُ ٱلنَّهَارَ عَلَى ٱلَّيۡلِۖ وَسَخَّرَ ٱلشَّمۡسَ وَٱلۡقَمَرَۖ كُلّٞ يَجۡرِي لِأَجَلٖ مُّسَمًّىۗ أَلَا هُوَ ٱلۡعَزِيزُ ٱلۡغَفَّٰرُ</textIndopak>
    <translations>
      <translation>
        <author>Dr. Mustafa Khattab, the Clear Quran</author>
        <text>He created the heavens and the earth for a purpose. He wraps the night around the day, and wraps the day around the night. And He has subjected the sun and the moon, each orbiting for an appointed term. He is truly the Almighty, Most Forgiving.</text>
      </translation>
    </translations>
    <rules>[{"start": 73, "end": 76, "rule_id": 0}, {"start": 96, "end": 99, "rule_id": 0}, {"start": 179, "end": 182, "rule_id": 0}, {"start": 184, "end": 187, "rule_id": 0}, {"start": 164, "end": 166, "rule_id": 1}, {"start": 158, "end": 164, "rule_id": 3}, {"start": 176, "end": 182, "rule_id": 3}]</rules>
  </verse>
  <verse>
    <verseIdArabic>٦</verseIdArabic>
    <verseId>6</verseId>
    <chapterId>39</chapterId>
    <textIndopak>خَلَقَكُم مِّن نَّفۡسٖ وَٰحِدَةٖ ثُمَّ جَعَلَ مِنۡهَا زَوۡجَهَا وَأَنزَلَ لَكُم مِّنَ ٱلۡأَنۡعَٰمِ ثَمَٰنِيَةَ أَزۡوَٰجٖۚ يَخۡلُقُكُمۡ فِي بُطُونِ أُمَّهَٰتِكُمۡ خَلۡقٗا مِّنۢ بَعۡدِ خَلۡقٖ فِي ظُلُمَٰتٖ ثَلَٰثٖۚ ذَٰلِكُمُ ٱللَّهُ رَبُّكُمۡ لَهُ ٱلۡمُلۡكُۖ لَآ إِلَٰهَ إِلَّا هُوَۖ فَأَنَّىٰ تُصۡرَفُونَ</textIndopak>
    <translations>
      <translation>
        <author>Dr. Mustafa Khattab, the Clear Quran</author>
        <text>He created you ˹all˺ from a single soul, then from it He made its mate. And He produced for you four pairs of cattle. He creates you in the wombs of your mothers ˹in stages˺, one development after another, in three layers of darkness. That is Allah—your Lord! All authority belongs to Him. There is no god ˹worthy of worship˺ except Him. How can you then be turned away?</text>
      </translation>
    </translations>
    <rules>[{"start": 10, "end": 13, "rule_id": 0}, {"start": 15, "end": 18, "rule_id": 0}, {"start": 35, "end": 38, "rule_id": 0}, {"start": 80, "end": 83, "rule_id": 0}, {"start": 150, "end": 153, "rule_id": 0}, {"start": 171, "end": 174, "rule_id": 0}, {"start": 291, "end": 294, "rule_id": 0}, {"start": 174, "end": 179, "rule_id": 2}, {"start": 13, "end": 18, "rule_id": 3}, {"start": 20, "end": 26, "rule_id": 3}, {"start": 167, "end": 174, "rule_id": 3}, {"start": 8, "end": 13, "rule_id": 4}, {"start": 78, "end": 83, "rule_id": 4}, {"start": 68, "end": 71, "rule_id": 6}, {"start": 30, "end": 35, "rule_id": 6}, {"start": 188, "end": 193, "rule_id": 6}, {"start": 202, "end": 207, "rule_id": 6}]</rules>
  </verse>
  <verse>
    <verseIdArabic>٧</verseIdArabic>
    <verseId>7</verseId>
    <chapterId>39</chapterId>
    <textIndopak>إِن تَكۡفُرُواْ فَإِنَّ ٱللَّهَ غَنِيٌّ عَنكُمۡۖ وَلَا يَرۡضَىٰ لِعِبَادِهِ ٱلۡكُفۡرَۖ وَإِن تَشۡكُرُواْ يَرۡضَهُ لَكُمۡۗ وَلَا تَزِرُ وَازِرَةٞ وِزۡرَ أُخۡرَىٰۚ ثُمَّ إِلَىٰ رَبِّكُم مَّرۡجِعُكُمۡ فَيُنَبِّئُكُم بِمَا كُنتُمۡ تَعۡمَلُونَۚ إِنَّهُۥ عَلِيمُۢ بِذَاتِ ٱلصُّدُورِ</textIndopak>
    <translations>
      <translation>
        <author>Dr. Mustafa Khattab, the Clear Quran</author>
        <text>If you disbelieve, then ˹know that˺ Allah is truly not in need of you, nor does He approve of disbelief from His servants. But if you become grateful ˹through faith˺, He will appreciate that from you. No soul burdened with sin will bear the burden of another. Then to your Lord is your return, and He will inform you of what you used to do. He certainly knows best what is ˹hidden˺ in the heart.</text>
      </translation>
    </translations>
    <rules>[{"start": 20, "end": 23, "rule_id": 0}, {"start": 168, "end": 171, "rule_id": 0}, {"start": 188, "end": 191, "rule_id": 0}, {"start": 247, "end": 250, "rule_id": 0}, {"start": 259, "end": 265, "rule_id": 2}, {"start": 145, "end": 150, "rule_id": 3}, {"start": 186, "end": 191, "rule_id": 4}, {"start": 2, "end": 6, "rule_id": 6}, {"start": 42, "end": 45, "rule_id": 6}, {"start": 93, "end": 97, "rule_id": 6}, {"start": 225, "end": 228, "rule_id": 6}, {"start": 215, "end": 219, "rule_id": 7}]</rules>
  </verse>
  <verse>
    <verseIdArabic>٨</verseIdArabic>
    <verseId>8</verseId>
    <chapterId>39</chapterId>
    <textIndopak>۞ وَإِذَا مَسَّ ٱلۡإِنسَٰنَ ضُرّٞ دَعَا رَبَّهُۥ مُنِيبًا إِلَيۡهِ ثُمَّ إِذَا خَوَّلَهُۥ نِعۡمَةٗ مِّنۡهُ نَسِيَ مَا كَانَ يَدۡعُوٓاْ إِلَيۡهِ مِن قَبۡلُ وَجَعَلَ لِلَّهِ أَندَادٗا لِّيُضِلَّ عَن سَبِيلِهِۦۚ قُلۡ تَمَتَّعۡ بِكُفۡرِكَ قَلِيلًا إِنَّكَ مِنۡ أَصۡحَٰبِ ٱلنَّارِ</textIndopak>
    <translations>
      <translation>
        <author>Dr. Mustafa Khattab, the Clear Quran</author>
        <text>When one is touched with hardship, they cry out to their Lord, turning to Him ˹alone˺. But as soon as He showers them with blessings from Him, they ˹totally˺ forget the One they had cried to earlier, and set up equals to Allah to mislead ˹others˺ from His Way. Say, ˹O Prophet,˺ “Enjoy your disbelief for a little while! You will certainly be one of the inmates of the Fire.”</text>
      </translation>
    </translations>
    <rules>[{"start": 69, "end": 72, "rule_id": 0}, {"start": 99, "end": 102, "rule_id": 0}, {"start": 249, "end": 252, "rule_id": 0}, {"start": 272, "end": 275, "rule_id": 0}, {"start": 126, "end": 128, "rule_id": 1}, {"start": 150, "end": 152, "rule_id": 1}, {"start": 96, "end": 102, "rule_id": 3}, {"start": 178, "end": 185, "rule_id": 5}, {"start": 21, "end": 25, "rule_id": 6}, {"start": 146, "end": 150, "rule_id": 6}, {"start": 174, "end": 177, "rule_id": 6}, {"start": 195, "end": 199, "rule_id": 6}, {"start": 30, "end": 36, "rule_id": 6}]</rules>
  </verse>
  <verse>
    <verseIdArabic>٩</verseIdArabic>
    <verseId>9</verseId>
    <chapterId>39</chapterId>
    <textIndopak>أَمَّنۡ هُوَ قَٰنِتٌ ءَانَآءَ ٱلَّيۡلِ سَاجِدٗا وَقَآئِمٗا يَحۡذَرُ ٱلۡأٓخِرَةَ وَيَرۡجُواْ رَحۡمَةَ رَبِّهِۦۗ قُلۡ هَلۡ يَسۡتَوِي ٱلَّذِينَ يَعۡلَمُونَ وَٱلَّذِينَ لَا يَعۡلَمُونَۗ إِنَّمَا يَتَذَكَّرُ أُوْلُواْ ٱلۡأَلۡبَٰبِ</textIndopak>
    <translations>
      <translation>
        <author>Dr. Mustafa Khattab, the Clear Quran</author>
        <text>˹Are they better˺ or those who worship ˹their Lord˺ devoutly in the hours of the night, prostrating and standing, fearing the Hereafter and hoping for the mercy of their Lord? Say, ˹O Prophet,˺ “Are those who know equal to those who do not know?” None will be mindful ˹of this˺ except people of reason.</text>
      </translation>
    </translations>
    <rules>[{"start": 2, "end": 5, "rule_id": 0}, {"start": 189, "end": 192, "rule_id": 0}, {"start": 228, "end": 230, "rule_id": 1}, {"start": 45, "end": 51, "rule_id": 3}, {"start": 57, "end": 63, "rule_id": 3}]</rules>
  </verse>
  <verse>
    <verseIdArabic>١٠</verseIdArabic>
    <verseId>10</verseId>
    <chapterId>39</chapterId>
    <textIndopak>قُلۡ يَٰعِبَادِ ٱلَّذِينَ ءَامَنُواْ ٱتَّقُواْ رَبَّكُمۡۚ لِلَّذِينَ أَحۡسَنُواْ فِي هَٰذِهِ ٱلدُّنۡيَا حَسَنَةٞۗ وَأَرۡضُ ٱللَّهِ وَٰسِعَةٌۗ إِنَّمَا يُوَفَّى ٱلصَّٰبِرُونَ أَجۡرَهُم بِغَيۡرِ حِسَابٖ</textIndopak>
    <translations>
      <translation>
        <author>Dr. Mustafa Khattab, the Clear Quran</author>
        <text>Say ˹O Prophet, that Allah says˺, “O My servants who believe! Be mindful of your Lord. Those who do good in this world will have a good reward. And Allah’s earth is spacious. Only those who endure patiently will be given their reward without limit.”</text>
      </translation>
    </translations>
    <rules>[{"start": 147, "end": 150, "rule_id": 0}, {"start": 179, "end": 181, "rule_id": 1}, {"start": 201, "end": 203, "rule_id": 1}, {"start": 185, "end": 189, "rule_id": 7}]</rules>
  </verse>
  <verse>
    <verseIdArabic>١١</verseIdArabic>
    <verseId>11</verseId>
    <chapterId>39</chapterId>
    <textIndopak>قُلۡ إِنِّيٓ أُمِرۡتُ أَنۡ أَعۡبُدَ ٱللَّهَ مُخۡلِصٗا لَّهُ ٱلدِّينَ</textIndopak>
    <translations>
      <translation>
        <author>Dr. Mustafa Khattab, the Clear Quran</author>
        <text>Say, “I am commanded to worship Allah, being sincerely devoted to Him ˹alone˺.</text>
      </translation>
    </translations>
    <rules>[{"start": 7, "end": 10, "rule_id": 0}, {"start": 50, "end": 57, "rule_id": 5}]</rules>
  </verse>
  <verse>
    <verseIdArabic>١٢</verseIdArabic>
    <verseId>12</verseId>
    <chapterId>39</chapterId>
    <textIndopak>وَأُمِرۡتُ لِأَنۡ أَكُونَ أَوَّلَ ٱلۡمُسۡلِمِينَ</textIndopak>
    <translations>
      <translation>
        <author>Dr. Mustafa Khattab, the Clear Quran</author>
        <text>And I am commanded to be the first of those who submit ˹to His Will˺.”</text>
      </translation>
    </translations>
  </verse>
  <verse>
    <verseIdArabic>١٣</verseIdArabic>
    <verseId>13</verseId>
    <chapterId>39</chapterId>
    <textIndopak>قُلۡ إِنِّيٓ أَخَافُ إِنۡ عَصَيۡتُ رَبِّي عَذَابَ يَوۡمٍ عَظِيمٖ</textIndopak>
    <translations>
      <translation>
        <author>Dr. Mustafa Khattab, the Clear Quran</author>
        <text>Say, “I truly fear—if I were to disobey my Lord—the torment of a tremendous Day.”</text>
      </translation>
    </translations>
    <rules>[{"start": 7, "end": 10, "rule_id": 0}]</rules>
  </verse>
  <verse>
    <verseIdArabic>١٤</verseIdArabic>
    <verseId>14</verseId>
    <chapterId>39</chapterId>
    <textIndopak>قُلِ ٱللَّهَ أَعۡبُدُ مُخۡلِصٗا لَّهُۥ دِينِي</textIndopak>
    <translations>
      <translation>
        <author>Dr. Mustafa Khattab, the Clear Quran</author>
        <text>Say, “It is ˹only˺ Allah that I worship, being sincere in my devotion to Him.</text>
      </translation>
    </translations>
    <rules>[{"start": 28, "end": 35, "rule_id": 5}]</rules>
  </verse>
  <verse>
    <verseIdArabic>١٥</verseIdArabic>
    <verseId>15</verseId>
    <chapterId>39</chapterId>
    <textIndopak>فَٱعۡبُدُواْ مَا شِئۡتُم مِّن دُونِهِۦۗ قُلۡ إِنَّ ٱلۡخَٰسِرِينَ ٱلَّذِينَ خَسِرُوٓاْ أَنفُسَهُمۡ وَأَهۡلِيهِمۡ يَوۡمَ ٱلۡقِيَٰمَةِۗ أَلَا ذَٰلِكَ هُوَ ٱلۡخُسۡرَانُ ٱلۡمُبِينُ</textIndopak>
    <translations>
      <translation>
        <author>Dr. Mustafa Khattab, the Clear Quran</author>
        <text>Worship then whatever ˹gods˺ you want instead of Him.” Say, “The ˹true˺ losers are those who will lose themselves and their families on Judgment Day. That is indeed the clearest loss.”</text>
      </translation>
    </translations>
    <rules>[{"start": 25, "end": 28, "rule_id": 0}, {"start": 48, "end": 51, "rule_id": 0}, {"start": 23, "end": 28, "rule_id": 4}, {"start": 28, "end": 32, "rule_id": 6}, {"start": 89, "end": 92, "rule_id": 6}]</rules>
  </verse>
  <verse>
    <verseIdArabic>١٦</verseIdArabic>
    <verseId>16</verseId>
    <chapterId>39</chapterId>
    <textIndopak>لَهُم مِّن فَوۡقِهِمۡ ظُلَلٞ مِّنَ ٱلنَّارِ وَمِن تَحۡتِهِمۡ ظُلَلٞۚ ذَٰلِكَ يُخَوِّفُ ٱللَّهُ بِهِۦ عِبَادَهُۥۚ يَٰعِبَادِ فَٱتَّقُونِ</textIndopak>
    <translations>
      <translation>
        <author>Dr. Mustafa Khattab, the Clear Quran</author>
        <text>They will have layers of fire above and below them. That is what Allah warns His servants with. So fear Me, O My servants!</text>
      </translation>
    </translations>
    <rules>[{"start": 6, "end": 9, "rule_id": 0}, {"start": 29, "end": 32, "rule_id": 0}, {"start": 37, "end": 40, "rule_id": 0}, {"start": 26, "end": 32, "rule_id": 3}, {"start": 4, "end": 9, "rule_id": 4}, {"start": 9, "end": 13, "rule_id": 6}, {"start": 48, "end": 52, "rule_id": 6}]</rules>
  </verse>
  <verse>
    <verseIdArabic>١٧</verseIdArabic>
    <verseId>17</verseId>
    <chapterId>39</chapterId>
    <textIndopak>وَٱلَّذِينَ ٱجۡتَنَبُواْ ٱلطَّٰغُوتَ أَن يَعۡبُدُوهَا وَأَنَابُوٓاْ إِلَى ٱللَّهِ لَهُمُ ٱلۡبُشۡرَىٰۚ فَبَشِّرۡ عِبَادِ</textIndopak>
    <translations>
      <translation>
        <author>Dr. Mustafa Khattab, the Clear Quran</author>
        <text>And those who shun the worship of false gods, turning to Allah ˹alone˺, will have good news. So give good news to My servants ˹O Prophet˺—</text>
      </translation>
    </translations>
    <rules>[{"start": 13, "end": 15, "rule_id": 1}, {"start": 118, "end": 120, "rule_id": 1}, {"start": 39, "end": 43, "rule_id": 3}]</rules>
  </verse>
  <verse>
    <verseIdArabic>١٨</verseIdArabic>
    <verseId>18</verseId>
    <chapterId>39</chapterId>
    <textIndopak>ٱلَّذِينَ يَسۡتَمِعُونَ ٱلۡقَوۡلَ فَيَتَّبِعُونَ أَحۡسَنَهُۥٓۚ أُوْلَٰٓئِكَ ٱلَّذِينَ هَدَىٰهُمُ ٱللَّهُۖ وَأُوْلَٰٓئِكَ هُمۡ أُوْلُواْ ٱلۡأَلۡبَٰبِ</textIndopak>
    <translations>
      <translation>
        <author>Dr. Mustafa Khattab, the Clear Quran</author>
        <text>those who listen to what is said and follow the best of it. These are the ones ˹rightly˺ guided by Allah, and these are ˹truly˺ the people of reason.</text>
      </translation>
    </translations>
    <rules>[{"start": 148, "end": 150, "rule_id": 1}]</rules>
  </verse>
  <verse>
    <verseIdArabic>١٩</verseIdArabic>
    <verseId>19</verseId>
    <chapterId>39</chapterId>
    <textIndopak>أَفَمَنۡ حَقَّ عَلَيۡهِ كَلِمَةُ ٱلۡعَذَابِ أَفَأَنتَ تُنقِذُ مَن فِي ٱلنَّارِ</textIndopak>
    <translations>
      <translation>
        <author>Dr. Mustafa Khattab, the Clear Quran</author>
        <text>What about those against whom the decree of torment has been justified? Is it you ˹O Prophet˺ who will then save those bound for the Fire?</text>
      </translation>
    </translations>
    <rules>[{"start": 72, "end": 75, "rule_id": 0}, {"start": 50, "end": 53, "rule_id": 6}, {"start": 56, "end": 59, "rule_id": 6}, {"start": 64, "end": 68, "rule_id": 6}]</rules>
  </verse>
  <verse>
    <verseIdArabic>٢٠</verseIdArabic>
    <verseId>20</verseId>
    <chapterId>39</chapterId>
    <textIndopak>لَٰكِنِ ٱلَّذِينَ ٱتَّقَوۡاْ رَبَّهُمۡ لَهُمۡ غُرَفٞ مِّن فَوۡقِهَا غُرَفٞ مَّبۡنِيَّةٞ تَجۡرِي مِن تَحۡتِهَا ٱلۡأَنۡهَٰرُۖ وَعۡدَ ٱللَّهِ لَا يُخۡلِفُ ٱللَّهُ ٱلۡمِيعَادَ</textIndopak>
    <translations>
      <translation>
        <author>Dr. Mustafa Khattab, the Clear Quran</author>
        <text>But those mindful of their Lord will have ˹elevated˺ mansions, built one above the other, under which rivers flow. ˹That is˺ the promise of Allah. ˹And˺ Allah never fails in ˹His˺ promise.</text>
      </translation>
    </translations>
    <rules>[{"start": 53, "end": 56, "rule_id": 0}, {"start": 75, "end": 78, "rule_id": 0}, {"start": 78, "end": 80, "rule_id": 1}, {"start": 90, "end": 92, "rule_id": 1}, {"start": 172, "end": 174, "rule_id": 1}, {"start": 50, "end": 56, "rule_id": 3}, {"start": 72, "end": 78, "rule_id": 3}, {"start": 56, "end": 60, "rule_id": 6}, {"start": 98, "end": 102, "rule_id": 6}, {"start": 85, "end": 90, "rule_id": 6}]</rules>
  </verse>
  <verse>
    <verseIdArabic>٢١</verseIdArabic>
    <verseId>21</verseId>
    <chapterId>39</chapterId>
    <textIndopak>أَلَمۡ تَرَ أَنَّ ٱللَّهَ أَنزَلَ مِنَ ٱلسَّمَآءِ مَآءٗ فَسَلَكَهُۥ يَنَٰبِيعَ فِي ٱلۡأَرۡضِ ثُمَّ يُخۡرِجُ بِهِۦ زَرۡعٗا مُّخۡتَلِفًا أَلۡوَٰنُهُۥ ثُمَّ يَهِيجُ فَتَرَىٰهُ مُصۡفَرّٗا ثُمَّ يَجۡعَلُهُۥ حُطَٰمًاۚ إِنَّ فِي ذَٰلِكَ لَذِكۡرَىٰ لِأُوْلِي ٱلۡأَلۡبَٰبِ</textIndopak>
    <translations>
      <translation>
        <author>Dr. Mustafa Khattab, the Clear Quran</author>
        <text>Do you not see that Allah sends down rain from the sky—channelling it through streams in the earth—then produces with it crops of various colours, then they dry up and you see them wither, and then He reduces them to chaff? Surely in this is a reminder for people of reason.</text>
      </translation>
    </translations>
    <rules>[{"start": 14, "end": 17, "rule_id": 0}, {"start": 97, "end": 100, "rule_id": 0}, {"start": 124, "end": 127, "rule_id": 0}, {"start": 152, "end": 155, "rule_id": 0}, {"start": 188, "end": 191, "rule_id": 0}, {"start": 217, "end": 220, "rule_id": 0}, {"start": 194, "end": 196, "rule_id": 1}, {"start": 264, "end": 266, "rule_id": 1}, {"start": 120, "end": 127, "rule_id": 3}, {"start": 28, "end": 31, "rule_id": 6}, {"start": 55, "end": 60, "rule_id": 6}]</rules>
  </verse>
  <verse>
    <verseIdArabic>٢٢</verseIdArabic>
    <verseId>22</verseId>
    <chapterId>39</chapterId>
    <textIndopak>أَفَمَن شَرَحَ ٱللَّهُ صَدۡرَهُۥ لِلۡإِسۡلَٰمِ فَهُوَ عَلَىٰ نُورٖ مِّن رَّبِّهِۦۚ فَوَيۡلٞ لِّلۡقَٰسِيَةِ قُلُوبُهُم مِّن ذِكۡرِ ٱللَّهِۚ أُوْلَٰٓئِكَ فِي ضَلَٰلٖ مُّبِينٍ</textIndopak>
    <translations>
      <translation>
        <author>Dr. Mustafa Khattab, the Clear Quran</author>
        <text>Can ˹the misguided be like˺ those whose hearts Allah has opened to Islam, so they are enlightened by their Lord? So woe to those whose hearts are hardened at the remembrance of Allah! It is they who are clearly astray.</text>
      </translation>
    </translations>
    <rules>[{"start": 67, "end": 70, "rule_id": 0}, {"start": 119, "end": 122, "rule_id": 0}, {"start": 166, "end": 169, "rule_id": 0}, {"start": 25, "end": 27, "rule_id": 1}, {"start": 64, "end": 70, "rule_id": 3}, {"start": 163, "end": 169, "rule_id": 3}, {"start": 117, "end": 122, "rule_id": 4}, {"start": 70, "end": 75, "rule_id": 5}, {"start": 90, "end": 96, "rule_id": 5}, {"start": 6, "end": 10, "rule_id": 6}, {"start": 122, "end": 126, "rule_id": 6}]</rules>
  </verse>
  <verse>
    <verseIdArabic>٢٣</verseIdArabic>
    <verseId>23</verseId>
    <chapterId>39</chapterId>
    <textIndopak>ٱللَّهُ نَزَّلَ أَحۡسَنَ ٱلۡحَدِيثِ كِتَٰبٗا مُّتَشَٰبِهٗا مَّثَانِيَ تَقۡشَعِرُّ مِنۡهُ جُلُودُ ٱلَّذِينَ يَخۡشَوۡنَ رَبَّهُمۡ ثُمَّ تَلِينُ جُلُودُهُمۡ وَقُلُوبُهُمۡ إِلَىٰ ذِكۡرِ ٱللَّهِۚ ذَٰلِكَ هُدَى ٱللَّهِ يَهۡدِي بِهِۦ مَن يَشَآءُۚ وَمَن يُضۡلِلِ ٱللَّهُ فَمَا لَهُۥ مِنۡ هَادٍ</textIndopak>
    <translations>
      <translation>
        <author>Dr. Mustafa Khattab, the Clear Quran</author>
        <text>˹It is˺ Allah ˹Who˺ has sent down the best message—a Book of perfect consistency and repeated lessons—which causes the skin ˹and hearts˺ of those who fear their Lord to tremble, then their skin and hearts soften at the mention of ˹the mercy of˺ Allah. That is the guidance of Allah, through which He guides whoever He wills. But whoever Allah leaves to stray will be left with no guide.</text>
      </translation>
    </translations>
    <rules>[{"start": 45, "end": 48, "rule_id": 0}, {"start": 59, "end": 62, "rule_id": 0}, {"start": 130, "end": 133, "rule_id": 0}, {"start": 72, "end": 74, "rule_id": 1}, {"start": 286, "end": 288, "rule_id": 1}, {"start": 230, "end": 234, "rule_id": 3}, {"start": 247, "end": 251, "rule_id": 3}, {"start": 41, "end": 48, "rule_id": 3}, {"start": 55, "end": 62, "rule_id": 3}]</rules>
  </verse>
  <verse>
    <verseIdArabic>٢٤</verseIdArabic>
    <verseId>24</verseId>
    <chapterId>39</chapterId>
    <textIndopak>أَفَمَن يَتَّقِي بِوَجۡهِهِۦ سُوٓءَ ٱلۡعَذَابِ يَوۡمَ ٱلۡقِيَٰمَةِۚ وَقِيلَ لِلظَّٰلِمِينَ ذُوقُواْ مَا كُنتُمۡ تَكۡسِبُونَ</textIndopak>
    <translations>
      <translation>
        <author>Dr. Mustafa Khattab, the Clear Quran</author>
        <text>Are those who will only have their ˹bare˺ faces to shield themselves from the awful torment on Judgment Day ˹better than those in Paradise˺? It will ˹then˺ be said to the wrongdoers: “Reap what you sowed!”</text>
      </translation>
    </translations>
    <rules>[{"start": 21, "end": 23, "rule_id": 1}, {"start": 6, "end": 10, "rule_id": 3}, {"start": 107, "end": 110, "rule_id": 6}]</rules>
  </verse>
  <verse>
    <verseIdArabic>٢٥</verseIdArabic>
    <verseId>25</verseId>
    <chapterId>39</chapterId>
    <textIndopak>كَذَّبَ ٱلَّذِينَ مِن قَبۡلِهِمۡ فَأَتَىٰهُمُ ٱلۡعَذَابُ مِنۡ حَيۡثُ لَا يَشۡعُرُونَ</textIndopak>
    <translations>
      <translation>
        <author>Dr. Mustafa Khattab, the Clear Quran</author>
        <text>Those before them ˹also˺ rejected ˹the truth˺, then the torment came upon them from where they least expected.</text>
      </translation>
    </translations>
    <rules>[{"start": 24, "end": 26, "rule_id": 1}, {"start": 20, "end": 24, "rule_id": 6}]</rules>
  </verse>
  <verse>
    <verseIdArabic>٢٦</verseIdArabic>
    <verseId>26</verseId>
    <chapterId>39</chapterId>
    <textIndopak>فَأَذَاقَهُمُ ٱللَّهُ ٱلۡخِزۡيَ فِي ٱلۡحَيَوٰةِ ٱلدُّنۡيَاۖ وَلَعَذَابُ ٱلۡأٓخِرَةِ أَكۡبَرُۚ لَوۡ كَانُواْ يَعۡلَمُونَ</textIndopak>
    <translations>
      <translation>
        <author>Dr. Mustafa Khattab, the Clear Quran</author>
        <text>So Allah made them taste humiliation in this worldly life, but far worse is the punishment of the Hereafter, if only they knew.</text>
      </translation>
    </translations>
  </verse>
  <verse>
    <verseIdArabic>٢٧</verseIdArabic>
    <verseId>27</verseId>
    <chapterId>39</chapterId>
    <textIndopak>وَلَقَدۡ ضَرَبۡنَا لِلنَّاسِ فِي هَٰذَا ٱلۡقُرۡءَانِ مِن كُلِّ مَثَلٖ لَّعَلَّهُمۡ يَتَذَكَّرُونَ</textIndopak>
    <translations>
      <translation>
        <author>Dr. Mustafa Khattab, the Clear Quran</author>
        <text>We have certainly set forth every ˹kind of˺ lesson for people in this Quran, so perhaps they will be mindful.</text>
      </translation>
    </translations>
    <rules>[{"start": 22, "end": 25, "rule_id": 0}, {"start": 6, "end": 8, "rule_id": 1}, {"start": 13, "end": 15, "rule_id": 1}, {"start": 67, "end": 73, "rule_id": 5}, {"start": 55, "end": 59, "rule_id": 6}]</rules>
  </verse>
  <verse>
    <verseIdArabic>٢٨</verseIdArabic>
    <verseId>28</verseId>
    <chapterId>39</chapterId>
    <textIndopak>قُرۡءَانًا عَرَبِيًّا غَيۡرَ ذِي عِوَجٖ لَّعَلَّهُمۡ يَتَّقُونَ</textIndopak>
    <translations>
      <translation>
        <author>Dr. Mustafa Khattab, the Clear Quran</author>
        <text>˹It is˺ a Quran ˹revealed˺ in Arabic without any crookedness, so perhaps they will be conscious ˹of Allah˺.</text>
      </translation>
    </translations>
    <rules>[{"start": 37, "end": 43, "rule_id": 5}]</rules>
  </verse>
  <verse>
    <verseIdArabic>٢٩</verseIdArabic>
    <verseId>29</verseId>
    <chapterId>39</chapterId>
    <textIndopak>ضَرَبَ ٱللَّهُ مَثَلٗا رَّجُلٗا فِيهِ شُرَكَآءُ مُتَشَٰكِسُونَ وَرَجُلٗا سَلَمٗا لِّرَجُلٍ هَلۡ يَسۡتَوِيَانِ مَثَلًاۚ ٱلۡحَمۡدُ لِلَّهِۚ بَلۡ أَكۡثَرُهُمۡ لَا يَعۡلَمُونَ</textIndopak>
    <translations>
      <translation>
        <author>Dr. Mustafa Khattab, the Clear Quran</author>
        <text>Allah sets forth the parable of a slave owned by several quarrelsome masters, and a slave owned by only one master. Are they equal in condition? Praise be to Allah! In fact, most of them do not know.</text>
      </translation>
    </translations>
    <rules>[{"start": 19, "end": 26, "rule_id": 5}, {"start": 78, "end": 85, "rule_id": 5}]</rules>
  </verse>
  <verse>
    <verseIdArabic>٣٠</verseIdArabic>
    <verseId>30</verseId>
    <chapterId>39</chapterId>
    <textIndopak>إِنَّكَ مَيِّتٞ وَإِنَّهُم مَّيِّتُونَ</textIndopak>
    <translations>
      <translation>
        <author>Dr. Mustafa Khattab, the Clear Quran</author>
        <text>You ˹O Prophet˺ will certainly die, and they will die too.</text>
      </translation>
    </translations>
    <rules>[{"start": 2, "end": 5, "rule_id": 0}, {"start": 20, "end": 23, "rule_id": 0}, {"start": 27, "end": 30, "rule_id": 0}, {"start": 13, "end": 18, "rule_id": 3}, {"start": 25, "end": 30, "rule_id": 4}]</rules>
  </verse>
  <verse>
    <verseIdArabic>٣١</verseIdArabic>
    <verseId>31</verseId>
    <chapterId>39</chapterId>
    <textIndopak>ثُمَّ إِنَّكُمۡ يَوۡمَ ٱلۡقِيَٰمَةِ عِندَ رَبِّكُمۡ تَخۡتَصِمُونَ</textIndopak>
    <translations>
      <translation>
        <author>Dr. Mustafa Khattab, the Clear Quran</author>
        <text>Then on the Day of Judgment you will ˹all settle your˺ dispute before your Lord.</text>
      </translation>
    </translations>
    <rules>[{"start": 2, "end": 5, "rule_id": 0}, {"start": 8, "end": 11, "rule_id": 0}, {"start": 38, "end": 41, "rule_id": 6}]</rules>
  </verse>
  <verse>
    <verseIdArabic>٣٢</verseIdArabic>
    <verseId>32</verseId>
    <chapterId>39</chapterId>
    <textIndopak>۞ فَمَنۡ أَظۡلَمُ مِمَّن كَذَبَ عَلَى ٱللَّهِ وَكَذَّبَ بِٱلصِّدۡقِ إِذۡ جَآءَهُۥٓۚ أَلَيۡسَ فِي جَهَنَّمَ مَثۡوٗى لِّلۡكَٰفِرِينَ</textIndopak>
    <translations>
      <translation>
        <author>Dr. Mustafa Khattab, the Clear Quran</author>
        <text>Who then does more wrong than those who lie about Allah and reject the truth after it has reached them? Is Hell not a ˹fitting˺ home for the disbelievers?</text>
      </translation>
    </translations>
    <rules>[{"start": 20, "end": 23, "rule_id": 0}, {"start": 103, "end": 106, "rule_id": 0}, {"start": 63, "end": 65, "rule_id": 1}, {"start": 23, "end": 27, "rule_id": 6}]</rules>
  </verse>
  <verse>
    <verseIdArabic>٣٣</verseIdArabic>
    <verseId>33</verseId>
    <chapterId>39</chapterId>
    <textIndopak>وَٱلَّذِي جَآءَ بِٱلصِّدۡقِ وَصَدَّقَ بِهِۦٓ أُوْلَٰٓئِكَ هُمُ ٱلۡمُتَّقُونَ</textIndopak>
    <translations>
      <translation>
        <author>Dr. Mustafa Khattab, the Clear Quran</author>
        <text>And the one who has brought the truth and those who embrace it—it is they who are the righteous.</text>
      </translation>
    </translations>
    <rules>[{"start": 24, "end": 26, "rule_id": 1}]</rules>
  </verse>
  <verse>
    <verseIdArabic>٣٤</verseIdArabic>
    <verseId>34</verseId>
    <chapterId>39</chapterId>
    <textIndopak>لَهُم مَّا يَشَآءُونَ عِندَ رَبِّهِمۡۚ ذَٰلِكَ جَزَآءُ ٱلۡمُحۡسِنِينَ</textIndopak>
    <translations>
      <translation>
        <author>Dr. Mustafa Khattab, the Clear Quran</author>
        <text>They will have whatever they desire with their Lord. That is the reward of the good-doers.</text>
      </translation>
    </translations>
    <rules>[{"start": 6, "end": 9, "rule_id": 0}, {"start": 4, "end": 9, "rule_id": 4}, {"start": 25, "end": 28, "rule_id": 6}]</rules>
  </verse>
  <verse>
    <verseIdArabic>٣٥</verseIdArabic>
    <verseId>35</verseId>
    <chapterId>39</chapterId>
    <textIndopak>لِيُكَفِّرَ ٱللَّهُ عَنۡهُمۡ أَسۡوَأَ ٱلَّذِي عَمِلُواْ وَيَجۡزِيَهُمۡ أَجۡرَهُم بِأَحۡسَنِ ٱلَّذِي كَانُواْ يَعۡمَلُونَ</textIndopak>
    <translations>
      <translation>
        <author>Dr. Mustafa Khattab, the Clear Quran</author>
        <text>As such, Allah will absolve them of ˹even˺ the worst of what they did and reward them according to the best of what they used to do.</text>
      </translation>
    </translations>
    <rules>[{"start": 60, "end": 62, "rule_id": 1}, {"start": 73, "end": 75, "rule_id": 1}, {"start": 79, "end": 83, "rule_id": 7}]</rules>
  </verse>
  <verse>
    <verseIdArabic>٣٦</verseIdArabic>
    <verseId>36</verseId>
    <chapterId>39</chapterId>
    <textIndopak>أَلَيۡسَ ٱللَّهُ بِكَافٍ عَبۡدَهُۥۖ وَيُخَوِّفُونَكَ بِٱلَّذِينَ مِن دُونِهِۦۚ وَمَن يُضۡلِلِ ٱللَّهُ فَمَا لَهُۥ مِنۡ هَادٖ</textIndopak>
    <translations>
      <translation>
        <author>Dr. Mustafa Khattab, the Clear Quran</author>
        <text>Is Allah not sufficient for His servant? Yet they threaten you with other ˹powerless˺ gods besides Him! Whoever Allah leaves to stray will be left with no guide.</text>
      </translation>
    </translations>
    <rules>[{"start": 27, "end": 29, "rule_id": 1}, {"start": 124, "end": 126, "rule_id": 1}, {"start": 85, "end": 89, "rule_id": 3}, {"start": 68, "end": 72, "rule_id": 6}]</rules>
  </verse>
  <verse>
    <verseIdArabic>٣٧</verseIdArabic>
    <verseId>37</verseId>
    <chapterId>39</chapterId>
    <textIndopak>وَمَن يَهۡدِ ٱللَّهُ فَمَا لَهُۥ مِن مُّضِلٍّۗ أَلَيۡسَ ٱللَّهُ بِعَزِيزٖ ذِي ٱنتِقَامٖ</textIndopak>
    <translations>
      <translation>
        <author>Dr. Mustafa Khattab, the Clear Quran</author>
        <text>And whoever Allah guides, none can lead astray. Is Allah not Almighty, capable of punishment?</text>
      </translation>
    </translations>
    <rules>[{"start": 37, "end": 40, "rule_id": 0}, {"start": 4, "end": 8, "rule_id": 3}, {"start": 35, "end": 40, "rule_id": 3}, {"start": 80, "end": 83, "rule_id": 6}, {"start": 72, "end": 77, "rule_id": 6}]</rules>
  </verse>
  <verse>
    <verseIdArabic>٣٨</verseIdArabic>
    <verseId>38</verseId>
    <chapterId>39</chapterId>
    <textIndopak>وَلَئِن سَأَلۡتَهُم مَّنۡ خَلَقَ ٱلسَّمَٰوَٰتِ وَٱلۡأَرۡضَ لَيَقُولُنَّ ٱللَّهُۚ قُلۡ أَفَرَءَيۡتُم مَّا تَدۡعُونَ مِن دُونِ ٱللَّهِ إِنۡ أَرَادَنِيَ ٱللَّهُ بِضُرٍّ هَلۡ هُنَّ كَٰشِفَٰتُ ضُرِّهِۦٓ أَوۡ أَرَادَنِي بِرَحۡمَةٍ هَلۡ هُنَّ مُمۡسِكَٰتُ رَحۡمَتِهِۦۚ قُلۡ حَسۡبِيَ ٱللَّهُۖ عَلَيۡهِ يَتَوَكَّلُ ٱلۡمُتَوَكِّلُونَ</textIndopak>
    <translations>
      <translation>
        <author>Dr. Mustafa Khattab, the Clear Quran</author>
        <text>If you ask them ˹O Prophet˺ who created the heavens and the earth, they will certainly say, “Allah!” Ask ˹them˺, “Consider then whatever ˹idols˺ you invoke besides Allah: if it was Allah’s Will to harm me, could they undo that harm? Or if He willed ˹some˺ mercy for me, could they withhold His mercy?” Say, “Allah is sufficient for me. In Him ˹alone˺ the faithful put their trust.”</text>
      </translation>
    </translations>
    <rules>[{"start": 20, "end": 23, "rule_id": 0}, {"start": 68, "end": 71, "rule_id": 0}, {"start": 101, "end": 104, "rule_id": 0}, {"start": 174, "end": 177, "rule_id": 0}, {"start": 233, "end": 236, "rule_id": 0}, {"start": 108, "end": 110, "rule_id": 1}, {"start": 18, "end": 23, "rule_id": 4}, {"start": 99, "end": 104, "rule_id": 4}, {"start": 6, "end": 10, "rule_id": 6}, {"start": 118, "end": 122, "rule_id": 6}]</rules>
  </verse>
  <verse>
    <verseIdArabic>٣٩</verseIdArabic>
    <verseId>39</verseId>
    <chapterId>39</chapterId>
    <textIndopak>قُلۡ يَٰقَوۡمِ ٱعۡمَلُواْ عَلَىٰ مَكَانَتِكُمۡ إِنِّي عَٰمِلٞۖ فَسَوۡفَ تَعۡلَمُونَ</textIndopak>
    <translations>
      <translation>
        <author>Dr. Mustafa Khattab, the Clear Quran</author>
        <text>Say, ˹O Prophet,˺ “O my people! Persist in your ways, for I ˹too˺ will persist in mine. You will soon come to know</text>
      </translation>
    </translations>
    <rules>[{"start": 49, "end": 52, "rule_id": 0}]</rules>
  </verse>
  <verse>
    <verseIdArabic>٤٠</verseIdArabic>
    <verseId>40</verseId>
    <chapterId>39</chapterId>
    <textIndopak>مَن يَأۡتِيهِ عَذَابٞ يُخۡزِيهِ وَيَحِلُّ عَلَيۡهِ عَذَابٞ مُّقِيمٌ</textIndopak>
    <translations>
      <translation>
        <author>Dr. Mustafa Khattab, the Clear Quran</author>
        <text>who will be visited by a humiliating torment ˹in this life˺ and overwhelmed by an everlasting punishment ˹in the next˺.”</text>
      </translation>
    </translations>
    <rules>[{"start": 59, "end": 62, "rule_id": 0}, {"start": 2, "end": 6, "rule_id": 3}, {"start": 19, "end": 24, "rule_id": 3}, {"start": 56, "end": 62, "rule_id": 3}]</rules>
  </verse>
  <verse>
    <verseIdArabic>٤١</verseIdArabic>
    <verseId>41</verseId>
    <chapterId>39</chapterId>
    <textIndopak>إِنَّآ أَنزَلۡنَا عَلَيۡكَ ٱلۡكِتَٰبَ لِلنَّاسِ بِٱلۡحَقِّۖ فَمَنِ ٱهۡتَدَىٰ فَلِنَفۡسِهِۦۖ وَمَن ضَلَّ فَإِنَّمَا يَضِلُّ عَلَيۡهَاۖ وَمَآ أَنتَ عَلَيۡهِم بِوَكِيلٍ</textIndopak>
    <translations>
      <translation>
        <author>Dr. Mustafa Khattab, the Clear Quran</author>
        <text>Surely We have revealed to you the Book ˹O Prophet˺ with the truth for humanity. So whoever chooses to be guided, it is for their own good. And whoever chooses to stray, it is only to their own loss. You are not a keeper over them.</text>
      </translation>
    </translations>
    <rules>[{"start": 2, "end": 5, "rule_id": 0}, {"start": 42, "end": 45, "rule_id": 0}, {"start": 111, "end": 114, "rule_id": 0}, {"start": 10, "end": 13, "rule_id": 6}, {"start": 99, "end": 103, "rule_id": 6}, {"start": 147, "end": 150, "rule_id": 6}, {"start": 159, "end": 163, "rule_id": 7}]</rules>
  </verse>
  <verse>
    <verseIdArabic>٤٢</verseIdArabic>
    <verseId>42</verseId>
    <chapterId>39</chapterId>
    <textIndopak>ٱللَّهُ يَتَوَفَّى ٱلۡأَنفُسَ حِينَ مَوۡتِهَا وَٱلَّتِي لَمۡ تَمُتۡ فِي مَنَامِهَاۖ فَيُمۡسِكُ ٱلَّتِي قَضَىٰ عَلَيۡهَا ٱلۡمَوۡتَ وَيُرۡسِلُ ٱلۡأُخۡرَىٰٓ إِلَىٰٓ أَجَلٖ مُّسَمًّىۚ إِنَّ فِي ذَٰلِكَ لَأٓيَٰتٖ لِّقَوۡمٖ يَتَفَكَّرُونَ</textIndopak>
    <translations>
      <translation>
        <author>Dr. Mustafa Khattab, the Clear Quran</author>
        <text>˹It is˺ Allah ˹Who˺ calls back the souls ˹of people˺ upon their death as well as ˹the souls˺ of the living during their sleep. Then He keeps those for whom He has ordained death, and releases the others until ˹their˺ appointed time. Surely in this are signs for people who reflect.</text>
      </translation>
    </translations>
    <rules>[{"start": 170, "end": 173, "rule_id": 0}, {"start": 175, "end": 178, "rule_id": 0}, {"start": 184, "end": 187, "rule_id": 0}, {"start": 167, "end": 173, "rule_id": 3}, {"start": 218, "end": 223, "rule_id": 3}, {"start": 208, "end": 214, "rule_id": 5}, {"start": 24, "end": 27, "rule_id": 6}]</rules>
  </verse>
  <verse>
    <verseIdArabic>٤٣</verseIdArabic>
    <verseId>43</verseId>
    <chapterId>39</chapterId>
    <textIndopak>أَمِ ٱتَّخَذُواْ مِن دُونِ ٱللَّهِ شُفَعَآءَۚ قُلۡ أَوَلَوۡ كَانُواْ لَا يَمۡلِكُونَ شَيۡـٔٗا وَلَا يَعۡقِلُونَ</textIndopak>
    <translations>
      <translation>
        <author>Dr. Mustafa Khattab, the Clear Quran</author>
        <text>Or have they taken others besides Allah as intercessors? Say, ˹O Prophet,˺ “˹Would they do so,˺ even though those ˹idols˺ have neither authority nor intelligence?”</text>
      </translation>
    </translations>
    <rules>[{"start": 92, "end": 98, "rule_id": 3}, {"start": 19, "end": 23, "rule_id": 6}]</rules>
  </verse>
  <verse>
    <verseIdArabic>٤٤</verseIdArabic>
    <verseId>44</verseId>
    <chapterId>39</chapterId>
    <textIndopak>قُل لِّلَّهِ ٱلشَّفَٰعَةُ جَمِيعٗاۖ لَّهُۥ مُلۡكُ ٱلسَّمَٰوَٰتِ وَٱلۡأَرۡضِۖ ثُمَّ إِلَيۡهِ تُرۡجَعُونَ</textIndopak>
    <translations>
      <translation>
        <author>Dr. Mustafa Khattab, the Clear Quran</author>
        <text>Say, “All intercession belongs to Allah ˹alone˺. To Him belongs the kingdom of the heavens and the earth. Then to Him you will ˹all˺ be returned.”</text>
      </translation>
    </translations>
    <rules>[{"start": 81, "end": 84, "rule_id": 0}, {"start": 31, "end": 40, "rule_id": 5}]</rules>
  </verse>
  <verse>
    <verseIdArabic>٤٥</verseIdArabic>
    <verseId>45</verseId>
    <chapterId>39</chapterId>
    <textIndopak>وَإِذَا ذُكِرَ ٱللَّهُ وَحۡدَهُ ٱشۡمَأَزَّتۡ قُلُوبُ ٱلَّذِينَ لَا يُؤۡمِنُونَ بِٱلۡأٓخِرَةِۖ وَإِذَا ذُكِرَ ٱلَّذِينَ مِن دُونِهِۦٓ إِذَا هُمۡ يَسۡتَبۡشِرُونَ</textIndopak>
    <translations>
      <translation>
        <author>Dr. Mustafa Khattab, the Clear Quran</author>
        <text>Yet when Allah alone is mentioned, the hearts of those who disbelieve in the Hereafter are filled with disgust. But as soon as those ˹gods˺ other than Him are mentioned, they are filled with joy.</text>
      </translation>
    </translations>
    <rules>[{"start": 152, "end": 154, "rule_id": 1}, {"start": 123, "end": 127, "rule_id": 6}]</rules>
  </verse>
  <verse>
    <verseIdArabic>٤٦</verseIdArabic>
    <verseId>46</verseId>
    <chapterId>39</chapterId>
    <textIndopak>قُلِ ٱللَّهُمَّ فَاطِرَ ٱلسَّمَٰوَٰتِ وَٱلۡأَرۡضِ عَٰلِمَ ٱلۡغَيۡبِ وَٱلشَّهَٰدَةِ أَنتَ تَحۡكُمُ بَيۡنَ عِبَادِكَ فِي مَا كَانُواْ فِيهِ يَخۡتَلِفُونَ</textIndopak>
    <translations>
      <translation>
        <author>Dr. Mustafa Khattab, the Clear Quran</author>
        <text>Say, ˹O Prophet,˺ “O Allah—Originator of the heavens and the earth, Knower of the seen and unseen! You will judge between Your servants regarding their differences.”</text>
      </translation>
    </translations>
    <rules>[{"start": 12, "end": 15, "rule_id": 0}, {"start": 85, "end": 88, "rule_id": 6}]</rules>
  </verse>
  <verse>
    <verseIdArabic>٤٧</verseIdArabic>
    <verseId>47</verseId>
    <chapterId>39</chapterId>
    <textIndopak>وَلَوۡ أَنَّ لِلَّذِينَ ظَلَمُواْ مَا فِي ٱلۡأَرۡضِ جَمِيعٗا وَمِثۡلَهُۥ مَعَهُۥ لَٱفۡتَدَوۡاْ بِهِۦ مِن سُوٓءِ ٱلۡعَذَابِ يَوۡمَ ٱلۡقِيَٰمَةِۚ وَبَدَا لَهُم مِّنَ ٱللَّهِ مَا لَمۡ يَكُونُواْ يَحۡتَسِبُونَ</textIndopak>
    <translations>
      <translation>
        <author>Dr. Mustafa Khattab, the Clear Quran</author>
        <text>Even if the wrongdoers were to possess everything in the world twice over, they would certainly offer it to ransom themselves from the horrible punishment on Judgment Day, for they will see from Allah what they had never expected.</text>
      </translation>
    </translations>
    <rules>[{"start": 9, "end": 12, "rule_id": 0}, {"start": 159, "end": 162, "rule_id": 0}, {"start": 57, "end": 63, "rule_id": 3}, {"start": 157, "end": 162, "rule_id": 4}, {"start": 103, "end": 107, "rule_id": 6}]</rules>
  </verse>
  <verse>
    <verseIdArabic>٤٨</verseIdArabic>
    <verseId>48</verseId>
    <chapterId>39</chapterId>
    <textIndopak>وَبَدَا لَهُمۡ سَيِّـَٔاتُ مَا كَسَبُواْ وَحَاقَ بِهِم مَّا كَانُواْ بِهِۦ يَسۡتَهۡزِءُونَ</textIndopak>
    <translations>
      <translation>
        <author>Dr. Mustafa Khattab, the Clear Quran</author>
        <text>And the evil ˹consequences˺ of their deeds will unfold before them, and they will be overwhelmed by what they used to ridicule.</text>
      </translation>
    </translations>
    <rules>[{"start": 55, "end": 58, "rule_id": 0}, {"start": 53, "end": 58, "rule_id": 4}]</rules>
  </verse>
  <verse>
    <verseIdArabic>٤٩</verseIdArabic>
    <verseId>49</verseId>
    <chapterId>39</chapterId>
    <textIndopak>فَإِذَا مَسَّ ٱلۡإِنسَٰنَ ضُرّٞ دَعَانَا ثُمَّ إِذَا خَوَّلۡنَٰهُ نِعۡمَةٗ مِّنَّا قَالَ إِنَّمَآ أُوتِيتُهُۥ عَلَىٰ عِلۡمِۭۚ بَلۡ هِيَ فِتۡنَةٞ وَلَٰكِنَّ أَكۡثَرَهُمۡ لَا يَعۡلَمُونَ</textIndopak>
    <translations>
      <translation>
        <author>Dr. Mustafa Khattab, the Clear Quran</author>
        <text>When one is touched with hardship, they cry out to Us ˹alone˺. Then when We shower Our blessings upon them, they say, “I have been granted all this only because of ˹my˺ knowledge.” Not at all! It is ˹no more than˺ a test. But most of them do not know.</text>
      </translation>
    </translations>
    <rules>[{"start": 43, "end": 46, "rule_id": 0}, {"start": 75, "end": 78, "rule_id": 0}, {"start": 78, "end": 81, "rule_id": 0}, {"start": 91, "end": 94, "rule_id": 0}, {"start": 154, "end": 157, "rule_id": 0}, {"start": 72, "end": 78, "rule_id": 3}, {"start": 144, "end": 149, "rule_id": 3}, {"start": 19, "end": 23, "rule_id": 6}, {"start": 28, "end": 34, "rule_id": 6}]</rules>
  </verse>
  <verse>
    <verseIdArabic>٥٠</verseIdArabic>
    <verseId>50</verseId>
    <chapterId>39</chapterId>
    <textIndopak>قَدۡ قَالَهَا ٱلَّذِينَ مِن قَبۡلِهِمۡ فَمَآ أَغۡنَىٰ عَنۡهُم مَّا كَانُواْ يَكۡسِبُونَ</textIndopak>
    <translations>
      <translation>
        <author>Dr. Mustafa Khattab, the Clear Quran</author>
        <text>The same had already been said by those ˹destroyed˺ before them, but their ˹worldly˺ gains were of no benefit to them.</text>
      </translation>
    </translations>
    <rules>[{"start": 63, "end": 66, "rule_id": 0}, {"start": 2, "end": 4, "rule_id": 1}, {"start": 30, "end": 32, "rule_id": 1}, {"start": 61, "end": 66, "rule_id": 4}, {"start": 26, "end": 30, "rule_id": 6}]</rules>
  </verse>
  <verse>
    <verseIdArabic>٥١</verseIdArabic>
    <verseId>51</verseId>
    <chapterId>39</chapterId>
    <textIndopak>فَأَصَابَهُمۡ سَيِّـَٔاتُ مَا كَسَبُواْۚ وَٱلَّذِينَ ظَلَمُواْ مِنۡ هَٰٓؤُلَآءِ سَيُصِيبُهُمۡ سَيِّـَٔاتُ مَا كَسَبُواْ وَمَا هُم بِمُعۡجِزِينَ</textIndopak>
    <translations>
      <translation>
        <author>Dr. Mustafa Khattab, the Clear Quran</author>
        <text>So the evil ˹consequences˺ of their deeds overtook them. And the wrongdoers among these ˹pagans˺ will be overtaken by the evil ˹consequences˺ of their deeds. And they will have no escape.</text>
      </translation>
    </translations>
    <rules>[{"start": 130, "end": 134, "rule_id": 7}]</rules>
  </verse>
  <verse>
    <verseIdArabic>٥٢</verseIdArabic>
    <verseId>52</verseId>
    <chapterId>39</chapterId>
    <textIndopak>أَوَلَمۡ يَعۡلَمُوٓاْ أَنَّ ٱللَّهَ يَبۡسُطُ ٱلرِّزۡقَ لِمَن يَشَآءُ وَيَقۡدِرُۚ إِنَّ فِي ذَٰلِكَ لَأٓيَٰتٖ لِّقَوۡمٖ يُؤۡمِنُونَ</textIndopak>
    <translations>
      <translation>
        <author>Dr. Mustafa Khattab, the Clear Quran</author>
        <text>Do they not know that Allah gives abundant or limited provisions to whoever He wills? Surely in this are signs for people who believe.</text>
      </translation>
    </translations>
    <rules>[{"start": 24, "end": 27, "rule_id": 0}, {"start": 85, "end": 88, "rule_id": 0}, {"start": 38, "end": 40, "rule_id": 1}, {"start": 74, "end": 76, "rule_id": 1}, {"start": 59, "end": 63, "rule_id": 3}, {"start": 119, "end": 124, "rule_id": 3}, {"start": 109, "end": 115, "rule_id": 5}]</rules>
  </verse>
  <verse>
    <verseIdArabic>٥٣</verseIdArabic>
    <verseId>53</verseId>
    <chapterId>39</chapterId>
    <textIndopak>۞ قُلۡ يَٰعِبَادِيَ ٱلَّذِينَ أَسۡرَفُواْ عَلَىٰٓ أَنفُسِهِمۡ لَا تَقۡنَطُواْ مِن رَّحۡمَةِ ٱللَّهِۚ إِنَّ ٱللَّهَ يَغۡفِرُ ٱلذُّنُوبَ جَمِيعًاۚ إِنَّهُۥ هُوَ ٱلۡغَفُورُ ٱلرَّحِيمُ</textIndopak>
    <translations>
      <translation>
        <author>Dr. Mustafa Khattab, the Clear Quran</author>
        <text>Say, ˹O Prophet, that Allah says,˺ “O My servants who have exceeded the limits against their souls! Do not lose hope in Allah’s mercy, for Allah certainly forgives all sins. He is indeed the All-Forgiving, Most Merciful.</text>
      </translation>
    </translations>
    <rules>[{"start": 104, "end": 107, "rule_id": 0}, {"start": 149, "end": 152, "rule_id": 0}, {"start": 68, "end": 70, "rule_id": 1}, {"start": 80, "end": 85, "rule_id": 5}, {"start": 52, "end": 55, "rule_id": 6}]</rules>
  </verse>
  <verse>
    <verseIdArabic>٥٤</verseIdArabic>
    <verseId>54</verseId>
    <chapterId>39</chapterId>
    <textIndopak>وَأَنِيبُوٓاْ إِلَىٰ رَبِّكُمۡ وَأَسۡلِمُواْ لَهُۥ مِن قَبۡلِ أَن يَأۡتِيَكُمُ ٱلۡعَذَابُ ثُمَّ لَا تُنصَرُونَ</textIndopak>
    <translations>
      <translation>
        <author>Dr. Mustafa Khattab, the Clear Quran</author>
        <text>Turn to your Lord ˹in repentance˺, and ˹fully˺ submit to Him before the punishment reaches you, ˹for˺ then you will not be helped.</text>
      </translation>
    </translations>
    <rules>[{"start": 92, "end": 95, "rule_id": 0}, {"start": 57, "end": 59, "rule_id": 1}, {"start": 64, "end": 68, "rule_id": 3}, {"start": 53, "end": 57, "rule_id": 6}, {"start": 102, "end": 105, "rule_id": 6}]</rules>
  </verse>
  <verse>
    <verseIdArabic>٥٥</verseIdArabic>
    <verseId>55</verseId>
    <chapterId>39</chapterId>
    <textIndopak>وَٱتَّبِعُوٓاْ أَحۡسَنَ مَآ أُنزِلَ إِلَيۡكُم مِّن رَّبِّكُم مِّن قَبۡلِ أَن يَأۡتِيَكُمُ ٱلۡعَذَابُ بَغۡتَةٗ وَأَنتُمۡ لَا تَشۡعُرُونَ</textIndopak>
    <translations>
      <translation>
        <author>Dr. Mustafa Khattab, the Clear Quran</author>
        <text>Follow ˹the Quran,˺ the best of what has been revealed to you from your Lord, before the punishment takes you by surprise while you are unaware,</text>
      </translation>
    </translations>
    <rules>[{"start": 47, "end": 50, "rule_id": 0}, {"start": 62, "end": 65, "rule_id": 0}, {"start": 69, "end": 71, "rule_id": 1}, {"start": 76, "end": 80, "rule_id": 3}, {"start": 108, "end": 113, "rule_id": 3}, {"start": 45, "end": 50, "rule_id": 4}, {"start": 60, "end": 65, "rule_id": 4}, {"start": 50, "end": 55, "rule_id": 5}, {"start": 31, "end": 34, "rule_id": 6}, {"start": 65, "end": 69, "rule_id": 6}, {"start": 115, "end": 118, "rule_id": 6}]</rules>
  </verse>
  <verse>
    <verseIdArabic>٥٦</verseIdArabic>
    <verseId>56</verseId>
    <chapterId>39</chapterId>
    <textIndopak>أَن تَقُولَ نَفۡسٞ يَٰحَسۡرَتَىٰ عَلَىٰ مَا فَرَّطتُ فِي جَنۢبِ ٱللَّهِ وَإِن كُنتُ لَمِنَ ٱلسَّٰخِرِينَ</textIndopak>
    <translations>
      <translation>
        <author>Dr. Mustafa Khattab, the Clear Quran</author>
        <text>so that no ˹sinful˺ soul will say ˹on Judgment Day˺, ‘Woe to me for neglecting ˹my duties towards˺ Allah, while ridiculing ˹the truth˺.’</text>
      </translation>
    </translations>
    <rules>[{"start": 59, "end": 63, "rule_id": 2}, {"start": 16, "end": 22, "rule_id": 3}, {"start": 2, "end": 6, "rule_id": 6}, {"start": 76, "end": 80, "rule_id": 6}, {"start": 80, "end": 83, "rule_id": 6}]</rules>
  </verse>
  <verse>
    <verseIdArabic>٥٧</verseIdArabic>
    <verseId>57</verseId>
    <chapterId>39</chapterId>
    <textIndopak>أَوۡ تَقُولَ لَوۡ أَنَّ ٱللَّهَ هَدَىٰنِي لَكُنتُ مِنَ ٱلۡمُتَّقِينَ</textIndopak>
    <translations>
      <translation>
        <author>Dr. Mustafa Khattab, the Clear Quran</author>
        <text>Or ˹a soul will˺ say, ‘If only Allah had guided me, I would have certainly been one of the righteous.’</text>
      </translation>
    </translations>
    <rules>[{"start": 20, "end": 23, "rule_id": 0}, {"start": 46, "end": 49, "rule_id": 6}]</rules>
  </verse>
  <verse>
    <verseIdArabic>٥٨</verseIdArabic>
    <verseId>58</verseId>
    <chapterId>39</chapterId>
    <textIndopak>أَوۡ تَقُولَ حِينَ تَرَى ٱلۡعَذَابَ لَوۡ أَنَّ لِي كَرَّةٗ فَأَكُونَ مِنَ ٱلۡمُحۡسِنِينَ</textIndopak>
    <translations>
      <translation>
        <author>Dr. Mustafa Khattab, the Clear Quran</author>
        <text>Or say, upon seeing the torment, ‘If only I had a second chance, I would have been one of the good-doers.’</text>
      </translation>
    </translations>
    <rules>[{"start": 43, "end": 46, "rule_id": 0}, {"start": 56, "end": 61, "rule_id": 6}]</rules>
  </verse>
  <verse>
    <verseIdArabic>٥٩</verseIdArabic>
    <verseId>59</verseId>
    <chapterId>39</chapterId>
    <textIndopak>بَلَىٰ قَدۡ جَآءَتۡكَ ءَايَٰتِي فَكَذَّبۡتَ بِهَا وَٱسۡتَكۡبَرۡتَ وَكُنتَ مِنَ ٱلۡكَٰفِرِينَ</textIndopak>
    <translations>
      <translation>
        <author>Dr. Mustafa Khattab, the Clear Quran</author>
        <text>Not at all! My revelations had already come to you, but you rejected them, acted arrogantly, and were one of the disbelievers.”</text>
      </translation>
    </translations>
    <rules>[{"start": 9, "end": 11, "rule_id": 1}, {"start": 40, "end": 42, "rule_id": 1}, {"start": 71, "end": 74, "rule_id": 6}]</rules>
  </verse>
  <verse>
    <verseIdArabic>٦٠</verseIdArabic>
    <verseId>60</verseId>
    <chapterId>39</chapterId>
    <textIndopak>وَيَوۡمَ ٱلۡقِيَٰمَةِ تَرَى ٱلَّذِينَ كَذَبُواْ عَلَى ٱللَّهِ وُجُوهُهُم مُّسۡوَدَّةٌۚ أَلَيۡسَ فِي جَهَنَّمَ مَثۡوٗى لِّلۡمُتَكَبِّرِينَ</textIndopak>
    <translations>
      <translation>
        <author>Dr. Mustafa Khattab, the Clear Quran</author>
        <text>On the Day of Judgment you will see those who lied about Allah with their faces gloomy. Is Hell not a ˹fitting˺ home for the arrogant?</text>
      </translation>
    </translations>
    <rules>[{"start": 73, "end": 76, "rule_id": 0}, {"start": 105, "end": 108, "rule_id": 0}, {"start": 71, "end": 76, "rule_id": 4}]</rules>
  </verse>
  <verse>
    <verseIdArabic>٦١</verseIdArabic>
    <verseId>61</verseId>
    <chapterId>39</chapterId>
    <textIndopak>وَيُنَجِّي ٱللَّهُ ٱلَّذِينَ ٱتَّقَوۡاْ بِمَفَازَتِهِمۡ لَا يَمَسُّهُمُ ٱلسُّوٓءُ وَلَا هُمۡ يَحۡزَنُونَ</textIndopak>
    <translations>
      <translation>
        <author>Dr. Mustafa Khattab, the Clear Quran</author>
        <text>And Allah will deliver those who were mindful ˹of Him˺ to their place of ˹ultimate˺ triumph. No evil will touch them, nor will they grieve.</text>
      </translation>
    </translations>
  </verse>
  <verse>
    <verseIdArabic>٦٢</verseIdArabic>
    <verseId>62</verseId>
    <chapterId>39</chapterId>
    <textIndopak>ٱللَّهُ خَٰلِقُ كُلِّ شَيۡءٖۖ وَهُوَ عَلَىٰ كُلِّ شَيۡءٖ وَكِيلٞ</textIndopak>
    <translations>
      <translation>
        <author>Dr. Mustafa Khattab, the Clear Quran</author>
        <text>Allah is the Creator of all things, and He is the Maintainer of everything.</text>
      </translation>
    </translations>
    <rules>[{"start": 26, "end": 33, "rule_id": 3}, {"start": 55, "end": 60, "rule_id": 3}]</rules>
  </verse>
  <verse>
    <verseIdArabic>٦٣</verseIdArabic>
    <verseId>63</verseId>
    <chapterId>39</chapterId>
    <textIndopak>لَّهُۥ مَقَالِيدُ ٱلسَّمَٰوَٰتِ وَٱلۡأَرۡضِۗ وَٱلَّذِينَ كَفَرُواْ بِـَٔايَٰتِ ٱللَّهِ أُوْلَٰٓئِكَ هُمُ ٱلۡخَٰسِرُونَ</textIndopak>
    <translations>
      <translation>
        <author>Dr. Mustafa Khattab, the Clear Quran</author>
        <text>To Him belong the keys ˹of the treasuries˺ of the heavens and the earth. As for those who rejected the signs of Allah, it is they who will be the ˹true˺ losers.</text>
      </translation>
    </translations>
  </verse>
  <verse>
    <verseIdArabic>٦٤</verseIdArabic>
    <verseId>64</verseId>
    <chapterId>39</chapterId>
    <textIndopak>قُلۡ أَفَغَيۡرَ ٱللَّهِ تَأۡمُرُوٓنِّيٓ أَعۡبُدُ أَيُّهَا ٱلۡجَٰهِلُونَ</textIndopak>
    <translations>
      <translation>
        <author>Dr. Mustafa Khattab, the Clear Quran</author>
        <text>Say, ˹O Prophet,˺ “Are you urging me to worship ˹anyone˺ other than Allah, O ignorant ones?”</text>
      </translation>
    </translations>
    <rules>[{"start": 34, "end": 37, "rule_id": 0}]</rules>
  </verse>
  <verse>
    <verseIdArabic>٦٥</verseIdArabic>
    <verseId>65</verseId>
    <chapterId>39</chapterId>
    <textIndopak>وَلَقَدۡ أُوحِيَ إِلَيۡكَ وَإِلَى ٱلَّذِينَ مِن قَبۡلِكَ لَئِنۡ أَشۡرَكۡتَ لَيَحۡبَطَنَّ عَمَلُكَ وَلَتَكُونَنَّ مِنَ ٱلۡخَٰسِرِينَ</textIndopak>
    <translations>
      <translation>
        <author>Dr. Mustafa Khattab, the Clear Quran</author>
        <text>It has already been revealed to you—and to those ˹prophets˺ before you—that if you associate others ˹with Allah˺, your deeds will certainly be void and you will truly be one of the losers.</text>
      </translation>
    </translations>
    <rules>[{"start": 85, "end": 88, "rule_id": 0}, {"start": 109, "end": 112, "rule_id": 0}, {"start": 6, "end": 8, "rule_id": 1}, {"start": 50, "end": 52, "rule_id": 1}, {"start": 46, "end": 50, "rule_id": 6}]</rules>
  </verse>
  <verse>
    <verseIdArabic>٦٦</verseIdArabic>
    <verseId>66</verseId>
    <chapterId>39</chapterId>
    <textIndopak>بَلِ ٱللَّهَ فَٱعۡبُدۡ وَكُن مِّنَ ٱلشَّٰكِرِينَ</textIndopak>
    <translations>
      <translation>
        <author>Dr. Mustafa Khattab, the Clear Quran</author>
        <text>Rather, worship Allah ˹alone˺ and be one of the grateful.</text>
      </translation>
    </translations>
    <rules>[{"start": 29, "end": 32, "rule_id": 0}, {"start": 20, "end": 22, "rule_id": 1}, {"start": 27, "end": 32, "rule_id": 3}]</rules>
  </verse>
  <verse>
    <verseIdArabic>٦٧</verseIdArabic>
    <verseId>67</verseId>
    <chapterId>39</chapterId>
    <textIndopak>وَمَا قَدَرُواْ ٱللَّهَ حَقَّ قَدۡرِهِۦ وَٱلۡأَرۡضُ جَمِيعٗا قَبۡضَتُهُۥ يَوۡمَ ٱلۡقِيَٰمَةِ وَٱلسَّمَٰوَٰتُ مَطۡوِيَّٰتُۢ بِيَمِينِهِۦۚ سُبۡحَٰنَهُۥ وَتَعَٰلَىٰ عَمَّا يُشۡرِكُونَ</textIndopak>
    <translations>
      <translation>
        <author>Dr. Mustafa Khattab, the Clear Quran</author>
        <text>They have not shown Allah His proper reverence—when on the Day of Judgment the ˹whole˺ earth will be in His Grip, and the heavens will be rolled up in His Right Hand. Glorified and Exalted is He above what they associate ˹with Him˺!</text>
      </translation>
    </translations>
    <rules>[{"start": 165, "end": 168, "rule_id": 0}, {"start": 32, "end": 34, "rule_id": 1}, {"start": 63, "end": 65, "rule_id": 1}, {"start": 111, "end": 113, "rule_id": 1}, {"start": 140, "end": 142, "rule_id": 1}, {"start": 119, "end": 125, "rule_id": 2}]</rules>
  </verse>
  <verse>
    <verseIdArabic>٦٨</verseIdArabic>
    <verseId>68</verseId>
    <chapterId>39</chapterId>
    <textIndopak>وَنُفِخَ فِي ٱلصُّورِ فَصَعِقَ مَن فِي ٱلسَّمَٰوَٰتِ وَمَن فِي ٱلۡأَرۡضِ إِلَّا مَن شَآءَ ٱللَّهُۖ ثُمَّ نُفِخَ فِيهِ أُخۡرَىٰ فَإِذَا هُمۡ قِيَامٞ يَنظُرُونَ</textIndopak>
    <translations>
      <translation>
        <author>Dr. Mustafa Khattab, the Clear Quran</author>
        <text>The Trumpet will be blown and all those in the heavens and all those on the earth will fall dead, except those Allah wills ˹to spare˺. Then it will be blown again and they will rise up at once, looking on ˹in anticipation˺.</text>
      </translation>
    </translations>
    <rules>[{"start": 103, "end": 106, "rule_id": 0}, {"start": 147, "end": 152, "rule_id": 3}, {"start": 33, "end": 37, "rule_id": 6}, {"start": 57, "end": 61, "rule_id": 6}, {"start": 82, "end": 86, "rule_id": 6}, {"start": 152, "end": 155, "rule_id": 6}]</rules>
  </verse>
  <verse>
    <verseIdArabic>٦٩</verseIdArabic>
    <verseId>69</verseId>
    <chapterId>39</chapterId>
    <textIndopak>وَأَشۡرَقَتِ ٱلۡأَرۡضُ بِنُورِ رَبِّهَا وَوُضِعَ ٱلۡكِتَٰبُ وَجِاْيٓءَ بِٱلنَّبِيِّـۧنَ وَٱلشُّهَدَآءِ وَقُضِيَ بَيۡنَهُم بِٱلۡحَقِّ وَهُمۡ لَا يُظۡلَمُونَ</textIndopak>
    <translations>
      <translation>
        <author>Dr. Mustafa Khattab, the Clear Quran</author>
        <text>The earth will shine with the light of its Lord, the record ˹of deeds˺ will be laid ˹open˺, the prophets and the witnesses will be brought forward—and judgment will be passed on all with fairness. None will be wronged.</text>
      </translation>
    </translations>
    <rules>[{"start": 75, "end": 78, "rule_id": 0}, {"start": 120, "end": 124, "rule_id": 7}]</rules>
  </verse>
  <verse>
    <verseIdArabic>٧٠</verseIdArabic>
    <verseId>70</verseId>
    <chapterId>39</chapterId>
    <textIndopak>وَوُفِّيَتۡ كُلُّ نَفۡسٖ مَّا عَمِلَتۡ وَهُوَ أَعۡلَمُ بِمَا يَفۡعَلُونَ</textIndopak>
    <translations>
      <translation>
        <author>Dr. Mustafa Khattab, the Clear Quran</author>
        <text>Every soul will be paid in full for its deeds, for Allah knows best what they have done.</text>
      </translation>
    </translations>
    <rules>[{"start": 25, "end": 28, "rule_id": 0}, {"start": 22, "end": 28, "rule_id": 3}]</rules>
  </verse>
  <verse>
    <verseIdArabic>٧١</verseIdArabic>
    <verseId>71</verseId>
    <chapterId>39</chapterId>
    <textIndopak>وَسِيقَ ٱلَّذِينَ كَفَرُوٓاْ إِلَىٰ جَهَنَّمَ زُمَرًاۖ حَتَّىٰٓ إِذَا جَآءُوهَا فُتِحَتۡ أَبۡوَٰبُهَا وَقَالَ لَهُمۡ خَزَنَتُهَآ أَلَمۡ يَأۡتِكُمۡ رُسُلٞ مِّنكُمۡ يَتۡلُونَ عَلَيۡكُمۡ ءَايَٰتِ رَبِّكُمۡ وَيُنذِرُونَكُمۡ لِقَآءَ يَوۡمِكُمۡ هَٰذَاۚ قَالُواْ بَلَىٰ وَلَٰكِنۡ حَقَّتۡ كَلِمَةُ ٱلۡعَذَابِ عَلَى ٱلۡكَٰفِرِينَ</textIndopak>
    <translations>
      <translation>
        <author>Dr. Mustafa Khattab, the Clear Quran</author>
        <text>Those who disbelieved will be driven to Hell in ˹successive˺ groups. When they arrive there, its gates will be opened and its keepers will ask them: “Did messengers not come to you from among yourselves, reciting to you the revelations of your Lord and warning you of the coming of this Day of yours?” The disbelievers will cry, “Yes ˹indeed˺! But the decree of torment has come to pass against the disbelievers.”</text>
      </translation>
    </translations>
    <rules>[{"start": 40, "end": 43, "rule_id": 0}, {"start": 157, "end": 160, "rule_id": 0}, {"start": 93, "end": 95, "rule_id": 1}, {"start": 154, "end": 160, "rule_id": 3}, {"start": 160, "end": 163, "rule_id": 6}, {"start": 210, "end": 213, "rule_id": 6}]</rules>
  </verse>
  <verse>
    <verseIdArabic>٧٢</verseIdArabic>
    <verseId>72</verseId>
    <chapterId>39</chapterId>
    <textIndopak>قِيلَ ٱدۡخُلُوٓاْ أَبۡوَٰبَ جَهَنَّمَ خَٰلِدِينَ فِيهَاۖ فَبِئۡسَ مَثۡوَى ٱلۡمُتَكَبِّرِينَ</textIndopak>
    <translations>
      <translation>
        <author>Dr. Mustafa Khattab, the Clear Quran</author>
        <text>It will be said to them, “Enter the gates of Hell, to stay there forever.” What an evil home for the arrogant!</text>
      </translation>
    </translations>
    <rules>[{"start": 32, "end": 35, "rule_id": 0}, {"start": 7, "end": 9, "rule_id": 1}, {"start": 20, "end": 22, "rule_id": 1}]</rules>
  </verse>
  <verse>
    <verseIdArabic>٧٣</verseIdArabic>
    <verseId>73</verseId>
    <chapterId>39</chapterId>
    <textIndopak>وَسِيقَ ٱلَّذِينَ ٱتَّقَوۡاْ رَبَّهُمۡ إِلَى ٱلۡجَنَّةِ زُمَرًاۖ حَتَّىٰٓ إِذَا جَآءُوهَا وَفُتِحَتۡ أَبۡوَٰبُهَا وَقَالَ لَهُمۡ خَزَنَتُهَا سَلَٰمٌ عَلَيۡكُمۡ طِبۡتُمۡ فَٱدۡخُلُوهَا خَٰلِدِينَ</textIndopak>
    <translations>
      <translation>
        <author>Dr. Mustafa Khattab, the Clear Quran</author>
        <text>And those who were mindful of their Lord will be led to Paradise in ˹successive˺ groups. When they arrive at its ˹already˺ open gates, its keepers will say, “Peace be upon you! You have done well, so come in, to stay forever.”</text>
      </translation>
    </translations>
    <rules>[{"start": 50, "end": 53, "rule_id": 0}, {"start": 105, "end": 107, "rule_id": 1}, {"start": 164, "end": 166, "rule_id": 1}, {"start": 174, "end": 176, "rule_id": 1}]</rules>
  </verse>
  <verse>
    <verseIdArabic>٧٤</verseIdArabic>
    <verseId>74</verseId>
    <chapterId>39</chapterId>
    <textIndopak>وَقَالُواْ ٱلۡحَمۡدُ لِلَّهِ ٱلَّذِي صَدَقَنَا وَعۡدَهُۥ وَأَوۡرَثَنَا ٱلۡأَرۡضَ نَتَبَوَّأُ مِنَ ٱلۡجَنَّةِ حَيۡثُ نَشَآءُۖ فَنِعۡمَ أَجۡرُ ٱلۡعَٰمِلِينَ</textIndopak>
    <translations>
      <translation>
        <author>Dr. Mustafa Khattab, the Clear Quran</author>
        <text>The righteous will say, “Praise be to Allah Who has fulfilled His promise to us, and made us inherit the ˹everlasting˺ land to settle in Paradise wherever we please.” How excellent is the reward of those who work ˹righteousness˺!</text>
      </translation>
    </translations>
    <rules>[{"start": 103, "end": 106, "rule_id": 0}, {"start": 138, "end": 140, "rule_id": 1}]</rules>
  </verse>
  <verse>
    <verseIdArabic>٧٥</verseIdArabic>
    <verseId>75</verseId>
    <chapterId>39</chapterId>
    <textIndopak>وَتَرَى ٱلۡمَلَٰٓئِكَةَ حَآفِّينَ مِنۡ حَوۡلِ ٱلۡعَرۡشِ يُسَبِّحُونَ بِحَمۡدِ رَبِّهِمۡۚ وَقُضِيَ بَيۡنَهُم بِٱلۡحَقِّۚ وَقِيلَ ٱلۡحَمۡدُ لِلَّهِ رَبِّ ٱلۡعَٰلَمِينَ</textIndopak>
    <translations>
      <translation>
        <author>Dr. Mustafa Khattab, the Clear Quran</author>
        <text>You will see the angels all around the Throne, glorifying the praises of their Lord, for judgment will have been passed on all with fairness. And it will be said, “Praise be to Allah—Lord of all worlds!”</text>
      </translation>
    </translations>
    <rules>[{"start": 108, "end": 112, "rule_id": 7}]</rules>
  </verse>
</verses>
