<?xml version="1.0" encoding="UTF-8"?>

<verses>
  <verse>
    <verseIdArabic>١</verseIdArabic>
    <verseId>1</verseId>
    <chapterId>40</chapterId>
    <textIndopak>حمٓ</textIndopak>
    <translations>
      <translation>
        <author>Dr. Mustafa Khattab, the Clear Quran</author>
        <text>Ḥâ-Mĩm.</text>
      </translation>
    </translations>
  </verse>
  <verse>
    <verseIdArabic>٢</verseIdArabic>
    <verseId>2</verseId>
    <chapterId>40</chapterId>
    <textIndopak>تَنزِيلُ ٱلۡكِتَٰبِ مِنَ ٱللَّهِ ٱلۡعَزِيزِ ٱلۡعَلِيمِ</textIndopak>
    <translations>
      <translation>
        <author>Dr. Mustafa Khattab, the Clear Quran</author>
        <text>The revelation of this Book is from Allah—the Almighty, All-Knowing,</text>
      </translation>
    </translations>
    <rules>[{"start": 2, "end": 5, "rule_id": 6}]</rules>
  </verse>
  <verse>
    <verseIdArabic>٣</verseIdArabic>
    <verseId>3</verseId>
    <chapterId>40</chapterId>
    <textIndopak>غَافِرِ ٱلذَّنۢبِ وَقَابِلِ ٱلتَّوۡبِ شَدِيدِ ٱلۡعِقَابِ ذِي ٱلطَّوۡلِۖ لَآ إِلَٰهَ إِلَّا هُوَۖ إِلَيۡهِ ٱلۡمَصِيرُ</textIndopak>
    <translations>
      <translation>
        <author>Dr. Mustafa Khattab, the Clear Quran</author>
        <text>the Forgiver of sin and Accepter of repentance, the Severe in punishment, and Infinite in bounty. There is no god ˹worthy of worship˺ except Him. To Him ˹alone˺ is the final return.</text>
      </translation>
    </translations>
    <rules>[{"start": 13, "end": 17, "rule_id": 2}]</rules>
  </verse>
  <verse>
    <verseIdArabic>٤</verseIdArabic>
    <verseId>4</verseId>
    <chapterId>40</chapterId>
    <textIndopak>مَا يُجَٰدِلُ فِيٓ ءَايَٰتِ ٱللَّهِ إِلَّا ٱلَّذِينَ كَفَرُواْ فَلَا يَغۡرُرۡكَ تَقَلُّبُهُمۡ فِي ٱلۡبِلَٰدِ</textIndopak>
    <translations>
      <translation>
        <author>Dr. Mustafa Khattab, the Clear Quran</author>
        <text>None disputes the signs of Allah except the disbelievers, so do not be deceived by their prosperity throughout the land.</text>
      </translation>
    </translations>
    <rules>[{"start": 106, "end": 108, "rule_id": 1}]</rules>
  </verse>
  <verse>
    <verseIdArabic>٥</verseIdArabic>
    <verseId>5</verseId>
    <chapterId>40</chapterId>
    <textIndopak>كَذَّبَتۡ قَبۡلَهُمۡ قَوۡمُ نُوحٖ وَٱلۡأَحۡزَابُ مِنۢ بَعۡدِهِمۡۖ وَهَمَّتۡ كُلُّ أُمَّةِۭ بِرَسُولِهِمۡ لِيَأۡخُذُوهُۖ وَجَٰدَلُواْ بِٱلۡبَٰطِلِ لِيُدۡحِضُواْ بِهِ ٱلۡحَقَّ فَأَخَذۡتُهُمۡۖ فَكَيۡفَ كَانَ عِقَابِ</textIndopak>
    <translations>
      <translation>
        <author>Dr. Mustafa Khattab, the Clear Quran</author>
        <text>Before them, the people of Noah denied ˹the truth˺, as did ˹other˺ enemy forces afterwards. Every community plotted against its prophet to seize him, and argued in falsehood, ˹hoping˺ to discredit the truth with it. So I seized them. And how ˹horrible˺ was My punishment!</text>
      </translation>
    </translations>
    <rules>[{"start": 71, "end": 74, "rule_id": 0}, {"start": 85, "end": 88, "rule_id": 0}, {"start": 12, "end": 14, "rule_id": 1}, {"start": 152, "end": 154, "rule_id": 1}, {"start": 213, "end": 215, "rule_id": 1}, {"start": 51, "end": 56, "rule_id": 2}, {"start": 88, "end": 94, "rule_id": 2}, {"start": 31, "end": 36, "rule_id": 3}]</rules>
  </verse>
  <verse>
    <verseIdArabic>٦</verseIdArabic>
    <verseId>6</verseId>
    <chapterId>40</chapterId>
    <textIndopak>وَكَذَٰلِكَ حَقَّتۡ كَلِمَتُ رَبِّكَ عَلَى ٱلَّذِينَ كَفَرُوٓاْ أَنَّهُمۡ أَصۡحَٰبُ ٱلنَّارِ</textIndopak>
    <translations>
      <translation>
        <author>Dr. Mustafa Khattab, the Clear Quran</author>
        <text>And so your Lord’s decree has been proven true against the disbelievers—that they will be the inmates of the Fire.</text>
      </translation>
    </translations>
    <rules>[{"start": 66, "end": 69, "rule_id": 0}, {"start": 86, "end": 89, "rule_id": 0}]</rules>
  </verse>
  <verse>
    <verseIdArabic>٧</verseIdArabic>
    <verseId>7</verseId>
    <chapterId>40</chapterId>
    <textIndopak>ٱلَّذِينَ يَحۡمِلُونَ ٱلۡعَرۡشَ وَمَنۡ حَوۡلَهُۥ يُسَبِّحُونَ بِحَمۡدِ رَبِّهِمۡ وَيُؤۡمِنُونَ بِهِۦ وَيَسۡتَغۡفِرُونَ لِلَّذِينَ ءَامَنُواْۖ رَبَّنَا وَسِعۡتَ كُلَّ شَيۡءٖ رَّحۡمَةٗ وَعِلۡمٗا فَٱغۡفِرۡ لِلَّذِينَ تَابُواْ وَٱتَّبَعُواْ سَبِيلَكَ وَقِهِمۡ عَذَابَ ٱلۡجَحِيمِ</textIndopak>
    <translations>
      <translation>
        <author>Dr. Mustafa Khattab, the Clear Quran</author>
        <text>Those ˹angels˺ who carry the Throne and those around it glorify the praises of their Lord, have faith in Him, and seek forgiveness for the believers, ˹praying:˺ “Our Lord! You encompass everything in ˹Your˺ mercy and knowledge. So forgive those who repent and follow Your Way, and protect them from the torment of the Hellfire.</text>
      </translation>
    </translations>
    <rules>[{"start": 179, "end": 184, "rule_id": 3}, {"start": 169, "end": 175, "rule_id": 5}]</rules>
  </verse>
  <verse>
    <verseIdArabic>٨</verseIdArabic>
    <verseId>8</verseId>
    <chapterId>40</chapterId>
    <textIndopak>رَبَّنَا وَأَدۡخِلۡهُمۡ جَنَّٰتِ عَدۡنٍ ٱلَّتِي وَعَدتَّهُمۡ وَمَن صَلَحَ مِنۡ ءَابَآئِهِمۡ وَأَزۡوَٰجِهِمۡ وَذُرِّيَّٰتِهِمۡۚ إِنَّكَ أَنتَ ٱلۡعَزِيزُ ٱلۡحَكِيمُ</textIndopak>
    <translations>
      <translation>
        <author>Dr. Mustafa Khattab, the Clear Quran</author>
        <text>Our Lord! Admit them into the Gardens of Eternity which You have promised them, along with the righteous among their parents, spouses, and descendants. You ˹alone˺ are truly the Almighty, All-Wise.</text>
      </translation>
    </translations>
    <rules>[{"start": 26, "end": 30, "rule_id": 0}, {"start": 131, "end": 134, "rule_id": 0}, {"start": 13, "end": 15, "rule_id": 1}, {"start": 35, "end": 37, "rule_id": 1}, {"start": 65, "end": 69, "rule_id": 6}, {"start": 139, "end": 142, "rule_id": 6}]</rules>
  </verse>
  <verse>
    <verseIdArabic>٩</verseIdArabic>
    <verseId>9</verseId>
    <chapterId>40</chapterId>
    <textIndopak>وَقِهِمُ ٱلسَّيِّـَٔاتِۚ وَمَن تَقِ ٱلسَّيِّـَٔاتِ يَوۡمَئِذٖ فَقَدۡ رَحِمۡتَهُۥۚ وَذَٰلِكَ هُوَ ٱلۡفَوۡزُ ٱلۡعَظِيمُ</textIndopak>
    <translations>
      <translation>
        <author>Dr. Mustafa Khattab, the Clear Quran</author>
        <text>And protect them from ˹the consequences of their˺ evil deeds. For whoever You protect from the evil of their deeds on that Day will have been shown Your mercy. That is ˹truly˺ the ultimate triumph.”</text>
      </translation>
    </translations>
    <rules>[{"start": 67, "end": 69, "rule_id": 1}, {"start": 30, "end": 34, "rule_id": 6}, {"start": 60, "end": 65, "rule_id": 6}]</rules>
  </verse>
  <verse>
    <verseIdArabic>١٠</verseIdArabic>
    <verseId>10</verseId>
    <chapterId>40</chapterId>
    <textIndopak>إِنَّ ٱلَّذِينَ كَفَرُواْ يُنَادَوۡنَ لَمَقۡتُ ٱللَّهِ أَكۡبَرُ مِن مَّقۡتِكُمۡ أَنفُسَكُمۡ إِذۡ تُدۡعَوۡنَ إِلَى ٱلۡإِيمَٰنِ فَتَكۡفُرُونَ</textIndopak>
    <translations>
      <translation>
        <author>Dr. Mustafa Khattab, the Clear Quran</author>
        <text>Indeed, it will be announced to the disbelievers, “Allah’s contempt for you—as you disbelieved when invited to belief—was far worse than your contempt for one another ˹Today˺.”</text>
      </translation>
    </translations>
    <rules>[{"start": 2, "end": 5, "rule_id": 0}, {"start": 68, "end": 71, "rule_id": 0}, {"start": 42, "end": 44, "rule_id": 1}, {"start": 71, "end": 73, "rule_id": 1}, {"start": 99, "end": 101, "rule_id": 1}, {"start": 66, "end": 71, "rule_id": 3}, {"start": 82, "end": 85, "rule_id": 6}]</rules>
  </verse>
  <verse>
    <verseIdArabic>١١</verseIdArabic>
    <verseId>11</verseId>
    <chapterId>40</chapterId>
    <textIndopak>قَالُواْ رَبَّنَآ أَمَتَّنَا ٱثۡنَتَيۡنِ وَأَحۡيَيۡتَنَا ٱثۡنَتَيۡنِ فَٱعۡتَرَفۡنَا بِذُنُوبِنَا فَهَلۡ إِلَىٰ خُرُوجٖ مِّن سَبِيلٖ</textIndopak>
    <translations>
      <translation>
        <author>Dr. Mustafa Khattab, the Clear Quran</author>
        <text>They will plead, “Our Lord! You made us lifeless twice, and gave us life twice. Now we confess our sins. So is there any way out?”</text>
      </translation>
    </translations>
    <rules>[{"start": 120, "end": 123, "rule_id": 0}, {"start": 117, "end": 123, "rule_id": 3}, {"start": 123, "end": 127, "rule_id": 6}]</rules>
  </verse>
  <verse>
    <verseIdArabic>١٢</verseIdArabic>
    <verseId>12</verseId>
    <chapterId>40</chapterId>
    <textIndopak>ذَٰلِكُم بِأَنَّهُۥٓ إِذَا دُعِيَ ٱللَّهُ وَحۡدَهُۥ كَفَرۡتُمۡ وَإِن يُشۡرَكۡ بِهِۦ تُؤۡمِنُواْۚ فَٱلۡحُكۡمُ لِلَّهِ ٱلۡعَلِيِّ ٱلۡكَبِيرِ</textIndopak>
    <translations>
      <translation>
        <author>Dr. Mustafa Khattab, the Clear Quran</author>
        <text>˹They will be told,˺ “˹No!˺ This is because when Allah alone was invoked, you ˹staunchly˺ disbelieved. But when others were associated with Him ˹in worship˺, you ˹readily˺ believed. So ˹Today˺ judgment belongs to Allah ˹alone˺—the Most High, All-Great.”</text>
      </translation>
    </translations>
    <rules>[{"start": 13, "end": 16, "rule_id": 0}, {"start": 69, "end": 73, "rule_id": 3}, {"start": 7, "end": 11, "rule_id": 7}]</rules>
  </verse>
  <verse>
    <verseIdArabic>١٣</verseIdArabic>
    <verseId>13</verseId>
    <chapterId>40</chapterId>
    <textIndopak>هُوَ ٱلَّذِي يُرِيكُمۡ ءَايَٰتِهِۦ وَيُنَزِّلُ لَكُم مِّنَ ٱلسَّمَآءِ رِزۡقٗاۚ وَمَا يَتَذَكَّرُ إِلَّا مَن يُنِيبُ</textIndopak>
    <translations>
      <translation>
        <author>Dr. Mustafa Khattab, the Clear Quran</author>
        <text>He is the One Who shows you His signs and sends down ˹rain as˺ a provision for you from the sky. ˹But˺ none will be mindful except those who turn ˹to Him˺.</text>
      </translation>
    </translations>
    <rules>[{"start": 53, "end": 56, "rule_id": 0}, {"start": 115, "end": 117, "rule_id": 1}, {"start": 108, "end": 112, "rule_id": 3}, {"start": 51, "end": 56, "rule_id": 4}]</rules>
  </verse>
  <verse>
    <verseIdArabic>١٤</verseIdArabic>
    <verseId>14</verseId>
    <chapterId>40</chapterId>
    <textIndopak>فَٱدۡعُواْ ٱللَّهَ مُخۡلِصِينَ لَهُ ٱلدِّينَ وَلَوۡ كَرِهَ ٱلۡكَٰفِرُونَ</textIndopak>
    <translations>
      <translation>
        <author>Dr. Mustafa Khattab, the Clear Quran</author>
        <text>So call upon Allah with sincere devotion, even to the dismay of the disbelievers.</text>
      </translation>
    </translations>
    <rules>[{"start": 3, "end": 5, "rule_id": 1}]</rules>
  </verse>
  <verse>
    <verseIdArabic>١٥</verseIdArabic>
    <verseId>15</verseId>
    <chapterId>40</chapterId>
    <textIndopak>رَفِيعُ ٱلدَّرَجَٰتِ ذُو ٱلۡعَرۡشِ يُلۡقِي ٱلرُّوحَ مِنۡ أَمۡرِهِۦ عَلَىٰ مَن يَشَآءُ مِنۡ عِبَادِهِۦ لِيُنذِرَ يَوۡمَ ٱلتَّلَاقِ</textIndopak>
    <translations>
      <translation>
        <author>Dr. Mustafa Khattab, the Clear Quran</author>
        <text>˹He is˺ Highly Exalted in rank, Lord of the Throne. He sends down the revelation by His command to whoever He wills of His servants to warn ˹all˺ of the Day of Meeting—</text>
      </translation>
    </translations>
    <rules>[{"start": 128, "end": 130, "rule_id": 1}, {"start": 76, "end": 80, "rule_id": 3}, {"start": 107, "end": 110, "rule_id": 6}]</rules>
  </verse>
  <verse>
    <verseIdArabic>١٦</verseIdArabic>
    <verseId>16</verseId>
    <chapterId>40</chapterId>
    <textIndopak>يَوۡمَ هُم بَٰرِزُونَۖ لَا يَخۡفَىٰ عَلَى ٱللَّهِ مِنۡهُمۡ شَيۡءٞۚ لِّمَنِ ٱلۡمُلۡكُ ٱلۡيَوۡمَۖ لِلَّهِ ٱلۡوَٰحِدِ ٱلۡقَهَّارِ</textIndopak>
    <translations>
      <translation>
        <author>Dr. Mustafa Khattab, the Clear Quran</author>
        <text>the Day all will appear ˹before Allah˺. Nothing about them will be hidden from Him. ˹He will ask,˺ “Who does all authority belong to this Day? To Allah—the One, the Supreme!</text>
      </translation>
    </translations>
    <rules>[{"start": 9, "end": 14, "rule_id": 7}]</rules>
  </verse>
  <verse>
    <verseIdArabic>١٧</verseIdArabic>
    <verseId>17</verseId>
    <chapterId>40</chapterId>
    <textIndopak>ٱلۡيَوۡمَ تُجۡزَىٰ كُلُّ نَفۡسِۭ بِمَا كَسَبَتۡۚ لَا ظُلۡمَ ٱلۡيَوۡمَۚ إِنَّ ٱللَّهَ سَرِيعُ ٱلۡحِسَابِ</textIndopak>
    <translations>
      <translation>
        <author>Dr. Mustafa Khattab, the Clear Quran</author>
        <text>Today every soul will be rewarded for what it has done. No injustice Today! Surely Allah is swift in reckoning.”</text>
      </translation>
    </translations>
    <rules>[{"start": 75, "end": 78, "rule_id": 0}, {"start": 12, "end": 14, "rule_id": 1}, {"start": 103, "end": 105, "rule_id": 1}, {"start": 29, "end": 35, "rule_id": 2}]</rules>
  </verse>
  <verse>
    <verseIdArabic>١٨</verseIdArabic>
    <verseId>18</verseId>
    <chapterId>40</chapterId>
    <textIndopak>وَأَنذِرۡهُمۡ يَوۡمَ ٱلۡأٓزِفَةِ إِذِ ٱلۡقُلُوبُ لَدَى ٱلۡحَنَاجِرِ كَٰظِمِينَۚ مَا لِلظَّٰلِمِينَ مِنۡ حَمِيمٖ وَلَا شَفِيعٖ يُطَاعُ</textIndopak>
    <translations>
      <translation>
        <author>Dr. Mustafa Khattab, the Clear Quran</author>
        <text>Warn them ˹O Prophet˺ of the approaching Day when the hearts will jump into the throats, suppressing distress. The wrongdoers will have neither a close friend nor intercessor to be heard.</text>
      </translation>
    </translations>
    <rules>[{"start": 111, "end": 116, "rule_id": 3}, {"start": 125, "end": 130, "rule_id": 3}, {"start": 4, "end": 7, "rule_id": 6}]</rules>
  </verse>
  <verse>
    <verseIdArabic>١٩</verseIdArabic>
    <verseId>19</verseId>
    <chapterId>40</chapterId>
    <textIndopak>يَعۡلَمُ خَآئِنَةَ ٱلۡأَعۡيُنِ وَمَا تُخۡفِي ٱلصُّدُورُ</textIndopak>
    <translations>
      <translation>
        <author>Dr. Mustafa Khattab, the Clear Quran</author>
        <text>Allah ˹even˺ knows the sly glances of the eyes and whatever the hearts conceal.</text>
      </translation>
    </translations>
  </verse>
  <verse>
    <verseIdArabic>٢٠</verseIdArabic>
    <verseId>20</verseId>
    <chapterId>40</chapterId>
    <textIndopak>وَٱللَّهُ يَقۡضِي بِٱلۡحَقِّۖ وَٱلَّذِينَ يَدۡعُونَ مِن دُونِهِۦ لَا يَقۡضُونَ بِشَيۡءٍۗ إِنَّ ٱللَّهَ هُوَ ٱلسَّمِيعُ ٱلۡبَصِيرُ</textIndopak>
    <translations>
      <translation>
        <author>Dr. Mustafa Khattab, the Clear Quran</author>
        <text>And Allah judges with the truth, while those ˹idols˺ they invoke besides Him cannot judge at all. Indeed, Allah ˹alone˺ is the All-Hearing, All-Seeing.</text>
      </translation>
    </translations>
    <rules>[{"start": 93, "end": 96, "rule_id": 0}, {"start": 12, "end": 14, "rule_id": 1}, {"start": 45, "end": 47, "rule_id": 1}, {"start": 72, "end": 74, "rule_id": 1}, {"start": 55, "end": 59, "rule_id": 6}]</rules>
  </verse>
  <verse>
    <verseIdArabic>٢١</verseIdArabic>
    <verseId>21</verseId>
    <chapterId>40</chapterId>
    <textIndopak>۞ أَوَلَمۡ يَسِيرُواْ فِي ٱلۡأَرۡضِ فَيَنظُرُواْ كَيۡفَ كَانَ عَٰقِبَةُ ٱلَّذِينَ كَانُواْ مِن قَبۡلِهِمۡۚ كَانُواْ هُمۡ أَشَدَّ مِنۡهُمۡ قُوَّةٗ وَءَاثَارٗا فِي ٱلۡأَرۡضِ فَأَخَذَهُمُ ٱللَّهُ بِذُنُوبِهِمۡ وَمَا كَانَ لَهُم مِّنَ ٱللَّهِ مِن وَاقٖ</textIndopak>
    <translations>
      <translation>
        <author>Dr. Mustafa Khattab, the Clear Quran</author>
        <text>Have they not travelled throughout the land to see what was the end of those ˹destroyed˺ before them? They were far superior in might and ˹richer in˺ monuments throughout the land. But Allah seized them for their sins, and they had no protector from Allah.</text>
      </translation>
    </translations>
    <rules>[{"start": 226, "end": 229, "rule_id": 0}, {"start": 97, "end": 99, "rule_id": 1}, {"start": 247, "end": 249, "rule_id": 1}, {"start": 242, "end": 246, "rule_id": 3}, {"start": 144, "end": 149, "rule_id": 3}, {"start": 224, "end": 229, "rule_id": 4}, {"start": 40, "end": 43, "rule_id": 6}, {"start": 93, "end": 97, "rule_id": 6}]</rules>
  </verse>
  <verse>
    <verseIdArabic>٢٢</verseIdArabic>
    <verseId>22</verseId>
    <chapterId>40</chapterId>
    <textIndopak>ذَٰلِكَ بِأَنَّهُمۡ كَانَت تَّأۡتِيهِمۡ رُسُلُهُم بِٱلۡبَيِّنَٰتِ فَكَفَرُواْ فَأَخَذَهُمُ ٱللَّهُۚ إِنَّهُۥ قَوِيّٞ شَدِيدُ ٱلۡعِقَابِ</textIndopak>
    <translations>
      <translation>
        <author>Dr. Mustafa Khattab, the Clear Quran</author>
        <text>That was because their messengers used to come to them with clear proofs, but they persisted in disbelief. So Allah seized them. Surely He is All-Powerful, severe in punishment.</text>
      </translation>
    </translations>
    <rules>[{"start": 12, "end": 15, "rule_id": 0}, {"start": 103, "end": 106, "rule_id": 0}, {"start": 134, "end": 136, "rule_id": 1}, {"start": 114, "end": 120, "rule_id": 6}, {"start": 48, "end": 52, "rule_id": 7}]</rules>
  </verse>
  <verse>
    <verseIdArabic>٢٣</verseIdArabic>
    <verseId>23</verseId>
    <chapterId>40</chapterId>
    <textIndopak>وَلَقَدۡ أَرۡسَلۡنَا مُوسَىٰ بِـَٔايَٰتِنَا وَسُلۡطَٰنٖ مُّبِينٍ</textIndopak>
    <translations>
      <translation>
        <author>Dr. Mustafa Khattab, the Clear Quran</author>
        <text>Indeed, We sent Moses with Our signs and compelling proof</text>
      </translation>
    </translations>
    <rules>[{"start": 56, "end": 59, "rule_id": 0}, {"start": 6, "end": 8, "rule_id": 1}, {"start": 53, "end": 59, "rule_id": 3}]</rules>
  </verse>
  <verse>
    <verseIdArabic>٢٤</verseIdArabic>
    <verseId>24</verseId>
    <chapterId>40</chapterId>
    <textIndopak>إِلَىٰ فِرۡعَوۡنَ وَهَٰمَٰنَ وَقَٰرُونَ فَقَالُواْ سَٰحِرٞ كَذَّابٞ</textIndopak>
    <translations>
      <translation>
        <author>Dr. Mustafa Khattab, the Clear Quran</author>
        <text>to Pharaoh, Hamân, and Korah. But they responded: “Magician! Total liar!”</text>
      </translation>
    </translations>
    <rules>[{"start": 65, "end": 67, "rule_id": 1}, {"start": 56, "end": 61, "rule_id": 6}]</rules>
  </verse>
  <verse>
    <verseIdArabic>٢٥</verseIdArabic>
    <verseId>25</verseId>
    <chapterId>40</chapterId>
    <textIndopak>فَلَمَّا جَآءَهُم بِٱلۡحَقِّ مِنۡ عِندِنَا قَالُواْ ٱقۡتُلُوٓاْ أَبۡنَآءَ ٱلَّذِينَ ءَامَنُواْ مَعَهُۥ وَٱسۡتَحۡيُواْ نِسَآءَهُمۡۚ وَمَا كَيۡدُ ٱلۡكَٰفِرِينَ إِلَّا فِي ضَلَٰلٖ</textIndopak>
    <translations>
      <translation>
        <author>Dr. Mustafa Khattab, the Clear Quran</author>
        <text>Then, when he came to them with the truth from Us, they said, “Kill the sons of those who believe with him and keep their women.” But the plotting of the disbelievers was only in vain.</text>
      </translation>
    </translations>
    <rules>[{"start": 4, "end": 7, "rule_id": 0}, {"start": 54, "end": 56, "rule_id": 1}, {"start": 67, "end": 69, "rule_id": 1}, {"start": 37, "end": 40, "rule_id": 6}, {"start": 17, "end": 21, "rule_id": 7}]</rules>
  </verse>
  <verse>
    <verseIdArabic>٢٦</verseIdArabic>
    <verseId>26</verseId>
    <chapterId>40</chapterId>
    <textIndopak>وَقَالَ فِرۡعَوۡنُ ذَرُونِيٓ أَقۡتُلۡ مُوسَىٰ وَلۡيَدۡعُ رَبَّهُۥٓۖ إِنِّيٓ أَخَافُ أَن يُبَدِّلَ دِينَكُمۡ أَوۡ أَن يُظۡهِرَ فِي ٱلۡأَرۡضِ ٱلۡفَسَادَ</textIndopak>
    <translations>
      <translation>
        <author>Dr. Mustafa Khattab, the Clear Quran</author>
        <text>And Pharaoh said, “Let me kill Moses, and let him call upon his Lord! I truly fear that he may change your traditions or cause mischief in the land.”</text>
      </translation>
    </translations>
    <rules>[{"start": 71, "end": 74, "rule_id": 0}, {"start": 31, "end": 33, "rule_id": 1}, {"start": 52, "end": 54, "rule_id": 1}, {"start": 149, "end": 151, "rule_id": 1}, {"start": 87, "end": 91, "rule_id": 3}, {"start": 116, "end": 120, "rule_id": 3}]</rules>
  </verse>
  <verse>
    <verseIdArabic>٢٧</verseIdArabic>
    <verseId>27</verseId>
    <chapterId>40</chapterId>
    <textIndopak>وَقَالَ مُوسَىٰٓ إِنِّي عُذۡتُ بِرَبِّي وَرَبِّكُم مِّن كُلِّ مُتَكَبِّرٖ لَّا يُؤۡمِنُ بِيَوۡمِ ٱلۡحِسَابِ</textIndopak>
    <translations>
      <translation>
        <author>Dr. Mustafa Khattab, the Clear Quran</author>
        <text>Moses replied, “I seek refuge in my Lord and your Lord from every arrogant person who does not believe in the Day of Reckoning.”</text>
      </translation>
    </translations>
    <rules>[{"start": 19, "end": 22, "rule_id": 0}, {"start": 51, "end": 54, "rule_id": 0}, {"start": 105, "end": 107, "rule_id": 1}, {"start": 49, "end": 54, "rule_id": 4}, {"start": 71, "end": 77, "rule_id": 5}, {"start": 54, "end": 58, "rule_id": 6}]</rules>
  </verse>
  <verse>
    <verseIdArabic>٢٨</verseIdArabic>
    <verseId>28</verseId>
    <chapterId>40</chapterId>
    <textIndopak>وَقَالَ رَجُلٞ مُّؤۡمِنٞ مِّنۡ ءَالِ فِرۡعَوۡنَ يَكۡتُمُ إِيمَٰنَهُۥٓ أَتَقۡتُلُونَ رَجُلًا أَن يَقُولَ رَبِّيَ ٱللَّهُ وَقَدۡ جَآءَكُم بِٱلۡبَيِّنَٰتِ مِن رَّبِّكُمۡۖ وَإِن يَكُ كَٰذِبٗا فَعَلَيۡهِ كَذِبُهُۥۖ وَإِن يَكُ صَادِقٗا يُصِبۡكُم بَعۡضُ ٱلَّذِي يَعِدُكُمۡۖ إِنَّ ٱللَّهَ لَا يَهۡدِي مَنۡ هُوَ مُسۡرِفٞ كَذَّابٞ</textIndopak>
    <translations>
      <translation>
        <author>Dr. Mustafa Khattab, the Clear Quran</author>
        <text>A believing man from Pharaoh’s people, who was hiding his faith, argued, “Will you kill a man ˹only˺ for saying: ‘My Lord is Allah,’ while he has in fact come to you with clear proofs from your Lord? If he is a liar, it will be to his own loss. But if he is truthful, then you will be afflicted with some of what he is threatening you with. Surely Allah does not guide whoever is a transgressor, a total liar.</text>
      </translation>
    </translations>
    <rules>[{"start": 15, "end": 18, "rule_id": 0}, {"start": 25, "end": 28, "rule_id": 0}, {"start": 273, "end": 276, "rule_id": 0}, {"start": 74, "end": 76, "rule_id": 1}, {"start": 124, "end": 126, "rule_id": 1}, {"start": 237, "end": 239, "rule_id": 1}, {"start": 322, "end": 324, "rule_id": 1}, {"start": 94, "end": 98, "rule_id": 3}, {"start": 174, "end": 178, "rule_id": 3}, {"start": 217, "end": 221, "rule_id": 3}, {"start": 12, "end": 18, "rule_id": 3}, {"start": 22, "end": 28, "rule_id": 3}, {"start": 229, "end": 235, "rule_id": 3}, {"start": 155, "end": 160, "rule_id": 5}, {"start": 313, "end": 318, "rule_id": 6}, {"start": 135, "end": 139, "rule_id": 7}, {"start": 241, "end": 245, "rule_id": 7}]</rules>
  </verse>
  <verse>
    <verseIdArabic>٢٩</verseIdArabic>
    <verseId>29</verseId>
    <chapterId>40</chapterId>
    <textIndopak>يَٰقَوۡمِ لَكُمُ ٱلۡمُلۡكُ ٱلۡيَوۡمَ ظَٰهِرِينَ فِي ٱلۡأَرۡضِ فَمَن يَنصُرُنَا مِنۢ بَأۡسِ ٱللَّهِ إِن جَآءَنَاۚ قَالَ فِرۡعَوۡنُ مَآ أُرِيكُمۡ إِلَّا مَآ أَرَىٰ وَمَآ أَهۡدِيكُمۡ إِلَّا سَبِيلَ ٱلرَّشَادِ</textIndopak>
    <translations>
      <translation>
        <author>Dr. Mustafa Khattab, the Clear Quran</author>
        <text>O my people! Authority belongs to you today, reigning supreme in the land. But who would help us against the torment of Allah, if it were to befall us?” Pharaoh assured ˹his people˺, “I am telling you only what I believe, and I am leading you only to the way of guidance.”</text>
      </translation>
    </translations>
    <rules>[{"start": 208, "end": 210, "rule_id": 1}, {"start": 81, "end": 86, "rule_id": 2}, {"start": 66, "end": 70, "rule_id": 3}, {"start": 70, "end": 73, "rule_id": 6}, {"start": 101, "end": 105, "rule_id": 6}]</rules>
  </verse>
  <verse>
    <verseIdArabic>٣٠</verseIdArabic>
    <verseId>30</verseId>
    <chapterId>40</chapterId>
    <textIndopak>وَقَالَ ٱلَّذِيٓ ءَامَنَ يَٰقَوۡمِ إِنِّيٓ أَخَافُ عَلَيۡكُم مِّثۡلَ يَوۡمِ ٱلۡأَحۡزَابِ</textIndopak>
    <translations>
      <translation>
        <author>Dr. Mustafa Khattab, the Clear Quran</author>
        <text>And the man who believed cautioned, “O my people! I truly fear for you the doom of ˹earlier˺ enemy forces—</text>
      </translation>
    </translations>
    <rules>[{"start": 37, "end": 40, "rule_id": 0}, {"start": 61, "end": 64, "rule_id": 0}, {"start": 86, "end": 88, "rule_id": 1}, {"start": 59, "end": 64, "rule_id": 4}]</rules>
  </verse>
  <verse>
    <verseIdArabic>٣١</verseIdArabic>
    <verseId>31</verseId>
    <chapterId>40</chapterId>
    <textIndopak>مِثۡلَ دَأۡبِ قَوۡمِ نُوحٖ وَعَادٖ وَثَمُودَ وَٱلَّذِينَ مِنۢ بَعۡدِهِمۡۚ وَمَا ٱللَّهُ يُرِيدُ ظُلۡمٗا لِّلۡعِبَادِ</textIndopak>
    <translations>
      <translation>
        <author>Dr. Mustafa Khattab, the Clear Quran</author>
        <text>like the fate of the people of Noah, ’Ȃd, Thamûd, and those after them. For Allah would never will to wrong ˹His˺ servants.</text>
      </translation>
    </translations>
    <rules>[{"start": 115, "end": 117, "rule_id": 1}, {"start": 59, "end": 64, "rule_id": 2}, {"start": 24, "end": 29, "rule_id": 3}, {"start": 32, "end": 37, "rule_id": 3}, {"start": 101, "end": 108, "rule_id": 5}]</rules>
  </verse>
  <verse>
    <verseIdArabic>٣٢</verseIdArabic>
    <verseId>32</verseId>
    <chapterId>40</chapterId>
    <textIndopak>وَيَٰقَوۡمِ إِنِّيٓ أَخَافُ عَلَيۡكُمۡ يَوۡمَ ٱلتَّنَادِ</textIndopak>
    <translations>
      <translation>
        <author>Dr. Mustafa Khattab, the Clear Quran</author>
        <text>O my people! I truly fear for you the Day all will be crying out ˹to each other˺—</text>
      </translation>
    </translations>
    <rules>[{"start": 14, "end": 17, "rule_id": 0}, {"start": 54, "end": 56, "rule_id": 1}]</rules>
  </verse>
  <verse>
    <verseIdArabic>٣٣</verseIdArabic>
    <verseId>33</verseId>
    <chapterId>40</chapterId>
    <textIndopak>يَوۡمَ تُوَلُّونَ مُدۡبِرِينَ مَا لَكُم مِّنَ ٱللَّهِ مِنۡ عَاصِمٖۗ وَمَن يُضۡلِلِ ٱللَّهُ فَمَا لَهُۥ مِنۡ هَادٖ</textIndopak>
    <translations>
      <translation>
        <author>Dr. Mustafa Khattab, the Clear Quran</author>
        <text>the Day you will ˹try in vain to˺ turn your backs and run away, with no one to protect you from Allah. And whoever Allah leaves to stray will be left with no guide.</text>
      </translation>
    </translations>
    <rules>[{"start": 40, "end": 43, "rule_id": 0}, {"start": 20, "end": 22, "rule_id": 1}, {"start": 112, "end": 114, "rule_id": 1}, {"start": 73, "end": 77, "rule_id": 3}, {"start": 38, "end": 43, "rule_id": 4}]</rules>
  </verse>
  <verse>
    <verseIdArabic>٣٤</verseIdArabic>
    <verseId>34</verseId>
    <chapterId>40</chapterId>
    <textIndopak>وَلَقَدۡ جَآءَكُمۡ يُوسُفُ مِن قَبۡلُ بِٱلۡبَيِّنَٰتِ فَمَا زِلۡتُمۡ فِي شَكّٖ مِّمَّا جَآءَكُم بِهِۦۖ حَتَّىٰٓ إِذَا هَلَكَ قُلۡتُمۡ لَن يَبۡعَثَ ٱللَّهُ مِنۢ بَعۡدِهِۦ رَسُولٗاۚ كَذَٰلِكَ يُضِلُّ ٱللَّهُ مَنۡ هُوَ مُسۡرِفٞ مُّرۡتَابٌ</textIndopak>
    <translations>
      <translation>
        <author>Dr. Mustafa Khattab, the Clear Quran</author>
        <text>Joseph already came to you earlier with clear proofs, yet you never ceased to doubt what he came to you with. When he died you said, ‘Allah will never send a messenger after him.’ This is how Allah leaves every transgressor and doubter to stray—</text>
      </translation>
    </translations>
    <rules>[{"start": 80, "end": 83, "rule_id": 0}, {"start": 83, "end": 86, "rule_id": 0}, {"start": 229, "end": 232, "rule_id": 0}, {"start": 6, "end": 8, "rule_id": 1}, {"start": 34, "end": 36, "rule_id": 1}, {"start": 143, "end": 145, "rule_id": 1}, {"start": 237, "end": 239, "rule_id": 1}, {"start": 160, "end": 165, "rule_id": 2}, {"start": 139, "end": 143, "rule_id": 3}, {"start": 76, "end": 83, "rule_id": 3}, {"start": 226, "end": 232, "rule_id": 3}, {"start": 30, "end": 34, "rule_id": 6}, {"start": 96, "end": 100, "rule_id": 7}]</rules>
  </verse>
  <verse>
    <verseIdArabic>٣٥</verseIdArabic>
    <verseId>35</verseId>
    <chapterId>40</chapterId>
    <textIndopak>ٱلَّذِينَ يُجَٰدِلُونَ فِيٓ ءَايَٰتِ ٱللَّهِ بِغَيۡرِ سُلۡطَٰنٍ أَتَىٰهُمۡۖ كَبُرَ مَقۡتًا عِندَ ٱللَّهِ وَعِندَ ٱلَّذِينَ ءَامَنُواْۚ كَذَٰلِكَ يَطۡبَعُ ٱللَّهُ عَلَىٰ كُلِّ قَلۡبِ مُتَكَبِّرٖ جَبَّارٖ</textIndopak>
    <translations>
      <translation>
        <author>Dr. Mustafa Khattab, the Clear Quran</author>
        <text>those who dispute Allah’s signs with no proof given to them. How despicable is that for Allah and the believers! This is how Allah seals the heart of every arrogant tyrant.”</text>
      </translation>
    </translations>
    <rules>[{"start": 86, "end": 88, "rule_id": 1}, {"start": 149, "end": 151, "rule_id": 1}, {"start": 94, "end": 97, "rule_id": 6}, {"start": 110, "end": 113, "rule_id": 6}, {"start": 193, "end": 198, "rule_id": 6}]</rules>
  </verse>
  <verse>
    <verseIdArabic>٣٦</verseIdArabic>
    <verseId>36</verseId>
    <chapterId>40</chapterId>
    <textIndopak>وَقَالَ فِرۡعَوۡنُ يَٰهَٰمَٰنُ ٱبۡنِ لِي صَرۡحٗا لَّعَلِّيٓ أَبۡلُغُ ٱلۡأَسۡبَٰبَ</textIndopak>
    <translations>
      <translation>
        <author>Dr. Mustafa Khattab, the Clear Quran</author>
        <text>Pharaoh ordered, “O Hamân! Build me a high tower so I may reach the pathways</text>
      </translation>
    </translations>
    <rules>[{"start": 32, "end": 34, "rule_id": 1}, {"start": 62, "end": 64, "rule_id": 1}, {"start": 79, "end": 81, "rule_id": 1}, {"start": 45, "end": 52, "rule_id": 5}]</rules>
  </verse>
  <verse>
    <verseIdArabic>٣٧</verseIdArabic>
    <verseId>37</verseId>
    <chapterId>40</chapterId>
    <textIndopak>أَسۡبَٰبَ ٱلسَّمَٰوَٰتِ فَأَطَّلِعَ إِلَىٰٓ إِلَٰهِ مُوسَىٰ وَإِنِّي لَأَظُنُّهُۥ كَٰذِبٗاۚ وَكَذَٰلِكَ زُيِّنَ لِفِرۡعَوۡنَ سُوٓءُ عَمَلِهِۦ وَصُدَّ عَنِ ٱلسَّبِيلِۚ وَمَا كَيۡدُ فِرۡعَوۡنَ إِلَّا فِي تَبَابٖ</textIndopak>
    <translations>
      <translation>
        <author>Dr. Mustafa Khattab, the Clear Quran</author>
        <text>leading up to the heavens and look for the God of Moses, although I am sure he is a liar.” And so Pharaoh’s evil deeds were made so appealing to him that he was hindered from the ˹Right˺ Way. But the plotting of Pharaoh was only in vain.</text>
      </translation>
    </translations>
    <rules>[{"start": 64, "end": 67, "rule_id": 0}, {"start": 75, "end": 78, "rule_id": 0}, {"start": 209, "end": 211, "rule_id": 1}]</rules>
  </verse>
  <verse>
    <verseIdArabic>٣٨</verseIdArabic>
    <verseId>38</verseId>
    <chapterId>40</chapterId>
    <textIndopak>وَقَالَ ٱلَّذِيٓ ءَامَنَ يَٰقَوۡمِ ٱتَّبِعُونِ أَهۡدِكُمۡ سَبِيلَ ٱلرَّشَادِ</textIndopak>
    <translations>
      <translation>
        <author>Dr. Mustafa Khattab, the Clear Quran</author>
        <text>And the man who believed urged, “O my people! Follow me, ˹and˺ I will lead you to the Way of Guidance.</text>
      </translation>
    </translations>
    <rules>[{"start": 74, "end": 76, "rule_id": 1}]</rules>
  </verse>
  <verse>
    <verseIdArabic>٣٩</verseIdArabic>
    <verseId>39</verseId>
    <chapterId>40</chapterId>
    <textIndopak>يَٰقَوۡمِ إِنَّمَا هَٰذِهِ ٱلۡحَيَوٰةُ ٱلدُّنۡيَا مَتَٰعٞ وَإِنَّ ٱلۡأٓخِرَةَ هِيَ دَارُ ٱلۡقَرَارِ</textIndopak>
    <translations>
      <translation>
        <author>Dr. Mustafa Khattab, the Clear Quran</author>
        <text>O my people! This worldly life is only ˹a fleeting˺ enjoyment, whereas the Hereafter is truly the home of settlement.</text>
      </translation>
    </translations>
    <rules>[{"start": 12, "end": 15, "rule_id": 0}, {"start": 62, "end": 65, "rule_id": 0}, {"start": 55, "end": 60, "rule_id": 3}]</rules>
  </verse>
  <verse>
    <verseIdArabic>٤٠</verseIdArabic>
    <verseId>40</verseId>
    <chapterId>40</chapterId>
    <textIndopak>مَنۡ عَمِلَ سَيِّئَةٗ فَلَا يُجۡزَىٰٓ إِلَّا مِثۡلَهَاۖ وَمَنۡ عَمِلَ صَٰلِحٗا مِّن ذَكَرٍ أَوۡ أُنثَىٰ وَهُوَ مُؤۡمِنٞ فَأُوْلَٰٓئِكَ يَدۡخُلُونَ ٱلۡجَنَّةَ يُرۡزَقُونَ فِيهَا بِغَيۡرِ حِسَابٖ</textIndopak>
    <translations>
      <translation>
        <author>Dr. Mustafa Khattab, the Clear Quran</author>
        <text>Whoever does an evil deed will only be paid back with its equivalent. And whoever does good, whether male or female, and is a believer, they will enter Paradise, where they will be provided for without limit.</text>
      </translation>
    </translations>
    <rules>[{"start": 80, "end": 83, "rule_id": 0}, {"start": 153, "end": 156, "rule_id": 0}, {"start": 30, "end": 32, "rule_id": 1}, {"start": 138, "end": 140, "rule_id": 1}, {"start": 192, "end": 194, "rule_id": 1}, {"start": 76, "end": 83, "rule_id": 3}, {"start": 83, "end": 87, "rule_id": 6}, {"start": 99, "end": 102, "rule_id": 6}, {"start": 19, "end": 24, "rule_id": 6}, {"start": 118, "end": 123, "rule_id": 6}]</rules>
  </verse>
  <verse>
    <verseIdArabic>٤١</verseIdArabic>
    <verseId>41</verseId>
    <chapterId>40</chapterId>
    <textIndopak>۞ وَيَٰقَوۡمِ مَا لِيٓ أَدۡعُوكُمۡ إِلَى ٱلنَّجَوٰةِ وَتَدۡعُونَنِيٓ إِلَى ٱلنَّارِ</textIndopak>
    <translations>
      <translation>
        <author>Dr. Mustafa Khattab, the Clear Quran</author>
        <text>O my people! How is it that I invite you to salvation, while you invite me to the Fire!</text>
      </translation>
    </translations>
    <rules>[{"start": 43, "end": 46, "rule_id": 0}, {"start": 77, "end": 80, "rule_id": 0}, {"start": 25, "end": 27, "rule_id": 1}, {"start": 57, "end": 59, "rule_id": 1}]</rules>
  </verse>
  <verse>
    <verseIdArabic>٤٢</verseIdArabic>
    <verseId>42</verseId>
    <chapterId>40</chapterId>
    <textIndopak>تَدۡعُونَنِي لِأَكۡفُرَ بِٱللَّهِ وَأُشۡرِكَ بِهِۦ مَا لَيۡسَ لِي بِهِۦ عِلۡمٞ وَأَنَا۠ أَدۡعُوكُمۡ إِلَى ٱلۡعَزِيزِ ٱلۡغَفَّٰرِ</textIndopak>
    <translations>
      <translation>
        <author>Dr. Mustafa Khattab, the Clear Quran</author>
        <text>You invite me to disbelieve in Allah and associate with Him what I have no knowledge of, while I invite you to the Almighty, Most Forgiving.</text>
      </translation>
    </translations>
    <rules>[{"start": 2, "end": 4, "rule_id": 1}, {"start": 90, "end": 92, "rule_id": 1}, {"start": 76, "end": 81, "rule_id": 3}]</rules>
  </verse>
  <verse>
    <verseIdArabic>٤٣</verseIdArabic>
    <verseId>43</verseId>
    <chapterId>40</chapterId>
    <textIndopak>لَا جَرَمَ أَنَّمَا تَدۡعُونَنِيٓ إِلَيۡهِ لَيۡسَ لَهُۥ دَعۡوَةٞ فِي ٱلدُّنۡيَا وَلَا فِي ٱلۡأٓخِرَةِ وَأَنَّ مَرَدَّنَآ إِلَى ٱللَّهِ وَأَنَّ ٱلۡمُسۡرِفِينَ هُمۡ أَصۡحَٰبُ ٱلنَّارِ</textIndopak>
    <translations>
      <translation>
        <author>Dr. Mustafa Khattab, the Clear Quran</author>
        <text>There is no doubt that whatever ˹idols˺ you invite me to ˹worship˺ are not worthy to be invoked either in this world or the Hereafter. ˹Undoubtedly,˺ our return is to Allah, and the transgressors will be the inmates of the Fire.</text>
      </translation>
    </translations>
    <rules>[{"start": 13, "end": 16, "rule_id": 0}, {"start": 107, "end": 110, "rule_id": 0}, {"start": 141, "end": 144, "rule_id": 0}, {"start": 177, "end": 180, "rule_id": 0}, {"start": 22, "end": 24, "rule_id": 1}, {"start": 62, "end": 67, "rule_id": 6}]</rules>
  </verse>
  <verse>
    <verseIdArabic>٤٤</verseIdArabic>
    <verseId>44</verseId>
    <chapterId>40</chapterId>
    <textIndopak>فَسَتَذۡكُرُونَ مَآ أَقُولُ لَكُمۡۚ وَأُفَوِّضُ أَمۡرِيٓ إِلَى ٱللَّهِۚ إِنَّ ٱللَّهَ بَصِيرُۢ بِٱلۡعِبَادِ</textIndopak>
    <translations>
      <translation>
        <author>Dr. Mustafa Khattab, the Clear Quran</author>
        <text>You will remember what I say to you, and I entrust my affairs to Allah. Surely Allah is All-Seeing of all ˹His˺ servants.”</text>
      </translation>
    </translations>
    <rules>[{"start": 77, "end": 80, "rule_id": 0}, {"start": 108, "end": 110, "rule_id": 1}, {"start": 94, "end": 100, "rule_id": 2}]</rules>
  </verse>
  <verse>
    <verseIdArabic>٤٥</verseIdArabic>
    <verseId>45</verseId>
    <chapterId>40</chapterId>
    <textIndopak>فَوَقَىٰهُ ٱللَّهُ سَيِّـَٔاتِ مَا مَكَرُواْۖ وَحَاقَ بِـَٔالِ فِرۡعَوۡنَ سُوٓءُ ٱلۡعَذَابِ</textIndopak>
    <translations>
      <translation>
        <author>Dr. Mustafa Khattab, the Clear Quran</author>
        <text>So Allah protected him from the evil of their schemes. And Pharaoh’s people were overwhelmed by an evil punishment:</text>
      </translation>
    </translations>
    <rules>[{"start": 90, "end": 92, "rule_id": 1}]</rules>
  </verse>
  <verse>
    <verseIdArabic>٤٦</verseIdArabic>
    <verseId>46</verseId>
    <chapterId>40</chapterId>
    <textIndopak>ٱلنَّارُ يُعۡرَضُونَ عَلَيۡهَا غُدُوّٗا وَعَشِيّٗاۚ وَيَوۡمَ تَقُومُ ٱلسَّاعَةُ أَدۡخِلُوٓاْ ءَالَ فِرۡعَوۡنَ أَشَدَّ ٱلۡعَذَابِ</textIndopak>
    <translations>
      <translation>
        <author>Dr. Mustafa Khattab, the Clear Quran</author>
        <text>they are exposed to the Fire ˹in their graves˺ morning and evening. And on the Day the Hour will be established ˹it will be said˺, “Admit Pharaoh’s people into the harshest punishment ˹of Hell˺.”</text>
      </translation>
    </translations>
    <rules>[{"start": 2, "end": 5, "rule_id": 0}, {"start": 83, "end": 85, "rule_id": 1}, {"start": 127, "end": 129, "rule_id": 1}, {"start": 35, "end": 42, "rule_id": 3}, {"start": 46, "end": 55, "rule_id": 3}]</rules>
  </verse>
  <verse>
    <verseIdArabic>٤٧</verseIdArabic>
    <verseId>47</verseId>
    <chapterId>40</chapterId>
    <textIndopak>وَإِذۡ يَتَحَآجُّونَ فِي ٱلنَّارِ فَيَقُولُ ٱلضُّعَفَٰٓؤُاْ لِلَّذِينَ ٱسۡتَكۡبَرُوٓاْ إِنَّا كُنَّا لَكُمۡ تَبَعٗا فَهَلۡ أَنتُم مُّغۡنُونَ عَنَّا نَصِيبٗا مِّنَ ٱلنَّارِ</textIndopak>
    <translations>
      <translation>
        <author>Dr. Mustafa Khattab, the Clear Quran</author>
        <text>˹Consider the Day˺ when they will dispute in the Fire, and the lowly ˹followers˺ will appeal to the arrogant ˹leaders˺, “We were your ˹dedicated˺ followers, will you then shield us from a portion of the Fire?”</text>
      </translation>
    </translations>
    <rules>[{"start": 28, "end": 31, "rule_id": 0}, {"start": 90, "end": 93, "rule_id": 0}, {"start": 97, "end": 100, "rule_id": 0}, {"start": 131, "end": 134, "rule_id": 0}, {"start": 144, "end": 147, "rule_id": 0}, {"start": 158, "end": 161, "rule_id": 0}, {"start": 166, "end": 169, "rule_id": 0}, {"start": 154, "end": 161, "rule_id": 3}, {"start": 129, "end": 134, "rule_id": 4}, {"start": 126, "end": 129, "rule_id": 6}]</rules>
  </verse>
  <verse>
    <verseIdArabic>٤٨</verseIdArabic>
    <verseId>48</verseId>
    <chapterId>40</chapterId>
    <textIndopak>قَالَ ٱلَّذِينَ ٱسۡتَكۡبَرُوٓاْ إِنَّا كُلّٞ فِيهَآ إِنَّ ٱللَّهَ قَدۡ حَكَمَ بَيۡنَ ٱلۡعِبَادِ</textIndopak>
    <translations>
      <translation>
        <author>Dr. Mustafa Khattab, the Clear Quran</author>
        <text>The arrogant will say, “We are all in it! ˹For˺ Allah has already passed judgment over ˹His˺ servants.”</text>
      </translation>
    </translations>
    <rules>[{"start": 34, "end": 37, "rule_id": 0}, {"start": 55, "end": 58, "rule_id": 0}, {"start": 69, "end": 71, "rule_id": 1}, {"start": 94, "end": 96, "rule_id": 1}, {"start": 41, "end": 47, "rule_id": 6}]</rules>
  </verse>
  <verse>
    <verseIdArabic>٤٩</verseIdArabic>
    <verseId>49</verseId>
    <chapterId>40</chapterId>
    <textIndopak>وَقَالَ ٱلَّذِينَ فِي ٱلنَّارِ لِخَزَنَةِ جَهَنَّمَ ٱدۡعُواْ رَبَّكُمۡ يُخَفِّفۡ عَنَّا يَوۡمٗا مِّنَ ٱلۡعَذَابِ</textIndopak>
    <translations>
      <translation>
        <author>Dr. Mustafa Khattab, the Clear Quran</author>
        <text>And those in the Fire will cry out to the keepers of Hell, “Pray to your Lord to lighten the torment for us ˹even˺ for one day!”</text>
      </translation>
    </translations>
    <rules>[{"start": 24, "end": 27, "rule_id": 0}, {"start": 46, "end": 49, "rule_id": 0}, {"start": 83, "end": 86, "rule_id": 0}, {"start": 96, "end": 99, "rule_id": 0}, {"start": 53, "end": 55, "rule_id": 1}, {"start": 110, "end": 112, "rule_id": 1}, {"start": 92, "end": 99, "rule_id": 3}]</rules>
  </verse>
  <verse>
    <verseIdArabic>٥٠</verseIdArabic>
    <verseId>50</verseId>
    <chapterId>40</chapterId>
    <textIndopak>قَالُوٓاْ أَوَلَمۡ تَكُ تَأۡتِيكُمۡ رُسُلُكُم بِٱلۡبَيِّنَٰتِۖ قَالُواْ بَلَىٰۚ قَالُواْ فَٱدۡعُواْۗ وَمَا دُعَٰٓؤُاْ ٱلۡكَٰفِرِينَ إِلَّا فِي ضَلَٰلٍ</textIndopak>
    <translations>
      <translation>
        <author>Dr. Mustafa Khattab, the Clear Quran</author>
        <text>The keepers will reply, “Did your messengers not ˹constantly˺ come to you with clear proofs?” They will say, “Yes ˹they did˺.” The keepers will say, “Then pray! Though the prayer of the disbelievers is only in vain.”</text>
      </translation>
    </translations>
    <rules>[{"start": 94, "end": 96, "rule_id": 1}, {"start": 44, "end": 48, "rule_id": 7}]</rules>
  </verse>
  <verse>
    <verseIdArabic>٥١</verseIdArabic>
    <verseId>51</verseId>
    <chapterId>40</chapterId>
    <textIndopak>إِنَّا لَنَنصُرُ رُسُلَنَا وَٱلَّذِينَ ءَامَنُواْ فِي ٱلۡحَيَوٰةِ ٱلدُّنۡيَا وَيَوۡمَ يَقُومُ ٱلۡأَشۡهَٰدُ</textIndopak>
    <translations>
      <translation>
        <author>Dr. Mustafa Khattab, the Clear Quran</author>
        <text>We certainly help Our messengers and the believers, ˹both˺ in this worldly life and on the Day the witnesses will stand forth ˹for testimony˺—</text>
      </translation>
    </translations>
    <rules>[{"start": 2, "end": 5, "rule_id": 0}, {"start": 104, "end": 106, "rule_id": 1}, {"start": 11, "end": 14, "rule_id": 6}]</rules>
  </verse>
  <verse>
    <verseIdArabic>٥٢</verseIdArabic>
    <verseId>52</verseId>
    <chapterId>40</chapterId>
    <textIndopak>يَوۡمَ لَا يَنفَعُ ٱلظَّٰلِمِينَ مَعۡذِرَتُهُمۡۖ وَلَهُمُ ٱللَّعۡنَةُ وَلَهُمۡ سُوٓءُ ٱلدَّارِ</textIndopak>
    <translations>
      <translation>
        <author>Dr. Mustafa Khattab, the Clear Quran</author>
        <text>the Day the wrongdoers’ excuses will be of no benefit to them. They will be condemned, and will have the worst outcome.</text>
      </translation>
    </translations>
    <rules>[{"start": 13, "end": 16, "rule_id": 6}]</rules>
  </verse>
  <verse>
    <verseIdArabic>٥٣</verseIdArabic>
    <verseId>53</verseId>
    <chapterId>40</chapterId>
    <textIndopak>وَلَقَدۡ ءَاتَيۡنَا مُوسَى ٱلۡهُدَىٰ وَأَوۡرَثۡنَا بَنِيٓ إِسۡرَٰٓءِيلَ ٱلۡكِتَٰبَ</textIndopak>
    <translations>
      <translation>
        <author>Dr. Mustafa Khattab, the Clear Quran</author>
        <text>And indeed, We gave Moses ˹true˺ guidance, and made the Children of Israel inherit the Scripture—</text>
      </translation>
    </translations>
    <rules>[{"start": 6, "end": 8, "rule_id": 1}, {"start": 80, "end": 82, "rule_id": 1}]</rules>
  </verse>
  <verse>
    <verseIdArabic>٥٤</verseIdArabic>
    <verseId>54</verseId>
    <chapterId>40</chapterId>
    <textIndopak>هُدٗى وَذِكۡرَىٰ لِأُوْلِي ٱلۡأَلۡبَٰبِ</textIndopak>
    <translations>
      <translation>
        <author>Dr. Mustafa Khattab, the Clear Quran</author>
        <text>a guide and a reminder to people of reason.</text>
      </translation>
    </translations>
    <rules>[{"start": 37, "end": 39, "rule_id": 1}]</rules>
  </verse>
  <verse>
    <verseIdArabic>٥٥</verseIdArabic>
    <verseId>55</verseId>
    <chapterId>40</chapterId>
    <textIndopak>فَٱصۡبِرۡ إِنَّ وَعۡدَ ٱللَّهِ حَقّٞ وَٱسۡتَغۡفِرۡ لِذَنۢبِكَ وَسَبِّحۡ بِحَمۡدِ رَبِّكَ بِٱلۡعَشِيِّ وَٱلۡإِبۡكَٰرِ</textIndopak>
    <translations>
      <translation>
        <author>Dr. Mustafa Khattab, the Clear Quran</author>
        <text>So be patient ˹O Prophet˺, ˹for˺ Allah’s promise is certainly true. Seek forgiveness for your shortcomings. And glorify the praises of your Lord morning and evening.</text>
      </translation>
    </translations>
    <rules>[{"start": 12, "end": 15, "rule_id": 0}, {"start": 109, "end": 111, "rule_id": 1}, {"start": 55, "end": 59, "rule_id": 2}, {"start": 33, "end": 39, "rule_id": 3}]</rules>
  </verse>
  <verse>
    <verseIdArabic>٥٦</verseIdArabic>
    <verseId>56</verseId>
    <chapterId>40</chapterId>
    <textIndopak>إِنَّ ٱلَّذِينَ يُجَٰدِلُونَ فِيٓ ءَايَٰتِ ٱللَّهِ بِغَيۡرِ سُلۡطَٰنٍ أَتَىٰهُمۡ إِن فِي صُدُورِهِمۡ إِلَّا كِبۡرٞ مَّا هُم بِبَٰلِغِيهِۚ فَٱسۡتَعِذۡ بِٱللَّهِۖ إِنَّهُۥ هُوَ ٱلسَّمِيعُ ٱلۡبَصِيرُ</textIndopak>
    <translations>
      <translation>
        <author>Dr. Mustafa Khattab, the Clear Quran</author>
        <text>Surely those who dispute Allah’s signs—with no proof given to them—have nothing in their hearts but greed for dominance, which they will never attain. So seek refuge in Allah. Indeed, He alone is the All-Hearing, All-Seeing.</text>
      </translation>
    </translations>
    <rules>[{"start": 2, "end": 5, "rule_id": 0}, {"start": 117, "end": 120, "rule_id": 0}, {"start": 167, "end": 170, "rule_id": 0}, {"start": 112, "end": 114, "rule_id": 1}, {"start": 114, "end": 120, "rule_id": 3}, {"start": 85, "end": 89, "rule_id": 6}, {"start": 124, "end": 128, "rule_id": 7}]</rules>
  </verse>
  <verse>
    <verseIdArabic>٥٧</verseIdArabic>
    <verseId>57</verseId>
    <chapterId>40</chapterId>
    <textIndopak>لَخَلۡقُ ٱلسَّمَٰوَٰتِ وَٱلۡأَرۡضِ أَكۡبَرُ مِنۡ خَلۡقِ ٱلنَّاسِ وَلَٰكِنَّ أَكۡثَرَ ٱلنَّاسِ لَا يَعۡلَمُونَ</textIndopak>
    <translations>
      <translation>
        <author>Dr. Mustafa Khattab, the Clear Quran</author>
        <text>The creation of the heavens and the earth is certainly greater than the re-creation of humankind, but most people do not know.</text>
      </translation>
    </translations>
    <rules>[{"start": 58, "end": 61, "rule_id": 0}, {"start": 72, "end": 75, "rule_id": 0}, {"start": 87, "end": 90, "rule_id": 0}]</rules>
  </verse>
  <verse>
    <verseIdArabic>٥٨</verseIdArabic>
    <verseId>58</verseId>
    <chapterId>40</chapterId>
    <textIndopak>وَمَا يَسۡتَوِي ٱلۡأَعۡمَىٰ وَٱلۡبَصِيرُ وَٱلَّذِينَ ءَامَنُواْ وَعَمِلُواْ ٱلصَّٰلِحَٰتِ وَلَا ٱلۡمُسِيٓءُۚ قَلِيلٗا مَّا تَتَذَكَّرُونَ</textIndopak>
    <translations>
      <translation>
        <author>Dr. Mustafa Khattab, the Clear Quran</author>
        <text>Those blind ˹to the truth˺ and those who can see are not equal, nor are those who believe and do good ˹equal˺ to those who do evil. Yet you are hardly mindful.</text>
      </translation>
    </translations>
    <rules>[{"start": 119, "end": 122, "rule_id": 0}, {"start": 115, "end": 122, "rule_id": 3}]</rules>
  </verse>
  <verse>
    <verseIdArabic>٥٩</verseIdArabic>
    <verseId>59</verseId>
    <chapterId>40</chapterId>
    <textIndopak>إِنَّ ٱلسَّاعَةَ لَأٓتِيَةٞ لَّا رَيۡبَ فِيهَا وَلَٰكِنَّ أَكۡثَرَ ٱلنَّاسِ لَا يُؤۡمِنُونَ</textIndopak>
    <translations>
      <translation>
        <author>Dr. Mustafa Khattab, the Clear Quran</author>
        <text>The Hour is certainly coming, there is no doubt about it. But most people do not believe.</text>
      </translation>
    </translations>
    <rules>[{"start": 2, "end": 5, "rule_id": 0}, {"start": 55, "end": 58, "rule_id": 0}, {"start": 70, "end": 73, "rule_id": 0}, {"start": 26, "end": 32, "rule_id": 5}]</rules>
  </verse>
  <verse>
    <verseIdArabic>٦٠</verseIdArabic>
    <verseId>60</verseId>
    <chapterId>40</chapterId>
    <textIndopak>وَقَالَ رَبُّكُمُ ٱدۡعُونِيٓ أَسۡتَجِبۡ لَكُمۡۚ إِنَّ ٱلَّذِينَ يَسۡتَكۡبِرُونَ عَنۡ عِبَادَتِي سَيَدۡخُلُونَ جَهَنَّمَ دَاخِرِينَ</textIndopak>
    <translations>
      <translation>
        <author>Dr. Mustafa Khattab, the Clear Quran</author>
        <text>Your Lord has proclaimed, “Call upon Me, I will respond to you. Surely those who are too proud to worship Me will enter Hell, fully humbled.”</text>
      </translation>
    </translations>
    <rules>[{"start": 51, "end": 54, "rule_id": 0}, {"start": 115, "end": 118, "rule_id": 0}, {"start": 19, "end": 21, "rule_id": 1}, {"start": 37, "end": 39, "rule_id": 1}, {"start": 101, "end": 103, "rule_id": 1}]</rules>
  </verse>
  <verse>
    <verseIdArabic>٦١</verseIdArabic>
    <verseId>61</verseId>
    <chapterId>40</chapterId>
    <textIndopak>ٱللَّهُ ٱلَّذِي جَعَلَ لَكُمُ ٱلَّيۡلَ لِتَسۡكُنُواْ فِيهِ وَٱلنَّهَارَ مُبۡصِرًاۚ إِنَّ ٱللَّهَ لَذُو فَضۡلٍ عَلَى ٱلنَّاسِ وَلَٰكِنَّ أَكۡثَرَ ٱلنَّاسِ لَا يَشۡكُرُونَ</textIndopak>
    <translations>
      <translation>
        <author>Dr. Mustafa Khattab, the Clear Quran</author>
        <text>It is Allah Who has made the night for you to rest in and the day bright. Surely Allah is ever Bountiful to humanity, but most people are ungrateful.</text>
      </translation>
    </translations>
    <rules>[{"start": 63, "end": 66, "rule_id": 0}, {"start": 86, "end": 89, "rule_id": 0}, {"start": 119, "end": 122, "rule_id": 0}, {"start": 133, "end": 136, "rule_id": 0}, {"start": 148, "end": 151, "rule_id": 0}, {"start": 74, "end": 76, "rule_id": 1}]</rules>
  </verse>
  <verse>
    <verseIdArabic>٦٢</verseIdArabic>
    <verseId>62</verseId>
    <chapterId>40</chapterId>
    <textIndopak>ذَٰلِكُمُ ٱللَّهُ رَبُّكُمۡ خَٰلِقُ كُلِّ شَيۡءٖ لَّآ إِلَٰهَ إِلَّا هُوَۖ فَأَنَّىٰ تُؤۡفَكُونَ</textIndopak>
    <translations>
      <translation>
        <author>Dr. Mustafa Khattab, the Clear Quran</author>
        <text>That is Allah, your Lord, the Creator of all things. There is no god ˹worthy of worship˺ except Him. How can you then be deluded ˹from the truth˺?</text>
      </translation>
    </translations>
    <rules>[{"start": 81, "end": 84, "rule_id": 0}, {"start": 46, "end": 52, "rule_id": 5}]</rules>
  </verse>
  <verse>
    <verseIdArabic>٦٣</verseIdArabic>
    <verseId>63</verseId>
    <chapterId>40</chapterId>
    <textIndopak>كَذَٰلِكَ يُؤۡفَكُ ٱلَّذِينَ كَانُواْ بِـَٔايَٰتِ ٱللَّهِ يَجۡحَدُونَ</textIndopak>
    <translations>
      <translation>
        <author>Dr. Mustafa Khattab, the Clear Quran</author>
        <text>This is how those who used to reject Allah’s signs were ˹also˺ deluded.</text>
      </translation>
    </translations>
    <rules>[{"start": 60, "end": 62, "rule_id": 1}]</rules>
  </verse>
  <verse>
    <verseIdArabic>٦٤</verseIdArabic>
    <verseId>64</verseId>
    <chapterId>40</chapterId>
    <textIndopak>ٱللَّهُ ٱلَّذِي جَعَلَ لَكُمُ ٱلۡأَرۡضَ قَرَارٗا وَٱلسَّمَآءَ بِنَآءٗ وَصَوَّرَكُمۡ فَأَحۡسَنَ صُوَرَكُمۡ وَرَزَقَكُم مِّنَ ٱلطَّيِّبَٰتِۚ ذَٰلِكُمُ ٱللَّهُ رَبُّكُمۡۖ فَتَبَارَكَ ٱللَّهُ رَبُّ ٱلۡعَٰلَمِينَ</textIndopak>
    <translations>
      <translation>
        <author>Dr. Mustafa Khattab, the Clear Quran</author>
        <text>It is Allah Who made the earth a place of settlement for you and the sky a canopy. He shaped you ˹in the womb˺, perfecting your form. And He has provided you with what is good and lawful. That is Allah—your Lord. So Blessed is Allah, Lord of all worlds.</text>
      </translation>
    </translations>
    <rules>[{"start": 120, "end": 123, "rule_id": 0}, {"start": 45, "end": 51, "rule_id": 3}, {"start": 69, "end": 74, "rule_id": 3}, {"start": 118, "end": 123, "rule_id": 4}]</rules>
  </verse>
  <verse>
    <verseIdArabic>٦٥</verseIdArabic>
    <verseId>65</verseId>
    <chapterId>40</chapterId>
    <textIndopak>هُوَ ٱلۡحَيُّ لَآ إِلَٰهَ إِلَّا هُوَ فَٱدۡعُوهُ مُخۡلِصِينَ لَهُ ٱلدِّينَۗ ٱلۡحَمۡدُ لِلَّهِ رَبِّ ٱلۡعَٰلَمِينَ</textIndopak>
    <translations>
      <translation>
        <author>Dr. Mustafa Khattab, the Clear Quran</author>
        <text>He is the Ever-Living. There is no god ˹worthy of worship˺ except Him. So call upon Him with sincere devotion, ˹saying,˺ “All praise is for Allah—Lord of all worlds.”</text>
      </translation>
    </translations>
    <rules>[{"start": 42, "end": 44, "rule_id": 1}]</rules>
  </verse>
  <verse>
    <verseIdArabic>٦٦</verseIdArabic>
    <verseId>66</verseId>
    <chapterId>40</chapterId>
    <textIndopak>۞ قُلۡ إِنِّي نُهِيتُ أَنۡ أَعۡبُدَ ٱلَّذِينَ تَدۡعُونَ مِن دُونِ ٱللَّهِ لَمَّا جَآءَنِيَ ٱلۡبَيِّنَٰتُ مِن رَّبِّي وَأُمِرۡتُ أَنۡ أُسۡلِمَ لِرَبِّ ٱلۡعَٰلَمِينَ</textIndopak>
    <translations>
      <translation>
        <author>Dr. Mustafa Khattab, the Clear Quran</author>
        <text>Say, ˹O Prophet,˺ “I have been forbidden to worship those ˹idols˺ you worship besides Allah, since clear proofs have come to me from my Lord. And I have been commanded to ˹fully˺ submit to the Lord of all worlds.”</text>
      </translation>
    </translations>
    <rules>[{"start": 9, "end": 12, "rule_id": 0}, {"start": 76, "end": 79, "rule_id": 0}, {"start": 48, "end": 50, "rule_id": 1}, {"start": 108, "end": 113, "rule_id": 5}, {"start": 58, "end": 62, "rule_id": 6}]</rules>
  </verse>
  <verse>
    <verseIdArabic>٦٧</verseIdArabic>
    <verseId>67</verseId>
    <chapterId>40</chapterId>
    <textIndopak>هُوَ ٱلَّذِي خَلَقَكُم مِّن تُرَابٖ ثُمَّ مِن نُّطۡفَةٖ ثُمَّ مِنۡ عَلَقَةٖ ثُمَّ يُخۡرِجُكُمۡ طِفۡلٗا ثُمَّ لِتَبۡلُغُوٓاْ أَشُدَّكُمۡ ثُمَّ لِتَكُونُواْ شُيُوخٗاۚ وَمِنكُم مَّن يُتَوَفَّىٰ مِن قَبۡلُۖ وَلِتَبۡلُغُوٓاْ أَجَلٗا مُّسَمّٗى وَلَعَلَّكُمۡ تَعۡقِلُونَ</textIndopak>
    <translations>
      <translation>
        <author>Dr. Mustafa Khattab, the Clear Quran</author>
        <text>He is the One Who created you from dust, then from a sperm-drop, then ˹developed you into˺ a clinging clot ˹of blood˺, then He brings you forth as infants, so that you may reach your prime, and become old—though some of you ˹may˺ die sooner—reaching an appointed time, so perhaps you may understand ˹Allah’s power˺.</text>
      </translation>
    </translations>
    <rules>[{"start": 23, "end": 26, "rule_id": 0}, {"start": 38, "end": 41, "rule_id": 0}, {"start": 46, "end": 49, "rule_id": 0}, {"start": 58, "end": 61, "rule_id": 0}, {"start": 78, "end": 81, "rule_id": 0}, {"start": 105, "end": 108, "rule_id": 0}, {"start": 138, "end": 141, "rule_id": 0}, {"start": 175, "end": 178, "rule_id": 0}, {"start": 230, "end": 233, "rule_id": 0}, {"start": 235, "end": 238, "rule_id": 0}, {"start": 49, "end": 51, "rule_id": 1}, {"start": 113, "end": 115, "rule_id": 1}, {"start": 198, "end": 200, "rule_id": 1}, {"start": 211, "end": 213, "rule_id": 1}, {"start": 44, "end": 49, "rule_id": 3}, {"start": 178, "end": 182, "rule_id": 3}, {"start": 226, "end": 233, "rule_id": 3}, {"start": 21, "end": 26, "rule_id": 4}, {"start": 173, "end": 178, "rule_id": 4}, {"start": 26, "end": 30, "rule_id": 6}, {"start": 170, "end": 173, "rule_id": 6}, {"start": 194, "end": 198, "rule_id": 6}, {"start": 33, "end": 38, "rule_id": 6}, {"start": 53, "end": 58, "rule_id": 6}, {"start": 73,</rules>
  </verse>
  <verse>
    <verseIdArabic>٦٨</verseIdArabic>
    <verseId>68</verseId>
    <chapterId>40</chapterId>
    <textIndopak>هُوَ ٱلَّذِي يُحۡيِۦ وَيُمِيتُۖ فَإِذَا قَضَىٰٓ أَمۡرٗا فَإِنَّمَا يَقُولُ لَهُۥ كُن فَيَكُونُ</textIndopak>
    <translations>
      <translation>
        <author>Dr. Mustafa Khattab, the Clear Quran</author>
        <text>He is the One Who gives life and causes death. When He decrees a matter, He simply tells it, “Be!” And it is!</text>
      </translation>
    </translations>
    <rules>[{"start": 61, "end": 64, "rule_id": 0}, {"start": 84, "end": 88, "rule_id": 6}]</rules>
  </verse>
  <verse>
    <verseIdArabic>٦٩</verseIdArabic>
    <verseId>69</verseId>
    <chapterId>40</chapterId>
    <textIndopak>أَلَمۡ تَرَ إِلَى ٱلَّذِينَ يُجَٰدِلُونَ فِيٓ ءَايَٰتِ ٱللَّهِ أَنَّىٰ يُصۡرَفُونَ</textIndopak>
    <translations>
      <translation>
        <author>Dr. Mustafa Khattab, the Clear Quran</author>
        <text>Have you not seen how those who dispute Allah’s signs are turned away?</text>
      </translation>
    </translations>
    <rules>[{"start": 65, "end": 68, "rule_id": 0}]</rules>
  </verse>
  <verse>
    <verseIdArabic>٧٠</verseIdArabic>
    <verseId>70</verseId>
    <chapterId>40</chapterId>
    <textIndopak>ٱلَّذِينَ كَذَّبُواْ بِٱلۡكِتَٰبِ وَبِمَآ أَرۡسَلۡنَا بِهِۦ رُسُلَنَاۖ فَسَوۡفَ يَعۡلَمُونَ</textIndopak>
    <translations>
      <translation>
        <author>Dr. Mustafa Khattab, the Clear Quran</author>
        <text>˹They are˺ the ones who reject this Book and all ˹scriptures˺ We sent Our messengers with. So they will know ˹the consequences˺</text>
      </translation>
    </translations>
  </verse>
  <verse>
    <verseIdArabic>٧١</verseIdArabic>
    <verseId>71</verseId>
    <chapterId>40</chapterId>
    <textIndopak>إِذِ ٱلۡأَغۡلَٰلُ فِيٓ أَعۡنَٰقِهِمۡ وَٱلسَّلَٰسِلُ يُسۡحَبُونَ</textIndopak>
    <translations>
      <translation>
        <author>Dr. Mustafa Khattab, the Clear Quran</author>
        <text>when shackles will be around their necks and chains ˹on their legs˺. They will be dragged</text>
      </translation>
    </translations>
  </verse>
  <verse>
    <verseIdArabic>٧٢</verseIdArabic>
    <verseId>72</verseId>
    <chapterId>40</chapterId>
    <textIndopak>فِي ٱلۡحَمِيمِ ثُمَّ فِي ٱلنَّارِ يُسۡجَرُونَ</textIndopak>
    <translations>
      <translation>
        <author>Dr. Mustafa Khattab, the Clear Quran</author>
        <text>through boiling water, then burned in the Fire ˹as fuel˺.</text>
      </translation>
    </translations>
    <rules>[{"start": 17, "end": 20, "rule_id": 0}, {"start": 27, "end": 30, "rule_id": 0}]</rules>
  </verse>
  <verse>
    <verseIdArabic>٧٣</verseIdArabic>
    <verseId>73</verseId>
    <chapterId>40</chapterId>
    <textIndopak>ثُمَّ قِيلَ لَهُمۡ أَيۡنَ مَا كُنتُمۡ تُشۡرِكُونَ</textIndopak>
    <translations>
      <translation>
        <author>Dr. Mustafa Khattab, the Clear Quran</author>
        <text>Then they will be asked, “Where are those ˹idols˺ you used to associate</text>
      </translation>
    </translations>
    <rules>[{"start": 2, "end": 5, "rule_id": 0}, {"start": 32, "end": 35, "rule_id": 6}]</rules>
  </verse>
  <verse>
    <verseIdArabic>٧٤</verseIdArabic>
    <verseId>74</verseId>
    <chapterId>40</chapterId>
    <textIndopak>مِن دُونِ ٱللَّهِۖ قَالُواْ ضَلُّواْ عَنَّا بَل لَّمۡ نَكُن نَّدۡعُواْ مِن قَبۡلُ شَيۡـٔٗاۚ كَذَٰلِكَ يُضِلُّ ٱللَّهُ ٱلۡكَٰفِرِينَ</textIndopak>
    <translations>
      <translation>
        <author>Dr. Mustafa Khattab, the Clear Quran</author>
        <text>with Allah?” They will cry, “They have ˹all˺ failed us. In fact, we did not invoke anything ˹real˺ before.” This is how Allah leaves the disbelievers to stray.</text>
      </translation>
    </translations>
    <rules>[{"start": 40, "end": 43, "rule_id": 0}, {"start": 61, "end": 64, "rule_id": 0}, {"start": 64, "end": 66, "rule_id": 1}, {"start": 78, "end": 80, "rule_id": 1}, {"start": 59, "end": 64, "rule_id": 3}, {"start": 2, "end": 6, "rule_id": 6}, {"start": 74, "end": 78, "rule_id": 6}]</rules>
  </verse>
  <verse>
    <verseIdArabic>٧٥</verseIdArabic>
    <verseId>75</verseId>
    <chapterId>40</chapterId>
    <textIndopak>ذَٰلِكُم بِمَا كُنتُمۡ تَفۡرَحُونَ فِي ٱلۡأَرۡضِ بِغَيۡرِ ٱلۡحَقِّ وَبِمَا كُنتُمۡ تَمۡرَحُونَ</textIndopak>
    <translations>
      <translation>
        <author>Dr. Mustafa Khattab, the Clear Quran</author>
        <text>˹They will be told,˺ “This ˹punishment˺ is for being prideful on earth unjustly and for acting arrogantly.</text>
      </translation>
    </translations>
    <rules>[{"start": 17, "end": 20, "rule_id": 6}, {"start": 77, "end": 80, "rule_id": 6}, {"start": 7, "end": 11, "rule_id": 7}]</rules>
  </verse>
  <verse>
    <verseIdArabic>٧٦</verseIdArabic>
    <verseId>76</verseId>
    <chapterId>40</chapterId>
    <textIndopak>ٱدۡخُلُوٓاْ أَبۡوَٰبَ جَهَنَّمَ خَٰلِدِينَ فِيهَاۖ فَبِئۡسَ مَثۡوَى ٱلۡمُتَكَبِّرِينَ</textIndopak>
    <translations>
      <translation>
        <author>Dr. Mustafa Khattab, the Clear Quran</author>
        <text>Enter the gates of Hell, to stay there forever. What an evil home for the arrogant!”</text>
      </translation>
    </translations>
    <rules>[{"start": 26, "end": 29, "rule_id": 0}, {"start": 1, "end": 3, "rule_id": 1}, {"start": 14, "end": 16, "rule_id": 1}]</rules>
  </verse>
  <verse>
    <verseIdArabic>٧٧</verseIdArabic>
    <verseId>77</verseId>
    <chapterId>40</chapterId>
    <textIndopak>فَٱصۡبِرۡ إِنَّ وَعۡدَ ٱللَّهِ حَقّٞۚ فَإِمَّا نُرِيَنَّكَ بَعۡضَ ٱلَّذِي نَعِدُهُمۡ أَوۡ نَتَوَفَّيَنَّكَ فَإِلَيۡنَا يُرۡجَعُونَ</textIndopak>
    <translations>
      <translation>
        <author>Dr. Mustafa Khattab, the Clear Quran</author>
        <text>So be patient ˹O Prophet˺. Surely Allah’s promise is true. Whether We show you some of what We threaten them with, or cause you to die ˹before that˺, to Us they will ˹all˺ be returned.</text>
      </translation>
    </translations>
    <rules>[{"start": 12, "end": 15, "rule_id": 0}, {"start": 43, "end": 46, "rule_id": 0}, {"start": 54, "end": 57, "rule_id": 0}, {"start": 102, "end": 105, "rule_id": 0}]</rules>
  </verse>
  <verse>
    <verseIdArabic>٧٨</verseIdArabic>
    <verseId>78</verseId>
    <chapterId>40</chapterId>
    <textIndopak>وَلَقَدۡ أَرۡسَلۡنَا رُسُلٗا مِّن قَبۡلِكَ مِنۡهُم مَّن قَصَصۡنَا عَلَيۡكَ وَمِنۡهُم مَّن لَّمۡ نَقۡصُصۡ عَلَيۡكَۗ وَمَا كَانَ لِرَسُولٍ أَن يَأۡتِيَ بِـَٔايَةٍ إِلَّا بِإِذۡنِ ٱللَّهِۚ فَإِذَا جَآءَ أَمۡرُ ٱللَّهِ قُضِيَ بِٱلۡحَقِّ وَخَسِرَ هُنَالِكَ ٱلۡمُبۡطِلُونَ</textIndopak>
    <translations>
      <translation>
        <author>Dr. Mustafa Khattab, the Clear Quran</author>
        <text>We already sent messengers before you. We have told you the stories of some of them, while others We have not. It was not for any messenger to bring a sign without Allah’s permission. But when Allah’s decree comes, judgment will be passed with fairness, and the people of falsehood will then be in ˹total˺ loss.</text>
      </translation>
    </translations>
    <rules>[{"start": 29, "end": 32, "rule_id": 0}, {"start": 51, "end": 54, "rule_id": 0}, {"start": 85, "end": 88, "rule_id": 0}, {"start": 6, "end": 8, "rule_id": 1}, {"start": 36, "end": 38, "rule_id": 1}, {"start": 98, "end": 100, "rule_id": 1}, {"start": 260, "end": 262, "rule_id": 1}, {"start": 140, "end": 144, "rule_id": 3}, {"start": 25, "end": 32, "rule_id": 3}, {"start": 49, "end": 54, "rule_id": 4}, {"start": 83, "end": 88, "rule_id": 4}, {"start": 88, "end": 93, "rule_id": 5}, {"start": 32, "end": 36, "rule_id": 6}, {"start": 54, "end": 58, "rule_id": 6}]</rules>
  </verse>
  <verse>
    <verseIdArabic>٧٩</verseIdArabic>
    <verseId>79</verseId>
    <chapterId>40</chapterId>
    <textIndopak>ٱللَّهُ ٱلَّذِي جَعَلَ لَكُمُ ٱلۡأَنۡعَٰمَ لِتَرۡكَبُواْ مِنۡهَا وَمِنۡهَا تَأۡكُلُونَ</textIndopak>
    <translations>
      <translation>
        <author>Dr. Mustafa Khattab, the Clear Quran</author>
        <text>It is Allah Who made cattle for you so that you may ride some and eat others.</text>
      </translation>
    </translations>
  </verse>
  <verse>
    <verseIdArabic>٨٠</verseIdArabic>
    <verseId>80</verseId>
    <chapterId>40</chapterId>
    <textIndopak>وَلَكُمۡ فِيهَا مَنَٰفِعُ وَلِتَبۡلُغُواْ عَلَيۡهَا حَاجَةٗ فِي صُدُورِكُمۡ وَعَلَيۡهَا وَعَلَى ٱلۡفُلۡكِ تُحۡمَلُونَ</textIndopak>
    <translations>
      <translation>
        <author>Dr. Mustafa Khattab, the Clear Quran</author>
        <text>Also, you find in them ˹other˺ benefits. And by means of them you may reach destinations you desire. And you are carried upon ˹some of˺ them and upon ships.</text>
      </translation>
    </translations>
    <rules>[{"start": 32, "end": 34, "rule_id": 1}, {"start": 57, "end": 62, "rule_id": 6}]</rules>
  </verse>
  <verse>
    <verseIdArabic>٨١</verseIdArabic>
    <verseId>81</verseId>
    <chapterId>40</chapterId>
    <textIndopak>وَيُرِيكُمۡ ءَايَٰتِهِۦ فَأَيَّ ءَايَٰتِ ٱللَّهِ تُنكِرُونَ</textIndopak>
    <translations>
      <translation>
        <author>Dr. Mustafa Khattab, the Clear Quran</author>
        <text>And He shows you His signs. Now which of Allah’s signs will you deny?</text>
      </translation>
    </translations>
    <rules>[{"start": 51, "end": 54, "rule_id": 6}]</rules>
  </verse>
  <verse>
    <verseIdArabic>٨٢</verseIdArabic>
    <verseId>82</verseId>
    <chapterId>40</chapterId>
    <textIndopak>أَفَلَمۡ يَسِيرُواْ فِي ٱلۡأَرۡضِ فَيَنظُرُواْ كَيۡفَ كَانَ عَٰقِبَةُ ٱلَّذِينَ مِن قَبۡلِهِمۡۚ كَانُوٓاْ أَكۡثَرَ مِنۡهُمۡ وَأَشَدَّ قُوَّةٗ وَءَاثَارٗا فِي ٱلۡأَرۡضِ فَمَآ أَغۡنَىٰ عَنۡهُم مَّا كَانُواْ يَكۡسِبُونَ</textIndopak>
    <translations>
      <translation>
        <author>Dr. Mustafa Khattab, the Clear Quran</author>
        <text>Have they not travelled throughout the land to see what was the end of those who were ˹destroyed˺ before them? They were far superior in might and ˹richer in˺ monuments throughout the land, but their ˹worldly˺ gains were of no benefit to them.</text>
      </translation>
    </translations>
    <rules>[{"start": 193, "end": 196, "rule_id": 0}, {"start": 86, "end": 88, "rule_id": 1}, {"start": 140, "end": 145, "rule_id": 3}, {"start": 191, "end": 196, "rule_id": 4}, {"start": 38, "end": 41, "rule_id": 6}, {"start": 82, "end": 86, "rule_id": 6}]</rules>
  </verse>
  <verse>
    <verseIdArabic>٨٣</verseIdArabic>
    <verseId>83</verseId>
    <chapterId>40</chapterId>
    <textIndopak>فَلَمَّا جَآءَتۡهُمۡ رُسُلُهُم بِٱلۡبَيِّنَٰتِ فَرِحُواْ بِمَا عِندَهُم مِّنَ ٱلۡعِلۡمِ وَحَاقَ بِهِم مَّا كَانُواْ بِهِۦ يَسۡتَهۡزِءُونَ</textIndopak>
    <translations>
      <translation>
        <author>Dr. Mustafa Khattab, the Clear Quran</author>
        <text>When their messengers came to them with clear proofs, they were prideful in whatever ˹worldly˺ knowledge they had, and were ˹ultimately˺ overwhelmed by what they used to ridicule.</text>
      </translation>
    </translations>
    <rules>[{"start": 4, "end": 7, "rule_id": 0}, {"start": 73, "end": 76, "rule_id": 0}, {"start": 103, "end": 106, "rule_id": 0}, {"start": 71, "end": 76, "rule_id": 4}, {"start": 101, "end": 106, "rule_id": 4}, {"start": 66, "end": 69, "rule_id": 6}, {"start": 30, "end": 34, "rule_id": 7}]</rules>
  </verse>
  <verse>
    <verseIdArabic>٨٤</verseIdArabic>
    <verseId>84</verseId>
    <chapterId>40</chapterId>
    <textIndopak>فَلَمَّا رَأَوۡاْ بَأۡسَنَا قَالُوٓاْ ءَامَنَّا بِٱللَّهِ وَحۡدَهُۥ وَكَفَرۡنَا بِمَا كُنَّا بِهِۦ مُشۡرِكِينَ</textIndopak>
    <translations>
      <translation>
        <author>Dr. Mustafa Khattab, the Clear Quran</author>
        <text>When they saw Our punishment, they cried, “˹Now˺ we believe in Allah alone and reject what we had been associating with Him!”</text>
      </translation>
    </translations>
    <rules>[{"start": 4, "end": 7, "rule_id": 0}, {"start": 43, "end": 46, "rule_id": 0}, {"start": 88, "end": 91, "rule_id": 0}]</rules>
  </verse>
  <verse>
    <verseIdArabic>٨٥</verseIdArabic>
    <verseId>85</verseId>
    <chapterId>40</chapterId>
    <textIndopak>فَلَمۡ يَكُ يَنفَعُهُمۡ إِيمَٰنُهُمۡ لَمَّا رَأَوۡاْ بَأۡسَنَاۖ سُنَّتَ ٱللَّهِ ٱلَّتِي قَدۡ خَلَتۡ فِي عِبَادِهِۦۖ وَخَسِرَ هُنَالِكَ ٱلۡكَٰفِرُونَ</textIndopak>
    <translations>
      <translation>
        <author>Dr. Mustafa Khattab, the Clear Quran</author>
        <text>But their faith was of no benefit to them when they saw Our torment. This has ˹always˺ been Allah’s way ˹of dealing˺ with His ˹wicked˺ servants. Then and there the disbelievers were in ˹total˺ loss.</text>
      </translation>
    </translations>
    <rules>[{"start": 39, "end": 42, "rule_id": 0}, {"start": 67, "end": 70, "rule_id": 0}, {"start": 91, "end": 93, "rule_id": 1}, {"start": 14, "end": 17, "rule_id": 6}]</rules>
  </verse>
</verses>
