<?xml version="1.0" encoding="UTF-8"?>

<verses>
  <verse>
    <verseIdArabic>١</verseIdArabic>
    <verseId>1</verseId>
    <chapterId>41</chapterId>
    <textIndopak>حمٓ</textIndopak>
    <translations>
      <translation>
        <author>Dr. Mustafa Khattab, the Clear Quran</author>
        <text>Ḥâ-Mĩm.</text>
      </translation>
    </translations>
  </verse>
  <verse>
    <verseIdArabic>٢</verseIdArabic>
    <verseId>2</verseId>
    <chapterId>41</chapterId>
    <textIndopak>تَنزِيلٞ مِّنَ ٱلرَّحۡمَٰنِ ٱلرَّحِيمِ</textIndopak>
    <translations>
      <translation>
        <author>Dr. Mustafa Khattab, the Clear Quran</author>
        <text>˹This is˺ a revelation from the Most Compassionate, Most Merciful.</text>
      </translation>
    </translations>
    <rules>[{"start": 9, "end": 12, "rule_id": 0}, {"start": 6, "end": 12, "rule_id": 3}, {"start": 2, "end": 5, "rule_id": 6}]</rules>
  </verse>
  <verse>
    <verseIdArabic>٣</verseIdArabic>
    <verseId>3</verseId>
    <chapterId>41</chapterId>
    <textIndopak>كِتَٰبٞ فُصِّلَتۡ ءَايَٰتُهُۥ قُرۡءَانًا عَرَبِيّٗا لِّقَوۡمٖ يَعۡلَمُونَ</textIndopak>
    <translations>
      <translation>
        <author>Dr. Mustafa Khattab, the Clear Quran</author>
        <text>˹It is˺ a Book whose verses are perfectly explained—a Quran in Arabic for people who know,</text>
      </translation>
    </translations>
    <rules>[{"start": 59, "end": 64, "rule_id": 3}, {"start": 47, "end": 55, "rule_id": 5}, {"start": 5, "end": 10, "rule_id": 6}]</rules>
  </verse>
  <verse>
    <verseIdArabic>٤</verseIdArabic>
    <verseId>4</verseId>
    <chapterId>41</chapterId>
    <textIndopak>بَشِيرٗا وَنَذِيرٗا فَأَعۡرَضَ أَكۡثَرُهُمۡ فَهُمۡ لَا يَسۡمَعُونَ</textIndopak>
    <translations>
      <translation>
        <author>Dr. Mustafa Khattab, the Clear Quran</author>
        <text>delivering good news and warning. Yet most of them turn away, so they do not hear.</text>
      </translation>
    </translations>
    <rules>[{"start": 5, "end": 11, "rule_id": 3}]</rules>
  </verse>
  <verse>
    <verseIdArabic>٥</verseIdArabic>
    <verseId>5</verseId>
    <chapterId>41</chapterId>
    <textIndopak>وَقَالُواْ قُلُوبُنَا فِيٓ أَكِنَّةٖ مِّمَّا تَدۡعُونَآ إِلَيۡهِ وَفِيٓ ءَاذَانِنَا وَقۡرٞ وَمِنۢ بَيۡنِنَا وَبَيۡنِكَ حِجَابٞ فَٱعۡمَلۡ إِنَّنَا عَٰمِلُونَ</textIndopak>
    <translations>
      <translation>
        <author>Dr. Mustafa Khattab, the Clear Quran</author>
        <text>They say, “Our hearts are veiled against what you are calling us to, there is deafness in our ears, and there is a barrier between us and you. So do ˹whatever you want˺ and so shall we!”</text>
      </translation>
    </translations>
    <rules>[{"start": 31, "end": 34, "rule_id": 0}, {"start": 37, "end": 40, "rule_id": 0}, {"start": 40, "end": 43, "rule_id": 0}, {"start": 140, "end": 143, "rule_id": 0}, {"start": 47, "end": 49, "rule_id": 1}, {"start": 87, "end": 89, "rule_id": 1}, {"start": 96, "end": 101, "rule_id": 2}, {"start": 34, "end": 40, "rule_id": 3}, {"start": 89, "end": 94, "rule_id": 3}, {"start": 125, "end": 130, "rule_id": 6}]</rules>
  </verse>
  <verse>
    <verseIdArabic>٦</verseIdArabic>
    <verseId>6</verseId>
    <chapterId>41</chapterId>
    <textIndopak>قُلۡ إِنَّمَآ أَنَا۠ بَشَرٞ مِّثۡلُكُمۡ يُوحَىٰٓ إِلَيَّ أَنَّمَآ إِلَٰهُكُمۡ إِلَٰهٞ وَٰحِدٞ فَٱسۡتَقِيمُوٓاْ إِلَيۡهِ وَٱسۡتَغۡفِرُوهُۗ وَوَيۡلٞ لِّلۡمُشۡرِكِينَ</textIndopak>
    <translations>
      <translation>
        <author>Dr. Mustafa Khattab, the Clear Quran</author>
        <text>Say, ˹O Prophet,˺ “I am only a man like you, ˹but˺ it has been revealed to me that your God is only One God. So take the Straight Way towards Him, and seek His forgiveness. And woe to the polytheists—</text>
      </translation>
    </translations>
    <rules>[{"start": 7, "end": 10, "rule_id": 0}, {"start": 29, "end": 32, "rule_id": 0}, {"start": 60, "end": 63, "rule_id": 0}, {"start": 26, "end": 32, "rule_id": 3}, {"start": 85, "end": 91, "rule_id": 3}, {"start": 147, "end": 153, "rule_id": 5}, {"start": 93, "end": 98, "rule_id": 6}]</rules>
  </verse>
  <verse>
    <verseIdArabic>٧</verseIdArabic>
    <verseId>7</verseId>
    <chapterId>41</chapterId>
    <textIndopak>ٱلَّذِينَ لَا يُؤۡتُونَ ٱلزَّكَوٰةَ وَهُم بِٱلۡأٓخِرَةِ هُمۡ كَٰفِرُونَ</textIndopak>
    <translations>
      <translation>
        <author>Dr. Mustafa Khattab, the Clear Quran</author>
        <text>those who do not pay alms-tax and are in denial of the Hereafter.</text>
      </translation>
    </translations>
    <rules>[{"start": 40, "end": 44, "rule_id": 7}]</rules>
  </verse>
  <verse>
    <verseIdArabic>٨</verseIdArabic>
    <verseId>8</verseId>
    <chapterId>41</chapterId>
    <textIndopak>إِنَّ ٱلَّذِينَ ءَامَنُواْ وَعَمِلُواْ ٱلصَّٰلِحَٰتِ لَهُمۡ أَجۡرٌ غَيۡرُ مَمۡنُونٖ</textIndopak>
    <translations>
      <translation>
        <author>Dr. Mustafa Khattab, the Clear Quran</author>
        <text>˹But˺ those who believe and do good will certainly have a never-ending reward.</text>
      </translation>
    </translations>
    <rules>[{"start": 2, "end": 5, "rule_id": 0}, {"start": 62, "end": 64, "rule_id": 1}]</rules>
  </verse>
  <verse>
    <verseIdArabic>٩</verseIdArabic>
    <verseId>9</verseId>
    <chapterId>41</chapterId>
    <textIndopak>۞ قُلۡ أَئِنَّكُمۡ لَتَكۡفُرُونَ بِٱلَّذِي خَلَقَ ٱلۡأَرۡضَ فِي يَوۡمَيۡنِ وَتَجۡعَلُونَ لَهُۥٓ أَندَادٗاۚ ذَٰلِكَ رَبُّ ٱلۡعَٰلَمِينَ</textIndopak>
    <translations>
      <translation>
        <author>Dr. Mustafa Khattab, the Clear Quran</author>
        <text>Ask ˹them, O Prophet˺, “How can you disbelieve in the One Who created the earth in two Days? And how can you set up equals with Him? That is the Lord of all worlds.</text>
      </translation>
    </translations>
    <rules>[{"start": 11, "end": 14, "rule_id": 0}, {"start": 79, "end": 81, "rule_id": 1}, {"start": 98, "end": 101, "rule_id": 6}]</rules>
  </verse>
  <verse>
    <verseIdArabic>١٠</verseIdArabic>
    <verseId>10</verseId>
    <chapterId>41</chapterId>
    <textIndopak>وَجَعَلَ فِيهَا رَوَٰسِيَ مِن فَوۡقِهَا وَبَٰرَكَ فِيهَا وَقَدَّرَ فِيهَآ أَقۡوَٰتَهَا فِيٓ أَرۡبَعَةِ أَيَّامٖ سَوَآءٗ لِّلسَّآئِلِينَ</textIndopak>
    <translations>
      <translation>
        <author>Dr. Mustafa Khattab, the Clear Quran</author>
        <text>He placed on the earth firm mountains, standing high, showered His blessings upon it, and ordained ˹all˺ its means of sustenance—totaling four Days exactly—for all who ask.</text>
      </translation>
    </translations>
    <rules>[{"start": 77, "end": 79, "rule_id": 1}, {"start": 119, "end": 125, "rule_id": 5}, {"start": 28, "end": 32, "rule_id": 6}, {"start": 110, "end": 115, "rule_id": 6}]</rules>
  </verse>
  <verse>
    <verseIdArabic>١١</verseIdArabic>
    <verseId>11</verseId>
    <chapterId>41</chapterId>
    <textIndopak>ثُمَّ ٱسۡتَوَىٰٓ إِلَى ٱلسَّمَآءِ وَهِيَ دُخَانٞ فَقَالَ لَهَا وَلِلۡأَرۡضِ ٱئۡتِيَا طَوۡعًا أَوۡ كَرۡهٗا قَالَتَآ أَتَيۡنَا طَآئِعِينَ</textIndopak>
    <translations>
      <translation>
        <author>Dr. Mustafa Khattab, the Clear Quran</author>
        <text>Then He turned towards the heaven when it was ˹still like˺ smoke, saying to it and to the earth, ‘Submit, willingly or unwillingly.’ They both responded, ‘We submit willingly.’</text>
      </translation>
    </translations>
    <rules>[{"start": 2, "end": 5, "rule_id": 0}, {"start": 47, "end": 52, "rule_id": 6}]</rules>
  </verse>
  <verse>
    <verseIdArabic>١٢</verseIdArabic>
    <verseId>12</verseId>
    <chapterId>41</chapterId>
    <textIndopak>فَقَضَىٰهُنَّ سَبۡعَ سَمَٰوَاتٖ فِي يَوۡمَيۡنِ وَأَوۡحَىٰ فِي كُلِّ سَمَآءٍ أَمۡرَهَاۚ وَزَيَّنَّا ٱلسَّمَآءَ ٱلدُّنۡيَا بِمَصَٰبِيحَ وَحِفۡظٗاۚ ذَٰلِكَ تَقۡدِيرُ ٱلۡعَزِيزِ ٱلۡعَلِيمِ</textIndopak>
    <translations>
      <translation>
        <author>Dr. Mustafa Khattab, the Clear Quran</author>
        <text>So He formed the heaven into seven heavens in two Days, assigning to each its mandate. And We adorned the lowest heaven with ˹stars like˺ lamps ˹for beauty˺ and for protection. That is the design of the Almighty, All-Knowing.”</text>
      </translation>
    </translations>
    <rules>[{"start": 10, "end": 13, "rule_id": 0}, {"start": 96, "end": 99, "rule_id": 0}, {"start": 16, "end": 18, "rule_id": 1}, {"start": 159, "end": 161, "rule_id": 1}, {"start": 29, "end": 34, "rule_id": 6}]</rules>
  </verse>
  <verse>
    <verseIdArabic>١٣</verseIdArabic>
    <verseId>13</verseId>
    <chapterId>41</chapterId>
    <textIndopak>فَإِنۡ أَعۡرَضُواْ فَقُلۡ أَنذَرۡتُكُمۡ صَٰعِقَةٗ مِّثۡلَ صَٰعِقَةِ عَادٖ وَثَمُودَ</textIndopak>
    <translations>
      <translation>
        <author>Dr. Mustafa Khattab, the Clear Quran</author>
        <text>If they turn away, then say, ˹O Prophet,˺ “I warn you of a ˹mighty˺ blast, like the one that befell ’Ȃd and Thamûd.”</text>
      </translation>
    </translations>
    <rules>[{"start": 50, "end": 53, "rule_id": 0}, {"start": 81, "end": 83, "rule_id": 1}, {"start": 47, "end": 53, "rule_id": 3}, {"start": 71, "end": 76, "rule_id": 3}, {"start": 28, "end": 31, "rule_id": 6}]</rules>
  </verse>
  <verse>
    <verseIdArabic>١٤</verseIdArabic>
    <verseId>14</verseId>
    <chapterId>41</chapterId>
    <textIndopak>إِذۡ جَآءَتۡهُمُ ٱلرُّسُلُ مِنۢ بَيۡنِ أَيۡدِيهِمۡ وَمِنۡ خَلۡفِهِمۡ أَلَّا تَعۡبُدُوٓاْ إِلَّا ٱللَّهَۖ قَالُواْ لَوۡ شَآءَ رَبُّنَا لَأَنزَلَ مَلَٰٓئِكَةٗ فَإِنَّا بِمَآ أُرۡسِلۡتُم بِهِۦ كَٰفِرُونَ</textIndopak>
    <translations>
      <translation>
        <author>Dr. Mustafa Khattab, the Clear Quran</author>
        <text>The messengers had come to them from all angles, ˹proclaiming,˺ “Worship none but Allah.” They responded, “Had our Lord willed, He could have easily sent down angels ˹instead˺. So we totally reject what you have been sent with.”</text>
      </translation>
    </translations>
    <rules>[{"start": 164, "end": 167, "rule_id": 0}, {"start": 30, "end": 35, "rule_id": 2}, {"start": 141, "end": 144, "rule_id": 6}, {"start": 157, "end": 162, "rule_id": 6}, {"start": 186, "end": 190, "rule_id": 7}]</rules>
  </verse>
  <verse>
    <verseIdArabic>١٥</verseIdArabic>
    <verseId>15</verseId>
    <chapterId>41</chapterId>
    <textIndopak>فَأَمَّا عَادٞ فَٱسۡتَكۡبَرُواْ فِي ٱلۡأَرۡضِ بِغَيۡرِ ٱلۡحَقِّ وَقَالُواْ مَنۡ أَشَدُّ مِنَّا قُوَّةًۖ أَوَلَمۡ يَرَوۡاْ أَنَّ ٱللَّهَ ٱلَّذِي خَلَقَهُمۡ هُوَ أَشَدُّ مِنۡهُمۡ قُوَّةٗۖ وَكَانُواْ بِـَٔايَٰتِنَا يَجۡحَدُونَ</textIndopak>
    <translations>
      <translation>
        <author>Dr. Mustafa Khattab, the Clear Quran</author>
        <text>As for ’Ȃd, they acted arrogantly throughout the land with no right, boasting, “Who is superior to us in might?” Did they not see that Allah ˹Himself˺, Who created them, was far superior to them in might? Still they persisted in denying Our signs.</text>
      </translation>
    </translations>
    <rules>[{"start": 4, "end": 7, "rule_id": 0}, {"start": 90, "end": 93, "rule_id": 0}, {"start": 125, "end": 128, "rule_id": 0}, {"start": 216, "end": 218, "rule_id": 1}, {"start": 183, "end": 190, "rule_id": 3}, {"start": 12, "end": 17, "rule_id": 6}]</rules>
  </verse>
  <verse>
    <verseIdArabic>١٦</verseIdArabic>
    <verseId>16</verseId>
    <chapterId>41</chapterId>
    <textIndopak>فَأَرۡسَلۡنَا عَلَيۡهِمۡ رِيحٗا صَرۡصَرٗا فِيٓ أَيَّامٖ نَّحِسَاتٖ لِّنُذِيقَهُمۡ عَذَابَ ٱلۡخِزۡيِ فِي ٱلۡحَيَوٰةِ ٱلدُّنۡيَاۖ وَلَعَذَابُ ٱلۡأٓخِرَةِ أَخۡزَىٰۖ وَهُمۡ لَا يُنصَرُونَ</textIndopak>
    <translations>
      <translation>
        <author>Dr. Mustafa Khattab, the Clear Quran</author>
        <text>So We sent against them a furious wind, for ˹several˺ miserable days, to make them taste a humiliating punishment in this worldly life. But far more humiliating will be the punishment of the Hereafter. And they will not be helped.</text>
      </translation>
    </translations>
    <rules>[{"start": 56, "end": 59, "rule_id": 0}, {"start": 53, "end": 59, "rule_id": 3}, {"start": 64, "end": 70, "rule_id": 5}, {"start": 178, "end": 181, "rule_id": 6}]</rules>
  </verse>
  <verse>
    <verseIdArabic>١٧</verseIdArabic>
    <verseId>17</verseId>
    <chapterId>41</chapterId>
    <textIndopak>وَأَمَّا ثَمُودُ فَهَدَيۡنَٰهُمۡ فَٱسۡتَحَبُّواْ ٱلۡعَمَىٰ عَلَى ٱلۡهُدَىٰ فَأَخَذَتۡهُمۡ صَٰعِقَةُ ٱلۡعَذَابِ ٱلۡهُونِ بِمَا كَانُواْ يَكۡسِبُونَ</textIndopak>
    <translations>
      <translation>
        <author>Dr. Mustafa Khattab, the Clear Quran</author>
        <text>As for Thamûd, We showed them guidance, but they preferred blindness over guidance. So the blast of a disgracing punishment overtook them for what they used to commit.</text>
      </translation>
    </translations>
    <rules>[{"start": 4, "end": 7, "rule_id": 0}]</rules>
  </verse>
  <verse>
    <verseIdArabic>١٨</verseIdArabic>
    <verseId>18</verseId>
    <chapterId>41</chapterId>
    <textIndopak>وَنَجَّيۡنَا ٱلَّذِينَ ءَامَنُواْ وَكَانُواْ يَتَّقُونَ</textIndopak>
    <translations>
      <translation>
        <author>Dr. Mustafa Khattab, the Clear Quran</author>
        <text>And We delivered those who were faithful and were mindful ˹of Allah˺.</text>
      </translation>
    </translations>
  </verse>
  <verse>
    <verseIdArabic>١٩</verseIdArabic>
    <verseId>19</verseId>
    <chapterId>41</chapterId>
    <textIndopak>وَيَوۡمَ يُحۡشَرُ أَعۡدَآءُ ٱللَّهِ إِلَى ٱلنَّارِ فَهُمۡ يُوزَعُونَ</textIndopak>
    <translations>
      <translation>
        <author>Dr. Mustafa Khattab, the Clear Quran</author>
        <text>˹Consider˺ the Day ˹when˺ the enemies of Allah will be gathered for the Fire, all driven in ranks.</text>
      </translation>
    </translations>
    <rules>[{"start": 45, "end": 48, "rule_id": 0}]</rules>
  </verse>
  <verse>
    <verseIdArabic>٢٠</verseIdArabic>
    <verseId>20</verseId>
    <chapterId>41</chapterId>
    <textIndopak>حَتَّىٰٓ إِذَا مَا جَآءُوهَا شَهِدَ عَلَيۡهِمۡ سَمۡعُهُمۡ وَأَبۡصَٰرُهُمۡ وَجُلُودُهُم بِمَا كَانُواْ يَعۡمَلُونَ</textIndopak>
    <translations>
      <translation>
        <author>Dr. Mustafa Khattab, the Clear Quran</author>
        <text>When they reach it, their ears, eyes, and skin will testify against what they used to do.</text>
      </translation>
    </translations>
    <rules>[{"start": 63, "end": 65, "rule_id": 1}, {"start": 86, "end": 90, "rule_id": 7}]</rules>
  </verse>
  <verse>
    <verseIdArabic>٢١</verseIdArabic>
    <verseId>21</verseId>
    <chapterId>41</chapterId>
    <textIndopak>وَقَالُواْ لِجُلُودِهِمۡ لِمَ شَهِدتُّمۡ عَلَيۡنَاۖ قَالُوٓاْ أَنطَقَنَا ٱللَّهُ ٱلَّذِيٓ أَنطَقَ كُلَّ شَيۡءٖۚ وَهُوَ خَلَقَكُمۡ أَوَّلَ مَرَّةٖ وَإِلَيۡهِ تُرۡجَعُونَ</textIndopak>
    <translations>
      <translation>
        <author>Dr. Mustafa Khattab, the Clear Quran</author>
        <text>They will ask their skin ˹furiously˺, “Why have you testified against us?” It will say, “We have been made to speak by Allah, Who causes all things to speak. He ˹is the One Who˺ created you the first time, and to Him you were bound to return.</text>
      </translation>
    </translations>
    <rules>[{"start": 109, "end": 114, "rule_id": 3}, {"start": 143, "end": 148, "rule_id": 3}, {"start": 65, "end": 68, "rule_id": 6}, {"start": 93, "end": 96, "rule_id": 6}]</rules>
  </verse>
  <verse>
    <verseIdArabic>٢٢</verseIdArabic>
    <verseId>22</verseId>
    <chapterId>41</chapterId>
    <textIndopak>وَمَا كُنتُمۡ تَسۡتَتِرُونَ أَن يَشۡهَدَ عَلَيۡكُمۡ سَمۡعُكُمۡ وَلَآ أَبۡصَٰرُكُمۡ وَلَا جُلُودُكُمۡ وَلَٰكِن ظَنَنتُمۡ أَنَّ ٱللَّهَ لَا يَعۡلَمُ كَثِيرٗا مِّمَّا تَعۡمَلُونَ</textIndopak>
    <translations>
      <translation>
        <author>Dr. Mustafa Khattab, the Clear Quran</author>
        <text>You did not ˹bother to˺ hide yourselves from your ears, eyes, and skin to prevent them from testifying against you. Rather, you assumed that Allah did not know much of what you used to do.</text>
      </translation>
    </translations>
    <rules>[{"start": 123, "end": 126, "rule_id": 0}, {"start": 157, "end": 160, "rule_id": 0}, {"start": 160, "end": 163, "rule_id": 0}, {"start": 72, "end": 74, "rule_id": 1}, {"start": 30, "end": 34, "rule_id": 3}, {"start": 153, "end": 160, "rule_id": 3}, {"start": 8, "end": 11, "rule_id": 6}, {"start": 109, "end": 113, "rule_id": 6}, {"start": 115, "end": 118, "rule_id": 6}]</rules>
  </verse>
  <verse>
    <verseIdArabic>٢٣</verseIdArabic>
    <verseId>23</verseId>
    <chapterId>41</chapterId>
    <textIndopak>وَذَٰلِكُمۡ ظَنُّكُمُ ٱلَّذِي ظَنَنتُم بِرَبِّكُمۡ أَرۡدَىٰكُمۡ فَأَصۡبَحۡتُم مِّنَ ٱلۡخَٰسِرِينَ</textIndopak>
    <translations>
      <translation>
        <author>Dr. Mustafa Khattab, the Clear Quran</author>
        <text>It was that ˹false˺ assumption you entertained about your Lord that has brought about your doom, so you have become losers.”</text>
      </translation>
    </translations>
    <rules>[{"start": 14, "end": 17, "rule_id": 0}, {"start": 78, "end": 81, "rule_id": 0}, {"start": 76, "end": 81, "rule_id": 4}, {"start": 34, "end": 37, "rule_id": 6}, {"start": 37, "end": 41, "rule_id": 7}]</rules>
  </verse>
  <verse>
    <verseIdArabic>٢٤</verseIdArabic>
    <verseId>24</verseId>
    <chapterId>41</chapterId>
    <textIndopak>فَإِن يَصۡبِرُواْ فَٱلنَّارُ مَثۡوٗى لَّهُمۡۖ وَإِن يَسۡتَعۡتِبُواْ فَمَا هُم مِّنَ ٱلۡمُعۡتَبِينَ</textIndopak>
    <translations>
      <translation>
        <author>Dr. Mustafa Khattab, the Clear Quran</author>
        <text>Even if they endure patiently, the Fire will ˹always˺ be their home. And if they ˹beg to˺ appease ˹their Lord˺, they will never be allowed to.</text>
      </translation>
    </translations>
    <rules>[{"start": 22, "end": 25, "rule_id": 0}, {"start": 79, "end": 82, "rule_id": 0}, {"start": 4, "end": 8, "rule_id": 3}, {"start": 51, "end": 55, "rule_id": 3}, {"start": 77, "end": 82, "rule_id": 4}]</rules>
  </verse>
  <verse>
    <verseIdArabic>٢٥</verseIdArabic>
    <verseId>25</verseId>
    <chapterId>41</chapterId>
    <textIndopak>۞ وَقَيَّضۡنَا لَهُمۡ قُرَنَآءَ فَزَيَّنُواْ لَهُم مَّا بَيۡنَ أَيۡدِيهِمۡ وَمَا خَلۡفَهُمۡ وَحَقَّ عَلَيۡهِمُ ٱلۡقَوۡلُ فِيٓ أُمَمٖ قَدۡ خَلَتۡ مِن قَبۡلِهِم مِّنَ ٱلۡجِنِّ وَٱلۡإِنسِۖ إِنَّهُمۡ كَانُواْ خَٰسِرِينَ</textIndopak>
    <translations>
      <translation>
        <author>Dr. Mustafa Khattab, the Clear Quran</author>
        <text>We placed at their disposal ˹evil˺ associates who made their past and future ˹misdeeds˺ appealing to them. ˹So˺ the fate of earlier communities of jinn and humans has been justified against them ˹as well˺, ˹for˺ they were truly losers.</text>
      </translation>
    </translations>
    <rules>[{"start": 52, "end": 55, "rule_id": 0}, {"start": 160, "end": 163, "rule_id": 0}, {"start": 171, "end": 174, "rule_id": 0}, {"start": 190, "end": 193, "rule_id": 0}, {"start": 136, "end": 138, "rule_id": 1}, {"start": 152, "end": 154, "rule_id": 1}, {"start": 50, "end": 55, "rule_id": 4}, {"start": 158, "end": 163, "rule_id": 4}, {"start": 148, "end": 152, "rule_id": 6}, {"start": 182, "end": 185, "rule_id": 6}, {"start": 131, "end": 136, "rule_id": 6}]</rules>
  </verse>
  <verse>
    <verseIdArabic>٢٦</verseIdArabic>
    <verseId>26</verseId>
    <chapterId>41</chapterId>
    <textIndopak>وَقَالَ ٱلَّذِينَ كَفَرُواْ لَا تَسۡمَعُواْ لِهَٰذَا ٱلۡقُرۡءَانِ وَٱلۡغَوۡاْ فِيهِ لَعَلَّكُمۡ تَغۡلِبُونَ</textIndopak>
    <translations>
      <translation>
        <author>Dr. Mustafa Khattab, the Clear Quran</author>
        <text>The disbelievers advised ˹one another˺, “Do not listen to this Quran but drown it out so that you may prevail.”</text>
      </translation>
    </translations>
  </verse>
  <verse>
    <verseIdArabic>٢٧</verseIdArabic>
    <verseId>27</verseId>
    <chapterId>41</chapterId>
    <textIndopak>فَلَنُذِيقَنَّ ٱلَّذِينَ كَفَرُواْ عَذَابٗا شَدِيدٗا وَلَنَجۡزِيَنَّهُمۡ أَسۡوَأَ ٱلَّذِي كَانُواْ يَعۡمَلُونَ</textIndopak>
    <translations>
      <translation>
        <author>Dr. Mustafa Khattab, the Clear Quran</author>
        <text>So We will certainly make the disbelievers taste a severe punishment, and We will surely repay them according to the worst of their deeds.</text>
      </translation>
    </translations>
    <rules>[{"start": 11, "end": 14, "rule_id": 0}, {"start": 65, "end": 68, "rule_id": 0}, {"start": 59, "end": 61, "rule_id": 1}, {"start": 49, "end": 55, "rule_id": 3}]</rules>
  </verse>
  <verse>
    <verseIdArabic>٢٨</verseIdArabic>
    <verseId>28</verseId>
    <chapterId>41</chapterId>
    <textIndopak>ذَٰلِكَ جَزَآءُ أَعۡدَآءِ ٱللَّهِ ٱلنَّارُۖ لَهُمۡ فِيهَا دَارُ ٱلۡخُلۡدِ جَزَآءَۢ بِمَا كَانُواْ بِـَٔايَٰتِنَا يَجۡحَدُونَ</textIndopak>
    <translations>
      <translation>
        <author>Dr. Mustafa Khattab, the Clear Quran</author>
        <text>That is the reward of Allah’s enemies: the Fire, which will be their eternal home—a ˹fitting˺ reward for their denial of Our revelations.</text>
      </translation>
    </translations>
    <rules>[{"start": 38, "end": 41, "rule_id": 0}, {"start": 121, "end": 123, "rule_id": 1}, {"start": 85, "end": 91, "rule_id": 2}]</rules>
  </verse>
  <verse>
    <verseIdArabic>٢٩</verseIdArabic>
    <verseId>29</verseId>
    <chapterId>41</chapterId>
    <textIndopak>وَقَالَ ٱلَّذِينَ كَفَرُواْ رَبَّنَآ أَرِنَا ٱلَّذَيۡنِ أَضَلَّانَا مِنَ ٱلۡجِنِّ وَٱلۡإِنسِ نَجۡعَلۡهُمَا تَحۡتَ أَقۡدَامِنَا لِيَكُونَا مِنَ ٱلۡأَسۡفَلِينَ</textIndopak>
    <translations>
      <translation>
        <author>Dr. Mustafa Khattab, the Clear Quran</author>
        <text>The disbelievers will ˹then˺ cry, “Our Lord! Show us those jinn and humans who led us astray: we will put them under our feet so that they will be among the lowest ˹in Hell˺.”</text>
      </translation>
    </translations>
    <rules>[{"start": 79, "end": 82, "rule_id": 0}, {"start": 96, "end": 98, "rule_id": 1}, {"start": 117, "end": 119, "rule_id": 1}, {"start": 90, "end": 93, "rule_id": 6}]</rules>
  </verse>
  <verse>
    <verseIdArabic>٣٠</verseIdArabic>
    <verseId>30</verseId>
    <chapterId>41</chapterId>
    <textIndopak>إِنَّ ٱلَّذِينَ قَالُواْ رَبُّنَا ٱللَّهُ ثُمَّ ٱسۡتَقَٰمُواْ تَتَنَزَّلُ عَلَيۡهِمُ ٱلۡمَلَٰٓئِكَةُ أَلَّا تَخَافُواْ وَلَا تَحۡزَنُواْ وَأَبۡشِرُواْ بِٱلۡجَنَّةِ ٱلَّتِي كُنتُمۡ تُوعَدُونَ</textIndopak>
    <translations>
      <translation>
        <author>Dr. Mustafa Khattab, the Clear Quran</author>
        <text>Surely those who say, “Our Lord is Allah,” and then remain steadfast, the angels descend upon them, ˹saying,˺ “Do not fear, nor grieve. Rather, rejoice in the good news of Paradise, which you have been promised.</text>
      </translation>
    </translations>
    <rules>[{"start": 2, "end": 5, "rule_id": 0}, {"start": 44, "end": 47, "rule_id": 0}, {"start": 158, "end": 161, "rule_id": 0}, {"start": 141, "end": 143, "rule_id": 1}, {"start": 174, "end": 177, "rule_id": 6}]</rules>
  </verse>
  <verse>
    <verseIdArabic>٣١</verseIdArabic>
    <verseId>31</verseId>
    <chapterId>41</chapterId>
    <textIndopak>نَحۡنُ أَوۡلِيَآؤُكُمۡ فِي ٱلۡحَيَوٰةِ ٱلدُّنۡيَا وَفِي ٱلۡأٓخِرَةِۖ وَلَكُمۡ فِيهَا مَا تَشۡتَهِيٓ أَنفُسُكُمۡ وَلَكُمۡ فِيهَا مَا تَدَّعُونَ</textIndopak>
    <translations>
      <translation>
        <author>Dr. Mustafa Khattab, the Clear Quran</author>
        <text>We are your supporters in this worldly life and in the Hereafter. There you will have whatever your souls desire, and there you will have whatever you ask for:</text>
      </translation>
    </translations>
    <rules>[{"start": 105, "end": 108, "rule_id": 6}]</rules>
  </verse>
  <verse>
    <verseIdArabic>٣٢</verseIdArabic>
    <verseId>32</verseId>
    <chapterId>41</chapterId>
    <textIndopak>نُزُلٗا مِّنۡ غَفُورٖ رَّحِيمٖ</textIndopak>
    <translations>
      <translation>
        <author>Dr. Mustafa Khattab, the Clear Quran</author>
        <text>an accommodation from the All-Forgiving, Most Merciful ˹Lord˺.”</text>
      </translation>
    </translations>
    <rules>[{"start": 8, "end": 11, "rule_id": 0}, {"start": 4, "end": 11, "rule_id": 3}, {"start": 19, "end": 25, "rule_id": 5}]</rules>
  </verse>
  <verse>
    <verseIdArabic>٣٣</verseIdArabic>
    <verseId>33</verseId>
    <chapterId>41</chapterId>
    <textIndopak>وَمَنۡ أَحۡسَنُ قَوۡلٗا مِّمَّن دَعَآ إِلَى ٱللَّهِ وَعَمِلَ صَٰلِحٗا وَقَالَ إِنَّنِي مِنَ ٱلۡمُسۡلِمِينَ</textIndopak>
    <translations>
      <translation>
        <author>Dr. Mustafa Khattab, the Clear Quran</author>
        <text>And whose words are better than someone who calls ˹others˺ to Allah, does good, and says, “I am truly one of those who submit.”?</text>
      </translation>
    </translations>
    <rules>[{"start": 24, "end": 27, "rule_id": 0}, {"start": 27, "end": 30, "rule_id": 0}, {"start": 81, "end": 84, "rule_id": 0}, {"start": 20, "end": 27, "rule_id": 3}, {"start": 67, "end": 73, "rule_id": 3}, {"start": 30, "end": 34, "rule_id": 6}]</rules>
  </verse>
  <verse>
    <verseIdArabic>٣٤</verseIdArabic>
    <verseId>34</verseId>
    <chapterId>41</chapterId>
    <textIndopak>وَلَا تَسۡتَوِي ٱلۡحَسَنَةُ وَلَا ٱلسَّيِّئَةُۚ ٱدۡفَعۡ بِٱلَّتِي هِيَ أَحۡسَنُ فَإِذَا ٱلَّذِي بَيۡنَكَ وَبَيۡنَهُۥ عَدَٰوَةٞ كَأَنَّهُۥ وَلِيٌّ حَمِيمٞ</textIndopak>
    <translations>
      <translation>
        <author>Dr. Mustafa Khattab, the Clear Quran</author>
        <text>Good and evil cannot be equal. Respond ˹to evil˺ with what is best, then the one you are in a feud with will be like a close friend.</text>
      </translation>
    </translations>
    <rules>[{"start": 132, "end": 135, "rule_id": 0}, {"start": 50, "end": 52, "rule_id": 1}, {"start": 125, "end": 130, "rule_id": 6}]</rules>
  </verse>
  <verse>
    <verseIdArabic>٣٥</verseIdArabic>
    <verseId>35</verseId>
    <chapterId>41</chapterId>
    <textIndopak>وَمَا يُلَقَّىٰهَآ إِلَّا ٱلَّذِينَ صَبَرُواْ وَمَا يُلَقَّىٰهَآ إِلَّا ذُو حَظٍّ عَظِيمٖ</textIndopak>
    <translations>
      <translation>
        <author>Dr. Mustafa Khattab, the Clear Quran</author>
        <text>But this cannot be attained except by those who are patient and who are truly fortunate.</text>
      </translation>
    </translations>
  </verse>
  <verse>
    <verseIdArabic>٣٦</verseIdArabic>
    <verseId>36</verseId>
    <chapterId>41</chapterId>
    <textIndopak>وَإِمَّا يَنزَغَنَّكَ مِنَ ٱلشَّيۡطَٰنِ نَزۡغٞ فَٱسۡتَعِذۡ بِٱللَّهِۖ إِنَّهُۥ هُوَ ٱلسَّمِيعُ ٱلۡعَلِيمُ</textIndopak>
    <translations>
      <translation>
        <author>Dr. Mustafa Khattab, the Clear Quran</author>
        <text>And if you are tempted by Satan, then seek refuge with Allah. Indeed, He ˹alone˺ is the All-Hearing, All-Knowing.</text>
      </translation>
    </translations>
    <rules>[{"start": 4, "end": 7, "rule_id": 0}, {"start": 16, "end": 19, "rule_id": 0}, {"start": 73, "end": 76, "rule_id": 0}, {"start": 11, "end": 14, "rule_id": 6}, {"start": 44, "end": 49, "rule_id": 6}]</rules>
  </verse>
  <verse>
    <verseIdArabic>٣٧</verseIdArabic>
    <verseId>37</verseId>
    <chapterId>41</chapterId>
    <textIndopak>وَمِنۡ ءَايَٰتِهِ ٱلَّيۡلُ وَٱلنَّهَارُ وَٱلشَّمۡسُ وَٱلۡقَمَرُۚ لَا تَسۡجُدُواْ لِلشَّمۡسِ وَلَا لِلۡقَمَرِ وَٱسۡجُدُواْۤ لِلَّهِۤ ٱلَّذِي خَلَقَهُنَّ إِن كُنتُمۡ إِيَّاهُ تَعۡبُدُونَ</textIndopak>
    <translations>
      <translation>
        <author>Dr. Mustafa Khattab, the Clear Quran</author>
        <text>Among His signs are the day and the night, the sun and the moon. Do not prostrate to the sun or the moon, but prostrate to Allah, Who created them ˹all˺, if you ˹truly˺ worship Him ˹alone˺.</text>
      </translation>
    </translations>
    <rules>[{"start": 31, "end": 34, "rule_id": 0}, {"start": 147, "end": 150, "rule_id": 0}, {"start": 153, "end": 157, "rule_id": 6}, {"start": 157, "end": 160, "rule_id": 6}]</rules>
  </verse>
  <verse>
    <verseIdArabic>٣٨</verseIdArabic>
    <verseId>38</verseId>
    <chapterId>41</chapterId>
    <textIndopak>فَإِنِ ٱسۡتَكۡبَرُواْ فَٱلَّذِينَ عِندَ رَبِّكَ يُسَبِّحُونَ لَهُۥ بِٱلَّيۡلِ وَٱلنَّهَارِ وَهُمۡ لَا يَسۡـَٔمُونَ۩</textIndopak>
    <translations>
      <translation>
        <author>Dr. Mustafa Khattab, the Clear Quran</author>
        <text>But if the pagans are too proud, then ˹let them know that˺ those ˹angels˺ nearest to your Lord glorify Him day and night, and never grow weary.</text>
      </translation>
    </translations>
    <rules>[{"start": 82, "end": 85, "rule_id": 0}, {"start": 36, "end": 39, "rule_id": 6}]</rules>
  </verse>
  <verse>
    <verseIdArabic>٣٩</verseIdArabic>
    <verseId>39</verseId>
    <chapterId>41</chapterId>
    <textIndopak>وَمِنۡ ءَايَٰتِهِۦٓ أَنَّكَ تَرَى ٱلۡأَرۡضَ خَٰشِعَةٗ فَإِذَآ أَنزَلۡنَا عَلَيۡهَا ٱلۡمَآءَ ٱهۡتَزَّتۡ وَرَبَتۡۚ إِنَّ ٱلَّذِيٓ أَحۡيَاهَا لَمُحۡيِ ٱلۡمَوۡتَىٰٓۚ إِنَّهُۥ عَلَىٰ كُلِّ شَيۡءٖ قَدِيرٌ</textIndopak>
    <translations>
      <translation>
        <author>Dr. Mustafa Khattab, the Clear Quran</author>
        <text>And among His signs is that you see the earth devoid of life, but as soon as We send down rain upon it, it begins to stir ˹to life˺ and swell. Indeed, the One Who revives it can easily revive the dead. He is certainly Most Capable of everything.</text>
      </translation>
    </translations>
    <rules>[{"start": 22, "end": 25, "rule_id": 0}, {"start": 118, "end": 121, "rule_id": 0}, {"start": 168, "end": 171, "rule_id": 0}, {"start": 65, "end": 68, "rule_id": 6}, {"start": 51, "end": 56, "rule_id": 6}, {"start": 192, "end": 197, "rule_id": 6}]</rules>
  </verse>
  <verse>
    <verseIdArabic>٤٠</verseIdArabic>
    <verseId>40</verseId>
    <chapterId>41</chapterId>
    <textIndopak>إِنَّ ٱلَّذِينَ يُلۡحِدُونَ فِيٓ ءَايَٰتِنَا لَا يَخۡفَوۡنَ عَلَيۡنَآۗ أَفَمَن يُلۡقَىٰ فِي ٱلنَّارِ خَيۡرٌ أَم مَّن يَأۡتِيٓ ءَامِنٗا يَوۡمَ ٱلۡقِيَٰمَةِۚ ٱعۡمَلُواْ مَا شِئۡتُمۡ إِنَّهُۥ بِمَا تَعۡمَلُونَ بَصِيرٌ</textIndopak>
    <translations>
      <translation>
        <author>Dr. Mustafa Khattab, the Clear Quran</author>
        <text>Indeed, those who abuse Our revelations are not hidden from Us. Who is better: the one who will be cast into the Fire or the one who will be secure on Judgment Day? Do whatever you want. He is certainly All-Seeing of what you do.</text>
      </translation>
    </translations>
    <rules>[{"start": 2, "end": 5, "rule_id": 0}, {"start": 96, "end": 99, "rule_id": 0}, {"start": 114, "end": 117, "rule_id": 0}, {"start": 187, "end": 190, "rule_id": 0}, {"start": 79, "end": 83, "rule_id": 3}, {"start": 117, "end": 121, "rule_id": 3}, {"start": 133, "end": 139, "rule_id": 3}, {"start": 112, "end": 117, "rule_id": 4}]</rules>
  </verse>
  <verse>
    <verseIdArabic>٤١</verseIdArabic>
    <verseId>41</verseId>
    <chapterId>41</chapterId>
    <textIndopak>إِنَّ ٱلَّذِينَ كَفَرُواْ بِٱلذِّكۡرِ لَمَّا جَآءَهُمۡۖ وَإِنَّهُۥ لَكِتَٰبٌ عَزِيزٞ</textIndopak>
    <translations>
      <translation>
        <author>Dr. Mustafa Khattab, the Clear Quran</author>
        <text>Indeed, those who deny the Reminder after it has come to them ˹are doomed˺, for it is truly a mighty Book.</text>
      </translation>
    </translations>
    <rules>[{"start": 2, "end": 5, "rule_id": 0}, {"start": 40, "end": 43, "rule_id": 0}, {"start": 62, "end": 65, "rule_id": 0}]</rules>
  </verse>
  <verse>
    <verseIdArabic>٤٢</verseIdArabic>
    <verseId>42</verseId>
    <chapterId>41</chapterId>
    <textIndopak>لَّا يَأۡتِيهِ ٱلۡبَٰطِلُ مِنۢ بَيۡنِ يَدَيۡهِ وَلَا مِنۡ خَلۡفِهِۦۖ تَنزِيلٞ مِّنۡ حَكِيمٍ حَمِيدٖ</textIndopak>
    <translations>
      <translation>
        <author>Dr. Mustafa Khattab, the Clear Quran</author>
        <text>It cannot be proven false from any angle. ˹It is˺ a revelation from the ˹One Who is˺ All-Wise, Praiseworthy.</text>
      </translation>
    </translations>
    <rules>[{"start": 79, "end": 82, "rule_id": 0}, {"start": 98, "end": 100, "rule_id": 1}, {"start": 28, "end": 33, "rule_id": 2}, {"start": 76, "end": 82, "rule_id": 3}, {"start": 72, "end": 75, "rule_id": 6}]</rules>
  </verse>
  <verse>
    <verseIdArabic>٤٣</verseIdArabic>
    <verseId>43</verseId>
    <chapterId>41</chapterId>
    <textIndopak>مَّا يُقَالُ لَكَ إِلَّا مَا قَدۡ قِيلَ لِلرُّسُلِ مِن قَبۡلِكَۚ إِنَّ رَبَّكَ لَذُو مَغۡفِرَةٖ وَذُو عِقَابٍ أَلِيمٖ</textIndopak>
    <translations>
      <translation>
        <author>Dr. Mustafa Khattab, the Clear Quran</author>
        <text>˹O Prophet!˺ Nothing is said to you ˹by the deniers˺ except what was already said to the messengers before you. Surely your Lord is ˹the Lord˺ of forgiveness and painful punishment.</text>
      </translation>
    </translations>
    <rules>[{"start": 0, "end": 3, "rule_id": 0}, {"start": 68, "end": 71, "rule_id": 0}, {"start": 31, "end": 33, "rule_id": 1}, {"start": 57, "end": 59, "rule_id": 1}, {"start": 94, "end": 99, "rule_id": 3}, {"start": 53, "end": 57, "rule_id": 6}]</rules>
  </verse>
  <verse>
    <verseIdArabic>٤٤</verseIdArabic>
    <verseId>44</verseId>
    <chapterId>41</chapterId>
    <textIndopak>وَلَوۡ جَعَلۡنَٰهُ قُرۡءَانًا أَعۡجَمِيّٗا لَّقَالُواْ لَوۡلَا فُصِّلَتۡ ءَايَٰتُهُۥٓۖ ءَا۬عۡجَمِيّٞ وَعَرَبِيّٞۗ قُلۡ هُوَ لِلَّذِينَ ءَامَنُواْ هُدٗى وَشِفَآءٞۚ وَٱلَّذِينَ لَا يُؤۡمِنُونَ فِيٓ ءَاذَانِهِمۡ وَقۡرٞ وَهُوَ عَلَيۡهِمۡ عَمًىۚ أُوْلَٰٓئِكَ يُنَادَوۡنَ مِن مَّكَانِۭ بَعِيدٖ</textIndopak>
    <translations>
      <translation>
        <author>Dr. Mustafa Khattab, the Clear Quran</author>
        <text>Had We revealed it as a non-Arabic Quran, they would have certainly argued, “If only its verses were made clear ˹in our language˺. What! A non-Arabic revelation for an Arab audience!” Say, ˹O Prophet,˺ “It is a guide and a healing to the believers. As for those who disbelieve, there is deafness in their ears and blindness to it ˹in their hearts˺. It is as if they are being called from a faraway place.”</text>
      </translation>
    </translations>
    <rules>[{"start": 275, "end": 278, "rule_id": 0}, {"start": 215, "end": 217, "rule_id": 1}, {"start": 290, "end": 292, "rule_id": 1}, {"start": 281, "end": 287, "rule_id": 2}, {"start": 273, "end": 278, "rule_id": 3}, {"start": 98, "end": 104, "rule_id": 3}, {"start": 162, "end": 169, "rule_id": 3}, {"start": 217, "end": 222, "rule_id": 3}, {"start": 38, "end": 46, "rule_id": 5}]</rules>
  </verse>
  <verse>
    <verseIdArabic>٤٥</verseIdArabic>
    <verseId>45</verseId>
    <chapterId>41</chapterId>
    <textIndopak>وَلَقَدۡ ءَاتَيۡنَا مُوسَى ٱلۡكِتَٰبَ فَٱخۡتُلِفَ فِيهِۚ وَلَوۡلَا كَلِمَةٞ سَبَقَتۡ مِن رَّبِّكَ لَقُضِيَ بَيۡنَهُمۡۚ وَإِنَّهُمۡ لَفِي شَكّٖ مِّنۡهُ مُرِيبٖ</textIndopak>
    <translations>
      <translation>
        <author>Dr. Mustafa Khattab, the Clear Quran</author>
        <text>Indeed, We had given Moses the Scripture, but differences arose regarding it. Had it not been for a prior decree from your Lord, their differences would have been settled ˹at once˺. They are truly in alarming doubt about it.</text>
      </translation>
    </translations>
    <rules>[{"start": 125, "end": 128, "rule_id": 0}, {"start": 145, "end": 148, "rule_id": 0}, {"start": 6, "end": 8, "rule_id": 1}, {"start": 158, "end": 160, "rule_id": 1}, {"start": 141, "end": 148, "rule_id": 3}, {"start": 88, "end": 93, "rule_id": 5}, {"start": 74, "end": 79, "rule_id": 6}]</rules>
  </verse>
  <verse>
    <verseIdArabic>٤٦</verseIdArabic>
    <verseId>46</verseId>
    <chapterId>41</chapterId>
    <textIndopak>مَّنۡ عَمِلَ صَٰلِحٗا فَلِنَفۡسِهِۦۖ وَمَنۡ أَسَآءَ فَعَلَيۡهَاۗ وَمَا رَبُّكَ بِظَلَّٰمٖ لِّلۡعَبِيدِ</textIndopak>
    <translations>
      <translation>
        <author>Dr. Mustafa Khattab, the Clear Quran</author>
        <text>Whoever does good, it is to their own benefit. And whoever does evil, it is to their own loss. Your Lord is never unjust to ˹His˺ creation.</text>
      </translation>
    </translations>
    <rules>[{"start": 0, "end": 3, "rule_id": 0}, {"start": 103, "end": 105, "rule_id": 1}, {"start": 90, "end": 96, "rule_id": 5}]</rules>
  </verse>
  <verse>
    <verseIdArabic>٤٧</verseIdArabic>
    <verseId>47</verseId>
    <chapterId>41</chapterId>
    <textIndopak>۞ إِلَيۡهِ يُرَدُّ عِلۡمُ ٱلسَّاعَةِۚ وَمَا تَخۡرُجُ مِن ثَمَرَٰتٖ مِّنۡ أَكۡمَامِهَا وَمَا تَحۡمِلُ مِنۡ أُنثَىٰ وَلَا تَضَعُ إِلَّا بِعِلۡمِهِۦۚ وَيَوۡمَ يُنَادِيهِمۡ أَيۡنَ شُرَكَآءِي قَالُوٓاْ ءَاذَنَّٰكَ مَا مِنَّا مِن شَهِيدٖ</textIndopak>
    <translations>
      <translation>
        <author>Dr. Mustafa Khattab, the Clear Quran</author>
        <text>With Him ˹alone˺ is the knowledge of the Hour. No fruit comes out of its husk, nor does a female conceive or deliver without His knowledge. And ˹consider˺ the Day He will call to them, “Where are My ˹so-called˺ associate-gods?” They will cry, “We declare before you that none of us testifies to that ˹any longer˺.”</text>
      </translation>
    </translations>
    <rules>[{"start": 68, "end": 71, "rule_id": 0}, {"start": 205, "end": 209, "rule_id": 0}, {"start": 218, "end": 221, "rule_id": 0}, {"start": 232, "end": 234, "rule_id": 1}, {"start": 65, "end": 71, "rule_id": 3}, {"start": 56, "end": 60, "rule_id": 6}, {"start": 109, "end": 112, "rule_id": 6}, {"start": 225, "end": 229, "rule_id": 6}]</rules>
  </verse>
  <verse>
    <verseIdArabic>٤٨</verseIdArabic>
    <verseId>48</verseId>
    <chapterId>41</chapterId>
    <textIndopak>وَضَلَّ عَنۡهُم مَّا كَانُواْ يَدۡعُونَ مِن قَبۡلُۖ وَظَنُّواْ مَا لَهُم مِّن مَّحِيصٖ</textIndopak>
    <translations>
      <translation>
        <author>Dr. Mustafa Khattab, the Clear Quran</author>
        <text>Whatever ˹idols˺ they used to invoke besides Allah will fail them. And they will realize that they will have no escape.</text>
      </translation>
    </translations>
    <rules>[{"start": 16, "end": 19, "rule_id": 0}, {"start": 57, "end": 60, "rule_id": 0}, {"start": 74, "end": 77, "rule_id": 0}, {"start": 79, "end": 82, "rule_id": 0}, {"start": 32, "end": 34, "rule_id": 1}, {"start": 46, "end": 48, "rule_id": 1}, {"start": 77, "end": 82, "rule_id": 3}, {"start": 14, "end": 19, "rule_id": 4}, {"start": 72, "end": 77, "rule_id": 4}, {"start": 42, "end": 46, "rule_id": 6}]</rules>
  </verse>
  <verse>
    <verseIdArabic>٤٩</verseIdArabic>
    <verseId>49</verseId>
    <chapterId>41</chapterId>
    <textIndopak>لَّا يَسۡـَٔمُ ٱلۡإِنسَٰنُ مِن دُعَآءِ ٱلۡخَيۡرِ وَإِن مَّسَّهُ ٱلشَّرُّ فَيَـُٔوسٞ قَنُوطٞ</textIndopak>
    <translations>
      <translation>
        <author>Dr. Mustafa Khattab, the Clear Quran</author>
        <text>One never tires of praying for good. And if touched with evil, they become desperate and hopeless.</text>
      </translation>
    </translations>
    <rules>[{"start": 56, "end": 59, "rule_id": 0}, {"start": 90, "end": 92, "rule_id": 1}, {"start": 54, "end": 59, "rule_id": 3}, {"start": 20, "end": 24, "rule_id": 6}, {"start": 29, "end": 33, "rule_id": 6}, {"start": 82, "end": 87, "rule_id": 6}]</rules>
  </verse>
  <verse>
    <verseIdArabic>٥٠</verseIdArabic>
    <verseId>50</verseId>
    <chapterId>41</chapterId>
    <textIndopak>وَلَئِنۡ أَذَقۡنَٰهُ رَحۡمَةٗ مِّنَّا مِنۢ بَعۡدِ ضَرَّآءَ مَسَّتۡهُ لَيَقُولَنَّ هَٰذَا لِي وَمَآ أَظُنُّ ٱلسَّاعَةَ قَآئِمَةٗ وَلَئِن رُّجِعۡتُ إِلَىٰ رَبِّيٓ إِنَّ لِي عِندَهُۥ لَلۡحُسۡنَىٰۚ فَلَنُنَبِّئَنَّ ٱلَّذِينَ كَفَرُواْ بِمَا عَمِلُواْ وَلَنُذِيقَنَّهُم مِّنۡ عَذَابٍ غَلِيظٖ</textIndopak>
    <translations>
      <translation>
        <author>Dr. Mustafa Khattab, the Clear Quran</author>
        <text>And if We let them taste a mercy from Us after being touched with adversity, they will certainly say, “This is what I deserve. I do not think the Hour will ˹ever˺ come. And if in fact I am returned to my Lord, the finest reward with Him will definitely be mine.” But We will surely inform the disbelievers of what they used to do. And We will certainly make them taste a harsh torment.</text>
      </translation>
    </translations>
    <rules>[{"start": 30, "end": 33, "rule_id": 0}, {"start": 33, "end": 36, "rule_id": 0}, {"start": 79, "end": 82, "rule_id": 0}, {"start": 105, "end": 108, "rule_id": 0}, {"start": 166, "end": 169, "rule_id": 0}, {"start": 211, "end": 214, "rule_id": 0}, {"start": 262, "end": 265, "rule_id": 0}, {"start": 269, "end": 272, "rule_id": 0}, {"start": 13, "end": 15, "rule_id": 1}, {"start": 40, "end": 45, "rule_id": 2}, {"start": 27, "end": 33, "rule_id": 3}, {"start": 128, "end": 133, "rule_id": 3}, {"start": 267, "end": 272, "rule_id": 4}, {"start": 137, "end": 142, "rule_id": 5}, {"start": 176, "end": 179, "rule_id": 6}]</rules>
  </verse>
  <verse>
    <verseIdArabic>٥١</verseIdArabic>
    <verseId>51</verseId>
    <chapterId>41</chapterId>
    <textIndopak>وَإِذَآ أَنۡعَمۡنَا عَلَى ٱلۡإِنسَٰنِ أَعۡرَضَ وَنَـَٔا بِجَانِبِهِۦ وَإِذَا مَسَّهُ ٱلشَّرُّ فَذُو دُعَآءٍ عَرِيضٖ</textIndopak>
    <translations>
      <translation>
        <author>Dr. Mustafa Khattab, the Clear Quran</author>
        <text>When We show favour to someone, they turn away, acting arrogantly. And when touched with evil, they make endless prayers ˹for good˺.</text>
      </translation>
    </translations>
    <rules>[{"start": 32, "end": 36, "rule_id": 6}]</rules>
  </verse>
  <verse>
    <verseIdArabic>٥٢</verseIdArabic>
    <verseId>52</verseId>
    <chapterId>41</chapterId>
    <textIndopak>قُلۡ أَرَءَيۡتُمۡ إِن كَانَ مِنۡ عِندِ ٱللَّهِ ثُمَّ كَفَرۡتُم بِهِۦ مَنۡ أَضَلُّ مِمَّنۡ هُوَ فِي شِقَاقِۭ بَعِيدٖ</textIndopak>
    <translations>
      <translation>
        <author>Dr. Mustafa Khattab, the Clear Quran</author>
        <text>Ask ˹them, O Prophet˺, “Imagine if this ˹Quran˺ is ˹truly˺ from Allah and you deny it: who can be more astray than those who have gone too far in opposition ˹to the truth˺?”</text>
      </translation>
    </translations>
    <rules>[{"start": 49, "end": 52, "rule_id": 0}, {"start": 84, "end": 87, "rule_id": 0}, {"start": 113, "end": 115, "rule_id": 1}, {"start": 104, "end": 110, "rule_id": 2}, {"start": 20, "end": 24, "rule_id": 6}, {"start": 35, "end": 38, "rule_id": 6}, {"start": 61, "end": 65, "rule_id": 7}]</rules>
  </verse>
  <verse>
    <verseIdArabic>٥٣</verseIdArabic>
    <verseId>53</verseId>
    <chapterId>41</chapterId>
    <textIndopak>سَنُرِيهِمۡ ءَايَٰتِنَا فِي ٱلۡأٓفَاقِ وَفِيٓ أَنفُسِهِمۡ حَتَّىٰ يَتَبَيَّنَ لَهُمۡ أَنَّهُ ٱلۡحَقُّۗ أَوَلَمۡ يَكۡفِ بِرَبِّكَ أَنَّهُۥ عَلَىٰ كُلِّ شَيۡءٖ شَهِيدٌ</textIndopak>
    <translations>
      <translation>
        <author>Dr. Mustafa Khattab, the Clear Quran</author>
        <text>We will show them Our signs in the universe and within themselves until it becomes clear to them that this ˹Quran˺ is the truth. Is it not enough that your Lord is a Witness over all things?</text>
      </translation>
    </translations>
    <rules>[{"start": 88, "end": 91, "rule_id": 0}, {"start": 133, "end": 136, "rule_id": 0}, {"start": 165, "end": 167, "rule_id": 1}, {"start": 49, "end": 52, "rule_id": 6}, {"start": 157, "end": 162, "rule_id": 6}]</rules>
  </verse>
  <verse>
    <verseIdArabic>٥٤</verseIdArabic>
    <verseId>54</verseId>
    <chapterId>41</chapterId>
    <textIndopak>أَلَآ إِنَّهُمۡ فِي مِرۡيَةٖ مِّن لِّقَآءِ رَبِّهِمۡۗ أَلَآ إِنَّهُۥ بِكُلِّ شَيۡءٖ مُّحِيطُۢ</textIndopak>
    <translations>
      <translation>
        <author>Dr. Mustafa Khattab, the Clear Quran</author>
        <text>They are truly in doubt of the meeting with their Lord! ˹But˺ He is indeed Fully Aware of everything.</text>
      </translation>
    </translations>
    <rules>[{"start": 9, "end": 12, "rule_id": 0}, {"start": 30, "end": 33, "rule_id": 0}, {"start": 66, "end": 69, "rule_id": 0}, {"start": 88, "end": 91, "rule_id": 0}, {"start": 94, "end": 97, "rule_id": 1}, {"start": 27, "end": 33, "rule_id": 3}, {"start": 85, "end": 91, "rule_id": 3}, {"start": 33, "end": 38, "rule_id": 5}]</rules>
  </verse>
</verses>
