<?xml version="1.0" encoding="UTF-8"?>

<verses>
  <verse>
    <verseIdArabic>١</verseIdArabic>
    <verseId>1</verseId>
    <chapterId>42</chapterId>
    <textIndopak>حمٓ</textIndopak>
    <translations>
      <translation>
        <author>Dr. Mustafa Khattab, the Clear Quran</author>
        <text>Ḥâ-Mĩm.</text>
      </translation>
    </translations>
  </verse>
  <verse>
    <verseIdArabic>٢</verseIdArabic>
    <verseId>2</verseId>
    <chapterId>42</chapterId>
    <textIndopak>عٓسٓقٓ</textIndopak>
    <translations>
      <translation>
        <author>Dr. Mustafa Khattab, the Clear Quran</author>
        <text>’Aĩn-Sĩn-Qãf.</text>
      </translation>
    </translations>
    <rules>[{"start": 4, "end": 6, "rule_id": 1}]</rules>
  </verse>
  <verse>
    <verseIdArabic>٣</verseIdArabic>
    <verseId>3</verseId>
    <chapterId>42</chapterId>
    <textIndopak>كَذَٰلِكَ يُوحِيٓ إِلَيۡكَ وَإِلَى ٱلَّذِينَ مِن قَبۡلِكَ ٱللَّهُ ٱلۡعَزِيزُ ٱلۡحَكِيمُ</textIndopak>
    <translations>
      <translation>
        <author>Dr. Mustafa Khattab, the Clear Quran</author>
        <text>And so you ˹O Prophet˺ are sent revelation, just like those before you, by Allah—the Almighty, All-Wise.</text>
      </translation>
    </translations>
    <rules>[{"start": 51, "end": 53, "rule_id": 1}, {"start": 47, "end": 51, "rule_id": 6}]</rules>
  </verse>
  <verse>
    <verseIdArabic>٤</verseIdArabic>
    <verseId>4</verseId>
    <chapterId>42</chapterId>
    <textIndopak>لَهُۥ مَا فِي ٱلسَّمَٰوَٰتِ وَمَا فِي ٱلۡأَرۡضِۖ وَهُوَ ٱلۡعَلِيُّ ٱلۡعَظِيمُ</textIndopak>
    <translations>
      <translation>
        <author>Dr. Mustafa Khattab, the Clear Quran</author>
        <text>To Him belongs whatever is in the heavens and whatever is on the earth. And He is the Most High, the Greatest.</text>
      </translation>
    </translations>
  </verse>
  <verse>
    <verseIdArabic>٥</verseIdArabic>
    <verseId>5</verseId>
    <chapterId>42</chapterId>
    <textIndopak>تَكَادُ ٱلسَّمَٰوَٰتُ يَتَفَطَّرۡنَ مِن فَوۡقِهِنَّۚ وَٱلۡمَلَٰٓئِكَةُ يُسَبِّحُونَ بِحَمۡدِ رَبِّهِمۡ وَيَسۡتَغۡفِرُونَ لِمَن فِي ٱلۡأَرۡضِۗ أَلَآ إِنَّ ٱللَّهَ هُوَ ٱلۡغَفُورُ ٱلرَّحِيمُ</textIndopak>
    <translations>
      <translation>
        <author>Dr. Mustafa Khattab, the Clear Quran</author>
        <text>The heavens nearly burst, one above the other, ˹in awe of Him˺. And the angels glorify the praises of their Lord, and seek forgiveness for those on earth. Surely Allah alone is the All-Forgiving, Most Merciful.</text>
      </translation>
    </translations>
    <rules>[{"start": 48, "end": 51, "rule_id": 0}, {"start": 153, "end": 156, "rule_id": 0}, {"start": 38, "end": 42, "rule_id": 6}, {"start": 126, "end": 130, "rule_id": 6}]</rules>
  </verse>
  <verse>
    <verseIdArabic>٦</verseIdArabic>
    <verseId>6</verseId>
    <chapterId>42</chapterId>
    <textIndopak>وَٱلَّذِينَ ٱتَّخَذُواْ مِن دُونِهِۦٓ أَوۡلِيَآءَ ٱللَّهُ حَفِيظٌ عَلَيۡهِمۡ وَمَآ أَنتَ عَلَيۡهِم بِوَكِيلٖ</textIndopak>
    <translations>
      <translation>
        <author>Dr. Mustafa Khattab, the Clear Quran</author>
        <text>As for those who take other protectors besides Him, Allah is Watchful over them. And you ˹O Prophet˺ are not a keeper over them.</text>
      </translation>
    </translations>
    <rules>[{"start": 26, "end": 30, "rule_id": 6}, {"start": 87, "end": 90, "rule_id": 6}, {"start": 99, "end": 103, "rule_id": 7}]</rules>
  </verse>
  <verse>
    <verseIdArabic>٧</verseIdArabic>
    <verseId>7</verseId>
    <chapterId>42</chapterId>
    <textIndopak>وَكَذَٰلِكَ أَوۡحَيۡنَآ إِلَيۡكَ قُرۡءَانًا عَرَبِيّٗا لِّتُنذِرَ أُمَّ ٱلۡقُرَىٰ وَمَنۡ حَوۡلَهَا وَتُنذِرَ يَوۡمَ ٱلۡجَمۡعِ لَا رَيۡبَ فِيهِۚ فَرِيقٞ فِي ٱلۡجَنَّةِ وَفَرِيقٞ فِي ٱلسَّعِيرِ</textIndopak>
    <translations>
      <translation>
        <author>Dr. Mustafa Khattab, the Clear Quran</author>
        <text>And so We have revealed to you a Quran in Arabic, so you may warn the Mother of Cities and everyone around it, and warn of the Day of Gathering—about which there is no doubt—˹when˺ a group will be in Paradise and another in the Blaze.</text>
      </translation>
    </translations>
    <rules>[{"start": 69, "end": 72, "rule_id": 0}, {"start": 163, "end": 166, "rule_id": 0}, {"start": 51, "end": 59, "rule_id": 5}, {"start": 61, "end": 64, "rule_id": 6}, {"start": 104, "end": 107, "rule_id": 6}, {"start": 151, "end": 156, "rule_id": 6}, {"start": 176, "end": 181, "rule_id": 6}]</rules>
  </verse>
  <verse>
    <verseIdArabic>٨</verseIdArabic>
    <verseId>8</verseId>
    <chapterId>42</chapterId>
    <textIndopak>وَلَوۡ شَآءَ ٱللَّهُ لَجَعَلَهُمۡ أُمَّةٗ وَٰحِدَةٗ وَلَٰكِن يُدۡخِلُ مَن يَشَآءُ فِي رَحۡمَتِهِۦۚ وَٱلظَّٰلِمُونَ مَا لَهُم مِّن وَلِيّٖ وَلَا نَصِيرٍ</textIndopak>
    <translations>
      <translation>
        <author>Dr. Mustafa Khattab, the Clear Quran</author>
        <text>Had Allah willed, He could have easily made all ˹humanity˺ into a single community ˹of believers˺. But He admits into His mercy whoever He wills. And the wrongdoers will have no protector or helper.</text>
      </translation>
    </translations>
    <rules>[{"start": 37, "end": 40, "rule_id": 0}, {"start": 128, "end": 131, "rule_id": 0}, {"start": 64, "end": 66, "rule_id": 1}, {"start": 60, "end": 64, "rule_id": 3}, {"start": 73, "end": 77, "rule_id": 3}, {"start": 131, "end": 135, "rule_id": 3}, {"start": 40, "end": 46, "rule_id": 3}, {"start": 50, "end": 55, "rule_id": 3}, {"start": 137, "end": 143, "rule_id": 3}, {"start": 126, "end": 131, "rule_id": 4}]</rules>
  </verse>
  <verse>
    <verseIdArabic>٩</verseIdArabic>
    <verseId>9</verseId>
    <chapterId>42</chapterId>
    <textIndopak>أَمِ ٱتَّخَذُواْ مِن دُونِهِۦٓ أَوۡلِيَآءَۖ فَٱللَّهُ هُوَ ٱلۡوَلِيُّ وَهُوَ يُحۡيِ ٱلۡمَوۡتَىٰ وَهُوَ عَلَىٰ كُلِّ شَيۡءٖ قَدِيرٞ</textIndopak>
    <translations>
      <translation>
        <author>Dr. Mustafa Khattab, the Clear Quran</author>
        <text>How can they take protectors besides Him? Allah alone is the Protector. He ˹alone˺ gives life to the dead. And He ˹alone˺ is Most Capable of everything.</text>
      </translation>
    </translations>
    <rules>[{"start": 19, "end": 23, "rule_id": 6}, {"start": 122, "end": 127, "rule_id": 6}]</rules>
  </verse>
  <verse>
    <verseIdArabic>١٠</verseIdArabic>
    <verseId>10</verseId>
    <chapterId>42</chapterId>
    <textIndopak>وَمَا ٱخۡتَلَفۡتُمۡ فِيهِ مِن شَيۡءٖ فَحُكۡمُهُۥٓ إِلَى ٱللَّهِۚ ذَٰلِكُمُ ٱللَّهُ رَبِّي عَلَيۡهِ تَوَكَّلۡتُ وَإِلَيۡهِ أُنِيبُ</textIndopak>
    <translations>
      <translation>
        <author>Dr. Mustafa Khattab, the Clear Quran</author>
        <text>˹Say to the believers, O Prophet,˺ “Whatever you may differ about, its judgment rests with Allah. That is Allah—my Lord. In Him I put my trust, and to Him I ˹always˺ turn.”</text>
      </translation>
    </translations>
    <rules>[{"start": 128, "end": 130, "rule_id": 1}, {"start": 28, "end": 32, "rule_id": 6}, {"start": 34, "end": 39, "rule_id": 6}]</rules>
  </verse>
  <verse>
    <verseIdArabic>١١</verseIdArabic>
    <verseId>11</verseId>
    <chapterId>42</chapterId>
    <textIndopak>فَاطِرُ ٱلسَّمَٰوَٰتِ وَٱلۡأَرۡضِۚ جَعَلَ لَكُم مِّنۡ أَنفُسِكُمۡ أَزۡوَٰجٗا وَمِنَ ٱلۡأَنۡعَٰمِ أَزۡوَٰجٗا يَذۡرَؤُكُمۡ فِيهِۚ لَيۡسَ كَمِثۡلِهِۦ شَيۡءٞۖ وَهُوَ ٱلسَّمِيعُ ٱلۡبَصِيرُ</textIndopak>
    <translations>
      <translation>
        <author>Dr. Mustafa Khattab, the Clear Quran</author>
        <text>˹He is˺ the Originator of the heavens and the earth. He has made for you spouses from among yourselves, and ˹made˺ mates for cattle ˹as well˺—multiplying you ˹both˺. There is nothing like Him, for He ˹alone˺ is the All-Hearing, All-Seeing.</text>
      </translation>
    </translations>
    <rules>[{"start": 49, "end": 52, "rule_id": 0}, {"start": 74, "end": 80, "rule_id": 3}, {"start": 105, "end": 113, "rule_id": 3}, {"start": 155, "end": 162, "rule_id": 3}, {"start": 47, "end": 52, "rule_id": 4}, {"start": 57, "end": 60, "rule_id": 6}]</rules>
  </verse>
  <verse>
    <verseIdArabic>١٢</verseIdArabic>
    <verseId>12</verseId>
    <chapterId>42</chapterId>
    <textIndopak>لَهُۥ مَقَالِيدُ ٱلسَّمَٰوَٰتِ وَٱلۡأَرۡضِۖ يَبۡسُطُ ٱلرِّزۡقَ لِمَن يَشَآءُ وَيَقۡدِرُۚ إِنَّهُۥ بِكُلِّ شَيۡءٍ عَلِيمٞ</textIndopak>
    <translations>
      <translation>
        <author>Dr. Mustafa Khattab, the Clear Quran</author>
        <text>To Him belong the keys ˹of the treasuries˺ of the heavens and the earth. He gives abundant or limited provisions to whoever He wills. Indeed, He has ˹perfect˺ knowledge of all things.</text>
      </translation>
    </translations>
    <rules>[{"start": 94, "end": 97, "rule_id": 0}, {"start": 47, "end": 49, "rule_id": 1}, {"start": 83, "end": 85, "rule_id": 1}, {"start": 68, "end": 72, "rule_id": 3}]</rules>
  </verse>
  <verse>
    <verseIdArabic>١٣</verseIdArabic>
    <verseId>13</verseId>
    <chapterId>42</chapterId>
    <textIndopak>۞ شَرَعَ لَكُم مِّنَ ٱلدِّينِ مَا وَصَّىٰ بِهِۦ نُوحٗا وَٱلَّذِيٓ أَوۡحَيۡنَآ إِلَيۡكَ وَمَا وَصَّيۡنَا بِهِۦٓ إِبۡرَٰهِيمَ وَمُوسَىٰ وَعِيسَىٰٓۖ أَنۡ أَقِيمُواْ ٱلدِّينَ وَلَا تَتَفَرَّقُواْ فِيهِۚ كَبُرَ عَلَى ٱلۡمُشۡرِكِينَ مَا تَدۡعُوهُمۡ إِلَيۡهِۚ ٱللَّهُ يَجۡتَبِيٓ إِلَيۡهِ مَن يَشَآءُ وَيَهۡدِيٓ إِلَيۡهِ مَن يُنِيبُ</textIndopak>
    <translations>
      <translation>
        <author>Dr. Mustafa Khattab, the Clear Quran</author>
        <text>He has ordained for you ˹believers˺ the Way which He decreed for Noah, and what We have revealed to you ˹O Prophet˺ and what We decreed for Abraham, Moses, and Jesus, ˹commanding:˺ “Uphold the faith, and make no divisions in it.” What you call the polytheists to is unbearable for them. Allah chooses for Himself whoever He wills, and guides to Himself whoever turns ˹to Him˺.</text>
      </translation>
    </translations>
    <rules>[{"start": 15, "end": 18, "rule_id": 0}, {"start": 114, "end": 116, "rule_id": 1}, {"start": 236, "end": 238, "rule_id": 1}, {"start": 267, "end": 269, "rule_id": 1}, {"start": 327, "end": 329, "rule_id": 1}, {"start": 287, "end": 291, "rule_id": 3}, {"start": 320, "end": 324, "rule_id": 3}, {"start": 51, "end": 57, "rule_id": 3}, {"start": 13, "end": 18, "rule_id": 4}]</rules>
  </verse>
  <verse>
    <verseIdArabic>١٤</verseIdArabic>
    <verseId>14</verseId>
    <chapterId>42</chapterId>
    <textIndopak>وَمَا تَفَرَّقُوٓاْ إِلَّا مِنۢ بَعۡدِ مَا جَآءَهُمُ ٱلۡعِلۡمُ بَغۡيَۢا بَيۡنَهُمۡۚ وَلَوۡلَا كَلِمَةٞ سَبَقَتۡ مِن رَّبِّكَ إِلَىٰٓ أَجَلٖ مُّسَمّٗى لَّقُضِيَ بَيۡنَهُمۡۚ وَإِنَّ ٱلَّذِينَ أُورِثُواْ ٱلۡكِتَٰبَ مِنۢ بَعۡدِهِمۡ لَفِي شَكّٖ مِّنۡهُ مُرِيبٖ</textIndopak>
    <translations>
      <translation>
        <author>Dr. Mustafa Khattab, the Clear Quran</author>
        <text>They did not split ˹into sects˺ out of mutual envy until knowledge came to them. Had it not been for a prior decree from your Lord for an appointed term, the matter would have certainly been settled between them ˹at once˺. And surely those who were made to inherit the Scripture after them are truly in alarming doubt about this ˹Quran˺.</text>
      </translation>
    </translations>
    <rules>[{"start": 142, "end": 145, "rule_id": 0}, {"start": 147, "end": 150, "rule_id": 0}, {"start": 179, "end": 182, "rule_id": 0}, {"start": 243, "end": 246, "rule_id": 0}, {"start": 256, "end": 258, "rule_id": 1}, {"start": 29, "end": 34, "rule_id": 2}, {"start": 217, "end": 222, "rule_id": 2}, {"start": 139, "end": 145, "rule_id": 3}, {"start": 239, "end": 246, "rule_id": 3}, {"start": 116, "end": 121, "rule_id": 5}, {"start": 102, "end": 107, "rule_id": 6}]</rules>
  </verse>
  <verse>
    <verseIdArabic>١٥</verseIdArabic>
    <verseId>15</verseId>
    <chapterId>42</chapterId>
    <textIndopak>فَلِذَٰلِكَ فَٱدۡعُۖ وَٱسۡتَقِمۡ كَمَآ أُمِرۡتَۖ وَلَا تَتَّبِعۡ أَهۡوَآءَهُمۡۖ وَقُلۡ ءَامَنتُ بِمَآ أَنزَلَ ٱللَّهُ مِن كِتَٰبٖۖ وَأُمِرۡتُ لِأَعۡدِلَ بَيۡنَكُمُۖ ٱللَّهُ رَبُّنَا وَرَبُّكُمۡۖ لَنَآ أَعۡمَٰلُنَا وَلَكُمۡ أَعۡمَٰلُكُمۡۖ لَا حُجَّةَ بَيۡنَنَا وَبَيۡنَكُمُۖ ٱللَّهُ يَجۡمَعُ بَيۡنَنَاۖ وَإِلَيۡهِ ٱلۡمَصِيرُ</textIndopak>
    <translations>
      <translation>
        <author>Dr. Mustafa Khattab, the Clear Quran</author>
        <text>Because of that, you ˹O Prophet˺ will invite ˹all˺. Be steadfast as you are commanded, and do not follow their desires. And say, “I believe in every Scripture Allah has revealed. And I am commanded to judge fairly among you. Allah is our Lord and your Lord. We will be accountable for our deeds and you for yours. There is no ˹need for˺ contention between us. Allah will gather us together ˹for judgment˺. And to Him is the final return.”</text>
      </translation>
    </translations>
    <rules>[{"start": 15, "end": 17, "rule_id": 1}, {"start": 296, "end": 298, "rule_id": 1}, {"start": 133, "end": 140, "rule_id": 3}, {"start": 97, "end": 100, "rule_id": 6}, {"start": 110, "end": 113, "rule_id": 6}, {"start": 126, "end": 130, "rule_id": 6}]</rules>
  </verse>
  <verse>
    <verseIdArabic>١٦</verseIdArabic>
    <verseId>16</verseId>
    <chapterId>42</chapterId>
    <textIndopak>وَٱلَّذِينَ يُحَآجُّونَ فِي ٱللَّهِ مِنۢ بَعۡدِ مَا ٱسۡتُجِيبَ لَهُۥ حُجَّتُهُمۡ دَاحِضَةٌ عِندَ رَبِّهِمۡ وَعَلَيۡهِمۡ غَضَبٞ وَلَهُمۡ عَذَابٞ شَدِيدٌ</textIndopak>
    <translations>
      <translation>
        <author>Dr. Mustafa Khattab, the Clear Quran</author>
        <text>As for those who dispute about Allah after He is ˹already˺ acknowledged ˹by many˺, their argument is futile in the sight of their Lord. Upon them is wrath, and they will suffer a severe punishment.</text>
      </translation>
    </translations>
    <rules>[{"start": 150, "end": 152, "rule_id": 1}, {"start": 39, "end": 44, "rule_id": 2}, {"start": 125, "end": 130, "rule_id": 3}, {"start": 94, "end": 97, "rule_id": 6}, {"start": 142, "end": 147, "rule_id": 6}]</rules>
  </verse>
  <verse>
    <verseIdArabic>١٧</verseIdArabic>
    <verseId>17</verseId>
    <chapterId>42</chapterId>
    <textIndopak>ٱللَّهُ ٱلَّذِيٓ أَنزَلَ ٱلۡكِتَٰبَ بِٱلۡحَقِّ وَٱلۡمِيزَانَۗ وَمَا يُدۡرِيكَ لَعَلَّ ٱلسَّاعَةَ قَرِيبٞ</textIndopak>
    <translations>
      <translation>
        <author>Dr. Mustafa Khattab, the Clear Quran</author>
        <text>It is Allah Who has revealed the Book with the truth and the balance ˹of justice˺. You never know, perhaps the Hour is near.</text>
      </translation>
    </translations>
    <rules>[{"start": 71, "end": 73, "rule_id": 1}, {"start": 103, "end": 105, "rule_id": 1}, {"start": 19, "end": 22, "rule_id": 6}]</rules>
  </verse>
  <verse>
    <verseIdArabic>١٨</verseIdArabic>
    <verseId>18</verseId>
    <chapterId>42</chapterId>
    <textIndopak>يَسۡتَعۡجِلُ بِهَا ٱلَّذِينَ لَا يُؤۡمِنُونَ بِهَاۖ وَٱلَّذِينَ ءَامَنُواْ مُشۡفِقُونَ مِنۡهَا وَيَعۡلَمُونَ أَنَّهَا ٱلۡحَقُّۗ أَلَآ إِنَّ ٱلَّذِينَ يُمَارُونَ فِي ٱلسَّاعَةِ لَفِي ضَلَٰلِۭ بَعِيدٍ</textIndopak>
    <translations>
      <translation>
        <author>Dr. Mustafa Khattab, the Clear Quran</author>
        <text>Those who disbelieve in it ˹ask to˺ hasten it ˹mockingly˺. But the believers are fearful of it, knowing that it is the truth. Surely those who dispute about the Hour have gone far astray.</text>
      </translation>
    </translations>
    <rules>[{"start": 112, "end": 115, "rule_id": 0}, {"start": 139, "end": 142, "rule_id": 0}, {"start": 199, "end": 201, "rule_id": 1}, {"start": 190, "end": 196, "rule_id": 2}]</rules>
  </verse>
  <verse>
    <verseIdArabic>١٩</verseIdArabic>
    <verseId>19</verseId>
    <chapterId>42</chapterId>
    <textIndopak>ٱللَّهُ لَطِيفُۢ بِعِبَادِهِۦ يَرۡزُقُ مَن يَشَآءُۖ وَهُوَ ٱلۡقَوِيُّ ٱلۡعَزِيزُ</textIndopak>
    <translations>
      <translation>
        <author>Dr. Mustafa Khattab, the Clear Quran</author>
        <text>Allah is Ever Kind to His servants. He provides ˹abundantly˺ to whoever He wills. And He is the All-Powerful, Almighty.</text>
      </translation>
    </translations>
    <rules>[{"start": 13, "end": 19, "rule_id": 2}, {"start": 41, "end": 45, "rule_id": 3}]</rules>
  </verse>
  <verse>
    <verseIdArabic>٢٠</verseIdArabic>
    <verseId>20</verseId>
    <chapterId>42</chapterId>
    <textIndopak>مَن كَانَ يُرِيدُ حَرۡثَ ٱلۡأٓخِرَةِ نَزِدۡ لَهُۥ فِي حَرۡثِهِۦۖ وَمَن كَانَ يُرِيدُ حَرۡثَ ٱلدُّنۡيَا نُؤۡتِهِۦ مِنۡهَا وَمَا لَهُۥ فِي ٱلۡأٓخِرَةِ مِن نَّصِيبٍ</textIndopak>
    <translations>
      <translation>
        <author>Dr. Mustafa Khattab, the Clear Quran</author>
        <text>Whoever desires the harvest of the Hereafter, We will increase their harvest. And whoever desires ˹only˺ the harvest of this world, We will give them some of it, but they will have no share in the Hereafter.</text>
      </translation>
    </translations>
    <rules>[{"start": 156, "end": 159, "rule_id": 0}, {"start": 42, "end": 44, "rule_id": 1}, {"start": 162, "end": 164, "rule_id": 1}, {"start": 154, "end": 159, "rule_id": 3}, {"start": 2, "end": 6, "rule_id": 6}, {"start": 71, "end": 75, "rule_id": 6}]</rules>
  </verse>
  <verse>
    <verseIdArabic>٢١</verseIdArabic>
    <verseId>21</verseId>
    <chapterId>42</chapterId>
    <textIndopak>أَمۡ لَهُمۡ شُرَكَٰٓؤُاْ شَرَعُواْ لَهُم مِّنَ ٱلدِّينِ مَا لَمۡ يَأۡذَنۢ بِهِ ٱللَّهُۚ وَلَوۡلَا كَلِمَةُ ٱلۡفَصۡلِ لَقُضِيَ بَيۡنَهُمۡۗ وَإِنَّ ٱلظَّٰلِمِينَ لَهُمۡ عَذَابٌ أَلِيمٞ</textIndopak>
    <translations>
      <translation>
        <author>Dr. Mustafa Khattab, the Clear Quran</author>
        <text>Or do they have associate-gods who have ordained for them some ˹polytheistic˺ beliefs, which Allah has not authorized? Had it not been for ˹prior˺ decree on Judgment, the matter would have certainly been settled between them ˹at once˺. And surely the wrongdoers will suffer a painful punishment.</text>
      </translation>
    </translations>
    <rules>[{"start": 41, "end": 44, "rule_id": 0}, {"start": 144, "end": 147, "rule_id": 0}, {"start": 71, "end": 76, "rule_id": 2}, {"start": 39, "end": 44, "rule_id": 4}]</rules>
  </verse>
  <verse>
    <verseIdArabic>٢٢</verseIdArabic>
    <verseId>22</verseId>
    <chapterId>42</chapterId>
    <textIndopak>تَرَى ٱلظَّٰلِمِينَ مُشۡفِقِينَ مِمَّا كَسَبُواْ وَهُوَ وَاقِعُۢ بِهِمۡۗ وَٱلَّذِينَ ءَامَنُواْ وَعَمِلُواْ ٱلصَّٰلِحَٰتِ فِي رَوۡضَاتِ ٱلۡجَنَّاتِۖ لَهُم مَّا يَشَآءُونَ عِندَ رَبِّهِمۡۚ ذَٰلِكَ هُوَ ٱلۡفَضۡلُ ٱلۡكَبِيرُ</textIndopak>
    <translations>
      <translation>
        <author>Dr. Mustafa Khattab, the Clear Quran</author>
        <text>You will see the wrongdoers fearful ˹of the punishment˺ for what they committed but it will be inevitable for them, whereas those who believe and do good will be in the lush Gardens of Paradise. They will have whatever they desire from their Lord. That is ˹truly˺ the greatest bounty.</text>
      </translation>
    </translations>
    <rules>[{"start": 34, "end": 37, "rule_id": 0}, {"start": 142, "end": 145, "rule_id": 0}, {"start": 157, "end": 160, "rule_id": 0}, {"start": 61, "end": 67, "rule_id": 2}, {"start": 155, "end": 160, "rule_id": 4}, {"start": 176, "end": 179, "rule_id": 6}]</rules>
  </verse>
  <verse>
    <verseIdArabic>٢٣</verseIdArabic>
    <verseId>23</verseId>
    <chapterId>42</chapterId>
    <textIndopak>ذَٰلِكَ ٱلَّذِي يُبَشِّرُ ٱللَّهُ عِبَادَهُ ٱلَّذِينَ ءَامَنُواْ وَعَمِلُواْ ٱلصَّٰلِحَٰتِۗ قُل لَّآ أَسۡـَٔلُكُمۡ عَلَيۡهِ أَجۡرًا إِلَّا ٱلۡمَوَدَّةَ فِي ٱلۡقُرۡبَىٰۗ وَمَن يَقۡتَرِفۡ حَسَنَةٗ نَّزِدۡ لَهُۥ فِيهَا حُسۡنًاۚ إِنَّ ٱللَّهَ غَفُورٞ شَكُورٌ</textIndopak>
    <translations>
      <translation>
        <author>Dr. Mustafa Khattab, the Clear Quran</author>
        <text>That ˹reward˺ is the good news which Allah gives to His servants who believe and do good. Say, ˹O Prophet,˺ “I do not ask you for a reward for this ˹message˺—only honour for ˹our˺ kinship.” Whoever earns a good deed, We will increase it in goodness for them. Surely Allah is All-Forgiving, Most Appreciative.</text>
      </translation>
    </translations>
    <rules>[{"start": 198, "end": 201, "rule_id": 0}, {"start": 231, "end": 234, "rule_id": 0}, {"start": 128, "end": 130, "rule_id": 1}, {"start": 180, "end": 182, "rule_id": 1}, {"start": 203, "end": 205, "rule_id": 1}, {"start": 176, "end": 180, "rule_id": 3}, {"start": 195, "end": 201, "rule_id": 3}, {"start": 248, "end": 253, "rule_id": 6}]</rules>
  </verse>
  <verse>
    <verseIdArabic>٢٤</verseIdArabic>
    <verseId>24</verseId>
    <chapterId>42</chapterId>
    <textIndopak>أَمۡ يَقُولُونَ ٱفۡتَرَىٰ عَلَى ٱللَّهِ كَذِبٗاۖ فَإِن يَشَإِ ٱللَّهُ يَخۡتِمۡ عَلَىٰ قَلۡبِكَۗ وَيَمۡحُ ٱللَّهُ ٱلۡبَٰطِلَ وَيُحِقُّ ٱلۡحَقَّ بِكَلِمَٰتِهِۦٓۚ إِنَّهُۥ عَلِيمُۢ بِذَاتِ ٱلصُّدُورِ</textIndopak>
    <translations>
      <translation>
        <author>Dr. Mustafa Khattab, the Clear Quran</author>
        <text>Or do they say, “He has fabricated a lie about Allah!”? ˹If you had,˺ Allah would have sealed your heart, if He willed. And Allah wipes out falsehood and establishes the truth by His Words. He certainly knows best what is ˹hidden˺ in the heart.</text>
      </translation>
    </translations>
    <rules>[{"start": 165, "end": 168, "rule_id": 0}, {"start": 177, "end": 183, "rule_id": 2}, {"start": 54, "end": 58, "rule_id": 3}]</rules>
  </verse>
  <verse>
    <verseIdArabic>٢٥</verseIdArabic>
    <verseId>25</verseId>
    <chapterId>42</chapterId>
    <textIndopak>وَهُوَ ٱلَّذِي يَقۡبَلُ ٱلتَّوۡبَةَ عَنۡ عِبَادِهِۦ وَيَعۡفُواْ عَنِ ٱلسَّيِّـَٔاتِ وَيَعۡلَمُ مَا تَفۡعَلُونَ</textIndopak>
    <translations>
      <translation>
        <author>Dr. Mustafa Khattab, the Clear Quran</author>
        <text>He is the One Who accepts repentance from His servants and pardons ˹their˺ sins. And He knows whatever you do.</text>
      </translation>
    </translations>
    <rules>[{"start": 17, "end": 19, "rule_id": 1}]</rules>
  </verse>
  <verse>
    <verseIdArabic>٢٦</verseIdArabic>
    <verseId>26</verseId>
    <chapterId>42</chapterId>
    <textIndopak>وَيَسۡتَجِيبُ ٱلَّذِينَ ءَامَنُواْ وَعَمِلُواْ ٱلصَّٰلِحَٰتِ وَيَزِيدُهُم مِّن فَضۡلِهِۦۚ وَٱلۡكَٰفِرُونَ لَهُمۡ عَذَابٞ شَدِيدٞ</textIndopak>
    <translations>
      <translation>
        <author>Dr. Mustafa Khattab, the Clear Quran</author>
        <text>He responds to those who believe and do good, and increases their reward out of His grace. As for the disbelievers, they will suffer a severe punishment.</text>
      </translation>
    </translations>
    <rules>[{"start": 74, "end": 77, "rule_id": 0}, {"start": 127, "end": 129, "rule_id": 1}, {"start": 72, "end": 77, "rule_id": 4}, {"start": 77, "end": 81, "rule_id": 6}, {"start": 119, "end": 124, "rule_id": 6}]</rules>
  </verse>
  <verse>
    <verseIdArabic>٢٧</verseIdArabic>
    <verseId>27</verseId>
    <chapterId>42</chapterId>
    <textIndopak>۞ وَلَوۡ بَسَطَ ٱللَّهُ ٱلرِّزۡقَ لِعِبَادِهِۦ لَبَغَوۡاْ فِي ٱلۡأَرۡضِ وَلَٰكِن يُنَزِّلُ بِقَدَرٖ مَّا يَشَآءُۚ إِنَّهُۥ بِعِبَادِهِۦ خَبِيرُۢ بَصِيرٞ</textIndopak>
    <translations>
      <translation>
        <author>Dr. Mustafa Khattab, the Clear Quran</author>
        <text>Had Allah given abundant provisions to ˹all˺ His servants, they would have certainly transgressed throughout the land. But He sends down whatever He wills in perfect measure. He is truly All-Aware, All-Seeing of His servants.</text>
      </translation>
    </translations>
    <rules>[{"start": 100, "end": 103, "rule_id": 0}, {"start": 118, "end": 121, "rule_id": 0}, {"start": 143, "end": 149, "rule_id": 2}, {"start": 79, "end": 83, "rule_id": 3}, {"start": 97, "end": 103, "rule_id": 3}]</rules>
  </verse>
  <verse>
    <verseIdArabic>٢٨</verseIdArabic>
    <verseId>28</verseId>
    <chapterId>42</chapterId>
    <textIndopak>وَهُوَ ٱلَّذِي يُنَزِّلُ ٱلۡغَيۡثَ مِنۢ بَعۡدِ مَا قَنَطُواْ وَيَنشُرُ رَحۡمَتَهُۥۚ وَهُوَ ٱلۡوَلِيُّ ٱلۡحَمِيدُ</textIndopak>
    <translations>
      <translation>
        <author>Dr. Mustafa Khattab, the Clear Quran</author>
        <text>He is the One Who sends down rain after people have given up hope, spreading out His mercy. He is the Guardian, the Praiseworthy.</text>
      </translation>
    </translations>
    <rules>[{"start": 111, "end": 113, "rule_id": 1}, {"start": 37, "end": 42, "rule_id": 2}, {"start": 65, "end": 68, "rule_id": 6}]</rules>
  </verse>
  <verse>
    <verseIdArabic>٢٩</verseIdArabic>
    <verseId>29</verseId>
    <chapterId>42</chapterId>
    <textIndopak>وَمِنۡ ءَايَٰتِهِۦ خَلۡقُ ٱلسَّمَٰوَٰتِ وَٱلۡأَرۡضِ وَمَا بَثَّ فِيهِمَا مِن دَآبَّةٖۚ وَهُوَ عَلَىٰ جَمۡعِهِمۡ إِذَا يَشَآءُ قَدِيرٞ</textIndopak>
    <translations>
      <translation>
        <author>Dr. Mustafa Khattab, the Clear Quran</author>
        <text>And among His signs is the creation of the heavens and the earth, and all living beings He dispersed throughout both. And He is Most Capable of bringing all together whenever He wills.</text>
      </translation>
    </translations>
    <rules>[{"start": 75, "end": 79, "rule_id": 6}]</rules>
  </verse>
  <verse>
    <verseIdArabic>٣٠</verseIdArabic>
    <verseId>30</verseId>
    <chapterId>42</chapterId>
    <textIndopak>وَمَآ أَصَٰبَكُم مِّن مُّصِيبَةٖ فَبِمَا كَسَبَتۡ أَيۡدِيكُمۡ وَيَعۡفُواْ عَن كَثِيرٖ</textIndopak>
    <translations>
      <translation>
        <author>Dr. Mustafa Khattab, the Clear Quran</author>
        <text>Whatever affliction befalls you is because of what your own hands have committed. And He pardons much.</text>
      </translation>
    </translations>
    <rules>[{"start": 18, "end": 21, "rule_id": 0}, {"start": 23, "end": 26, "rule_id": 0}, {"start": 21, "end": 26, "rule_id": 3}, {"start": 16, "end": 21, "rule_id": 4}, {"start": 77, "end": 81, "rule_id": 6}, {"start": 31, "end": 36, "rule_id": 6}]</rules>
  </verse>
  <verse>
    <verseIdArabic>٣١</verseIdArabic>
    <verseId>31</verseId>
    <chapterId>42</chapterId>
    <textIndopak>وَمَآ أَنتُم بِمُعۡجِزِينَ فِي ٱلۡأَرۡضِۖ وَمَا لَكُم مِّن دُونِ ٱللَّهِ مِن وَلِيّٖ وَلَا نَصِيرٖ</textIndopak>
    <translations>
      <translation>
        <author>Dr. Mustafa Khattab, the Clear Quran</author>
        <text>You can never escape ˹Him˺ on earth, nor do you have any protector or helper besides Allah.</text>
      </translation>
    </translations>
    <rules>[{"start": 56, "end": 59, "rule_id": 0}, {"start": 77, "end": 81, "rule_id": 3}, {"start": 83, "end": 89, "rule_id": 3}, {"start": 54, "end": 59, "rule_id": 4}, {"start": 9, "end": 12, "rule_id": 6}, {"start": 59, "end": 63, "rule_id": 6}, {"start": 12, "end": 16, "rule_id": 7}]</rules>
  </verse>
  <verse>
    <verseIdArabic>٣٢</verseIdArabic>
    <verseId>32</verseId>
    <chapterId>42</chapterId>
    <textIndopak>وَمِنۡ ءَايَٰتِهِ ٱلۡجَوَارِ فِي ٱلۡبَحۡرِ كَٱلۡأَعۡلَٰمِ</textIndopak>
    <translations>
      <translation>
        <author>Dr. Mustafa Khattab, the Clear Quran</author>
        <text>And among His signs are the ships like mountains ˹sailing˺ in the sea.</text>
      </translation>
    </translations>
  </verse>
  <verse>
    <verseIdArabic>٣٣</verseIdArabic>
    <verseId>33</verseId>
    <chapterId>42</chapterId>
    <textIndopak>إِن يَشَأۡ يُسۡكِنِ ٱلرِّيحَ فَيَظۡلَلۡنَ رَوَاكِدَ عَلَىٰ ظَهۡرِهِۦٓۚ إِنَّ فِي ذَٰلِكَ لَأٓيَٰتٖ لِّكُلِّ صَبَّارٖ شَكُورٍ</textIndopak>
    <translations>
      <translation>
        <author>Dr. Mustafa Khattab, the Clear Quran</author>
        <text>If He wills, He can calm the wind, leaving the ships motionless on the water. Surely in this are signs for whoever is steadfast, grateful.</text>
      </translation>
    </translations>
    <rules>[{"start": 74, "end": 77, "rule_id": 0}, {"start": 2, "end": 6, "rule_id": 3}, {"start": 98, "end": 104, "rule_id": 5}, {"start": 116, "end": 121, "rule_id": 6}]</rules>
  </verse>
  <verse>
    <verseIdArabic>٣٤</verseIdArabic>
    <verseId>34</verseId>
    <chapterId>42</chapterId>
    <textIndopak>أَوۡ يُوبِقۡهُنَّ بِمَا كَسَبُواْ وَيَعۡفُ عَن كَثِيرٖ</textIndopak>
    <translations>
      <translation>
        <author>Dr. Mustafa Khattab, the Clear Quran</author>
        <text>Or He can wreck the ships for what the people have committed—though He forgives much—</text>
      </translation>
    </translations>
    <rules>[{"start": 14, "end": 17, "rule_id": 0}, {"start": 10, "end": 12, "rule_id": 1}, {"start": 45, "end": 49, "rule_id": 6}]</rules>
  </verse>
  <verse>
    <verseIdArabic>٣٥</verseIdArabic>
    <verseId>35</verseId>
    <chapterId>42</chapterId>
    <textIndopak>وَيَعۡلَمَ ٱلَّذِينَ يُجَٰدِلُونَ فِيٓ ءَايَٰتِنَا مَا لَهُم مِّن مَّحِيصٖ</textIndopak>
    <translations>
      <translation>
        <author>Dr. Mustafa Khattab, the Clear Quran</author>
        <text>so those who dispute about Our signs may know that they have no refuge.</text>
      </translation>
    </translations>
    <rules>[{"start": 61, "end": 64, "rule_id": 0}, {"start": 66, "end": 69, "rule_id": 0}, {"start": 64, "end": 69, "rule_id": 3}, {"start": 59, "end": 64, "rule_id": 4}]</rules>
  </verse>
  <verse>
    <verseIdArabic>٣٦</verseIdArabic>
    <verseId>36</verseId>
    <chapterId>42</chapterId>
    <textIndopak>فَمَآ أُوتِيتُم مِّن شَيۡءٖ فَمَتَٰعُ ٱلۡحَيَوٰةِ ٱلدُّنۡيَاۚ وَمَا عِندَ ٱللَّهِ خَيۡرٞ وَأَبۡقَىٰ لِلَّذِينَ ءَامَنُواْ وَعَلَىٰ رَبِّهِمۡ يَتَوَكَّلُونَ</textIndopak>
    <translations>
      <translation>
        <author>Dr. Mustafa Khattab, the Clear Quran</author>
        <text>Whatever ˹pleasure˺ you have been given is ˹no more than a fleeting˺ enjoyment of this worldly life. But what is with Allah is far better and more lasting for those who believe and put their trust in their Lord;</text>
      </translation>
    </translations>
    <rules>[{"start": 17, "end": 20, "rule_id": 0}, {"start": 95, "end": 97, "rule_id": 1}, {"start": 88, "end": 93, "rule_id": 3}, {"start": 15, "end": 20, "rule_id": 4}, {"start": 20, "end": 24, "rule_id": 6}, {"start": 72, "end": 75, "rule_id": 6}, {"start": 26, "end": 31, "rule_id": 6}]</rules>
  </verse>
  <verse>
    <verseIdArabic>٣٧</verseIdArabic>
    <verseId>37</verseId>
    <chapterId>42</chapterId>
    <textIndopak>وَٱلَّذِينَ يَجۡتَنِبُونَ كَبَٰٓئِرَ ٱلۡإِثۡمِ وَٱلۡفَوَٰحِشَ وَإِذَا مَا غَضِبُواْ هُمۡ يَغۡفِرُونَ</textIndopak>
    <translations>
      <translation>
        <author>Dr. Mustafa Khattab, the Clear Quran</author>
        <text>who avoid major sins and shameful deeds, and forgive when angered;</text>
      </translation>
    </translations>
    <rules>[{"start": 14, "end": 16, "rule_id": 1}]</rules>
  </verse>
  <verse>
    <verseIdArabic>٣٨</verseIdArabic>
    <verseId>38</verseId>
    <chapterId>42</chapterId>
    <textIndopak>وَٱلَّذِينَ ٱسۡتَجَابُواْ لِرَبِّهِمۡ وَأَقَامُواْ ٱلصَّلَوٰةَ وَأَمۡرُهُمۡ شُورَىٰ بَيۡنَهُمۡ وَمِمَّا رَزَقۡنَٰهُمۡ يُنفِقُونَ</textIndopak>
    <translations>
      <translation>
        <author>Dr. Mustafa Khattab, the Clear Quran</author>
        <text>who respond to their Lord, establish prayer, conduct their affairs by mutual consultation, and donate from what We have provided for them;</text>
      </translation>
    </translations>
    <rules>[{"start": 99, "end": 102, "rule_id": 0}, {"start": 108, "end": 110, "rule_id": 1}, {"start": 120, "end": 123, "rule_id": 6}]</rules>
  </verse>
  <verse>
    <verseIdArabic>٣٩</verseIdArabic>
    <verseId>39</verseId>
    <chapterId>42</chapterId>
    <textIndopak>وَٱلَّذِينَ إِذَآ أَصَابَهُمُ ٱلۡبَغۡيُ هُمۡ يَنتَصِرُونَ</textIndopak>
    <translations>
      <translation>
        <author>Dr. Mustafa Khattab, the Clear Quran</author>
        <text>and who enforce justice when wronged.</text>
      </translation>
    </translations>
    <rules>[{"start": 48, "end": 51, "rule_id": 6}]</rules>
  </verse>
  <verse>
    <verseIdArabic>٤٠</verseIdArabic>
    <verseId>40</verseId>
    <chapterId>42</chapterId>
    <textIndopak>وَجَزَٰٓؤُاْ سَيِّئَةٖ سَيِّئَةٞ مِّثۡلُهَاۖ فَمَنۡ عَفَا وَأَصۡلَحَ فَأَجۡرُهُۥ عَلَى ٱللَّهِۚ إِنَّهُۥ لَا يُحِبُّ ٱلظَّٰلِمِينَ</textIndopak>
    <translations>
      <translation>
        <author>Dr. Mustafa Khattab, the Clear Quran</author>
        <text>The reward of an evil deed is its equivalent. But whoever pardons and seeks reconciliation, then their reward is with Allah. He certainly does not like the wrongdoers.</text>
      </translation>
    </translations>
    <rules>[{"start": 33, "end": 36, "rule_id": 0}, {"start": 100, "end": 103, "rule_id": 0}, {"start": 74, "end": 76, "rule_id": 1}, {"start": 30, "end": 36, "rule_id": 3}, {"start": 20, "end": 25, "rule_id": 6}]</rules>
  </verse>
  <verse>
    <verseIdArabic>٤١</verseIdArabic>
    <verseId>41</verseId>
    <chapterId>42</chapterId>
    <textIndopak>وَلَمَنِ ٱنتَصَرَ بَعۡدَ ظُلۡمِهِۦ فَأُوْلَٰٓئِكَ مَا عَلَيۡهِم مِّن سَبِيلٍ</textIndopak>
    <translations>
      <translation>
        <author>Dr. Mustafa Khattab, the Clear Quran</author>
        <text>There is no blame on those who enforce justice after being wronged.</text>
      </translation>
    </translations>
    <rules>[{"start": 64, "end": 67, "rule_id": 0}, {"start": 62, "end": 67, "rule_id": 4}, {"start": 10, "end": 13, "rule_id": 6}, {"start": 67, "end": 71, "rule_id": 6}]</rules>
  </verse>
  <verse>
    <verseIdArabic>٤٢</verseIdArabic>
    <verseId>42</verseId>
    <chapterId>42</chapterId>
    <textIndopak>إِنَّمَا ٱلسَّبِيلُ عَلَى ٱلَّذِينَ يَظۡلِمُونَ ٱلنَّاسَ وَيَبۡغُونَ فِي ٱلۡأَرۡضِ بِغَيۡرِ ٱلۡحَقِّۚ أُوْلَٰٓئِكَ لَهُمۡ عَذَابٌ أَلِيمٞ</textIndopak>
    <translations>
      <translation>
        <author>Dr. Mustafa Khattab, the Clear Quran</author>
        <text>Blame is only on those who wrong people and transgress in the land unjustly. It is they who will suffer a painful punishment.</text>
      </translation>
    </translations>
    <rules>[{"start": 2, "end": 5, "rule_id": 0}, {"start": 50, "end": 53, "rule_id": 0}, {"start": 61, "end": 63, "rule_id": 1}]</rules>
  </verse>
  <verse>
    <verseIdArabic>٤٣</verseIdArabic>
    <verseId>43</verseId>
    <chapterId>42</chapterId>
    <textIndopak>وَلَمَن صَبَرَ وَغَفَرَ إِنَّ ذَٰلِكَ لَمِنۡ عَزۡمِ ٱلۡأُمُورِ</textIndopak>
    <translations>
      <translation>
        <author>Dr. Mustafa Khattab, the Clear Quran</author>
        <text>And whoever endures patiently and forgives—surely this is a resolve to aspire to.</text>
      </translation>
    </translations>
    <rules>[{"start": 26, "end": 29, "rule_id": 0}, {"start": 6, "end": 10, "rule_id": 6}]</rules>
  </verse>
  <verse>
    <verseIdArabic>٤٤</verseIdArabic>
    <verseId>44</verseId>
    <chapterId>42</chapterId>
    <textIndopak>وَمَن يُضۡلِلِ ٱللَّهُ فَمَا لَهُۥ مِن وَلِيّٖ مِّنۢ بَعۡدِهِۦۗ وَتَرَى ٱلظَّٰلِمِينَ لَمَّا رَأَوُاْ ٱلۡعَذَابَ يَقُولُونَ هَلۡ إِلَىٰ مَرَدّٖ مِّن سَبِيلٖ</textIndopak>
    <translations>
      <translation>
        <author>Dr. Mustafa Khattab, the Clear Quran</author>
        <text>And whoever Allah leaves to stray will have no guide after Him. You will see the wrongdoers, when they face the torment, pleading, “Is there any way back ˹to the world˺?”</text>
      </translation>
    </translations>
    <rules>[{"start": 47, "end": 50, "rule_id": 0}, {"start": 89, "end": 92, "rule_id": 0}, {"start": 145, "end": 148, "rule_id": 0}, {"start": 50, "end": 55, "rule_id": 2}, {"start": 4, "end": 8, "rule_id": 3}, {"start": 37, "end": 41, "rule_id": 3}, {"start": 43, "end": 50, "rule_id": 3}, {"start": 141, "end": 148, "rule_id": 3}, {"start": 148, "end": 152, "rule_id": 6}]</rules>
  </verse>
  <verse>
    <verseIdArabic>٤٥</verseIdArabic>
    <verseId>45</verseId>
    <chapterId>42</chapterId>
    <textIndopak>وَتَرَىٰهُمۡ يُعۡرَضُونَ عَلَيۡهَا خَٰشِعِينَ مِنَ ٱلذُّلِّ يَنظُرُونَ مِن طَرۡفٍ خَفِيّٖۗ وَقَالَ ٱلَّذِينَ ءَامَنُوٓاْ إِنَّ ٱلۡخَٰسِرِينَ ٱلَّذِينَ خَسِرُوٓاْ أَنفُسَهُمۡ وَأَهۡلِيهِمۡ يَوۡمَ ٱلۡقِيَٰمَةِۗ أَلَآ إِنَّ ٱلظَّٰلِمِينَ فِي عَذَابٖ مُّقِيمٖ</textIndopak>
    <translations>
      <translation>
        <author>Dr. Mustafa Khattab, the Clear Quran</author>
        <text>And you will see them exposed to the Fire, fully humbled out of disgrace, stealing glances ˹at it˺. And the believers will say, “The ˹true˺ losers are those who have lost themselves and their families on Judgment Day.” The wrongdoers will certainly be in everlasting torment.</text>
      </translation>
    </translations>
    <rules>[{"start": 124, "end": 127, "rule_id": 0}, {"start": 220, "end": 223, "rule_id": 0}, {"start": 250, "end": 253, "rule_id": 0}, {"start": 247, "end": 253, "rule_id": 3}, {"start": 62, "end": 65, "rule_id": 6}, {"start": 73, "end": 77, "rule_id": 6}, {"start": 165, "end": 168, "rule_id": 6}]</rules>
  </verse>
  <verse>
    <verseIdArabic>٤٦</verseIdArabic>
    <verseId>46</verseId>
    <chapterId>42</chapterId>
    <textIndopak>وَمَا كَانَ لَهُم مِّنۡ أَوۡلِيَآءَ يَنصُرُونَهُم مِّن دُونِ ٱللَّهِۗ وَمَن يُضۡلِلِ ٱللَّهُ فَمَا لَهُۥ مِن سَبِيلٍ</textIndopak>
    <translations>
      <translation>
        <author>Dr. Mustafa Khattab, the Clear Quran</author>
        <text>They will have no protectors to help them against Allah. And whoever Allah leaves to stray, for them there is no way.</text>
      </translation>
    </translations>
    <rules>[{"start": 18, "end": 21, "rule_id": 0}, {"start": 51, "end": 54, "rule_id": 0}, {"start": 76, "end": 80, "rule_id": 3}, {"start": 16, "end": 21, "rule_id": 4}, {"start": 49, "end": 54, "rule_id": 4}, {"start": 39, "end": 42, "rule_id": 6}, {"start": 54, "end": 58, "rule_id": 6}, {"start": 109, "end": 113, "rule_id": 6}]</rules>
  </verse>
  <verse>
    <verseIdArabic>٤٧</verseIdArabic>
    <verseId>47</verseId>
    <chapterId>42</chapterId>
    <textIndopak>ٱسۡتَجِيبُواْ لِرَبِّكُم مِّن قَبۡلِ أَن يَأۡتِيَ يَوۡمٞ لَّا مَرَدَّ لَهُۥ مِنَ ٱللَّهِۚ مَا لَكُم مِّن مَّلۡجَإٖ يَوۡمَئِذٖ وَمَا لَكُم مِّن نَّكِيرٖ</textIndopak>
    <translations>
      <translation>
        <author>Dr. Mustafa Khattab, the Clear Quran</author>
        <text>Respond to your Lord before the coming of a Day from Allah that cannot be averted. There will be no refuge for you then, nor ˹grounds for˺ denial ˹of sins˺.</text>
      </translation>
    </translations>
    <rules>[{"start": 25, "end": 28, "rule_id": 0}, {"start": 101, "end": 104, "rule_id": 0}, {"start": 106, "end": 109, "rule_id": 0}, {"start": 139, "end": 142, "rule_id": 0}, {"start": 144, "end": 147, "rule_id": 0}, {"start": 32, "end": 34, "rule_id": 1}, {"start": 39, "end": 43, "rule_id": 3}, {"start": 104, "end": 109, "rule_id": 3}, {"start": 142, "end": 147, "rule_id": 3}, {"start": 113, "end": 118, "rule_id": 3}, {"start": 124, "end": 129, "rule_id": 3}, {"start": 23, "end": 28, "rule_id": 4}, {"start": 99, "end": 104, "rule_id": 4}, {"start": 137, "end": 142, "rule_id": 4}, {"start": 54, "end": 60, "rule_id": 5}, {"start": 28, "end": 32, "rule_id": 6}]</rules>
  </verse>
  <verse>
    <verseIdArabic>٤٨</verseIdArabic>
    <verseId>48</verseId>
    <chapterId>42</chapterId>
    <textIndopak>فَإِنۡ أَعۡرَضُواْ فَمَآ أَرۡسَلۡنَٰكَ عَلَيۡهِمۡ حَفِيظًاۖ إِنۡ عَلَيۡكَ إِلَّا ٱلۡبَلَٰغُۗ وَإِنَّآ إِذَآ أَذَقۡنَا ٱلۡإِنسَٰنَ مِنَّا رَحۡمَةٗ فَرِحَ بِهَاۖ وَإِن تُصِبۡهُمۡ سَيِّئَةُۢ بِمَا قَدَّمَتۡ أَيۡدِيهِمۡ فَإِنَّ ٱلۡإِنسَٰنَ كَفُورٞ</textIndopak>
    <translations>
      <translation>
        <author>Dr. Mustafa Khattab, the Clear Quran</author>
        <text>But if they turn away, We have not sent you ˹O Prophet˺ as a keeper over them. Your duty is only to deliver ˹the message˺. And indeed, when We let someone taste a mercy from Us, they become prideful ˹because˺ of it. But when afflicted with evil because of what their hands have done, then one becomes totally ungrateful.</text>
      </translation>
    </translations>
    <rules>[{"start": 100, "end": 103, "rule_id": 0}, {"start": 137, "end": 140, "rule_id": 0}, {"start": 226, "end": 229, "rule_id": 0}, {"start": 117, "end": 119, "rule_id": 1}, {"start": 176, "end": 178, "rule_id": 1}, {"start": 190, "end": 196, "rule_id": 2}, {"start": 128, "end": 132, "rule_id": 6}, {"start": 170, "end": 174, "rule_id": 6}, {"start": 235, "end": 239, "rule_id": 6}, {"start": 148, "end": 153, "rule_id": 6}]</rules>
  </verse>
  <verse>
    <verseIdArabic>٤٩</verseIdArabic>
    <verseId>49</verseId>
    <chapterId>42</chapterId>
    <textIndopak>لِّلَّهِ مُلۡكُ ٱلسَّمَٰوَٰتِ وَٱلۡأَرۡضِۚ يَخۡلُقُ مَا يَشَآءُۚ يَهَبُ لِمَن يَشَآءُ إِنَٰثٗا وَيَهَبُ لِمَن يَشَآءُ ٱلذُّكُورَ</textIndopak>
    <translations>
      <translation>
        <author>Dr. Mustafa Khattab, the Clear Quran</author>
        <text>To Allah ˹alone˺ belongs the kingdom of the heavens and the earth. He creates whatever He wills. He blesses whoever He wills with daughters, and blesses whoever He wills with sons,</text>
      </translation>
    </translations>
    <rules>[{"start": 79, "end": 83, "rule_id": 3}, {"start": 112, "end": 116, "rule_id": 3}, {"start": 95, "end": 101, "rule_id": 3}]</rules>
  </verse>
  <verse>
    <verseIdArabic>٥٠</verseIdArabic>
    <verseId>50</verseId>
    <chapterId>42</chapterId>
    <textIndopak>أَوۡ يُزَوِّجُهُمۡ ذُكۡرَانٗا وَإِنَٰثٗاۖ وَيَجۡعَلُ مَن يَشَآءُ عَقِيمًاۚ إِنَّهُۥ عَلِيمٞ قَدِيرٞ</textIndopak>
    <translations>
      <translation>
        <author>Dr. Mustafa Khattab, the Clear Quran</author>
        <text>or grants both, sons and daughters, ˹to whoever He wills˺, and leaves whoever He wills infertile. He is indeed All-Knowing, Most Capable.</text>
      </translation>
    </translations>
    <rules>[{"start": 80, "end": 83, "rule_id": 0}, {"start": 47, "end": 49, "rule_id": 1}, {"start": 56, "end": 60, "rule_id": 3}, {"start": 26, "end": 32, "rule_id": 3}, {"start": 37, "end": 45, "rule_id": 3}, {"start": 92, "end": 97, "rule_id": 6}]</rules>
  </verse>
  <verse>
    <verseIdArabic>٥١</verseIdArabic>
    <verseId>51</verseId>
    <chapterId>42</chapterId>
    <textIndopak>۞ وَمَا كَانَ لِبَشَرٍ أَن يُكَلِّمَهُ ٱللَّهُ إِلَّا وَحۡيًا أَوۡ مِن وَرَآيِٕ حِجَابٍ أَوۡ يُرۡسِلَ رَسُولٗا فَيُوحِيَ بِإِذۡنِهِۦ مَا يَشَآءُۚ إِنَّهُۥ عَلِيٌّ حَكِيمٞ</textIndopak>
    <translations>
      <translation>
        <author>Dr. Mustafa Khattab, the Clear Quran</author>
        <text>It is not ˹possible˺ for a human being to have Allah communicate with them, except through inspiration, or from behind a veil, or by sending a messenger-angel to reveal whatever He wills by His permission. He is surely Most High, All-Wise.</text>
      </translation>
    </translations>
    <rules>[{"start": 150, "end": 153, "rule_id": 0}, {"start": 25, "end": 29, "rule_id": 3}, {"start": 69, "end": 73, "rule_id": 3}]</rules>
  </verse>
  <verse>
    <verseIdArabic>٥٢</verseIdArabic>
    <verseId>52</verseId>
    <chapterId>42</chapterId>
    <textIndopak>وَكَذَٰلِكَ أَوۡحَيۡنَآ إِلَيۡكَ رُوحٗا مِّنۡ أَمۡرِنَاۚ مَا كُنتَ تَدۡرِي مَا ٱلۡكِتَٰبُ وَلَا ٱلۡإِيمَٰنُ وَلَٰكِن جَعَلۡنَٰهُ نُورٗا نَّهۡدِي بِهِۦ مَن نَّشَآءُ مِنۡ عِبَادِنَاۚ وَإِنَّكَ لَتَهۡدِيٓ إِلَىٰ صِرَٰطٖ مُّسۡتَقِيمٖ</textIndopak>
    <translations>
      <translation>
        <author>Dr. Mustafa Khattab, the Clear Quran</author>
        <text>And so We have sent to you ˹O Prophet˺ a revelation by Our command. You did not know of ˹this˺ Book and faith ˹before˺. But We have made it a light, by which We guide whoever We will of Our servants. And you are truly leading ˹all˺ to the Straight Path—</text>
      </translation>
    </translations>
    <rules>[{"start": 41, "end": 44, "rule_id": 0}, {"start": 138, "end": 141, "rule_id": 0}, {"start": 157, "end": 160, "rule_id": 0}, {"start": 189, "end": 192, "rule_id": 0}, {"start": 221, "end": 224, "rule_id": 0}, {"start": 71, "end": 73, "rule_id": 1}, {"start": 155, "end": 160, "rule_id": 3}, {"start": 37, "end": 44, "rule_id": 3}, {"start": 134, "end": 141, "rule_id": 3}, {"start": 218, "end": 224, "rule_id": 3}, {"start": 65, "end": 68, "rule_id": 6}, {"start": 117, "end": 121, "rule_id": 6}]</rules>
  </verse>
  <verse>
    <verseIdArabic>٥٣</verseIdArabic>
    <verseId>53</verseId>
    <chapterId>42</chapterId>
    <textIndopak>صِرَٰطِ ٱللَّهِ ٱلَّذِي لَهُۥ مَا فِي ٱلسَّمَٰوَٰتِ وَمَا فِي ٱلۡأَرۡضِۗ أَلَآ إِلَى ٱللَّهِ تَصِيرُ ٱلۡأُمُورُ</textIndopak>
    <translations>
      <translation>
        <author>Dr. Mustafa Khattab, the Clear Quran</author>
        <text>the Path of Allah, to Whom belongs whatever is in the heavens and whatever is on the earth. Surely to Allah all matters will return ˹for judgment˺.</text>
      </translation>
    </translations>
  </verse>
</verses>
