<?xml version="1.0" encoding="UTF-8"?>

<verses>
  <verse>
    <verseIdArabic>١</verseIdArabic>
    <verseId>1</verseId>
    <chapterId>43</chapterId>
    <textIndopak>حمٓ</textIndopak>
    <translations>
      <translation>
        <author>Dr. Mustafa Khattab, the Clear Quran</author>
        <text>Ḥâ-Mĩm.</text>
      </translation>
    </translations>
  </verse>
  <verse>
    <verseIdArabic>٢</verseIdArabic>
    <verseId>2</verseId>
    <chapterId>43</chapterId>
    <textIndopak>وَٱلۡكِتَٰبِ ٱلۡمُبِينِ</textIndopak>
    <translations>
      <translation>
        <author>Dr. Mustafa Khattab, the Clear Quran</author>
        <text>By the clear Book!</text>
      </translation>
    </translations>
  </verse>
  <verse>
    <verseIdArabic>٣</verseIdArabic>
    <verseId>3</verseId>
    <chapterId>43</chapterId>
    <textIndopak>إِنَّا جَعَلۡنَٰهُ قُرۡءَٰنًا عَرَبِيّٗا لَّعَلَّكُمۡ تَعۡقِلُونَ</textIndopak>
    <translations>
      <translation>
        <author>Dr. Mustafa Khattab, the Clear Quran</author>
        <text>Certainly, We have made it a Quran in Arabic so perhaps you will understand.</text>
      </translation>
    </translations>
    <rules>[{"start": 2, "end": 5, "rule_id": 0}, {"start": 36, "end": 44, "rule_id": 5}]</rules>
  </verse>
  <verse>
    <verseIdArabic>٤</verseIdArabic>
    <verseId>4</verseId>
    <chapterId>43</chapterId>
    <textIndopak>وَإِنَّهُۥ فِيٓ أُمِّ ٱلۡكِتَٰبِ لَدَيۡنَا لَعَلِيٌّ حَكِيمٌ</textIndopak>
    <translations>
      <translation>
        <author>Dr. Mustafa Khattab, the Clear Quran</author>
        <text>And indeed, it is—in the Master Record with Us—highly esteemed, rich in wisdom.</text>
      </translation>
    </translations>
    <rules>[{"start": 4, "end": 7, "rule_id": 0}, {"start": 18, "end": 21, "rule_id": 0}]</rules>
  </verse>
  <verse>
    <verseIdArabic>٥</verseIdArabic>
    <verseId>5</verseId>
    <chapterId>43</chapterId>
    <textIndopak>أَفَنَضۡرِبُ عَنكُمُ ٱلذِّكۡرَ صَفۡحًا أَن كُنتُمۡ قَوۡمٗا مُّسۡرِفِينَ</textIndopak>
    <translations>
      <translation>
        <author>Dr. Mustafa Khattab, the Clear Quran</author>
        <text>Should We then turn the ˹Quranic˺ Reminder away from you ˹simply˺ because you have been a transgressing people?</text>
      </translation>
    </translations>
    <rules>[{"start": 59, "end": 62, "rule_id": 0}, {"start": 55, "end": 62, "rule_id": 3}, {"start": 15, "end": 18, "rule_id": 6}, {"start": 41, "end": 45, "rule_id": 6}, {"start": 45, "end": 48, "rule_id": 6}]</rules>
  </verse>
  <verse>
    <verseIdArabic>٦</verseIdArabic>
    <verseId>6</verseId>
    <chapterId>43</chapterId>
    <textIndopak>وَكَمۡ أَرۡسَلۡنَا مِن نَّبِيّٖ فِي ٱلۡأَوَّلِينَ</textIndopak>
    <translations>
      <translation>
        <author>Dr. Mustafa Khattab, the Clear Quran</author>
        <text>˹Imagine˺ how many prophets We sent to those ˹destroyed˺ before!</text>
      </translation>
    </translations>
    <rules>[{"start": 23, "end": 26, "rule_id": 0}, {"start": 21, "end": 26, "rule_id": 3}, {"start": 28, "end": 34, "rule_id": 6}]</rules>
  </verse>
  <verse>
    <verseIdArabic>٧</verseIdArabic>
    <verseId>7</verseId>
    <chapterId>43</chapterId>
    <textIndopak>وَمَا يَأۡتِيهِم مِّن نَّبِيٍّ إِلَّا كَانُواْ بِهِۦ يَسۡتَهۡزِءُونَ</textIndopak>
    <translations>
      <translation>
        <author>Dr. Mustafa Khattab, the Clear Quran</author>
        <text>But no prophet ever came to them without being mocked.</text>
      </translation>
    </translations>
    <rules>[{"start": 17, "end": 20, "rule_id": 0}, {"start": 22, "end": 25, "rule_id": 0}, {"start": 20, "end": 25, "rule_id": 3}, {"start": 15, "end": 20, "rule_id": 4}]</rules>
  </verse>
  <verse>
    <verseIdArabic>٨</verseIdArabic>
    <verseId>8</verseId>
    <chapterId>43</chapterId>
    <textIndopak>فَأَهۡلَكۡنَآ أَشَدَّ مِنۡهُم بَطۡشٗا وَمَضَىٰ مَثَلُ ٱلۡأَوَّلِينَ</textIndopak>
    <translations>
      <translation>
        <author>Dr. Mustafa Khattab, the Clear Quran</author>
        <text>So We destroyed those who were far mightier than these ˹Meccans˺. The examples of ˹their˺ predecessors have ˹already˺ been related.</text>
      </translation>
    </translations>
    <rules>[{"start": 33, "end": 35, "rule_id": 1}, {"start": 35, "end": 41, "rule_id": 3}, {"start": 29, "end": 33, "rule_id": 7}]</rules>
  </verse>
  <verse>
    <verseIdArabic>٩</verseIdArabic>
    <verseId>9</verseId>
    <chapterId>43</chapterId>
    <textIndopak>وَلَئِن سَأَلۡتَهُم مَّنۡ خَلَقَ ٱلسَّمَٰوَٰتِ وَٱلۡأَرۡضَ لَيَقُولُنَّ خَلَقَهُنَّ ٱلۡعَزِيزُ ٱلۡعَلِيمُ</textIndopak>
    <translations>
      <translation>
        <author>Dr. Mustafa Khattab, the Clear Quran</author>
        <text>If you ask them ˹O Prophet˺ who created the heavens and the earth, they will certainly say, “The Almighty, All-Knowing did.”</text>
      </translation>
    </translations>
    <rules>[{"start": 20, "end": 23, "rule_id": 0}, {"start": 68, "end": 71, "rule_id": 0}, {"start": 80, "end": 83, "rule_id": 0}, {"start": 18, "end": 23, "rule_id": 4}, {"start": 6, "end": 10, "rule_id": 6}]</rules>
  </verse>
  <verse>
    <verseIdArabic>١٠</verseIdArabic>
    <verseId>10</verseId>
    <chapterId>43</chapterId>
    <textIndopak>ٱلَّذِي جَعَلَ لَكُمُ ٱلۡأَرۡضَ مَهۡدٗا وَجَعَلَ لَكُمۡ فِيهَا سُبُلٗا لَّعَلَّكُمۡ تَهۡتَدُونَ</textIndopak>
    <translations>
      <translation>
        <author>Dr. Mustafa Khattab, the Clear Quran</author>
        <text>˹He is the One˺ Who has laid out the earth for you, and set in it pathways for you so that you may find your way.</text>
      </translation>
    </translations>
    <rules>[{"start": 36, "end": 42, "rule_id": 3}, {"start": 67, "end": 74, "rule_id": 5}]</rules>
  </verse>
  <verse>
    <verseIdArabic>١١</verseIdArabic>
    <verseId>11</verseId>
    <chapterId>43</chapterId>
    <textIndopak>وَٱلَّذِي نَزَّلَ مِنَ ٱلسَّمَآءِ مَآءَۢ بِقَدَرٖ فَأَنشَرۡنَا بِهِۦ بَلۡدَةٗ مَّيۡتٗاۚ كَذَٰلِكَ تُخۡرَجُونَ</textIndopak>
    <translations>
      <translation>
        <author>Dr. Mustafa Khattab, the Clear Quran</author>
        <text>And ˹He is the One˺ Who sends down rain from the sky in perfect measure, with which We give life to a lifeless land. And so will you be brought forth ˹from the grave˺.</text>
      </translation>
    </translations>
    <rules>[{"start": 80, "end": 83, "rule_id": 0}, {"start": 39, "end": 45, "rule_id": 2}, {"start": 77, "end": 83, "rule_id": 3}, {"start": 56, "end": 59, "rule_id": 6}, {"start": 49, "end": 54, "rule_id": 6}]</rules>
  </verse>
  <verse>
    <verseIdArabic>١٢</verseIdArabic>
    <verseId>12</verseId>
    <chapterId>43</chapterId>
    <textIndopak>وَٱلَّذِي خَلَقَ ٱلۡأَزۡوَٰجَ كُلَّهَا وَجَعَلَ لَكُم مِّنَ ٱلۡفُلۡكِ وَٱلۡأَنۡعَٰمِ مَا تَرۡكَبُونَ</textIndopak>
    <translations>
      <translation>
        <author>Dr. Mustafa Khattab, the Clear Quran</author>
        <text>And ˹He is the One˺ Who created all ˹things in˺ pairs, and made for you ships and animals to ride</text>
      </translation>
    </translations>
    <rules>[{"start": 54, "end": 57, "rule_id": 0}, {"start": 52, "end": 57, "rule_id": 4}]</rules>
  </verse>
  <verse>
    <verseIdArabic>١٣</verseIdArabic>
    <verseId>13</verseId>
    <chapterId>43</chapterId>
    <textIndopak>لِتَسۡتَوُۥاْ عَلَىٰ ظُهُورِهِۦ ثُمَّ تَذۡكُرُواْ نِعۡمَةَ رَبِّكُمۡ إِذَا ٱسۡتَوَيۡتُمۡ عَلَيۡهِ وَتَقُولُواْ سُبۡحَٰنَ ٱلَّذِي سَخَّرَ لَنَا هَٰذَا وَمَا كُنَّا لَهُۥ مُقۡرِنِينَ</textIndopak>
    <translations>
      <translation>
        <author>Dr. Mustafa Khattab, the Clear Quran</author>
        <text>so that you may sit firmly on their backs, and remember your Lord’s blessings once you are settled on them, saying, “Glory be to the One Who has subjected these for us, for we could have never done so ˹on our own˺.</text>
      </translation>
    </translations>
    <rules>[{"start": 34, "end": 37, "rule_id": 0}, {"start": 158, "end": 161, "rule_id": 0}, {"start": 113, "end": 115, "rule_id": 1}, {"start": 171, "end": 173, "rule_id": 1}]</rules>
  </verse>
  <verse>
    <verseIdArabic>١٤</verseIdArabic>
    <verseId>14</verseId>
    <chapterId>43</chapterId>
    <textIndopak>وَإِنَّآ إِلَىٰ رَبِّنَا لَمُنقَلِبُونَ</textIndopak>
    <translations>
      <translation>
        <author>Dr. Mustafa Khattab, the Clear Quran</author>
        <text>And surely to our Lord we will ˹all˺ return.”</text>
      </translation>
    </translations>
    <rules>[{"start": 4, "end": 7, "rule_id": 0}, {"start": 30, "end": 33, "rule_id": 6}]</rules>
  </verse>
  <verse>
    <verseIdArabic>١٥</verseIdArabic>
    <verseId>15</verseId>
    <chapterId>43</chapterId>
    <textIndopak>وَجَعَلُواْ لَهُۥ مِنۡ عِبَادِهِۦ جُزۡءًاۚ إِنَّ ٱلۡإِنسَٰنَ لَكَفُورٞ مُّبِينٌ</textIndopak>
    <translations>
      <translation>
        <author>Dr. Mustafa Khattab, the Clear Quran</author>
        <text>Still the pagans have made some of His creation out to be a part of Him. Indeed, humankind is clearly ungrateful.</text>
      </translation>
    </translations>
    <rules>[{"start": 46, "end": 49, "rule_id": 0}, {"start": 72, "end": 75, "rule_id": 0}, {"start": 69, "end": 75, "rule_id": 3}, {"start": 55, "end": 59, "rule_id": 6}]</rules>
  </verse>
  <verse>
    <verseIdArabic>١٦</verseIdArabic>
    <verseId>16</verseId>
    <chapterId>43</chapterId>
    <textIndopak>أَمِ ٱتَّخَذَ مِمَّا يَخۡلُقُ بَنَاتٖ وَأَصۡفَىٰكُم بِٱلۡبَنِينَ</textIndopak>
    <translations>
      <translation>
        <author>Dr. Mustafa Khattab, the Clear Quran</author>
        <text>Has He taken ˹angels as His˺ daughters from what He created, and favoured you ˹O pagans˺ with sons?</text>
      </translation>
    </translations>
    <rules>[{"start": 16, "end": 19, "rule_id": 0}, {"start": 35, "end": 40, "rule_id": 3}, {"start": 50, "end": 54, "rule_id": 7}]</rules>
  </verse>
  <verse>
    <verseIdArabic>١٧</verseIdArabic>
    <verseId>17</verseId>
    <chapterId>43</chapterId>
    <textIndopak>وَإِذَا بُشِّرَ أَحَدُهُم بِمَا ضَرَبَ لِلرَّحۡمَٰنِ مَثَلٗا ظَلَّ وَجۡهُهُۥ مُسۡوَدّٗا وَهُوَ كَظِيمٌ</textIndopak>
    <translations>
      <translation>
        <author>Dr. Mustafa Khattab, the Clear Quran</author>
        <text>Whenever one of them is given the good news of what they attribute to the Most Compassionate, his face grows gloomy, as he suppresses his rage.</text>
      </translation>
    </translations>
    <rules>[{"start": 69, "end": 71, "rule_id": 1}, {"start": 83, "end": 90, "rule_id": 3}, {"start": 24, "end": 28, "rule_id": 7}]</rules>
  </verse>
  <verse>
    <verseIdArabic>١٨</verseIdArabic>
    <verseId>18</verseId>
    <chapterId>43</chapterId>
    <textIndopak>أَوَمَن يُنَشَّؤُاْ فِي ٱلۡحِلۡيَةِ وَهُوَ فِي ٱلۡخِصَامِ غَيۡرُ مُبِينٖ</textIndopak>
    <translations>
      <translation>
        <author>Dr. Mustafa Khattab, the Clear Quran</author>
        <text>˹Do they attribute to Him˺ those who are brought up in fineries and are not commanding in disputes?</text>
      </translation>
    </translations>
    <rules>[{"start": 6, "end": 10, "rule_id": 3}]</rules>
  </verse>
  <verse>
    <verseIdArabic>١٩</verseIdArabic>
    <verseId>19</verseId>
    <chapterId>43</chapterId>
    <textIndopak>وَجَعَلُواْ ٱلۡمَلَٰٓئِكَةَ ٱلَّذِينَ هُمۡ عِبَٰدُ ٱلرَّحۡمَٰنِ إِنَٰثًاۚ أَشَهِدُواْ خَلۡقَهُمۡۚ سَتُكۡتَبُ شَهَٰدَتُهُمۡ وَيُسۡـَٔلُونَ</textIndopak>
    <translations>
      <translation>
        <author>Dr. Mustafa Khattab, the Clear Quran</author>
        <text>Still they have labelled the angels, who are servants of the Most Compassionate, as female. Did they witness their creation? Their statement will be recorded, and they will be questioned!</text>
      </translation>
    </translations>
  </verse>
  <verse>
    <verseIdArabic>٢٠</verseIdArabic>
    <verseId>20</verseId>
    <chapterId>43</chapterId>
    <textIndopak>وَقَالُواْ لَوۡ شَآءَ ٱلرَّحۡمَٰنُ مَا عَبَدۡنَٰهُمۗ مَّا لَهُم بِذَٰلِكَ مِنۡ عِلۡمٍۖ إِنۡ هُمۡ إِلَّا يَخۡرُصُونَ</textIndopak>
    <translations>
      <translation>
        <author>Dr. Mustafa Khattab, the Clear Quran</author>
        <text>And they argue, “Had the Most Compassionate willed, we would have never worshipped them.” They have no knowledge ˹in support˺ of this ˹claim˺. They do nothing but lie.</text>
      </translation>
    </translations>
    <rules>[{"start": 55, "end": 58, "rule_id": 0}, {"start": 44, "end": 46, "rule_id": 1}, {"start": 64, "end": 68, "rule_id": 7}]</rules>
  </verse>
  <verse>
    <verseIdArabic>٢١</verseIdArabic>
    <verseId>21</verseId>
    <chapterId>43</chapterId>
    <textIndopak>أَمۡ ءَاتَيۡنَٰهُمۡ كِتَٰبٗا مِّن قَبۡلِهِۦ فَهُم بِهِۦ مُسۡتَمۡسِكُونَ</textIndopak>
    <translations>
      <translation>
        <author>Dr. Mustafa Khattab, the Clear Quran</author>
        <text>Or have We given them a Book ˹for proof˺, before this ˹Quran˺, to which they are holding firm?</text>
      </translation>
    </translations>
    <rules>[{"start": 29, "end": 32, "rule_id": 0}, {"start": 36, "end": 38, "rule_id": 1}, {"start": 25, "end": 32, "rule_id": 3}, {"start": 32, "end": 36, "rule_id": 6}, {"start": 48, "end": 52, "rule_id": 7}]</rules>
  </verse>
  <verse>
    <verseIdArabic>٢٢</verseIdArabic>
    <verseId>22</verseId>
    <chapterId>43</chapterId>
    <textIndopak>بَلۡ قَالُوٓاْ إِنَّا وَجَدۡنَآ ءَابَآءَنَا عَلَىٰٓ أُمَّةٖ وَإِنَّا عَلَىٰٓ ءَاثَٰرِهِم مُّهۡتَدُونَ</textIndopak>
    <translations>
      <translation>
        <author>Dr. Mustafa Khattab, the Clear Quran</author>
        <text>In fact, they say, “We found our forefathers following a ˹particular˺ way, and we are following in their footsteps.”</text>
      </translation>
    </translations>
    <rules>[{"start": 17, "end": 20, "rule_id": 0}, {"start": 56, "end": 59, "rule_id": 0}, {"start": 66, "end": 69, "rule_id": 0}, {"start": 91, "end": 94, "rule_id": 0}, {"start": 26, "end": 28, "rule_id": 1}, {"start": 59, "end": 64, "rule_id": 3}, {"start": 89, "end": 94, "rule_id": 4}]</rules>
  </verse>
  <verse>
    <verseIdArabic>٢٣</verseIdArabic>
    <verseId>23</verseId>
    <chapterId>43</chapterId>
    <textIndopak>وَكَذَٰلِكَ مَآ أَرۡسَلۡنَا مِن قَبۡلِكَ فِي قَرۡيَةٖ مِّن نَّذِيرٍ إِلَّا قَالَ مُتۡرَفُوهَآ إِنَّا وَجَدۡنَآ ءَابَآءَنَا عَلَىٰٓ أُمَّةٖ وَإِنَّا عَلَىٰٓ ءَاثَٰرِهِم مُّقۡتَدُونَ</textIndopak>
    <translations>
      <translation>
        <author>Dr. Mustafa Khattab, the Clear Quran</author>
        <text>Similarly, whenever We sent a warner to a society before you ˹O Prophet˺, its ˹spoiled˺ elite would say, “We found our forefathers following a ˹particular˺ way, and we are walking in their footsteps.”</text>
      </translation>
    </translations>
    <rules>[{"start": 55, "end": 58, "rule_id": 0}, {"start": 60, "end": 63, "rule_id": 0}, {"start": 98, "end": 101, "rule_id": 0}, {"start": 137, "end": 140, "rule_id": 0}, {"start": 147, "end": 150, "rule_id": 0}, {"start": 172, "end": 175, "rule_id": 0}, {"start": 35, "end": 37, "rule_id": 1}, {"start": 107, "end": 109, "rule_id": 1}, {"start": 175, "end": 177, "rule_id": 1}, {"start": 58, "end": 63, "rule_id": 3}, {"start": 52, "end": 58, "rule_id": 3}, {"start": 140, "end": 145, "rule_id": 3}, {"start": 170, "end": 175, "rule_id": 4}, {"start": 31, "end": 35, "rule_id": 6}]</rules>
  </verse>
  <verse>
    <verseIdArabic>٢٤</verseIdArabic>
    <verseId>24</verseId>
    <chapterId>43</chapterId>
    <textIndopak>۞ قَٰلَ أَوَلَوۡ جِئۡتُكُم بِأَهۡدَىٰ مِمَّا وَجَدتُّمۡ عَلَيۡهِ ءَابَآءَكُمۡۖ قَالُوٓاْ إِنَّا بِمَآ أُرۡسِلۡتُم بِهِۦ كَٰفِرُونَ</textIndopak>
    <translations>
      <translation>
        <author>Dr. Mustafa Khattab, the Clear Quran</author>
        <text>Each ˹warner˺ asked, “Even if what I brought you is better guidance than what you found your forefathers practicing?” They replied, “We totally reject whatever you have been sent with.”</text>
      </translation>
    </translations>
    <rules>[{"start": 40, "end": 43, "rule_id": 0}, {"start": 93, "end": 96, "rule_id": 0}, {"start": 25, "end": 29, "rule_id": 7}, {"start": 115, "end": 119, "rule_id": 7}]</rules>
  </verse>
  <verse>
    <verseIdArabic>٢٥</verseIdArabic>
    <verseId>25</verseId>
    <chapterId>43</chapterId>
    <textIndopak>فَٱنتَقَمۡنَا مِنۡهُمۡۖ فَٱنظُرۡ كَيۡفَ كَانَ عَٰقِبَةُ ٱلۡمُكَذِّبِينَ</textIndopak>
    <translations>
      <translation>
        <author>Dr. Mustafa Khattab, the Clear Quran</author>
        <text>So We inflicted punishment upon them. See then what was the fate of the deniers!</text>
      </translation>
    </translations>
    <rules>[{"start": 3, "end": 6, "rule_id": 6}, {"start": 28, "end": 31, "rule_id": 6}]</rules>
  </verse>
  <verse>
    <verseIdArabic>٢٦</verseIdArabic>
    <verseId>26</verseId>
    <chapterId>43</chapterId>
    <textIndopak>وَإِذۡ قَالَ إِبۡرَٰهِيمُ لِأَبِيهِ وَقَوۡمِهِۦٓ إِنَّنِي بَرَآءٞ مِّمَّا تَعۡبُدُونَ</textIndopak>
    <translations>
      <translation>
        <author>Dr. Mustafa Khattab, the Clear Quran</author>
        <text>˹Remember, O Prophet˺ when Abraham declared to his father and his people, “I am totally free of whatever ˹gods˺ you worship,</text>
      </translation>
    </translations>
    <rules>[{"start": 51, "end": 54, "rule_id": 0}, {"start": 67, "end": 70, "rule_id": 0}, {"start": 70, "end": 73, "rule_id": 0}, {"start": 15, "end": 17, "rule_id": 1}, {"start": 64, "end": 70, "rule_id": 3}]</rules>
  </verse>
  <verse>
    <verseIdArabic>٢٧</verseIdArabic>
    <verseId>27</verseId>
    <chapterId>43</chapterId>
    <textIndopak>إِلَّا ٱلَّذِي فَطَرَنِي فَإِنَّهُۥ سَيَهۡدِينِ</textIndopak>
    <translations>
      <translation>
        <author>Dr. Mustafa Khattab, the Clear Quran</author>
        <text>except the One Who originated me, and He will surely guide me.”</text>
      </translation>
    </translations>
    <rules>[{"start": 29, "end": 32, "rule_id": 0}]</rules>
  </verse>
  <verse>
    <verseIdArabic>٢٨</verseIdArabic>
    <verseId>28</verseId>
    <chapterId>43</chapterId>
    <textIndopak>وَجَعَلَهَا كَلِمَةَۢ بَاقِيَةٗ فِي عَقِبِهِۦ لَعَلَّهُمۡ يَرۡجِعُونَ</textIndopak>
    <translations>
      <translation>
        <author>Dr. Mustafa Khattab, the Clear Quran</author>
        <text>And he left this enduring declaration among his descendants, so they may ˹always˺ turn back ˹to Allah˺.</text>
      </translation>
    </translations>
    <rules>[{"start": 18, "end": 24, "rule_id": 2}, {"start": 29, "end": 34, "rule_id": 6}]</rules>
  </verse>
  <verse>
    <verseIdArabic>٢٩</verseIdArabic>
    <verseId>29</verseId>
    <chapterId>43</chapterId>
    <textIndopak>بَلۡ مَتَّعۡتُ هَٰٓؤُلَآءِ وَءَابَآءَهُمۡ حَتَّىٰ جَآءَهُمُ ٱلۡحَقُّ وَرَسُولٞ مُّبِينٞ</textIndopak>
    <translations>
      <translation>
        <author>Dr. Mustafa Khattab, the Clear Quran</author>
        <text>In fact, I had allowed enjoyment for these ˹Meccans˺ and their forefathers, until the truth came to them along with a messenger making things clear.</text>
      </translation>
    </translations>
    <rules>[{"start": 82, "end": 85, "rule_id": 0}, {"start": 79, "end": 85, "rule_id": 3}]</rules>
  </verse>
  <verse>
    <verseIdArabic>٣٠</verseIdArabic>
    <verseId>30</verseId>
    <chapterId>43</chapterId>
    <textIndopak>وَلَمَّا جَآءَهُمُ ٱلۡحَقُّ قَالُواْ هَٰذَا سِحۡرٞ وَإِنَّا بِهِۦ كَٰفِرُونَ</textIndopak>
    <translations>
      <translation>
        <author>Dr. Mustafa Khattab, the Clear Quran</author>
        <text>˹But˺ when the truth came to them, they said, “This is magic, and we totally reject it.”</text>
      </translation>
    </translations>
    <rules>[{"start": 4, "end": 7, "rule_id": 0}, {"start": 56, "end": 59, "rule_id": 0}, {"start": 49, "end": 54, "rule_id": 3}]</rules>
  </verse>
  <verse>
    <verseIdArabic>٣١</verseIdArabic>
    <verseId>31</verseId>
    <chapterId>43</chapterId>
    <textIndopak>وَقَالُواْ لَوۡلَا نُزِّلَ هَٰذَا ٱلۡقُرۡءَانُ عَلَىٰ رَجُلٖ مِّنَ ٱلۡقَرۡيَتَيۡنِ عَظِيمٍ</textIndopak>
    <translations>
      <translation>
        <author>Dr. Mustafa Khattab, the Clear Quran</author>
        <text>And they exclaimed, “If only this Quran was revealed to a great man from ˹one of˺ the two cities!”</text>
      </translation>
    </translations>
    <rules>[{"start": 61, "end": 64, "rule_id": 0}, {"start": 58, "end": 64, "rule_id": 3}]</rules>
  </verse>
  <verse>
    <verseIdArabic>٣٢</verseIdArabic>
    <verseId>32</verseId>
    <chapterId>43</chapterId>
    <textIndopak>أَهُمۡ يَقۡسِمُونَ رَحۡمَتَ رَبِّكَۚ نَحۡنُ قَسَمۡنَا بَيۡنَهُم مَّعِيشَتَهُمۡ فِي ٱلۡحَيَوٰةِ ٱلدُّنۡيَاۚ وَرَفَعۡنَا بَعۡضَهُمۡ فَوۡقَ بَعۡضٖ دَرَجَٰتٖ لِّيَتَّخِذَ بَعۡضُهُم بَعۡضٗا سُخۡرِيّٗاۗ وَرَحۡمَتُ رَبِّكَ خَيۡرٞ مِّمَّا يَجۡمَعُونَ</textIndopak>
    <translations>
      <translation>
        <author>Dr. Mustafa Khattab, the Clear Quran</author>
        <text>Is it they who distribute your Lord’s mercy? We ˹alone˺ have distributed their ˹very˺ livelihood among them in this worldly life and raised some of them in rank above others so that some may employ others in service. ˹But˺ your Lord’s mercy is far better than whatever ˹wealth˺ they amass.</text>
      </translation>
    </translations>
    <rules>[{"start": 65, "end": 68, "rule_id": 0}, {"start": 226, "end": 229, "rule_id": 0}, {"start": 229, "end": 232, "rule_id": 0}, {"start": 9, "end": 11, "rule_id": 1}, {"start": 236, "end": 238, "rule_id": 1}, {"start": 223, "end": 229, "rule_id": 3}, {"start": 63, "end": 68, "rule_id": 4}, {"start": 153, "end": 159, "rule_id": 5}, {"start": 143, "end": 148, "rule_id": 6}, {"start": 177, "end": 181, "rule_id": 7}]</rules>
  </verse>
  <verse>
    <verseIdArabic>٣٣</verseIdArabic>
    <verseId>33</verseId>
    <chapterId>43</chapterId>
    <textIndopak>وَلَوۡلَآ أَن يَكُونَ ٱلنَّاسُ أُمَّةٗ وَٰحِدَةٗ لَّجَعَلۡنَا لِمَن يَكۡفُرُ بِٱلرَّحۡمَٰنِ لِبُيُوتِهِمۡ سُقُفٗا مِّن فِضَّةٖ وَمَعَارِجَ عَلَيۡهَا يَظۡهَرُونَ</textIndopak>
    <translations>
      <translation>
        <author>Dr. Mustafa Khattab, the Clear Quran</author>
        <text>Were it not that people might ˹be tempted to˺ become one community ˹of disbelievers˺, We would have supplied the homes of ˹only˺ those who disbelieve in the Most Compassionate with silver roofs and ˹silver˺ stairways to ascend,</text>
      </translation>
    </translations>
    <rules>[{"start": 25, "end": 28, "rule_id": 0}, {"start": 34, "end": 37, "rule_id": 0}, {"start": 115, "end": 118, "rule_id": 0}, {"start": 13, "end": 17, "rule_id": 3}, {"start": 67, "end": 71, "rule_id": 3}, {"start": 37, "end": 43, "rule_id": 3}, {"start": 111, "end": 118, "rule_id": 3}, {"start": 125, "end": 130, "rule_id": 3}, {"start": 47, "end": 53, "rule_id": 5}, {"start": 118, "end": 122, "rule_id": 6}]</rules>
  </verse>
  <verse>
    <verseIdArabic>٣٤</verseIdArabic>
    <verseId>34</verseId>
    <chapterId>43</chapterId>
    <textIndopak>وَلِبُيُوتِهِمۡ أَبۡوَٰبٗا وَسُرُرًا عَلَيۡهَا يَتَّكِـُٔونَ</textIndopak>
    <translations>
      <translation>
        <author>Dr. Mustafa Khattab, the Clear Quran</author>
        <text>as well as ˹silver˺ gates and thrones to recline on,</text>
      </translation>
    </translations>
    <rules>[{"start": 18, "end": 20, "rule_id": 1}, {"start": 23, "end": 29, "rule_id": 3}]</rules>
  </verse>
  <verse>
    <verseIdArabic>٣٥</verseIdArabic>
    <verseId>35</verseId>
    <chapterId>43</chapterId>
    <textIndopak>وَزُخۡرُفٗاۚ وَإِن كُلُّ ذَٰلِكَ لَمَّا مَتَٰعُ ٱلۡحَيَوٰةِ ٱلدُّنۡيَاۚ وَٱلۡأٓخِرَةُ عِندَ رَبِّكَ لِلۡمُتَّقِينَ</textIndopak>
    <translations>
      <translation>
        <author>Dr. Mustafa Khattab, the Clear Quran</author>
        <text>and ornaments ˹of gold˺. Yet all this is no more than a ˹fleeting˺ enjoyment in this worldly life. ˹But˺ the Hereafter with your Lord is ˹only˺ for those mindful ˹of Him˺.</text>
      </translation>
    </translations>
    <rules>[{"start": 36, "end": 39, "rule_id": 0}, {"start": 18, "end": 22, "rule_id": 6}, {"start": 91, "end": 94, "rule_id": 6}]</rules>
  </verse>
  <verse>
    <verseIdArabic>٣٦</verseIdArabic>
    <verseId>36</verseId>
    <chapterId>43</chapterId>
    <textIndopak>وَمَن يَعۡشُ عَن ذِكۡرِ ٱلرَّحۡمَٰنِ نُقَيِّضۡ لَهُۥ شَيۡطَٰنٗا فَهُوَ لَهُۥ قَرِينٞ</textIndopak>
    <translations>
      <translation>
        <author>Dr. Mustafa Khattab, the Clear Quran</author>
        <text>And whoever turns a blind eye to the Reminder of the Most Compassionate, We place at the disposal of each a devilish one as their close associate,</text>
      </translation>
    </translations>
    <rules>[{"start": 4, "end": 8, "rule_id": 3}, {"start": 15, "end": 19, "rule_id": 6}]</rules>
  </verse>
  <verse>
    <verseIdArabic>٣٧</verseIdArabic>
    <verseId>37</verseId>
    <chapterId>43</chapterId>
    <textIndopak>وَإِنَّهُمۡ لَيَصُدُّونَهُمۡ عَنِ ٱلسَّبِيلِ وَيَحۡسَبُونَ أَنَّهُم مُّهۡتَدُونَ</textIndopak>
    <translations>
      <translation>
        <author>Dr. Mustafa Khattab, the Clear Quran</author>
        <text>who will certainly hinder them from the ˹Right˺ Way while they think they are ˹rightly˺ guided.</text>
      </translation>
    </translations>
    <rules>[{"start": 4, "end": 7, "rule_id": 0}, {"start": 61, "end": 64, "rule_id": 0}, {"start": 68, "end": 71, "rule_id": 0}, {"start": 66, "end": 71, "rule_id": 4}]</rules>
  </verse>
  <verse>
    <verseIdArabic>٣٨</verseIdArabic>
    <verseId>38</verseId>
    <chapterId>43</chapterId>
    <textIndopak>حَتَّىٰٓ إِذَا جَآءَنَا قَالَ يَٰلَيۡتَ بَيۡنِي وَبَيۡنَكَ بُعۡدَ ٱلۡمَشۡرِقَيۡنِ فَبِئۡسَ ٱلۡقَرِينُ</textIndopak>
    <translations>
      <translation>
        <author>Dr. Mustafa Khattab, the Clear Quran</author>
        <text>But when such a person comes to Us, one will say ˹to their associate˺, “I wish you were as distant from me as the east is from the west! What an evil associate ˹you were˺!”</text>
      </translation>
    </translations>
  </verse>
  <verse>
    <verseIdArabic>٣٩</verseIdArabic>
    <verseId>39</verseId>
    <chapterId>43</chapterId>
    <textIndopak>وَلَن يَنفَعَكُمُ ٱلۡيَوۡمَ إِذ ظَّلَمۡتُمۡ أَنَّكُمۡ فِي ٱلۡعَذَابِ مُشۡتَرِكُونَ</textIndopak>
    <translations>
      <translation>
        <author>Dr. Mustafa Khattab, the Clear Quran</author>
        <text>˹It will be said to both,˺ “Since you all did wrong, sharing in the punishment will be of no benefit to you this Day.”</text>
      </translation>
    </translations>
    <rules>[{"start": 46, "end": 49, "rule_id": 0}, {"start": 4, "end": 8, "rule_id": 3}, {"start": 8, "end": 11, "rule_id": 6}]</rules>
  </verse>
  <verse>
    <verseIdArabic>٤٠</verseIdArabic>
    <verseId>40</verseId>
    <chapterId>43</chapterId>
    <textIndopak>أَفَأَنتَ تُسۡمِعُ ٱلصُّمَّ أَوۡ تَهۡدِي ٱلۡعُمۡيَ وَمَن كَانَ فِي ضَلَٰلٖ مُّبِينٖ</textIndopak>
    <translations>
      <translation>
        <author>Dr. Mustafa Khattab, the Clear Quran</author>
        <text>Can you make the deaf hear, or guide the blind or those clearly astray?</text>
      </translation>
    </translations>
    <rules>[{"start": 24, "end": 27, "rule_id": 0}, {"start": 75, "end": 78, "rule_id": 0}, {"start": 72, "end": 78, "rule_id": 3}, {"start": 6, "end": 9, "rule_id": 6}, {"start": 55, "end": 59, "rule_id": 6}]</rules>
  </verse>
  <verse>
    <verseIdArabic>٤١</verseIdArabic>
    <verseId>41</verseId>
    <chapterId>43</chapterId>
    <textIndopak>فَإِمَّا نَذۡهَبَنَّ بِكَ فَإِنَّا مِنۡهُم مُّنتَقِمُونَ</textIndopak>
    <translations>
      <translation>
        <author>Dr. Mustafa Khattab, the Clear Quran</author>
        <text>Even if We take you away ˹from this world˺, We will surely inflict punishment upon them.</text>
      </translation>
    </translations>
    <rules>[{"start": 4, "end": 7, "rule_id": 0}, {"start": 17, "end": 20, "rule_id": 0}, {"start": 30, "end": 33, "rule_id": 0}, {"start": 43, "end": 46, "rule_id": 0}, {"start": 41, "end": 46, "rule_id": 4}, {"start": 46, "end": 49, "rule_id": 6}]</rules>
  </verse>
  <verse>
    <verseIdArabic>٤٢</verseIdArabic>
    <verseId>42</verseId>
    <chapterId>43</chapterId>
    <textIndopak>أَوۡ نُرِيَنَّكَ ٱلَّذِي وَعَدۡنَٰهُمۡ فَإِنَّا عَلَيۡهِم مُّقۡتَدِرُونَ</textIndopak>
    <translations>
      <translation>
        <author>Dr. Mustafa Khattab, the Clear Quran</author>
        <text>Or if We show you what We threaten them with, We certainly have full power over them.</text>
      </translation>
    </translations>
    <rules>[{"start": 11, "end": 14, "rule_id": 0}, {"start": 43, "end": 46, "rule_id": 0}, {"start": 58, "end": 61, "rule_id": 0}, {"start": 29, "end": 31, "rule_id": 1}, {"start": 61, "end": 63, "rule_id": 1}, {"start": 56, "end": 61, "rule_id": 4}]</rules>
  </verse>
  <verse>
    <verseIdArabic>٤٣</verseIdArabic>
    <verseId>43</verseId>
    <chapterId>43</chapterId>
    <textIndopak>فَٱسۡتَمۡسِكۡ بِٱلَّذِيٓ أُوحِيَ إِلَيۡكَۖ إِنَّكَ عَلَىٰ صِرَٰطٖ مُّسۡتَقِيمٖ</textIndopak>
    <translations>
      <translation>
        <author>Dr. Mustafa Khattab, the Clear Quran</author>
        <text>So hold firmly to what has been revealed to you ˹O Prophet˺. You are truly on the Straight Path.</text>
      </translation>
    </translations>
    <rules>[{"start": 46, "end": 49, "rule_id": 0}, {"start": 67, "end": 70, "rule_id": 0}, {"start": 64, "end": 70, "rule_id": 3}]</rules>
  </verse>
  <verse>
    <verseIdArabic>٤٤</verseIdArabic>
    <verseId>44</verseId>
    <chapterId>43</chapterId>
    <textIndopak>وَإِنَّهُۥ لَذِكۡرٞ لَّكَ وَلِقَوۡمِكَۖ وَسَوۡفَ تُسۡـَٔلُونَ</textIndopak>
    <translations>
      <translation>
        <author>Dr. Mustafa Khattab, the Clear Quran</author>
        <text>Surely this ˹Quran˺ is a glory for you and your people. And you will ˹all˺ be questioned ˹about it˺.</text>
      </translation>
    </translations>
    <rules>[{"start": 4, "end": 7, "rule_id": 0}, {"start": 17, "end": 23, "rule_id": 5}]</rules>
  </verse>
  <verse>
    <verseIdArabic>٤٥</verseIdArabic>
    <verseId>45</verseId>
    <chapterId>43</chapterId>
    <textIndopak>وَسۡـَٔلۡ مَنۡ أَرۡسَلۡنَا مِن قَبۡلِكَ مِن رُّسُلِنَآ أَجَعَلۡنَا مِن دُونِ ٱلرَّحۡمَٰنِ ءَالِهَةٗ يُعۡبَدُونَ</textIndopak>
    <translations>
      <translation>
        <author>Dr. Mustafa Khattab, the Clear Quran</author>
        <text>Ask ˹the followers of˺ the messengers that We already sent before you if We ˹ever˺ appointed ˹other˺ gods to be worshipped besides the Most Compassionate.</text>
      </translation>
    </translations>
    <rules>[{"start": 33, "end": 35, "rule_id": 1}, {"start": 98, "end": 103, "rule_id": 3}, {"start": 42, "end": 47, "rule_id": 5}, {"start": 29, "end": 33, "rule_id": 6}, {"start": 70, "end": 74, "rule_id": 6}]</rules>
  </verse>
  <verse>
    <verseIdArabic>٤٦</verseIdArabic>
    <verseId>46</verseId>
    <chapterId>43</chapterId>
    <textIndopak>وَلَقَدۡ أَرۡسَلۡنَا مُوسَىٰ بِـَٔايَٰتِنَآ إِلَىٰ فِرۡعَوۡنَ وَمَلَإِيْهِۦ فَقَالَ إِنِّي رَسُولُ رَبِّ ٱلۡعَٰلَمِينَ</textIndopak>
    <translations>
      <translation>
        <author>Dr. Mustafa Khattab, the Clear Quran</author>
        <text>Indeed, We sent Moses with Our signs to Pharaoh and his chiefs, and he said: “I am a messenger of the Lord of all worlds.”</text>
      </translation>
    </translations>
    <rules>[{"start": 87, "end": 90, "rule_id": 0}, {"start": 6, "end": 8, "rule_id": 1}]</rules>
  </verse>
  <verse>
    <verseIdArabic>٤٧</verseIdArabic>
    <verseId>47</verseId>
    <chapterId>43</chapterId>
    <textIndopak>فَلَمَّا جَآءَهُم بِـَٔايَٰتِنَآ إِذَا هُم مِّنۡهَا يَضۡحَكُونَ</textIndopak>
    <translations>
      <translation>
        <author>Dr. Mustafa Khattab, the Clear Quran</author>
        <text>But as soon as he came to them with Our signs, they laughed at them,</text>
      </translation>
    </translations>
    <rules>[{"start": 4, "end": 7, "rule_id": 0}, {"start": 45, "end": 48, "rule_id": 0}, {"start": 43, "end": 48, "rule_id": 4}, {"start": 17, "end": 21, "rule_id": 7}]</rules>
  </verse>
  <verse>
    <verseIdArabic>٤٨</verseIdArabic>
    <verseId>48</verseId>
    <chapterId>43</chapterId>
    <textIndopak>وَمَا نُرِيهِم مِّنۡ ءَايَةٍ إِلَّا هِيَ أَكۡبَرُ مِنۡ أُخۡتِهَاۖ وَأَخَذۡنَٰهُم بِٱلۡعَذَابِ لَعَلَّهُمۡ يَرۡجِعُونَ</textIndopak>
    <translations>
      <translation>
        <author>Dr. Mustafa Khattab, the Clear Quran</author>
        <text>although every sign We showed them was greater than the one before. Ultimately, We seized them with torments so that they might return ˹to the Right Path˺.</text>
      </translation>
    </translations>
    <rules>[{"start": 15, "end": 18, "rule_id": 0}, {"start": 13, "end": 18, "rule_id": 4}, {"start": 80, "end": 84, "rule_id": 7}]</rules>
  </verse>
  <verse>
    <verseIdArabic>٤٩</verseIdArabic>
    <verseId>49</verseId>
    <chapterId>43</chapterId>
    <textIndopak>وَقَالُواْ يَٰٓأَيُّهَ ٱلسَّاحِرُ ٱدۡعُ لَنَا رَبَّكَ بِمَا عَهِدَ عِندَكَ إِنَّنَا لَمُهۡتَدُونَ</textIndopak>
    <translations>
      <translation>
        <author>Dr. Mustafa Khattab, the Clear Quran</author>
        <text>˹Then˺ they pleaded, “O ˹mighty˺ magician! Pray to your Lord on our behalf, by virtue of the covenant He made with you. We will certainly accept guidance.”</text>
      </translation>
    </translations>
    <rules>[{"start": 77, "end": 80, "rule_id": 0}, {"start": 35, "end": 37, "rule_id": 1}, {"start": 69, "end": 72, "rule_id": 6}]</rules>
  </verse>
  <verse>
    <verseIdArabic>٥٠</verseIdArabic>
    <verseId>50</verseId>
    <chapterId>43</chapterId>
    <textIndopak>فَلَمَّا كَشَفۡنَا عَنۡهُمُ ٱلۡعَذَابَ إِذَا هُمۡ يَنكُثُونَ</textIndopak>
    <translations>
      <translation>
        <author>Dr. Mustafa Khattab, the Clear Quran</author>
        <text>But as soon as We removed the torments from them, they broke their promise.</text>
      </translation>
    </translations>
    <rules>[{"start": 4, "end": 7, "rule_id": 0}, {"start": 52, "end": 55, "rule_id": 6}]</rules>
  </verse>
  <verse>
    <verseIdArabic>٥١</verseIdArabic>
    <verseId>51</verseId>
    <chapterId>43</chapterId>
    <textIndopak>وَنَادَىٰ فِرۡعَوۡنُ فِي قَوۡمِهِۦ قَالَ يَٰقَوۡمِ أَلَيۡسَ لِي مُلۡكُ مِصۡرَ وَهَٰذِهِ ٱلۡأَنۡهَٰرُ تَجۡرِي مِن تَحۡتِيٓۚ أَفَلَا تُبۡصِرُونَ</textIndopak>
    <translations>
      <translation>
        <author>Dr. Mustafa Khattab, the Clear Quran</author>
        <text>And Pharaoh called out to his people, boasting, “O my people! Am I not sovereign over Egypt as well as ˹all˺ these streams flowing at my feet? Can you not see?</text>
      </translation>
    </translations>
    <rules>[{"start": 103, "end": 105, "rule_id": 1}, {"start": 134, "end": 136, "rule_id": 1}, {"start": 111, "end": 115, "rule_id": 6}]</rules>
  </verse>
  <verse>
    <verseIdArabic>٥٢</verseIdArabic>
    <verseId>52</verseId>
    <chapterId>43</chapterId>
    <textIndopak>أَمۡ أَنَا۠ خَيۡرٞ مِّنۡ هَٰذَا ٱلَّذِي هُوَ مَهِينٞ وَلَا يَكَادُ يُبِينُ</textIndopak>
    <translations>
      <translation>
        <author>Dr. Mustafa Khattab, the Clear Quran</author>
        <text>Am I not better than this nobody who can hardly express himself?</text>
      </translation>
    </translations>
    <rules>[{"start": 19, "end": 22, "rule_id": 0}, {"start": 16, "end": 22, "rule_id": 3}, {"start": 50, "end": 55, "rule_id": 3}]</rules>
  </verse>
  <verse>
    <verseIdArabic>٥٣</verseIdArabic>
    <verseId>53</verseId>
    <chapterId>43</chapterId>
    <textIndopak>فَلَوۡلَآ أُلۡقِيَ عَلَيۡهِ أَسۡوِرَةٞ مِّن ذَهَبٍ أَوۡ جَآءَ مَعَهُ ٱلۡمَلَٰٓئِكَةُ مُقۡتَرِنِينَ</textIndopak>
    <translations>
      <translation>
        <author>Dr. Mustafa Khattab, the Clear Quran</author>
        <text>Why then have no golden bracelets ˹of kingship˺ been granted to him or angels come with him as escorts!”</text>
      </translation>
    </translations>
    <rules>[{"start": 40, "end": 43, "rule_id": 0}, {"start": 89, "end": 91, "rule_id": 1}, {"start": 37, "end": 43, "rule_id": 3}, {"start": 43, "end": 47, "rule_id": 6}]</rules>
  </verse>
  <verse>
    <verseIdArabic>٥٤</verseIdArabic>
    <verseId>54</verseId>
    <chapterId>43</chapterId>
    <textIndopak>فَٱسۡتَخَفَّ قَوۡمَهُۥ فَأَطَاعُوهُۚ إِنَّهُمۡ كَانُواْ قَوۡمٗا فَٰسِقِينَ</textIndopak>
    <translations>
      <translation>
        <author>Dr. Mustafa Khattab, the Clear Quran</author>
        <text>And so he fooled his people, and they obeyed him. They were truly a rebellious people.</text>
      </translation>
    </translations>
    <rules>[{"start": 40, "end": 43, "rule_id": 0}]</rules>
  </verse>
  <verse>
    <verseIdArabic>٥٥</verseIdArabic>
    <verseId>55</verseId>
    <chapterId>43</chapterId>
    <textIndopak>فَلَمَّآ ءَاسَفُونَا ٱنتَقَمۡنَا مِنۡهُمۡ فَأَغۡرَقۡنَٰهُمۡ أَجۡمَعِينَ</textIndopak>
    <translations>
      <translation>
        <author>Dr. Mustafa Khattab, the Clear Quran</author>
        <text>So when they enraged Us, We inflicted punishment upon them, drowning them all.</text>
      </translation>
    </translations>
    <rules>[{"start": 4, "end": 7, "rule_id": 0}, {"start": 51, "end": 53, "rule_id": 1}, {"start": 63, "end": 65, "rule_id": 1}, {"start": 23, "end": 26, "rule_id": 6}]</rules>
  </verse>
  <verse>
    <verseIdArabic>٥٦</verseIdArabic>
    <verseId>56</verseId>
    <chapterId>43</chapterId>
    <textIndopak>فَجَعَلۡنَٰهُمۡ سَلَفٗا وَمَثَلٗا لِّلۡأٓخِرِينَ</textIndopak>
    <translations>
      <translation>
        <author>Dr. Mustafa Khattab, the Clear Quran</author>
        <text>And We made them an example and a lesson for those after them.</text>
      </translation>
    </translations>
    <rules>[{"start": 20, "end": 26, "rule_id": 3}, {"start": 30, "end": 37, "rule_id": 5}]</rules>
  </verse>
  <verse>
    <verseIdArabic>٥٧</verseIdArabic>
    <verseId>57</verseId>
    <chapterId>43</chapterId>
    <textIndopak>۞ وَلَمَّا ضُرِبَ ٱبۡنُ مَرۡيَمَ مَثَلًا إِذَا قَوۡمُكَ مِنۡهُ يَصِدُّونَ</textIndopak>
    <translations>
      <translation>
        <author>Dr. Mustafa Khattab, the Clear Quran</author>
        <text>When the son of Mary was cited as an example ˹in argument˺, your people ˹O Prophet˺ broke into ˹joyful˺ applause.</text>
      </translation>
    </translations>
    <rules>[{"start": 6, "end": 9, "rule_id": 0}, {"start": 19, "end": 21, "rule_id": 1}]</rules>
  </verse>
  <verse>
    <verseIdArabic>٥٨</verseIdArabic>
    <verseId>58</verseId>
    <chapterId>43</chapterId>
    <textIndopak>وَقَالُوٓاْ ءَأَٰلِهَتُنَا خَيۡرٌ أَمۡ هُوَۚ مَا ضَرَبُوهُ لَكَ إِلَّا جَدَلَۢاۚ بَلۡ هُمۡ قَوۡمٌ خَصِمُونَ</textIndopak>
    <translations>
      <translation>
        <author>Dr. Mustafa Khattab, the Clear Quran</author>
        <text>They exclaimed, “Which is better: our gods or Jesus?” They cite him only to argue. In fact, they are a people prone to dispute.</text>
      </translation>
    </translations>
    <rules>[{"start": 97, "end": 102, "rule_id": 6}]</rules>
  </verse>
  <verse>
    <verseIdArabic>٥٩</verseIdArabic>
    <verseId>59</verseId>
    <chapterId>43</chapterId>
    <textIndopak>إِنۡ هُوَ إِلَّا عَبۡدٌ أَنۡعَمۡنَا عَلَيۡهِ وَجَعَلۡنَٰهُ مَثَلٗا لِّبَنِيٓ إِسۡرَٰٓءِيلَ</textIndopak>
    <translations>
      <translation>
        <author>Dr. Mustafa Khattab, the Clear Quran</author>
        <text>He was only a servant We showed favour to, and made as an example for the Children of Israel.</text>
      </translation>
    </translations>
    <rules>[{"start": 19, "end": 21, "rule_id": 1}, {"start": 63, "end": 70, "rule_id": 5}]</rules>
  </verse>
  <verse>
    <verseIdArabic>٦٠</verseIdArabic>
    <verseId>60</verseId>
    <chapterId>43</chapterId>
    <textIndopak>وَلَوۡ نَشَآءُ لَجَعَلۡنَا مِنكُم مَّلَٰٓئِكَةٗ فِي ٱلۡأَرۡضِ يَخۡلُفُونَ</textIndopak>
    <translations>
      <translation>
        <author>Dr. Mustafa Khattab, the Clear Quran</author>
        <text>Had We willed, We could have easily replaced you ˹all˺ with angels, succeeding one another on earth.</text>
      </translation>
    </translations>
    <rules>[{"start": 35, "end": 38, "rule_id": 0}, {"start": 33, "end": 38, "rule_id": 4}, {"start": 30, "end": 33, "rule_id": 6}, {"start": 46, "end": 51, "rule_id": 6}]</rules>
  </verse>
  <verse>
    <verseIdArabic>٦١</verseIdArabic>
    <verseId>61</verseId>
    <chapterId>43</chapterId>
    <textIndopak>وَإِنَّهُۥ لَعِلۡمٞ لِّلسَّاعَةِ فَلَا تَمۡتَرُنَّ بِهَا وَٱتَّبِعُونِۚ هَٰذَا صِرَٰطٞ مُّسۡتَقِيمٞ</textIndopak>
    <translations>
      <translation>
        <author>Dr. Mustafa Khattab, the Clear Quran</author>
        <text>And his ˹second˺ coming is truly a sign for the Hour. So have no doubt about it, and follow me. This is the Straight Path.</text>
      </translation>
    </translations>
    <rules>[{"start": 4, "end": 7, "rule_id": 0}, {"start": 47, "end": 50, "rule_id": 0}, {"start": 88, "end": 91, "rule_id": 0}, {"start": 85, "end": 91, "rule_id": 3}, {"start": 17, "end": 23, "rule_id": 5}]</rules>
  </verse>
  <verse>
    <verseIdArabic>٦٢</verseIdArabic>
    <verseId>62</verseId>
    <chapterId>43</chapterId>
    <textIndopak>وَلَا يَصُدَّنَّكُمُ ٱلشَّيۡطَٰنُۖ إِنَّهُۥ لَكُمۡ عَدُوّٞ مُّبِينٞ</textIndopak>
    <translations>
      <translation>
        <author>Dr. Mustafa Khattab, the Clear Quran</author>
        <text>And do not let Satan hinder you, ˹for˺ he is certainly your sworn enemy.</text>
      </translation>
    </translations>
    <rules>[{"start": 13, "end": 16, "rule_id": 0}, {"start": 38, "end": 41, "rule_id": 0}, {"start": 60, "end": 63, "rule_id": 0}, {"start": 56, "end": 63, "rule_id": 3}]</rules>
  </verse>
  <verse>
    <verseIdArabic>٦٣</verseIdArabic>
    <verseId>63</verseId>
    <chapterId>43</chapterId>
    <textIndopak>وَلَمَّا جَآءَ عِيسَىٰ بِٱلۡبَيِّنَٰتِ قَالَ قَدۡ جِئۡتُكُم بِٱلۡحِكۡمَةِ وَلِأُبَيِّنَ لَكُم بَعۡضَ ٱلَّذِي تَخۡتَلِفُونَ فِيهِۖ فَٱتَّقُواْ ٱللَّهَ وَأَطِيعُونِ</textIndopak>
    <translations>
      <translation>
        <author>Dr. Mustafa Khattab, the Clear Quran</author>
        <text>When Jesus came with clear proofs, he declared, “I have come to you with wisdom, and to clarify to you some of what you differ about. So fear Allah, and obey me.</text>
      </translation>
    </translations>
    <rules>[{"start": 4, "end": 7, "rule_id": 0}, {"start": 48, "end": 50, "rule_id": 1}, {"start": 59, "end": 63, "rule_id": 7}, {"start": 93, "end": 97, "rule_id": 7}]</rules>
  </verse>
  <verse>
    <verseIdArabic>٦٤</verseIdArabic>
    <verseId>64</verseId>
    <chapterId>43</chapterId>
    <textIndopak>إِنَّ ٱللَّهَ هُوَ رَبِّي وَرَبُّكُمۡ فَٱعۡبُدُوهُۚ هَٰذَا صِرَٰطٞ مُّسۡتَقِيمٞ</textIndopak>
    <translations>
      <translation>
        <author>Dr. Mustafa Khattab, the Clear Quran</author>
        <text>Surely Allah ˹alone˺ is my Lord and your Lord, so worship Him ˹alone˺. This is the Straight Path.”</text>
      </translation>
    </translations>
    <rules>[{"start": 2, "end": 5, "rule_id": 0}, {"start": 68, "end": 71, "rule_id": 0}, {"start": 65, "end": 71, "rule_id": 3}]</rules>
  </verse>
  <verse>
    <verseIdArabic>٦٥</verseIdArabic>
    <verseId>65</verseId>
    <chapterId>43</chapterId>
    <textIndopak>فَٱخۡتَلَفَ ٱلۡأَحۡزَابُ مِنۢ بَيۡنِهِمۡۖ فَوَيۡلٞ لِّلَّذِينَ ظَلَمُواْ مِنۡ عَذَابِ يَوۡمٍ أَلِيمٍ</textIndopak>
    <translations>
      <translation>
        <author>Dr. Mustafa Khattab, the Clear Quran</author>
        <text>Yet their ˹various˺ groups have differed among themselves ˹about him˺, so woe to the wrongdoers when they face the torment of a painful Day!</text>
      </translation>
    </translations>
    <rules>[{"start": 27, "end": 32, "rule_id": 2}, {"start": 49, "end": 55, "rule_id": 5}]</rules>
  </verse>
  <verse>
    <verseIdArabic>٦٦</verseIdArabic>
    <verseId>66</verseId>
    <chapterId>43</chapterId>
    <textIndopak>هَلۡ يَنظُرُونَ إِلَّا ٱلسَّاعَةَ أَن تَأۡتِيَهُم بَغۡتَةٗ وَهُمۡ لَا يَشۡعُرُونَ</textIndopak>
    <translations>
      <translation>
        <author>Dr. Mustafa Khattab, the Clear Quran</author>
        <text>Are they waiting for the Hour to take them by surprise when they least expect ˹it˺?</text>
      </translation>
    </translations>
    <rules>[{"start": 56, "end": 61, "rule_id": 3}, {"start": 7, "end": 10, "rule_id": 6}, {"start": 36, "end": 40, "rule_id": 6}, {"start": 48, "end": 52, "rule_id": 7}]</rules>
  </verse>
  <verse>
    <verseIdArabic>٦٧</verseIdArabic>
    <verseId>67</verseId>
    <chapterId>43</chapterId>
    <textIndopak>ٱلۡأَخِلَّآءُ يَوۡمَئِذِۭ بَعۡضُهُمۡ لِبَعۡضٍ عَدُوٌّ إِلَّا ٱلۡمُتَّقِينَ</textIndopak>
    <translations>
      <translation>
        <author>Dr. Mustafa Khattab, the Clear Quran</author>
        <text>Close friends will be enemies to one another on that Day, except the righteous,</text>
      </translation>
    </translations>
    <rules>[{"start": 23, "end": 29, "rule_id": 2}]</rules>
  </verse>
  <verse>
    <verseIdArabic>٦٨</verseIdArabic>
    <verseId>68</verseId>
    <chapterId>43</chapterId>
    <textIndopak>يَٰعِبَادِ لَا خَوۡفٌ عَلَيۡكُمُ ٱلۡيَوۡمَ وَلَآ أَنتُمۡ تَحۡزَنُونَ</textIndopak>
    <translations>
      <translation>
        <author>Dr. Mustafa Khattab, the Clear Quran</author>
        <text>˹who will be told,˺ “O My servants! There is no fear for you Today, nor will you grieve—</text>
      </translation>
    </translations>
    <rules>[{"start": 52, "end": 55, "rule_id": 6}]</rules>
  </verse>
  <verse>
    <verseIdArabic>٦٩</verseIdArabic>
    <verseId>69</verseId>
    <chapterId>43</chapterId>
    <textIndopak>ٱلَّذِينَ ءَامَنُواْ بِـَٔايَٰتِنَا وَكَانُواْ مُسۡلِمِينَ</textIndopak>
    <translations>
      <translation>
        <author>Dr. Mustafa Khattab, the Clear Quran</author>
        <text>˹those˺ who believed in Our signs and ˹fully˺ submitted ˹to Us˺.</text>
      </translation>
    </translations>
  </verse>
  <verse>
    <verseIdArabic>٧٠</verseIdArabic>
    <verseId>70</verseId>
    <chapterId>43</chapterId>
    <textIndopak>ٱدۡخُلُواْ ٱلۡجَنَّةَ أَنتُمۡ وَأَزۡوَٰجُكُمۡ تُحۡبَرُونَ</textIndopak>
    <translations>
      <translation>
        <author>Dr. Mustafa Khattab, the Clear Quran</author>
        <text>Enter Paradise, you and your spouses, rejoicing.”</text>
      </translation>
    </translations>
    <rules>[{"start": 16, "end": 19, "rule_id": 0}, {"start": 1, "end": 3, "rule_id": 1}, {"start": 24, "end": 27, "rule_id": 6}]</rules>
  </verse>
  <verse>
    <verseIdArabic>٧١</verseIdArabic>
    <verseId>71</verseId>
    <chapterId>43</chapterId>
    <textIndopak>يُطَافُ عَلَيۡهِم بِصِحَافٖ مِّن ذَهَبٖ وَأَكۡوَابٖۖ وَفِيهَا مَا تَشۡتَهِيهِ ٱلۡأَنفُسُ وَتَلَذُّ ٱلۡأَعۡيُنُۖ وَأَنتُمۡ فِيهَا خَٰلِدُونَ</textIndopak>
    <translations>
      <translation>
        <author>Dr. Mustafa Khattab, the Clear Quran</author>
        <text>Golden trays and cups will be passed around to them. There will be whatever the souls desire and the eyes delight in. And you will be there forever.</text>
      </translation>
    </translations>
    <rules>[{"start": 28, "end": 31, "rule_id": 0}, {"start": 25, "end": 31, "rule_id": 3}, {"start": 37, "end": 42, "rule_id": 3}, {"start": 49, "end": 56, "rule_id": 3}, {"start": 31, "end": 35, "rule_id": 6}, {"start": 84, "end": 87, "rule_id": 6}, {"start": 118, "end": 121, "rule_id": 6}, {"start": 16, "end": 20, "rule_id": 7}]</rules>
  </verse>
  <verse>
    <verseIdArabic>٧٢</verseIdArabic>
    <verseId>72</verseId>
    <chapterId>43</chapterId>
    <textIndopak>وَتِلۡكَ ٱلۡجَنَّةُ ٱلَّتِيٓ أُورِثۡتُمُوهَا بِمَا كُنتُمۡ تَعۡمَلُونَ</textIndopak>
    <translations>
      <translation>
        <author>Dr. Mustafa Khattab, the Clear Quran</author>
        <text>That is the Paradise which you will be awarded for what you used to do.</text>
      </translation>
    </translations>
    <rules>[{"start": 14, "end": 17, "rule_id": 0}, {"start": 53, "end": 56, "rule_id": 6}]</rules>
  </verse>
  <verse>
    <verseIdArabic>٧٣</verseIdArabic>
    <verseId>73</verseId>
    <chapterId>43</chapterId>
    <textIndopak>لَكُمۡ فِيهَا فَٰكِهَةٞ كَثِيرَةٞ مِّنۡهَا تَأۡكُلُونَ</textIndopak>
    <translations>
      <translation>
        <author>Dr. Mustafa Khattab, the Clear Quran</author>
        <text>There you will have abundant fruit to eat from.</text>
      </translation>
    </translations>
    <rules>[{"start": 34, "end": 37, "rule_id": 0}, {"start": 31, "end": 37, "rule_id": 3}, {"start": 21, "end": 26, "rule_id": 6}]</rules>
  </verse>
  <verse>
    <verseIdArabic>٧٤</verseIdArabic>
    <verseId>74</verseId>
    <chapterId>43</chapterId>
    <textIndopak>إِنَّ ٱلۡمُجۡرِمِينَ فِي عَذَابِ جَهَنَّمَ خَٰلِدُونَ</textIndopak>
    <translations>
      <translation>
        <author>Dr. Mustafa Khattab, the Clear Quran</author>
        <text>Indeed, the wicked will be in the torment of Hell forever.</text>
      </translation>
    </translations>
    <rules>[{"start": 2, "end": 5, "rule_id": 0}, {"start": 37, "end": 40, "rule_id": 0}, {"start": 11, "end": 13, "rule_id": 1}]</rules>
  </verse>
  <verse>
    <verseIdArabic>٧٥</verseIdArabic>
    <verseId>75</verseId>
    <chapterId>43</chapterId>
    <textIndopak>لَا يُفَتَّرُ عَنۡهُمۡ وَهُمۡ فِيهِ مُبۡلِسُونَ</textIndopak>
    <translations>
      <translation>
        <author>Dr. Mustafa Khattab, the Clear Quran</author>
        <text>It will never be lightened for them, and there they will be overwhelmed with despair.</text>
      </translation>
    </translations>
    <rules>[{"start": 38, "end": 40, "rule_id": 1}]</rules>
  </verse>
  <verse>
    <verseIdArabic>٧٦</verseIdArabic>
    <verseId>76</verseId>
    <chapterId>43</chapterId>
    <textIndopak>وَمَا ظَلَمۡنَٰهُمۡ وَلَٰكِن كَانُواْ هُمُ ٱلظَّٰلِمِينَ</textIndopak>
    <translations>
      <translation>
        <author>Dr. Mustafa Khattab, the Clear Quran</author>
        <text>We did not wrong them, but it was they who were the wrongdoers.</text>
      </translation>
    </translations>
    <rules>[{"start": 27, "end": 31, "rule_id": 6}]</rules>
  </verse>
  <verse>
    <verseIdArabic>٧٧</verseIdArabic>
    <verseId>77</verseId>
    <chapterId>43</chapterId>
    <textIndopak>وَنَادَوۡاْ يَٰمَٰلِكُ لِيَقۡضِ عَلَيۡنَا رَبُّكَۖ قَالَ إِنَّكُم مَّٰكِثُونَ</textIndopak>
    <translations>
      <translation>
        <author>Dr. Mustafa Khattab, the Clear Quran</author>
        <text>They will cry, “O Mâlik! Let your Lord finish us off.” He will answer, “You are definitely here to stay.”</text>
      </translation>
    </translations>
    <rules>[{"start": 60, "end": 63, "rule_id": 0}, {"start": 67, "end": 71, "rule_id": 0}, {"start": 27, "end": 29, "rule_id": 1}, {"start": 65, "end": 71, "rule_id": 4}]</rules>
  </verse>
  <verse>
    <verseIdArabic>٧٨</verseIdArabic>
    <verseId>78</verseId>
    <chapterId>43</chapterId>
    <textIndopak>لَقَدۡ جِئۡنَٰكُم بِٱلۡحَقِّ وَلَٰكِنَّ أَكۡثَرَكُمۡ لِلۡحَقِّ كَٰرِهُونَ</textIndopak>
    <translations>
      <translation>
        <author>Dr. Mustafa Khattab, the Clear Quran</author>
        <text>We certainly brought the truth to you, but most of you were resentful of the truth.</text>
      </translation>
    </translations>
    <rules>[{"start": 36, "end": 39, "rule_id": 0}, {"start": 4, "end": 6, "rule_id": 1}, {"start": 16, "end": 20, "rule_id": 7}]</rules>
  </verse>
  <verse>
    <verseIdArabic>٧٩</verseIdArabic>
    <verseId>79</verseId>
    <chapterId>43</chapterId>
    <textIndopak>أَمۡ أَبۡرَمُوٓاْ أَمۡرٗا فَإِنَّا مُبۡرِمُونَ</textIndopak>
    <translations>
      <translation>
        <author>Dr. Mustafa Khattab, the Clear Quran</author>
        <text>Or have they mastered some ˹evil˺ plan? Then We ˹too˺ are surely planning.</text>
      </translation>
    </translations>
    <rules>[{"start": 30, "end": 33, "rule_id": 0}, {"start": 7, "end": 9, "rule_id": 1}, {"start": 37, "end": 39, "rule_id": 1}]</rules>
  </verse>
  <verse>
    <verseIdArabic>٨٠</verseIdArabic>
    <verseId>80</verseId>
    <chapterId>43</chapterId>
    <textIndopak>أَمۡ يَحۡسَبُونَ أَنَّا لَا نَسۡمَعُ سِرَّهُمۡ وَنَجۡوَىٰهُمۚ بَلَىٰ وَرُسُلُنَا لَدَيۡهِمۡ يَكۡتُبُونَ</textIndopak>
    <translations>
      <translation>
        <author>Dr. Mustafa Khattab, the Clear Quran</author>
        <text>Or do they think that We do not hear their ˹evil˺ thoughts and secret talks? Yes ˹We do˺! And Our messenger-angels are in their presence, recording ˹it all˺.</text>
      </translation>
    </translations>
    <rules>[{"start": 19, "end": 22, "rule_id": 0}, {"start": 51, "end": 53, "rule_id": 1}]</rules>
  </verse>
  <verse>
    <verseIdArabic>٨١</verseIdArabic>
    <verseId>81</verseId>
    <chapterId>43</chapterId>
    <textIndopak>قُلۡ إِن كَانَ لِلرَّحۡمَٰنِ وَلَدٞ فَأَنَا۠ أَوَّلُ ٱلۡعَٰبِدِينَ</textIndopak>
    <translations>
      <translation>
        <author>Dr. Mustafa Khattab, the Clear Quran</author>
        <text>Say, ˹O Prophet,˺ “If the Most Compassionate ˹really˺ had offspring, I would be the first worshipper.”</text>
      </translation>
    </translations>
    <rules>[{"start": 7, "end": 11, "rule_id": 6}, {"start": 33, "end": 38, "rule_id": 6}]</rules>
  </verse>
  <verse>
    <verseIdArabic>٨٢</verseIdArabic>
    <verseId>82</verseId>
    <chapterId>43</chapterId>
    <textIndopak>سُبۡحَٰنَ رَبِّ ٱلسَّمَٰوَٰتِ وَٱلۡأَرۡضِ رَبِّ ٱلۡعَرۡشِ عَمَّا يَصِفُونَ</textIndopak>
    <translations>
      <translation>
        <author>Dr. Mustafa Khattab, the Clear Quran</author>
        <text>Glorified is the Lord of the heavens and the earth, the Lord of the Throne, far above what they claim.</text>
      </translation>
    </translations>
    <rules>[{"start": 60, "end": 63, "rule_id": 0}, {"start": 2, "end": 4, "rule_id": 1}]</rules>
  </verse>
  <verse>
    <verseIdArabic>٨٣</verseIdArabic>
    <verseId>83</verseId>
    <chapterId>43</chapterId>
    <textIndopak>فَذَرۡهُمۡ يَخُوضُواْ وَيَلۡعَبُواْ حَتَّىٰ يُلَٰقُواْ يَوۡمَهُمُ ٱلَّذِي يُوعَدُونَ</textIndopak>
    <translations>
      <translation>
        <author>Dr. Mustafa Khattab, the Clear Quran</author>
        <text>So let them indulge ˹in falsehood˺ and amuse ˹themselves˺ until they face their Day, which they have been warned of.</text>
      </translation>
    </translations>
  </verse>
  <verse>
    <verseIdArabic>٨٤</verseIdArabic>
    <verseId>84</verseId>
    <chapterId>43</chapterId>
    <textIndopak>وَهُوَ ٱلَّذِي فِي ٱلسَّمَآءِ إِلَٰهٞ وَفِي ٱلۡأَرۡضِ إِلَٰهٞۚ وَهُوَ ٱلۡحَكِيمُ ٱلۡعَلِيمُ</textIndopak>
    <translations>
      <translation>
        <author>Dr. Mustafa Khattab, the Clear Quran</author>
        <text>It is He Who is ˹the only˺ God in the heavens and ˹the only˺ God on the earth. For He is the All-Wise, All-Knowing.</text>
      </translation>
    </translations>
    <rules>[{"start": 36, "end": 41, "rule_id": 3}]</rules>
  </verse>
  <verse>
    <verseIdArabic>٨٥</verseIdArabic>
    <verseId>85</verseId>
    <chapterId>43</chapterId>
    <textIndopak>وَتَبَارَكَ ٱلَّذِي لَهُۥ مُلۡكُ ٱلسَّمَٰوَٰتِ وَٱلۡأَرۡضِ وَمَا بَيۡنَهُمَا وَعِندَهُۥ عِلۡمُ ٱلسَّاعَةِ وَإِلَيۡهِ تُرۡجَعُونَ</textIndopak>
    <translations>
      <translation>
        <author>Dr. Mustafa Khattab, the Clear Quran</author>
        <text>And Blessed is the One to Whom belongs the kingdom of the heavens and the earth and everything in between! With Him ˹alone˺ is the knowledge of the Hour. And to Him you will ˹all˺ be returned.</text>
      </translation>
    </translations>
    <rules>[{"start": 81, "end": 84, "rule_id": 6}]</rules>
  </verse>
  <verse>
    <verseIdArabic>٨٦</verseIdArabic>
    <verseId>86</verseId>
    <chapterId>43</chapterId>
    <textIndopak>وَلَا يَمۡلِكُ ٱلَّذِينَ يَدۡعُونَ مِن دُونِهِ ٱلشَّفَٰعَةَ إِلَّا مَن شَهِدَ بِٱلۡحَقِّ وَهُمۡ يَعۡلَمُونَ</textIndopak>
    <translations>
      <translation>
        <author>Dr. Mustafa Khattab, the Clear Quran</author>
        <text>˹But˺ those ˹objects of worship˺ they invoke besides Him have no power to intercede, except those who testify to the truth knowingly.</text>
      </translation>
    </translations>
    <rules>[{"start": 27, "end": 29, "rule_id": 1}, {"start": 37, "end": 41, "rule_id": 6}, {"start": 69, "end": 73, "rule_id": 6}]</rules>
  </verse>
  <verse>
    <verseIdArabic>٨٧</verseIdArabic>
    <verseId>87</verseId>
    <chapterId>43</chapterId>
    <textIndopak>وَلَئِن سَأَلۡتَهُم مَّنۡ خَلَقَهُمۡ لَيَقُولُنَّ ٱللَّهُۖ فَأَنَّىٰ يُؤۡفَكُونَ</textIndopak>
    <translations>
      <translation>
        <author>Dr. Mustafa Khattab, the Clear Quran</author>
        <text>If you ask them ˹O Prophet˺ who created them, they will certainly say, “Allah!” How can they then be deluded ˹from the truth˺?</text>
      </translation>
    </translations>
    <rules>[{"start": 20, "end": 23, "rule_id": 0}, {"start": 46, "end": 49, "rule_id": 0}, {"start": 64, "end": 67, "rule_id": 0}, {"start": 18, "end": 23, "rule_id": 4}, {"start": 6, "end": 10, "rule_id": 6}]</rules>
  </verse>
  <verse>
    <verseIdArabic>٨٨</verseIdArabic>
    <verseId>88</verseId>
    <chapterId>43</chapterId>
    <textIndopak>وَقِيلِهِۦ يَٰرَبِّ إِنَّ هَٰٓؤُلَآءِ قَوۡمٞ لَّا يُؤۡمِنُونَ</textIndopak>
    <translations>
      <translation>
        <author>Dr. Mustafa Khattab, the Clear Quran</author>
        <text>˹Allah is Aware of˺ the Prophet’s cry: “O my Lord! Indeed, these are a people who persist in disbelief.”</text>
      </translation>
    </translations>
    <rules>[{"start": 22, "end": 25, "rule_id": 0}, {"start": 43, "end": 49, "rule_id": 5}]</rules>
  </verse>
  <verse>
    <verseIdArabic>٨٩</verseIdArabic>
    <verseId>89</verseId>
    <chapterId>43</chapterId>
    <textIndopak>فَٱصۡفَحۡ عَنۡهُمۡ وَقُلۡ سَلَٰمٞۚ فَسَوۡفَ يَعۡلَمُونَ</textIndopak>
    <translations>
      <translation>
        <author>Dr. Mustafa Khattab, the Clear Quran</author>
        <text>So bear with them and respond with peace. They will soon come to know.</text>
      </translation>
    </translations>
  </verse>
</verses>
