<?xml version="1.0" encoding="UTF-8"?>

<verses>
  <verse>
    <verseIdArabic>١</verseIdArabic>
    <verseId>1</verseId>
    <chapterId>45</chapterId>
    <textIndopak>حمٓ</textIndopak>
    <translations>
      <translation>
        <author>Dr. Mustafa Khattab, the Clear Quran</author>
        <text>Ḥâ-Mĩm.</text>
      </translation>
    </translations>
  </verse>
  <verse>
    <verseIdArabic>٢</verseIdArabic>
    <verseId>2</verseId>
    <chapterId>45</chapterId>
    <textIndopak>تَنزِيلُ ٱلۡكِتَٰبِ مِنَ ٱللَّهِ ٱلۡعَزِيزِ ٱلۡحَكِيمِ</textIndopak>
    <translations>
      <translation>
        <author>Dr. Mustafa Khattab, the Clear Quran</author>
        <text>The revelation of this Book is from Allah—the Almighty, All-Wise.</text>
      </translation>
    </translations>
    <rules>[{"start": 2, "end": 5, "rule_id": 6}]</rules>
  </verse>
  <verse>
    <verseIdArabic>٣</verseIdArabic>
    <verseId>3</verseId>
    <chapterId>45</chapterId>
    <textIndopak>إِنَّ فِي ٱلسَّمَٰوَٰتِ وَٱلۡأَرۡضِ لَأٓيَٰتٖ لِّلۡمُؤۡمِنِينَ</textIndopak>
    <translations>
      <translation>
        <author>Dr. Mustafa Khattab, the Clear Quran</author>
        <text>Surely in ˹the creation of˺ the heavens and the earth are signs for the believers.</text>
      </translation>
    </translations>
    <rules>[{"start": 2, "end": 5, "rule_id": 0}, {"start": 44, "end": 50, "rule_id": 5}]</rules>
  </verse>
  <verse>
    <verseIdArabic>٤</verseIdArabic>
    <verseId>4</verseId>
    <chapterId>45</chapterId>
    <textIndopak>وَفِي خَلۡقِكُمۡ وَمَا يَبُثُّ مِن دَآبَّةٍ ءَايَٰتٞ لِّقَوۡمٖ يُوقِنُونَ</textIndopak>
    <translations>
      <translation>
        <author>Dr. Mustafa Khattab, the Clear Quran</author>
        <text>And in your own creation, and whatever living beings He dispersed, are signs for people of sure faith.</text>
      </translation>
    </translations>
    <rules>[{"start": 61, "end": 66, "rule_id": 3}, {"start": 51, "end": 57, "rule_id": 5}, {"start": 33, "end": 37, "rule_id": 6}]</rules>
  </verse>
  <verse>
    <verseIdArabic>٥</verseIdArabic>
    <verseId>5</verseId>
    <chapterId>45</chapterId>
    <textIndopak>وَٱخۡتِلَٰفِ ٱلَّيۡلِ وَٱلنَّهَارِ وَمَآ أَنزَلَ ٱللَّهُ مِنَ ٱلسَّمَآءِ مِن رِّزۡقٖ فَأَحۡيَا بِهِ ٱلۡأَرۡضَ بَعۡدَ مَوۡتِهَا وَتَصۡرِيفِ ٱلرِّيَٰحِ ءَايَٰتٞ لِّقَوۡمٖ يَعۡقِلُونَ</textIndopak>
    <translations>
      <translation>
        <author>Dr. Mustafa Khattab, the Clear Quran</author>
        <text>And ˹in˺ the alternation of the day and the night, the provision sent down from the skies by Allah—reviving the earth after its death—and the shifting of the winds, are signs for people of understanding.</text>
      </translation>
    </translations>
    <rules>[{"start": 26, "end": 29, "rule_id": 0}, {"start": 168, "end": 173, "rule_id": 3}, {"start": 77, "end": 82, "rule_id": 5}, {"start": 158, "end": 164, "rule_id": 5}, {"start": 44, "end": 47, "rule_id": 6}, {"start": 84, "end": 89, "rule_id": 6}]</rules>
  </verse>
  <verse>
    <verseIdArabic>٦</verseIdArabic>
    <verseId>6</verseId>
    <chapterId>45</chapterId>
    <textIndopak>تِلۡكَ ءَايَٰتُ ٱللَّهِ نَتۡلُوهَا عَلَيۡكَ بِٱلۡحَقِّۖ فَبِأَيِّ حَدِيثِۭ بَعۡدَ ٱللَّهِ وَءَايَٰتِهِۦ يُؤۡمِنُونَ</textIndopak>
    <translations>
      <translation>
        <author>Dr. Mustafa Khattab, the Clear Quran</author>
        <text>These are Allah’s revelations which We recite to you ˹O Prophet˺ in truth. So what message will they believe in after ˹denying˺ Allah and His revelations?</text>
      </translation>
    </translations>
    <rules>[{"start": 72, "end": 78, "rule_id": 2}]</rules>
  </verse>
  <verse>
    <verseIdArabic>٧</verseIdArabic>
    <verseId>7</verseId>
    <chapterId>45</chapterId>
    <textIndopak>وَيۡلٞ لِّكُلِّ أَفَّاكٍ أَثِيمٖ</textIndopak>
    <translations>
      <translation>
        <author>Dr. Mustafa Khattab, the Clear Quran</author>
        <text>Woe to every sinful liar.</text>
      </translation>
    </translations>
    <rules>[{"start": 4, "end": 10, "rule_id": 5}]</rules>
  </verse>
  <verse>
    <verseIdArabic>٨</verseIdArabic>
    <verseId>8</verseId>
    <chapterId>45</chapterId>
    <textIndopak>يَسۡمَعُ ءَايَٰتِ ٱللَّهِ تُتۡلَىٰ عَلَيۡهِ ثُمَّ يُصِرُّ مُسۡتَكۡبِرٗا كَأَن لَّمۡ يَسۡمَعۡهَاۖ فَبَشِّرۡهُ بِعَذَابٍ أَلِيمٖ</textIndopak>
    <translations>
      <translation>
        <author>Dr. Mustafa Khattab, the Clear Quran</author>
        <text>They hear Allah’s revelations recited to them, then persist ˹in denial˺ arrogantly as if they did not hear them. So give them good news of a painful punishment.</text>
      </translation>
    </translations>
    <rules>[{"start": 46, "end": 49, "rule_id": 0}, {"start": 76, "end": 81, "rule_id": 5}]</rules>
  </verse>
  <verse>
    <verseIdArabic>٩</verseIdArabic>
    <verseId>9</verseId>
    <chapterId>45</chapterId>
    <textIndopak>وَإِذَا عَلِمَ مِنۡ ءَايَٰتِنَا شَيۡـًٔا ٱتَّخَذَهَا هُزُوًاۚ أُوْلَٰٓئِكَ لَهُمۡ عَذَابٞ مُّهِينٞ</textIndopak>
    <translations>
      <translation>
        <author>Dr. Mustafa Khattab, the Clear Quran</author>
        <text>And whenever they learn anything of Our revelations, they make a mockery of it. It is they who will suffer a humiliating punishment.</text>
      </translation>
    </translations>
    <rules>[{"start": 91, "end": 94, "rule_id": 0}, {"start": 88, "end": 94, "rule_id": 3}]</rules>
  </verse>
  <verse>
    <verseIdArabic>١٠</verseIdArabic>
    <verseId>10</verseId>
    <chapterId>45</chapterId>
    <textIndopak>مِّن وَرَآئِهِمۡ جَهَنَّمُۖ وَلَا يُغۡنِي عَنۡهُم مَّا كَسَبُواْ شَيۡـٔٗا وَلَا مَا ٱتَّخَذُواْ مِن دُونِ ٱللَّهِ أَوۡلِيَآءَۖ وَلَهُمۡ عَذَابٌ عَظِيمٌ</textIndopak>
    <translations>
      <translation>
        <author>Dr. Mustafa Khattab, the Clear Quran</author>
        <text>Awaiting them is Hell. Their ˹worldly˺ gains will not be of any benefit to them whatsoever, nor will those protectors they have taken besides Allah. And they will suffer a tremendous punishment.</text>
      </translation>
    </translations>
    <rules>[{"start": 0, "end": 3, "rule_id": 0}, {"start": 22, "end": 25, "rule_id": 0}, {"start": 52, "end": 55, "rule_id": 0}, {"start": 3, "end": 7, "rule_id": 3}, {"start": 72, "end": 78, "rule_id": 3}, {"start": 50, "end": 55, "rule_id": 4}, {"start": 100, "end": 104, "rule_id": 6}]</rules>
  </verse>
  <verse>
    <verseIdArabic>١١</verseIdArabic>
    <verseId>11</verseId>
    <chapterId>45</chapterId>
    <textIndopak>هَٰذَا هُدٗىۖ وَٱلَّذِينَ كَفَرُواْ بِـَٔايَٰتِ رَبِّهِمۡ لَهُمۡ عَذَابٞ مِّن رِّجۡزٍ أَلِيمٌ</textIndopak>
    <translations>
      <translation>
        <author>Dr. Mustafa Khattab, the Clear Quran</author>
        <text>This ˹Quran˺ is ˹true˺ guidance. And those who deny their Lord’s revelations will suffer the ˹worst˺ torment of agonizing pain.</text>
      </translation>
    </translations>
    <rules>[{"start": 74, "end": 77, "rule_id": 0}, {"start": 82, "end": 84, "rule_id": 1}, {"start": 71, "end": 77, "rule_id": 3}, {"start": 77, "end": 82, "rule_id": 5}]</rules>
  </verse>
  <verse>
    <verseIdArabic>١٢</verseIdArabic>
    <verseId>12</verseId>
    <chapterId>45</chapterId>
    <textIndopak>۞ ٱللَّهُ ٱلَّذِي سَخَّرَ لَكُمُ ٱلۡبَحۡرَ لِتَجۡرِيَ ٱلۡفُلۡكُ فِيهِ بِأَمۡرِهِۦ وَلِتَبۡتَغُواْ مِن فَضۡلِهِۦ وَلَعَلَّكُمۡ تَشۡكُرُونَ</textIndopak>
    <translations>
      <translation>
        <author>Dr. Mustafa Khattab, the Clear Quran</author>
        <text>Allah is the One Who has subjected the sea for you so that ships may sail upon it by His command, and that you may seek His bounty, and that perhaps you will be grateful.</text>
      </translation>
    </translations>
    <rules>[{"start": 47, "end": 49, "rule_id": 1}, {"start": 88, "end": 90, "rule_id": 1}, {"start": 100, "end": 104, "rule_id": 6}]</rules>
  </verse>
  <verse>
    <verseIdArabic>١٣</verseIdArabic>
    <verseId>13</verseId>
    <chapterId>45</chapterId>
    <textIndopak>وَسَخَّرَ لَكُم مَّا فِي ٱلسَّمَٰوَٰتِ وَمَا فِي ٱلۡأَرۡضِ جَمِيعٗا مِّنۡهُۚ إِنَّ فِي ذَٰلِكَ لَأٓيَٰتٖ لِّقَوۡمٖ يَتَفَكَّرُونَ</textIndopak>
    <translations>
      <translation>
        <author>Dr. Mustafa Khattab, the Clear Quran</author>
        <text>He ˹also˺ subjected for you whatever is in the heavens and whatever is on the earth—all by His grace. Surely in this are signs for people who reflect.</text>
      </translation>
    </translations>
    <rules>[{"start": 16, "end": 19, "rule_id": 0}, {"start": 68, "end": 71, "rule_id": 0}, {"start": 80, "end": 83, "rule_id": 0}, {"start": 64, "end": 71, "rule_id": 3}, {"start": 114, "end": 119, "rule_id": 3}, {"start": 14, "end": 19, "rule_id": 4}, {"start": 104, "end": 110, "rule_id": 5}]</rules>
  </verse>
  <verse>
    <verseIdArabic>١٤</verseIdArabic>
    <verseId>14</verseId>
    <chapterId>45</chapterId>
    <textIndopak>قُل لِّلَّذِينَ ءَامَنُواْ يَغۡفِرُواْ لِلَّذِينَ لَا يَرۡجُونَ أَيَّامَ ٱللَّهِ لِيَجۡزِيَ قَوۡمَۢا بِمَا كَانُواْ يَكۡسِبُونَ</textIndopak>
    <translations>
      <translation>
        <author>Dr. Mustafa Khattab, the Clear Quran</author>
        <text>˹O Prophet!˺ Tell the believers to forgive those who do not fear Allah’s days ˹of torment˺, so that He will reward each group for what they used to commit.</text>
      </translation>
    </translations>
    <rules>[{"start": 85, "end": 87, "rule_id": 1}]</rules>
  </verse>
  <verse>
    <verseIdArabic>١٥</verseIdArabic>
    <verseId>15</verseId>
    <chapterId>45</chapterId>
    <textIndopak>مَنۡ عَمِلَ صَٰلِحٗا فَلِنَفۡسِهِۦۖ وَمَنۡ أَسَآءَ فَعَلَيۡهَاۖ ثُمَّ إِلَىٰ رَبِّكُمۡ تُرۡجَعُونَ</textIndopak>
    <translations>
      <translation>
        <author>Dr. Mustafa Khattab, the Clear Quran</author>
        <text>Whoever does good, it is to their own benefit. And whoever does evil, it is to their own loss. Then to your Lord you will ˹all˺ be returned.</text>
      </translation>
    </translations>
    <rules>[{"start": 69, "end": 72, "rule_id": 0}]</rules>
  </verse>
  <verse>
    <verseIdArabic>١٦</verseIdArabic>
    <verseId>16</verseId>
    <chapterId>45</chapterId>
    <textIndopak>وَلَقَدۡ ءَاتَيۡنَا بَنِيٓ إِسۡرَٰٓءِيلَ ٱلۡكِتَٰبَ وَٱلۡحُكۡمَ وَٱلنُّبُوَّةَ وَرَزَقۡنَٰهُم مِّنَ ٱلطَّيِّبَٰتِ وَفَضَّلۡنَٰهُمۡ عَلَى ٱلۡعَٰلَمِينَ</textIndopak>
    <translations>
      <translation>
        <author>Dr. Mustafa Khattab, the Clear Quran</author>
        <text>Indeed, We gave the Children of Israel the Scripture, wisdom, and prophethood; granted them good, lawful provisions; and favoured them above the others.</text>
      </translation>
    </translations>
    <rules>[{"start": 68, "end": 71, "rule_id": 0}, {"start": 94, "end": 97, "rule_id": 0}, {"start": 6, "end": 8, "rule_id": 1}, {"start": 85, "end": 87, "rule_id": 1}, {"start": 92, "end": 97, "rule_id": 4}]</rules>
  </verse>
  <verse>
    <verseIdArabic>١٧</verseIdArabic>
    <verseId>17</verseId>
    <chapterId>45</chapterId>
    <textIndopak>وَءَاتَيۡنَٰهُم بَيِّنَٰتٖ مِّنَ ٱلۡأَمۡرِۖ فَمَا ٱخۡتَلَفُوٓاْ إِلَّا مِنۢ بَعۡدِ مَا جَآءَهُمُ ٱلۡعِلۡمُ بَغۡيَۢا بَيۡنَهُمۡۚ إِنَّ رَبَّكَ يَقۡضِي بَيۡنَهُمۡ يَوۡمَ ٱلۡقِيَٰمَةِ فِيمَا كَانُواْ فِيهِ يَخۡتَلِفُونَ</textIndopak>
    <translations>
      <translation>
        <author>Dr. Mustafa Khattab, the Clear Quran</author>
        <text>We ˹also˺ gave them clear commandments regarding ˹their˺ faith. But it was not until knowledge came to them that they differed out of mutual envy. Surely your Lord will judge between them on the Day of Judgment regarding their differences.</text>
      </translation>
    </translations>
    <rules>[{"start": 27, "end": 30, "rule_id": 0}, {"start": 133, "end": 136, "rule_id": 0}, {"start": 147, "end": 149, "rule_id": 1}, {"start": 74, "end": 79, "rule_id": 2}, {"start": 24, "end": 30, "rule_id": 3}, {"start": 14, "end": 18, "rule_id": 7}]</rules>
  </verse>
  <verse>
    <verseIdArabic>١٨</verseIdArabic>
    <verseId>18</verseId>
    <chapterId>45</chapterId>
    <textIndopak>ثُمَّ جَعَلۡنَٰكَ عَلَىٰ شَرِيعَةٖ مِّنَ ٱلۡأَمۡرِ فَٱتَّبِعۡهَا وَلَا تَتَّبِعۡ أَهۡوَآءَ ٱلَّذِينَ لَا يَعۡلَمُونَ</textIndopak>
    <translations>
      <translation>
        <author>Dr. Mustafa Khattab, the Clear Quran</author>
        <text>Now We have set you ˹O Prophet˺ on the ˹clear˺ Way of faith. So follow it, and do not follow the desires of those who do not know ˹the truth˺.</text>
      </translation>
    </translations>
    <rules>[{"start": 2, "end": 5, "rule_id": 0}, {"start": 35, "end": 38, "rule_id": 0}, {"start": 32, "end": 38, "rule_id": 3}]</rules>
  </verse>
  <verse>
    <verseIdArabic>١٩</verseIdArabic>
    <verseId>19</verseId>
    <chapterId>45</chapterId>
    <textIndopak>إِنَّهُمۡ لَن يُغۡنُواْ عَنكَ مِنَ ٱللَّهِ شَيۡـٔٗاۚ وَإِنَّ ٱلظَّٰلِمِينَ بَعۡضُهُمۡ أَوۡلِيَآءُ بَعۡضٖۖ وَٱللَّهُ وَلِيُّ ٱلۡمُتَّقِينَ</textIndopak>
    <translations>
      <translation>
        <author>Dr. Mustafa Khattab, the Clear Quran</author>
        <text>They certainly can be of no benefit to you against Allah whatsoever. Surely the wrongdoers are patrons of each other, whereas Allah is the Patron of the righteous.</text>
      </translation>
    </translations>
    <rules>[{"start": 2, "end": 5, "rule_id": 0}, {"start": 58, "end": 61, "rule_id": 0}, {"start": 12, "end": 16, "rule_id": 3}, {"start": 104, "end": 111, "rule_id": 3}, {"start": 26, "end": 29, "rule_id": 6}]</rules>
  </verse>
  <verse>
    <verseIdArabic>٢٠</verseIdArabic>
    <verseId>20</verseId>
    <chapterId>45</chapterId>
    <textIndopak>هَٰذَا بَصَٰٓئِرُ لِلنَّاسِ وَهُدٗى وَرَحۡمَةٞ لِّقَوۡمٖ يُوقِنُونَ</textIndopak>
    <translations>
      <translation>
        <author>Dr. Mustafa Khattab, the Clear Quran</author>
        <text>This ˹Quran˺ is an insight for humanity—a guide and mercy for people of sure faith.</text>
      </translation>
    </translations>
    <rules>[{"start": 21, "end": 24, "rule_id": 0}, {"start": 54, "end": 59, "rule_id": 3}, {"start": 44, "end": 50, "rule_id": 5}]</rules>
  </verse>
  <verse>
    <verseIdArabic>٢١</verseIdArabic>
    <verseId>21</verseId>
    <chapterId>45</chapterId>
    <textIndopak>أَمۡ حَسِبَ ٱلَّذِينَ ٱجۡتَرَحُواْ ٱلسَّيِّـَٔاتِ أَن نَّجۡعَلَهُمۡ كَٱلَّذِينَ ءَامَنُواْ وَعَمِلُواْ ٱلصَّٰلِحَٰتِ سَوَآءٗ مَّحۡيَاهُمۡ وَمَمَاتُهُمۡۚ سَآءَ مَا يَحۡكُمُونَ</textIndopak>
    <translations>
      <translation>
        <author>Dr. Mustafa Khattab, the Clear Quran</author>
        <text>Or do those who commit evil deeds ˹simply˺ think that We will make them equal—in their life and after their death—to those who believe and do good? How wrong is their judgment!</text>
      </translation>
    </translations>
    <rules>[{"start": 54, "end": 57, "rule_id": 0}, {"start": 126, "end": 129, "rule_id": 0}, {"start": 23, "end": 25, "rule_id": 1}, {"start": 57, "end": 59, "rule_id": 1}, {"start": 52, "end": 57, "rule_id": 3}, {"start": 123, "end": 129, "rule_id": 3}]</rules>
  </verse>
  <verse>
    <verseIdArabic>٢٢</verseIdArabic>
    <verseId>22</verseId>
    <chapterId>45</chapterId>
    <textIndopak>وَخَلَقَ ٱللَّهُ ٱلسَّمَٰوَٰتِ وَٱلۡأَرۡضَ بِٱلۡحَقِّ وَلِتُجۡزَىٰ كُلُّ نَفۡسِۭ بِمَا كَسَبَتۡ وَهُمۡ لَا يُظۡلَمُونَ</textIndopak>
    <translations>
      <translation>
        <author>Dr. Mustafa Khattab, the Clear Quran</author>
        <text>For Allah created the heavens and the earth for a purpose, so that every soul may be paid back for what it has committed. And none will be wronged.</text>
      </translation>
    </translations>
    <rules>[{"start": 60, "end": 62, "rule_id": 1}, {"start": 77, "end": 83, "rule_id": 2}]</rules>
  </verse>
  <verse>
    <verseIdArabic>٢٣</verseIdArabic>
    <verseId>23</verseId>
    <chapterId>45</chapterId>
    <textIndopak>أَفَرَءَيۡتَ مَنِ ٱتَّخَذَ إِلَٰهَهُۥ هَوَىٰهُ وَأَضَلَّهُ ٱللَّهُ عَلَىٰ عِلۡمٖ وَخَتَمَ عَلَىٰ سَمۡعِهِۦ وَقَلۡبِهِۦ وَجَعَلَ عَلَىٰ بَصَرِهِۦ غِشَٰوَةٗ فَمَن يَهۡدِيهِ مِنۢ بَعۡدِ ٱللَّهِۚ أَفَلَا تَذَكَّرُونَ</textIndopak>
    <translations>
      <translation>
        <author>Dr. Mustafa Khattab, the Clear Quran</author>
        <text>Have you seen ˹O Prophet˺ those who have taken their own desires as their god? ˹And so˺ Allah left them to stray knowingly, sealed their hearing and hearts, and placed a cover on their sight. Who then can guide them after Allah? Will you ˹all˺ not then be mindful?</text>
      </translation>
    </translations>
    <rules>[{"start": 173, "end": 178, "rule_id": 2}, {"start": 159, "end": 163, "rule_id": 3}, {"start": 78, "end": 83, "rule_id": 3}, {"start": 152, "end": 157, "rule_id": 6}]</rules>
  </verse>
  <verse>
    <verseIdArabic>٢٤</verseIdArabic>
    <verseId>24</verseId>
    <chapterId>45</chapterId>
    <textIndopak>وَقَالُواْ مَا هِيَ إِلَّا حَيَاتُنَا ٱلدُّنۡيَا نَمُوتُ وَنَحۡيَا وَمَا يُهۡلِكُنَآ إِلَّا ٱلدَّهۡرُۚ وَمَا لَهُم بِذَٰلِكَ مِنۡ عِلۡمٍۖ إِنۡ هُمۡ إِلَّا يَظُنُّونَ</textIndopak>
    <translations>
      <translation>
        <author>Dr. Mustafa Khattab, the Clear Quran</author>
        <text>And they argue, “There is nothing beyond our worldly life. We die; others are born. And nothing destroys us but ˹the passage of˺ time.” Yet they have no knowledge ˹in support˺ of this ˹claim˺. They only speculate.</text>
      </translation>
    </translations>
    <rules>[{"start": 162, "end": 165, "rule_id": 0}, {"start": 115, "end": 119, "rule_id": 7}]</rules>
  </verse>
  <verse>
    <verseIdArabic>٢٥</verseIdArabic>
    <verseId>25</verseId>
    <chapterId>45</chapterId>
    <textIndopak>وَإِذَا تُتۡلَىٰ عَلَيۡهِمۡ ءَايَٰتُنَا بَيِّنَٰتٖ مَّا كَانَ حُجَّتَهُمۡ إِلَّآ أَن قَالُواْ ٱئۡتُواْ بِـَٔابَآئِنَآ إِن كُنتُمۡ صَٰدِقِينَ</textIndopak>
    <translations>
      <translation>
        <author>Dr. Mustafa Khattab, the Clear Quran</author>
        <text>And whenever Our clear revelations are recited to them, their only argument is to say: “Bring our forefathers back, if what you say is true!”</text>
      </translation>
    </translations>
    <rules>[{"start": 51, "end": 54, "rule_id": 0}, {"start": 48, "end": 54, "rule_id": 3}, {"start": 84, "end": 88, "rule_id": 6}, {"start": 123, "end": 127, "rule_id": 6}, {"start": 127, "end": 130, "rule_id": 6}]</rules>
  </verse>
  <verse>
    <verseIdArabic>٢٦</verseIdArabic>
    <verseId>26</verseId>
    <chapterId>45</chapterId>
    <textIndopak>قُلِ ٱللَّهُ يُحۡيِيكُمۡ ثُمَّ يُمِيتُكُمۡ ثُمَّ يَجۡمَعُكُمۡ إِلَىٰ يَوۡمِ ٱلۡقِيَٰمَةِ لَا رَيۡبَ فِيهِ وَلَٰكِنَّ أَكۡثَرَ ٱلنَّاسِ لَا يَعۡلَمُونَ</textIndopak>
    <translations>
      <translation>
        <author>Dr. Mustafa Khattab, the Clear Quran</author>
        <text>Say, ˹O Prophet,˺ “˹It is˺ Allah ˹Who˺ gives you life, then causes you to die, then will gather you ˹all˺ on the Day of Judgment, about which there is no doubt. But most people do not know.”</text>
      </translation>
    </translations>
    <rules>[{"start": 27, "end": 30, "rule_id": 0}, {"start": 45, "end": 48, "rule_id": 0}, {"start": 113, "end": 116, "rule_id": 0}, {"start": 128, "end": 131, "rule_id": 0}, {"start": 51, "end": 53, "rule_id": 1}]</rules>
  </verse>
  <verse>
    <verseIdArabic>٢٧</verseIdArabic>
    <verseId>27</verseId>
    <chapterId>45</chapterId>
    <textIndopak>وَلِلَّهِ مُلۡكُ ٱلسَّمَٰوَٰتِ وَٱلۡأَرۡضِۚ وَيَوۡمَ تَقُومُ ٱلسَّاعَةُ يَوۡمَئِذٖ يَخۡسَرُ ٱلۡمُبۡطِلُونَ</textIndopak>
    <translations>
      <translation>
        <author>Dr. Mustafa Khattab, the Clear Quran</author>
        <text>To Allah ˹alone˺ belongs the kingdom of the heavens and the earth. On the Day the Hour will be established, the people of falsehood will then be in ˹total˺ loss.</text>
      </translation>
    </translations>
    <rules>[{"start": 98, "end": 100, "rule_id": 1}, {"start": 81, "end": 86, "rule_id": 3}]</rules>
  </verse>
  <verse>
    <verseIdArabic>٢٨</verseIdArabic>
    <verseId>28</verseId>
    <chapterId>45</chapterId>
    <textIndopak>وَتَرَىٰ كُلَّ أُمَّةٖ جَاثِيَةٗۚ كُلُّ أُمَّةٖ تُدۡعَىٰٓ إِلَىٰ كِتَٰبِهَا ٱلۡيَوۡمَ تُجۡزَوۡنَ مَا كُنتُمۡ تَعۡمَلُونَ</textIndopak>
    <translations>
      <translation>
        <author>Dr. Mustafa Khattab, the Clear Quran</author>
        <text>And you will see every faith-community on its knees. Every community will be summoned to its record ˹of deeds˺. ˹They all will be told,˺ “This Day you will be rewarded for what you used to do.</text>
      </translation>
    </translations>
    <rules>[{"start": 17, "end": 20, "rule_id": 0}, {"start": 43, "end": 46, "rule_id": 0}, {"start": 51, "end": 53, "rule_id": 1}, {"start": 89, "end": 91, "rule_id": 1}, {"start": 104, "end": 107, "rule_id": 6}, {"start": 20, "end": 25, "rule_id": 6}, {"start": 46, "end": 51, "rule_id": 6}]</rules>
  </verse>
  <verse>
    <verseIdArabic>٢٩</verseIdArabic>
    <verseId>29</verseId>
    <chapterId>45</chapterId>
    <textIndopak>هَٰذَا كِتَٰبُنَا يَنطِقُ عَلَيۡكُم بِٱلۡحَقِّۚ إِنَّا كُنَّا نَسۡتَنسِخُ مَا كُنتُمۡ تَعۡمَلُونَ</textIndopak>
    <translations>
      <translation>
        <author>Dr. Mustafa Khattab, the Clear Quran</author>
        <text>This record of Ours speaks the truth about you. Indeed, We always had your deeds recorded ˹by the angels˺.”</text>
      </translation>
    </translations>
    <rules>[{"start": 51, "end": 54, "rule_id": 0}, {"start": 58, "end": 61, "rule_id": 0}, {"start": 20, "end": 23, "rule_id": 6}, {"start": 69, "end": 72, "rule_id": 6}, {"start": 81, "end": 84, "rule_id": 6}, {"start": 34, "end": 38, "rule_id": 7}]</rules>
  </verse>
  <verse>
    <verseIdArabic>٣٠</verseIdArabic>
    <verseId>30</verseId>
    <chapterId>45</chapterId>
    <textIndopak>فَأَمَّا ٱلَّذِينَ ءَامَنُواْ وَعَمِلُواْ ٱلصَّٰلِحَٰتِ فَيُدۡخِلُهُمۡ رَبُّهُمۡ فِي رَحۡمَتِهِۦۚ ذَٰلِكَ هُوَ ٱلۡفَوۡزُ ٱلۡمُبِينُ</textIndopak>
    <translations>
      <translation>
        <author>Dr. Mustafa Khattab, the Clear Quran</author>
        <text>As for those who believed and did good, their Lord will admit them into His mercy. That is ˹truly˺ the absolute triumph.</text>
      </translation>
    </translations>
    <rules>[{"start": 4, "end": 7, "rule_id": 0}, {"start": 60, "end": 62, "rule_id": 1}]</rules>
  </verse>
  <verse>
    <verseIdArabic>٣١</verseIdArabic>
    <verseId>31</verseId>
    <chapterId>45</chapterId>
    <textIndopak>وَأَمَّا ٱلَّذِينَ كَفَرُوٓاْ أَفَلَمۡ تَكُنۡ ءَايَٰتِي تُتۡلَىٰ عَلَيۡكُمۡ فَٱسۡتَكۡبَرۡتُمۡ وَكُنتُمۡ قَوۡمٗا مُّجۡرِمِينَ</textIndopak>
    <translations>
      <translation>
        <author>Dr. Mustafa Khattab, the Clear Quran</author>
        <text>And as for those who disbelieved, ˹they will be told,˺ “Were My revelations not recited to you, yet you acted arrogantly and were a wicked people?</text>
      </translation>
    </translations>
    <rules>[{"start": 4, "end": 7, "rule_id": 0}, {"start": 112, "end": 115, "rule_id": 0}, {"start": 115, "end": 117, "rule_id": 1}, {"start": 108, "end": 115, "rule_id": 3}, {"start": 98, "end": 101, "rule_id": 6}]</rules>
  </verse>
  <verse>
    <verseIdArabic>٣٢</verseIdArabic>
    <verseId>32</verseId>
    <chapterId>45</chapterId>
    <textIndopak>وَإِذَا قِيلَ إِنَّ وَعۡدَ ٱللَّهِ حَقّٞ وَٱلسَّاعَةُ لَا رَيۡبَ فِيهَا قُلۡتُم مَّا نَدۡرِي مَا ٱلسَّاعَةُ إِن نَّظُنُّ إِلَّا ظَنّٗا وَمَا نَحۡنُ بِمُسۡتَيۡقِنِينَ</textIndopak>
    <translations>
      <translation>
        <author>Dr. Mustafa Khattab, the Clear Quran</author>
        <text>And whenever it was said ˹to you˺, ‘Surely Allah’s promise ˹of judgment˺ is true and there is no doubt about the Hour,’ you said ˹mockingly˺, ‘We do not know what the Hour is! We think it is no more than speculation, and we are not convinced ˹that it will ever come˺.’”</text>
      </translation>
    </translations>
    <rules>[{"start": 16, "end": 19, "rule_id": 0}, {"start": 80, "end": 83, "rule_id": 0}, {"start": 112, "end": 115, "rule_id": 0}, {"start": 117, "end": 120, "rule_id": 0}, {"start": 130, "end": 133, "rule_id": 0}, {"start": 87, "end": 89, "rule_id": 1}, {"start": 110, "end": 115, "rule_id": 3}, {"start": 37, "end": 43, "rule_id": 3}, {"start": 130, "end": 137, "rule_id": 3}, {"start": 78, "end": 83, "rule_id": 4}]</rules>
  </verse>
  <verse>
    <verseIdArabic>٣٣</verseIdArabic>
    <verseId>33</verseId>
    <chapterId>45</chapterId>
    <textIndopak>وَبَدَا لَهُمۡ سَيِّـَٔاتُ مَا عَمِلُواْ وَحَاقَ بِهِم مَّا كَانُواْ بِهِۦ يَسۡتَهۡزِءُونَ</textIndopak>
    <translations>
      <translation>
        <author>Dr. Mustafa Khattab, the Clear Quran</author>
        <text>And the evil ˹consequences˺ of their deeds will unfold before them, and they will be overwhelmed by what they used to ridicule.</text>
      </translation>
    </translations>
    <rules>[{"start": 55, "end": 58, "rule_id": 0}, {"start": 53, "end": 58, "rule_id": 4}]</rules>
  </verse>
  <verse>
    <verseIdArabic>٣٤</verseIdArabic>
    <verseId>34</verseId>
    <chapterId>45</chapterId>
    <textIndopak>وَقِيلَ ٱلۡيَوۡمَ نَنسَىٰكُمۡ كَمَا نَسِيتُمۡ لِقَآءَ يَوۡمِكُمۡ هَٰذَا وَمَأۡوَىٰكُمُ ٱلنَّارُ وَمَا لَكُم مِّن نَّٰصِرِينَ</textIndopak>
    <translations>
      <translation>
        <author>Dr. Mustafa Khattab, the Clear Quran</author>
        <text>It will be said, “This Day We will neglect you as you neglected the meeting of this Day of yours! Your home will be the Fire, and you will have no helpers.</text>
      </translation>
    </translations>
    <rules>[{"start": 90, "end": 93, "rule_id": 0}, {"start": 109, "end": 112, "rule_id": 0}, {"start": 114, "end": 118, "rule_id": 0}, {"start": 112, "end": 118, "rule_id": 3}, {"start": 107, "end": 112, "rule_id": 4}, {"start": 20, "end": 23, "rule_id": 6}]</rules>
  </verse>
  <verse>
    <verseIdArabic>٣٥</verseIdArabic>
    <verseId>35</verseId>
    <chapterId>45</chapterId>
    <textIndopak>ذَٰلِكُم بِأَنَّكُمُ ٱتَّخَذۡتُمۡ ءَايَٰتِ ٱللَّهِ هُزُوٗا وَغَرَّتۡكُمُ ٱلۡحَيَوٰةُ ٱلدُّنۡيَاۚ فَٱلۡيَوۡمَ لَا يُخۡرَجُونَ مِنۡهَا وَلَا هُمۡ يُسۡتَعۡتَبُونَ</textIndopak>
    <translations>
      <translation>
        <author>Dr. Mustafa Khattab, the Clear Quran</author>
        <text>This is because you made a mockery of Allah’s revelations, and were deluded by ˹your˺ worldly life.” So ˹from˺ that Day ˹on˺ they will not be taken out of the Fire, nor will they be allowed to appease ˹their Lord˺.</text>
      </translation>
    </translations>
    <rules>[{"start": 13, "end": 16, "rule_id": 0}, {"start": 55, "end": 61, "rule_id": 3}, {"start": 7, "end": 11, "rule_id": 7}]</rules>
  </verse>
  <verse>
    <verseIdArabic>٣٦</verseIdArabic>
    <verseId>36</verseId>
    <chapterId>45</chapterId>
    <textIndopak>فَلِلَّهِ ٱلۡحَمۡدُ رَبِّ ٱلسَّمَٰوَٰتِ وَرَبِّ ٱلۡأَرۡضِ رَبِّ ٱلۡعَٰلَمِينَ</textIndopak>
    <translations>
      <translation>
        <author>Dr. Mustafa Khattab, the Clear Quran</author>
        <text>So all praise is for Allah—Lord of the heavens and Lord of the earth, Lord of all worlds.</text>
      </translation>
    </translations>
  </verse>
  <verse>
    <verseIdArabic>٣٧</verseIdArabic>
    <verseId>37</verseId>
    <chapterId>45</chapterId>
    <textIndopak>وَلَهُ ٱلۡكِبۡرِيَآءُ فِي ٱلسَّمَٰوَٰتِ وَٱلۡأَرۡضِۖ وَهُوَ ٱلۡعَزِيزُ ٱلۡحَكِيمُ</textIndopak>
    <translations>
      <translation>
        <author>Dr. Mustafa Khattab, the Clear Quran</author>
        <text>To Him belongs ˹all˺ Majesty in the heavens and the earth. And He is the Almighty, All-Wise.</text>
      </translation>
    </translations>
    <rules>[{"start": 12, "end": 14, "rule_id": 1}]</rules>
  </verse>
</verses>
