<?xml version="1.0" encoding="UTF-8"?>

<verses>
  <verse>
    <verseIdArabic>١</verseIdArabic>
    <verseId>1</verseId>
    <chapterId>47</chapterId>
    <textIndopak>ٱلَّذِينَ كَفَرُواْ وَصَدُّواْ عَن سَبِيلِ ٱللَّهِ أَضَلَّ أَعۡمَٰلَهُمۡ</textIndopak>
    <translations>
      <translation>
        <author>Dr. Mustafa Khattab, the Clear Quran</author>
        <text>Those who disbelieve and hinder ˹others˺ from the Way of Allah, He will render their deeds void.</text>
      </translation>
    </translations>
    <rules>[{"start": 33, "end": 37, "rule_id": 6}]</rules>
  </verse>
  <verse>
    <verseIdArabic>٢</verseIdArabic>
    <verseId>2</verseId>
    <chapterId>47</chapterId>
    <textIndopak>وَٱلَّذِينَ ءَامَنُواْ وَعَمِلُواْ ٱلصَّٰلِحَٰتِ وَءَامَنُواْ بِمَا نُزِّلَ عَلَىٰ مُحَمَّدٖ وَهُوَ ٱلۡحَقُّ مِن رَّبِّهِمۡ كَفَّرَ عَنۡهُمۡ سَيِّـَٔاتِهِمۡ وَأَصۡلَحَ بَالَهُمۡ</textIndopak>
    <translations>
      <translation>
        <author>Dr. Mustafa Khattab, the Clear Quran</author>
        <text>As for those who believe, do good, and have faith in what has been revealed to Muḥammad—which is the truth from their Lord—He will absolve them of their sins and improve their condition.</text>
      </translation>
    </translations>
    <rules>[{"start": 87, "end": 90, "rule_id": 0}, {"start": 90, "end": 95, "rule_id": 3}, {"start": 111, "end": 116, "rule_id": 5}]</rules>
  </verse>
  <verse>
    <verseIdArabic>٣</verseIdArabic>
    <verseId>3</verseId>
    <chapterId>47</chapterId>
    <textIndopak>ذَٰلِكَ بِأَنَّ ٱلَّذِينَ كَفَرُواْ ٱتَّبَعُواْ ٱلۡبَٰطِلَ وَأَنَّ ٱلَّذِينَ ءَامَنُواْ ٱتَّبَعُواْ ٱلۡحَقَّ مِن رَّبِّهِمۡۚ كَذَٰلِكَ يَضۡرِبُ ٱللَّهُ لِلنَّاسِ أَمۡثَٰلَهُمۡ</textIndopak>
    <translations>
      <translation>
        <author>Dr. Mustafa Khattab, the Clear Quran</author>
        <text>This is because the disbelievers follow falsehood, while the believers follow the truth from their Lord. This is how Allah shows people their true state ˹of faith˺.</text>
      </translation>
    </translations>
    <rules>[{"start": 12, "end": 15, "rule_id": 0}, {"start": 63, "end": 66, "rule_id": 0}, {"start": 156, "end": 159, "rule_id": 0}, {"start": 111, "end": 116, "rule_id": 5}]</rules>
  </verse>
  <verse>
    <verseIdArabic>٤</verseIdArabic>
    <verseId>4</verseId>
    <chapterId>47</chapterId>
    <textIndopak>فَإِذَا لَقِيتُمُ ٱلَّذِينَ كَفَرُواْ فَضَرۡبَ ٱلرِّقَابِ حَتَّىٰٓ إِذَآ أَثۡخَنتُمُوهُمۡ فَشُدُّواْ ٱلۡوَثَاقَ فَإِمَّا مَنَّۢا بَعۡدُ وَإِمَّا فِدَآءً حَتَّىٰ تَضَعَ ٱلۡحَرۡبُ أَوۡزَارَهَاۚ ذَٰلِكَۖ وَلَوۡ يَشَآءُ ٱللَّهُ لَٱنتَصَرَ مِنۡهُمۡ وَلَٰكِن لِّيَبۡلُوَاْ بَعۡضَكُم بِبَعۡضٖۗ وَٱلَّذِينَ قُتِلُواْ فِي سَبِيلِ ٱللَّهِ فَلَن يُضِلَّ أَعۡمَٰلَهُمۡ</textIndopak>
    <translations>
      <translation>
        <author>Dr. Mustafa Khattab, the Clear Quran</author>
        <text>So when you meet the disbelievers ˹in battle˺, strike ˹their˺ necks until you have thoroughly subdued them, then bind them firmly. Later ˹free them either as˺ an act of grace or by ransom until the war comes to an end. So will it be. Had Allah willed, He ˹Himself˺ could have inflicted punishment on them. But He does ˹this only to˺ test some of you by means of others. And those who are martyred in the cause of Allah, He will never render their deeds void.</text>
      </translation>
    </translations>
    <rules>[{"start": 117, "end": 120, "rule_id": 0}, {"start": 124, "end": 128, "rule_id": 0}, {"start": 141, "end": 144, "rule_id": 0}, {"start": 261, "end": 263, "rule_id": 1}, {"start": 337, "end": 341, "rule_id": 3}, {"start": 254, "end": 259, "rule_id": 5}, {"start": 80, "end": 83, "rule_id": 6}, {"start": 230, "end": 233, "rule_id": 6}, {"start": 278, "end": 282, "rule_id": 7}]</rules>
  </verse>
  <verse>
    <verseIdArabic>٥</verseIdArabic>
    <verseId>5</verseId>
    <chapterId>47</chapterId>
    <textIndopak>سَيَهۡدِيهِمۡ وَيُصۡلِحُ بَالَهُمۡ</textIndopak>
    <translations>
      <translation>
        <author>Dr. Mustafa Khattab, the Clear Quran</author>
        <text>He will guide them ˹to their reward˺, improve their condition,</text>
      </translation>
    </translations>
  </verse>
  <verse>
    <verseIdArabic>٦</verseIdArabic>
    <verseId>6</verseId>
    <chapterId>47</chapterId>
    <textIndopak>وَيُدۡخِلُهُمُ ٱلۡجَنَّةَ عَرَّفَهَا لَهُمۡ</textIndopak>
    <translations>
      <translation>
        <author>Dr. Mustafa Khattab, the Clear Quran</author>
        <text>and admit them into Paradise, having made it known to them.</text>
      </translation>
    </translations>
    <rules>[{"start": 20, "end": 23, "rule_id": 0}, {"start": 4, "end": 6, "rule_id": 1}]</rules>
  </verse>
  <verse>
    <verseIdArabic>٧</verseIdArabic>
    <verseId>7</verseId>
    <chapterId>47</chapterId>
    <textIndopak>يَٰٓأَيُّهَا ٱلَّذِينَ ءَامَنُوٓاْ إِن تَنصُرُواْ ٱللَّهَ يَنصُرۡكُمۡ وَيُثَبِّتۡ أَقۡدَامَكُمۡ</textIndopak>
    <translations>
      <translation>
        <author>Dr. Mustafa Khattab, the Clear Quran</author>
        <text>O believers! If you stand up for Allah, He will help you and make your steps firm.</text>
      </translation>
    </translations>
    <rules>[{"start": 84, "end": 86, "rule_id": 1}, {"start": 37, "end": 41, "rule_id": 6}, {"start": 41, "end": 44, "rule_id": 6}, {"start": 60, "end": 63, "rule_id": 6}]</rules>
  </verse>
  <verse>
    <verseIdArabic>٨</verseIdArabic>
    <verseId>8</verseId>
    <chapterId>47</chapterId>
    <textIndopak>وَٱلَّذِينَ كَفَرُواْ فَتَعۡسٗا لَّهُمۡ وَأَضَلَّ أَعۡمَٰلَهُمۡ</textIndopak>
    <translations>
      <translation>
        <author>Dr. Mustafa Khattab, the Clear Quran</author>
        <text>As for the disbelievers, may they be doomed and may He render their deeds void.</text>
      </translation>
    </translations>
    <rules>[{"start": 28, "end": 35, "rule_id": 5}]</rules>
  </verse>
  <verse>
    <verseIdArabic>٩</verseIdArabic>
    <verseId>9</verseId>
    <chapterId>47</chapterId>
    <textIndopak>ذَٰلِكَ بِأَنَّهُمۡ كَرِهُواْ مَآ أَنزَلَ ٱللَّهُ فَأَحۡبَطَ أَعۡمَٰلَهُمۡ</textIndopak>
    <translations>
      <translation>
        <author>Dr. Mustafa Khattab, the Clear Quran</author>
        <text>That is because they detest what Allah has revealed, so He has rendered their deeds void.</text>
      </translation>
    </translations>
    <rules>[{"start": 12, "end": 15, "rule_id": 0}, {"start": 37, "end": 40, "rule_id": 6}]</rules>
  </verse>
  <verse>
    <verseIdArabic>١٠</verseIdArabic>
    <verseId>10</verseId>
    <chapterId>47</chapterId>
    <textIndopak>۞ أَفَلَمۡ يَسِيرُواْ فِي ٱلۡأَرۡضِ فَيَنظُرُواْ كَيۡفَ كَانَ عَٰقِبَةُ ٱلَّذِينَ مِن قَبۡلِهِمۡۖ دَمَّرَ ٱللَّهُ عَلَيۡهِمۡۖ وَلِلۡكَٰفِرِينَ أَمۡثَٰلُهَا</textIndopak>
    <translations>
      <translation>
        <author>Dr. Mustafa Khattab, the Clear Quran</author>
        <text>Have they not travelled throughout the land to see what was the end of those before them? Allah annihilated them, and a similar fate awaits the disbelievers.</text>
      </translation>
    </translations>
    <rules>[{"start": 101, "end": 104, "rule_id": 0}, {"start": 88, "end": 90, "rule_id": 1}, {"start": 40, "end": 43, "rule_id": 6}, {"start": 84, "end": 88, "rule_id": 6}]</rules>
  </verse>
  <verse>
    <verseIdArabic>١١</verseIdArabic>
    <verseId>11</verseId>
    <chapterId>47</chapterId>
    <textIndopak>ذَٰلِكَ بِأَنَّ ٱللَّهَ مَوۡلَى ٱلَّذِينَ ءَامَنُواْ وَأَنَّ ٱلۡكَٰفِرِينَ لَا مَوۡلَىٰ لَهُمۡ</textIndopak>
    <translations>
      <translation>
        <author>Dr. Mustafa Khattab, the Clear Quran</author>
        <text>This is because Allah is the Patron of the believers while the disbelievers have no patron.</text>
      </translation>
    </translations>
    <rules>[{"start": 12, "end": 15, "rule_id": 0}, {"start": 57, "end": 60, "rule_id": 0}]</rules>
  </verse>
  <verse>
    <verseIdArabic>١٢</verseIdArabic>
    <verseId>12</verseId>
    <chapterId>47</chapterId>
    <textIndopak>إِنَّ ٱللَّهَ يُدۡخِلُ ٱلَّذِينَ ءَامَنُواْ وَعَمِلُواْ ٱلصَّٰلِحَٰتِ جَنَّٰتٖ تَجۡرِي مِن تَحۡتِهَا ٱلۡأَنۡهَٰرُۖ وَٱلَّذِينَ كَفَرُواْ يَتَمَتَّعُونَ وَيَأۡكُلُونَ كَمَا تَأۡكُلُ ٱلۡأَنۡعَٰمُ وَٱلنَّارُ مَثۡوٗى لَّهُمۡ</textIndopak>
    <translations>
      <translation>
        <author>Dr. Mustafa Khattab, the Clear Quran</author>
        <text>Surely Allah will admit those who believe and do good into Gardens under which rivers flow. As for the disbelievers, they enjoy themselves and feed like cattle. But the Fire will be their home.</text>
      </translation>
    </translations>
    <rules>[{"start": 2, "end": 5, "rule_id": 0}, {"start": 72, "end": 76, "rule_id": 0}, {"start": 199, "end": 202, "rule_id": 0}, {"start": 16, "end": 18, "rule_id": 1}, {"start": 81, "end": 83, "rule_id": 1}, {"start": 89, "end": 93, "rule_id": 6}, {"start": 76, "end": 81, "rule_id": 6}]</rules>
  </verse>
  <verse>
    <verseIdArabic>١٣</verseIdArabic>
    <verseId>13</verseId>
    <chapterId>47</chapterId>
    <textIndopak>وَكَأَيِّن مِّن قَرۡيَةٍ هِيَ أَشَدُّ قُوَّةٗ مِّن قَرۡيَتِكَ ٱلَّتِيٓ أَخۡرَجَتۡكَ أَهۡلَكۡنَٰهُمۡ فَلَا نَاصِرَ لَهُمۡ</textIndopak>
    <translations>
      <translation>
        <author>Dr. Mustafa Khattab, the Clear Quran</author>
        <text>˹Imagine, O Prophet,˺ how many societies We destroyed that were far superior in might than your society—which drove you out—and there was none to help them!</text>
      </translation>
    </translations>
    <rules>[{"start": 11, "end": 14, "rule_id": 0}, {"start": 46, "end": 49, "rule_id": 0}, {"start": 9, "end": 14, "rule_id": 3}, {"start": 43, "end": 49, "rule_id": 3}, {"start": 14, "end": 18, "rule_id": 6}, {"start": 49, "end": 53, "rule_id": 6}]</rules>
  </verse>
  <verse>
    <verseIdArabic>١٤</verseIdArabic>
    <verseId>14</verseId>
    <chapterId>47</chapterId>
    <textIndopak>أَفَمَن كَانَ عَلَىٰ بَيِّنَةٖ مِّن رَّبِّهِۦ كَمَن زُيِّنَ لَهُۥ سُوٓءُ عَمَلِهِۦ وَٱتَّبَعُوٓاْ أَهۡوَآءَهُم</textIndopak>
    <translations>
      <translation>
        <author>Dr. Mustafa Khattab, the Clear Quran</author>
        <text>Can those ˹believers˺ who stand on clear proof from their Lord be like those whose evil deeds are made appealing to them and ˹only˺ follow their desires?</text>
      </translation>
    </translations>
    <rules>[{"start": 31, "end": 34, "rule_id": 0}, {"start": 28, "end": 34, "rule_id": 3}, {"start": 34, "end": 39, "rule_id": 5}, {"start": 6, "end": 10, "rule_id": 6}, {"start": 50, "end": 54, "rule_id": 6}]</rules>
  </verse>
  <verse>
    <verseIdArabic>١٥</verseIdArabic>
    <verseId>15</verseId>
    <chapterId>47</chapterId>
    <textIndopak>مَّثَلُ ٱلۡجَنَّةِ ٱلَّتِي وُعِدَ ٱلۡمُتَّقُونَۖ فِيهَآ أَنۡهَٰرٞ مِّن مَّآءٍ غَيۡرِ ءَاسِنٖ وَأَنۡهَٰرٞ مِّن لَّبَنٖ لَّمۡ يَتَغَيَّرۡ طَعۡمُهُۥ وَأَنۡهَٰرٞ مِّنۡ خَمۡرٖ لَّذَّةٖ لِّلشَّٰرِبِينَ وَأَنۡهَٰرٞ مِّنۡ عَسَلٖ مُّصَفّٗىۖ وَلَهُمۡ فِيهَا مِن كُلِّ ٱلثَّمَرَٰتِ وَمَغۡفِرَةٞ مِّن رَّبِّهِمۡۖ كَمَنۡ هُوَ خَٰلِدٞ فِي ٱلنَّارِ وَسُقُواْ مَآءً حَمِيمٗا فَقَطَّعَ أَمۡعَآءَهُمۡ</textIndopak>
    <translations>
      <translation>
        <author>Dr. Mustafa Khattab, the Clear Quran</author>
        <text>The description of the Paradise promised to the righteous is that in it are rivers of fresh water, rivers of milk that never changes in taste, rivers of wine delicious to drink, and rivers of pure honey. There they will ˹also˺ have all kinds of fruit, and forgiveness from their Lord. ˹Can they be˺ like those who will stay in the Fire forever, left to drink boiling water that will tear apart their insides?</text>
      </translation>
    </translations>
    <rules>[{"start": 0, "end": 3, "rule_id": 0}, {"start": 13, "end": 16, "rule_id": 0}, {"start": 68, "end": 71, "rule_id": 0}, {"start": 73, "end": 76, "rule_id": 0}, {"start": 108, "end": 111, "rule_id": 0}, {"start": 161, "end": 164, "rule_id": 0}, {"start": 211, "end": 214, "rule_id": 0}, {"start": 224, "end": 227, "rule_id": 0}, {"start": 288, "end": 291, "rule_id": 0}, {"start": 332, "end": 335, "rule_id": 0}, {"start": 71, "end": 76, "rule_id": 3}, {"start": 65, "end": 71, "rule_id": 3}, {"start": 93, "end": 98, "rule_id": 3}, {"start": 105, "end": 111, "rule_id": 3}, {"start": 158, "end": 164, "rule_id": 3}, {"start": 208, "end": 214, "rule_id": 3}, {"start": 221, "end": 227, "rule_id": 3}, {"start": 285, "end": 291, "rule_id": 3}, {"start": 111, "end": 116, "rule_id": 5}, {"start": 291, "end": 296, "rule_id": 5}, {"start": 118, "end": 124, "rule_id": 5}, {"start": 171, "end": 177, "rule_id": 5}, {"start": 180, "end": 186, "rule_id": 5}, {"start": 254, "end": 258, "rule_id": 6}, {"start</rules>
  </verse>
  <verse>
    <verseIdArabic>١٦</verseIdArabic>
    <verseId>16</verseId>
    <chapterId>47</chapterId>
    <textIndopak>وَمِنۡهُم مَّن يَسۡتَمِعُ إِلَيۡكَ حَتَّىٰٓ إِذَا خَرَجُواْ مِنۡ عِندِكَ قَالُواْ لِلَّذِينَ أُوتُواْ ٱلۡعِلۡمَ مَاذَا قَالَ ءَانِفًاۚ أُوْلَٰٓئِكَ ٱلَّذِينَ طَبَعَ ٱللَّهُ عَلَىٰ قُلُوبِهِمۡ وَٱتَّبَعُوٓاْ أَهۡوَآءَهُمۡ</textIndopak>
    <translations>
      <translation>
        <author>Dr. Mustafa Khattab, the Clear Quran</author>
        <text>There are some of them who listen to you ˹O Prophet˺, but when they depart from you, they say ˹mockingly˺ to those ˹believers˺ gifted with knowledge, “What did he just say?” These are the ones whose hearts Allah has sealed and who ˹only˺ follow their desires.</text>
      </translation>
    </translations>
    <rules>[{"start": 10, "end": 13, "rule_id": 0}, {"start": 13, "end": 17, "rule_id": 3}, {"start": 8, "end": 13, "rule_id": 4}, {"start": 67, "end": 70, "rule_id": 6}]</rules>
  </verse>
  <verse>
    <verseIdArabic>١٧</verseIdArabic>
    <verseId>17</verseId>
    <chapterId>47</chapterId>
    <textIndopak>وَٱلَّذِينَ ٱهۡتَدَوۡاْ زَادَهُمۡ هُدٗى وَءَاتَىٰهُمۡ تَقۡوَىٰهُمۡ</textIndopak>
    <translations>
      <translation>
        <author>Dr. Mustafa Khattab, the Clear Quran</author>
        <text>As for those who are ˹rightly˺ guided, He increases them in guidance and blesses them with righteousness.</text>
      </translation>
    </translations>
    <rules>[{"start": 56, "end": 58, "rule_id": 1}]</rules>
  </verse>
  <verse>
    <verseIdArabic>١٨</verseIdArabic>
    <verseId>18</verseId>
    <chapterId>47</chapterId>
    <textIndopak>فَهَلۡ يَنظُرُونَ إِلَّا ٱلسَّاعَةَ أَن تَأۡتِيَهُم بَغۡتَةٗۖ فَقَدۡ جَآءَ أَشۡرَاطُهَاۚ فَأَنَّىٰ لَهُمۡ إِذَا جَآءَتۡهُمۡ ذِكۡرَىٰهُمۡ</textIndopak>
    <translations>
      <translation>
        <author>Dr. Mustafa Khattab, the Clear Quran</author>
        <text>Are they only waiting for the Hour to take them by surprise? Yet ˹some of˺ its signs have already come. Once it actually befalls them, will it not be too late to be mindful?</text>
      </translation>
    </translations>
    <rules>[{"start": 96, "end": 99, "rule_id": 0}, {"start": 67, "end": 69, "rule_id": 1}, {"start": 9, "end": 12, "rule_id": 6}, {"start": 38, "end": 42, "rule_id": 6}, {"start": 50, "end": 54, "rule_id": 7}]</rules>
  </verse>
  <verse>
    <verseIdArabic>١٩</verseIdArabic>
    <verseId>19</verseId>
    <chapterId>47</chapterId>
    <textIndopak>فَٱعۡلَمۡ أَنَّهُۥ لَآ إِلَٰهَ إِلَّا ٱللَّهُ وَٱسۡتَغۡفِرۡ لِذَنۢبِكَ وَلِلۡمُؤۡمِنِينَ وَٱلۡمُؤۡمِنَٰتِۗ وَٱللَّهُ يَعۡلَمُ مُتَقَلَّبَكُمۡ وَمَثۡوَىٰكُمۡ</textIndopak>
    <translations>
      <translation>
        <author>Dr. Mustafa Khattab, the Clear Quran</author>
        <text>So, know ˹well, O Prophet,˺ that there is no god ˹worthy of worship˺ except Allah. And seek forgiveness for your shortcomings and for ˹the sins of˺ the believing men and women. For Allah ˹fully˺ knows your movements and places of rest ˹O people˺.</text>
      </translation>
    </translations>
    <rules>[{"start": 12, "end": 15, "rule_id": 0}, {"start": 65, "end": 69, "rule_id": 2}]</rules>
  </verse>
  <verse>
    <verseIdArabic>٢٠</verseIdArabic>
    <verseId>20</verseId>
    <chapterId>47</chapterId>
    <textIndopak>وَيَقُولُ ٱلَّذِينَ ءَامَنُواْ لَوۡلَا نُزِّلَتۡ سُورَةٞۖ فَإِذَآ أُنزِلَتۡ سُورَةٞ مُّحۡكَمَةٞ وَذُكِرَ فِيهَا ٱلۡقِتَالُ رَأَيۡتَ ٱلَّذِينَ فِي قُلُوبِهِم مَّرَضٞ يَنظُرُونَ إِلَيۡكَ نَظَرَ ٱلۡمَغۡشِيِّ عَلَيۡهِ مِنَ ٱلۡمَوۡتِۖ فَأَوۡلَىٰ لَهُمۡ</textIndopak>
    <translations>
      <translation>
        <author>Dr. Mustafa Khattab, the Clear Quran</author>
        <text>And the believers say, “If only a sûrah was revealed ˹allowing self-defence˺!” Yet when a precise sûrah is revealed, in which fighting is ˹explicitly˺ mentioned, you see those with sickness in their hearts staring at you like someone in the throes of death. It would have been better for them</text>
      </translation>
    </translations>
    <rules>[{"start": 86, "end": 89, "rule_id": 0}, {"start": 161, "end": 164, "rule_id": 0}, {"start": 83, "end": 89, "rule_id": 3}, {"start": 95, "end": 100, "rule_id": 3}, {"start": 166, "end": 171, "rule_id": 3}, {"start": 159, "end": 164, "rule_id": 4}, {"start": 70, "end": 73, "rule_id": 6}, {"start": 171, "end": 174, "rule_id": 6}]</rules>
  </verse>
  <verse>
    <verseIdArabic>٢١</verseIdArabic>
    <verseId>21</verseId>
    <chapterId>47</chapterId>
    <textIndopak>طَاعَةٞ وَقَوۡلٞ مَّعۡرُوفٞۚ فَإِذَا عَزَمَ ٱلۡأَمۡرُ فَلَوۡ صَدَقُواْ ٱللَّهَ لَكَانَ خَيۡرٗا لَّهُمۡ</textIndopak>
    <translations>
      <translation>
        <author>Dr. Mustafa Khattab, the Clear Quran</author>
        <text>to obey and speak rightly. Then when fighting was ordained, it surely would have been better for them if they were true to Allah.</text>
      </translation>
    </translations>
    <rules>[{"start": 17, "end": 20, "rule_id": 0}, {"start": 5, "end": 10, "rule_id": 3}, {"start": 14, "end": 20, "rule_id": 3}, {"start": 92, "end": 99, "rule_id": 5}]</rules>
  </verse>
  <verse>
    <verseIdArabic>٢٢</verseIdArabic>
    <verseId>22</verseId>
    <chapterId>47</chapterId>
    <textIndopak>فَهَلۡ عَسَيۡتُمۡ إِن تَوَلَّيۡتُمۡ أَن تُفۡسِدُواْ فِي ٱلۡأَرۡضِ وَتُقَطِّعُوٓاْ أَرۡحَامَكُمۡ</textIndopak>
    <translations>
      <translation>
        <author>Dr. Mustafa Khattab, the Clear Quran</author>
        <text>Now if you ˹hypocrites˺ turn away, perhaps you would then spread corruption throughout the land and sever your ˹ties of˺ kinship!</text>
      </translation>
    </translations>
    <rules>[{"start": 20, "end": 24, "rule_id": 6}, {"start": 38, "end": 42, "rule_id": 6}]</rules>
  </verse>
  <verse>
    <verseIdArabic>٢٣</verseIdArabic>
    <verseId>23</verseId>
    <chapterId>47</chapterId>
    <textIndopak>أُوْلَٰٓئِكَ ٱلَّذِينَ لَعَنَهُمُ ٱللَّهُ فَأَصَمَّهُمۡ وَأَعۡمَىٰٓ أَبۡصَٰرَهُمۡ</textIndopak>
    <translations>
      <translation>
        <author>Dr. Mustafa Khattab, the Clear Quran</author>
        <text>These are the ones who Allah has condemned, deafening them and blinding their eyes.</text>
      </translation>
    </translations>
    <rules>[{"start": 48, "end": 51, "rule_id": 0}, {"start": 70, "end": 72, "rule_id": 1}]</rules>
  </verse>
  <verse>
    <verseIdArabic>٢٤</verseIdArabic>
    <verseId>24</verseId>
    <chapterId>47</chapterId>
    <textIndopak>أَفَلَا يَتَدَبَّرُونَ ٱلۡقُرۡءَانَ أَمۡ عَلَىٰ قُلُوبٍ أَقۡفَالُهَآ</textIndopak>
    <translations>
      <translation>
        <author>Dr. Mustafa Khattab, the Clear Quran</author>
        <text>Do they not then reflect on the Quran? Or are there locks upon their hearts?</text>
      </translation>
    </translations>
    <rules>[{"start": 58, "end": 60, "rule_id": 1}]</rules>
  </verse>
  <verse>
    <verseIdArabic>٢٥</verseIdArabic>
    <verseId>25</verseId>
    <chapterId>47</chapterId>
    <textIndopak>إِنَّ ٱلَّذِينَ ٱرۡتَدُّواْ عَلَىٰٓ أَدۡبَٰرِهِم مِّنۢ بَعۡدِ مَا تَبَيَّنَ لَهُمُ ٱلۡهُدَى ٱلشَّيۡطَٰنُ سَوَّلَ لَهُمۡ وَأَمۡلَىٰ لَهُمۡ</textIndopak>
    <translations>
      <translation>
        <author>Dr. Mustafa Khattab, the Clear Quran</author>
        <text>Indeed, those who relapse ˹into disbelief˺ after ˹true˺ guidance has become clear to them, ˹it is˺ Satan ˹that˺ has tempted them, luring them with false hopes.</text>
      </translation>
    </translations>
    <rules>[{"start": 2, "end": 5, "rule_id": 0}, {"start": 49, "end": 52, "rule_id": 0}, {"start": 38, "end": 40, "rule_id": 1}, {"start": 52, "end": 57, "rule_id": 2}, {"start": 47, "end": 52, "rule_id": 4}]</rules>
  </verse>
  <verse>
    <verseIdArabic>٢٦</verseIdArabic>
    <verseId>26</verseId>
    <chapterId>47</chapterId>
    <textIndopak>ذَٰلِكَ بِأَنَّهُمۡ قَالُواْ لِلَّذِينَ كَرِهُواْ مَا نَزَّلَ ٱللَّهُ سَنُطِيعُكُمۡ فِي بَعۡضِ ٱلۡأَمۡرِۖ وَٱللَّهُ يَعۡلَمُ إِسۡرَارَهُمۡ</textIndopak>
    <translations>
      <translation>
        <author>Dr. Mustafa Khattab, the Clear Quran</author>
        <text>That is because they said ˹privately˺ to those who ˹also˺ detest what Allah has revealed, “We will obey you in some matters.” But Allah ˹fully˺ knows what they are hiding.</text>
      </translation>
    </translations>
    <rules>[{"start": 12, "end": 15, "rule_id": 0}]</rules>
  </verse>
  <verse>
    <verseIdArabic>٢٧</verseIdArabic>
    <verseId>27</verseId>
    <chapterId>47</chapterId>
    <textIndopak>فَكَيۡفَ إِذَا تَوَفَّتۡهُمُ ٱلۡمَلَٰٓئِكَةُ يَضۡرِبُونَ وُجُوهَهُمۡ وَأَدۡبَٰرَهُمۡ</textIndopak>
    <translations>
      <translation>
        <author>Dr. Mustafa Khattab, the Clear Quran</author>
        <text>Then how ˹horrible˺ will it be when the angels take their souls, beating their faces and backs!</text>
      </translation>
    </translations>
    <rules>[{"start": 73, "end": 75, "rule_id": 1}]</rules>
  </verse>
  <verse>
    <verseIdArabic>٢٨</verseIdArabic>
    <verseId>28</verseId>
    <chapterId>47</chapterId>
    <textIndopak>ذَٰلِكَ بِأَنَّهُمُ ٱتَّبَعُواْ مَآ أَسۡخَطَ ٱللَّهَ وَكَرِهُواْ رِضۡوَٰنَهُۥ فَأَحۡبَطَ أَعۡمَٰلَهُمۡ</textIndopak>
    <translations>
      <translation>
        <author>Dr. Mustafa Khattab, the Clear Quran</author>
        <text>This is because they follow whatever displeases Allah and hate whatever pleases Him, so He has rendered their deeds void.</text>
      </translation>
    </translations>
    <rules>[{"start": 12, "end": 15, "rule_id": 0}]</rules>
  </verse>
  <verse>
    <verseIdArabic>٢٩</verseIdArabic>
    <verseId>29</verseId>
    <chapterId>47</chapterId>
    <textIndopak>أَمۡ حَسِبَ ٱلَّذِينَ فِي قُلُوبِهِم مَّرَضٌ أَن لَّن يُخۡرِجَ ٱللَّهُ أَضۡغَٰنَهُمۡ</textIndopak>
    <translations>
      <translation>
        <author>Dr. Mustafa Khattab, the Clear Quran</author>
        <text>Or do those with sickness in their hearts think that Allah will not ˹be able to˺ expose their malice?</text>
      </translation>
    </translations>
    <rules>[{"start": 37, "end": 40, "rule_id": 0}, {"start": 52, "end": 56, "rule_id": 3}, {"start": 35, "end": 40, "rule_id": 4}, {"start": 47, "end": 52, "rule_id": 5}]</rules>
  </verse>
  <verse>
    <verseIdArabic>٣٠</verseIdArabic>
    <verseId>30</verseId>
    <chapterId>47</chapterId>
    <textIndopak>وَلَوۡ نَشَآءُ لَأَرَيۡنَٰكَهُمۡ فَلَعَرَفۡتَهُم بِسِيمَٰهُمۡۚ وَلَتَعۡرِفَنَّهُمۡ فِي لَحۡنِ ٱلۡقَوۡلِۚ وَٱللَّهُ يَعۡلَمُ أَعۡمَٰلَكُمۡ</textIndopak>
    <translations>
      <translation>
        <author>Dr. Mustafa Khattab, the Clear Quran</author>
        <text>Had We willed, We could have truly shown them to you ˹O Prophet˺, and you would have certainly recognized them by their appearance. But you will surely recognize them by their tone of speech. And Allah ˹fully˺ knows your doings ˹O people˺.</text>
      </translation>
    </translations>
    <rules>[{"start": 77, "end": 80, "rule_id": 0}, {"start": 48, "end": 52, "rule_id": 7}]</rules>
  </verse>
  <verse>
    <verseIdArabic>٣١</verseIdArabic>
    <verseId>31</verseId>
    <chapterId>47</chapterId>
    <textIndopak>وَلَنَبۡلُوَنَّكُمۡ حَتَّىٰ نَعۡلَمَ ٱلۡمُجَٰهِدِينَ مِنكُمۡ وَٱلصَّٰبِرِينَ وَنَبۡلُوَاْ أَخۡبَارَكُمۡ</textIndopak>
    <translations>
      <translation>
        <author>Dr. Mustafa Khattab, the Clear Quran</author>
        <text>We will certainly test you ˹believers˺ until We prove those of you who ˹truly˺ struggle ˹in Allah’s cause˺ and remain steadfast, and reveal how you conduct yourselves.</text>
      </translation>
    </translations>
    <rules>[{"start": 12, "end": 15, "rule_id": 0}, {"start": 6, "end": 8, "rule_id": 1}, {"start": 81, "end": 83, "rule_id": 1}, {"start": 55, "end": 58, "rule_id": 6}]</rules>
  </verse>
  <verse>
    <verseIdArabic>٣٢</verseIdArabic>
    <verseId>32</verseId>
    <chapterId>47</chapterId>
    <textIndopak>إِنَّ ٱلَّذِينَ كَفَرُواْ وَصَدُّواْ عَن سَبِيلِ ٱللَّهِ وَشَآقُّواْ ٱلرَّسُولَ مِنۢ بَعۡدِ مَا تَبَيَّنَ لَهُمُ ٱلۡهُدَىٰ لَن يَضُرُّواْ ٱللَّهَ شَيۡـٔٗا وَسَيُحۡبِطُ أَعۡمَٰلَهُمۡ</textIndopak>
    <translations>
      <translation>
        <author>Dr. Mustafa Khattab, the Clear Quran</author>
        <text>Indeed, those who disbelieve, hinder ˹others˺ from the Way of Allah, and defy the Messenger after ˹true˺ guidance has become clear to them; they will not harm Allah in the least, but He will render their deeds void.</text>
      </translation>
    </translations>
    <rules>[{"start": 2, "end": 5, "rule_id": 0}, {"start": 83, "end": 88, "rule_id": 2}, {"start": 126, "end": 130, "rule_id": 3}, {"start": 152, "end": 158, "rule_id": 3}, {"start": 39, "end": 43, "rule_id": 6}]</rules>
  </verse>
  <verse>
    <verseIdArabic>٣٣</verseIdArabic>
    <verseId>33</verseId>
    <chapterId>47</chapterId>
    <textIndopak>۞ يَٰٓأَيُّهَا ٱلَّذِينَ ءَامَنُوٓاْ أَطِيعُواْ ٱللَّهَ وَأَطِيعُواْ ٱلرَّسُولَ وَلَا تُبۡطِلُوٓاْ أَعۡمَٰلَكُمۡ</textIndopak>
    <translations>
      <translation>
        <author>Dr. Mustafa Khattab, the Clear Quran</author>
        <text>O believers! Obey Allah and obey the Messenger, and do not let your deeds be in vain.</text>
      </translation>
    </translations>
    <rules>[{"start": 88, "end": 90, "rule_id": 1}]</rules>
  </verse>
  <verse>
    <verseIdArabic>٣٤</verseIdArabic>
    <verseId>34</verseId>
    <chapterId>47</chapterId>
    <textIndopak>إِنَّ ٱلَّذِينَ كَفَرُواْ وَصَدُّواْ عَن سَبِيلِ ٱللَّهِ ثُمَّ مَاتُواْ وَهُمۡ كُفَّارٞ فَلَن يَغۡفِرَ ٱللَّهُ لَهُمۡ</textIndopak>
    <translations>
      <translation>
        <author>Dr. Mustafa Khattab, the Clear Quran</author>
        <text>Surely those who disbelieve, hinder ˹others˺ from the Way of Allah, and then die as disbelievers; Allah will never forgive them.</text>
      </translation>
    </translations>
    <rules>[{"start": 2, "end": 5, "rule_id": 0}, {"start": 59, "end": 62, "rule_id": 0}, {"start": 92, "end": 96, "rule_id": 3}, {"start": 39, "end": 43, "rule_id": 6}, {"start": 85, "end": 90, "rule_id": 6}]</rules>
  </verse>
  <verse>
    <verseIdArabic>٣٥</verseIdArabic>
    <verseId>35</verseId>
    <chapterId>47</chapterId>
    <textIndopak>فَلَا تَهِنُواْ وَتَدۡعُوٓاْ إِلَى ٱلسَّلۡمِ وَأَنتُمُ ٱلۡأَعۡلَوۡنَ وَٱللَّهُ مَعَكُمۡ وَلَن يَتِرَكُمۡ أَعۡمَٰلَكُمۡ</textIndopak>
    <translations>
      <translation>
        <author>Dr. Mustafa Khattab, the Clear Quran</author>
        <text>So do not falter or cry for peace, for you will have the upper hand and Allah is with you. And He will never let your deeds go to waste.</text>
      </translation>
    </translations>
    <rules>[{"start": 20, "end": 22, "rule_id": 1}, {"start": 92, "end": 96, "rule_id": 3}, {"start": 49, "end": 52, "rule_id": 6}]</rules>
  </verse>
  <verse>
    <verseIdArabic>٣٦</verseIdArabic>
    <verseId>36</verseId>
    <chapterId>47</chapterId>
    <textIndopak>إِنَّمَا ٱلۡحَيَوٰةُ ٱلدُّنۡيَا لَعِبٞ وَلَهۡوٞۚ وَإِن تُؤۡمِنُواْ وَتَتَّقُواْ يُؤۡتِكُمۡ أُجُورَكُمۡ وَلَا يَسۡـَٔلۡكُمۡ أَمۡوَٰلَكُمۡ</textIndopak>
    <translations>
      <translation>
        <author>Dr. Mustafa Khattab, the Clear Quran</author>
        <text>This worldly life is no more than play and amusement. But if you are faithful and mindful ˹of Allah˺, He will grant you your ˹full˺ reward, and will not ask you ˹to donate all˺ your wealth.</text>
      </translation>
    </translations>
    <rules>[{"start": 2, "end": 5, "rule_id": 0}, {"start": 36, "end": 41, "rule_id": 3}, {"start": 54, "end": 58, "rule_id": 6}]</rules>
  </verse>
  <verse>
    <verseIdArabic>٣٧</verseIdArabic>
    <verseId>37</verseId>
    <chapterId>47</chapterId>
    <textIndopak>إِن يَسۡـَٔلۡكُمُوهَا فَيُحۡفِكُمۡ تَبۡخَلُواْ وَيُخۡرِجۡ أَضۡغَٰنَكُمۡ</textIndopak>
    <translations>
      <translation>
        <author>Dr. Mustafa Khattab, the Clear Quran</author>
        <text>If He were to do so and pressure you, you would withhold and He would bring out your resentment.</text>
      </translation>
    </translations>
    <rules>[{"start": 37, "end": 39, "rule_id": 1}, {"start": 55, "end": 57, "rule_id": 1}, {"start": 2, "end": 6, "rule_id": 3}]</rules>
  </verse>
  <verse>
    <verseIdArabic>٣٨</verseIdArabic>
    <verseId>38</verseId>
    <chapterId>47</chapterId>
    <textIndopak>هَٰٓأَنتُمۡ هَٰٓؤُلَآءِ تُدۡعَوۡنَ لِتُنفِقُواْ فِي سَبِيلِ ٱللَّهِ فَمِنكُم مَّن يَبۡخَلُۖ وَمَن يَبۡخَلۡ فَإِنَّمَا يَبۡخَلُ عَن نَّفۡسِهِۦۚ وَٱللَّهُ ٱلۡغَنِيُّ وَأَنتُمُ ٱلۡفُقَرَآءُۚ وَإِن تَتَوَلَّوۡاْ يَسۡتَبۡدِلۡ قَوۡمًا غَيۡرَكُمۡ ثُمَّ لَا يَكُونُوٓاْ أَمۡثَٰلَكُم</textIndopak>
    <translations>
      <translation>
        <author>Dr. Mustafa Khattab, the Clear Quran</author>
        <text>Here you are, being invited to donate ˹a little˺ in the cause of Allah. Still some of you withhold. And whoever does so, it is only to their own loss. For Allah is the Self-Sufficient, whereas you stand in need ˹of Him˺. If you ˹still˺ turn away, He will replace you with another people. And they will not be like you.</text>
      </translation>
    </translations>
    <rules>[{"start": 78, "end": 81, "rule_id": 0}, {"start": 113, "end": 116, "rule_id": 0}, {"start": 133, "end": 136, "rule_id": 0}, {"start": 247, "end": 250, "rule_id": 0}, {"start": 27, "end": 29, "rule_id": 1}, {"start": 85, "end": 87, "rule_id": 1}, {"start": 102, "end": 104, "rule_id": 1}, {"start": 122, "end": 124, "rule_id": 1}, {"start": 219, "end": 221, "rule_id": 1}, {"start": 81, "end": 85, "rule_id": 3}, {"start": 98, "end": 102, "rule_id": 3}, {"start": 131, "end": 136, "rule_id": 3}, {"start": 76, "end": 81, "rule_id": 4}, {"start": 6, "end": 9, "rule_id": 6}, {"start": 40, "end": 43, "rule_id": 6}, {"start": 73, "end": 76, "rule_id": 6}, {"start": 171, "end": 174, "rule_id": 6}, {"start": 197, "end": 201, "rule_id": 6}]</rules>
  </verse>
</verses>
