<?xml version="1.0" encoding="UTF-8"?>

<verses>
  <verse>
    <verseIdArabic>١</verseIdArabic>
    <verseId>1</verseId>
    <chapterId>48</chapterId>
    <textIndopak>إِنَّا فَتَحۡنَا لَكَ فَتۡحٗا مُّبِينٗا</textIndopak>
    <translations>
      <translation>
        <author>Dr. Mustafa Khattab, the Clear Quran</author>
        <text>Indeed, We have granted you a clear triumph ˹O Prophet˺</text>
      </translation>
    </translations>
    <rules>[{"start": 2, "end": 5, "rule_id": 0}, {"start": 30, "end": 33, "rule_id": 0}, {"start": 26, "end": 33, "rule_id": 3}]</rules>
  </verse>
  <verse>
    <verseIdArabic>٢</verseIdArabic>
    <verseId>2</verseId>
    <chapterId>48</chapterId>
    <textIndopak>لِّيَغۡفِرَ لَكَ ٱللَّهُ مَا تَقَدَّمَ مِن ذَنۢبِكَ وَمَا تَأَخَّرَ وَيُتِمَّ نِعۡمَتَهُۥ عَلَيۡكَ وَيَهۡدِيَكَ صِرَٰطٗا مُّسۡتَقِيمٗا</textIndopak>
    <translations>
      <translation>
        <author>Dr. Mustafa Khattab, the Clear Quran</author>
        <text>so that Allah may forgive you for your past and future shortcomings, perfect His favour upon you, guide you along the Straight Path,</text>
      </translation>
    </translations>
    <rules>[{"start": 74, "end": 77, "rule_id": 0}, {"start": 121, "end": 124, "rule_id": 0}, {"start": 45, "end": 49, "rule_id": 2}, {"start": 117, "end": 124, "rule_id": 3}, {"start": 41, "end": 45, "rule_id": 6}]</rules>
  </verse>
  <verse>
    <verseIdArabic>٣</verseIdArabic>
    <verseId>3</verseId>
    <chapterId>48</chapterId>
    <textIndopak>وَيَنصُرَكَ ٱللَّهُ نَصۡرًا عَزِيزًا</textIndopak>
    <translations>
      <translation>
        <author>Dr. Mustafa Khattab, the Clear Quran</author>
        <text>and so that Allah will help you tremendously.</text>
      </translation>
    </translations>
    <rules>[{"start": 4, "end": 7, "rule_id": 6}]</rules>
  </verse>
  <verse>
    <verseIdArabic>٤</verseIdArabic>
    <verseId>4</verseId>
    <chapterId>48</chapterId>
    <textIndopak>هُوَ ٱلَّذِيٓ أَنزَلَ ٱلسَّكِينَةَ فِي قُلُوبِ ٱلۡمُؤۡمِنِينَ لِيَزۡدَادُوٓاْ إِيمَٰنٗا مَّعَ إِيمَٰنِهِمۡۗ وَلِلَّهِ جُنُودُ ٱلسَّمَٰوَٰتِ وَٱلۡأَرۡضِۚ وَكَانَ ٱللَّهُ عَلِيمًا حَكِيمٗا</textIndopak>
    <translations>
      <translation>
        <author>Dr. Mustafa Khattab, the Clear Quran</author>
        <text>He is the One Who sent down serenity upon the hearts of the believers so that they may increase even more in their faith. To Allah ˹alone˺ belong the forces of the heavens and the earth. And Allah is All-Knowing, All-Wise.</text>
      </translation>
    </translations>
    <rules>[{"start": 88, "end": 91, "rule_id": 0}, {"start": 84, "end": 91, "rule_id": 3}, {"start": 16, "end": 19, "rule_id": 6}]</rules>
  </verse>
  <verse>
    <verseIdArabic>٥</verseIdArabic>
    <verseId>5</verseId>
    <chapterId>48</chapterId>
    <textIndopak>لِّيُدۡخِلَ ٱلۡمُؤۡمِنِينَ وَٱلۡمُؤۡمِنَٰتِ جَنَّٰتٖ تَجۡرِي مِن تَحۡتِهَا ٱلۡأَنۡهَٰرُ خَٰلِدِينَ فِيهَا وَيُكَفِّرَ عَنۡهُمۡ سَيِّـَٔاتِهِمۡۚ وَكَانَ ذَٰلِكَ عِندَ ٱللَّهِ فَوۡزًا عَظِيمٗا</textIndopak>
    <translations>
      <translation>
        <author>Dr. Mustafa Khattab, the Clear Quran</author>
        <text>So He may admit believing men and women into Gardens under which rivers flow—to stay there forever—and absolve them of their sins. And that is a supreme achievement in the sight of Allah.</text>
      </translation>
    </translations>
    <rules>[{"start": 46, "end": 50, "rule_id": 0}, {"start": 5, "end": 7, "rule_id": 1}, {"start": 55, "end": 57, "rule_id": 1}, {"start": 63, "end": 67, "rule_id": 6}, {"start": 163, "end": 166, "rule_id": 6}, {"start": 50, "end": 55, "rule_id": 6}]</rules>
  </verse>
  <verse>
    <verseIdArabic>٦</verseIdArabic>
    <verseId>6</verseId>
    <chapterId>48</chapterId>
    <textIndopak>وَيُعَذِّبَ ٱلۡمُنَٰفِقِينَ وَٱلۡمُنَٰفِقَٰتِ وَٱلۡمُشۡرِكِينَ وَٱلۡمُشۡرِكَٰتِ ٱلظَّآنِّينَ بِٱللَّهِ ظَنَّ ٱلسَّوۡءِۚ عَلَيۡهِمۡ دَآئِرَةُ ٱلسَّوۡءِۖ وَغَضِبَ ٱللَّهُ عَلَيۡهِمۡ وَلَعَنَهُمۡ وَأَعَدَّ لَهُمۡ جَهَنَّمَۖ وَسَآءَتۡ مَصِيرٗا</textIndopak>
    <translations>
      <translation>
        <author>Dr. Mustafa Khattab, the Clear Quran</author>
        <text>Also ˹so that˺ He may punish hypocrite men and women and polytheistic men and women, who harbour evil thoughts of Allah. May ill-fate befall them! Allah is displeased with them. He has condemned them and prepared for them Hell. What an evil destination!</text>
      </translation>
    </translations>
    <rules>[{"start": 87, "end": 90, "rule_id": 0}, {"start": 106, "end": 109, "rule_id": 0}, {"start": 218, "end": 221, "rule_id": 0}]</rules>
  </verse>
  <verse>
    <verseIdArabic>٧</verseIdArabic>
    <verseId>7</verseId>
    <chapterId>48</chapterId>
    <textIndopak>وَلِلَّهِ جُنُودُ ٱلسَّمَٰوَٰتِ وَٱلۡأَرۡضِۚ وَكَانَ ٱللَّهُ عَزِيزًا حَكِيمًا</textIndopak>
    <translations>
      <translation>
        <author>Dr. Mustafa Khattab, the Clear Quran</author>
        <text>To Allah ˹alone˺ belong the forces of the heavens and the earth. And Allah is Almighty, All-Wise.</text>
      </translation>
    </translations>
  </verse>
  <verse>
    <verseIdArabic>٨</verseIdArabic>
    <verseId>8</verseId>
    <chapterId>48</chapterId>
    <textIndopak>إِنَّآ أَرۡسَلۡنَٰكَ شَٰهِدٗا وَمُبَشِّرٗا وَنَذِيرٗا</textIndopak>
    <translations>
      <translation>
        <author>Dr. Mustafa Khattab, the Clear Quran</author>
        <text>Indeed, ˹O Prophet,˺ We have sent you as a witness, a deliverer of good news, and a warner,</text>
      </translation>
    </translations>
    <rules>[{"start": 2, "end": 5, "rule_id": 0}, {"start": 27, "end": 33, "rule_id": 3}, {"start": 40, "end": 46, "rule_id": 3}]</rules>
  </verse>
  <verse>
    <verseIdArabic>٩</verseIdArabic>
    <verseId>9</verseId>
    <chapterId>48</chapterId>
    <textIndopak>لِّتُؤۡمِنُواْ بِٱللَّهِ وَرَسُولِهِۦ وَتُعَزِّرُوهُ وَتُوَقِّرُوهُۚ وَتُسَبِّحُوهُ بُكۡرَةٗ وَأَصِيلًا</textIndopak>
    <translations>
      <translation>
        <author>Dr. Mustafa Khattab, the Clear Quran</author>
        <text>so that you ˹believers˺ may have faith in Allah and His Messenger, support and honour him, and glorify Allah morning and evening.</text>
      </translation>
    </translations>
    <rules>[{"start": 89, "end": 94, "rule_id": 3}]</rules>
  </verse>
  <verse>
    <verseIdArabic>١٠</verseIdArabic>
    <verseId>10</verseId>
    <chapterId>48</chapterId>
    <textIndopak>إِنَّ ٱلَّذِينَ يُبَايِعُونَكَ إِنَّمَا يُبَايِعُونَ ٱللَّهَ يَدُ ٱللَّهِ فَوۡقَ أَيۡدِيهِمۡۚ فَمَن نَّكَثَ فَإِنَّمَا يَنكُثُ عَلَىٰ نَفۡسِهِۦۖ وَمَنۡ أَوۡفَىٰ بِمَا عَٰهَدَ عَلَيۡهُ ٱللَّهَ فَسَيُؤۡتِيهِ أَجۡرًا عَظِيمٗا</textIndopak>
    <translations>
      <translation>
        <author>Dr. Mustafa Khattab, the Clear Quran</author>
        <text>Surely those who pledge allegiance to you ˹O Prophet˺ are actually pledging allegiance to Allah. Allah’s Hand is over theirs. Whoever breaks their pledge, it will only be to their own loss. And whoever fulfils their pledge to Allah, He will grant them a great reward.</text>
      </translation>
    </translations>
    <rules>[{"start": 2, "end": 5, "rule_id": 0}, {"start": 33, "end": 36, "rule_id": 0}, {"start": 101, "end": 104, "rule_id": 0}, {"start": 113, "end": 116, "rule_id": 0}, {"start": 210, "end": 212, "rule_id": 1}, {"start": 99, "end": 104, "rule_id": 3}, {"start": 122, "end": 125, "rule_id": 6}]</rules>
  </verse>
  <verse>
    <verseIdArabic>١١</verseIdArabic>
    <verseId>11</verseId>
    <chapterId>48</chapterId>
    <textIndopak>سَيَقُولُ لَكَ ٱلۡمُخَلَّفُونَ مِنَ ٱلۡأَعۡرَابِ شَغَلَتۡنَآ أَمۡوَٰلُنَا وَأَهۡلُونَا فَٱسۡتَغۡفِرۡ لَنَاۚ يَقُولُونَ بِأَلۡسِنَتِهِم مَّا لَيۡسَ فِي قُلُوبِهِمۡۚ قُلۡ فَمَن يَمۡلِكُ لَكُم مِّنَ ٱللَّهِ شَيۡـًٔا إِنۡ أَرَادَ بِكُمۡ ضَرًّا أَوۡ أَرَادَ بِكُمۡ نَفۡعَۢاۚ بَلۡ كَانَ ٱللَّهُ بِمَا تَعۡمَلُونَ خَبِيرَۢا</textIndopak>
    <translations>
      <translation>
        <author>Dr. Mustafa Khattab, the Clear Quran</author>
        <text>The nomadic Arabs, who stayed behind, will say to you ˹O Prophet˺, “We were preoccupied with our wealth and families, so ask for forgiveness for us.” They say with their tongues what is not in their hearts. Say, “Who then can stand between you and Allah in any way, if He intends harm or benefit for you? In fact, Allah is All-Aware of what you do.</text>
      </translation>
    </translations>
    <rules>[{"start": 137, "end": 140, "rule_id": 0}, {"start": 193, "end": 196, "rule_id": 0}, {"start": 176, "end": 180, "rule_id": 3}, {"start": 135, "end": 140, "rule_id": 4}, {"start": 191, "end": 196, "rule_id": 4}]</rules>
  </verse>
  <verse>
    <verseIdArabic>١٢</verseIdArabic>
    <verseId>12</verseId>
    <chapterId>48</chapterId>
    <textIndopak>بَلۡ ظَنَنتُمۡ أَن لَّن يَنقَلِبَ ٱلرَّسُولُ وَٱلۡمُؤۡمِنُونَ إِلَىٰٓ أَهۡلِيهِمۡ أَبَدٗا وَزُيِّنَ ذَٰلِكَ فِي قُلُوبِكُمۡ وَظَنَنتُمۡ ظَنَّ ٱلسَّوۡءِ وَكُنتُمۡ قَوۡمَۢا بُورٗا</textIndopak>
    <translations>
      <translation>
        <author>Dr. Mustafa Khattab, the Clear Quran</author>
        <text>The truth is: you thought that the Messenger and the believers would never return to their families again. And that was made appealing in your hearts. You harboured evil thoughts ˹about Allah˺, and ˹so˺ became a doomed people.”</text>
      </translation>
    </translations>
    <rules>[{"start": 138, "end": 141, "rule_id": 0}, {"start": 22, "end": 26, "rule_id": 3}, {"start": 86, "end": 92, "rule_id": 3}, {"start": 17, "end": 22, "rule_id": 5}, {"start": 9, "end": 12, "rule_id": 6}, {"start": 26, "end": 29, "rule_id": 6}, {"start": 130, "end": 133, "rule_id": 6}, {"start": 156, "end": 159, "rule_id": 6}]</rules>
  </verse>
  <verse>
    <verseIdArabic>١٣</verseIdArabic>
    <verseId>13</verseId>
    <chapterId>48</chapterId>
    <textIndopak>وَمَن لَّمۡ يُؤۡمِنۢ بِٱللَّهِ وَرَسُولِهِۦ فَإِنَّآ أَعۡتَدۡنَا لِلۡكَٰفِرِينَ سَعِيرٗا</textIndopak>
    <translations>
      <translation>
        <author>Dr. Mustafa Khattab, the Clear Quran</author>
        <text>And whoever does not believe in Allah and His Messenger, then We surely have prepared for the disbelievers a blazing Fire.</text>
      </translation>
    </translations>
    <rules>[{"start": 48, "end": 51, "rule_id": 0}, {"start": 60, "end": 62, "rule_id": 1}, {"start": 18, "end": 23, "rule_id": 2}, {"start": 4, "end": 9, "rule_id": 5}]</rules>
  </verse>
  <verse>
    <verseIdArabic>١٤</verseIdArabic>
    <verseId>14</verseId>
    <chapterId>48</chapterId>
    <textIndopak>وَلِلَّهِ مُلۡكُ ٱلسَّمَٰوَٰتِ وَٱلۡأَرۡضِۚ يَغۡفِرُ لِمَن يَشَآءُ وَيُعَذِّبُ مَن يَشَآءُۚ وَكَانَ ٱللَّهُ غَفُورٗا رَّحِيمٗا</textIndopak>
    <translations>
      <translation>
        <author>Dr. Mustafa Khattab, the Clear Quran</author>
        <text>To Allah ˹alone˺ belongs the kingdom of the heavens and the earth. He forgives whoever He wills, and punishes whoever He wills. And Allah is All-Forgiving, Most Merciful.</text>
      </translation>
    </translations>
    <rules>[{"start": 58, "end": 62, "rule_id": 3}, {"start": 83, "end": 87, "rule_id": 3}, {"start": 117, "end": 124, "rule_id": 5}]</rules>
  </verse>
  <verse>
    <verseIdArabic>١٥</verseIdArabic>
    <verseId>15</verseId>
    <chapterId>48</chapterId>
    <textIndopak>سَيَقُولُ ٱلۡمُخَلَّفُونَ إِذَا ٱنطَلَقۡتُمۡ إِلَىٰ مَغَانِمَ لِتَأۡخُذُوهَا ذَرُونَا نَتَّبِعۡكُمۡۖ يُرِيدُونَ أَن يُبَدِّلُواْ كَلَٰمَ ٱللَّهِۚ قُل لَّن تَتَّبِعُونَا كَذَٰلِكُمۡ قَالَ ٱللَّهُ مِن قَبۡلُۖ فَسَيَقُولُونَ بَلۡ تَحۡسُدُونَنَاۚ بَلۡ كَانُواْ لَا يَفۡقَهُونَ إِلَّا قَلِيلٗا</textIndopak>
    <translations>
      <translation>
        <author>Dr. Mustafa Khattab, the Clear Quran</author>
        <text>Those who stayed behind will say, when you ˹believers˺ set out to take the spoils of war, “Let us accompany you.” They wish to change Allah’s promise. Say, ˹O Prophet,˺ “You will not accompany us. This is what Allah has said before.” They will then say, “In fact, you are driven by jealousy against us!” The truth is: they can hardly comprehend.</text>
      </translation>
    </translations>
    <rules>[{"start": 38, "end": 40, "rule_id": 1}, {"start": 203, "end": 205, "rule_id": 1}, {"start": 115, "end": 119, "rule_id": 3}, {"start": 33, "end": 36, "rule_id": 6}, {"start": 155, "end": 159, "rule_id": 6}, {"start": 199, "end": 203, "rule_id": 6}]</rules>
  </verse>
  <verse>
    <verseIdArabic>١٦</verseIdArabic>
    <verseId>16</verseId>
    <chapterId>48</chapterId>
    <textIndopak>قُل لِّلۡمُخَلَّفِينَ مِنَ ٱلۡأَعۡرَابِ سَتُدۡعَوۡنَ إِلَىٰ قَوۡمٍ أُوْلِي بَأۡسٖ شَدِيدٖ تُقَٰتِلُونَهُمۡ أَوۡ يُسۡلِمُونَۖ فَإِن تُطِيعُواْ يُؤۡتِكُمُ ٱللَّهُ أَجۡرًا حَسَنٗاۖ وَإِن تَتَوَلَّوۡاْ كَمَا تَوَلَّيۡتُم مِّن قَبۡلُ يُعَذِّبۡكُمۡ عَذَابًا أَلِيمٗا</textIndopak>
    <translations>
      <translation>
        <author>Dr. Mustafa Khattab, the Clear Quran</author>
        <text>Say to nomadic Arabs, who stayed behind, “You will be called ˹to fight˺ against a people of great might, who you will fight unless they submit. If you then obey, Allah will grant you a fine reward. But if you turn away as you did before, He will inflict upon you a painful punishment.”</text>
      </translation>
    </translations>
    <rules>[{"start": 219, "end": 222, "rule_id": 0}, {"start": 44, "end": 46, "rule_id": 1}, {"start": 164, "end": 166, "rule_id": 1}, {"start": 226, "end": 228, "rule_id": 1}, {"start": 238, "end": 240, "rule_id": 1}, {"start": 174, "end": 182, "rule_id": 3}, {"start": 217, "end": 222, "rule_id": 4}, {"start": 130, "end": 134, "rule_id": 6}, {"start": 184, "end": 188, "rule_id": 6}, {"start": 222, "end": 226, "rule_id": 6}, {"start": 79, "end": 84, "rule_id": 6}, {"start": 87, "end": 92, "rule_id": 6}]</rules>
  </verse>
  <verse>
    <verseIdArabic>١٧</verseIdArabic>
    <verseId>17</verseId>
    <chapterId>48</chapterId>
    <textIndopak>لَّيۡسَ عَلَى ٱلۡأَعۡمَىٰ حَرَجٞ وَلَا عَلَى ٱلۡأَعۡرَجِ حَرَجٞ وَلَا عَلَى ٱلۡمَرِيضِ حَرَجٞۗ وَمَن يُطِعِ ٱللَّهَ وَرَسُولَهُۥ يُدۡخِلۡهُ جَنَّٰتٖ تَجۡرِي مِن تَحۡتِهَا ٱلۡأَنۡهَٰرُۖ وَمَن يَتَوَلَّ يُعَذِّبۡهُ عَذَابًا أَلِيمٗا</textIndopak>
    <translations>
      <translation>
        <author>Dr. Mustafa Khattab, the Clear Quran</author>
        <text>There is no blame on the blind, or the disabled, or the sick ˹for staying behind˺. And whoever obeys Allah and His Messenger will be admitted by Him into Gardens under which rivers flow. But whoever turns away will be subjected by Him to a painful punishment.</text>
      </translation>
    </translations>
    <rules>[{"start": 143, "end": 147, "rule_id": 0}, {"start": 132, "end": 134, "rule_id": 1}, {"start": 152, "end": 154, "rule_id": 1}, {"start": 210, "end": 212, "rule_id": 1}, {"start": 100, "end": 104, "rule_id": 3}, {"start": 191, "end": 195, "rule_id": 3}, {"start": 30, "end": 35, "rule_id": 3}, {"start": 61, "end": 66, "rule_id": 3}, {"start": 160, "end": 164, "rule_id": 6}, {"start": 147, "end": 152, "rule_id": 6}]</rules>
  </verse>
  <verse>
    <verseIdArabic>١٨</verseIdArabic>
    <verseId>18</verseId>
    <chapterId>48</chapterId>
    <textIndopak>۞ لَّقَدۡ رَضِيَ ٱللَّهُ عَنِ ٱلۡمُؤۡمِنِينَ إِذۡ يُبَايِعُونَكَ تَحۡتَ ٱلشَّجَرَةِ فَعَلِمَ مَا فِي قُلُوبِهِمۡ فَأَنزَلَ ٱلسَّكِينَةَ عَلَيۡهِمۡ وَأَثَٰبَهُمۡ فَتۡحٗا قَرِيبٗا</textIndopak>
    <translations>
      <translation>
        <author>Dr. Mustafa Khattab, the Clear Quran</author>
        <text>Indeed, Allah was pleased with the believers when they pledged allegiance to you ˹O Prophet˺ under the tree. He knew what was in their hearts, so He sent down serenity upon them and rewarded them with a victory at hand,</text>
      </translation>
    </translations>
    <rules>[{"start": 7, "end": 9, "rule_id": 1}, {"start": 117, "end": 120, "rule_id": 6}]</rules>
  </verse>
  <verse>
    <verseIdArabic>١٩</verseIdArabic>
    <verseId>19</verseId>
    <chapterId>48</chapterId>
    <textIndopak>وَمَغَانِمَ كَثِيرَةٗ يَأۡخُذُونَهَاۗ وَكَانَ ٱللَّهُ عَزِيزًا حَكِيمٗا</textIndopak>
    <translations>
      <translation>
        <author>Dr. Mustafa Khattab, the Clear Quran</author>
        <text>and many spoils of war they will gain. For Allah is Almighty, All-Wise.</text>
      </translation>
    </translations>
    <rules>[{"start": 19, "end": 24, "rule_id": 3}]</rules>
  </verse>
  <verse>
    <verseIdArabic>٢٠</verseIdArabic>
    <verseId>20</verseId>
    <chapterId>48</chapterId>
    <textIndopak>وَعَدَكُمُ ٱللَّهُ مَغَانِمَ كَثِيرَةٗ تَأۡخُذُونَهَا فَعَجَّلَ لَكُمۡ هَٰذِهِۦ وَكَفَّ أَيۡدِيَ ٱلنَّاسِ عَنكُمۡ وَلِتَكُونَ ءَايَةٗ لِّلۡمُؤۡمِنِينَ وَيَهۡدِيَكُمۡ صِرَٰطٗا مُّسۡتَقِيمٗا</textIndopak>
    <translations>
      <translation>
        <author>Dr. Mustafa Khattab, the Clear Quran</author>
        <text>Allah has promised you ˹believers˺ abundant spoils, which you will gain, so He hastened this ˹truce˺ for you. And He has held people’s hands back from ˹harming˺ you, so it may be a sign for the believers, and so He may guide you along the Straight Path.</text>
      </translation>
    </translations>
    <rules>[{"start": 99, "end": 102, "rule_id": 0}, {"start": 175, "end": 178, "rule_id": 0}, {"start": 171, "end": 178, "rule_id": 3}, {"start": 131, "end": 137, "rule_id": 5}, {"start": 108, "end": 111, "rule_id": 6}, {"start": 36, "end": 41, "rule_id": 6}]</rules>
  </verse>
  <verse>
    <verseIdArabic>٢١</verseIdArabic>
    <verseId>21</verseId>
    <chapterId>48</chapterId>
    <textIndopak>وَأُخۡرَىٰ لَمۡ تَقۡدِرُواْ عَلَيۡهَا قَدۡ أَحَاطَ ٱللَّهُ بِهَاۚ وَكَانَ ٱللَّهُ عَلَىٰ كُلِّ شَيۡءٖ قَدِيرٗا</textIndopak>
    <translations>
      <translation>
        <author>Dr. Mustafa Khattab, the Clear Quran</author>
        <text>And ˹there are˺ other gains which are beyond your reach that Allah is keeping in store ˹for you˺. For Allah is Most Capable of everything.</text>
      </translation>
    </translations>
    <rules>[{"start": 18, "end": 20, "rule_id": 1}, {"start": 40, "end": 42, "rule_id": 1}, {"start": 100, "end": 105, "rule_id": 6}]</rules>
  </verse>
  <verse>
    <verseIdArabic>٢٢</verseIdArabic>
    <verseId>22</verseId>
    <chapterId>48</chapterId>
    <textIndopak>وَلَوۡ قَٰتَلَكُمُ ٱلَّذِينَ كَفَرُواْ لَوَلَّوُاْ ٱلۡأَدۡبَٰرَ ثُمَّ لَا يَجِدُونَ وَلِيّٗا وَلَا نَصِيرٗا</textIndopak>
    <translations>
      <translation>
        <author>Dr. Mustafa Khattab, the Clear Quran</author>
        <text>If the disbelievers were to fight you, they would certainly flee. Then they would never find any protector or helper.</text>
      </translation>
    </translations>
    <rules>[{"start": 66, "end": 69, "rule_id": 0}, {"start": 56, "end": 58, "rule_id": 1}, {"start": 88, "end": 95, "rule_id": 3}]</rules>
  </verse>
  <verse>
    <verseIdArabic>٢٣</verseIdArabic>
    <verseId>23</verseId>
    <chapterId>48</chapterId>
    <textIndopak>سُنَّةَ ٱللَّهِ ٱلَّتِي قَدۡ خَلَتۡ مِن قَبۡلُۖ وَلَن تَجِدَ لِسُنَّةِ ٱللَّهِ تَبۡدِيلٗا</textIndopak>
    <translations>
      <translation>
        <author>Dr. Mustafa Khattab, the Clear Quran</author>
        <text>˹This is˺ Allah’s way, already long established ˹in the past˺. And you will find no change in Allah’s way.</text>
      </translation>
    </translations>
    <rules>[{"start": 2, "end": 5, "rule_id": 0}, {"start": 66, "end": 69, "rule_id": 0}, {"start": 26, "end": 28, "rule_id": 1}, {"start": 42, "end": 44, "rule_id": 1}, {"start": 82, "end": 84, "rule_id": 1}, {"start": 38, "end": 42, "rule_id": 6}, {"start": 53, "end": 57, "rule_id": 6}]</rules>
  </verse>
  <verse>
    <verseIdArabic>٢٤</verseIdArabic>
    <verseId>24</verseId>
    <chapterId>48</chapterId>
    <textIndopak>وَهُوَ ٱلَّذِي كَفَّ أَيۡدِيَهُمۡ عَنكُمۡ وَأَيۡدِيَكُمۡ عَنۡهُم بِبَطۡنِ مَكَّةَ مِنۢ بَعۡدِ أَنۡ أَظۡفَرَكُمۡ عَلَيۡهِمۡۚ وَكَانَ ٱللَّهُ بِمَا تَعۡمَلُونَ بَصِيرًا</textIndopak>
    <translations>
      <translation>
        <author>Dr. Mustafa Khattab, the Clear Quran</author>
        <text>He is the One Who held back their hands from you and your hands from them in the valley of ˹Ḥudaibiyah, near˺ Mecca, after giving you the upper hand over ˹a group of˺ them. And Allah is All-Seeing of what you do.</text>
      </translation>
    </translations>
    <rules>[{"start": 69, "end": 71, "rule_id": 1}, {"start": 84, "end": 89, "rule_id": 2}, {"start": 36, "end": 39, "rule_id": 6}, {"start": 63, "end": 67, "rule_id": 7}]</rules>
  </verse>
  <verse>
    <verseIdArabic>٢٥</verseIdArabic>
    <verseId>25</verseId>
    <chapterId>48</chapterId>
    <textIndopak>هُمُ ٱلَّذِينَ كَفَرُواْ وَصَدُّوكُمۡ عَنِ ٱلۡمَسۡجِدِ ٱلۡحَرَامِ وَٱلۡهَدۡيَ مَعۡكُوفًا أَن يَبۡلُغَ مَحِلَّهُۥۚ وَلَوۡلَا رِجَالٞ مُّؤۡمِنُونَ وَنِسَآءٞ مُّؤۡمِنَٰتٞ لَّمۡ تَعۡلَمُوهُمۡ أَن تَطَـُٔوهُمۡ فَتُصِيبَكُم مِّنۡهُم مَّعَرَّةُۢ بِغَيۡرِ عِلۡمٖۖ لِّيُدۡخِلَ ٱللَّهُ فِي رَحۡمَتِهِۦ مَن يَشَآءُۚ لَوۡ تَزَيَّلُواْ لَعَذَّبۡنَا ٱلَّذِينَ كَفَرُواْ مِنۡهُمۡ عَذَابًا أَلِيمًا</textIndopak>
    <translations>
      <translation>
        <author>Dr. Mustafa Khattab, the Clear Quran</author>
        <text>They are the ones who persisted in disbelief and hindered you from the Sacred Mosque, preventing the sacrificial animals from reaching their destination. ˹We would have let you march through Mecca,˺ had there not been believing men and women, unknown to you. You might have trampled them underfoot, incurring guilt for ˹what you did to˺ them unknowingly. That was so Allah may admit into His mercy whoever He wills. Had those ˹unknown˺ believers stood apart, We would have certainly inflicted a painful punishment on the disbelievers.</text>
      </translation>
    </translations>
    <rules>[{"start": 133, "end": 136, "rule_id": 0}, {"start": 157, "end": 160, "rule_id": 0}, {"start": 220, "end": 223, "rule_id": 0}, {"start": 229, "end": 232, "rule_id": 0}, {"start": 73, "end": 75, "rule_id": 1}, {"start": 95, "end": 97, "rule_id": 1}, {"start": 264, "end": 266, "rule_id": 1}, {"start": 335, "end": 337, "rule_id": 1}, {"start": 237, "end": 243, "rule_id": 2}, {"start": 91, "end": 95, "rule_id": 3}, {"start": 297, "end": 301, "rule_id": 3}, {"start": 130, "end": 136, "rule_id": 3}, {"start": 154, "end": 160, "rule_id": 3}, {"start": 218, "end": 223, "rule_id": 4}, {"start": 227, "end": 232, "rule_id": 4}, {"start": 167, "end": 173, "rule_id": 5}, {"start": 254, "end": 262, "rule_id": 5}, {"start": 192, "end": 196, "rule_id": 6}]</rules>
  </verse>
  <verse>
    <verseIdArabic>٢٦</verseIdArabic>
    <verseId>26</verseId>
    <chapterId>48</chapterId>
    <textIndopak>إِذۡ جَعَلَ ٱلَّذِينَ كَفَرُواْ فِي قُلُوبِهِمُ ٱلۡحَمِيَّةَ حَمِيَّةَ ٱلۡجَٰهِلِيَّةِ فَأَنزَلَ ٱللَّهُ سَكِينَتَهُۥ عَلَىٰ رَسُولِهِۦ وَعَلَى ٱلۡمُؤۡمِنِينَ وَأَلۡزَمَهُمۡ كَلِمَةَ ٱلتَّقۡوَىٰ وَكَانُوٓاْ أَحَقَّ بِهَا وَأَهۡلَهَاۚ وَكَانَ ٱللَّهُ بِكُلِّ شَيۡءٍ عَلِيمٗا</textIndopak>
    <translations>
      <translation>
        <author>Dr. Mustafa Khattab, the Clear Quran</author>
        <text>˹Remember˺ when the disbelievers had filled their hearts with pride—the pride of ˹pre-Islamic˺ ignorance—then Allah sent down His serenity upon His Messenger and the believers, inspiring them to uphold the declaration of faith, for they were better entitled and more worthy of it. And Allah has ˹perfect˺ knowledge of all things.</text>
      </translation>
    </translations>
    <rules>[{"start": 188, "end": 190, "rule_id": 1}, {"start": 91, "end": 94, "rule_id": 6}]</rules>
  </verse>
  <verse>
    <verseIdArabic>٢٧</verseIdArabic>
    <verseId>27</verseId>
    <chapterId>48</chapterId>
    <textIndopak>لَّقَدۡ صَدَقَ ٱللَّهُ رَسُولَهُ ٱلرُّءۡيَا بِٱلۡحَقِّۖ لَتَدۡخُلُنَّ ٱلۡمَسۡجِدَ ٱلۡحَرَامَ إِن شَآءَ ٱللَّهُ ءَامِنِينَ مُحَلِّقِينَ رُءُوسَكُمۡ وَمُقَصِّرِينَ لَا تَخَافُونَۖ فَعَلِمَ مَا لَمۡ تَعۡلَمُواْ فَجَعَلَ مِن دُونِ ذَٰلِكَ فَتۡحٗا قَرِيبًا</textIndopak>
    <translations>
      <translation>
        <author>Dr. Mustafa Khattab, the Clear Quran</author>
        <text>Indeed, Allah will fulfil His Messenger’s vision in all truth: Allah willing, you will surely enter the Sacred Mosque, in security—˹some with˺ heads shaved and ˹others with˺ hair shortened—without fear. He knew what you did not know, so He first granted you the triumph at hand.</text>
      </translation>
    </translations>
    <rules>[{"start": 67, "end": 70, "rule_id": 0}, {"start": 5, "end": 7, "rule_id": 1}, {"start": 61, "end": 63, "rule_id": 1}, {"start": 96, "end": 100, "rule_id": 6}, {"start": 222, "end": 226, "rule_id": 6}]</rules>
  </verse>
  <verse>
    <verseIdArabic>٢٨</verseIdArabic>
    <verseId>28</verseId>
    <chapterId>48</chapterId>
    <textIndopak>هُوَ ٱلَّذِيٓ أَرۡسَلَ رَسُولَهُۥ بِٱلۡهُدَىٰ وَدِينِ ٱلۡحَقِّ لِيُظۡهِرَهُۥ عَلَى ٱلدِّينِ كُلِّهِۦۚ وَكَفَىٰ بِٱللَّهِ شَهِيدٗا</textIndopak>
    <translations>
      <translation>
        <author>Dr. Mustafa Khattab, the Clear Quran</author>
        <text>He is the One Who has sent His Messenger with ˹right˺ guidance and the religion of truth, making it prevail over all others. And sufficient is Allah as a Witness.</text>
      </translation>
    </translations>
  </verse>
  <verse>
    <verseIdArabic>٢٩</verseIdArabic>
    <verseId>29</verseId>
    <chapterId>48</chapterId>
    <textIndopak>مُّحَمَّدٞ رَّسُولُ ٱللَّهِۚ وَٱلَّذِينَ مَعَهُۥٓ أَشِدَّآءُ عَلَى ٱلۡكُفَّارِ رُحَمَآءُ بَيۡنَهُمۡۖ تَرَىٰهُمۡ رُكَّعٗا سُجَّدٗا يَبۡتَغُونَ فَضۡلٗا مِّنَ ٱللَّهِ وَرِضۡوَٰنٗاۖ سِيمَاهُمۡ فِي وُجُوهِهِم مِّنۡ أَثَرِ ٱلسُّجُودِۚ ذَٰلِكَ مَثَلُهُمۡ فِي ٱلتَّوۡرَىٰةِۚ وَمَثَلُهُمۡ فِي ٱلۡإِنجِيلِ كَزَرۡعٍ أَخۡرَجَ شَطۡـَٔهُۥ فَـَٔازَرَهُۥ فَٱسۡتَغۡلَظَ فَٱسۡتَوَىٰ عَلَىٰ سُوقِهِۦ يُعۡجِبُ ٱلزُّرَّاعَ لِيَغِيظَ بِهِمُ ٱلۡكُفَّارَۗ وَعَدَ ٱللَّهُ ٱلَّذِينَ ءَامَنُواْ وَعَمِلُواْ ٱلصَّٰلِحَٰتِ مِنۡهُم مَّغۡفِرَةٗ وَأَجۡرًا عَظِيمَۢا</textIndopak>
    <translations>
      <translation>
        <author>Dr. Mustafa Khattab, the Clear Quran</author>
        <text>Muḥammad is the Messenger of Allah. And those with him are firm with the disbelievers and compassionate with one another. You see them bowing and prostrating ˹in prayer˺, seeking Allah’s bounty and pleasure. The sign ˹of brightness can be seen˺ on their faces from the trace of prostrating ˹in prayer˺. This is their description in the Torah. And their parable in the Gospel is that of a seed that sprouts its ˹tiny˺ branches, making it strong. Then it becomes thick, standing firmly on its stem, to the delight of the planters—in this way Allah makes the believers a source of dismay for the disbelievers. To those of them who believe and do good, Allah has promised forgiveness and a great reward.</text>
      </translation>
    </translations>
    <rules>[{"start": 0, "end": 3, "rule_id": 0}, {"start": 5, "end": 8, "rule_id": 0}, {"start": 154, "end": 157, "rule_id": 0}, {"start": 209, "end": 212, "rule_id": 0}, {"start": 510, "end": 513, "rule_id": 0}, {"start": 136, "end": 138, "rule_id": 1}, {"start": 323, "end": 325, "rule_id": 1}, {"start": 526, "end": 528, "rule_id": 1}, {"start": 130, "end": 136, "rule_id": 3}, {"start": 150, "end": 157, "rule_id": 3}, {"start": 519, "end": 524, "rule_id": 3}, {"start": 207, "end": 212, "rule_id": 4}, {"start": 508, "end": 513, "rule_id": 4}, {"start": 8, "end": 14, "rule_id": 5}, {"start": 296, "end": 299, "rule_id": 6}]</rules>
  </verse>
</verses>
