<?xml version="1.0" encoding="UTF-8"?>

<verses>
  <verse>
    <verseIdArabic>١</verseIdArabic>
    <verseId>1</verseId>
    <chapterId>50</chapterId>
    <textIndopak>قٓۚ وَٱلۡقُرۡءَانِ ٱلۡمَجِيدِ</textIndopak>
    <translations>
      <translation>
        <author>Dr. Mustafa Khattab, the Clear Quran</author>
        <text>Qãf. By the glorious Quran!</text>
      </translation>
    </translations>
    <rules>[{"start": 28, "end": 30, "rule_id": 1}]</rules>
  </verse>
  <verse>
    <verseIdArabic>٢</verseIdArabic>
    <verseId>2</verseId>
    <chapterId>50</chapterId>
    <textIndopak>بَلۡ عَجِبُوٓاْ أَن جَآءَهُم مُّنذِرٞ مِّنۡهُمۡ فَقَالَ ٱلۡكَٰفِرُونَ هَٰذَا شَيۡءٌ عَجِيبٌ</textIndopak>
    <translations>
      <translation>
        <author>Dr. Mustafa Khattab, the Clear Quran</author>
        <text>˹All will be resurrected,˺ yet the deniers are astonished that a warner has come to them from among themselves ˹warning of resurrection˺. So the disbelievers say, “This is an astonishing thing!</text>
      </translation>
    </translations>
    <rules>[{"start": 30, "end": 33, "rule_id": 0}, {"start": 39, "end": 42, "rule_id": 0}, {"start": 90, "end": 92, "rule_id": 1}, {"start": 36, "end": 42, "rule_id": 3}, {"start": 28, "end": 33, "rule_id": 4}, {"start": 18, "end": 22, "rule_id": 6}, {"start": 33, "end": 36, "rule_id": 6}]</rules>
  </verse>
  <verse>
    <verseIdArabic>٣</verseIdArabic>
    <verseId>3</verseId>
    <chapterId>50</chapterId>
    <textIndopak>أَءِذَا مِتۡنَا وَكُنَّا تُرَابٗاۖ ذَٰلِكَ رَجۡعُۢ بَعِيدٞ</textIndopak>
    <translations>
      <translation>
        <author>Dr. Mustafa Khattab, the Clear Quran</author>
        <text>˹Will we be returned to life,˺ when we are dead and reduced to dust? Such a return is impossible.”</text>
      </translation>
    </translations>
    <rules>[{"start": 20, "end": 23, "rule_id": 0}, {"start": 46, "end": 48, "rule_id": 1}, {"start": 57, "end": 59, "rule_id": 1}, {"start": 48, "end": 54, "rule_id": 2}]</rules>
  </verse>
  <verse>
    <verseIdArabic>٤</verseIdArabic>
    <verseId>4</verseId>
    <chapterId>50</chapterId>
    <textIndopak>قَدۡ عَلِمۡنَا مَا تَنقُصُ ٱلۡأَرۡضُ مِنۡهُمۡۖ وَعِندَنَا كِتَٰبٌ حَفِيظُۢ</textIndopak>
    <translations>
      <translation>
        <author>Dr. Mustafa Khattab, the Clear Quran</author>
        <text>We certainly know what the earth consumes of them ˹after their death˺, and with us is a well-preserved Record.</text>
      </translation>
    </translations>
    <rules>[{"start": 2, "end": 4, "rule_id": 1}, {"start": 21, "end": 24, "rule_id": 6}, {"start": 52, "end": 55, "rule_id": 6}]</rules>
  </verse>
  <verse>
    <verseIdArabic>٥</verseIdArabic>
    <verseId>5</verseId>
    <chapterId>50</chapterId>
    <textIndopak>بَلۡ كَذَّبُواْ بِٱلۡحَقِّ لَمَّا جَآءَهُمۡ فَهُمۡ فِيٓ أَمۡرٖ مَّرِيجٍ</textIndopak>
    <translations>
      <translation>
        <author>Dr. Mustafa Khattab, the Clear Quran</author>
        <text>In fact, they reject the truth when it has come to them, so they are in a confused state.</text>
      </translation>
    </translations>
    <rules>[{"start": 29, "end": 32, "rule_id": 0}, {"start": 64, "end": 67, "rule_id": 0}, {"start": 70, "end": 72, "rule_id": 1}, {"start": 61, "end": 67, "rule_id": 3}]</rules>
  </verse>
  <verse>
    <verseIdArabic>٦</verseIdArabic>
    <verseId>6</verseId>
    <chapterId>50</chapterId>
    <textIndopak>أَفَلَمۡ يَنظُرُوٓاْ إِلَى ٱلسَّمَآءِ فَوۡقَهُمۡ كَيۡفَ بَنَيۡنَٰهَا وَزَيَّنَّٰهَا وَمَا لَهَا مِن فُرُوجٖ</textIndopak>
    <translations>
      <translation>
        <author>Dr. Mustafa Khattab, the Clear Quran</author>
        <text>Have they not then looked at the sky above them: how We built it and adorned it ˹with stars˺, leaving it flawless?</text>
      </translation>
    </translations>
    <rules>[{"start": 77, "end": 81, "rule_id": 0}, {"start": 106, "end": 108, "rule_id": 1}, {"start": 11, "end": 14, "rule_id": 6}, {"start": 99, "end": 103, "rule_id": 6}]</rules>
  </verse>
  <verse>
    <verseIdArabic>٧</verseIdArabic>
    <verseId>7</verseId>
    <chapterId>50</chapterId>
    <textIndopak>وَٱلۡأَرۡضَ مَدَدۡنَٰهَا وَأَلۡقَيۡنَا فِيهَا رَوَٰسِيَ وَأَنۢبَتۡنَا فِيهَا مِن كُلِّ زَوۡجِۭ بَهِيجٖ</textIndopak>
    <translations>
      <translation>
        <author>Dr. Mustafa Khattab, the Clear Quran</author>
        <text>As for the earth, We spread it out and placed upon it firm mountains, and produced in it every type of pleasant plant—</text>
      </translation>
    </translations>
    <rules>[{"start": 16, "end": 18, "rule_id": 1}, {"start": 100, "end": 102, "rule_id": 1}, {"start": 60, "end": 64, "rule_id": 2}, {"start": 91, "end": 97, "rule_id": 2}, {"start": 79, "end": 83, "rule_id": 6}]</rules>
  </verse>
  <verse>
    <verseIdArabic>٨</verseIdArabic>
    <verseId>8</verseId>
    <chapterId>50</chapterId>
    <textIndopak>تَبۡصِرَةٗ وَذِكۡرَىٰ لِكُلِّ عَبۡدٖ مُّنِيبٖ</textIndopak>
    <translations>
      <translation>
        <author>Dr. Mustafa Khattab, the Clear Quran</author>
        <text>˹all as˺ an insight and a reminder to every servant who turns ˹to Allah˺.</text>
      </translation>
    </translations>
    <rules>[{"start": 37, "end": 40, "rule_id": 0}, {"start": 2, "end": 4, "rule_id": 1}, {"start": 32, "end": 34, "rule_id": 1}, {"start": 43, "end": 45, "rule_id": 1}, {"start": 8, "end": 13, "rule_id": 3}, {"start": 34, "end": 40, "rule_id": 3}]</rules>
  </verse>
  <verse>
    <verseIdArabic>٩</verseIdArabic>
    <verseId>9</verseId>
    <chapterId>50</chapterId>
    <textIndopak>وَنَزَّلۡنَا مِنَ ٱلسَّمَآءِ مَآءٗ مُّبَٰرَكٗا فَأَنۢبَتۡنَا بِهِۦ جَنَّٰتٖ وَحَبَّ ٱلۡحَصِيدِ</textIndopak>
    <translations>
      <translation>
        <author>Dr. Mustafa Khattab, the Clear Quran</author>
        <text>And We send down blessed rain from the sky, bringing forth gardens and grains for harvest,</text>
      </translation>
    </translations>
    <rules>[{"start": 37, "end": 40, "rule_id": 0}, {"start": 71, "end": 75, "rule_id": 0}, {"start": 94, "end": 96, "rule_id": 1}, {"start": 53, "end": 57, "rule_id": 2}, {"start": 34, "end": 40, "rule_id": 3}, {"start": 75, "end": 80, "rule_id": 3}]</rules>
  </verse>
  <verse>
    <verseIdArabic>١٠</verseIdArabic>
    <verseId>10</verseId>
    <chapterId>50</chapterId>
    <textIndopak>وَٱلنَّخۡلَ بَاسِقَٰتٖ لَّهَا طَلۡعٞ نَّضِيدٞ</textIndopak>
    <translations>
      <translation>
        <author>Dr. Mustafa Khattab, the Clear Quran</author>
        <text>and towering palm trees ˹loaded˺ with clustered fruit,</text>
      </translation>
    </translations>
    <rules>[{"start": 4, "end": 7, "rule_id": 0}, {"start": 37, "end": 40, "rule_id": 0}, {"start": 43, "end": 45, "rule_id": 1}, {"start": 34, "end": 40, "rule_id": 3}, {"start": 20, "end": 26, "rule_id": 5}]</rules>
  </verse>
  <verse>
    <verseIdArabic>١١</verseIdArabic>
    <verseId>11</verseId>
    <chapterId>50</chapterId>
    <textIndopak>رِّزۡقٗا لِّلۡعِبَادِۖ وَأَحۡيَيۡنَا بِهِۦ بَلۡدَةٗ مَّيۡتٗاۚ كَذَٰلِكَ ٱلۡخُرُوجُ</textIndopak>
    <translations>
      <translation>
        <author>Dr. Mustafa Khattab, the Clear Quran</author>
        <text>˹as˺ a provision for ˹Our˺ servants. And with this ˹rain˺ We revive a lifeless land. Similar is the emergence ˹from the graves˺.</text>
      </translation>
    </translations>
    <rules>[{"start": 53, "end": 56, "rule_id": 0}, {"start": 82, "end": 84, "rule_id": 1}, {"start": 50, "end": 56, "rule_id": 3}, {"start": 5, "end": 12, "rule_id": 5}]</rules>
  </verse>
  <verse>
    <verseIdArabic>١٢</verseIdArabic>
    <verseId>12</verseId>
    <chapterId>50</chapterId>
    <textIndopak>كَذَّبَتۡ قَبۡلَهُمۡ قَوۡمُ نُوحٖ وَأَصۡحَٰبُ ٱلرَّسِّ وَثَمُودُ</textIndopak>
    <translations>
      <translation>
        <author>Dr. Mustafa Khattab, the Clear Quran</author>
        <text>Before them, the people of Noah denied ˹the truth,˺ as did the people of the Water-pit, Thamûd,</text>
      </translation>
    </translations>
    <rules>[{"start": 12, "end": 14, "rule_id": 1}, {"start": 62, "end": 64, "rule_id": 1}, {"start": 31, "end": 36, "rule_id": 3}]</rules>
  </verse>
  <verse>
    <verseIdArabic>١٣</verseIdArabic>
    <verseId>13</verseId>
    <chapterId>50</chapterId>
    <textIndopak>وَعَادٞ وَفِرۡعَوۡنُ وَإِخۡوَٰنُ لُوطٖ</textIndopak>
    <translations>
      <translation>
        <author>Dr. Mustafa Khattab, the Clear Quran</author>
        <text>’Ȃd, Pharaoh, the kinfolk of Lot,</text>
      </translation>
    </translations>
    <rules>[{"start": 36, "end": 38, "rule_id": 1}, {"start": 5, "end": 10, "rule_id": 3}]</rules>
  </verse>
  <verse>
    <verseIdArabic>١٤</verseIdArabic>
    <verseId>14</verseId>
    <chapterId>50</chapterId>
    <textIndopak>وَأَصۡحَٰبُ ٱلۡأَيۡكَةِ وَقَوۡمُ تُبَّعٖۚ كُلّٞ كَذَّبَ ٱلرُّسُلَ فَحَقَّ وَعِيدِ</textIndopak>
    <translations>
      <translation>
        <author>Dr. Mustafa Khattab, the Clear Quran</author>
        <text>the residents of the Forest, and the people of Tubba’. Each rejected ˹their˺ messenger, so My warning was fulfilled.</text>
      </translation>
    </translations>
    <rules>[{"start": 80, "end": 82, "rule_id": 1}, {"start": 45, "end": 51, "rule_id": 6}]</rules>
  </verse>
  <verse>
    <verseIdArabic>١٥</verseIdArabic>
    <verseId>15</verseId>
    <chapterId>50</chapterId>
    <textIndopak>أَفَعَيِينَا بِٱلۡخَلۡقِ ٱلۡأَوَّلِۚ بَلۡ هُمۡ فِي لَبۡسٖ مِّنۡ خَلۡقٖ جَدِيدٖ</textIndopak>
    <translations>
      <translation>
        <author>Dr. Mustafa Khattab, the Clear Quran</author>
        <text>Were We incapable of creating ˹them˺ the first time? In fact, they are in doubt about ˹their˺ re-creation.</text>
      </translation>
    </translations>
    <rules>[{"start": 59, "end": 62, "rule_id": 0}, {"start": 54, "end": 56, "rule_id": 1}, {"start": 77, "end": 79, "rule_id": 1}, {"start": 56, "end": 62, "rule_id": 3}, {"start": 69, "end": 74, "rule_id": 6}]</rules>
  </verse>
  <verse>
    <verseIdArabic>١٦</verseIdArabic>
    <verseId>16</verseId>
    <chapterId>50</chapterId>
    <textIndopak>وَلَقَدۡ خَلَقۡنَا ٱلۡإِنسَٰنَ وَنَعۡلَمُ مَا تُوَسۡوِسُ بِهِۦ نَفۡسُهُۥۖ وَنَحۡنُ أَقۡرَبُ إِلَيۡهِ مِنۡ حَبۡلِ ٱلۡوَرِيدِ</textIndopak>
    <translations>
      <translation>
        <author>Dr. Mustafa Khattab, the Clear Quran</author>
        <text>Indeed, ˹it is˺ We ˹Who˺ created humankind and ˹fully˺ know what their souls whisper to them, and We are closer to them than ˹their˺ jugular vein.</text>
      </translation>
    </translations>
    <rules>[{"start": 6, "end": 8, "rule_id": 1}, {"start": 13, "end": 15, "rule_id": 1}, {"start": 86, "end": 88, "rule_id": 1}, {"start": 109, "end": 111, "rule_id": 1}, {"start": 122, "end": 124, "rule_id": 1}, {"start": 24, "end": 28, "rule_id": 6}]</rules>
  </verse>
  <verse>
    <verseIdArabic>١٧</verseIdArabic>
    <verseId>17</verseId>
    <chapterId>50</chapterId>
    <textIndopak>إِذۡ يَتَلَقَّى ٱلۡمُتَلَقِّيَانِ عَنِ ٱلۡيَمِينِ وَعَنِ ٱلشِّمَالِ قَعِيدٞ</textIndopak>
    <translations>
      <translation>
        <author>Dr. Mustafa Khattab, the Clear Quran</author>
        <text>As the two recording-angels—˹one˺ sitting to the right, and ˹the other to˺ the left—note ˹everything˺,</text>
      </translation>
    </translations>
    <rules>[{"start": 73, "end": 75, "rule_id": 1}]</rules>
  </verse>
  <verse>
    <verseIdArabic>١٨</verseIdArabic>
    <verseId>18</verseId>
    <chapterId>50</chapterId>
    <textIndopak>مَّا يَلۡفِظُ مِن قَوۡلٍ إِلَّا لَدَيۡهِ رَقِيبٌ عَتِيدٞ</textIndopak>
    <translations>
      <translation>
        <author>Dr. Mustafa Khattab, the Clear Quran</author>
        <text>not a word does a person utter without having a ˹vigilant˺ observer ready ˹to write it down˺.</text>
      </translation>
    </translations>
    <rules>[{"start": 0, "end": 3, "rule_id": 0}, {"start": 54, "end": 56, "rule_id": 1}, {"start": 16, "end": 20, "rule_id": 6}]</rules>
  </verse>
  <verse>
    <verseIdArabic>١٩</verseIdArabic>
    <verseId>19</verseId>
    <chapterId>50</chapterId>
    <textIndopak>وَجَآءَتۡ سَكۡرَةُ ٱلۡمَوۡتِ بِٱلۡحَقِّۖ ذَٰلِكَ مَا كُنتَ مِنۡهُ تَحِيدُ</textIndopak>
    <translations>
      <translation>
        <author>Dr. Mustafa Khattab, the Clear Quran</author>
        <text>˹Ultimately,˺ with the throes of death will come the truth. This is what you were trying to escape!</text>
      </translation>
    </translations>
    <rules>[{"start": 73, "end": 75, "rule_id": 1}, {"start": 57, "end": 60, "rule_id": 6}]</rules>
  </verse>
  <verse>
    <verseIdArabic>٢٠</verseIdArabic>
    <verseId>20</verseId>
    <chapterId>50</chapterId>
    <textIndopak>وَنُفِخَ فِي ٱلصُّورِۚ ذَٰلِكَ يَوۡمُ ٱلۡوَعِيدِ</textIndopak>
    <translations>
      <translation>
        <author>Dr. Mustafa Khattab, the Clear Quran</author>
        <text>And the Trumpet will be blown. This is the Day ˹you were˺ warned of.</text>
      </translation>
    </translations>
    <rules>[{"start": 47, "end": 49, "rule_id": 1}]</rules>
  </verse>
  <verse>
    <verseIdArabic>٢١</verseIdArabic>
    <verseId>21</verseId>
    <chapterId>50</chapterId>
    <textIndopak>وَجَآءَتۡ كُلُّ نَفۡسٖ مَّعَهَا سَآئِقٞ وَشَهِيدٞ</textIndopak>
    <translations>
      <translation>
        <author>Dr. Mustafa Khattab, the Clear Quran</author>
        <text>Each soul will come forth with an angel to drive it and another to testify.</text>
      </translation>
    </translations>
    <rules>[{"start": 24, "end": 27, "rule_id": 0}, {"start": 49, "end": 51, "rule_id": 1}, {"start": 21, "end": 27, "rule_id": 3}, {"start": 39, "end": 44, "rule_id": 3}]</rules>
  </verse>
  <verse>
    <verseIdArabic>٢٢</verseIdArabic>
    <verseId>22</verseId>
    <chapterId>50</chapterId>
    <textIndopak>لَّقَدۡ كُنتَ فِي غَفۡلَةٖ مِّنۡ هَٰذَا فَكَشَفۡنَا عَنكَ غِطَآءَكَ فَبَصَرُكَ ٱلۡيَوۡمَ حَدِيدٞ</textIndopak>
    <translations>
      <translation>
        <author>Dr. Mustafa Khattab, the Clear Quran</author>
        <text>˹It will be said to the denier,˺ “You were totally heedless of this. Now We have lifted this veil of yours, so Today your sight is sharp!”</text>
      </translation>
    </translations>
    <rules>[{"start": 27, "end": 30, "rule_id": 0}, {"start": 5, "end": 7, "rule_id": 1}, {"start": 95, "end": 97, "rule_id": 1}, {"start": 24, "end": 30, "rule_id": 3}, {"start": 10, "end": 13, "rule_id": 6}, {"start": 54, "end": 57, "rule_id": 6}]</rules>
  </verse>
  <verse>
    <verseIdArabic>٢٣</verseIdArabic>
    <verseId>23</verseId>
    <chapterId>50</chapterId>
    <textIndopak>وَقَالَ قَرِينُهُۥ هَٰذَا مَا لَدَيَّ عَتِيدٌ</textIndopak>
    <translations>
      <translation>
        <author>Dr. Mustafa Khattab, the Clear Quran</author>
        <text>And one’s accompanying-angel will say, “Here is the record ready with me.”</text>
      </translation>
    </translations>
    <rules>[{"start": 43, "end": 45, "rule_id": 1}]</rules>
  </verse>
  <verse>
    <verseIdArabic>٢٤</verseIdArabic>
    <verseId>24</verseId>
    <chapterId>50</chapterId>
    <textIndopak>أَلۡقِيَا فِي جَهَنَّمَ كُلَّ كَفَّارٍ عَنِيدٖ</textIndopak>
    <translations>
      <translation>
        <author>Dr. Mustafa Khattab, the Clear Quran</author>
        <text>˹It will be said to both angels,˺ “Throw into Hell every stubborn disbeliever,</text>
      </translation>
    </translations>
    <rules>[{"start": 18, "end": 21, "rule_id": 0}, {"start": 44, "end": 46, "rule_id": 1}]</rules>
  </verse>
  <verse>
    <verseIdArabic>٢٥</verseIdArabic>
    <verseId>25</verseId>
    <chapterId>50</chapterId>
    <textIndopak>مَّنَّاعٖ لِّلۡخَيۡرِ مُعۡتَدٖ مُّرِيبٍ</textIndopak>
    <translations>
      <translation>
        <author>Dr. Mustafa Khattab, the Clear Quran</author>
        <text>withholder of good, transgressor, and doubter,</text>
      </translation>
    </translations>
    <rules>[{"start": 0, "end": 3, "rule_id": 0}, {"start": 3, "end": 6, "rule_id": 0}, {"start": 31, "end": 34, "rule_id": 0}, {"start": 37, "end": 39, "rule_id": 1}, {"start": 28, "end": 34, "rule_id": 3}, {"start": 7, "end": 13, "rule_id": 5}]</rules>
  </verse>
  <verse>
    <verseIdArabic>٢٦</verseIdArabic>
    <verseId>26</verseId>
    <chapterId>50</chapterId>
    <textIndopak>ٱلَّذِي جَعَلَ مَعَ ٱللَّهِ إِلَٰهًا ءَاخَرَ فَأَلۡقِيَاهُ فِي ٱلۡعَذَابِ ٱلشَّدِيدِ</textIndopak>
    <translations>
      <translation>
        <author>Dr. Mustafa Khattab, the Clear Quran</author>
        <text>who set up another god with Allah. So cast them into the severe punishment.”</text>
      </translation>
    </translations>
    <rules>[{"start": 82, "end": 84, "rule_id": 1}]</rules>
  </verse>
  <verse>
    <verseIdArabic>٢٧</verseIdArabic>
    <verseId>27</verseId>
    <chapterId>50</chapterId>
    <textIndopak>۞ قَالَ قَرِينُهُۥ رَبَّنَا مَآ أَطۡغَيۡتُهُۥ وَلَٰكِن كَانَ فِي ضَلَٰلِۭ بَعِيدٖ</textIndopak>
    <translations>
      <translation>
        <author>Dr. Mustafa Khattab, the Clear Quran</author>
        <text>One’s ˹devilish˺ associate will say, “Our Lord! I did not make them transgress. Rather, they were far astray ˹on their own˺.”</text>
      </translation>
    </translations>
    <rules>[{"start": 35, "end": 37, "rule_id": 1}, {"start": 80, "end": 82, "rule_id": 1}, {"start": 71, "end": 77, "rule_id": 2}, {"start": 54, "end": 58, "rule_id": 6}]</rules>
  </verse>
  <verse>
    <verseIdArabic>٢٨</verseIdArabic>
    <verseId>28</verseId>
    <chapterId>50</chapterId>
    <textIndopak>قَالَ لَا تَخۡتَصِمُواْ لَدَيَّ وَقَدۡ قَدَّمۡتُ إِلَيۡكُم بِٱلۡوَعِيدِ</textIndopak>
    <translations>
      <translation>
        <author>Dr. Mustafa Khattab, the Clear Quran</author>
        <text>Allah will respond, “Do not dispute in My presence, since I had already given you a warning.</text>
      </translation>
    </translations>
    <rules>[{"start": 36, "end": 38, "rule_id": 1}, {"start": 69, "end": 71, "rule_id": 1}, {"start": 57, "end": 61, "rule_id": 7}]</rules>
  </verse>
  <verse>
    <verseIdArabic>٢٩</verseIdArabic>
    <verseId>29</verseId>
    <chapterId>50</chapterId>
    <textIndopak>مَا يُبَدَّلُ ٱلۡقَوۡلُ لَدَيَّ وَمَآ أَنَا۠ بِظَلَّٰمٖ لِّلۡعَبِيدِ</textIndopak>
    <translations>
      <translation>
        <author>Dr. Mustafa Khattab, the Clear Quran</author>
        <text>My Word cannot be changed, nor am I unjust to ˹My˺ creation.”</text>
      </translation>
    </translations>
    <rules>[{"start": 67, "end": 69, "rule_id": 1}, {"start": 54, "end": 60, "rule_id": 5}]</rules>
  </verse>
  <verse>
    <verseIdArabic>٣٠</verseIdArabic>
    <verseId>30</verseId>
    <chapterId>50</chapterId>
    <textIndopak>يَوۡمَ نَقُولُ لِجَهَنَّمَ هَلِ ٱمۡتَلَأۡتِ وَتَقُولُ هَلۡ مِن مَّزِيدٖ</textIndopak>
    <translations>
      <translation>
        <author>Dr. Mustafa Khattab, the Clear Quran</author>
        <text>˹Beware of˺ the Day We will ask Hell, “Are you full ˹yet˺?” And it will respond, “Are there any more?”</text>
      </translation>
    </translations>
    <rules>[{"start": 21, "end": 24, "rule_id": 0}, {"start": 63, "end": 66, "rule_id": 0}, {"start": 69, "end": 71, "rule_id": 1}, {"start": 61, "end": 66, "rule_id": 3}]</rules>
  </verse>
  <verse>
    <verseIdArabic>٣١</verseIdArabic>
    <verseId>31</verseId>
    <chapterId>50</chapterId>
    <textIndopak>وَأُزۡلِفَتِ ٱلۡجَنَّةُ لِلۡمُتَّقِينَ غَيۡرَ بَعِيدٍ</textIndopak>
    <translations>
      <translation>
        <author>Dr. Mustafa Khattab, the Clear Quran</author>
        <text>And Paradise will be brought near to the righteous, not far off.</text>
      </translation>
    </translations>
    <rules>[{"start": 18, "end": 21, "rule_id": 0}, {"start": 51, "end": 53, "rule_id": 1}]</rules>
  </verse>
  <verse>
    <verseIdArabic>٣٢</verseIdArabic>
    <verseId>32</verseId>
    <chapterId>50</chapterId>
    <textIndopak>هَٰذَا مَا تُوعَدُونَ لِكُلِّ أَوَّابٍ حَفِيظٖ</textIndopak>
    <translations>
      <translation>
        <author>Dr. Mustafa Khattab, the Clear Quran</author>
        <text>˹And it will be said to them,˺ “This is what you were promised, for whoever ˹constantly˺ turned ˹to Allah˺ and kept up ˹His commandments˺—</text>
      </translation>
    </translations>
  </verse>
  <verse>
    <verseIdArabic>٣٣</verseIdArabic>
    <verseId>33</verseId>
    <chapterId>50</chapterId>
    <textIndopak>مَّنۡ خَشِيَ ٱلرَّحۡمَٰنَ بِٱلۡغَيۡبِ وَجَآءَ بِقَلۡبٖ مُّنِيبٍ</textIndopak>
    <translations>
      <translation>
        <author>Dr. Mustafa Khattab, the Clear Quran</author>
        <text>who were in awe of the Most Compassionate without seeing ˹Him˺, and have come with a heart turning ˹only to Him˺.</text>
      </translation>
    </translations>
    <rules>[{"start": 0, "end": 3, "rule_id": 0}, {"start": 56, "end": 59, "rule_id": 0}, {"start": 62, "end": 64, "rule_id": 1}, {"start": 53, "end": 59, "rule_id": 3}]</rules>
  </verse>
  <verse>
    <verseIdArabic>٣٤</verseIdArabic>
    <verseId>34</verseId>
    <chapterId>50</chapterId>
    <textIndopak>ٱدۡخُلُوهَا بِسَلَٰمٖۖ ذَٰلِكَ يَوۡمُ ٱلۡخُلُودِ</textIndopak>
    <translations>
      <translation>
        <author>Dr. Mustafa Khattab, the Clear Quran</author>
        <text>Enter it in peace. This is the Day of eternal life!”</text>
      </translation>
    </translations>
    <rules>[{"start": 1, "end": 3, "rule_id": 1}, {"start": 47, "end": 49, "rule_id": 1}]</rules>
  </verse>
  <verse>
    <verseIdArabic>٣٥</verseIdArabic>
    <verseId>35</verseId>
    <chapterId>50</chapterId>
    <textIndopak>لَهُم مَّا يَشَآءُونَ فِيهَا وَلَدَيۡنَا مَزِيدٞ</textIndopak>
    <translations>
      <translation>
        <author>Dr. Mustafa Khattab, the Clear Quran</author>
        <text>There they will have whatever they desire, and with Us is ˹even˺ more.</text>
      </translation>
    </translations>
    <rules>[{"start": 6, "end": 9, "rule_id": 0}, {"start": 47, "end": 49, "rule_id": 1}, {"start": 4, "end": 9, "rule_id": 4}]</rules>
  </verse>
  <verse>
    <verseIdArabic>٣٦</verseIdArabic>
    <verseId>36</verseId>
    <chapterId>50</chapterId>
    <textIndopak>وَكَمۡ أَهۡلَكۡنَا قَبۡلَهُم مِّن قَرۡنٍ هُمۡ أَشَدُّ مِنۡهُم بَطۡشٗا فَنَقَّبُواْ فِي ٱلۡبِلَٰدِ هَلۡ مِن مَّحِيصٍ</textIndopak>
    <translations>
      <translation>
        <author>Dr. Mustafa Khattab, the Clear Quran</author>
        <text>˹Imagine˺ how many peoples We destroyed before them, who were far mightier than them. Then ˹when the torment came,˺ they ˹desperately˺ sought refuge in the land. ˹But˺ was there any escape?</text>
      </translation>
    </translations>
    <rules>[{"start": 29, "end": 32, "rule_id": 0}, {"start": 107, "end": 110, "rule_id": 0}, {"start": 21, "end": 23, "rule_id": 1}, {"start": 64, "end": 66, "rule_id": 1}, {"start": 105, "end": 110, "rule_id": 3}, {"start": 27, "end": 32, "rule_id": 4}, {"start": 32, "end": 36, "rule_id": 6}, {"start": 60, "end": 64, "rule_id": 7}]</rules>
  </verse>
  <verse>
    <verseIdArabic>٣٧</verseIdArabic>
    <verseId>37</verseId>
    <chapterId>50</chapterId>
    <textIndopak>إِنَّ فِي ذَٰلِكَ لَذِكۡرَىٰ لِمَن كَانَ لَهُۥ قَلۡبٌ أَوۡ أَلۡقَى ٱلسَّمۡعَ وَهُوَ شَهِيدٞ</textIndopak>
    <translations>
      <translation>
        <author>Dr. Mustafa Khattab, the Clear Quran</author>
        <text>Surely in this is a reminder for whoever has a ˹mindful˺ heart and lends an attentive ear.</text>
      </translation>
    </translations>
    <rules>[{"start": 2, "end": 5, "rule_id": 0}, {"start": 89, "end": 91, "rule_id": 1}, {"start": 33, "end": 37, "rule_id": 6}]</rules>
  </verse>
  <verse>
    <verseIdArabic>٣٨</verseIdArabic>
    <verseId>38</verseId>
    <chapterId>50</chapterId>
    <textIndopak>وَلَقَدۡ خَلَقۡنَا ٱلسَّمَٰوَٰتِ وَٱلۡأَرۡضَ وَمَا بَيۡنَهُمَا فِي سِتَّةِ أَيَّامٖ وَمَا مَسَّنَا مِن لُّغُوبٖ</textIndopak>
    <translations>
      <translation>
        <author>Dr. Mustafa Khattab, the Clear Quran</author>
        <text>Indeed, We created the heavens and the earth and everything in between in six Days, and We were not ˹even˺ touched with fatigue.</text>
      </translation>
    </translations>
    <rules>[{"start": 6, "end": 8, "rule_id": 1}, {"start": 13, "end": 15, "rule_id": 1}, {"start": 109, "end": 111, "rule_id": 1}, {"start": 81, "end": 86, "rule_id": 3}, {"start": 101, "end": 106, "rule_id": 5}]</rules>
  </verse>
  <verse>
    <verseIdArabic>٣٩</verseIdArabic>
    <verseId>39</verseId>
    <chapterId>50</chapterId>
    <textIndopak>فَٱصۡبِرۡ عَلَىٰ مَا يَقُولُونَ وَسَبِّحۡ بِحَمۡدِ رَبِّكَ قَبۡلَ طُلُوعِ ٱلشَّمۡسِ وَقَبۡلَ ٱلۡغُرُوبِ</textIndopak>
    <translations>
      <translation>
        <author>Dr. Mustafa Khattab, the Clear Quran</author>
        <text>So be patient ˹O Prophet˺ with what they say. And glorify the praises of your Lord before sunrise and before sunset.</text>
      </translation>
    </translations>
    <rules>[{"start": 61, "end": 63, "rule_id": 1}, {"start": 88, "end": 90, "rule_id": 1}, {"start": 101, "end": 103, "rule_id": 1}]</rules>
  </verse>
  <verse>
    <verseIdArabic>٤٠</verseIdArabic>
    <verseId>40</verseId>
    <chapterId>50</chapterId>
    <textIndopak>وَمِنَ ٱلَّيۡلِ فَسَبِّحۡهُ وَأَدۡبَٰرَ ٱلسُّجُودِ</textIndopak>
    <translations>
      <translation>
        <author>Dr. Mustafa Khattab, the Clear Quran</author>
        <text>And glorify Him during part of the night and after the prayers.</text>
      </translation>
    </translations>
    <rules>[{"start": 32, "end": 34, "rule_id": 1}, {"start": 48, "end": 50, "rule_id": 1}]</rules>
  </verse>
  <verse>
    <verseIdArabic>٤١</verseIdArabic>
    <verseId>41</verseId>
    <chapterId>50</chapterId>
    <textIndopak>وَٱسۡتَمِعۡ يَوۡمَ يُنَادِ ٱلۡمُنَادِ مِن مَّكَانٖ قَرِيبٖ</textIndopak>
    <translations>
      <translation>
        <author>Dr. Mustafa Khattab, the Clear Quran</author>
        <text>And listen! On the Day the caller will call out from a near place,</text>
      </translation>
    </translations>
    <rules>[{"start": 42, "end": 45, "rule_id": 0}, {"start": 56, "end": 58, "rule_id": 1}, {"start": 40, "end": 45, "rule_id": 3}, {"start": 48, "end": 53, "rule_id": 6}]</rules>
  </verse>
  <verse>
    <verseIdArabic>٤٢</verseIdArabic>
    <verseId>42</verseId>
    <chapterId>50</chapterId>
    <textIndopak>يَوۡمَ يَسۡمَعُونَ ٱلصَّيۡحَةَ بِٱلۡحَقِّۚ ذَٰلِكَ يَوۡمُ ٱلۡخُرُوجِ</textIndopak>
    <translations>
      <translation>
        <author>Dr. Mustafa Khattab, the Clear Quran</author>
        <text>the Day all will hear the ˹mighty˺ Blast in ˹all˺ truth, that will be the Day of emergence ˹from the graves˺.</text>
      </translation>
    </translations>
    <rules>[{"start": 67, "end": 69, "rule_id": 1}]</rules>
  </verse>
  <verse>
    <verseIdArabic>٤٣</verseIdArabic>
    <verseId>43</verseId>
    <chapterId>50</chapterId>
    <textIndopak>إِنَّا نَحۡنُ نُحۡيِۦ وَنُمِيتُ وَإِلَيۡنَا ٱلۡمَصِيرُ</textIndopak>
    <translations>
      <translation>
        <author>Dr. Mustafa Khattab, the Clear Quran</author>
        <text>It is certainly We Who give life and cause death. And to Us is the final return.</text>
      </translation>
    </translations>
    <rules>[{"start": 2, "end": 5, "rule_id": 0}]</rules>
  </verse>
  <verse>
    <verseIdArabic>٤٤</verseIdArabic>
    <verseId>44</verseId>
    <chapterId>50</chapterId>
    <textIndopak>يَوۡمَ تَشَقَّقُ ٱلۡأَرۡضُ عَنۡهُمۡ سِرَاعٗاۚ ذَٰلِكَ حَشۡرٌ عَلَيۡنَا يَسِيرٞ</textIndopak>
    <translations>
      <translation>
        <author>Dr. Mustafa Khattab, the Clear Quran</author>
        <text>˹Beware of˺ the Day the earth will split open, letting them rush forth. That will be an easy gathering for Us.</text>
      </translation>
    </translations>
  </verse>
  <verse>
    <verseIdArabic>٤٥</verseIdArabic>
    <verseId>45</verseId>
    <chapterId>50</chapterId>
    <textIndopak>نَّحۡنُ أَعۡلَمُ بِمَا يَقُولُونَۖ وَمَآ أَنتَ عَلَيۡهِم بِجَبَّارٖۖ فَذَكِّرۡ بِٱلۡقُرۡءَانِ مَن يَخَافُ وَعِيدِ</textIndopak>
    <translations>
      <translation>
        <author>Dr. Mustafa Khattab, the Clear Quran</author>
        <text>We know best what they say. And you ˹O Prophet˺ are not ˹there˺ to compel them ˹to believe˺. So remind with the Quran ˹only˺ those who fear My warning.</text>
      </translation>
    </translations>
    <rules>[{"start": 0, "end": 3, "rule_id": 0}, {"start": 114, "end": 116, "rule_id": 1}, {"start": 99, "end": 103, "rule_id": 3}, {"start": 45, "end": 48, "rule_id": 6}, {"start": 57, "end": 61, "rule_id": 7}]</rules>
  </verse>
</verses>
