<?xml version="1.0" encoding="UTF-8"?>

<verses>
  <verse>
    <verseIdArabic>١</verseIdArabic>
    <verseId>1</verseId>
    <chapterId>51</chapterId>
    <textIndopak>وَٱلذَّٰرِيَٰتِ ذَرۡوٗا</textIndopak>
    <translations>
      <translation>
        <author>Dr. Mustafa Khattab, the Clear Quran</author>
        <text>By the winds scattering ˹dust˺,</text>
      </translation>
    </translations>
  </verse>
  <verse>
    <verseIdArabic>٢</verseIdArabic>
    <verseId>2</verseId>
    <chapterId>51</chapterId>
    <textIndopak>فَٱلۡحَٰمِلَٰتِ وِقۡرٗا</textIndopak>
    <translations>
      <translation>
        <author>Dr. Mustafa Khattab, the Clear Quran</author>
        <text>and ˹the clouds˺ loaded with rain,</text>
      </translation>
    </translations>
    <rules>[{"start": 18, "end": 20, "rule_id": 1}]</rules>
  </verse>
  <verse>
    <verseIdArabic>٣</verseIdArabic>
    <verseId>3</verseId>
    <chapterId>51</chapterId>
    <textIndopak>فَٱلۡجَٰرِيَٰتِ يُسۡرٗا</textIndopak>
    <translations>
      <translation>
        <author>Dr. Mustafa Khattab, the Clear Quran</author>
        <text>and ˹the ships˺ gliding with ease,</text>
      </translation>
    </translations>
  </verse>
  <verse>
    <verseIdArabic>٤</verseIdArabic>
    <verseId>4</verseId>
    <chapterId>51</chapterId>
    <textIndopak>فَٱلۡمُقَسِّمَٰتِ أَمۡرًا</textIndopak>
    <translations>
      <translation>
        <author>Dr. Mustafa Khattab, the Clear Quran</author>
        <text>and ˹the angels˺ administering affairs by ˹Allah’s˺ command!</text>
      </translation>
    </translations>
  </verse>
  <verse>
    <verseIdArabic>٥</verseIdArabic>
    <verseId>5</verseId>
    <chapterId>51</chapterId>
    <textIndopak>إِنَّمَا تُوعَدُونَ لَصَادِقٞ</textIndopak>
    <translations>
      <translation>
        <author>Dr. Mustafa Khattab, the Clear Quran</author>
        <text>Indeed, what you are promised is true.</text>
      </translation>
    </translations>
    <rules>[{"start": 2, "end": 5, "rule_id": 0}, {"start": 27, "end": 29, "rule_id": 1}]</rules>
  </verse>
  <verse>
    <verseIdArabic>٦</verseIdArabic>
    <verseId>6</verseId>
    <chapterId>51</chapterId>
    <textIndopak>وَإِنَّ ٱلدِّينَ لَوَٰقِعٞ</textIndopak>
    <translations>
      <translation>
        <author>Dr. Mustafa Khattab, the Clear Quran</author>
        <text>And the Judgment will certainly come to pass.</text>
      </translation>
    </translations>
    <rules>[{"start": 4, "end": 7, "rule_id": 0}]</rules>
  </verse>
  <verse>
    <verseIdArabic>٧</verseIdArabic>
    <verseId>7</verseId>
    <chapterId>51</chapterId>
    <textIndopak>وَٱلسَّمَآءِ ذَاتِ ٱلۡحُبُكِ</textIndopak>
    <translations>
      <translation>
        <author>Dr. Mustafa Khattab, the Clear Quran</author>
        <text>˹And˺ by the heavens in their marvellous design!</text>
      </translation>
    </translations>
  </verse>
  <verse>
    <verseIdArabic>٨</verseIdArabic>
    <verseId>8</verseId>
    <chapterId>51</chapterId>
    <textIndopak>إِنَّكُمۡ لَفِي قَوۡلٖ مُّخۡتَلِفٖ</textIndopak>
    <translations>
      <translation>
        <author>Dr. Mustafa Khattab, the Clear Quran</author>
        <text>Surely you are ˹lost˺ in conflicting views ˹regarding the truth˺.</text>
      </translation>
    </translations>
    <rules>[{"start": 2, "end": 5, "rule_id": 0}, {"start": 23, "end": 26, "rule_id": 0}, {"start": 20, "end": 26, "rule_id": 3}]</rules>
  </verse>
  <verse>
    <verseIdArabic>٩</verseIdArabic>
    <verseId>9</verseId>
    <chapterId>51</chapterId>
    <textIndopak>يُؤۡفَكُ عَنۡهُ مَنۡ أُفِكَ</textIndopak>
    <translations>
      <translation>
        <author>Dr. Mustafa Khattab, the Clear Quran</author>
        <text>Only those ˹destined to be˺ deluded are turned away from it.</text>
      </translation>
    </translations>
  </verse>
  <verse>
    <verseIdArabic>١٠</verseIdArabic>
    <verseId>10</verseId>
    <chapterId>51</chapterId>
    <textIndopak>قُتِلَ ٱلۡخَرَّٰصُونَ</textIndopak>
    <translations>
      <translation>
        <author>Dr. Mustafa Khattab, the Clear Quran</author>
        <text>Condemned are the liars—</text>
      </translation>
    </translations>
  </verse>
  <verse>
    <verseIdArabic>١١</verseIdArabic>
    <verseId>11</verseId>
    <chapterId>51</chapterId>
    <textIndopak>ٱلَّذِينَ هُمۡ فِي غَمۡرَةٖ سَاهُونَ</textIndopak>
    <translations>
      <translation>
        <author>Dr. Mustafa Khattab, the Clear Quran</author>
        <text>those who are ˹steeped˺ in ignorance, totally heedless.</text>
      </translation>
    </translations>
    <rules>[{"start": 25, "end": 30, "rule_id": 6}]</rules>
  </verse>
  <verse>
    <verseIdArabic>١٢</verseIdArabic>
    <verseId>12</verseId>
    <chapterId>51</chapterId>
    <textIndopak>يَسۡـَٔلُونَ أَيَّانَ يَوۡمُ ٱلدِّينِ</textIndopak>
    <translations>
      <translation>
        <author>Dr. Mustafa Khattab, the Clear Quran</author>
        <text>They ask ˹mockingly˺, “When is this Day of Judgment?”</text>
      </translation>
    </translations>
  </verse>
  <verse>
    <verseIdArabic>١٣</verseIdArabic>
    <verseId>13</verseId>
    <chapterId>51</chapterId>
    <textIndopak>يَوۡمَ هُمۡ عَلَى ٱلنَّارِ يُفۡتَنُونَ</textIndopak>
    <translations>
      <translation>
        <author>Dr. Mustafa Khattab, the Clear Quran</author>
        <text>˹It is˺ the Day they will be tormented over the Fire.</text>
      </translation>
    </translations>
    <rules>[{"start": 20, "end": 23, "rule_id": 0}]</rules>
  </verse>
  <verse>
    <verseIdArabic>١٤</verseIdArabic>
    <verseId>14</verseId>
    <chapterId>51</chapterId>
    <textIndopak>ذُوقُواْ فِتۡنَتَكُمۡ هَٰذَا ٱلَّذِي كُنتُم بِهِۦ تَسۡتَعۡجِلُونَ</textIndopak>
    <translations>
      <translation>
        <author>Dr. Mustafa Khattab, the Clear Quran</author>
        <text>˹They will be told,˺ “Taste your torment! This is what you sought to hasten.”</text>
      </translation>
    </translations>
    <rules>[{"start": 39, "end": 42, "rule_id": 6}, {"start": 42, "end": 46, "rule_id": 7}]</rules>
  </verse>
  <verse>
    <verseIdArabic>١٥</verseIdArabic>
    <verseId>15</verseId>
    <chapterId>51</chapterId>
    <textIndopak>إِنَّ ٱلۡمُتَّقِينَ فِي جَنَّٰتٖ وَعُيُونٍ</textIndopak>
    <translations>
      <translation>
        <author>Dr. Mustafa Khattab, the Clear Quran</author>
        <text>Indeed, the righteous will be amid Gardens and springs,</text>
      </translation>
    </translations>
    <rules>[{"start": 2, "end": 5, "rule_id": 0}, {"start": 26, "end": 30, "rule_id": 0}, {"start": 30, "end": 35, "rule_id": 3}]</rules>
  </verse>
  <verse>
    <verseIdArabic>١٦</verseIdArabic>
    <verseId>16</verseId>
    <chapterId>51</chapterId>
    <textIndopak>ءَاخِذِينَ مَآ ءَاتَىٰهُمۡ رَبُّهُمۡۚ إِنَّهُمۡ كَانُواْ قَبۡلَ ذَٰلِكَ مُحۡسِنِينَ</textIndopak>
    <translations>
      <translation>
        <author>Dr. Mustafa Khattab, the Clear Quran</author>
        <text>˹joyfully˺ receiving what their Lord will grant them. Before this ˹reward˺ they were truly good-doers ˹in the world˺:</text>
      </translation>
    </translations>
    <rules>[{"start": 42, "end": 45, "rule_id": 0}, {"start": 61, "end": 63, "rule_id": 1}]</rules>
  </verse>
  <verse>
    <verseIdArabic>١٧</verseIdArabic>
    <verseId>17</verseId>
    <chapterId>51</chapterId>
    <textIndopak>كَانُواْ قَلِيلٗا مِّنَ ٱلَّيۡلِ مَا يَهۡجَعُونَ</textIndopak>
    <translations>
      <translation>
        <author>Dr. Mustafa Khattab, the Clear Quran</author>
        <text>they used to sleep only little in the night,</text>
      </translation>
    </translations>
    <rules>[{"start": 18, "end": 21, "rule_id": 0}, {"start": 14, "end": 21, "rule_id": 3}]</rules>
  </verse>
  <verse>
    <verseIdArabic>١٨</verseIdArabic>
    <verseId>18</verseId>
    <chapterId>51</chapterId>
    <textIndopak>وَبِٱلۡأَسۡحَارِ هُمۡ يَسۡتَغۡفِرُونَ</textIndopak>
    <translations>
      <translation>
        <author>Dr. Mustafa Khattab, the Clear Quran</author>
        <text>and pray for forgiveness before dawn.</text>
      </translation>
    </translations>
  </verse>
  <verse>
    <verseIdArabic>١٩</verseIdArabic>
    <verseId>19</verseId>
    <chapterId>51</chapterId>
    <textIndopak>وَفِيٓ أَمۡوَٰلِهِمۡ حَقّٞ لِّلسَّآئِلِ وَٱلۡمَحۡرُومِ</textIndopak>
    <translations>
      <translation>
        <author>Dr. Mustafa Khattab, the Clear Quran</author>
        <text>And in their wealth there was a rightful share ˹fulfilled˺ for the beggar and the poor.</text>
      </translation>
    </translations>
    <rules>[{"start": 23, "end": 30, "rule_id": 5}]</rules>
  </verse>
  <verse>
    <verseIdArabic>٢٠</verseIdArabic>
    <verseId>20</verseId>
    <chapterId>51</chapterId>
    <textIndopak>وَفِي ٱلۡأَرۡضِ ءَايَٰتٞ لِّلۡمُوقِنِينَ</textIndopak>
    <translations>
      <translation>
        <author>Dr. Mustafa Khattab, the Clear Quran</author>
        <text>There are ˹countless˺ signs on earth for those with sure faith,</text>
      </translation>
    </translations>
    <rules>[{"start": 22, "end": 28, "rule_id": 5}]</rules>
  </verse>
  <verse>
    <verseIdArabic>٢١</verseIdArabic>
    <verseId>21</verseId>
    <chapterId>51</chapterId>
    <textIndopak>وَفِيٓ أَنفُسِكُمۡۚ أَفَلَا تُبۡصِرُونَ</textIndopak>
    <translations>
      <translation>
        <author>Dr. Mustafa Khattab, the Clear Quran</author>
        <text>as there are within yourselves. Can you not see?</text>
      </translation>
    </translations>
    <rules>[{"start": 31, "end": 33, "rule_id": 1}, {"start": 9, "end": 12, "rule_id": 6}]</rules>
  </verse>
  <verse>
    <verseIdArabic>٢٢</verseIdArabic>
    <verseId>22</verseId>
    <chapterId>51</chapterId>
    <textIndopak>وَفِي ٱلسَّمَآءِ رِزۡقُكُمۡ وَمَا تُوعَدُونَ</textIndopak>
    <translations>
      <translation>
        <author>Dr. Mustafa Khattab, the Clear Quran</author>
        <text>In heaven is your sustenance and whatever you are promised.</text>
      </translation>
    </translations>
  </verse>
  <verse>
    <verseIdArabic>٢٣</verseIdArabic>
    <verseId>23</verseId>
    <chapterId>51</chapterId>
    <textIndopak>فَوَرَبِّ ٱلسَّمَآءِ وَٱلۡأَرۡضِ إِنَّهُۥ لَحَقّٞ مِّثۡلَ مَآ أَنَّكُمۡ تَنطِقُونَ</textIndopak>
    <translations>
      <translation>
        <author>Dr. Mustafa Khattab, the Clear Quran</author>
        <text>Then by the Lord of heaven and earth! ˹All˺ this is certainly as true as ˹the fact that˺ you can speak!</text>
      </translation>
    </translations>
    <rules>[{"start": 36, "end": 39, "rule_id": 0}, {"start": 51, "end": 54, "rule_id": 0}, {"start": 66, "end": 69, "rule_id": 0}, {"start": 47, "end": 54, "rule_id": 3}, {"start": 76, "end": 79, "rule_id": 6}]</rules>
  </verse>
  <verse>
    <verseIdArabic>٢٤</verseIdArabic>
    <verseId>24</verseId>
    <chapterId>51</chapterId>
    <textIndopak>هَلۡ أَتَىٰكَ حَدِيثُ ضَيۡفِ إِبۡرَٰهِيمَ ٱلۡمُكۡرَمِينَ</textIndopak>
    <translations>
      <translation>
        <author>Dr. Mustafa Khattab, the Clear Quran</author>
        <text>Has the story of Abraham’s honoured guests reached you ˹O Prophet˺?</text>
      </translation>
    </translations>
    <rules>[{"start": 31, "end": 33, "rule_id": 1}]</rules>
  </verse>
  <verse>
    <verseIdArabic>٢٥</verseIdArabic>
    <verseId>25</verseId>
    <chapterId>51</chapterId>
    <textIndopak>إِذۡ دَخَلُواْ عَلَيۡهِ فَقَالُواْ سَلَٰمٗاۖ قَالَ سَلَٰمٞ قَوۡمٞ مُّنكَرُونَ</textIndopak>
    <translations>
      <translation>
        <author>Dr. Mustafa Khattab, the Clear Quran</author>
        <text>˹Remember˺ when they entered his presence and greeted ˹him with˺, “Peace!” He replied, “Peace ˹be upon you˺!” ˹Then he said to himself,˺ “˹These are˺ an unfamiliar people.”</text>
      </translation>
    </translations>
    <rules>[{"start": 67, "end": 70, "rule_id": 0}, {"start": 64, "end": 70, "rule_id": 3}, {"start": 70, "end": 73, "rule_id": 6}, {"start": 57, "end": 62, "rule_id": 6}]</rules>
  </verse>
  <verse>
    <verseIdArabic>٢٦</verseIdArabic>
    <verseId>26</verseId>
    <chapterId>51</chapterId>
    <textIndopak>فَرَاغَ إِلَىٰٓ أَهۡلِهِۦ فَجَآءَ بِعِجۡلٖ سَمِينٖ</textIndopak>
    <translations>
      <translation>
        <author>Dr. Mustafa Khattab, the Clear Quran</author>
        <text>Then he slipped off to his family and brought a fat ˹roasted˺ calf,</text>
      </translation>
    </translations>
    <rules>[{"start": 39, "end": 41, "rule_id": 1}, {"start": 41, "end": 46, "rule_id": 6}]</rules>
  </verse>
  <verse>
    <verseIdArabic>٢٧</verseIdArabic>
    <verseId>27</verseId>
    <chapterId>51</chapterId>
    <textIndopak>فَقَرَّبَهُۥٓ إِلَيۡهِمۡ قَالَ أَلَا تَأۡكُلُونَ</textIndopak>
    <translations>
      <translation>
        <author>Dr. Mustafa Khattab, the Clear Quran</author>
        <text>and placed it before them, asking, “Will you not eat?”</text>
      </translation>
    </translations>
  </verse>
  <verse>
    <verseIdArabic>٢٨</verseIdArabic>
    <verseId>28</verseId>
    <chapterId>51</chapterId>
    <textIndopak>فَأَوۡجَسَ مِنۡهُمۡ خِيفَةٗۖ قَالُواْ لَا تَخَفۡۖ وَبَشَّرُوهُ بِغُلَٰمٍ عَلِيمٖ</textIndopak>
    <translations>
      <translation>
        <author>Dr. Mustafa Khattab, the Clear Quran</author>
        <text>˹They did not eat,˺ so he grew fearful of them. They reassured ˹him˺, “Do not be afraid,” and gave him good news of a knowledgeable son.</text>
      </translation>
    </translations>
  </verse>
  <verse>
    <verseIdArabic>٢٩</verseIdArabic>
    <verseId>29</verseId>
    <chapterId>51</chapterId>
    <textIndopak>فَأَقۡبَلَتِ ٱمۡرَأَتُهُۥ فِي صَرَّةٖ فَصَكَّتۡ وَجۡهَهَا وَقَالَتۡ عَجُوزٌ عَقِيمٞ</textIndopak>
    <translations>
      <translation>
        <author>Dr. Mustafa Khattab, the Clear Quran</author>
        <text>Then his wife came forward with a cry, clasping her forehead ˹in astonishment˺, exclaiming, “˹A baby from˺ a barren, old woman!”</text>
      </translation>
    </translations>
    <rules>[{"start": 4, "end": 6, "rule_id": 1}, {"start": 50, "end": 52, "rule_id": 1}, {"start": 35, "end": 40, "rule_id": 6}]</rules>
  </verse>
  <verse>
    <verseIdArabic>٣٠</verseIdArabic>
    <verseId>30</verseId>
    <chapterId>51</chapterId>
    <textIndopak>قَالُواْ كَذَٰلِكِ قَالَ رَبُّكِۖ إِنَّهُۥ هُوَ ٱلۡحَكِيمُ ٱلۡعَلِيمُ</textIndopak>
    <translations>
      <translation>
        <author>Dr. Mustafa Khattab, the Clear Quran</author>
        <text>They replied, “Such has your Lord decreed. He is truly the All-Wise, All-Knowing.”</text>
      </translation>
    </translations>
    <rules>[{"start": 37, "end": 40, "rule_id": 0}]</rules>
  </verse>
  <verse>
    <verseIdArabic>٣١</verseIdArabic>
    <verseId>31</verseId>
    <chapterId>51</chapterId>
    <textIndopak>۞ قَالَ فَمَا خَطۡبُكُمۡ أَيُّهَا ٱلۡمُرۡسَلُونَ</textIndopak>
    <translations>
      <translation>
        <author>Dr. Mustafa Khattab, the Clear Quran</author>
        <text>˹Later,˺ Abraham asked, “What is your mission, O messengers?”</text>
      </translation>
    </translations>
    <rules>[{"start": 16, "end": 18, "rule_id": 1}]</rules>
  </verse>
  <verse>
    <verseIdArabic>٣٢</verseIdArabic>
    <verseId>32</verseId>
    <chapterId>51</chapterId>
    <textIndopak>قَالُوٓاْ إِنَّآ أُرۡسِلۡنَآ إِلَىٰ قَوۡمٖ مُّجۡرِمِينَ</textIndopak>
    <translations>
      <translation>
        <author>Dr. Mustafa Khattab, the Clear Quran</author>
        <text>They replied, “We have actually been sent to a wicked people,</text>
      </translation>
    </translations>
    <rules>[{"start": 12, "end": 15, "rule_id": 0}, {"start": 45, "end": 48, "rule_id": 0}, {"start": 48, "end": 50, "rule_id": 1}, {"start": 42, "end": 48, "rule_id": 3}]</rules>
  </verse>
  <verse>
    <verseIdArabic>٣٣</verseIdArabic>
    <verseId>33</verseId>
    <chapterId>51</chapterId>
    <textIndopak>لِنُرۡسِلَ عَلَيۡهِمۡ حِجَارَةٗ مِّن طِينٖ</textIndopak>
    <translations>
      <translation>
        <author>Dr. Mustafa Khattab, the Clear Quran</author>
        <text>to send upon them stones of ˹baked˺ clay,</text>
      </translation>
    </translations>
    <rules>[{"start": 32, "end": 35, "rule_id": 0}, {"start": 29, "end": 35, "rule_id": 3}, {"start": 35, "end": 39, "rule_id": 6}]</rules>
  </verse>
  <verse>
    <verseIdArabic>٣٤</verseIdArabic>
    <verseId>34</verseId>
    <chapterId>51</chapterId>
    <textIndopak>مُّسَوَّمَةً عِندَ رَبِّكَ لِلۡمُسۡرِفِينَ</textIndopak>
    <translations>
      <translation>
        <author>Dr. Mustafa Khattab, the Clear Quran</author>
        <text>marked by your Lord for the transgressors.”</text>
      </translation>
    </translations>
    <rules>[{"start": 0, "end": 3, "rule_id": 0}, {"start": 15, "end": 18, "rule_id": 6}]</rules>
  </verse>
  <verse>
    <verseIdArabic>٣٥</verseIdArabic>
    <verseId>35</verseId>
    <chapterId>51</chapterId>
    <textIndopak>فَأَخۡرَجۡنَا مَن كَانَ فِيهَا مِنَ ٱلۡمُؤۡمِنِينَ</textIndopak>
    <translations>
      <translation>
        <author>Dr. Mustafa Khattab, the Clear Quran</author>
        <text>Then ˹before the torment˺ We evacuated the believers from the city.</text>
      </translation>
    </translations>
    <rules>[{"start": 8, "end": 10, "rule_id": 1}, {"start": 16, "end": 20, "rule_id": 6}]</rules>
  </verse>
  <verse>
    <verseIdArabic>٣٦</verseIdArabic>
    <verseId>36</verseId>
    <chapterId>51</chapterId>
    <textIndopak>فَمَا وَجَدۡنَا فِيهَا غَيۡرَ بَيۡتٖ مِّنَ ٱلۡمُسۡلِمِينَ</textIndopak>
    <translations>
      <translation>
        <author>Dr. Mustafa Khattab, the Clear Quran</author>
        <text>But We only found one family that had submitted ˹to Allah˺.</text>
      </translation>
    </translations>
    <rules>[{"start": 37, "end": 40, "rule_id": 0}, {"start": 10, "end": 12, "rule_id": 1}, {"start": 34, "end": 40, "rule_id": 3}]</rules>
  </verse>
  <verse>
    <verseIdArabic>٣٧</verseIdArabic>
    <verseId>37</verseId>
    <chapterId>51</chapterId>
    <textIndopak>وَتَرَكۡنَا فِيهَآ ءَايَةٗ لِّلَّذِينَ يَخَافُونَ ٱلۡعَذَابَ ٱلۡأَلِيمَ</textIndopak>
    <translations>
      <translation>
        <author>Dr. Mustafa Khattab, the Clear Quran</author>
        <text>And We have left a sign there ˹as a lesson˺ for those who fear the painful punishment.</text>
      </translation>
    </translations>
    <rules>[{"start": 25, "end": 31, "rule_id": 5}]</rules>
  </verse>
  <verse>
    <verseIdArabic>٣٨</verseIdArabic>
    <verseId>38</verseId>
    <chapterId>51</chapterId>
    <textIndopak>وَفِي مُوسَىٰٓ إِذۡ أَرۡسَلۡنَٰهُ إِلَىٰ فِرۡعَوۡنَ بِسُلۡطَٰنٖ مُّبِينٖ</textIndopak>
    <translations>
      <translation>
        <author>Dr. Mustafa Khattab, the Clear Quran</author>
        <text>And in ˹the story of˺ Moses ˹was another lesson,˺ when We sent him to Pharaoh with compelling proof,</text>
      </translation>
    </translations>
    <rules>[{"start": 64, "end": 67, "rule_id": 0}, {"start": 61, "end": 67, "rule_id": 3}]</rules>
  </verse>
  <verse>
    <verseIdArabic>٣٩</verseIdArabic>
    <verseId>39</verseId>
    <chapterId>51</chapterId>
    <textIndopak>فَتَوَلَّىٰ بِرُكۡنِهِۦ وَقَالَ سَٰحِرٌ أَوۡ مَجۡنُونٞ</textIndopak>
    <translations>
      <translation>
        <author>Dr. Mustafa Khattab, the Clear Quran</author>
        <text>but Pharaoh was carried away by his power, saying ˹of Moses˺, “A magician or a madman!”</text>
      </translation>
    </translations>
    <rules>[{"start": 47, "end": 49, "rule_id": 1}]</rules>
  </verse>
  <verse>
    <verseIdArabic>٤٠</verseIdArabic>
    <verseId>40</verseId>
    <chapterId>51</chapterId>
    <textIndopak>فَأَخَذۡنَٰهُ وَجُنُودَهُۥ فَنَبَذۡنَٰهُمۡ فِي ٱلۡيَمِّ وَهُوَ مُلِيمٞ</textIndopak>
    <translations>
      <translation>
        <author>Dr. Mustafa Khattab, the Clear Quran</author>
        <text>So We seized him and his soldiers, casting them into the sea while he was blameworthy.</text>
      </translation>
    </translations>
    <rules>[{"start": 52, "end": 55, "rule_id": 0}]</rules>
  </verse>
  <verse>
    <verseIdArabic>٤١</verseIdArabic>
    <verseId>41</verseId>
    <chapterId>51</chapterId>
    <textIndopak>وَفِي عَادٍ إِذۡ أَرۡسَلۡنَا عَلَيۡهِمُ ٱلرِّيحَ ٱلۡعَقِيمَ</textIndopak>
    <translations>
      <translation>
        <author>Dr. Mustafa Khattab, the Clear Quran</author>
        <text>And in ˹the story of˺ ’Âd ˹was another lesson,˺ when We sent against them the devastating wind.</text>
      </translation>
    </translations>
  </verse>
  <verse>
    <verseIdArabic>٤٢</verseIdArabic>
    <verseId>42</verseId>
    <chapterId>51</chapterId>
    <textIndopak>مَا تَذَرُ مِن شَيۡءٍ أَتَتۡ عَلَيۡهِ إِلَّا جَعَلَتۡهُ كَٱلرَّمِيمِ</textIndopak>
    <translations>
      <translation>
        <author>Dr. Mustafa Khattab, the Clear Quran</author>
        <text>There was nothing it came upon that it did not reduce to ashes.</text>
      </translation>
    </translations>
    <rules>[{"start": 13, "end": 17, "rule_id": 6}]</rules>
  </verse>
  <verse>
    <verseIdArabic>٤٣</verseIdArabic>
    <verseId>43</verseId>
    <chapterId>51</chapterId>
    <textIndopak>وَفِي ثَمُودَ إِذۡ قِيلَ لَهُمۡ تَمَتَّعُواْ حَتَّىٰ حِينٖ</textIndopak>
    <translations>
      <translation>
        <author>Dr. Mustafa Khattab, the Clear Quran</author>
        <text>And in ˹the story of˺ Thamûd ˹was another lesson,˺ when they were told, “Enjoy yourselves ˹only˺ for a ˹short˺ while.”</text>
      </translation>
    </translations>
  </verse>
  <verse>
    <verseIdArabic>٤٤</verseIdArabic>
    <verseId>44</verseId>
    <chapterId>51</chapterId>
    <textIndopak>فَعَتَوۡاْ عَنۡ أَمۡرِ رَبِّهِمۡ فَأَخَذَتۡهُمُ ٱلصَّٰعِقَةُ وَهُمۡ يَنظُرُونَ</textIndopak>
    <translations>
      <translation>
        <author>Dr. Mustafa Khattab, the Clear Quran</author>
        <text>Still they persisted in defying the commands of their Lord, so they were overtaken by a ˹mighty˺ blast while they were looking on.</text>
      </translation>
    </translations>
    <rules>[{"start": 70, "end": 73, "rule_id": 6}]</rules>
  </verse>
  <verse>
    <verseIdArabic>٤٥</verseIdArabic>
    <verseId>45</verseId>
    <chapterId>51</chapterId>
    <textIndopak>فَمَا ٱسۡتَطَٰعُواْ مِن قِيَامٖ وَمَا كَانُواْ مُنتَصِرِينَ</textIndopak>
    <translations>
      <translation>
        <author>Dr. Mustafa Khattab, the Clear Quran</author>
        <text>Then they were not able to rise up, nor were they helped.</text>
      </translation>
    </translations>
    <rules>[{"start": 29, "end": 34, "rule_id": 3}, {"start": 22, "end": 26, "rule_id": 6}, {"start": 49, "end": 52, "rule_id": 6}]</rules>
  </verse>
  <verse>
    <verseIdArabic>٤٦</verseIdArabic>
    <verseId>46</verseId>
    <chapterId>51</chapterId>
    <textIndopak>وَقَوۡمَ نُوحٖ مِّن قَبۡلُۖ إِنَّهُمۡ كَانُواْ قَوۡمٗا فَٰسِقِينَ</textIndopak>
    <translations>
      <translation>
        <author>Dr. Mustafa Khattab, the Clear Quran</author>
        <text>And the people of Noah ˹had also been destroyed˺ earlier. They were truly a rebellious people.</text>
      </translation>
    </translations>
    <rules>[{"start": 15, "end": 18, "rule_id": 0}, {"start": 31, "end": 34, "rule_id": 0}, {"start": 22, "end": 24, "rule_id": 1}, {"start": 12, "end": 18, "rule_id": 3}, {"start": 18, "end": 22, "rule_id": 6}]</rules>
  </verse>
  <verse>
    <verseIdArabic>٤٧</verseIdArabic>
    <verseId>47</verseId>
    <chapterId>51</chapterId>
    <textIndopak>وَٱلسَّمَآءَ بَنَيۡنَٰهَا بِأَيۡيْدٖ وَإِنَّا لَمُوسِعُونَ</textIndopak>
    <translations>
      <translation>
        <author>Dr. Mustafa Khattab, the Clear Quran</author>
        <text>We built the universe with ˹great˺ might, and We are certainly expanding ˹it˺.</text>
      </translation>
    </translations>
    <rules>[{"start": 42, "end": 45, "rule_id": 0}, {"start": 35, "end": 40, "rule_id": 3}]</rules>
  </verse>
  <verse>
    <verseIdArabic>٤٨</verseIdArabic>
    <verseId>48</verseId>
    <chapterId>51</chapterId>
    <textIndopak>وَٱلۡأَرۡضَ فَرَشۡنَٰهَا فَنِعۡمَ ٱلۡمَٰهِدُونَ</textIndopak>
    <translations>
      <translation>
        <author>Dr. Mustafa Khattab, the Clear Quran</author>
        <text>As for the earth, We spread it out. How superbly did We smooth it out!</text>
      </translation>
    </translations>
  </verse>
  <verse>
    <verseIdArabic>٤٩</verseIdArabic>
    <verseId>49</verseId>
    <chapterId>51</chapterId>
    <textIndopak>وَمِن كُلِّ شَيۡءٍ خَلَقۡنَا زَوۡجَيۡنِ لَعَلَّكُمۡ تَذَكَّرُونَ</textIndopak>
    <translations>
      <translation>
        <author>Dr. Mustafa Khattab, the Clear Quran</author>
        <text>And We created pairs of all things so perhaps you would be mindful.</text>
      </translation>
    </translations>
    <rules>[{"start": 23, "end": 25, "rule_id": 1}, {"start": 4, "end": 8, "rule_id": 6}]</rules>
  </verse>
  <verse>
    <verseIdArabic>٥٠</verseIdArabic>
    <verseId>50</verseId>
    <chapterId>51</chapterId>
    <textIndopak>فَفِرُّوٓاْ إِلَى ٱللَّهِۖ إِنِّي لَكُم مِّنۡهُ نَذِيرٞ مُّبِينٞ</textIndopak>
    <translations>
      <translation>
        <author>Dr. Mustafa Khattab, the Clear Quran</author>
        <text>So ˹proclaim, O Prophet˺: “Flee to Allah! I am truly sent by Him with a clear warning to you.</text>
      </translation>
    </translations>
    <rules>[{"start": 30, "end": 33, "rule_id": 0}, {"start": 41, "end": 44, "rule_id": 0}, {"start": 57, "end": 60, "rule_id": 0}, {"start": 54, "end": 60, "rule_id": 3}, {"start": 39, "end": 44, "rule_id": 4}]</rules>
  </verse>
  <verse>
    <verseIdArabic>٥١</verseIdArabic>
    <verseId>51</verseId>
    <chapterId>51</chapterId>
    <textIndopak>وَلَا تَجۡعَلُواْ مَعَ ٱللَّهِ إِلَٰهًا ءَاخَرَۖ إِنِّي لَكُم مِّنۡهُ نَذِيرٞ مُّبِينٞ</textIndopak>
    <translations>
      <translation>
        <author>Dr. Mustafa Khattab, the Clear Quran</author>
        <text>And do not set up another god with Allah. I am truly sent by Him with a clear warning to you.”</text>
      </translation>
    </translations>
    <rules>[{"start": 52, "end": 55, "rule_id": 0}, {"start": 63, "end": 66, "rule_id": 0}, {"start": 79, "end": 82, "rule_id": 0}, {"start": 8, "end": 10, "rule_id": 1}, {"start": 76, "end": 82, "rule_id": 3}, {"start": 61, "end": 66, "rule_id": 4}]</rules>
  </verse>
  <verse>
    <verseIdArabic>٥٢</verseIdArabic>
    <verseId>52</verseId>
    <chapterId>51</chapterId>
    <textIndopak>كَذَٰلِكَ مَآ أَتَى ٱلَّذِينَ مِن قَبۡلِهِم مِّن رَّسُولٍ إِلَّا قَالُواْ سَاحِرٌ أَوۡ مَجۡنُونٌ</textIndopak>
    <translations>
      <translation>
        <author>Dr. Mustafa Khattab, the Clear Quran</author>
        <text>Similarly, no messenger came to those before them without being told: “A magician or a madman!”</text>
      </translation>
    </translations>
    <rules>[{"start": 45, "end": 48, "rule_id": 0}, {"start": 37, "end": 39, "rule_id": 1}, {"start": 90, "end": 92, "rule_id": 1}, {"start": 43, "end": 48, "rule_id": 4}, {"start": 48, "end": 53, "rule_id": 5}, {"start": 33, "end": 37, "rule_id": 6}]</rules>
  </verse>
  <verse>
    <verseIdArabic>٥٣</verseIdArabic>
    <verseId>53</verseId>
    <chapterId>51</chapterId>
    <textIndopak>أَتَوَاصَوۡاْ بِهِۦۚ بَلۡ هُمۡ قَوۡمٞ طَاغُونَ</textIndopak>
    <translations>
      <translation>
        <author>Dr. Mustafa Khattab, the Clear Quran</author>
        <text>Have they passed this ˹cliché˺ down to one another? In fact, they have ˹all˺ been a transgressing people.</text>
      </translation>
    </translations>
    <rules>[{"start": 36, "end": 41, "rule_id": 6}]</rules>
  </verse>
  <verse>
    <verseIdArabic>٥٤</verseIdArabic>
    <verseId>54</verseId>
    <chapterId>51</chapterId>
    <textIndopak>فَتَوَلَّ عَنۡهُمۡ فَمَآ أَنتَ بِمَلُومٖ</textIndopak>
    <translations>
      <translation>
        <author>Dr. Mustafa Khattab, the Clear Quran</author>
        <text>So ˹now˺ turn away from them ˹O Prophet˺, for you will not be blamed.</text>
      </translation>
    </translations>
    <rules>[{"start": 28, "end": 31, "rule_id": 6}]</rules>
  </verse>
  <verse>
    <verseIdArabic>٥٥</verseIdArabic>
    <verseId>55</verseId>
    <chapterId>51</chapterId>
    <textIndopak>وَذَكِّرۡ فَإِنَّ ٱلذِّكۡرَىٰ تَنفَعُ ٱلۡمُؤۡمِنِينَ</textIndopak>
    <translations>
      <translation>
        <author>Dr. Mustafa Khattab, the Clear Quran</author>
        <text>But ˹continue to˺ remind. For certainly reminders benefit the believers.</text>
      </translation>
    </translations>
    <rules>[{"start": 14, "end": 17, "rule_id": 0}, {"start": 32, "end": 35, "rule_id": 6}]</rules>
  </verse>
  <verse>
    <verseIdArabic>٥٦</verseIdArabic>
    <verseId>56</verseId>
    <chapterId>51</chapterId>
    <textIndopak>وَمَا خَلَقۡتُ ٱلۡجِنَّ وَٱلۡإِنسَ إِلَّا لِيَعۡبُدُونِ</textIndopak>
    <translations>
      <translation>
        <author>Dr. Mustafa Khattab, the Clear Quran</author>
        <text>I did not create jinn and humans except to worship Me.</text>
      </translation>
    </translations>
    <rules>[{"start": 20, "end": 23, "rule_id": 0}, {"start": 10, "end": 12, "rule_id": 1}, {"start": 31, "end": 34, "rule_id": 6}]</rules>
  </verse>
  <verse>
    <verseIdArabic>٥٧</verseIdArabic>
    <verseId>57</verseId>
    <chapterId>51</chapterId>
    <textIndopak>مَآ أُرِيدُ مِنۡهُم مِّن رِّزۡقٖ وَمَآ أُرِيدُ أَن يُطۡعِمُونِ</textIndopak>
    <translations>
      <translation>
        <author>Dr. Mustafa Khattab, the Clear Quran</author>
        <text>I seek no provision from them, nor do I need them to feed Me.</text>
      </translation>
    </translations>
    <rules>[{"start": 21, "end": 24, "rule_id": 0}, {"start": 55, "end": 57, "rule_id": 1}, {"start": 51, "end": 55, "rule_id": 3}, {"start": 31, "end": 36, "rule_id": 3}, {"start": 19, "end": 24, "rule_id": 4}, {"start": 24, "end": 29, "rule_id": 5}]</rules>
  </verse>
  <verse>
    <verseIdArabic>٥٨</verseIdArabic>
    <verseId>58</verseId>
    <chapterId>51</chapterId>
    <textIndopak>إِنَّ ٱللَّهَ هُوَ ٱلرَّزَّاقُ ذُو ٱلۡقُوَّةِ ٱلۡمَتِينُ</textIndopak>
    <translations>
      <translation>
        <author>Dr. Mustafa Khattab, the Clear Quran</author>
        <text>Indeed, Allah ˹alone˺ is the Supreme Provider—Lord of all Power, Ever Mighty.</text>
      </translation>
    </translations>
    <rules>[{"start": 2, "end": 5, "rule_id": 0}]</rules>
  </verse>
  <verse>
    <verseIdArabic>٥٩</verseIdArabic>
    <verseId>59</verseId>
    <chapterId>51</chapterId>
    <textIndopak>فَإِنَّ لِلَّذِينَ ظَلَمُواْ ذَنُوبٗا مِّثۡلَ ذَنُوبِ أَصۡحَٰبِهِمۡ فَلَا يَسۡتَعۡجِلُونِ</textIndopak>
    <translations>
      <translation>
        <author>Dr. Mustafa Khattab, the Clear Quran</author>
        <text>The wrongdoers will certainly have a share ˹of the torment˺ like that of their predecessors. So do not let them ask Me to hasten ˹it˺.</text>
      </translation>
    </translations>
    <rules>[{"start": 4, "end": 7, "rule_id": 0}, {"start": 38, "end": 41, "rule_id": 0}, {"start": 34, "end": 41, "rule_id": 3}]</rules>
  </verse>
  <verse>
    <verseIdArabic>٦٠</verseIdArabic>
    <verseId>60</verseId>
    <chapterId>51</chapterId>
    <textIndopak>فَوَيۡلٞ لِّلَّذِينَ كَفَرُواْ مِن يَوۡمِهِمُ ٱلَّذِي يُوعَدُونَ</textIndopak>
    <translations>
      <translation>
        <author>Dr. Mustafa Khattab, the Clear Quran</author>
        <text>Woe then to the disbelievers when they face their Day which they are warned of!</text>
      </translation>
    </translations>
    <rules>[{"start": 33, "end": 37, "rule_id": 3}, {"start": 6, "end": 12, "rule_id": 5}]</rules>
  </verse>
</verses>
