<?xml version="1.0" encoding="UTF-8"?>

<verses>
  <verse>
    <verseIdArabic>١</verseIdArabic>
    <verseId>1</verseId>
    <chapterId>54</chapterId>
    <textIndopak>ٱقۡتَرَبَتِ ٱلسَّاعَةُ وَٱنشَقَّ ٱلۡقَمَرُ</textIndopak>
    <translations>
      <translation>
        <author>Dr. Mustafa Khattab, the Clear Quran</author>
        <text>The Hour has drawn near and the moon was split ˹in two˺.</text>
      </translation>
    </translations>
    <rules>[{"start": 1, "end": 3, "rule_id": 1}, {"start": 26, "end": 29, "rule_id": 6}]</rules>
  </verse>
  <verse>
    <verseIdArabic>٢</verseIdArabic>
    <verseId>2</verseId>
    <chapterId>54</chapterId>
    <textIndopak>وَإِن يَرَوۡاْ ءَايَةٗ يُعۡرِضُواْ وَيَقُولُواْ سِحۡرٞ مُّسۡتَمِرّٞ</textIndopak>
    <translations>
      <translation>
        <author>Dr. Mustafa Khattab, the Clear Quran</author>
        <text>Yet, whenever they see a sign, they turn away, saying, “Same old magic!”</text>
      </translation>
    </translations>
    <rules>[{"start": 55, "end": 58, "rule_id": 0}, {"start": 4, "end": 8, "rule_id": 3}, {"start": 20, "end": 25, "rule_id": 3}, {"start": 52, "end": 58, "rule_id": 3}]</rules>
  </verse>
  <verse>
    <verseIdArabic>٣</verseIdArabic>
    <verseId>3</verseId>
    <chapterId>54</chapterId>
    <textIndopak>وَكَذَّبُواْ وَٱتَّبَعُوٓاْ أَهۡوَآءَهُمۡۚ وَكُلُّ أَمۡرٖ مُّسۡتَقِرّٞ</textIndopak>
    <translations>
      <translation>
        <author>Dr. Mustafa Khattab, the Clear Quran</author>
        <text>They rejected ˹the truth˺ and followed their own desires—and every matter will be settled—</text>
      </translation>
    </translations>
    <rules>[{"start": 60, "end": 63, "rule_id": 0}, {"start": 57, "end": 63, "rule_id": 3}]</rules>
  </verse>
  <verse>
    <verseIdArabic>٤</verseIdArabic>
    <verseId>4</verseId>
    <chapterId>54</chapterId>
    <textIndopak>وَلَقَدۡ جَآءَهُم مِّنَ ٱلۡأَنۢبَآءِ مَا فِيهِ مُزۡدَجَرٌ</textIndopak>
    <translations>
      <translation>
        <author>Dr. Mustafa Khattab, the Clear Quran</author>
        <text>even though the stories ˹of destroyed nations˺ that have already come to them are a sufficient deterrent.</text>
      </translation>
    </translations>
    <rules>[{"start": 19, "end": 22, "rule_id": 0}, {"start": 6, "end": 8, "rule_id": 1}, {"start": 30, "end": 34, "rule_id": 2}, {"start": 17, "end": 22, "rule_id": 4}]</rules>
  </verse>
  <verse>
    <verseIdArabic>٥</verseIdArabic>
    <verseId>5</verseId>
    <chapterId>54</chapterId>
    <textIndopak>حِكۡمَةُۢ بَٰلِغَةٞۖ فَمَا تُغۡنِ ٱلنُّذُرُ</textIndopak>
    <translations>
      <translation>
        <author>Dr. Mustafa Khattab, the Clear Quran</author>
        <text>˹This Quran is˺ profound ˹in˺ wisdom, but warnings are of no benefit ˹to them˺.</text>
      </translation>
    </translations>
    <rules>[{"start": 37, "end": 40, "rule_id": 0}, {"start": 6, "end": 13, "rule_id": 2}]</rules>
  </verse>
  <verse>
    <verseIdArabic>٦</verseIdArabic>
    <verseId>6</verseId>
    <chapterId>54</chapterId>
    <textIndopak>فَتَوَلَّ عَنۡهُمۡۘ يَوۡمَ يَدۡعُ ٱلدَّاعِ إِلَىٰ شَيۡءٖ نُّكُرٍ</textIndopak>
    <translations>
      <translation>
        <author>Dr. Mustafa Khattab, the Clear Quran</author>
        <text>So turn away from them ˹O Prophet˺. ˹And wait for˺ the Day ˹when˺ the caller will summon ˹them˺ for something horrifying.</text>
      </translation>
    </translations>
    <rules>[{"start": 58, "end": 61, "rule_id": 0}, {"start": 30, "end": 32, "rule_id": 1}, {"start": 55, "end": 61, "rule_id": 3}]</rules>
  </verse>
  <verse>
    <verseIdArabic>٧</verseIdArabic>
    <verseId>7</verseId>
    <chapterId>54</chapterId>
    <textIndopak>خُشَّعًا أَبۡصَٰرُهُمۡ يَخۡرُجُونَ مِنَ ٱلۡأَجۡدَاثِ كَأَنَّهُمۡ جَرَادٞ مُّنتَشِرٞ</textIndopak>
    <translations>
      <translation>
        <author>Dr. Mustafa Khattab, the Clear Quran</author>
        <text>With eyes downcast, they will come forth from the graves as if they were swarming locusts,</text>
      </translation>
    </translations>
    <rules>[{"start": 57, "end": 60, "rule_id": 0}, {"start": 73, "end": 76, "rule_id": 0}, {"start": 11, "end": 13, "rule_id": 1}, {"start": 45, "end": 47, "rule_id": 1}, {"start": 70, "end": 76, "rule_id": 3}, {"start": 76, "end": 79, "rule_id": 6}]</rules>
  </verse>
  <verse>
    <verseIdArabic>٨</verseIdArabic>
    <verseId>8</verseId>
    <chapterId>54</chapterId>
    <textIndopak>مُّهۡطِعِينَ إِلَى ٱلدَّاعِۖ يَقُولُ ٱلۡكَٰفِرُونَ هَٰذَا يَوۡمٌ عَسِرٞ</textIndopak>
    <translations>
      <translation>
        <author>Dr. Mustafa Khattab, the Clear Quran</author>
        <text>rushing towards the caller. The disbelievers will cry, “This is a difficult Day!”</text>
      </translation>
    </translations>
    <rules>[{"start": 0, "end": 3, "rule_id": 0}]</rules>
  </verse>
  <verse>
    <verseIdArabic>٩</verseIdArabic>
    <verseId>9</verseId>
    <chapterId>54</chapterId>
    <textIndopak>۞ كَذَّبَتۡ قَبۡلَهُمۡ قَوۡمُ نُوحٖ فَكَذَّبُواْ عَبۡدَنَا وَقَالُواْ مَجۡنُونٞ وَٱزۡدُجِرَ</textIndopak>
    <translations>
      <translation>
        <author>Dr. Mustafa Khattab, the Clear Quran</author>
        <text>Before them, the people of Noah denied ˹the truth˺ and rejected Our servant, calling ˹him˺ insane. And he was intimidated.</text>
      </translation>
    </translations>
    <rules>[{"start": 14, "end": 16, "rule_id": 1}, {"start": 51, "end": 53, "rule_id": 1}, {"start": 72, "end": 74, "rule_id": 1}, {"start": 77, "end": 82, "rule_id": 3}, {"start": 33, "end": 38, "rule_id": 6}]</rules>
  </verse>
  <verse>
    <verseIdArabic>١٠</verseIdArabic>
    <verseId>10</verseId>
    <chapterId>54</chapterId>
    <textIndopak>فَدَعَا رَبَّهُۥٓ أَنِّي مَغۡلُوبٞ فَٱنتَصِرۡ</textIndopak>
    <translations>
      <translation>
        <author>Dr. Mustafa Khattab, the Clear Quran</author>
        <text>So he cried out to his Lord, “I am helpless, so help ˹me˺!”</text>
      </translation>
    </translations>
    <rules>[{"start": 20, "end": 23, "rule_id": 0}, {"start": 38, "end": 41, "rule_id": 6}, {"start": 32, "end": 37, "rule_id": 6}]</rules>
  </verse>
  <verse>
    <verseIdArabic>١١</verseIdArabic>
    <verseId>11</verseId>
    <chapterId>54</chapterId>
    <textIndopak>فَفَتَحۡنَآ أَبۡوَٰبَ ٱلسَّمَآءِ بِمَآءٖ مُّنۡهَمِرٖ</textIndopak>
    <translations>
      <translation>
        <author>Dr. Mustafa Khattab, the Clear Quran</author>
        <text>So We opened the gates of the sky with pouring rain,</text>
      </translation>
    </translations>
    <rules>[{"start": 44, "end": 47, "rule_id": 0}, {"start": 15, "end": 17, "rule_id": 1}, {"start": 41, "end": 47, "rule_id": 3}]</rules>
  </verse>
  <verse>
    <verseIdArabic>١٢</verseIdArabic>
    <verseId>12</verseId>
    <chapterId>54</chapterId>
    <textIndopak>وَفَجَّرۡنَا ٱلۡأَرۡضَ عُيُونٗا فَٱلۡتَقَى ٱلۡمَآءُ عَلَىٰٓ أَمۡرٖ قَدۡ قُدِرَ</textIndopak>
    <translations>
      <translation>
        <author>Dr. Mustafa Khattab, the Clear Quran</author>
        <text>and caused the earth to burst with springs, so the waters met for a fate already set.</text>
      </translation>
    </translations>
    <rules>[{"start": 70, "end": 72, "rule_id": 1}, {"start": 65, "end": 70, "rule_id": 6}]</rules>
  </verse>
  <verse>
    <verseIdArabic>١٣</verseIdArabic>
    <verseId>13</verseId>
    <chapterId>54</chapterId>
    <textIndopak>وَحَمَلۡنَٰهُ عَلَىٰ ذَاتِ أَلۡوَٰحٖ وَدُسُرٖ</textIndopak>
    <translations>
      <translation>
        <author>Dr. Mustafa Khattab, the Clear Quran</author>
        <text>We carried him on that ˹Ark made˺ of planks and nails,</text>
      </translation>
    </translations>
    <rules>[{"start": 34, "end": 39, "rule_id": 3}]</rules>
  </verse>
  <verse>
    <verseIdArabic>١٤</verseIdArabic>
    <verseId>14</verseId>
    <chapterId>54</chapterId>
    <textIndopak>تَجۡرِي بِأَعۡيُنِنَا جَزَآءٗ لِّمَن كَانَ كُفِرَ</textIndopak>
    <translations>
      <translation>
        <author>Dr. Mustafa Khattab, the Clear Quran</author>
        <text>sailing under Our ˹watchful˺ Eyes—a ˹fair˺ punishment on behalf of the one ˹they˺ denied.</text>
      </translation>
    </translations>
    <rules>[{"start": 2, "end": 4, "rule_id": 1}, {"start": 28, "end": 34, "rule_id": 5}, {"start": 36, "end": 40, "rule_id": 6}]</rules>
  </verse>
  <verse>
    <verseIdArabic>١٥</verseIdArabic>
    <verseId>15</verseId>
    <chapterId>54</chapterId>
    <textIndopak>وَلَقَد تَّرَكۡنَٰهَآ ءَايَةٗ فَهَلۡ مِن مُّدَّكِرٖ</textIndopak>
    <translations>
      <translation>
        <author>Dr. Mustafa Khattab, the Clear Quran</author>
        <text>We certainly left this as a sign. So is there anyone who will be mindful?</text>
      </translation>
    </translations>
    <rules>[{"start": 42, "end": 45, "rule_id": 0}, {"start": 40, "end": 45, "rule_id": 3}, {"start": 28, "end": 33, "rule_id": 6}]</rules>
  </verse>
  <verse>
    <verseIdArabic>١٦</verseIdArabic>
    <verseId>16</verseId>
    <chapterId>54</chapterId>
    <textIndopak>فَكَيۡفَ كَانَ عَذَابِي وَنُذُرِ</textIndopak>
    <translations>
      <translation>
        <author>Dr. Mustafa Khattab, the Clear Quran</author>
        <text>Then how ˹dreadful˺ were My punishment and warnings!</text>
      </translation>
    </translations>
  </verse>
  <verse>
    <verseIdArabic>١٧</verseIdArabic>
    <verseId>17</verseId>
    <chapterId>54</chapterId>
    <textIndopak>وَلَقَدۡ يَسَّرۡنَا ٱلۡقُرۡءَانَ لِلذِّكۡرِ فَهَلۡ مِن مُّدَّكِرٖ</textIndopak>
    <translations>
      <translation>
        <author>Dr. Mustafa Khattab, the Clear Quran</author>
        <text>And We have certainly made the Quran easy to remember. So is there anyone who will be mindful?</text>
      </translation>
    </translations>
    <rules>[{"start": 55, "end": 58, "rule_id": 0}, {"start": 6, "end": 8, "rule_id": 1}, {"start": 53, "end": 58, "rule_id": 3}]</rules>
  </verse>
  <verse>
    <verseIdArabic>١٨</verseIdArabic>
    <verseId>18</verseId>
    <chapterId>54</chapterId>
    <textIndopak>كَذَّبَتۡ عَادٞ فَكَيۡفَ كَانَ عَذَابِي وَنُذُرِ</textIndopak>
    <translations>
      <translation>
        <author>Dr. Mustafa Khattab, the Clear Quran</author>
        <text>’Ȃd ˹also˺ rejected ˹the truth˺. Then how ˹dreadful˺ were My punishment and warnings!</text>
      </translation>
    </translations>
    <rules>[{"start": 13, "end": 18, "rule_id": 6}]</rules>
  </verse>
  <verse>
    <verseIdArabic>١٩</verseIdArabic>
    <verseId>19</verseId>
    <chapterId>54</chapterId>
    <textIndopak>إِنَّآ أَرۡسَلۡنَا عَلَيۡهِمۡ رِيحٗا صَرۡصَرٗا فِي يَوۡمِ نَحۡسٖ مُّسۡتَمِرّٖ</textIndopak>
    <translations>
      <translation>
        <author>Dr. Mustafa Khattab, the Clear Quran</author>
        <text>Indeed, We sent against them a furious wind, on a day of unrelenting misery,</text>
      </translation>
    </translations>
    <rules>[{"start": 2, "end": 5, "rule_id": 0}, {"start": 66, "end": 69, "rule_id": 0}, {"start": 63, "end": 69, "rule_id": 3}]</rules>
  </verse>
  <verse>
    <verseIdArabic>٢٠</verseIdArabic>
    <verseId>20</verseId>
    <chapterId>54</chapterId>
    <textIndopak>تَنزِعُ ٱلنَّاسَ كَأَنَّهُمۡ أَعۡجَازُ نَخۡلٖ مُّنقَعِرٖ</textIndopak>
    <translations>
      <translation>
        <author>Dr. Mustafa Khattab, the Clear Quran</author>
        <text>that snatched people up, leaving them like trunks of uprooted palm trees.</text>
      </translation>
    </translations>
    <rules>[{"start": 10, "end": 13, "rule_id": 0}, {"start": 21, "end": 24, "rule_id": 0}, {"start": 46, "end": 49, "rule_id": 0}, {"start": 43, "end": 49, "rule_id": 3}, {"start": 2, "end": 5, "rule_id": 6}, {"start": 49, "end": 52, "rule_id": 6}]</rules>
  </verse>
  <verse>
    <verseIdArabic>٢١</verseIdArabic>
    <verseId>21</verseId>
    <chapterId>54</chapterId>
    <textIndopak>فَكَيۡفَ كَانَ عَذَابِي وَنُذُرِ</textIndopak>
    <translations>
      <translation>
        <author>Dr. Mustafa Khattab, the Clear Quran</author>
        <text>Then how ˹dreadful˺ were My punishment and warnings!</text>
      </translation>
    </translations>
  </verse>
  <verse>
    <verseIdArabic>٢٢</verseIdArabic>
    <verseId>22</verseId>
    <chapterId>54</chapterId>
    <textIndopak>وَلَقَدۡ يَسَّرۡنَا ٱلۡقُرۡءَانَ لِلذِّكۡرِ فَهَلۡ مِن مُّدَّكِرٖ</textIndopak>
    <translations>
      <translation>
        <author>Dr. Mustafa Khattab, the Clear Quran</author>
        <text>And We have certainly made the Quran easy to remember. So is there anyone who will be mindful?</text>
      </translation>
    </translations>
    <rules>[{"start": 55, "end": 58, "rule_id": 0}, {"start": 6, "end": 8, "rule_id": 1}, {"start": 53, "end": 58, "rule_id": 3}]</rules>
  </verse>
  <verse>
    <verseIdArabic>٢٣</verseIdArabic>
    <verseId>23</verseId>
    <chapterId>54</chapterId>
    <textIndopak>كَذَّبَتۡ ثَمُودُ بِٱلنُّذُرِ</textIndopak>
    <translations>
      <translation>
        <author>Dr. Mustafa Khattab, the Clear Quran</author>
        <text>Thamûd rejected the warnings ˹as well˺,</text>
      </translation>
    </translations>
    <rules>[{"start": 22, "end": 25, "rule_id": 0}]</rules>
  </verse>
  <verse>
    <verseIdArabic>٢٤</verseIdArabic>
    <verseId>24</verseId>
    <chapterId>54</chapterId>
    <textIndopak>فَقَالُوٓاْ أَبَشَرٗا مِّنَّا وَٰحِدٗا نَّتَّبِعُهُۥٓ إِنَّآ إِذٗا لَّفِي ضَلَٰلٖ وَسُعُرٍ</textIndopak>
    <translations>
      <translation>
        <author>Dr. Mustafa Khattab, the Clear Quran</author>
        <text>arguing, “How can we follow one ˹average˺ human being from among us? We would then truly be misguided and insane.</text>
      </translation>
    </translations>
    <rules>[{"start": 22, "end": 25, "rule_id": 0}, {"start": 25, "end": 28, "rule_id": 0}, {"start": 39, "end": 42, "rule_id": 0}, {"start": 56, "end": 59, "rule_id": 0}, {"start": 18, "end": 25, "rule_id": 3}, {"start": 35, "end": 42, "rule_id": 3}, {"start": 80, "end": 85, "rule_id": 3}, {"start": 64, "end": 71, "rule_id": 5}]</rules>
  </verse>
  <verse>
    <verseIdArabic>٢٥</verseIdArabic>
    <verseId>25</verseId>
    <chapterId>54</chapterId>
    <textIndopak>أَءُلۡقِيَ ٱلذِّكۡرُ عَلَيۡهِ مِنۢ بَيۡنِنَا بَلۡ هُوَ كَذَّابٌ أَشِرٞ</textIndopak>
    <translations>
      <translation>
        <author>Dr. Mustafa Khattab, the Clear Quran</author>
        <text>Has the revelation been sent down ˹only˺ to him out of ˹all of˺ us? In fact, he is a boastful liar.”</text>
      </translation>
    </translations>
    <rules>[{"start": 32, "end": 37, "rule_id": 2}]</rules>
  </verse>
  <verse>
    <verseIdArabic>٢٦</verseIdArabic>
    <verseId>26</verseId>
    <chapterId>54</chapterId>
    <textIndopak>سَيَعۡلَمُونَ غَدٗا مَّنِ ٱلۡكَذَّابُ ٱلۡأَشِرُ</textIndopak>
    <translations>
      <translation>
        <author>Dr. Mustafa Khattab, the Clear Quran</author>
        <text>˹It was revealed to Ṣâliḥ,˺ “They will soon know who the boastful liar is.</text>
      </translation>
    </translations>
    <rules>[{"start": 20, "end": 23, "rule_id": 0}, {"start": 16, "end": 23, "rule_id": 3}]</rules>
  </verse>
  <verse>
    <verseIdArabic>٢٧</verseIdArabic>
    <verseId>27</verseId>
    <chapterId>54</chapterId>
    <textIndopak>إِنَّا مُرۡسِلُواْ ٱلنَّاقَةِ فِتۡنَةٗ لَّهُمۡ فَٱرۡتَقِبۡهُمۡ وَٱصۡطَبِرۡ</textIndopak>
    <translations>
      <translation>
        <author>Dr. Mustafa Khattab, the Clear Quran</author>
        <text>We are sending the she-camel as a test for them. So watch them ˹closely˺, and have patience.</text>
      </translation>
    </translations>
    <rules>[{"start": 2, "end": 5, "rule_id": 0}, {"start": 21, "end": 24, "rule_id": 0}, {"start": 56, "end": 58, "rule_id": 1}, {"start": 36, "end": 42, "rule_id": 5}]</rules>
  </verse>
  <verse>
    <verseIdArabic>٢٨</verseIdArabic>
    <verseId>28</verseId>
    <chapterId>54</chapterId>
    <textIndopak>وَنَبِّئۡهُمۡ أَنَّ ٱلۡمَآءَ قِسۡمَةُۢ بَيۡنَهُمۡۖ كُلُّ شِرۡبٖ مُّحۡتَضَرٞ</textIndopak>
    <translations>
      <translation>
        <author>Dr. Mustafa Khattab, the Clear Quran</author>
        <text>And tell them that the ˹drinking˺ water must be divided between them ˹and her˺, each taking a turn to drink ˹every other day˺.”</text>
      </translation>
    </translations>
    <rules>[{"start": 16, "end": 19, "rule_id": 0}, {"start": 66, "end": 69, "rule_id": 0}, {"start": 36, "end": 42, "rule_id": 2}, {"start": 63, "end": 69, "rule_id": 3}]</rules>
  </verse>
  <verse>
    <verseIdArabic>٢٩</verseIdArabic>
    <verseId>29</verseId>
    <chapterId>54</chapterId>
    <textIndopak>فَنَادَوۡاْ صَاحِبَهُمۡ فَتَعَاطَىٰ فَعَقَرَ</textIndopak>
    <translations>
      <translation>
        <author>Dr. Mustafa Khattab, the Clear Quran</author>
        <text>But they roused a companion of theirs, so he dared to kill ˹her˺.</text>
      </translation>
    </translations>
  </verse>
  <verse>
    <verseIdArabic>٣٠</verseIdArabic>
    <verseId>30</verseId>
    <chapterId>54</chapterId>
    <textIndopak>فَكَيۡفَ كَانَ عَذَابِي وَنُذُرِ</textIndopak>
    <translations>
      <translation>
        <author>Dr. Mustafa Khattab, the Clear Quran</author>
        <text>Then how ˹dreadful˺ were My punishment and warnings!</text>
      </translation>
    </translations>
  </verse>
  <verse>
    <verseIdArabic>٣١</verseIdArabic>
    <verseId>31</verseId>
    <chapterId>54</chapterId>
    <textIndopak>إِنَّآ أَرۡسَلۡنَا عَلَيۡهِمۡ صَيۡحَةٗ وَٰحِدَةٗ فَكَانُواْ كَهَشِيمِ ٱلۡمُحۡتَظِرِ</textIndopak>
    <translations>
      <translation>
        <author>Dr. Mustafa Khattab, the Clear Quran</author>
        <text>Indeed, We sent against them ˹only˺ one ˹mighty˺ blast, leaving them like the twigs of fence-builders.</text>
      </translation>
    </translations>
    <rules>[{"start": 2, "end": 5, "rule_id": 0}, {"start": 37, "end": 43, "rule_id": 3}, {"start": 47, "end": 52, "rule_id": 6}]</rules>
  </verse>
  <verse>
    <verseIdArabic>٣٢</verseIdArabic>
    <verseId>32</verseId>
    <chapterId>54</chapterId>
    <textIndopak>وَلَقَدۡ يَسَّرۡنَا ٱلۡقُرۡءَانَ لِلذِّكۡرِ فَهَلۡ مِن مُّدَّكِرٖ</textIndopak>
    <translations>
      <translation>
        <author>Dr. Mustafa Khattab, the Clear Quran</author>
        <text>And We have certainly made the Quran easy to remember. So is there anyone who will be mindful?</text>
      </translation>
    </translations>
    <rules>[{"start": 55, "end": 58, "rule_id": 0}, {"start": 6, "end": 8, "rule_id": 1}, {"start": 53, "end": 58, "rule_id": 3}]</rules>
  </verse>
  <verse>
    <verseIdArabic>٣٣</verseIdArabic>
    <verseId>33</verseId>
    <chapterId>54</chapterId>
    <textIndopak>كَذَّبَتۡ قَوۡمُ لُوطِۭ بِٱلنُّذُرِ</textIndopak>
    <translations>
      <translation>
        <author>Dr. Mustafa Khattab, the Clear Quran</author>
        <text>The people of Lot ˹also˺ rejected the warnings.</text>
      </translation>
    </translations>
    <rules>[{"start": 28, "end": 31, "rule_id": 0}, {"start": 20, "end": 26, "rule_id": 2}]</rules>
  </verse>
  <verse>
    <verseIdArabic>٣٤</verseIdArabic>
    <verseId>34</verseId>
    <chapterId>54</chapterId>
    <textIndopak>إِنَّآ أَرۡسَلۡنَا عَلَيۡهِمۡ حَاصِبًا إِلَّآ ءَالَ لُوطٖۖ نَّجَّيۡنَٰهُم بِسَحَرٖ</textIndopak>
    <translations>
      <translation>
        <author>Dr. Mustafa Khattab, the Clear Quran</author>
        <text>We unleashed upon them a storm of stones. As for ˹the believers of˺ Lot’s family, We delivered them before dawn</text>
      </translation>
    </translations>
    <rules>[{"start": 2, "end": 5, "rule_id": 0}, {"start": 62, "end": 65, "rule_id": 0}, {"start": 57, "end": 65, "rule_id": 3}, {"start": 75, "end": 79, "rule_id": 7}]</rules>
  </verse>
  <verse>
    <verseIdArabic>٣٥</verseIdArabic>
    <verseId>35</verseId>
    <chapterId>54</chapterId>
    <textIndopak>نِّعۡمَةٗ مِّنۡ عِندِنَاۚ كَذَٰلِكَ نَجۡزِي مَن شَكَرَ</textIndopak>
    <translations>
      <translation>
        <author>Dr. Mustafa Khattab, the Clear Quran</author>
        <text>as a blessing from Us. This is how We reward whoever gives thanks.</text>
      </translation>
    </translations>
    <rules>[{"start": 0, "end": 3, "rule_id": 0}, {"start": 10, "end": 13, "rule_id": 0}, {"start": 39, "end": 41, "rule_id": 1}, {"start": 7, "end": 13, "rule_id": 3}, {"start": 18, "end": 21, "rule_id": 6}, {"start": 47, "end": 51, "rule_id": 6}]</rules>
  </verse>
  <verse>
    <verseIdArabic>٣٦</verseIdArabic>
    <verseId>36</verseId>
    <chapterId>54</chapterId>
    <textIndopak>وَلَقَدۡ أَنذَرَهُم بَطۡشَتَنَا فَتَمَارَوۡاْ بِٱلنُّذُرِ</textIndopak>
    <translations>
      <translation>
        <author>Dr. Mustafa Khattab, the Clear Quran</author>
        <text>He had already warned them of Our ˹crushing˺ blow but they disputed the warnings.</text>
      </translation>
    </translations>
    <rules>[{"start": 50, "end": 53, "rule_id": 0}, {"start": 6, "end": 8, "rule_id": 1}, {"start": 22, "end": 24, "rule_id": 1}, {"start": 11, "end": 14, "rule_id": 6}, {"start": 18, "end": 22, "rule_id": 7}]</rules>
  </verse>
  <verse>
    <verseIdArabic>٣٧</verseIdArabic>
    <verseId>37</verseId>
    <chapterId>54</chapterId>
    <textIndopak>وَلَقَدۡ رَٰوَدُوهُ عَن ضَيۡفِهِۦ فَطَمَسۡنَآ أَعۡيُنَهُمۡ فَذُوقُواْ عَذَابِي وَنُذُرِ</textIndopak>
    <translations>
      <translation>
        <author>Dr. Mustafa Khattab, the Clear Quran</author>
        <text>And they even demanded his angel-guests from him, so We blinded their eyes. ˹And they were told,˺ “Taste then My punishment and warnings!”</text>
      </translation>
    </translations>
    <rules>[{"start": 6, "end": 8, "rule_id": 1}, {"start": 22, "end": 26, "rule_id": 6}]</rules>
  </verse>
  <verse>
    <verseIdArabic>٣٨</verseIdArabic>
    <verseId>38</verseId>
    <chapterId>54</chapterId>
    <textIndopak>وَلَقَدۡ صَبَّحَهُم بُكۡرَةً عَذَابٞ مُّسۡتَقِرّٞ</textIndopak>
    <translations>
      <translation>
        <author>Dr. Mustafa Khattab, the Clear Quran</author>
        <text>And indeed, by the early morning they were overwhelmed by an unrelenting torment.</text>
      </translation>
    </translations>
    <rules>[{"start": 37, "end": 40, "rule_id": 0}, {"start": 6, "end": 8, "rule_id": 1}, {"start": 34, "end": 40, "rule_id": 3}, {"start": 18, "end": 22, "rule_id": 7}]</rules>
  </verse>
  <verse>
    <verseIdArabic>٣٩</verseIdArabic>
    <verseId>39</verseId>
    <chapterId>54</chapterId>
    <textIndopak>فَذُوقُواْ عَذَابِي وَنُذُرِ</textIndopak>
    <translations>
      <translation>
        <author>Dr. Mustafa Khattab, the Clear Quran</author>
        <text>˹Again they were told,˺ “Taste now My punishment and warnings!”</text>
      </translation>
    </translations>
  </verse>
  <verse>
    <verseIdArabic>٤٠</verseIdArabic>
    <verseId>40</verseId>
    <chapterId>54</chapterId>
    <textIndopak>وَلَقَدۡ يَسَّرۡنَا ٱلۡقُرۡءَانَ لِلذِّكۡرِ فَهَلۡ مِن مُّدَّكِرٖ</textIndopak>
    <translations>
      <translation>
        <author>Dr. Mustafa Khattab, the Clear Quran</author>
        <text>And We have certainly made the Quran easy to remember. So is there anyone who will be mindful?</text>
      </translation>
    </translations>
    <rules>[{"start": 55, "end": 58, "rule_id": 0}, {"start": 6, "end": 8, "rule_id": 1}, {"start": 53, "end": 58, "rule_id": 3}]</rules>
  </verse>
  <verse>
    <verseIdArabic>٤١</verseIdArabic>
    <verseId>41</verseId>
    <chapterId>54</chapterId>
    <textIndopak>وَلَقَدۡ جَآءَ ءَالَ فِرۡعَوۡنَ ٱلنُّذُرُ</textIndopak>
    <translations>
      <translation>
        <author>Dr. Mustafa Khattab, the Clear Quran</author>
        <text>And indeed, the warnings ˹also˺ came to the people of Pharaoh.</text>
      </translation>
    </translations>
    <rules>[{"start": 35, "end": 38, "rule_id": 0}, {"start": 6, "end": 8, "rule_id": 1}]</rules>
  </verse>
  <verse>
    <verseIdArabic>٤٢</verseIdArabic>
    <verseId>42</verseId>
    <chapterId>54</chapterId>
    <textIndopak>كَذَّبُواْ بِـَٔايَٰتِنَا كُلِّهَا فَأَخَذۡنَٰهُمۡ أَخۡذَ عَزِيزٖ مُّقۡتَدِرٍ</textIndopak>
    <translations>
      <translation>
        <author>Dr. Mustafa Khattab, the Clear Quran</author>
        <text>˹But˺ they rejected all of Our signs, so We seized them with the ˹crushing˺ grip of the Almighty, Most Powerful.</text>
      </translation>
    </translations>
    <rules>[{"start": 66, "end": 69, "rule_id": 0}, {"start": 69, "end": 71, "rule_id": 1}, {"start": 63, "end": 69, "rule_id": 3}]</rules>
  </verse>
  <verse>
    <verseIdArabic>٤٣</verseIdArabic>
    <verseId>43</verseId>
    <chapterId>54</chapterId>
    <textIndopak>أَكُفَّارُكُمۡ خَيۡرٞ مِّنۡ أُوْلَٰٓئِكُمۡ أَمۡ لَكُم بَرَآءَةٞ فِي ٱلزُّبُرِ</textIndopak>
    <translations>
      <translation>
        <author>Dr. Mustafa Khattab, the Clear Quran</author>
        <text>Now, are you ˹Meccan˺ disbelievers superior to those ˹destroyed peoples˺? Or have you ˹been granted˺ immunity ˹from punishment˺ in divine Books?</text>
      </translation>
    </translations>
    <rules>[{"start": 22, "end": 25, "rule_id": 0}, {"start": 19, "end": 25, "rule_id": 3}, {"start": 62, "end": 67, "rule_id": 6}, {"start": 52, "end": 56, "rule_id": 7}]</rules>
  </verse>
  <verse>
    <verseIdArabic>٤٤</verseIdArabic>
    <verseId>44</verseId>
    <chapterId>54</chapterId>
    <textIndopak>أَمۡ يَقُولُونَ نَحۡنُ جَمِيعٞ مُّنتَصِرٞ</textIndopak>
    <translations>
      <translation>
        <author>Dr. Mustafa Khattab, the Clear Quran</author>
        <text>Or do they say, “We are all ˹a˺ united ˹front˺, bound to prevail.”?</text>
      </translation>
    </translations>
    <rules>[{"start": 31, "end": 34, "rule_id": 0}, {"start": 28, "end": 34, "rule_id": 3}, {"start": 34, "end": 37, "rule_id": 6}]</rules>
  </verse>
  <verse>
    <verseIdArabic>٤٥</verseIdArabic>
    <verseId>45</verseId>
    <chapterId>54</chapterId>
    <textIndopak>سَيُهۡزَمُ ٱلۡجَمۡعُ وَيُوَلُّونَ ٱلدُّبُرَ</textIndopak>
    <translations>
      <translation>
        <author>Dr. Mustafa Khattab, the Clear Quran</author>
        <text>˹Soon˺ their united front will be defeated and ˹forced to˺ flee.</text>
      </translation>
    </translations>
  </verse>
  <verse>
    <verseIdArabic>٤٦</verseIdArabic>
    <verseId>46</verseId>
    <chapterId>54</chapterId>
    <textIndopak>بَلِ ٱلسَّاعَةُ مَوۡعِدُهُمۡ وَٱلسَّاعَةُ أَدۡهَىٰ وَأَمَرُّ</textIndopak>
    <translations>
      <translation>
        <author>Dr. Mustafa Khattab, the Clear Quran</author>
        <text>Better yet, the Hour is their appointed time—and the Hour will be most catastrophic and most bitter.</text>
      </translation>
    </translations>
    <rules>[{"start": 44, "end": 46, "rule_id": 1}]</rules>
  </verse>
  <verse>
    <verseIdArabic>٤٧</verseIdArabic>
    <verseId>47</verseId>
    <chapterId>54</chapterId>
    <textIndopak>إِنَّ ٱلۡمُجۡرِمِينَ فِي ضَلَٰلٖ وَسُعُرٖ</textIndopak>
    <translations>
      <translation>
        <author>Dr. Mustafa Khattab, the Clear Quran</author>
        <text>Indeed, the wicked are ˹entrenched˺ in misguidance, and ˹are bound for˺ blazes.</text>
      </translation>
    </translations>
    <rules>[{"start": 2, "end": 5, "rule_id": 0}, {"start": 11, "end": 13, "rule_id": 1}, {"start": 30, "end": 35, "rule_id": 3}]</rules>
  </verse>
  <verse>
    <verseIdArabic>٤٨</verseIdArabic>
    <verseId>48</verseId>
    <chapterId>54</chapterId>
    <textIndopak>يَوۡمَ يُسۡحَبُونَ فِي ٱلنَّارِ عَلَىٰ وُجُوهِهِمۡ ذُوقُواْ مَسَّ سَقَرَ</textIndopak>
    <translations>
      <translation>
        <author>Dr. Mustafa Khattab, the Clear Quran</author>
        <text>On the Day they will be dragged into the Fire on their faces, ˹they will be told,˺ “Taste the touch of Hell!”</text>
      </translation>
    </translations>
    <rules>[{"start": 25, "end": 28, "rule_id": 0}]</rules>
  </verse>
  <verse>
    <verseIdArabic>٤٩</verseIdArabic>
    <verseId>49</verseId>
    <chapterId>54</chapterId>
    <textIndopak>إِنَّا كُلَّ شَيۡءٍ خَلَقۡنَٰهُ بِقَدَرٖ</textIndopak>
    <translations>
      <translation>
        <author>Dr. Mustafa Khattab, the Clear Quran</author>
        <text>Indeed, We have created everything, perfectly preordained.</text>
      </translation>
    </translations>
    <rules>[{"start": 2, "end": 5, "rule_id": 0}, {"start": 24, "end": 26, "rule_id": 1}]</rules>
  </verse>
  <verse>
    <verseIdArabic>٥٠</verseIdArabic>
    <verseId>50</verseId>
    <chapterId>54</chapterId>
    <textIndopak>وَمَآ أَمۡرُنَآ إِلَّا وَٰحِدَةٞ كَلَمۡحِۭ بِٱلۡبَصَرِ</textIndopak>
    <translations>
      <translation>
        <author>Dr. Mustafa Khattab, the Clear Quran</author>
        <text>Our command is but a single word, done in the blink of an eye.</text>
      </translation>
    </translations>
    <rules>[{"start": 41, "end": 47, "rule_id": 2}, {"start": 32, "end": 37, "rule_id": 6}]</rules>
  </verse>
  <verse>
    <verseIdArabic>٥١</verseIdArabic>
    <verseId>51</verseId>
    <chapterId>54</chapterId>
    <textIndopak>وَلَقَدۡ أَهۡلَكۡنَآ أَشۡيَاعَكُمۡ فَهَلۡ مِن مُّدَّكِرٖ</textIndopak>
    <translations>
      <translation>
        <author>Dr. Mustafa Khattab, the Clear Quran</author>
        <text>We have already destroyed the likes of you. So will any ˹of you˺ be mindful?</text>
      </translation>
    </translations>
    <rules>[{"start": 47, "end": 50, "rule_id": 0}, {"start": 6, "end": 8, "rule_id": 1}, {"start": 45, "end": 50, "rule_id": 3}]</rules>
  </verse>
  <verse>
    <verseIdArabic>٥٢</verseIdArabic>
    <verseId>52</verseId>
    <chapterId>54</chapterId>
    <textIndopak>وَكُلُّ شَيۡءٖ فَعَلُوهُ فِي ٱلزُّبُرِ</textIndopak>
    <translations>
      <translation>
        <author>Dr. Mustafa Khattab, the Clear Quran</author>
        <text>Everything they have done is ˹listed˺ in ˹their˺ records.</text>
      </translation>
    </translations>
    <rules>[{"start": 12, "end": 17, "rule_id": 6}]</rules>
  </verse>
  <verse>
    <verseIdArabic>٥٣</verseIdArabic>
    <verseId>53</verseId>
    <chapterId>54</chapterId>
    <textIndopak>وَكُلُّ صَغِيرٖ وَكَبِيرٖ مُّسۡتَطَرٌ</textIndopak>
    <translations>
      <translation>
        <author>Dr. Mustafa Khattab, the Clear Quran</author>
        <text>Every matter, small and large, is written ˹precisely˺.</text>
      </translation>
    </translations>
    <rules>[{"start": 26, "end": 29, "rule_id": 0}, {"start": 13, "end": 18, "rule_id": 3}, {"start": 23, "end": 29, "rule_id": 3}]</rules>
  </verse>
  <verse>
    <verseIdArabic>٥٤</verseIdArabic>
    <verseId>54</verseId>
    <chapterId>54</chapterId>
    <textIndopak>إِنَّ ٱلۡمُتَّقِينَ فِي جَنَّٰتٖ وَنَهَرٖ</textIndopak>
    <translations>
      <translation>
        <author>Dr. Mustafa Khattab, the Clear Quran</author>
        <text>Indeed, the righteous will be amid Gardens and rivers,</text>
      </translation>
    </translations>
    <rules>[{"start": 2, "end": 5, "rule_id": 0}, {"start": 26, "end": 30, "rule_id": 0}, {"start": 30, "end": 35, "rule_id": 3}]</rules>
  </verse>
  <verse>
    <verseIdArabic>٥٥</verseIdArabic>
    <verseId>55</verseId>
    <chapterId>54</chapterId>
    <textIndopak>فِي مَقۡعَدِ صِدۡقٍ عِندَ مَلِيكٖ مُّقۡتَدِرِۭ</textIndopak>
    <translations>
      <translation>
        <author>Dr. Mustafa Khattab, the Clear Quran</author>
        <text>at the Seat of Honour in the presence of the Most Powerful Sovereign.</text>
      </translation>
    </translations>
    <rules>[{"start": 34, "end": 37, "rule_id": 0}, {"start": 6, "end": 8, "rule_id": 1}, {"start": 15, "end": 17, "rule_id": 1}, {"start": 37, "end": 39, "rule_id": 1}, {"start": 31, "end": 37, "rule_id": 3}, {"start": 22, "end": 25, "rule_id": 6}]</rules>
  </verse>
</verses>
