<?xml version="1.0" encoding="UTF-8"?>

<verses>
  <verse>
    <verseIdArabic>١</verseIdArabic>
    <verseId>1</verseId>
    <chapterId>55</chapterId>
    <textIndopak>ٱلرَّحۡمَٰنُ</textIndopak>
    <translations>
      <translation>
        <author>Dr. Mustafa Khattab, the Clear Quran</author>
        <text>The Most Compassionate</text>
      </translation>
    </translations>
  </verse>
  <verse>
    <verseIdArabic>٢</verseIdArabic>
    <verseId>2</verseId>
    <chapterId>55</chapterId>
    <textIndopak>عَلَّمَ ٱلۡقُرۡءَانَ</textIndopak>
    <translations>
      <translation>
        <author>Dr. Mustafa Khattab, the Clear Quran</author>
        <text>taught the Quran,</text>
      </translation>
    </translations>
  </verse>
  <verse>
    <verseIdArabic>٣</verseIdArabic>
    <verseId>3</verseId>
    <chapterId>55</chapterId>
    <textIndopak>خَلَقَ ٱلۡإِنسَٰنَ</textIndopak>
    <translations>
      <translation>
        <author>Dr. Mustafa Khattab, the Clear Quran</author>
        <text>created humanity,</text>
      </translation>
    </translations>
    <rules>[{"start": 12, "end": 16, "rule_id": 6}]</rules>
  </verse>
  <verse>
    <verseIdArabic>٤</verseIdArabic>
    <verseId>4</verseId>
    <chapterId>55</chapterId>
    <textIndopak>عَلَّمَهُ ٱلۡبَيَانَ</textIndopak>
    <translations>
      <translation>
        <author>Dr. Mustafa Khattab, the Clear Quran</author>
        <text>˹and˺ taught them speech.</text>
      </translation>
    </translations>
  </verse>
  <verse>
    <verseIdArabic>٥</verseIdArabic>
    <verseId>5</verseId>
    <chapterId>55</chapterId>
    <textIndopak>ٱلشَّمۡسُ وَٱلۡقَمَرُ بِحُسۡبَانٖ</textIndopak>
    <translations>
      <translation>
        <author>Dr. Mustafa Khattab, the Clear Quran</author>
        <text>The sun and the moon ˹travel˺ with precision.</text>
      </translation>
    </translations>
  </verse>
  <verse>
    <verseIdArabic>٦</verseIdArabic>
    <verseId>6</verseId>
    <chapterId>55</chapterId>
    <textIndopak>وَٱلنَّجۡمُ وَٱلشَّجَرُ يَسۡجُدَانِ</textIndopak>
    <translations>
      <translation>
        <author>Dr. Mustafa Khattab, the Clear Quran</author>
        <text>The stars and the trees bow down ˹in submission˺.</text>
      </translation>
    </translations>
    <rules>[{"start": 4, "end": 7, "rule_id": 0}, {"start": 7, "end": 9, "rule_id": 1}]</rules>
  </verse>
  <verse>
    <verseIdArabic>٧</verseIdArabic>
    <verseId>7</verseId>
    <chapterId>55</chapterId>
    <textIndopak>وَٱلسَّمَآءَ رَفَعَهَا وَوَضَعَ ٱلۡمِيزَانَ</textIndopak>
    <translations>
      <translation>
        <author>Dr. Mustafa Khattab, the Clear Quran</author>
        <text>As for the sky, He raised it ˹high˺, and set the balance ˹of justice˺</text>
      </translation>
    </translations>
  </verse>
  <verse>
    <verseIdArabic>٨</verseIdArabic>
    <verseId>8</verseId>
    <chapterId>55</chapterId>
    <textIndopak>أَلَّا تَطۡغَوۡاْ فِي ٱلۡمِيزَانِ</textIndopak>
    <translations>
      <translation>
        <author>Dr. Mustafa Khattab, the Clear Quran</author>
        <text>so that you do not defraud the scales.</text>
      </translation>
    </translations>
    <rules>[{"start": 9, "end": 11, "rule_id": 1}]</rules>
  </verse>
  <verse>
    <verseIdArabic>٩</verseIdArabic>
    <verseId>9</verseId>
    <chapterId>55</chapterId>
    <textIndopak>وَأَقِيمُواْ ٱلۡوَزۡنَ بِٱلۡقِسۡطِ وَلَا تُخۡسِرُواْ ٱلۡمِيزَانَ</textIndopak>
    <translations>
      <translation>
        <author>Dr. Mustafa Khattab, the Clear Quran</author>
        <text>Weigh with justice, and do not give short measure.</text>
      </translation>
    </translations>
  </verse>
  <verse>
    <verseIdArabic>١٠</verseIdArabic>
    <verseId>10</verseId>
    <chapterId>55</chapterId>
    <textIndopak>وَٱلۡأَرۡضَ وَضَعَهَا لِلۡأَنَامِ</textIndopak>
    <translations>
      <translation>
        <author>Dr. Mustafa Khattab, the Clear Quran</author>
        <text>He laid out the earth for all beings.</text>
      </translation>
    </translations>
  </verse>
  <verse>
    <verseIdArabic>١١</verseIdArabic>
    <verseId>11</verseId>
    <chapterId>55</chapterId>
    <textIndopak>فِيهَا فَٰكِهَةٞ وَٱلنَّخۡلُ ذَاتُ ٱلۡأَكۡمَامِ</textIndopak>
    <translations>
      <translation>
        <author>Dr. Mustafa Khattab, the Clear Quran</author>
        <text>In it are fruit, palm trees with date stalks,</text>
      </translation>
    </translations>
    <rules>[{"start": 21, "end": 24, "rule_id": 0}, {"start": 14, "end": 19, "rule_id": 3}]</rules>
  </verse>
  <verse>
    <verseIdArabic>١٢</verseIdArabic>
    <verseId>12</verseId>
    <chapterId>55</chapterId>
    <textIndopak>وَٱلۡحَبُّ ذُو ٱلۡعَصۡفِ وَٱلرَّيۡحَانُ</textIndopak>
    <translations>
      <translation>
        <author>Dr. Mustafa Khattab, the Clear Quran</author>
        <text>and grain with husks, and aromatic plants.</text>
      </translation>
    </translations>
  </verse>
  <verse>
    <verseIdArabic>١٣</verseIdArabic>
    <verseId>13</verseId>
    <chapterId>55</chapterId>
    <textIndopak>فَبِأَيِّ ءَالَآءِ رَبِّكُمَا تُكَذِّبَانِ</textIndopak>
    <translations>
      <translation>
        <author>Dr. Mustafa Khattab, the Clear Quran</author>
        <text>Then which of your Lord’s favours will you ˹humans and jinn˺ both deny?</text>
      </translation>
    </translations>
  </verse>
  <verse>
    <verseIdArabic>١٤</verseIdArabic>
    <verseId>14</verseId>
    <chapterId>55</chapterId>
    <textIndopak>خَلَقَ ٱلۡإِنسَٰنَ مِن صَلۡصَٰلٖ كَٱلۡفَخَّارِ</textIndopak>
    <translations>
      <translation>
        <author>Dr. Mustafa Khattab, the Clear Quran</author>
        <text>He created humankind from ˹sounding˺ clay like pottery,</text>
      </translation>
    </translations>
    <rules>[{"start": 12, "end": 16, "rule_id": 6}, {"start": 21, "end": 25, "rule_id": 6}, {"start": 30, "end": 35, "rule_id": 6}]</rules>
  </verse>
  <verse>
    <verseIdArabic>١٥</verseIdArabic>
    <verseId>15</verseId>
    <chapterId>55</chapterId>
    <textIndopak>وَخَلَقَ ٱلۡجَآنَّ مِن مَّارِجٖ مِّن نَّارٖ</textIndopak>
    <translations>
      <translation>
        <author>Dr. Mustafa Khattab, the Clear Quran</author>
        <text>and created jinn from a ˹smokeless˺ flame of fire.</text>
      </translation>
    </translations>
    <rules>[{"start": 16, "end": 19, "rule_id": 0}, {"start": 24, "end": 27, "rule_id": 0}, {"start": 33, "end": 36, "rule_id": 0}, {"start": 38, "end": 41, "rule_id": 0}, {"start": 22, "end": 27, "rule_id": 3}, {"start": 36, "end": 41, "rule_id": 3}, {"start": 30, "end": 36, "rule_id": 3}]</rules>
  </verse>
  <verse>
    <verseIdArabic>١٦</verseIdArabic>
    <verseId>16</verseId>
    <chapterId>55</chapterId>
    <textIndopak>فَبِأَيِّ ءَالَآءِ رَبِّكُمَا تُكَذِّبَانِ</textIndopak>
    <translations>
      <translation>
        <author>Dr. Mustafa Khattab, the Clear Quran</author>
        <text>Then which of your Lord’s favours will you both deny?</text>
      </translation>
    </translations>
  </verse>
  <verse>
    <verseIdArabic>١٧</verseIdArabic>
    <verseId>17</verseId>
    <chapterId>55</chapterId>
    <textIndopak>رَبُّ ٱلۡمَشۡرِقَيۡنِ وَرَبُّ ٱلۡمَغۡرِبَيۡنِ</textIndopak>
    <translations>
      <translation>
        <author>Dr. Mustafa Khattab, the Clear Quran</author>
        <text>˹He is˺ Lord of the two easts and the two wests.</text>
      </translation>
    </translations>
  </verse>
  <verse>
    <verseIdArabic>١٨</verseIdArabic>
    <verseId>18</verseId>
    <chapterId>55</chapterId>
    <textIndopak>فَبِأَيِّ ءَالَآءِ رَبِّكُمَا تُكَذِّبَانِ</textIndopak>
    <translations>
      <translation>
        <author>Dr. Mustafa Khattab, the Clear Quran</author>
        <text>Then which of your Lord’s favours will you both deny?</text>
      </translation>
    </translations>
  </verse>
  <verse>
    <verseIdArabic>١٩</verseIdArabic>
    <verseId>19</verseId>
    <chapterId>55</chapterId>
    <textIndopak>مَرَجَ ٱلۡبَحۡرَيۡنِ يَلۡتَقِيَانِ</textIndopak>
    <translations>
      <translation>
        <author>Dr. Mustafa Khattab, the Clear Quran</author>
        <text>He merges the two bodies of ˹fresh and salt˺ water,</text>
      </translation>
    </translations>
  </verse>
  <verse>
    <verseIdArabic>٢٠</verseIdArabic>
    <verseId>20</verseId>
    <chapterId>55</chapterId>
    <textIndopak>بَيۡنَهُمَا بَرۡزَخٞ لَّا يَبۡغِيَانِ</textIndopak>
    <translations>
      <translation>
        <author>Dr. Mustafa Khattab, the Clear Quran</author>
        <text>yet between them is a barrier they never cross.</text>
      </translation>
    </translations>
    <rules>[{"start": 28, "end": 30, "rule_id": 1}, {"start": 18, "end": 24, "rule_id": 5}]</rules>
  </verse>
  <verse>
    <verseIdArabic>٢١</verseIdArabic>
    <verseId>21</verseId>
    <chapterId>55</chapterId>
    <textIndopak>فَبِأَيِّ ءَالَآءِ رَبِّكُمَا تُكَذِّبَانِ</textIndopak>
    <translations>
      <translation>
        <author>Dr. Mustafa Khattab, the Clear Quran</author>
        <text>Then which of your Lord’s favours will you both deny?</text>
      </translation>
    </translations>
  </verse>
  <verse>
    <verseIdArabic>٢٢</verseIdArabic>
    <verseId>22</verseId>
    <chapterId>55</chapterId>
    <textIndopak>يَخۡرُجُ مِنۡهُمَا ٱللُّؤۡلُؤُ وَٱلۡمَرۡجَانُ</textIndopak>
    <translations>
      <translation>
        <author>Dr. Mustafa Khattab, the Clear Quran</author>
        <text>Out of both ˹waters˺ come forth pearls and coral.</text>
      </translation>
    </translations>
  </verse>
  <verse>
    <verseIdArabic>٢٣</verseIdArabic>
    <verseId>23</verseId>
    <chapterId>55</chapterId>
    <textIndopak>فَبِأَيِّ ءَالَآءِ رَبِّكُمَا تُكَذِّبَانِ</textIndopak>
    <translations>
      <translation>
        <author>Dr. Mustafa Khattab, the Clear Quran</author>
        <text>Then which of your Lord’s favours will you both deny?</text>
      </translation>
    </translations>
  </verse>
  <verse>
    <verseIdArabic>٢٤</verseIdArabic>
    <verseId>24</verseId>
    <chapterId>55</chapterId>
    <textIndopak>وَلَهُ ٱلۡجَوَارِ ٱلۡمُنشَـَٔاتُ فِي ٱلۡبَحۡرِ كَٱلۡأَعۡلَٰمِ</textIndopak>
    <translations>
      <translation>
        <author>Dr. Mustafa Khattab, the Clear Quran</author>
        <text>To Him belong the ships with raised sails, sailing through the seas like mountains.</text>
      </translation>
    </translations>
    <rules>[{"start": 23, "end": 26, "rule_id": 6}]</rules>
  </verse>
  <verse>
    <verseIdArabic>٢٥</verseIdArabic>
    <verseId>25</verseId>
    <chapterId>55</chapterId>
    <textIndopak>فَبِأَيِّ ءَالَآءِ رَبِّكُمَا تُكَذِّبَانِ</textIndopak>
    <translations>
      <translation>
        <author>Dr. Mustafa Khattab, the Clear Quran</author>
        <text>Then which of your Lord’s favours will you both deny?</text>
      </translation>
    </translations>
  </verse>
  <verse>
    <verseIdArabic>٢٦</verseIdArabic>
    <verseId>26</verseId>
    <chapterId>55</chapterId>
    <textIndopak>كُلُّ مَنۡ عَلَيۡهَا فَانٖ</textIndopak>
    <translations>
      <translation>
        <author>Dr. Mustafa Khattab, the Clear Quran</author>
        <text>Every being on earth is bound to perish.</text>
      </translation>
    </translations>
  </verse>
  <verse>
    <verseIdArabic>٢٧</verseIdArabic>
    <verseId>27</verseId>
    <chapterId>55</chapterId>
    <textIndopak>وَيَبۡقَىٰ وَجۡهُ رَبِّكَ ذُو ٱلۡجَلَٰلِ وَٱلۡإِكۡرَامِ</textIndopak>
    <translations>
      <translation>
        <author>Dr. Mustafa Khattab, the Clear Quran</author>
        <text>Only your Lord Himself, full of Majesty and Honour, will remain ˹forever˺.</text>
      </translation>
    </translations>
    <rules>[{"start": 4, "end": 6, "rule_id": 1}, {"start": 13, "end": 15, "rule_id": 1}]</rules>
  </verse>
  <verse>
    <verseIdArabic>٢٨</verseIdArabic>
    <verseId>28</verseId>
    <chapterId>55</chapterId>
    <textIndopak>فَبِأَيِّ ءَالَآءِ رَبِّكُمَا تُكَذِّبَانِ</textIndopak>
    <translations>
      <translation>
        <author>Dr. Mustafa Khattab, the Clear Quran</author>
        <text>Then which of your Lord’s favours will you both deny?</text>
      </translation>
    </translations>
  </verse>
  <verse>
    <verseIdArabic>٢٩</verseIdArabic>
    <verseId>29</verseId>
    <chapterId>55</chapterId>
    <textIndopak>يَسۡـَٔلُهُۥ مَن فِي ٱلسَّمَٰوَٰتِ وَٱلۡأَرۡضِۚ كُلَّ يَوۡمٍ هُوَ فِي شَأۡنٖ</textIndopak>
    <translations>
      <translation>
        <author>Dr. Mustafa Khattab, the Clear Quran</author>
        <text>All those in the heavens and the earth are dependent on Him. Day in and day out He has something to bring about.</text>
      </translation>
    </translations>
    <rules>[{"start": 15, "end": 19, "rule_id": 6}]</rules>
  </verse>
  <verse>
    <verseIdArabic>٣٠</verseIdArabic>
    <verseId>30</verseId>
    <chapterId>55</chapterId>
    <textIndopak>فَبِأَيِّ ءَالَآءِ رَبِّكُمَا تُكَذِّبَانِ</textIndopak>
    <translations>
      <translation>
        <author>Dr. Mustafa Khattab, the Clear Quran</author>
        <text>Then which of your Lord’s favours will you both deny?</text>
      </translation>
    </translations>
  </verse>
  <verse>
    <verseIdArabic>٣١</verseIdArabic>
    <verseId>31</verseId>
    <chapterId>55</chapterId>
    <textIndopak>سَنَفۡرُغُ لَكُمۡ أَيُّهَ ٱلثَّقَلَانِ</textIndopak>
    <translations>
      <translation>
        <author>Dr. Mustafa Khattab, the Clear Quran</author>
        <text>We will soon attend to you ˹for judgment˺, O two multitudes ˹of jinn and humans˺!</text>
      </translation>
    </translations>
  </verse>
  <verse>
    <verseIdArabic>٣٢</verseIdArabic>
    <verseId>32</verseId>
    <chapterId>55</chapterId>
    <textIndopak>فَبِأَيِّ ءَالَآءِ رَبِّكُمَا تُكَذِّبَانِ</textIndopak>
    <translations>
      <translation>
        <author>Dr. Mustafa Khattab, the Clear Quran</author>
        <text>Then which of your Lord’s favours will you both deny?</text>
      </translation>
    </translations>
  </verse>
  <verse>
    <verseIdArabic>٣٣</verseIdArabic>
    <verseId>33</verseId>
    <chapterId>55</chapterId>
    <textIndopak>يَٰمَعۡشَرَ ٱلۡجِنِّ وَٱلۡإِنسِ إِنِ ٱسۡتَطَعۡتُمۡ أَن تَنفُذُواْ مِنۡ أَقۡطَارِ ٱلسَّمَٰوَٰتِ وَٱلۡأَرۡضِ فَٱنفُذُواْۚ لَا تَنفُذُونَ إِلَّا بِسُلۡطَٰنٖ</textIndopak>
    <translations>
      <translation>
        <author>Dr. Mustafa Khattab, the Clear Quran</author>
        <text>O assembly of jinn and humans! If you can penetrate beyond the realms of the heavens and the earth, then do so. ˹But˺ you cannot do that without ˹Our˺ authority.</text>
      </translation>
    </translations>
    <rules>[{"start": 17, "end": 20, "rule_id": 0}, {"start": 73, "end": 75, "rule_id": 1}, {"start": 28, "end": 31, "rule_id": 6}, {"start": 53, "end": 57, "rule_id": 6}, {"start": 57, "end": 60, "rule_id": 6}, {"start": 110, "end": 113, "rule_id": 6}, {"start": 127, "end": 130, "rule_id": 6}]</rules>
  </verse>
  <verse>
    <verseIdArabic>٣٤</verseIdArabic>
    <verseId>34</verseId>
    <chapterId>55</chapterId>
    <textIndopak>فَبِأَيِّ ءَالَآءِ رَبِّكُمَا تُكَذِّبَانِ</textIndopak>
    <translations>
      <translation>
        <author>Dr. Mustafa Khattab, the Clear Quran</author>
        <text>Then which of your Lord’s favours will you both deny?</text>
      </translation>
    </translations>
  </verse>
  <verse>
    <verseIdArabic>٣٥</verseIdArabic>
    <verseId>35</verseId>
    <chapterId>55</chapterId>
    <textIndopak>يُرۡسَلُ عَلَيۡكُمَا شُوَاظٞ مِّن نَّارٖ وَنُحَاسٞ فَلَا تَنتَصِرَانِ</textIndopak>
    <translations>
      <translation>
        <author>Dr. Mustafa Khattab, the Clear Quran</author>
        <text>Flames of fire and ˹molten˺ copper will be sent against you, and you will not be able to defend one another.</text>
      </translation>
    </translations>
    <rules>[{"start": 29, "end": 32, "rule_id": 0}, {"start": 34, "end": 37, "rule_id": 0}, {"start": 32, "end": 37, "rule_id": 3}, {"start": 26, "end": 32, "rule_id": 3}, {"start": 38, "end": 43, "rule_id": 3}, {"start": 59, "end": 62, "rule_id": 6}, {"start": 48, "end": 53, "rule_id": 6}]</rules>
  </verse>
  <verse>
    <verseIdArabic>٣٦</verseIdArabic>
    <verseId>36</verseId>
    <chapterId>55</chapterId>
    <textIndopak>فَبِأَيِّ ءَالَآءِ رَبِّكُمَا تُكَذِّبَانِ</textIndopak>
    <translations>
      <translation>
        <author>Dr. Mustafa Khattab, the Clear Quran</author>
        <text>Then which of your Lord’s favours will you both deny?</text>
      </translation>
    </translations>
  </verse>
  <verse>
    <verseIdArabic>٣٧</verseIdArabic>
    <verseId>37</verseId>
    <chapterId>55</chapterId>
    <textIndopak>فَإِذَا ٱنشَقَّتِ ٱلسَّمَآءُ فَكَانَتۡ وَرۡدَةٗ كَٱلدِّهَانِ</textIndopak>
    <translations>
      <translation>
        <author>Dr. Mustafa Khattab, the Clear Quran</author>
        <text>˹How horrible will it be˺ when the heavens will split apart, becoming rose-red like ˹burnt˺ oil!</text>
      </translation>
    </translations>
    <rules>[{"start": 9, "end": 12, "rule_id": 6}, {"start": 46, "end": 51, "rule_id": 6}]</rules>
  </verse>
  <verse>
    <verseIdArabic>٣٨</verseIdArabic>
    <verseId>38</verseId>
    <chapterId>55</chapterId>
    <textIndopak>فَبِأَيِّ ءَالَآءِ رَبِّكُمَا تُكَذِّبَانِ</textIndopak>
    <translations>
      <translation>
        <author>Dr. Mustafa Khattab, the Clear Quran</author>
        <text>Then which of your Lord’s favours will you both deny?</text>
      </translation>
    </translations>
  </verse>
  <verse>
    <verseIdArabic>٣٩</verseIdArabic>
    <verseId>39</verseId>
    <chapterId>55</chapterId>
    <textIndopak>فَيَوۡمَئِذٖ لَّا يُسۡـَٔلُ عَن ذَنۢبِهِۦٓ إِنسٞ وَلَا جَآنّٞ</textIndopak>
    <translations>
      <translation>
        <author>Dr. Mustafa Khattab, the Clear Quran</author>
        <text>On that Day there will be no need for any human or jinn to be asked about their sins.</text>
      </translation>
    </translations>
    <rules>[{"start": 59, "end": 62, "rule_id": 0}, {"start": 34, "end": 38, "rule_id": 2}, {"start": 46, "end": 51, "rule_id": 3}, {"start": 10, "end": 16, "rule_id": 5}, {"start": 30, "end": 34, "rule_id": 6}, {"start": 45, "end": 48, "rule_id": 6}]</rules>
  </verse>
  <verse>
    <verseIdArabic>٤٠</verseIdArabic>
    <verseId>40</verseId>
    <chapterId>55</chapterId>
    <textIndopak>فَبِأَيِّ ءَالَآءِ رَبِّكُمَا تُكَذِّبَانِ</textIndopak>
    <translations>
      <translation>
        <author>Dr. Mustafa Khattab, the Clear Quran</author>
        <text>Then which of your Lord’s favours will you both deny?</text>
      </translation>
    </translations>
  </verse>
  <verse>
    <verseIdArabic>٤١</verseIdArabic>
    <verseId>41</verseId>
    <chapterId>55</chapterId>
    <textIndopak>يُعۡرَفُ ٱلۡمُجۡرِمُونَ بِسِيمَٰهُمۡ فَيُؤۡخَذُ بِٱلنَّوَٰصِي وَٱلۡأَقۡدَامِ</textIndopak>
    <translations>
      <translation>
        <author>Dr. Mustafa Khattab, the Clear Quran</author>
        <text>The wicked will be recognized by their appearance, then will be seized by ˹their˺ forelocks and feet.</text>
      </translation>
    </translations>
    <rules>[{"start": 52, "end": 55, "rule_id": 0}, {"start": 14, "end": 16, "rule_id": 1}, {"start": 69, "end": 71, "rule_id": 1}]</rules>
  </verse>
  <verse>
    <verseIdArabic>٤٢</verseIdArabic>
    <verseId>42</verseId>
    <chapterId>55</chapterId>
    <textIndopak>فَبِأَيِّ ءَالَآءِ رَبِّكُمَا تُكَذِّبَانِ</textIndopak>
    <translations>
      <translation>
        <author>Dr. Mustafa Khattab, the Clear Quran</author>
        <text>Then which of your Lord’s favours will you both deny?</text>
      </translation>
    </translations>
  </verse>
  <verse>
    <verseIdArabic>٤٣</verseIdArabic>
    <verseId>43</verseId>
    <chapterId>55</chapterId>
    <textIndopak>هَٰذِهِۦ جَهَنَّمُ ٱلَّتِي يُكَذِّبُ بِهَا ٱلۡمُجۡرِمُونَ</textIndopak>
    <translations>
      <translation>
        <author>Dr. Mustafa Khattab, the Clear Quran</author>
        <text>˹They will be told,˺ “This is the Hell which the wicked denied.”</text>
      </translation>
    </translations>
    <rules>[{"start": 13, "end": 16, "rule_id": 0}, {"start": 48, "end": 50, "rule_id": 1}]</rules>
  </verse>
  <verse>
    <verseIdArabic>٤٤</verseIdArabic>
    <verseId>44</verseId>
    <chapterId>55</chapterId>
    <textIndopak>يَطُوفُونَ بَيۡنَهَا وَبَيۡنَ حَمِيمٍ ءَانٖ</textIndopak>
    <translations>
      <translation>
        <author>Dr. Mustafa Khattab, the Clear Quran</author>
        <text>They will alternate between its flames and scalding water.</text>
      </translation>
    </translations>
  </verse>
  <verse>
    <verseIdArabic>٤٥</verseIdArabic>
    <verseId>45</verseId>
    <chapterId>55</chapterId>
    <textIndopak>فَبِأَيِّ ءَالَآءِ رَبِّكُمَا تُكَذِّبَانِ</textIndopak>
    <translations>
      <translation>
        <author>Dr. Mustafa Khattab, the Clear Quran</author>
        <text>Then which of your Lord’s favours will you both deny?</text>
      </translation>
    </translations>
  </verse>
  <verse>
    <verseIdArabic>٤٦</verseIdArabic>
    <verseId>46</verseId>
    <chapterId>55</chapterId>
    <textIndopak>وَلِمَنۡ خَافَ مَقَامَ رَبِّهِۦ جَنَّتَانِ</textIndopak>
    <translations>
      <translation>
        <author>Dr. Mustafa Khattab, the Clear Quran</author>
        <text>And whoever is in awe of standing before their Lord will have two Gardens.</text>
      </translation>
    </translations>
    <rules>[{"start": 34, "end": 37, "rule_id": 0}]</rules>
  </verse>
  <verse>
    <verseIdArabic>٤٧</verseIdArabic>
    <verseId>47</verseId>
    <chapterId>55</chapterId>
    <textIndopak>فَبِأَيِّ ءَالَآءِ رَبِّكُمَا تُكَذِّبَانِ</textIndopak>
    <translations>
      <translation>
        <author>Dr. Mustafa Khattab, the Clear Quran</author>
        <text>Then which of your Lord’s favours will you both deny?</text>
      </translation>
    </translations>
  </verse>
  <verse>
    <verseIdArabic>٤٨</verseIdArabic>
    <verseId>48</verseId>
    <chapterId>55</chapterId>
    <textIndopak>ذَوَاتَآ أَفۡنَانٖ</textIndopak>
    <translations>
      <translation>
        <author>Dr. Mustafa Khattab, the Clear Quran</author>
        <text>˹Both will be˺ with lush branches.</text>
      </translation>
    </translations>
  </verse>
  <verse>
    <verseIdArabic>٤٩</verseIdArabic>
    <verseId>49</verseId>
    <chapterId>55</chapterId>
    <textIndopak>فَبِأَيِّ ءَالَآءِ رَبِّكُمَا تُكَذِّبَانِ</textIndopak>
    <translations>
      <translation>
        <author>Dr. Mustafa Khattab, the Clear Quran</author>
        <text>Then which of your Lord’s favours will you both deny?</text>
      </translation>
    </translations>
  </verse>
  <verse>
    <verseIdArabic>٥٠</verseIdArabic>
    <verseId>50</verseId>
    <chapterId>55</chapterId>
    <textIndopak>فِيهِمَا عَيۡنَانِ تَجۡرِيَانِ</textIndopak>
    <translations>
      <translation>
        <author>Dr. Mustafa Khattab, the Clear Quran</author>
        <text>In each ˹Garden˺ will be two flowing springs.</text>
      </translation>
    </translations>
    <rules>[{"start": 21, "end": 23, "rule_id": 1}]</rules>
  </verse>
  <verse>
    <verseIdArabic>٥١</verseIdArabic>
    <verseId>51</verseId>
    <chapterId>55</chapterId>
    <textIndopak>فَبِأَيِّ ءَالَآءِ رَبِّكُمَا تُكَذِّبَانِ</textIndopak>
    <translations>
      <translation>
        <author>Dr. Mustafa Khattab, the Clear Quran</author>
        <text>Then which of your Lord’s favours will you both deny?</text>
      </translation>
    </translations>
  </verse>
  <verse>
    <verseIdArabic>٥٢</verseIdArabic>
    <verseId>52</verseId>
    <chapterId>55</chapterId>
    <textIndopak>فِيهِمَا مِن كُلِّ فَٰكِهَةٖ زَوۡجَانِ</textIndopak>
    <translations>
      <translation>
        <author>Dr. Mustafa Khattab, the Clear Quran</author>
        <text>In each will be two types of every fruit.</text>
      </translation>
    </translations>
    <rules>[{"start": 11, "end": 15, "rule_id": 6}, {"start": 26, "end": 31, "rule_id": 6}]</rules>
  </verse>
  <verse>
    <verseIdArabic>٥٣</verseIdArabic>
    <verseId>53</verseId>
    <chapterId>55</chapterId>
    <textIndopak>فَبِأَيِّ ءَالَآءِ رَبِّكُمَا تُكَذِّبَانِ</textIndopak>
    <translations>
      <translation>
        <author>Dr. Mustafa Khattab, the Clear Quran</author>
        <text>Then which of your Lord’s favours will you both deny?</text>
      </translation>
    </translations>
  </verse>
  <verse>
    <verseIdArabic>٥٤</verseIdArabic>
    <verseId>54</verseId>
    <chapterId>55</chapterId>
    <textIndopak>مُتَّكِـِٔينَ عَلَىٰ فُرُشِۭ بَطَآئِنُهَا مِنۡ إِسۡتَبۡرَقٖۚ وَجَنَى ٱلۡجَنَّتَيۡنِ دَانٖ</textIndopak>
    <translations>
      <translation>
        <author>Dr. Mustafa Khattab, the Clear Quran</author>
        <text>Those ˹believers˺ will recline on furnishings lined with rich brocade. And the fruit of both Gardens will hang within reach.</text>
      </translation>
    </translations>
    <rules>[{"start": 76, "end": 79, "rule_id": 0}, {"start": 54, "end": 56, "rule_id": 1}, {"start": 25, "end": 31, "rule_id": 2}]</rules>
  </verse>
  <verse>
    <verseIdArabic>٥٥</verseIdArabic>
    <verseId>55</verseId>
    <chapterId>55</chapterId>
    <textIndopak>فَبِأَيِّ ءَالَآءِ رَبِّكُمَا تُكَذِّبَانِ</textIndopak>
    <translations>
      <translation>
        <author>Dr. Mustafa Khattab, the Clear Quran</author>
        <text>Then which of your Lord’s favours will you both deny?</text>
      </translation>
    </translations>
  </verse>
  <verse>
    <verseIdArabic>٥٦</verseIdArabic>
    <verseId>56</verseId>
    <chapterId>55</chapterId>
    <textIndopak>فِيهِنَّ قَٰصِرَٰتُ ٱلطَّرۡفِ لَمۡ يَطۡمِثۡهُنَّ إِنسٞ قَبۡلَهُمۡ وَلَا جَآنّٞ</textIndopak>
    <translations>
      <translation>
        <author>Dr. Mustafa Khattab, the Clear Quran</author>
        <text>In both ˹Gardens˺ will be maidens of modest gaze, who no human or jinn has ever touched before.</text>
      </translation>
    </translations>
    <rules>[{"start": 5, "end": 8, "rule_id": 0}, {"start": 45, "end": 48, "rule_id": 0}, {"start": 76, "end": 79, "rule_id": 0}, {"start": 37, "end": 39, "rule_id": 1}, {"start": 57, "end": 59, "rule_id": 1}, {"start": 51, "end": 54, "rule_id": 6}, {"start": 52, "end": 57, "rule_id": 6}]</rules>
  </verse>
  <verse>
    <verseIdArabic>٥٧</verseIdArabic>
    <verseId>57</verseId>
    <chapterId>55</chapterId>
    <textIndopak>فَبِأَيِّ ءَالَآءِ رَبِّكُمَا تُكَذِّبَانِ</textIndopak>
    <translations>
      <translation>
        <author>Dr. Mustafa Khattab, the Clear Quran</author>
        <text>Then which of your Lord’s favours will you both deny?</text>
      </translation>
    </translations>
  </verse>
  <verse>
    <verseIdArabic>٥٨</verseIdArabic>
    <verseId>58</verseId>
    <chapterId>55</chapterId>
    <textIndopak>كَأَنَّهُنَّ ٱلۡيَاقُوتُ وَٱلۡمَرۡجَانُ</textIndopak>
    <translations>
      <translation>
        <author>Dr. Mustafa Khattab, the Clear Quran</author>
        <text>Those ˹maidens˺ will be ˹as elegant˺ as rubies and coral.</text>
      </translation>
    </translations>
    <rules>[{"start": 4, "end": 7, "rule_id": 0}, {"start": 9, "end": 12, "rule_id": 0}]</rules>
  </verse>
  <verse>
    <verseIdArabic>٥٩</verseIdArabic>
    <verseId>59</verseId>
    <chapterId>55</chapterId>
    <textIndopak>فَبِأَيِّ ءَالَآءِ رَبِّكُمَا تُكَذِّبَانِ</textIndopak>
    <translations>
      <translation>
        <author>Dr. Mustafa Khattab, the Clear Quran</author>
        <text>Then which of your Lord’s favours will you both deny?</text>
      </translation>
    </translations>
  </verse>
  <verse>
    <verseIdArabic>٦٠</verseIdArabic>
    <verseId>60</verseId>
    <chapterId>55</chapterId>
    <textIndopak>هَلۡ جَزَآءُ ٱلۡإِحۡسَٰنِ إِلَّا ٱلۡإِحۡسَٰنُ</textIndopak>
    <translations>
      <translation>
        <author>Dr. Mustafa Khattab, the Clear Quran</author>
        <text>Is there any reward for goodness except goodness?</text>
      </translation>
    </translations>
  </verse>
  <verse>
    <verseIdArabic>٦١</verseIdArabic>
    <verseId>61</verseId>
    <chapterId>55</chapterId>
    <textIndopak>فَبِأَيِّ ءَالَآءِ رَبِّكُمَا تُكَذِّبَانِ</textIndopak>
    <translations>
      <translation>
        <author>Dr. Mustafa Khattab, the Clear Quran</author>
        <text>Then which of your Lord’s favours will you both deny?</text>
      </translation>
    </translations>
  </verse>
  <verse>
    <verseIdArabic>٦٢</verseIdArabic>
    <verseId>62</verseId>
    <chapterId>55</chapterId>
    <textIndopak>وَمِن دُونِهِمَا جَنَّتَانِ</textIndopak>
    <translations>
      <translation>
        <author>Dr. Mustafa Khattab, the Clear Quran</author>
        <text>And below these two ˹Gardens˺ will be two others.</text>
      </translation>
    </translations>
    <rules>[{"start": 19, "end": 22, "rule_id": 0}, {"start": 4, "end": 8, "rule_id": 6}]</rules>
  </verse>
  <verse>
    <verseIdArabic>٦٣</verseIdArabic>
    <verseId>63</verseId>
    <chapterId>55</chapterId>
    <textIndopak>فَبِأَيِّ ءَالَآءِ رَبِّكُمَا تُكَذِّبَانِ</textIndopak>
    <translations>
      <translation>
        <author>Dr. Mustafa Khattab, the Clear Quran</author>
        <text>Then which of your Lord’s favours will you both deny?</text>
      </translation>
    </translations>
  </verse>
  <verse>
    <verseIdArabic>٦٤</verseIdArabic>
    <verseId>64</verseId>
    <chapterId>55</chapterId>
    <textIndopak>مُدۡهَآمَّتَانِ</textIndopak>
    <translations>
      <translation>
        <author>Dr. Mustafa Khattab, the Clear Quran</author>
        <text>Both will be dark green.</text>
      </translation>
    </translations>
    <rules>[{"start": 8, "end": 11, "rule_id": 0}, {"start": 2, "end": 4, "rule_id": 1}]</rules>
  </verse>
  <verse>
    <verseIdArabic>٦٥</verseIdArabic>
    <verseId>65</verseId>
    <chapterId>55</chapterId>
    <textIndopak>فَبِأَيِّ ءَالَآءِ رَبِّكُمَا تُكَذِّبَانِ</textIndopak>
    <translations>
      <translation>
        <author>Dr. Mustafa Khattab, the Clear Quran</author>
        <text>Then which of your Lord’s favours will you both deny?</text>
      </translation>
    </translations>
  </verse>
  <verse>
    <verseIdArabic>٦٦</verseIdArabic>
    <verseId>66</verseId>
    <chapterId>55</chapterId>
    <textIndopak>فِيهِمَا عَيۡنَانِ نَضَّاخَتَانِ</textIndopak>
    <translations>
      <translation>
        <author>Dr. Mustafa Khattab, the Clear Quran</author>
        <text>In each will be two gushing springs.</text>
      </translation>
    </translations>
  </verse>
  <verse>
    <verseIdArabic>٦٧</verseIdArabic>
    <verseId>67</verseId>
    <chapterId>55</chapterId>
    <textIndopak>فَبِأَيِّ ءَالَآءِ رَبِّكُمَا تُكَذِّبَانِ</textIndopak>
    <translations>
      <translation>
        <author>Dr. Mustafa Khattab, the Clear Quran</author>
        <text>Then which of your Lord’s favours will you both deny?</text>
      </translation>
    </translations>
  </verse>
  <verse>
    <verseIdArabic>٦٨</verseIdArabic>
    <verseId>68</verseId>
    <chapterId>55</chapterId>
    <textIndopak>فِيهِمَا فَٰكِهَةٞ وَنَخۡلٞ وَرُمَّانٞ</textIndopak>
    <translations>
      <translation>
        <author>Dr. Mustafa Khattab, the Clear Quran</author>
        <text>In both will be fruit, palm trees, and pomegranates.</text>
      </translation>
    </translations>
    <rules>[{"start": 32, "end": 35, "rule_id": 0}, {"start": 16, "end": 21, "rule_id": 3}, {"start": 25, "end": 30, "rule_id": 3}]</rules>
  </verse>
  <verse>
    <verseIdArabic>٦٩</verseIdArabic>
    <verseId>69</verseId>
    <chapterId>55</chapterId>
    <textIndopak>فَبِأَيِّ ءَالَآءِ رَبِّكُمَا تُكَذِّبَانِ</textIndopak>
    <translations>
      <translation>
        <author>Dr. Mustafa Khattab, the Clear Quran</author>
        <text>Then which of your Lord’s favours will you both deny?</text>
      </translation>
    </translations>
  </verse>
  <verse>
    <verseIdArabic>٧٠</verseIdArabic>
    <verseId>70</verseId>
    <chapterId>55</chapterId>
    <textIndopak>فِيهِنَّ خَيۡرَٰتٌ حِسَانٞ</textIndopak>
    <translations>
      <translation>
        <author>Dr. Mustafa Khattab, the Clear Quran</author>
        <text>In all Gardens will be noble, pleasant mates.</text>
      </translation>
    </translations>
    <rules>[{"start": 5, "end": 8, "rule_id": 0}]</rules>
  </verse>
  <verse>
    <verseIdArabic>٧١</verseIdArabic>
    <verseId>71</verseId>
    <chapterId>55</chapterId>
    <textIndopak>فَبِأَيِّ ءَالَآءِ رَبِّكُمَا تُكَذِّبَانِ</textIndopak>
    <translations>
      <translation>
        <author>Dr. Mustafa Khattab, the Clear Quran</author>
        <text>Then which of your Lord’s favours will you both deny?</text>
      </translation>
    </translations>
  </verse>
  <verse>
    <verseIdArabic>٧٢</verseIdArabic>
    <verseId>72</verseId>
    <chapterId>55</chapterId>
    <textIndopak>حُورٞ مَّقۡصُورَٰتٞ فِي ٱلۡخِيَامِ</textIndopak>
    <translations>
      <translation>
        <author>Dr. Mustafa Khattab, the Clear Quran</author>
        <text>˹They will be˺ maidens with gorgeous eyes, reserved in pavilions.</text>
      </translation>
    </translations>
    <rules>[{"start": 6, "end": 9, "rule_id": 0}, {"start": 9, "end": 11, "rule_id": 1}, {"start": 3, "end": 9, "rule_id": 3}, {"start": 17, "end": 22, "rule_id": 6}]</rules>
  </verse>
  <verse>
    <verseIdArabic>٧٣</verseIdArabic>
    <verseId>73</verseId>
    <chapterId>55</chapterId>
    <textIndopak>فَبِأَيِّ ءَالَآءِ رَبِّكُمَا تُكَذِّبَانِ</textIndopak>
    <translations>
      <translation>
        <author>Dr. Mustafa Khattab, the Clear Quran</author>
        <text>Then which of your Lord’s favours will you both deny?</text>
      </translation>
    </translations>
  </verse>
  <verse>
    <verseIdArabic>٧٤</verseIdArabic>
    <verseId>74</verseId>
    <chapterId>55</chapterId>
    <textIndopak>لَمۡ يَطۡمِثۡهُنَّ إِنسٞ قَبۡلَهُمۡ وَلَا جَآنّٞ</textIndopak>
    <translations>
      <translation>
        <author>Dr. Mustafa Khattab, the Clear Quran</author>
        <text>No human or jinn has ever touched these ˹maidens˺ before.</text>
      </translation>
    </translations>
    <rules>[{"start": 15, "end": 18, "rule_id": 0}, {"start": 46, "end": 49, "rule_id": 0}, {"start": 7, "end": 9, "rule_id": 1}, {"start": 27, "end": 29, "rule_id": 1}, {"start": 21, "end": 24, "rule_id": 6}, {"start": 22, "end": 27, "rule_id": 6}]</rules>
  </verse>
  <verse>
    <verseIdArabic>٧٥</verseIdArabic>
    <verseId>75</verseId>
    <chapterId>55</chapterId>
    <textIndopak>فَبِأَيِّ ءَالَآءِ رَبِّكُمَا تُكَذِّبَانِ</textIndopak>
    <translations>
      <translation>
        <author>Dr. Mustafa Khattab, the Clear Quran</author>
        <text>Then which of your Lord’s favours will you both deny?</text>
      </translation>
    </translations>
  </verse>
  <verse>
    <verseIdArabic>٧٦</verseIdArabic>
    <verseId>76</verseId>
    <chapterId>55</chapterId>
    <textIndopak>مُتَّكِـِٔينَ عَلَىٰ رَفۡرَفٍ خُضۡرٖ وَعَبۡقَرِيٍّ حِسَانٖ</textIndopak>
    <translations>
      <translation>
        <author>Dr. Mustafa Khattab, the Clear Quran</author>
        <text>All ˹believers˺ will be reclining on green cushions and splendid carpets.</text>
      </translation>
    </translations>
    <rules>[{"start": 41, "end": 43, "rule_id": 1}, {"start": 34, "end": 39, "rule_id": 3}]</rules>
  </verse>
  <verse>
    <verseIdArabic>٧٧</verseIdArabic>
    <verseId>77</verseId>
    <chapterId>55</chapterId>
    <textIndopak>فَبِأَيِّ ءَالَآءِ رَبِّكُمَا تُكَذِّبَانِ</textIndopak>
    <translations>
      <translation>
        <author>Dr. Mustafa Khattab, the Clear Quran</author>
        <text>Then which of your Lord’s favours will you both deny?</text>
      </translation>
    </translations>
  </verse>
  <verse>
    <verseIdArabic>٧٨</verseIdArabic>
    <verseId>78</verseId>
    <chapterId>55</chapterId>
    <textIndopak>تَبَٰرَكَ ٱسۡمُ رَبِّكَ ذِي ٱلۡجَلَٰلِ وَٱلۡإِكۡرَامِ</textIndopak>
    <translations>
      <translation>
        <author>Dr. Mustafa Khattab, the Clear Quran</author>
        <text>Blessed is the Name of your Lord, full of Majesty and Honour.</text>
      </translation>
    </translations>
  </verse>
</verses>
