<?xml version="1.0" encoding="UTF-8"?>

<verses>
  <verse>
    <verseIdArabic>١</verseIdArabic>
    <verseId>1</verseId>
    <chapterId>60</chapterId>
    <textIndopak>يَٰٓأَيُّهَا ٱلَّذِينَ ءَامَنُواْ لَا تَتَّخِذُواْ عَدُوِّي وَعَدُوَّكُمۡ أَوۡلِيَآءَ تُلۡقُونَ إِلَيۡهِم بِٱلۡمَوَدَّةِ وَقَدۡ كَفَرُواْ بِمَا جَآءَكُم مِّنَ ٱلۡحَقِّ يُخۡرِجُونَ ٱلرَّسُولَ وَإِيَّاكُمۡ أَن تُؤۡمِنُواْ بِٱللَّهِ رَبِّكُمۡ إِن كُنتُمۡ خَرَجۡتُمۡ جِهَٰدٗا فِي سَبِيلِي وَٱبۡتِغَآءَ مَرۡضَاتِيۚ تُسِرُّونَ إِلَيۡهِم بِٱلۡمَوَدَّةِ وَأَنَا۠ أَعۡلَمُ بِمَآ أَخۡفَيۡتُمۡ وَمَآ أَعۡلَنتُمۡۚ وَمَن يَفۡعَلۡهُ مِنكُمۡ فَقَدۡ ضَلَّ سَوَآءَ ٱلسَّبِيلِ</textIndopak>
    <translations>
      <translation>
        <author>Dr. Mustafa Khattab, the Clear Quran</author>
        <text>O believers! Do not take My enemies and yours as trusted allies, showing them affection even though they deny what has come to you of the truth. They drove the Messenger and yourselves out ˹of Mecca˺, simply for your belief in Allah, your Lord. If you ˹truly˺ emigrated to struggle in My cause and seek My pleasure, ˹then do not take them as allies,˺ disclosing secrets ˹of the believers˺ to the pagans out of affection for them, when I know best whatever you conceal and whatever you reveal. And whoever of you does this has truly strayed from the Right Way.</text>
      </translation>
    </translations>
    <rules>[{"start": 155, "end": 158, "rule_id": 0}, {"start": 126, "end": 128, "rule_id": 1}, {"start": 260, "end": 262, "rule_id": 1}, {"start": 292, "end": 294, "rule_id": 1}, {"start": 440, "end": 442, "rule_id": 1}, {"start": 415, "end": 419, "rule_id": 3}, {"start": 153, "end": 158, "rule_id": 4}, {"start": 210, "end": 214, "rule_id": 6}, {"start": 246, "end": 250, "rule_id": 6}, {"start": 250, "end": 253, "rule_id": 6}, {"start": 403, "end": 406, "rule_id": 6}, {"start": 430, "end": 433, "rule_id": 6}, {"start": 105, "end": 109, "rule_id": 7}, {"start": 335, "end": 339, "rule_id": 7}]</rules>
  </verse>
  <verse>
    <verseIdArabic>٢</verseIdArabic>
    <verseId>2</verseId>
    <chapterId>60</chapterId>
    <textIndopak>إِن يَثۡقَفُوكُمۡ يَكُونُواْ لَكُمۡ أَعۡدَآءٗ وَيَبۡسُطُوٓاْ إِلَيۡكُمۡ أَيۡدِيَهُمۡ وَأَلۡسِنَتَهُم بِٱلسُّوٓءِ وَوَدُّواْ لَوۡ تَكۡفُرُونَ</textIndopak>
    <translations>
      <translation>
        <author>Dr. Mustafa Khattab, the Clear Quran</author>
        <text>If they gain the upper hand over you, they would be your ˹open˺ enemies, unleashing their hands and tongues to harm you, and wishing that you would abandon faith.</text>
      </translation>
    </translations>
    <rules>[{"start": 51, "end": 53, "rule_id": 1}, {"start": 2, "end": 6, "rule_id": 3}, {"start": 44, "end": 49, "rule_id": 3}, {"start": 100, "end": 104, "rule_id": 7}]</rules>
  </verse>
  <verse>
    <verseIdArabic>٣</verseIdArabic>
    <verseId>3</verseId>
    <chapterId>60</chapterId>
    <textIndopak>لَن تَنفَعَكُمۡ أَرۡحَامُكُمۡ وَلَآ أَوۡلَٰدُكُمۡۚ يَوۡمَ ٱلۡقِيَٰمَةِ يَفۡصِلُ بَيۡنَكُمۡۚ وَٱللَّهُ بِمَا تَعۡمَلُونَ بَصِيرٞ</textIndopak>
    <translations>
      <translation>
        <author>Dr. Mustafa Khattab, the Clear Quran</author>
        <text>Neither your relatives nor children will benefit you on Judgment Day—He will decide between you ˹all˺. For Allah is All-Seeing of what you do.</text>
      </translation>
    </translations>
    <rules>[{"start": 2, "end": 6, "rule_id": 6}, {"start": 6, "end": 9, "rule_id": 6}]</rules>
  </verse>
  <verse>
    <verseIdArabic>٤</verseIdArabic>
    <verseId>4</verseId>
    <chapterId>60</chapterId>
    <textIndopak>قَدۡ كَانَتۡ لَكُمۡ أُسۡوَةٌ حَسَنَةٞ فِيٓ إِبۡرَٰهِيمَ وَٱلَّذِينَ مَعَهُۥٓ إِذۡ قَالُواْ لِقَوۡمِهِمۡ إِنَّا بُرَءَٰٓؤُاْ مِنكُمۡ وَمِمَّا تَعۡبُدُونَ مِن دُونِ ٱللَّهِ كَفَرۡنَا بِكُمۡ وَبَدَا بَيۡنَنَا وَبَيۡنَكُمُ ٱلۡعَدَٰوَةُ وَٱلۡبَغۡضَآءُ أَبَدًا حَتَّىٰ تُؤۡمِنُواْ بِٱللَّهِ وَحۡدَهُۥٓ إِلَّا قَوۡلَ إِبۡرَٰهِيمَ لِأَبِيهِ لَأَسۡتَغۡفِرَنَّ لَكَ وَمَآ أَمۡلِكُ لَكَ مِنَ ٱللَّهِ مِن شَيۡءٖۖ رَّبَّنَا عَلَيۡكَ تَوَكَّلۡنَا وَإِلَيۡكَ أَنَبۡنَا وَإِلَيۡكَ ٱلۡمَصِيرُ</textIndopak>
    <translations>
      <translation>
        <author>Dr. Mustafa Khattab, the Clear Quran</author>
        <text>You already have an excellent example in Abraham and those with him, when they said to their people, “We totally dissociate ourselves from you and ˹shun˺ whatever ˹idols˺ you worship besides Allah. We reject you. The enmity and hatred that has arisen between us and you will last until you believe in Allah alone.” The only exception is when Abraham said to his father, “I will seek forgiveness for you,˹” adding, “but˺ I cannot protect you from Allah at all.” ˹The believers prayed,˺ “Our Lord! In You we trust. And to You we ˹always˺ turn. And to You is the final return.</text>
      </translation>
    </translations>
    <rules>[{"start": 106, "end": 109, "rule_id": 0}, {"start": 136, "end": 139, "rule_id": 0}, {"start": 348, "end": 351, "rule_id": 0}, {"start": 2, "end": 4, "rule_id": 1}, {"start": 45, "end": 47, "rule_id": 1}, {"start": 313, "end": 315, "rule_id": 1}, {"start": 451, "end": 453, "rule_id": 1}, {"start": 399, "end": 407, "rule_id": 5}, {"start": 126, "end": 129, "rule_id": 6}, {"start": 155, "end": 159, "rule_id": 6}, {"start": 393, "end": 397, "rule_id": 6}, {"start": 35, "end": 40, "rule_id": 6}]</rules>
  </verse>
  <verse>
    <verseIdArabic>٥</verseIdArabic>
    <verseId>5</verseId>
    <chapterId>60</chapterId>
    <textIndopak>رَبَّنَا لَا تَجۡعَلۡنَا فِتۡنَةٗ لِّلَّذِينَ كَفَرُواْ وَٱغۡفِرۡ لَنَا رَبَّنَآۖ إِنَّكَ أَنتَ ٱلۡعَزِيزُ ٱلۡحَكِيمُ</textIndopak>
    <translations>
      <translation>
        <author>Dr. Mustafa Khattab, the Clear Quran</author>
        <text>Our Lord! Do not subject us to the persecution of the disbelievers. Forgive us, our Lord! You ˹alone˺ are truly the Almighty, All-Wise.”</text>
      </translation>
    </translations>
    <rules>[{"start": 86, "end": 89, "rule_id": 0}, {"start": 15, "end": 17, "rule_id": 1}, {"start": 31, "end": 37, "rule_id": 5}, {"start": 94, "end": 97, "rule_id": 6}]</rules>
  </verse>
  <verse>
    <verseIdArabic>٦</verseIdArabic>
    <verseId>6</verseId>
    <chapterId>60</chapterId>
    <textIndopak>لَقَدۡ كَانَ لَكُمۡ فِيهِمۡ أُسۡوَةٌ حَسَنَةٞ لِّمَن كَانَ يَرۡجُواْ ٱللَّهَ وَٱلۡيَوۡمَ ٱلۡأٓخِرَۚ وَمَن يَتَوَلَّ فَإِنَّ ٱللَّهَ هُوَ ٱلۡغَنِيُّ ٱلۡحَمِيدُ</textIndopak>
    <translations>
      <translation>
        <author>Dr. Mustafa Khattab, the Clear Quran</author>
        <text>You certainly have an excellent example in them for whoever has hope in Allah and the Last Day. But whoever turns away, then surely Allah ˹alone˺ is the Self-Sufficient, Praiseworthy.</text>
      </translation>
    </translations>
    <rules>[{"start": 122, "end": 125, "rule_id": 0}, {"start": 4, "end": 6, "rule_id": 1}, {"start": 158, "end": 160, "rule_id": 1}, {"start": 106, "end": 110, "rule_id": 3}, {"start": 43, "end": 49, "rule_id": 5}, {"start": 51, "end": 55, "rule_id": 6}]</rules>
  </verse>
  <verse>
    <verseIdArabic>٧</verseIdArabic>
    <verseId>7</verseId>
    <chapterId>60</chapterId>
    <textIndopak>۞ عَسَى ٱللَّهُ أَن يَجۡعَلَ بَيۡنَكُمۡ وَبَيۡنَ ٱلَّذِينَ عَادَيۡتُم مِّنۡهُم مَّوَدَّةٗۚ وَٱللَّهُ قَدِيرٞۚ وَٱللَّهُ غَفُورٞ رَّحِيمٞ</textIndopak>
    <translations>
      <translation>
        <author>Dr. Mustafa Khattab, the Clear Quran</author>
        <text>˹In time,˺ Allah may bring about goodwill between you and those of them you ˹now˺ hold as enemies. For Allah is Most Capable. And Allah is All-Forgiving, Most Merciful.</text>
      </translation>
    </translations>
    <rules>[{"start": 70, "end": 73, "rule_id": 0}, {"start": 79, "end": 82, "rule_id": 0}, {"start": 22, "end": 24, "rule_id": 1}, {"start": 18, "end": 22, "rule_id": 3}, {"start": 68, "end": 73, "rule_id": 4}, {"start": 77, "end": 82, "rule_id": 4}, {"start": 127, "end": 133, "rule_id": 5}]</rules>
  </verse>
  <verse>
    <verseIdArabic>٨</verseIdArabic>
    <verseId>8</verseId>
    <chapterId>60</chapterId>
    <textIndopak>لَّا يَنۡهَىٰكُمُ ٱللَّهُ عَنِ ٱلَّذِينَ لَمۡ يُقَٰتِلُوكُمۡ فِي ٱلدِّينِ وَلَمۡ يُخۡرِجُوكُم مِّن دِيَٰرِكُمۡ أَن تَبَرُّوهُمۡ وَتُقۡسِطُوٓاْ إِلَيۡهِمۡۚ إِنَّ ٱللَّهَ يُحِبُّ ٱلۡمُقۡسِطِينَ</textIndopak>
    <translations>
      <translation>
        <author>Dr. Mustafa Khattab, the Clear Quran</author>
        <text>Allah does not forbid you from dealing kindly and fairly with those who have neither fought nor driven you out of your homes. Surely Allah loves those who are fair.</text>
      </translation>
    </translations>
    <rules>[{"start": 94, "end": 97, "rule_id": 0}, {"start": 158, "end": 161, "rule_id": 0}, {"start": 132, "end": 134, "rule_id": 1}, {"start": 183, "end": 185, "rule_id": 1}, {"start": 92, "end": 97, "rule_id": 4}, {"start": 97, "end": 101, "rule_id": 6}, {"start": 113, "end": 117, "rule_id": 6}]</rules>
  </verse>
  <verse>
    <verseIdArabic>٩</verseIdArabic>
    <verseId>9</verseId>
    <chapterId>60</chapterId>
    <textIndopak>إِنَّمَا يَنۡهَىٰكُمُ ٱللَّهُ عَنِ ٱلَّذِينَ قَٰتَلُوكُمۡ فِي ٱلدِّينِ وَأَخۡرَجُوكُم مِّن دِيَٰرِكُمۡ وَظَٰهَرُواْ عَلَىٰٓ إِخۡرَاجِكُمۡ أَن تَوَلَّوۡهُمۡۚ وَمَن يَتَوَلَّهُمۡ فَأُوْلَٰٓئِكَ هُمُ ٱلظَّٰلِمُونَ</textIndopak>
    <translations>
      <translation>
        <author>Dr. Mustafa Khattab, the Clear Quran</author>
        <text>Allah only forbids you from befriending those who have fought you for ˹your˺ faith, driven you out of your homes, or supported ˹others˺ in doing so. And whoever takes them as friends, then it is they who are the ˹true˺ wrongdoers.</text>
      </translation>
    </translations>
    <rules>[{"start": 2, "end": 5, "rule_id": 0}, {"start": 86, "end": 89, "rule_id": 0}, {"start": 162, "end": 166, "rule_id": 3}, {"start": 84, "end": 89, "rule_id": 4}, {"start": 89, "end": 93, "rule_id": 6}, {"start": 140, "end": 144, "rule_id": 6}]</rules>
  </verse>
  <verse>
    <verseIdArabic>١٠</verseIdArabic>
    <verseId>10</verseId>
    <chapterId>60</chapterId>
    <textIndopak>يَٰٓأَيُّهَا ٱلَّذِينَ ءَامَنُوٓاْ إِذَا جَآءَكُمُ ٱلۡمُؤۡمِنَٰتُ مُهَٰجِرَٰتٖ فَٱمۡتَحِنُوهُنَّۖ ٱللَّهُ أَعۡلَمُ بِإِيمَٰنِهِنَّۖ فَإِنۡ عَلِمۡتُمُوهُنَّ مُؤۡمِنَٰتٖ فَلَا تَرۡجِعُوهُنَّ إِلَى ٱلۡكُفَّارِۖ لَا هُنَّ حِلّٞ لَّهُمۡ وَلَا هُمۡ يَحِلُّونَ لَهُنَّۖ وَءَاتُوهُم مَّآ أَنفَقُواْۚ وَلَا جُنَاحَ عَلَيۡكُمۡ أَن تَنكِحُوهُنَّ إِذَآ ءَاتَيۡتُمُوهُنَّ أُجُورَهُنَّۚ وَلَا تُمۡسِكُواْ بِعِصَمِ ٱلۡكَوَافِرِ وَسۡـَٔلُواْ مَآ أَنفَقۡتُمۡ وَلۡيَسۡـَٔلُواْ مَآ أَنفَقُواْۚ ذَٰلِكُمۡ حُكۡمُ ٱللَّهِ يَحۡكُمُ بَيۡنَكُمۡۖ وَٱللَّهُ عَلِيمٌ حَكِيمٞ</textIndopak>
    <translations>
      <translation>
        <author>Dr. Mustafa Khattab, the Clear Quran</author>
        <text>O believers! When the believing women come to you as emigrants, test their intentions—their faith is best known to Allah—and if you find them to be believers, then do not send them back to the disbelievers. These ˹women˺ are not lawful ˹wives˺ for the disbelievers, nor are the disbelievers lawful ˹husbands˺ for them. ˹But˺ repay the disbelievers whatever ˹dowries˺ they had paid. And there is no blame on you if you marry these ˹women˺ as long as you pay them their dowries. And do not hold on to marriage with polytheistic women. ˹But˺ demand ˹repayment of˺ whatever ˹dowries˺ you had paid, and let the disbelievers do the same. That is the judgment of Allah—He judges between you. And Allah is All-Knowing, All-Wise.</text>
      </translation>
    </translations>
    <rules>[{"start": 94, "end": 97, "rule_id": 0}, {"start": 129, "end": 132, "rule_id": 0}, {"start": 155, "end": 158, "rule_id": 0}, {"start": 188, "end": 191, "rule_id": 0}, {"start": 218, "end": 221, "rule_id": 0}, {"start": 262, "end": 265, "rule_id": 0}, {"start": 280, "end": 283, "rule_id": 0}, {"start": 338, "end": 341, "rule_id": 0}, {"start": 363, "end": 366, "rule_id": 0}, {"start": 376, "end": 379, "rule_id": 0}, {"start": 445, "end": 447, "rule_id": 1}, {"start": 278, "end": 283, "rule_id": 4}, {"start": 224, "end": 231, "rule_id": 5}, {"start": 288, "end": 291, "rule_id": 6}, {"start": 326, "end": 330, "rule_id": 6}, {"start": 330, "end": 333, "rule_id": 6}, {"start": 442, "end": 445, "rule_id": 6}, {"start": 476, "end": 479, "rule_id": 6}, {"start": 77, "end": 82, "rule_id": 6}, {"start": 168, "end": 173, "rule_id": 6}]</rules>
  </verse>
  <verse>
    <verseIdArabic>١١</verseIdArabic>
    <verseId>11</verseId>
    <chapterId>60</chapterId>
    <textIndopak>وَإِن فَاتَكُمۡ شَيۡءٞ مِّنۡ أَزۡوَٰجِكُمۡ إِلَى ٱلۡكُفَّارِ فَعَاقَبۡتُمۡ فَـَٔاتُواْ ٱلَّذِينَ ذَهَبَتۡ أَزۡوَٰجُهُم مِّثۡلَ مَآ أَنفَقُواْۚ وَٱتَّقُواْ ٱللَّهَ ٱلَّذِيٓ أَنتُم بِهِۦ مُؤۡمِنُونَ</textIndopak>
    <translations>
      <translation>
        <author>Dr. Mustafa Khattab, the Clear Quran</author>
        <text>And if any of your wives desert you to the disbelievers, and later you take spoils from them, then pay those whose wives have gone, the equivalent of whatever ˹dowry˺ they had paid. And be mindful of Allah, in Whom you believe.</text>
      </translation>
    </translations>
    <rules>[{"start": 23, "end": 26, "rule_id": 0}, {"start": 119, "end": 122, "rule_id": 0}, {"start": 68, "end": 70, "rule_id": 1}, {"start": 20, "end": 26, "rule_id": 3}, {"start": 117, "end": 122, "rule_id": 4}, {"start": 4, "end": 8, "rule_id": 6}, {"start": 134, "end": 137, "rule_id": 6}, {"start": 176, "end": 179, "rule_id": 6}, {"start": 179, "end": 183, "rule_id": 7}]</rules>
  </verse>
  <verse>
    <verseIdArabic>١٢</verseIdArabic>
    <verseId>12</verseId>
    <chapterId>60</chapterId>
    <textIndopak>يَٰٓأَيُّهَا ٱلنَّبِيُّ إِذَا جَآءَكَ ٱلۡمُؤۡمِنَٰتُ يُبَايِعۡنَكَ عَلَىٰٓ أَن لَّا يُشۡرِكۡنَ بِٱللَّهِ شَيۡـٔٗا وَلَا يَسۡرِقۡنَ وَلَا يَزۡنِينَ وَلَا يَقۡتُلۡنَ أَوۡلَٰدَهُنَّ وَلَا يَأۡتِينَ بِبُهۡتَٰنٖ يَفۡتَرِينَهُۥ بَيۡنَ أَيۡدِيهِنَّ وَأَرۡجُلِهِنَّ وَلَا يَعۡصِينَكَ فِي مَعۡرُوفٖ فَبَايِعۡهُنَّ وَٱسۡتَغۡفِرۡ لَهُنَّ ٱللَّهَۚ إِنَّ ٱللَّهَ غَفُورٞ رَّحِيمٞ</textIndopak>
    <translations>
      <translation>
        <author>Dr. Mustafa Khattab, the Clear Quran</author>
        <text>O Prophet! When the believing women come to you, pledging to you that they will neither associate anything with Allah ˹in worship˺, nor steal, nor fornicate, nor kill their children, nor falsely attribute ˹illegitimate˺ children to their husbands, nor disobey you in what is right, then accept their pledge, and ask Allah to forgive them. Surely Allah is All-Forgiving, Most Merciful.</text>
      </translation>
    </translations>
    <rules>[{"start": 15, "end": 18, "rule_id": 0}, {"start": 176, "end": 179, "rule_id": 0}, {"start": 239, "end": 242, "rule_id": 0}, {"start": 255, "end": 258, "rule_id": 0}, {"start": 304, "end": 307, "rule_id": 0}, {"start": 326, "end": 329, "rule_id": 0}, {"start": 342, "end": 345, "rule_id": 0}, {"start": 127, "end": 129, "rule_id": 1}, {"start": 156, "end": 158, "rule_id": 1}, {"start": 111, "end": 117, "rule_id": 3}, {"start": 205, "end": 210, "rule_id": 3}, {"start": 78, "end": 83, "rule_id": 5}, {"start": 359, "end": 365, "rule_id": 5}]</rules>
  </verse>
  <verse>
    <verseIdArabic>١٣</verseIdArabic>
    <verseId>13</verseId>
    <chapterId>60</chapterId>
    <textIndopak>يَٰٓأَيُّهَا ٱلَّذِينَ ءَامَنُواْ لَا تَتَوَلَّوۡاْ قَوۡمًا غَضِبَ ٱللَّهُ عَلَيۡهِمۡ قَدۡ يَئِسُواْ مِنَ ٱلۡأٓخِرَةِ كَمَا يَئِسَ ٱلۡكُفَّارُ مِنۡ أَصۡحَٰبِ ٱلۡقُبُورِ</textIndopak>
    <translations>
      <translation>
        <author>Dr. Mustafa Khattab, the Clear Quran</author>
        <text>O believers! Do not ally yourselves with a people Allah is displeased with. They already have no hope for the Hereafter, just like the disbelievers lying in ˹their˺ graves.</text>
      </translation>
    </translations>
    <rules>[{"start": 88, "end": 90, "rule_id": 1}]</rules>
  </verse>
</verses>
