<?xml version="1.0" encoding="UTF-8"?>

<verses>
  <verse>
    <verseIdArabic>١</verseIdArabic>
    <verseId>1</verseId>
    <chapterId>65</chapterId>
    <textIndopak>يَٰٓأَيُّهَا ٱلنَّبِيُّ إِذَا طَلَّقۡتُمُ ٱلنِّسَآءَ فَطَلِّقُوهُنَّ لِعِدَّتِهِنَّ وَأَحۡصُواْ ٱلۡعِدَّةَۖ وَٱتَّقُواْ ٱللَّهَ رَبَّكُمۡۖ لَا تُخۡرِجُوهُنَّ مِنۢ بُيُوتِهِنَّ وَلَا يَخۡرُجۡنَ إِلَّآ أَن يَأۡتِينَ بِفَٰحِشَةٖ مُّبَيِّنَةٖۚ وَتِلۡكَ حُدُودُ ٱللَّهِۚ وَمَن يَتَعَدَّ حُدُودَ ٱللَّهِ فَقَدۡ ظَلَمَ نَفۡسَهُۥۚ لَا تَدۡرِي لَعَلَّ ٱللَّهَ يُحۡدِثُ بَعۡدَ ذَٰلِكَ أَمۡرٗا</textIndopak>
    <translations>
      <translation>
        <author>Dr. Mustafa Khattab, the Clear Quran</author>
        <text>O Prophet! ˹Instruct the believers:˺ When you ˹intend to˺ divorce women, then divorce them with concern for their waiting period, and count it accurately. And fear Allah, your Lord. Do not force them out of their homes, nor should they leave—unless they commit a blatant misconduct. These are the limits set by Allah. And whoever transgresses Allah’s limits has truly wronged his own soul. You never know, perhaps Allah will bring about a change ˹of heart˺ later.</text>
      </translation>
    </translations>
    <rules>[{"start": 15, "end": 18, "rule_id": 0}, {"start": 44, "end": 47, "rule_id": 0}, {"start": 66, "end": 69, "rule_id": 0}, {"start": 81, "end": 84, "rule_id": 0}, {"start": 157, "end": 160, "rule_id": 0}, {"start": 175, "end": 178, "rule_id": 0}, {"start": 230, "end": 233, "rule_id": 0}, {"start": 35, "end": 37, "rule_id": 1}, {"start": 191, "end": 193, "rule_id": 1}, {"start": 308, "end": 310, "rule_id": 1}, {"start": 336, "end": 338, "rule_id": 1}, {"start": 163, "end": 168, "rule_id": 2}, {"start": 206, "end": 210, "rule_id": 3}, {"start": 276, "end": 280, "rule_id": 3}, {"start": 227, "end": 233, "rule_id": 3}]</rules>
  </verse>
  <verse>
    <verseIdArabic>٢</verseIdArabic>
    <verseId>2</verseId>
    <chapterId>65</chapterId>
    <textIndopak>فَإِذَا بَلَغۡنَ أَجَلَهُنَّ فَأَمۡسِكُوهُنَّ بِمَعۡرُوفٍ أَوۡ فَارِقُوهُنَّ بِمَعۡرُوفٖ وَأَشۡهِدُواْ ذَوَيۡ عَدۡلٖ مِّنكُمۡ وَأَقِيمُواْ ٱلشَّهَٰدَةَ لِلَّهِۚ ذَٰلِكُمۡ يُوعَظُ بِهِۦ مَن كَانَ يُؤۡمِنُ بِٱللَّهِ وَٱلۡيَوۡمِ ٱلۡأٓخِرِۚ وَمَن يَتَّقِ ٱللَّهَ يَجۡعَل لَّهُۥ مَخۡرَجٗا</textIndopak>
    <translations>
      <translation>
        <author>Dr. Mustafa Khattab, the Clear Quran</author>
        <text>Then when they have ˹almost˺ reached the end of their waiting period, either retain them honourably or separate from them honourably. And call two of your reliable men to witness ˹either way˺—and ˹let the witnesses˺ bear true testimony for ˹the sake of˺ Allah. This is enjoined on whoever has faith in Allah and the Last Day. And whoever is mindful of Allah, He will make a way out for them,</text>
      </translation>
    </translations>
    <rules>[{"start": 25, "end": 28, "rule_id": 0}, {"start": 42, "end": 45, "rule_id": 0}, {"start": 73, "end": 76, "rule_id": 0}, {"start": 117, "end": 120, "rule_id": 0}, {"start": 112, "end": 114, "rule_id": 1}, {"start": 264, "end": 266, "rule_id": 1}, {"start": 244, "end": 248, "rule_id": 3}, {"start": 86, "end": 91, "rule_id": 3}, {"start": 114, "end": 120, "rule_id": 3}, {"start": 120, "end": 123, "rule_id": 6}, {"start": 188, "end": 192, "rule_id": 6}]</rules>
  </verse>
  <verse>
    <verseIdArabic>٣</verseIdArabic>
    <verseId>3</verseId>
    <chapterId>65</chapterId>
    <textIndopak>وَيَرۡزُقۡهُ مِنۡ حَيۡثُ لَا يَحۡتَسِبُۚ وَمَن يَتَوَكَّلۡ عَلَى ٱللَّهِ فَهُوَ حَسۡبُهُۥٓۚ إِنَّ ٱللَّهَ بَٰلِغُ أَمۡرِهِۦۚ قَدۡ جَعَلَ ٱللَّهُ لِكُلِّ شَيۡءٖ قَدۡرٗا</textIndopak>
    <translations>
      <translation>
        <author>Dr. Mustafa Khattab, the Clear Quran</author>
        <text>and provide for them from sources they could never imagine. And whoever puts their trust in Allah, then He ˹alone˺ is sufficient for them. Certainly Allah achieves His Will. Allah has already set a destiny for everything.</text>
      </translation>
    </translations>
    <rules>[{"start": 96, "end": 99, "rule_id": 0}, {"start": 8, "end": 10, "rule_id": 1}, {"start": 130, "end": 132, "rule_id": 1}, {"start": 165, "end": 167, "rule_id": 1}, {"start": 46, "end": 50, "rule_id": 3}, {"start": 160, "end": 165, "rule_id": 6}]</rules>
  </verse>
  <verse>
    <verseIdArabic>٤</verseIdArabic>
    <verseId>4</verseId>
    <chapterId>65</chapterId>
    <textIndopak>وَٱلَّٰٓـِٔي يَئِسۡنَ مِنَ ٱلۡمَحِيضِ مِن نِّسَآئِكُمۡ إِنِ ٱرۡتَبۡتُمۡ فَعِدَّتُهُنَّ ثَلَٰثَةُ أَشۡهُرٖ وَٱلَّٰٓـِٔي لَمۡ يَحِضۡنَۚ وَأُوْلَٰتُ ٱلۡأَحۡمَالِ أَجَلُهُنَّ أَن يَضَعۡنَ حَمۡلَهُنَّۚ وَمَن يَتَّقِ ٱللَّهَ يَجۡعَل لَّهُۥ مِنۡ أَمۡرِهِۦ يُسۡرٗا</textIndopak>
    <translations>
      <translation>
        <author>Dr. Mustafa Khattab, the Clear Quran</author>
        <text>As for your women past the age of menstruation, in case you do not know, their waiting period is three months, and those who have not menstruated as well. As for those who are pregnant, their waiting period ends with delivery. And whoever is mindful of Allah, He will make their matters easy for them.</text>
      </translation>
    </translations>
    <rules>[{"start": 42, "end": 45, "rule_id": 0}, {"start": 84, "end": 87, "rule_id": 0}, {"start": 169, "end": 172, "rule_id": 0}, {"start": 194, "end": 197, "rule_id": 0}, {"start": 66, "end": 68, "rule_id": 1}, {"start": 224, "end": 226, "rule_id": 1}, {"start": 40, "end": 45, "rule_id": 3}, {"start": 175, "end": 179, "rule_id": 3}, {"start": 204, "end": 208, "rule_id": 3}, {"start": 104, "end": 109, "rule_id": 3}]</rules>
  </verse>
  <verse>
    <verseIdArabic>٥</verseIdArabic>
    <verseId>5</verseId>
    <chapterId>65</chapterId>
    <textIndopak>ذَٰلِكَ أَمۡرُ ٱللَّهِ أَنزَلَهُۥٓ إِلَيۡكُمۡۚ وَمَن يَتَّقِ ٱللَّهَ يُكَفِّرۡ عَنۡهُ سَيِّـَٔاتِهِۦ وَيُعۡظِمۡ لَهُۥٓ أَجۡرًا</textIndopak>
    <translations>
      <translation>
        <author>Dr. Mustafa Khattab, the Clear Quran</author>
        <text>This is the commandment of Allah, which He has revealed to you. And whoever is mindful of Allah, He will absolve them of their sins and reward them immensely.</text>
      </translation>
    </translations>
    <rules>[{"start": 122, "end": 124, "rule_id": 1}, {"start": 52, "end": 56, "rule_id": 3}, {"start": 25, "end": 28, "rule_id": 6}]</rules>
  </verse>
  <verse>
    <verseIdArabic>٦</verseIdArabic>
    <verseId>6</verseId>
    <chapterId>65</chapterId>
    <textIndopak>أَسۡكِنُوهُنَّ مِنۡ حَيۡثُ سَكَنتُم مِّن وُجۡدِكُمۡ وَلَا تُضَآرُّوهُنَّ لِتُضَيِّقُواْ عَلَيۡهِنَّۚ وَإِن كُنَّ أُوْلَٰتِ حَمۡلٖ فَأَنفِقُواْ عَلَيۡهِنَّ حَتَّىٰ يَضَعۡنَ حَمۡلَهُنَّۚ فَإِنۡ أَرۡضَعۡنَ لَكُمۡ فَـَٔاتُوهُنَّ أُجُورَهُنَّ وَأۡتَمِرُواْ بَيۡنَكُم بِمَعۡرُوفٖۖ وَإِن تَعَاسَرۡتُمۡ فَسَتُرۡضِعُ لَهُۥٓ أُخۡرَىٰ</textIndopak>
    <translations>
      <translation>
        <author>Dr. Mustafa Khattab, the Clear Quran</author>
        <text>Let them live where you live ˹during their waiting period˺, according to your means. And do not harass them to make their stay unbearable. If they are pregnant, then maintain them until they deliver. And if they nurse your child, compensate them, and consult together courteously. But if you fail to reach an agreement, then another woman will nurse ˹the child˺ for the father.</text>
      </translation>
    </translations>
    <rules>[{"start": 11, "end": 14, "rule_id": 0}, {"start": 36, "end": 39, "rule_id": 0}, {"start": 70, "end": 73, "rule_id": 0}, {"start": 97, "end": 100, "rule_id": 0}, {"start": 111, "end": 114, "rule_id": 0}, {"start": 153, "end": 156, "rule_id": 0}, {"start": 182, "end": 185, "rule_id": 0}, {"start": 224, "end": 227, "rule_id": 0}, {"start": 237, "end": 240, "rule_id": 0}, {"start": 43, "end": 45, "rule_id": 1}, {"start": 39, "end": 43, "rule_id": 3}, {"start": 276, "end": 283, "rule_id": 3}, {"start": 34, "end": 39, "rule_id": 4}, {"start": 31, "end": 34, "rule_id": 6}, {"start": 107, "end": 111, "rule_id": 6}, {"start": 136, "end": 139, "rule_id": 6}, {"start": 285, "end": 289, "rule_id": 6}, {"start": 129, "end": 134, "rule_id": 6}, {"start": 265, "end": 269, "rule_id": 7}]</rules>
  </verse>
  <verse>
    <verseIdArabic>٧</verseIdArabic>
    <verseId>7</verseId>
    <chapterId>65</chapterId>
    <textIndopak>لِيُنفِقۡ ذُو سَعَةٖ مِّن سَعَتِهِۦۖ وَمَن قُدِرَ عَلَيۡهِ رِزۡقُهُۥ فَلۡيُنفِقۡ مِمَّآ ءَاتَىٰهُ ٱللَّهُۚ لَا يُكَلِّفُ ٱللَّهُ نَفۡسًا إِلَّا مَآ ءَاتَىٰهَاۚ سَيَجۡعَلُ ٱللَّهُ بَعۡدَ عُسۡرٖ يُسۡرٗا</textIndopak>
    <translations>
      <translation>
        <author>Dr. Mustafa Khattab, the Clear Quran</author>
        <text>Let the man of wealth provide according to his means. As for the one with limited resources, let him provide according to whatever Allah has given him. Allah does not require of any soul beyond what He has given it. After hardship, Allah will bring about ease.</text>
      </translation>
    </translations>
    <rules>[{"start": 21, "end": 24, "rule_id": 0}, {"start": 84, "end": 87, "rule_id": 0}, {"start": 7, "end": 9, "rule_id": 1}, {"start": 79, "end": 81, "rule_id": 1}, {"start": 169, "end": 171, "rule_id": 1}, {"start": 18, "end": 24, "rule_id": 3}, {"start": 195, "end": 200, "rule_id": 3}, {"start": 4, "end": 7, "rule_id": 6}, {"start": 24, "end": 28, "rule_id": 6}, {"start": 42, "end": 46, "rule_id": 6}, {"start": 76, "end": 79, "rule_id": 6}]</rules>
  </verse>
  <verse>
    <verseIdArabic>٨</verseIdArabic>
    <verseId>8</verseId>
    <chapterId>65</chapterId>
    <textIndopak>وَكَأَيِّن مِّن قَرۡيَةٍ عَتَتۡ عَنۡ أَمۡرِ رَبِّهَا وَرُسُلِهِۦ فَحَاسَبۡنَٰهَا حِسَابٗا شَدِيدٗا وَعَذَّبۡنَٰهَا عَذَابٗا نُّكۡرٗا</textIndopak>
    <translations>
      <translation>
        <author>Dr. Mustafa Khattab, the Clear Quran</author>
        <text>˹Imagine˺ how many societies rebelled against the commandments of their Lord and His messengers, so We called each ˹society˺ to a severe account and subjected them to a horrible punishment.</text>
      </translation>
    </translations>
    <rules>[{"start": 11, "end": 14, "rule_id": 0}, {"start": 124, "end": 127, "rule_id": 0}, {"start": 72, "end": 74, "rule_id": 1}, {"start": 106, "end": 108, "rule_id": 1}, {"start": 9, "end": 14, "rule_id": 3}, {"start": 95, "end": 101, "rule_id": 3}, {"start": 120, "end": 127, "rule_id": 3}, {"start": 14, "end": 18, "rule_id": 6}]</rules>
  </verse>
  <verse>
    <verseIdArabic>٩</verseIdArabic>
    <verseId>9</verseId>
    <chapterId>65</chapterId>
    <textIndopak>فَذَاقَتۡ وَبَالَ أَمۡرِهَا وَكَانَ عَٰقِبَةُ أَمۡرِهَا خُسۡرًا</textIndopak>
    <translations>
      <translation>
        <author>Dr. Mustafa Khattab, the Clear Quran</author>
        <text>So they tasted the evil consequences of their doings, and the outcome of their doings was ˹total˺ loss.</text>
      </translation>
    </translations>
  </verse>
  <verse>
    <verseIdArabic>١٠</verseIdArabic>
    <verseId>10</verseId>
    <chapterId>65</chapterId>
    <textIndopak>أَعَدَّ ٱللَّهُ لَهُمۡ عَذَابٗا شَدِيدٗاۖ فَٱتَّقُواْ ٱللَّهَ يَٰٓأُوْلِي ٱلۡأَلۡبَٰبِ ٱلَّذِينَ ءَامَنُواْۚ قَدۡ أَنزَلَ ٱللَّهُ إِلَيۡكُمۡ ذِكۡرٗا</textIndopak>
    <translations>
      <translation>
        <author>Dr. Mustafa Khattab, the Clear Quran</author>
        <text>Allah has ˹also˺ prepared for them a severe punishment. So fear Allah, O people of reason and faith. Allah has indeed revealed to you a Reminder,</text>
      </translation>
    </translations>
    <rules>[{"start": 113, "end": 115, "rule_id": 1}, {"start": 118, "end": 121, "rule_id": 6}]</rules>
  </verse>
  <verse>
    <verseIdArabic>١١</verseIdArabic>
    <verseId>11</verseId>
    <chapterId>65</chapterId>
    <textIndopak>رَّسُولٗا يَتۡلُواْ عَلَيۡكُمۡ ءَايَٰتِ ٱللَّهِ مُبَيِّنَٰتٖ لِّيُخۡرِجَ ٱلَّذِينَ ءَامَنُواْ وَعَمِلُواْ ٱلصَّٰلِحَٰتِ مِنَ ٱلظُّلُمَٰتِ إِلَى ٱلنُّورِۚ وَمَن يُؤۡمِنۢ بِٱللَّهِ وَيَعۡمَلۡ صَٰلِحٗا يُدۡخِلۡهُ جَنَّٰتٖ تَجۡرِي مِن تَحۡتِهَا ٱلۡأَنۡهَٰرُ خَٰلِدِينَ فِيهَآ أَبَدٗاۖ قَدۡ أَحۡسَنَ ٱللَّهُ لَهُۥ رِزۡقًا</textIndopak>
    <translations>
      <translation>
        <author>Dr. Mustafa Khattab, the Clear Quran</author>
        <text>˹and sent˺ a messenger reciting to you Allah’s revelations, making things clear so that He may bring those who believe and do good out of darkness and into light. And whoever believes in Allah and does good will be admitted by Him into Gardens under which rivers flow, to stay there for ever and ever. Allah will have indeed granted them an excellent provision.</text>
      </translation>
    </translations>
    <rules>[{"start": 146, "end": 149, "rule_id": 0}, {"start": 213, "end": 217, "rule_id": 0}, {"start": 202, "end": 204, "rule_id": 1}, {"start": 222, "end": 224, "rule_id": 1}, {"start": 286, "end": 288, "rule_id": 1}, {"start": 167, "end": 172, "rule_id": 2}, {"start": 159, "end": 163, "rule_id": 3}, {"start": 6, "end": 12, "rule_id": 3}, {"start": 196, "end": 202, "rule_id": 3}, {"start": 58, "end": 64, "rule_id": 5}, {"start": 230, "end": 234, "rule_id": 6}, {"start": 217, "end": 222, "rule_id": 6}]</rules>
  </verse>
  <verse>
    <verseIdArabic>١٢</verseIdArabic>
    <verseId>12</verseId>
    <chapterId>65</chapterId>
    <textIndopak>ٱللَّهُ ٱلَّذِي خَلَقَ سَبۡعَ سَمَٰوَٰتٖ وَمِنَ ٱلۡأَرۡضِ مِثۡلَهُنَّۖ يَتَنَزَّلُ ٱلۡأَمۡرُ بَيۡنَهُنَّ لِتَعۡلَمُوٓاْ أَنَّ ٱللَّهَ عَلَىٰ كُلِّ شَيۡءٖ قَدِيرٞ وَأَنَّ ٱللَّهَ قَدۡ أَحَاطَ بِكُلِّ شَيۡءٍ عِلۡمَۢا</textIndopak>
    <translations>
      <translation>
        <author>Dr. Mustafa Khattab, the Clear Quran</author>
        <text>Allah is the One Who created seven heavens ˹in layers˺, and likewise for the earth. The ˹divine˺ command descends between them so you may know that Allah is Most Capable of everything and that Allah certainly encompasses all things in ˹His˺ knowledge.</text>
      </translation>
    </translations>
    <rules>[{"start": 66, "end": 69, "rule_id": 0}, {"start": 100, "end": 103, "rule_id": 0}, {"start": 121, "end": 124, "rule_id": 0}, {"start": 165, "end": 168, "rule_id": 0}, {"start": 25, "end": 27, "rule_id": 1}, {"start": 179, "end": 181, "rule_id": 1}, {"start": 38, "end": 43, "rule_id": 3}, {"start": 158, "end": 163, "rule_id": 3}, {"start": 150, "end": 155, "rule_id": 6}]</rules>
  </verse>
</verses>
