<?xml version="1.0" encoding="UTF-8"?>

<verses>
  <verse>
    <verseIdArabic>١</verseIdArabic>
    <verseId>1</verseId>
    <chapterId>67</chapterId>
    <textIndopak>تَبَٰرَكَ ٱلَّذِي بِيَدِهِ ٱلۡمُلۡكُ وَهُوَ عَلَىٰ كُلِّ شَيۡءٖ قَدِيرٌ</textIndopak>
    <translations>
      <translation>
        <author>Dr. Mustafa Khattab, the Clear Quran</author>
        <text>Blessed is the One in Whose Hands rests all authority. And He is Most Capable of everything.</text>
      </translation>
    </translations>
    <rules>[{"start": 61, "end": 66, "rule_id": 6}]</rules>
  </verse>
  <verse>
    <verseIdArabic>٢</verseIdArabic>
    <verseId>2</verseId>
    <chapterId>67</chapterId>
    <textIndopak>ٱلَّذِي خَلَقَ ٱلۡمَوۡتَ وَٱلۡحَيَوٰةَ لِيَبۡلُوَكُمۡ أَيُّكُمۡ أَحۡسَنُ عَمَلٗاۚ وَهُوَ ٱلۡعَزِيزُ ٱلۡغَفُورُ</textIndopak>
    <translations>
      <translation>
        <author>Dr. Mustafa Khattab, the Clear Quran</author>
        <text>˹He is the One˺ Who created death and life in order to test which of you is best in deeds. And He is the Almighty, All-Forgiving.</text>
      </translation>
    </translations>
    <rules>[{"start": 43, "end": 45, "rule_id": 1}]</rules>
  </verse>
  <verse>
    <verseIdArabic>٣</verseIdArabic>
    <verseId>3</verseId>
    <chapterId>67</chapterId>
    <textIndopak>ٱلَّذِي خَلَقَ سَبۡعَ سَمَٰوَٰتٖ طِبَاقٗاۖ مَّا تَرَىٰ فِي خَلۡقِ ٱلرَّحۡمَٰنِ مِن تَفَٰوُتٖۖ فَٱرۡجِعِ ٱلۡبَصَرَ هَلۡ تَرَىٰ مِن فُطُورٖ</textIndopak>
    <translations>
      <translation>
        <author>Dr. Mustafa Khattab, the Clear Quran</author>
        <text>˹He is the One˺ Who created seven heavens, one above the other. You will never see any imperfection in the creation of the Most Compassionate. So look again: do you see any flaws?</text>
      </translation>
    </translations>
    <rules>[{"start": 44, "end": 47, "rule_id": 0}, {"start": 17, "end": 19, "rule_id": 1}, {"start": 38, "end": 47, "rule_id": 3}, {"start": 82, "end": 86, "rule_id": 6}, {"start": 130, "end": 134, "rule_id": 6}, {"start": 30, "end": 35, "rule_id": 6}]</rules>
  </verse>
  <verse>
    <verseIdArabic>٤</verseIdArabic>
    <verseId>4</verseId>
    <chapterId>67</chapterId>
    <textIndopak>ثُمَّ ٱرۡجِعِ ٱلۡبَصَرَ كَرَّتَيۡنِ يَنقَلِبۡ إِلَيۡكَ ٱلۡبَصَرُ خَاسِئٗا وَهُوَ حَسِيرٞ</textIndopak>
    <translations>
      <translation>
        <author>Dr. Mustafa Khattab, the Clear Quran</author>
        <text>Then look again and again—your sight will return frustrated and weary.</text>
      </translation>
    </translations>
    <rules>[{"start": 2, "end": 5, "rule_id": 0}, {"start": 43, "end": 45, "rule_id": 1}, {"start": 70, "end": 76, "rule_id": 3}, {"start": 38, "end": 41, "rule_id": 6}]</rules>
  </verse>
  <verse>
    <verseIdArabic>٥</verseIdArabic>
    <verseId>5</verseId>
    <chapterId>67</chapterId>
    <textIndopak>وَلَقَدۡ زَيَّنَّا ٱلسَّمَآءَ ٱلدُّنۡيَا بِمَصَٰبِيحَ وَجَعَلۡنَٰهَا رُجُومٗا لِّلشَّيَٰطِينِۖ وَأَعۡتَدۡنَا لَهُمۡ عَذَابَ ٱلسَّعِيرِ</textIndopak>
    <translations>
      <translation>
        <author>Dr. Mustafa Khattab, the Clear Quran</author>
        <text>And indeed, We adorned the lowest heaven with ˹stars like˺ lamps, and made them ˹as missiles˺ for stoning ˹eavesdropping˺ devils, for whom We have also prepared the torment of the Blaze.</text>
      </translation>
    </translations>
    <rules>[{"start": 14, "end": 17, "rule_id": 0}, {"start": 6, "end": 8, "rule_id": 1}, {"start": 105, "end": 107, "rule_id": 1}, {"start": 75, "end": 82, "rule_id": 5}]</rules>
  </verse>
  <verse>
    <verseIdArabic>٦</verseIdArabic>
    <verseId>6</verseId>
    <chapterId>67</chapterId>
    <textIndopak>وَلِلَّذِينَ كَفَرُواْ بِرَبِّهِمۡ عَذَابُ جَهَنَّمَۖ وَبِئۡسَ ٱلۡمَصِيرُ</textIndopak>
    <translations>
      <translation>
        <author>Dr. Mustafa Khattab, the Clear Quran</author>
        <text>Those who disbelieve in their Lord will suffer the punishment of Hell. What an evil destination!</text>
      </translation>
    </translations>
    <rules>[{"start": 47, "end": 50, "rule_id": 0}]</rules>
  </verse>
  <verse>
    <verseIdArabic>٧</verseIdArabic>
    <verseId>7</verseId>
    <chapterId>67</chapterId>
    <textIndopak>إِذَآ أُلۡقُواْ فِيهَا سَمِعُواْ لَهَا شَهِيقٗا وَهِيَ تَفُورُ</textIndopak>
    <translations>
      <translation>
        <author>Dr. Mustafa Khattab, the Clear Quran</author>
        <text>When they are tossed into it, they will hear its roaring as it boils over,</text>
      </translation>
    </translations>
    <rules>[{"start": 45, "end": 51, "rule_id": 3}]</rules>
  </verse>
  <verse>
    <verseIdArabic>٨</verseIdArabic>
    <verseId>8</verseId>
    <chapterId>67</chapterId>
    <textIndopak>تَكَادُ تَمَيَّزُ مِنَ ٱلۡغَيۡظِۖ كُلَّمَآ أُلۡقِيَ فِيهَا فَوۡجٞ سَأَلَهُمۡ خَزَنَتُهَآ أَلَمۡ يَأۡتِكُمۡ نَذِيرٞ</textIndopak>
    <translations>
      <translation>
        <author>Dr. Mustafa Khattab, the Clear Quran</author>
        <text>almost bursting in fury. Every time a group is cast into it, its keepers will ask them, “Did a warner not come to you?”</text>
      </translation>
    </translations>
    <rules>[{"start": 65, "end": 70, "rule_id": 6}]</rules>
  </verse>
  <verse>
    <verseIdArabic>٩</verseIdArabic>
    <verseId>9</verseId>
    <chapterId>67</chapterId>
    <textIndopak>قَالُواْ بَلَىٰ قَدۡ جَآءَنَا نَذِيرٞ فَكَذَّبۡنَا وَقُلۡنَا مَا نَزَّلَ ٱللَّهُ مِن شَيۡءٍ إِنۡ أَنتُمۡ إِلَّا فِي ضَلَٰلٖ كَبِيرٖ</textIndopak>
    <translations>
      <translation>
        <author>Dr. Mustafa Khattab, the Clear Quran</author>
        <text>They will reply, “Yes, a warner did come to us, but we denied and said, ‘Allah has revealed nothing. You are extremely astray.’”</text>
      </translation>
    </translations>
    <rules>[{"start": 18, "end": 20, "rule_id": 1}, {"start": 46, "end": 48, "rule_id": 1}, {"start": 84, "end": 88, "rule_id": 6}, {"start": 100, "end": 103, "rule_id": 6}, {"start": 36, "end": 41, "rule_id": 6}, {"start": 122, "end": 127, "rule_id": 6}]</rules>
  </verse>
  <verse>
    <verseIdArabic>١٠</verseIdArabic>
    <verseId>10</verseId>
    <chapterId>67</chapterId>
    <textIndopak>وَقَالُواْ لَوۡ كُنَّا نَسۡمَعُ أَوۡ نَعۡقِلُ مَا كُنَّا فِيٓ أَصۡحَٰبِ ٱلسَّعِيرِ</textIndopak>
    <translations>
      <translation>
        <author>Dr. Mustafa Khattab, the Clear Quran</author>
        <text>And they will lament, “If only we had listened and reasoned, we would not be among the residents of the Blaze!”</text>
      </translation>
    </translations>
    <rules>[{"start": 18, "end": 21, "rule_id": 0}, {"start": 52, "end": 55, "rule_id": 0}]</rules>
  </verse>
  <verse>
    <verseIdArabic>١١</verseIdArabic>
    <verseId>11</verseId>
    <chapterId>67</chapterId>
    <textIndopak>فَٱعۡتَرَفُواْ بِذَنۢبِهِمۡ فَسُحۡقٗا لِّأَصۡحَٰبِ ٱلسَّعِيرِ</textIndopak>
    <translations>
      <translation>
        <author>Dr. Mustafa Khattab, the Clear Quran</author>
        <text>And so they will confess their sins. So away with the residents of the Blaze!</text>
      </translation>
    </translations>
    <rules>[{"start": 19, "end": 23, "rule_id": 2}, {"start": 34, "end": 41, "rule_id": 5}]</rules>
  </verse>
  <verse>
    <verseIdArabic>١٢</verseIdArabic>
    <verseId>12</verseId>
    <chapterId>67</chapterId>
    <textIndopak>إِنَّ ٱلَّذِينَ يَخۡشَوۡنَ رَبَّهُم بِٱلۡغَيۡبِ لَهُم مَّغۡفِرَةٞ وَأَجۡرٞ كَبِيرٞ</textIndopak>
    <translations>
      <translation>
        <author>Dr. Mustafa Khattab, the Clear Quran</author>
        <text>Indeed, those in awe of their Lord without seeing Him will have forgiveness and a mighty reward.</text>
      </translation>
    </translations>
    <rules>[{"start": 2, "end": 5, "rule_id": 0}, {"start": 54, "end": 57, "rule_id": 0}, {"start": 70, "end": 72, "rule_id": 1}, {"start": 63, "end": 68, "rule_id": 3}, {"start": 52, "end": 57, "rule_id": 4}, {"start": 72, "end": 77, "rule_id": 6}, {"start": 34, "end": 38, "rule_id": 7}]</rules>
  </verse>
  <verse>
    <verseIdArabic>١٣</verseIdArabic>
    <verseId>13</verseId>
    <chapterId>67</chapterId>
    <textIndopak>وَأَسِرُّواْ قَوۡلَكُمۡ أَوِ ٱجۡهَرُواْ بِهِۦٓۖ إِنَّهُۥ عَلِيمُۢ بِذَاتِ ٱلصُّدُورِ</textIndopak>
    <translations>
      <translation>
        <author>Dr. Mustafa Khattab, the Clear Quran</author>
        <text>Whether you speak secretly or openly—He surely knows best what is ˹hidden˺ in the heart.</text>
      </translation>
    </translations>
    <rules>[{"start": 51, "end": 54, "rule_id": 0}, {"start": 30, "end": 32, "rule_id": 1}, {"start": 63, "end": 69, "rule_id": 2}]</rules>
  </verse>
  <verse>
    <verseIdArabic>١٤</verseIdArabic>
    <verseId>14</verseId>
    <chapterId>67</chapterId>
    <textIndopak>أَلَا يَعۡلَمُ مَنۡ خَلَقَ وَهُوَ ٱللَّطِيفُ ٱلۡخَبِيرُ</textIndopak>
    <translations>
      <translation>
        <author>Dr. Mustafa Khattab, the Clear Quran</author>
        <text>How could He not know His Own creation? For He ˹alone˺ is the Most Subtle, All-Aware.</text>
      </translation>
    </translations>
    <rules>[{"start": 17, "end": 22, "rule_id": 6}]</rules>
  </verse>
  <verse>
    <verseIdArabic>١٥</verseIdArabic>
    <verseId>15</verseId>
    <chapterId>67</chapterId>
    <textIndopak>هُوَ ٱلَّذِي جَعَلَ لَكُمُ ٱلۡأَرۡضَ ذَلُولٗا فَٱمۡشُواْ فِي مَنَاكِبِهَا وَكُلُواْ مِن رِّزۡقِهِۦۖ وَإِلَيۡهِ ٱلنُّشُورُ</textIndopak>
    <translations>
      <translation>
        <author>Dr. Mustafa Khattab, the Clear Quran</author>
        <text>He is the One Who smoothed out the earth for you, so move about in its regions and eat from His provisions. And to Him is the resurrection ˹of all˺.</text>
      </translation>
    </translations>
    <rules>[{"start": 114, "end": 117, "rule_id": 0}, {"start": 86, "end": 91, "rule_id": 5}]</rules>
  </verse>
  <verse>
    <verseIdArabic>١٦</verseIdArabic>
    <verseId>16</verseId>
    <chapterId>67</chapterId>
    <textIndopak>ءَأَمِنتُم مَّن فِي ٱلسَّمَآءِ أَن يَخۡسِفَ بِكُمُ ٱلۡأَرۡضَ فَإِذَا هِيَ تَمُورُ</textIndopak>
    <translations>
      <translation>
        <author>Dr. Mustafa Khattab, the Clear Quran</author>
        <text>Do you feel secure that the One Who is in heaven will not cause the earth to swallow you up as it quakes violently?</text>
      </translation>
    </translations>
    <rules>[{"start": 11, "end": 14, "rule_id": 0}, {"start": 34, "end": 38, "rule_id": 3}, {"start": 9, "end": 14, "rule_id": 4}, {"start": 6, "end": 9, "rule_id": 6}, {"start": 14, "end": 18, "rule_id": 6}]</rules>
  </verse>
  <verse>
    <verseIdArabic>١٧</verseIdArabic>
    <verseId>17</verseId>
    <chapterId>67</chapterId>
    <textIndopak>أَمۡ أَمِنتُم مَّن فِي ٱلسَّمَآءِ أَن يُرۡسِلَ عَلَيۡكُمۡ حَاصِبٗاۖ فَسَتَعۡلَمُونَ كَيۡفَ نَذِيرِ</textIndopak>
    <translations>
      <translation>
        <author>Dr. Mustafa Khattab, the Clear Quran</author>
        <text>Or do you feel secure that the One Who is in heaven will not unleash upon you a storm of stones. Only then would you know how ˹serious˺ My warning was!</text>
      </translation>
    </translations>
    <rules>[{"start": 14, "end": 17, "rule_id": 0}, {"start": 37, "end": 41, "rule_id": 3}, {"start": 12, "end": 17, "rule_id": 4}, {"start": 9, "end": 12, "rule_id": 6}, {"start": 17, "end": 21, "rule_id": 6}]</rules>
  </verse>
  <verse>
    <verseIdArabic>١٨</verseIdArabic>
    <verseId>18</verseId>
    <chapterId>67</chapterId>
    <textIndopak>وَلَقَدۡ كَذَّبَ ٱلَّذِينَ مِن قَبۡلِهِمۡ فَكَيۡفَ كَانَ نَكِيرِ</textIndopak>
    <translations>
      <translation>
        <author>Dr. Mustafa Khattab, the Clear Quran</author>
        <text>And certainly those before them denied ˹as well˺, then how severe was My response!</text>
      </translation>
    </translations>
    <rules>[{"start": 6, "end": 8, "rule_id": 1}, {"start": 33, "end": 35, "rule_id": 1}, {"start": 29, "end": 33, "rule_id": 6}]</rules>
  </verse>
  <verse>
    <verseIdArabic>١٩</verseIdArabic>
    <verseId>19</verseId>
    <chapterId>67</chapterId>
    <textIndopak>أَوَلَمۡ يَرَوۡاْ إِلَى ٱلطَّيۡرِ فَوۡقَهُمۡ صَٰٓفَّٰتٖ وَيَقۡبِضۡنَۚ مَا يُمۡسِكُهُنَّ إِلَّا ٱلرَّحۡمَٰنُۚ إِنَّهُۥ بِكُلِّ شَيۡءِۭ بَصِيرٌ</textIndopak>
    <translations>
      <translation>
        <author>Dr. Mustafa Khattab, the Clear Quran</author>
        <text>Have they not seen the birds above them, spreading and folding their wings? None holds them up except the Most Compassionate. Indeed, He is All-Seeing of everything.</text>
      </translation>
    </translations>
    <rules>[{"start": 85, "end": 88, "rule_id": 0}, {"start": 113, "end": 116, "rule_id": 0}, {"start": 60, "end": 62, "rule_id": 1}, {"start": 132, "end": 138, "rule_id": 2}, {"start": 53, "end": 58, "rule_id": 3}]</rules>
  </verse>
  <verse>
    <verseIdArabic>٢٠</verseIdArabic>
    <verseId>20</verseId>
    <chapterId>67</chapterId>
    <textIndopak>أَمَّنۡ هَٰذَا ٱلَّذِي هُوَ جُندٞ لَّكُمۡ يَنصُرُكُم مِّن دُونِ ٱلرَّحۡمَٰنِۚ إِنِ ٱلۡكَٰفِرُونَ إِلَّا فِي غُرُورٍ</textIndopak>
    <translations>
      <translation>
        <author>Dr. Mustafa Khattab, the Clear Quran</author>
        <text>Also, which ˹powerless˺ force will come to your help instead of the Most Compassionate? Indeed, the disbelievers are only ˹lost˺ in delusion.</text>
      </translation>
    </translations>
    <rules>[{"start": 2, "end": 5, "rule_id": 0}, {"start": 53, "end": 56, "rule_id": 0}, {"start": 51, "end": 56, "rule_id": 4}, {"start": 31, "end": 37, "rule_id": 5}, {"start": 30, "end": 33, "rule_id": 6}, {"start": 44, "end": 47, "rule_id": 6}, {"start": 56, "end": 60, "rule_id": 6}]</rules>
  </verse>
  <verse>
    <verseIdArabic>٢١</verseIdArabic>
    <verseId>21</verseId>
    <chapterId>67</chapterId>
    <textIndopak>أَمَّنۡ هَٰذَا ٱلَّذِي يَرۡزُقُكُمۡ إِنۡ أَمۡسَكَ رِزۡقَهُۥۚ بَل لَّجُّواْ فِي عُتُوّٖ وَنُفُورٍ</textIndopak>
    <translations>
      <translation>
        <author>Dr. Mustafa Khattab, the Clear Quran</author>
        <text>Or who is it that will provide for you if He withholds His provision? In fact, they persist in arrogance and aversion ˹to the truth˺.</text>
      </translation>
    </translations>
    <rules>[{"start": 2, "end": 5, "rule_id": 0}, {"start": 84, "end": 90, "rule_id": 3}]</rules>
  </verse>
  <verse>
    <verseIdArabic>٢٢</verseIdArabic>
    <verseId>22</verseId>
    <chapterId>67</chapterId>
    <textIndopak>أَفَمَن يَمۡشِي مُكِبًّا عَلَىٰ وَجۡهِهِۦٓ أَهۡدَىٰٓ أَمَّن يَمۡشِي سَوِيًّا عَلَىٰ صِرَٰطٖ مُّسۡتَقِيمٖ</textIndopak>
    <translations>
      <translation>
        <author>Dr. Mustafa Khattab, the Clear Quran</author>
        <text>Who is ˹rightly˺ guided: the one who crawls facedown or the one who walks upright on the Straight Path?</text>
      </translation>
    </translations>
    <rules>[{"start": 55, "end": 58, "rule_id": 0}, {"start": 92, "end": 95, "rule_id": 0}, {"start": 34, "end": 36, "rule_id": 1}, {"start": 6, "end": 10, "rule_id": 3}, {"start": 58, "end": 62, "rule_id": 3}, {"start": 89, "end": 95, "rule_id": 3}]</rules>
  </verse>
  <verse>
    <verseIdArabic>٢٣</verseIdArabic>
    <verseId>23</verseId>
    <chapterId>67</chapterId>
    <textIndopak>قُلۡ هُوَ ٱلَّذِيٓ أَنشَأَكُمۡ وَجَعَلَ لَكُمُ ٱلسَّمۡعَ وَٱلۡأَبۡصَٰرَ وَٱلۡأَفۡـِٔدَةَۚ قَلِيلٗا مَّا تَشۡكُرُونَ</textIndopak>
    <translations>
      <translation>
        <author>Dr. Mustafa Khattab, the Clear Quran</author>
        <text>Say, ˹O Prophet,˺ “He is the One Who brought you into being and gave you hearing, sight, and intellect. ˹Yet˺ you hardly give any thanks.”</text>
      </translation>
    </translations>
    <rules>[{"start": 100, "end": 103, "rule_id": 0}, {"start": 64, "end": 66, "rule_id": 1}, {"start": 96, "end": 103, "rule_id": 3}, {"start": 21, "end": 24, "rule_id": 6}]</rules>
  </verse>
  <verse>
    <verseIdArabic>٢٤</verseIdArabic>
    <verseId>24</verseId>
    <chapterId>67</chapterId>
    <textIndopak>قُلۡ هُوَ ٱلَّذِي ذَرَأَكُمۡ فِي ٱلۡأَرۡضِ وَإِلَيۡهِ تُحۡشَرُونَ</textIndopak>
    <translations>
      <translation>
        <author>Dr. Mustafa Khattab, the Clear Quran</author>
        <text>˹Also˺ say, “He is the One Who has dispersed you ˹all˺ over the earth, and to Him you will ˹all˺ be gathered.”</text>
      </translation>
    </translations>
  </verse>
  <verse>
    <verseIdArabic>٢٥</verseIdArabic>
    <verseId>25</verseId>
    <chapterId>67</chapterId>
    <textIndopak>وَيَقُولُونَ مَتَىٰ هَٰذَا ٱلۡوَعۡدُ إِن كُنتُمۡ صَٰدِقِينَ</textIndopak>
    <translations>
      <translation>
        <author>Dr. Mustafa Khattab, the Clear Quran</author>
        <text>˹Still˺ they ask ˹the believers˺, “When will this threat come to pass, if what you say is true?”</text>
      </translation>
    </translations>
    <rules>[{"start": 39, "end": 43, "rule_id": 6}, {"start": 43, "end": 46, "rule_id": 6}]</rules>
  </verse>
  <verse>
    <verseIdArabic>٢٦</verseIdArabic>
    <verseId>26</verseId>
    <chapterId>67</chapterId>
    <textIndopak>قُلۡ إِنَّمَا ٱلۡعِلۡمُ عِندَ ٱللَّهِ وَإِنَّمَآ أَنَا۠ نَذِيرٞ مُّبِينٞ</textIndopak>
    <translations>
      <translation>
        <author>Dr. Mustafa Khattab, the Clear Quran</author>
        <text>Say, ˹O Prophet,˺ “That knowledge is with Allah alone, and I am only sent with a clear warning.”</text>
      </translation>
    </translations>
    <rules>[{"start": 7, "end": 10, "rule_id": 0}, {"start": 42, "end": 45, "rule_id": 0}, {"start": 65, "end": 68, "rule_id": 0}, {"start": 62, "end": 68, "rule_id": 3}, {"start": 26, "end": 29, "rule_id": 6}]</rules>
  </verse>
  <verse>
    <verseIdArabic>٢٧</verseIdArabic>
    <verseId>27</verseId>
    <chapterId>67</chapterId>
    <textIndopak>فَلَمَّا رَأَوۡهُ زُلۡفَةٗ سِيٓـَٔتۡ وُجُوهُ ٱلَّذِينَ كَفَرُواْ وَقِيلَ هَٰذَا ٱلَّذِي كُنتُم بِهِۦ تَدَّعُونَ</textIndopak>
    <translations>
      <translation>
        <author>Dr. Mustafa Khattab, the Clear Quran</author>
        <text>Then when they see the torment drawing near, the faces of the disbelievers will become gloomy, and it will be said ˹to them˺, “This is what you claimed would never come.”</text>
      </translation>
    </translations>
    <rules>[{"start": 4, "end": 7, "rule_id": 0}, {"start": 90, "end": 93, "rule_id": 6}, {"start": 24, "end": 29, "rule_id": 6}, {"start": 93, "end": 97, "rule_id": 7}]</rules>
  </verse>
  <verse>
    <verseIdArabic>٢٨</verseIdArabic>
    <verseId>28</verseId>
    <chapterId>67</chapterId>
    <textIndopak>قُلۡ أَرَءَيۡتُمۡ إِنۡ أَهۡلَكَنِيَ ٱللَّهُ وَمَن مَّعِيَ أَوۡ رَحِمَنَا فَمَن يُجِيرُ ٱلۡكَٰفِرِينَ مِنۡ عَذَابٍ أَلِيمٖ</textIndopak>
    <translations>
      <translation>
        <author>Dr. Mustafa Khattab, the Clear Quran</author>
        <text>Say, ˹O Prophet,˺ “Consider this: whether Allah causes me and those with me to die or shows us mercy, who will save the disbelievers from a painful punishment?”</text>
      </translation>
    </translations>
    <rules>[{"start": 50, "end": 53, "rule_id": 0}, {"start": 48, "end": 53, "rule_id": 3}, {"start": 77, "end": 81, "rule_id": 3}]</rules>
  </verse>
  <verse>
    <verseIdArabic>٢٩</verseIdArabic>
    <verseId>29</verseId>
    <chapterId>67</chapterId>
    <textIndopak>قُلۡ هُوَ ٱلرَّحۡمَٰنُ ءَامَنَّا بِهِۦ وَعَلَيۡهِ تَوَكَّلۡنَاۖ فَسَتَعۡلَمُونَ مَنۡ هُوَ فِي ضَلَٰلٖ مُّبِينٖ</textIndopak>
    <translations>
      <translation>
        <author>Dr. Mustafa Khattab, the Clear Quran</author>
        <text>Say, “He is the Most Compassionate—in Him ˹alone˺ we believe, and in Him ˹alone˺ we trust. You will soon know who is clearly astray.”</text>
      </translation>
    </translations>
    <rules>[{"start": 28, "end": 31, "rule_id": 0}, {"start": 103, "end": 106, "rule_id": 0}, {"start": 100, "end": 106, "rule_id": 3}]</rules>
  </verse>
  <verse>
    <verseIdArabic>٣٠</verseIdArabic>
    <verseId>30</verseId>
    <chapterId>67</chapterId>
    <textIndopak>قُلۡ أَرَءَيۡتُمۡ إِنۡ أَصۡبَحَ مَآؤُكُمۡ غَوۡرٗا فَمَن يَأۡتِيكُم بِمَآءٖ مَّعِينِۭ</textIndopak>
    <translations>
      <translation>
        <author>Dr. Mustafa Khattab, the Clear Quran</author>
        <text>Say, “Consider this: if your water were to sink ˹into the earth˺, then who ˹else˺ could bring you flowing water?”</text>
      </translation>
    </translations>
    <rules>[{"start": 77, "end": 80, "rule_id": 0}, {"start": 55, "end": 59, "rule_id": 3}, {"start": 74, "end": 80, "rule_id": 3}, {"start": 66, "end": 70, "rule_id": 7}]</rules>
  </verse>
</verses>
