<?xml version="1.0" encoding="UTF-8"?>

<verses>
  <verse>
    <verseIdArabic>١</verseIdArabic>
    <verseId>1</verseId>
    <chapterId>68</chapterId>
    <textIndopak>نٓۚ وَٱلۡقَلَمِ وَمَا يَسۡطُرُونَ</textIndopak>
    <translations>
      <translation>
        <author>Dr. Mustafa Khattab, the Clear Quran</author>
        <text>Nũn. By the pen and what everyone writes!</text>
      </translation>
    </translations>
  </verse>
  <verse>
    <verseIdArabic>٢</verseIdArabic>
    <verseId>2</verseId>
    <chapterId>68</chapterId>
    <textIndopak>مَآ أَنتَ بِنِعۡمَةِ رَبِّكَ بِمَجۡنُونٖ</textIndopak>
    <translations>
      <translation>
        <author>Dr. Mustafa Khattab, the Clear Quran</author>
        <text>By the grace of your Lord, you ˹O Prophet˺ are not insane.</text>
      </translation>
    </translations>
    <rules>[{"start": 34, "end": 36, "rule_id": 1}, {"start": 7, "end": 10, "rule_id": 6}]</rules>
  </verse>
  <verse>
    <verseIdArabic>٣</verseIdArabic>
    <verseId>3</verseId>
    <chapterId>68</chapterId>
    <textIndopak>وَإِنَّ لَكَ لَأَجۡرًا غَيۡرَ مَمۡنُونٖ</textIndopak>
    <translations>
      <translation>
        <author>Dr. Mustafa Khattab, the Clear Quran</author>
        <text>You will certainly have a never-ending reward.</text>
      </translation>
    </translations>
    <rules>[{"start": 4, "end": 7, "rule_id": 0}, {"start": 17, "end": 19, "rule_id": 1}]</rules>
  </verse>
  <verse>
    <verseIdArabic>٤</verseIdArabic>
    <verseId>4</verseId>
    <chapterId>68</chapterId>
    <textIndopak>وَإِنَّكَ لَعَلَىٰ خُلُقٍ عَظِيمٖ</textIndopak>
    <translations>
      <translation>
        <author>Dr. Mustafa Khattab, the Clear Quran</author>
        <text>And you are truly ˹a man˺ of outstanding character.</text>
      </translation>
    </translations>
    <rules>[{"start": 4, "end": 7, "rule_id": 0}]</rules>
  </verse>
  <verse>
    <verseIdArabic>٥</verseIdArabic>
    <verseId>5</verseId>
    <chapterId>68</chapterId>
    <textIndopak>فَسَتُبۡصِرُ وَيُبۡصِرُونَ</textIndopak>
    <translations>
      <translation>
        <author>Dr. Mustafa Khattab, the Clear Quran</author>
        <text>Soon you and the pagans will see,</text>
      </translation>
    </translations>
    <rules>[{"start": 6, "end": 8, "rule_id": 1}, {"start": 17, "end": 19, "rule_id": 1}]</rules>
  </verse>
  <verse>
    <verseIdArabic>٦</verseIdArabic>
    <verseId>6</verseId>
    <chapterId>68</chapterId>
    <textIndopak>بِأَييِّكُمُ ٱلۡمَفۡتُونُ</textIndopak>
    <translations>
      <translation>
        <author>Dr. Mustafa Khattab, the Clear Quran</author>
        <text>which of you is mad.</text>
      </translation>
    </translations>
  </verse>
  <verse>
    <verseIdArabic>٧</verseIdArabic>
    <verseId>7</verseId>
    <chapterId>68</chapterId>
    <textIndopak>إِنَّ رَبَّكَ هُوَ أَعۡلَمُ بِمَن ضَلَّ عَن سَبِيلِهِۦ وَهُوَ أَعۡلَمُ بِٱلۡمُهۡتَدِينَ</textIndopak>
    <translations>
      <translation>
        <author>Dr. Mustafa Khattab, the Clear Quran</author>
        <text>Surely your Lord ˹alone˺ knows best who has strayed from His Way and who is ˹rightly˺ guided.</text>
      </translation>
    </translations>
    <rules>[{"start": 2, "end": 5, "rule_id": 0}, {"start": 32, "end": 36, "rule_id": 6}, {"start": 42, "end": 46, "rule_id": 6}]</rules>
  </verse>
  <verse>
    <verseIdArabic>٨</verseIdArabic>
    <verseId>8</verseId>
    <chapterId>68</chapterId>
    <textIndopak>فَلَا تُطِعِ ٱلۡمُكَذِّبِينَ</textIndopak>
    <translations>
      <translation>
        <author>Dr. Mustafa Khattab, the Clear Quran</author>
        <text>So do not give in to the deniers.</text>
      </translation>
    </translations>
  </verse>
  <verse>
    <verseIdArabic>٩</verseIdArabic>
    <verseId>9</verseId>
    <chapterId>68</chapterId>
    <textIndopak>وَدُّواْ لَوۡ تُدۡهِنُ فَيُدۡهِنُونَ</textIndopak>
    <translations>
      <translation>
        <author>Dr. Mustafa Khattab, the Clear Quran</author>
        <text>They wish you would compromise so they would yield ˹to you˺.</text>
      </translation>
    </translations>
    <rules>[{"start": 16, "end": 18, "rule_id": 1}, {"start": 27, "end": 29, "rule_id": 1}]</rules>
  </verse>
  <verse>
    <verseIdArabic>١٠</verseIdArabic>
    <verseId>10</verseId>
    <chapterId>68</chapterId>
    <textIndopak>وَلَا تُطِعۡ كُلَّ حَلَّافٖ مَّهِينٍ</textIndopak>
    <translations>
      <translation>
        <author>Dr. Mustafa Khattab, the Clear Quran</author>
        <text>And do not obey the despicable, vain oath-taker,</text>
      </translation>
    </translations>
    <rules>[{"start": 28, "end": 31, "rule_id": 0}, {"start": 25, "end": 31, "rule_id": 3}]</rules>
  </verse>
  <verse>
    <verseIdArabic>١١</verseIdArabic>
    <verseId>11</verseId>
    <chapterId>68</chapterId>
    <textIndopak>هَمَّازٖ مَّشَّآءِۭ بِنَمِيمٖ</textIndopak>
    <translations>
      <translation>
        <author>Dr. Mustafa Khattab, the Clear Quran</author>
        <text>slanderer, gossip-monger,</text>
      </translation>
    </translations>
    <rules>[{"start": 2, "end": 5, "rule_id": 0}, {"start": 9, "end": 12, "rule_id": 0}, {"start": 17, "end": 23, "rule_id": 2}, {"start": 6, "end": 12, "rule_id": 3}]</rules>
  </verse>
  <verse>
    <verseIdArabic>١٢</verseIdArabic>
    <verseId>12</verseId>
    <chapterId>68</chapterId>
    <textIndopak>مَّنَّاعٖ لِّلۡخَيۡرِ مُعۡتَدٍ أَثِيمٍ</textIndopak>
    <translations>
      <translation>
        <author>Dr. Mustafa Khattab, the Clear Quran</author>
        <text>withholder of good, transgressor, evildoer,</text>
      </translation>
    </translations>
    <rules>[{"start": 0, "end": 3, "rule_id": 0}, {"start": 3, "end": 6, "rule_id": 0}, {"start": 7, "end": 13, "rule_id": 5}]</rules>
  </verse>
  <verse>
    <verseIdArabic>١٣</verseIdArabic>
    <verseId>13</verseId>
    <chapterId>68</chapterId>
    <textIndopak>عُتُلِّۭ بَعۡدَ ذَٰلِكَ زَنِيمٍ</textIndopak>
    <translations>
      <translation>
        <author>Dr. Mustafa Khattab, the Clear Quran</author>
        <text>brute, and—on top of all that—an illegitimate child.</text>
      </translation>
    </translations>
    <rules>[{"start": 4, "end": 11, "rule_id": 2}]</rules>
  </verse>
  <verse>
    <verseIdArabic>١٤</verseIdArabic>
    <verseId>14</verseId>
    <chapterId>68</chapterId>
    <textIndopak>أَن كَانَ ذَا مَالٖ وَبَنِينَ</textIndopak>
    <translations>
      <translation>
        <author>Dr. Mustafa Khattab, the Clear Quran</author>
        <text>Now, ˹simply˺ because he has been blessed with ˹abundant˺ wealth and children,</text>
      </translation>
    </translations>
    <rules>[{"start": 17, "end": 22, "rule_id": 3}, {"start": 2, "end": 6, "rule_id": 6}]</rules>
  </verse>
  <verse>
    <verseIdArabic>١٥</verseIdArabic>
    <verseId>15</verseId>
    <chapterId>68</chapterId>
    <textIndopak>إِذَا تُتۡلَىٰ عَلَيۡهِ ءَايَٰتُنَا قَالَ أَسَٰطِيرُ ٱلۡأَوَّلِينَ</textIndopak>
    <translations>
      <translation>
        <author>Dr. Mustafa Khattab, the Clear Quran</author>
        <text>whenever Our revelations are recited to him, he says, “Ancient fables!”</text>
      </translation>
    </translations>
  </verse>
  <verse>
    <verseIdArabic>١٦</verseIdArabic>
    <verseId>16</verseId>
    <chapterId>68</chapterId>
    <textIndopak>سَنَسِمُهُۥ عَلَى ٱلۡخُرۡطُومِ</textIndopak>
    <translations>
      <translation>
        <author>Dr. Mustafa Khattab, the Clear Quran</author>
        <text>We will soon mark his snout.</text>
      </translation>
    </translations>
  </verse>
  <verse>
    <verseIdArabic>١٧</verseIdArabic>
    <verseId>17</verseId>
    <chapterId>68</chapterId>
    <textIndopak>إِنَّا بَلَوۡنَٰهُمۡ كَمَا بَلَوۡنَآ أَصۡحَٰبَ ٱلۡجَنَّةِ إِذۡ أَقۡسَمُواْ لَيَصۡرِمُنَّهَا مُصۡبِحِينَ</textIndopak>
    <translations>
      <translation>
        <author>Dr. Mustafa Khattab, the Clear Quran</author>
        <text>Indeed, We have tested those ˹Meccans˺ as We tested the owners of the garden—when they swore they would surely harvest ˹all˺ its fruit in the early morning,</text>
      </translation>
    </translations>
    <rules>[{"start": 2, "end": 5, "rule_id": 0}, {"start": 53, "end": 56, "rule_id": 0}, {"start": 86, "end": 89, "rule_id": 0}, {"start": 66, "end": 68, "rule_id": 1}]</rules>
  </verse>
  <verse>
    <verseIdArabic>١٨</verseIdArabic>
    <verseId>18</verseId>
    <chapterId>68</chapterId>
    <textIndopak>وَلَا يَسۡتَثۡنُونَ</textIndopak>
    <translations>
      <translation>
        <author>Dr. Mustafa Khattab, the Clear Quran</author>
        <text>leaving no thought for Allah’s Will.</text>
      </translation>
    </translations>
  </verse>
  <verse>
    <verseIdArabic>١٩</verseIdArabic>
    <verseId>19</verseId>
    <chapterId>68</chapterId>
    <textIndopak>فَطَافَ عَلَيۡهَا طَآئِفٞ مِّن رَّبِّكَ وَهُمۡ نَآئِمُونَ</textIndopak>
    <translations>
      <translation>
        <author>Dr. Mustafa Khattab, the Clear Quran</author>
        <text>Then it was struck by a torment from your Lord while they slept,</text>
      </translation>
    </translations>
    <rules>[{"start": 27, "end": 30, "rule_id": 0}, {"start": 24, "end": 30, "rule_id": 3}, {"start": 30, "end": 35, "rule_id": 5}]</rules>
  </verse>
  <verse>
    <verseIdArabic>٢٠</verseIdArabic>
    <verseId>20</verseId>
    <chapterId>68</chapterId>
    <textIndopak>فَأَصۡبَحَتۡ كَٱلصَّرِيمِ</textIndopak>
    <translations>
      <translation>
        <author>Dr. Mustafa Khattab, the Clear Quran</author>
        <text>so it was reduced to ashes.</text>
      </translation>
    </translations>
  </verse>
  <verse>
    <verseIdArabic>٢١</verseIdArabic>
    <verseId>21</verseId>
    <chapterId>68</chapterId>
    <textIndopak>فَتَنَادَوۡاْ مُصۡبِحِينَ</textIndopak>
    <translations>
      <translation>
        <author>Dr. Mustafa Khattab, the Clear Quran</author>
        <text>Then by daybreak they called out to each other,</text>
      </translation>
    </translations>
  </verse>
  <verse>
    <verseIdArabic>٢٢</verseIdArabic>
    <verseId>22</verseId>
    <chapterId>68</chapterId>
    <textIndopak>أَنِ ٱغۡدُواْ عَلَىٰ حَرۡثِكُمۡ إِن كُنتُمۡ صَٰرِمِينَ</textIndopak>
    <translations>
      <translation>
        <author>Dr. Mustafa Khattab, the Clear Quran</author>
        <text>˹saying,˺ “Go early to your harvest, if you want to pick ˹all˺ the fruit.”</text>
      </translation>
    </translations>
    <rules>[{"start": 34, "end": 38, "rule_id": 6}, {"start": 38, "end": 41, "rule_id": 6}]</rules>
  </verse>
  <verse>
    <verseIdArabic>٢٣</verseIdArabic>
    <verseId>23</verseId>
    <chapterId>68</chapterId>
    <textIndopak>فَٱنطَلَقُواْ وَهُمۡ يَتَخَٰفَتُونَ</textIndopak>
    <translations>
      <translation>
        <author>Dr. Mustafa Khattab, the Clear Quran</author>
        <text>So they went off, whispering to one another,</text>
      </translation>
    </translations>
    <rules>[{"start": 3, "end": 6, "rule_id": 6}]</rules>
  </verse>
  <verse>
    <verseIdArabic>٢٤</verseIdArabic>
    <verseId>24</verseId>
    <chapterId>68</chapterId>
    <textIndopak>أَن لَّا يَدۡخُلَنَّهَا ٱلۡيَوۡمَ عَلَيۡكُم مِّسۡكِينٞ</textIndopak>
    <translations>
      <translation>
        <author>Dr. Mustafa Khattab, the Clear Quran</author>
        <text>“Do not let any poor person enter your garden today.”</text>
      </translation>
    </translations>
    <rules>[{"start": 17, "end": 20, "rule_id": 0}, {"start": 44, "end": 47, "rule_id": 0}, {"start": 11, "end": 13, "rule_id": 1}, {"start": 42, "end": 47, "rule_id": 4}, {"start": 2, "end": 7, "rule_id": 5}]</rules>
  </verse>
  <verse>
    <verseIdArabic>٢٥</verseIdArabic>
    <verseId>25</verseId>
    <chapterId>68</chapterId>
    <textIndopak>وَغَدَوۡاْ عَلَىٰ حَرۡدٖ قَٰدِرِينَ</textIndopak>
    <translations>
      <translation>
        <author>Dr. Mustafa Khattab, the Clear Quran</author>
        <text>And they proceeded early, totally fixated on their purpose.</text>
      </translation>
    </translations>
    <rules>[{"start": 22, "end": 28, "rule_id": 6}]</rules>
  </verse>
  <verse>
    <verseIdArabic>٢٦</verseIdArabic>
    <verseId>26</verseId>
    <chapterId>68</chapterId>
    <textIndopak>فَلَمَّا رَأَوۡهَا قَالُوٓاْ إِنَّا لَضَآلُّونَ</textIndopak>
    <translations>
      <translation>
        <author>Dr. Mustafa Khattab, the Clear Quran</author>
        <text>But when they saw it ˹devastated˺, they cried, “We must have lost ˹our˺ way!</text>
      </translation>
    </translations>
    <rules>[{"start": 4, "end": 7, "rule_id": 0}, {"start": 31, "end": 34, "rule_id": 0}]</rules>
  </verse>
  <verse>
    <verseIdArabic>٢٧</verseIdArabic>
    <verseId>27</verseId>
    <chapterId>68</chapterId>
    <textIndopak>بَلۡ نَحۡنُ مَحۡرُومُونَ</textIndopak>
    <translations>
      <translation>
        <author>Dr. Mustafa Khattab, the Clear Quran</author>
        <text>In fact, we have been deprived ˹of our livelihood˺.”</text>
      </translation>
    </translations>
  </verse>
  <verse>
    <verseIdArabic>٢٨</verseIdArabic>
    <verseId>28</verseId>
    <chapterId>68</chapterId>
    <textIndopak>قَالَ أَوۡسَطُهُمۡ أَلَمۡ أَقُل لَّكُمۡ لَوۡلَا تُسَبِّحُونَ</textIndopak>
    <translations>
      <translation>
        <author>Dr. Mustafa Khattab, the Clear Quran</author>
        <text>The most sensible of them said, “Did I not urge you to say, ‘Allah willing.’?”</text>
      </translation>
    </translations>
  </verse>
  <verse>
    <verseIdArabic>٢٩</verseIdArabic>
    <verseId>29</verseId>
    <chapterId>68</chapterId>
    <textIndopak>قَالُواْ سُبۡحَٰنَ رَبِّنَآ إِنَّا كُنَّا ظَٰلِمِينَ</textIndopak>
    <translations>
      <translation>
        <author>Dr. Mustafa Khattab, the Clear Quran</author>
        <text>They replied, “Glory be to our Lord! We have truly been wrongdoers.”</text>
      </translation>
    </translations>
    <rules>[{"start": 31, "end": 34, "rule_id": 0}, {"start": 38, "end": 41, "rule_id": 0}, {"start": 11, "end": 13, "rule_id": 1}]</rules>
  </verse>
  <verse>
    <verseIdArabic>٣٠</verseIdArabic>
    <verseId>30</verseId>
    <chapterId>68</chapterId>
    <textIndopak>فَأَقۡبَلَ بَعۡضُهُمۡ عَلَىٰ بَعۡضٖ يَتَلَٰوَمُونَ</textIndopak>
    <translations>
      <translation>
        <author>Dr. Mustafa Khattab, the Clear Quran</author>
        <text>Then they turned on each other, throwing blame.</text>
      </translation>
    </translations>
    <rules>[{"start": 4, "end": 6, "rule_id": 1}, {"start": 33, "end": 38, "rule_id": 3}]</rules>
  </verse>
  <verse>
    <verseIdArabic>٣١</verseIdArabic>
    <verseId>31</verseId>
    <chapterId>68</chapterId>
    <textIndopak>قَالُواْ يَٰوَيۡلَنَآ إِنَّا كُنَّا طَٰغِينَ</textIndopak>
    <translations>
      <translation>
        <author>Dr. Mustafa Khattab, the Clear Quran</author>
        <text>They said, “Woe to us! We have certainly been transgressors.</text>
      </translation>
    </translations>
    <rules>[{"start": 25, "end": 28, "rule_id": 0}, {"start": 32, "end": 35, "rule_id": 0}]</rules>
  </verse>
  <verse>
    <verseIdArabic>٣٢</verseIdArabic>
    <verseId>32</verseId>
    <chapterId>68</chapterId>
    <textIndopak>عَسَىٰ رَبُّنَآ أَن يُبۡدِلَنَا خَيۡرٗا مِّنۡهَآ إِنَّآ إِلَىٰ رَبِّنَا رَٰغِبُونَ</textIndopak>
    <translations>
      <translation>
        <author>Dr. Mustafa Khattab, the Clear Quran</author>
        <text>We trust our Lord will give us a better garden than this, ˹for˺ we are indeed turning to our Lord with hope.”</text>
      </translation>
    </translations>
    <rules>[{"start": 41, "end": 44, "rule_id": 0}, {"start": 53, "end": 56, "rule_id": 0}, {"start": 23, "end": 25, "rule_id": 1}, {"start": 19, "end": 23, "rule_id": 3}, {"start": 37, "end": 44, "rule_id": 3}]</rules>
  </verse>
  <verse>
    <verseIdArabic>٣٣</verseIdArabic>
    <verseId>33</verseId>
    <chapterId>68</chapterId>
    <textIndopak>كَذَٰلِكَ ٱلۡعَذَابُۖ وَلَعَذَابُ ٱلۡأٓخِرَةِ أَكۡبَرُۚ لَوۡ كَانُواْ يَعۡلَمُونَ</textIndopak>
    <translations>
      <translation>
        <author>Dr. Mustafa Khattab, the Clear Quran</author>
        <text>That is the ˹way of Our˺ punishment ˹in this world˺. But the punishment of the Hereafter is certainly far worse, if only they knew.</text>
      </translation>
    </translations>
  </verse>
  <verse>
    <verseIdArabic>٣٤</verseIdArabic>
    <verseId>34</verseId>
    <chapterId>68</chapterId>
    <textIndopak>إِنَّ لِلۡمُتَّقِينَ عِندَ رَبِّهِمۡ جَنَّٰتِ ٱلنَّعِيمِ</textIndopak>
    <translations>
      <translation>
        <author>Dr. Mustafa Khattab, the Clear Quran</author>
        <text>Indeed, the righteous will have the Gardens of Bliss with their Lord.</text>
      </translation>
    </translations>
    <rules>[{"start": 2, "end": 5, "rule_id": 0}, {"start": 39, "end": 43, "rule_id": 0}, {"start": 48, "end": 51, "rule_id": 0}, {"start": 23, "end": 26, "rule_id": 6}]</rules>
  </verse>
  <verse>
    <verseIdArabic>٣٥</verseIdArabic>
    <verseId>35</verseId>
    <chapterId>68</chapterId>
    <textIndopak>أَفَنَجۡعَلُ ٱلۡمُسۡلِمِينَ كَٱلۡمُجۡرِمِينَ</textIndopak>
    <translations>
      <translation>
        <author>Dr. Mustafa Khattab, the Clear Quran</author>
        <text>Should We then treat those who have submitted like the wicked?</text>
      </translation>
    </translations>
    <rules>[{"start": 6, "end": 8, "rule_id": 1}, {"start": 35, "end": 37, "rule_id": 1}]</rules>
  </verse>
  <verse>
    <verseIdArabic>٣٦</verseIdArabic>
    <verseId>36</verseId>
    <chapterId>68</chapterId>
    <textIndopak>مَا لَكُمۡ كَيۡفَ تَحۡكُمُونَ</textIndopak>
    <translations>
      <translation>
        <author>Dr. Mustafa Khattab, the Clear Quran</author>
        <text>What is the matter with you? How do you judge?</text>
      </translation>
    </translations>
  </verse>
  <verse>
    <verseIdArabic>٣٧</verseIdArabic>
    <verseId>37</verseId>
    <chapterId>68</chapterId>
    <textIndopak>أَمۡ لَكُمۡ كِتَٰبٞ فِيهِ تَدۡرُسُونَ</textIndopak>
    <translations>
      <translation>
        <author>Dr. Mustafa Khattab, the Clear Quran</author>
        <text>Or do you have a scripture, in which you read</text>
      </translation>
    </translations>
    <rules>[{"start": 28, "end": 30, "rule_id": 1}, {"start": 17, "end": 22, "rule_id": 6}]</rules>
  </verse>
  <verse>
    <verseIdArabic>٣٨</verseIdArabic>
    <verseId>38</verseId>
    <chapterId>68</chapterId>
    <textIndopak>إِنَّ لَكُمۡ فِيهِ لَمَا تَخَيَّرُونَ</textIndopak>
    <translations>
      <translation>
        <author>Dr. Mustafa Khattab, the Clear Quran</author>
        <text>that you will have whatever you choose?</text>
      </translation>
    </translations>
    <rules>[{"start": 2, "end": 5, "rule_id": 0}]</rules>
  </verse>
  <verse>
    <verseIdArabic>٣٩</verseIdArabic>
    <verseId>39</verseId>
    <chapterId>68</chapterId>
    <textIndopak>أَمۡ لَكُمۡ أَيۡمَٰنٌ عَلَيۡنَا بَٰلِغَةٌ إِلَىٰ يَوۡمِ ٱلۡقِيَٰمَةِ إِنَّ لَكُمۡ لَمَا تَحۡكُمُونَ</textIndopak>
    <translations>
      <translation>
        <author>Dr. Mustafa Khattab, the Clear Quran</author>
        <text>Or do you have oaths binding on Us until the Day of Judgment that you will have whatever you decide?</text>
      </translation>
    </translations>
    <rules>[{"start": 73, "end": 76, "rule_id": 0}]</rules>
  </verse>
  <verse>
    <verseIdArabic>٤٠</verseIdArabic>
    <verseId>40</verseId>
    <chapterId>68</chapterId>
    <textIndopak>سَلۡهُمۡ أَيُّهُم بِذَٰلِكَ زَعِيمٌ</textIndopak>
    <translations>
      <translation>
        <author>Dr. Mustafa Khattab, the Clear Quran</author>
        <text>Ask them ˹O Prophet˺ which of them can guarantee all that.</text>
      </translation>
    </translations>
    <rules>[{"start": 16, "end": 20, "rule_id": 7}]</rules>
  </verse>
  <verse>
    <verseIdArabic>٤١</verseIdArabic>
    <verseId>41</verseId>
    <chapterId>68</chapterId>
    <textIndopak>أَمۡ لَهُمۡ شُرَكَآءُ فَلۡيَأۡتُواْ بِشُرَكَآئِهِمۡ إِن كَانُواْ صَٰدِقِينَ</textIndopak>
    <translations>
      <translation>
        <author>Dr. Mustafa Khattab, the Clear Quran</author>
        <text>Or do they have associate-gods ˹supporting this claim˺? Then let them bring forth their associate-gods, if what they say is true.</text>
      </translation>
    </translations>
    <rules>[{"start": 56, "end": 60, "rule_id": 6}]</rules>
  </verse>
  <verse>
    <verseIdArabic>٤٢</verseIdArabic>
    <verseId>42</verseId>
    <chapterId>68</chapterId>
    <textIndopak>يَوۡمَ يُكۡشَفُ عَن سَاقٖ وَيُدۡعَوۡنَ إِلَى ٱلسُّجُودِ فَلَا يَسۡتَطِيعُونَ</textIndopak>
    <translations>
      <translation>
        <author>Dr. Mustafa Khattab, the Clear Quran</author>
        <text>˹Beware of˺ the Day the Shin ˹of Allah˺ will be bared, and the wicked will be asked to prostrate, but they will not be able to do so,</text>
      </translation>
    </translations>
    <rules>[{"start": 30, "end": 32, "rule_id": 1}, {"start": 23, "end": 28, "rule_id": 3}, {"start": 18, "end": 22, "rule_id": 6}]</rules>
  </verse>
  <verse>
    <verseIdArabic>٤٣</verseIdArabic>
    <verseId>43</verseId>
    <chapterId>68</chapterId>
    <textIndopak>خَٰشِعَةً أَبۡصَٰرُهُمۡ تَرۡهَقُهُمۡ ذِلَّةٞۖ وَقَدۡ كَانُواْ يُدۡعَوۡنَ إِلَى ٱلسُّجُودِ وَهُمۡ سَٰلِمُونَ</textIndopak>
    <translations>
      <translation>
        <author>Dr. Mustafa Khattab, the Clear Quran</author>
        <text>with eyes downcast, totally covered with disgrace. For they were ˹always˺ called to prostrate ˹in the world˺ when they were fully capable ˹but they chose not to˺.</text>
      </translation>
    </translations>
    <rules>[{"start": 12, "end": 14, "rule_id": 1}, {"start": 51, "end": 53, "rule_id": 1}, {"start": 65, "end": 67, "rule_id": 1}, {"start": 42, "end": 49, "rule_id": 3}]</rules>
  </verse>
  <verse>
    <verseIdArabic>٤٤</verseIdArabic>
    <verseId>44</verseId>
    <chapterId>68</chapterId>
    <textIndopak>فَذَرۡنِي وَمَن يُكَذِّبُ بِهَٰذَا ٱلۡحَدِيثِۖ سَنَسۡتَدۡرِجُهُم مِّنۡ حَيۡثُ لَا يَعۡلَمُونَ</textIndopak>
    <translations>
      <translation>
        <author>Dr. Mustafa Khattab, the Clear Quran</author>
        <text>So leave to Me ˹O Prophet˺ those who reject this message. We will gradually draw them to destruction in ways they cannot comprehend.</text>
      </translation>
    </translations>
    <rules>[{"start": 66, "end": 69, "rule_id": 0}, {"start": 56, "end": 58, "rule_id": 1}, {"start": 14, "end": 18, "rule_id": 3}, {"start": 64, "end": 69, "rule_id": 4}]</rules>
  </verse>
  <verse>
    <verseIdArabic>٤٥</verseIdArabic>
    <verseId>45</verseId>
    <chapterId>68</chapterId>
    <textIndopak>وَأُمۡلِي لَهُمۡۚ إِنَّ كَيۡدِي مَتِينٌ</textIndopak>
    <translations>
      <translation>
        <author>Dr. Mustafa Khattab, the Clear Quran</author>
        <text>I ˹only˺ delay their end for a while, but My planning is flawless.</text>
      </translation>
    </translations>
    <rules>[{"start": 21, "end": 24, "rule_id": 0}]</rules>
  </verse>
  <verse>
    <verseIdArabic>٤٦</verseIdArabic>
    <verseId>46</verseId>
    <chapterId>68</chapterId>
    <textIndopak>أَمۡ تَسۡـَٔلُهُمۡ أَجۡرٗا فَهُم مِّن مَّغۡرَمٖ مُّثۡقَلُونَ</textIndopak>
    <translations>
      <translation>
        <author>Dr. Mustafa Khattab, the Clear Quran</author>
        <text>Or are you asking them for a reward ˹for the message˺ so that they are overburdened by debt?</text>
      </translation>
    </translations>
    <rules>[{"start": 33, "end": 36, "rule_id": 0}, {"start": 38, "end": 41, "rule_id": 0}, {"start": 48, "end": 51, "rule_id": 0}, {"start": 21, "end": 23, "rule_id": 1}, {"start": 36, "end": 41, "rule_id": 3}, {"start": 45, "end": 51, "rule_id": 3}, {"start": 31, "end": 36, "rule_id": 4}]</rules>
  </verse>
  <verse>
    <verseIdArabic>٤٧</verseIdArabic>
    <verseId>47</verseId>
    <chapterId>68</chapterId>
    <textIndopak>أَمۡ عِندَهُمُ ٱلۡغَيۡبُ فَهُمۡ يَكۡتُبُونَ</textIndopak>
    <translations>
      <translation>
        <author>Dr. Mustafa Khattab, the Clear Quran</author>
        <text>Or do they have access to ˹the Record in˺ the unseen, so they copy it ˹for all to see˺?</text>
      </translation>
    </translations>
    <rules>[{"start": 7, "end": 10, "rule_id": 6}]</rules>
  </verse>
  <verse>
    <verseIdArabic>٤٨</verseIdArabic>
    <verseId>48</verseId>
    <chapterId>68</chapterId>
    <textIndopak>فَٱصۡبِرۡ لِحُكۡمِ رَبِّكَ وَلَا تَكُن كَصَاحِبِ ٱلۡحُوتِ إِذۡ نَادَىٰ وَهُوَ مَكۡظُومٞ</textIndopak>
    <translations>
      <translation>
        <author>Dr. Mustafa Khattab, the Clear Quran</author>
        <text>So be patient with your Lord’s decree, and do not be like ˹Jonah,˺ the Man of the Whale, who cried out ˹to Allah˺, in total distress.</text>
      </translation>
    </translations>
    <rules>[{"start": 37, "end": 41, "rule_id": 6}]</rules>
  </verse>
  <verse>
    <verseIdArabic>٤٩</verseIdArabic>
    <verseId>49</verseId>
    <chapterId>68</chapterId>
    <textIndopak>لَّوۡلَآ أَن تَدَٰرَكَهُۥ نِعۡمَةٞ مِّن رَّبِّهِۦ لَنُبِذَ بِٱلۡعَرَآءِ وَهُوَ مَذۡمُومٞ</textIndopak>
    <translations>
      <translation>
        <author>Dr. Mustafa Khattab, the Clear Quran</author>
        <text>Had he not been shown grace by his Lord, he would have certainly been cast onto the open ˹shore˺, still blameworthy.</text>
      </translation>
    </translations>
    <rules>[{"start": 36, "end": 39, "rule_id": 0}, {"start": 33, "end": 39, "rule_id": 3}, {"start": 39, "end": 44, "rule_id": 5}, {"start": 12, "end": 16, "rule_id": 6}]</rules>
  </verse>
  <verse>
    <verseIdArabic>٥٠</verseIdArabic>
    <verseId>50</verseId>
    <chapterId>68</chapterId>
    <textIndopak>فَٱجۡتَبَٰهُ رَبُّهُۥ فَجَعَلَهُۥ مِنَ ٱلصَّٰلِحِينَ</textIndopak>
    <translations>
      <translation>
        <author>Dr. Mustafa Khattab, the Clear Quran</author>
        <text>Then his Lord chose him, making him one of the righteous.</text>
      </translation>
    </translations>
    <rules>[{"start": 3, "end": 5, "rule_id": 1}]</rules>
  </verse>
  <verse>
    <verseIdArabic>٥١</verseIdArabic>
    <verseId>51</verseId>
    <chapterId>68</chapterId>
    <textIndopak>وَإِن يَكَادُ ٱلَّذِينَ كَفَرُواْ لَيُزۡلِقُونَكَ بِأَبۡصَٰرِهِمۡ لَمَّا سَمِعُواْ ٱلذِّكۡرَ وَيَقُولُونَ إِنَّهُۥ لَمَجۡنُونٞ</textIndopak>
    <translations>
      <translation>
        <author>Dr. Mustafa Khattab, the Clear Quran</author>
        <text>The disbelievers would almost cut you down with their eyes when they hear ˹you recite˺ the Reminder, and say, “He is certainly a madman.”</text>
      </translation>
    </translations>
    <rules>[{"start": 68, "end": 71, "rule_id": 0}, {"start": 108, "end": 111, "rule_id": 0}, {"start": 54, "end": 56, "rule_id": 1}, {"start": 119, "end": 121, "rule_id": 1}, {"start": 4, "end": 8, "rule_id": 3}]</rules>
  </verse>
  <verse>
    <verseIdArabic>٥٢</verseIdArabic>
    <verseId>52</verseId>
    <chapterId>68</chapterId>
    <textIndopak>وَمَا هُوَ إِلَّا ذِكۡرٞ لِّلۡعَٰلَمِينَ</textIndopak>
    <translations>
      <translation>
        <author>Dr. Mustafa Khattab, the Clear Quran</author>
        <text>But it is simply a reminder to the whole world.</text>
      </translation>
    </translations>
    <rules>[{"start": 22, "end": 28, "rule_id": 5}]</rules>
  </verse>
</verses>
