<?xml version="1.0" encoding="UTF-8"?>

<verses>
  <verse>
    <verseIdArabic>١</verseIdArabic>
    <verseId>1</verseId>
    <chapterId>69</chapterId>
    <textIndopak>ٱلۡحَآقَّةُ</textIndopak>
    <translations>
      <translation>
        <author>Dr. Mustafa Khattab, the Clear Quran</author>
        <text>The Inevitable Hour!</text>
      </translation>
    </translations>
  </verse>
  <verse>
    <verseIdArabic>٢</verseIdArabic>
    <verseId>2</verseId>
    <chapterId>69</chapterId>
    <textIndopak>مَا ٱلۡحَآقَّةُ</textIndopak>
    <translations>
      <translation>
        <author>Dr. Mustafa Khattab, the Clear Quran</author>
        <text>What is the Inevitable Hour?</text>
      </translation>
    </translations>
  </verse>
  <verse>
    <verseIdArabic>٣</verseIdArabic>
    <verseId>3</verseId>
    <chapterId>69</chapterId>
    <textIndopak>وَمَآ أَدۡرَىٰكَ مَا ٱلۡحَآقَّةُ</textIndopak>
    <translations>
      <translation>
        <author>Dr. Mustafa Khattab, the Clear Quran</author>
        <text>And what will make you realize what the Inevitable Hour is?</text>
      </translation>
    </translations>
    <rules>[{"start": 9, "end": 11, "rule_id": 1}]</rules>
  </verse>
  <verse>
    <verseIdArabic>٤</verseIdArabic>
    <verseId>4</verseId>
    <chapterId>69</chapterId>
    <textIndopak>كَذَّبَتۡ ثَمُودُ وَعَادُۢ بِٱلۡقَارِعَةِ</textIndopak>
    <translations>
      <translation>
        <author>Dr. Mustafa Khattab, the Clear Quran</author>
        <text>˹Both˺ Thamûd and ’Ȃd denied the Striking Disaster.</text>
      </translation>
    </translations>
    <rules>[{"start": 23, "end": 29, "rule_id": 2}]</rules>
  </verse>
  <verse>
    <verseIdArabic>٥</verseIdArabic>
    <verseId>5</verseId>
    <chapterId>69</chapterId>
    <textIndopak>فَأَمَّا ثَمُودُ فَأُهۡلِكُواْ بِٱلطَّاغِيَةِ</textIndopak>
    <translations>
      <translation>
        <author>Dr. Mustafa Khattab, the Clear Quran</author>
        <text>As for Thamûd, they were destroyed by an overwhelming blast.</text>
      </translation>
    </translations>
    <rules>[{"start": 4, "end": 7, "rule_id": 0}]</rules>
  </verse>
  <verse>
    <verseIdArabic>٦</verseIdArabic>
    <verseId>6</verseId>
    <chapterId>69</chapterId>
    <textIndopak>وَأَمَّا عَادٞ فَأُهۡلِكُواْ بِرِيحٖ صَرۡصَرٍ عَاتِيَةٖ</textIndopak>
    <translations>
      <translation>
        <author>Dr. Mustafa Khattab, the Clear Quran</author>
        <text>And as for ’Ȃd, they were destroyed by a furious, bitter wind</text>
      </translation>
    </translations>
    <rules>[{"start": 4, "end": 7, "rule_id": 0}, {"start": 12, "end": 17, "rule_id": 6}, {"start": 34, "end": 39, "rule_id": 6}]</rules>
  </verse>
  <verse>
    <verseIdArabic>٧</verseIdArabic>
    <verseId>7</verseId>
    <chapterId>69</chapterId>
    <textIndopak>سَخَّرَهَا عَلَيۡهِمۡ سَبۡعَ لَيَالٖ وَثَمَٰنِيَةَ أَيَّامٍ حُسُومٗاۖ فَتَرَى ٱلۡقَوۡمَ فِيهَا صَرۡعَىٰ كَأَنَّهُمۡ أَعۡجَازُ نَخۡلٍ خَاوِيَةٖ</textIndopak>
    <translations>
      <translation>
        <author>Dr. Mustafa Khattab, the Clear Quran</author>
        <text>which Allah unleashed on them non-stop for seven nights and eight days, so that you would have seen its people lying dead like trunks of uprooted palm trees.</text>
      </translation>
    </translations>
    <rules>[{"start": 107, "end": 110, "rule_id": 0}, {"start": 24, "end": 26, "rule_id": 1}, {"start": 34, "end": 39, "rule_id": 3}]</rules>
  </verse>
  <verse>
    <verseIdArabic>٨</verseIdArabic>
    <verseId>8</verseId>
    <chapterId>69</chapterId>
    <textIndopak>فَهَلۡ تَرَىٰ لَهُم مِّنۢ بَاقِيَةٖ</textIndopak>
    <translations>
      <translation>
        <author>Dr. Mustafa Khattab, the Clear Quran</author>
        <text>Do you see any of them left alive?</text>
      </translation>
    </translations>
    <rules>[{"start": 20, "end": 23, "rule_id": 0}, {"start": 23, "end": 28, "rule_id": 2}, {"start": 18, "end": 23, "rule_id": 4}]</rules>
  </verse>
  <verse>
    <verseIdArabic>٩</verseIdArabic>
    <verseId>9</verseId>
    <chapterId>69</chapterId>
    <textIndopak>وَجَآءَ فِرۡعَوۡنُ وَمَن قَبۡلَهُۥ وَٱلۡمُؤۡتَفِكَٰتُ بِٱلۡخَاطِئَةِ</textIndopak>
    <translations>
      <translation>
        <author>Dr. Mustafa Khattab, the Clear Quran</author>
        <text>Also, Pharaoh and those before him, and ˹the people of˺ the overturned cities ˹of Lot˺ indulged in sin,</text>
      </translation>
    </translations>
    <rules>[{"start": 28, "end": 30, "rule_id": 1}, {"start": 24, "end": 28, "rule_id": 6}]</rules>
  </verse>
  <verse>
    <verseIdArabic>١٠</verseIdArabic>
    <verseId>10</verseId>
    <chapterId>69</chapterId>
    <textIndopak>فَعَصَوۡاْ رَسُولَ رَبِّهِمۡ فَأَخَذَهُمۡ أَخۡذَةٗ رَّابِيَةً</textIndopak>
    <translations>
      <translation>
        <author>Dr. Mustafa Khattab, the Clear Quran</author>
        <text>each disobeying their Lord’s messenger, so He seized them with a crushing grip.</text>
      </translation>
    </translations>
    <rules>[{"start": 48, "end": 54, "rule_id": 5}]</rules>
  </verse>
  <verse>
    <verseIdArabic>١١</verseIdArabic>
    <verseId>11</verseId>
    <chapterId>69</chapterId>
    <textIndopak>إِنَّا لَمَّا طَغَا ٱلۡمَآءُ حَمَلۡنَٰكُمۡ فِي ٱلۡجَارِيَةِ</textIndopak>
    <translations>
      <translation>
        <author>Dr. Mustafa Khattab, the Clear Quran</author>
        <text>Indeed, when the floodwater had overflowed, We carried you in the floating Ark ˹with Noah˺,</text>
      </translation>
    </translations>
    <rules>[{"start": 2, "end": 5, "rule_id": 0}, {"start": 9, "end": 12, "rule_id": 0}]</rules>
  </verse>
  <verse>
    <verseIdArabic>١٢</verseIdArabic>
    <verseId>12</verseId>
    <chapterId>69</chapterId>
    <textIndopak>لِنَجۡعَلَهَا لَكُمۡ تَذۡكِرَةٗ وَتَعِيَهَآ أُذُنٞ وَٰعِيَةٞ</textIndopak>
    <translations>
      <translation>
        <author>Dr. Mustafa Khattab, the Clear Quran</author>
        <text>so that We may make this a reminder to you, and that attentive ears may grasp it.</text>
      </translation>
    </translations>
    <rules>[{"start": 4, "end": 6, "rule_id": 1}, {"start": 29, "end": 34, "rule_id": 3}, {"start": 49, "end": 55, "rule_id": 3}]</rules>
  </verse>
  <verse>
    <verseIdArabic>١٣</verseIdArabic>
    <verseId>13</verseId>
    <chapterId>69</chapterId>
    <textIndopak>فَإِذَا نُفِخَ فِي ٱلصُّورِ نَفۡخَةٞ وَٰحِدَةٞ</textIndopak>
    <translations>
      <translation>
        <author>Dr. Mustafa Khattab, the Clear Quran</author>
        <text>At last, when the Trumpet will be blown with one blast,</text>
      </translation>
    </translations>
    <rules>[{"start": 34, "end": 40, "rule_id": 3}]</rules>
  </verse>
  <verse>
    <verseIdArabic>١٤</verseIdArabic>
    <verseId>14</verseId>
    <chapterId>69</chapterId>
    <textIndopak>وَحُمِلَتِ ٱلۡأَرۡضُ وَٱلۡجِبَالُ فَدُكَّتَا دَكَّةٗ وَٰحِدَةٗ</textIndopak>
    <translations>
      <translation>
        <author>Dr. Mustafa Khattab, the Clear Quran</author>
        <text>and the earth and mountains will be lifted up and crushed with one blow,</text>
      </translation>
    </translations>
    <rules>[{"start": 50, "end": 56, "rule_id": 3}]</rules>
  </verse>
  <verse>
    <verseIdArabic>١٥</verseIdArabic>
    <verseId>15</verseId>
    <chapterId>69</chapterId>
    <textIndopak>فَيَوۡمَئِذٖ وَقَعَتِ ٱلۡوَاقِعَةُ</textIndopak>
    <translations>
      <translation>
        <author>Dr. Mustafa Khattab, the Clear Quran</author>
        <text>on that Day the Inevitable Event will have come to pass.</text>
      </translation>
    </translations>
    <rules>[{"start": 10, "end": 15, "rule_id": 3}]</rules>
  </verse>
  <verse>
    <verseIdArabic>١٦</verseIdArabic>
    <verseId>16</verseId>
    <chapterId>69</chapterId>
    <textIndopak>وَٱنشَقَّتِ ٱلسَّمَآءُ فَهِيَ يَوۡمَئِذٖ وَاهِيَةٞ</textIndopak>
    <translations>
      <translation>
        <author>Dr. Mustafa Khattab, the Clear Quran</author>
        <text>The sky will then be so torn that it will be frail,</text>
      </translation>
    </translations>
    <rules>[{"start": 39, "end": 44, "rule_id": 3}, {"start": 3, "end": 6, "rule_id": 6}]</rules>
  </verse>
  <verse>
    <verseIdArabic>١٧</verseIdArabic>
    <verseId>17</verseId>
    <chapterId>69</chapterId>
    <textIndopak>وَٱلۡمَلَكُ عَلَىٰٓ أَرۡجَآئِهَاۚ وَيَحۡمِلُ عَرۡشَ رَبِّكَ فَوۡقَهُمۡ يَوۡمَئِذٖ ثَمَٰنِيَةٞ</textIndopak>
    <translations>
      <translation>
        <author>Dr. Mustafa Khattab, the Clear Quran</author>
        <text>with the angels on its sides. On that Day eight ˹mighty angels˺ will bear the Throne of your Lord above them.</text>
      </translation>
    </translations>
    <rules>[{"start": 81, "end": 86, "rule_id": 6}]</rules>
  </verse>
  <verse>
    <verseIdArabic>١٨</verseIdArabic>
    <verseId>18</verseId>
    <chapterId>69</chapterId>
    <textIndopak>يَوۡمَئِذٖ تُعۡرَضُونَ لَا تَخۡفَىٰ مِنكُمۡ خَافِيَةٞ</textIndopak>
    <translations>
      <translation>
        <author>Dr. Mustafa Khattab, the Clear Quran</author>
        <text>You will then be presented ˹before Him for judgment˺, and none of your secrets will stay hidden.</text>
      </translation>
    </translations>
    <rules>[{"start": 38, "end": 41, "rule_id": 6}, {"start": 8, "end": 13, "rule_id": 6}]</rules>
  </verse>
  <verse>
    <verseIdArabic>١٩</verseIdArabic>
    <verseId>19</verseId>
    <chapterId>69</chapterId>
    <textIndopak>فَأَمَّا مَنۡ أُوتِيَ كِتَٰبَهُۥ بِيَمِينِهِۦ فَيَقُولُ هَآؤُمُ ٱقۡرَءُواْ كِتَٰبِيَهۡ</textIndopak>
    <translations>
      <translation>
        <author>Dr. Mustafa Khattab, the Clear Quran</author>
        <text>As for those given their records in their right hand, they will cry ˹happily˺, “Here ˹everyone˺! Read my record!</text>
      </translation>
    </translations>
    <rules>[{"start": 4, "end": 7, "rule_id": 0}, {"start": 66, "end": 68, "rule_id": 1}]</rules>
  </verse>
  <verse>
    <verseIdArabic>٢٠</verseIdArabic>
    <verseId>20</verseId>
    <chapterId>69</chapterId>
    <textIndopak>إِنِّي ظَنَنتُ أَنِّي مُلَٰقٍ حِسَابِيَهۡ</textIndopak>
    <translations>
      <translation>
        <author>Dr. Mustafa Khattab, the Clear Quran</author>
        <text>I surely knew I would face my reckoning.”</text>
      </translation>
    </translations>
    <rules>[{"start": 2, "end": 5, "rule_id": 0}, {"start": 17, "end": 20, "rule_id": 0}, {"start": 11, "end": 14, "rule_id": 6}]</rules>
  </verse>
  <verse>
    <verseIdArabic>٢١</verseIdArabic>
    <verseId>21</verseId>
    <chapterId>69</chapterId>
    <textIndopak>فَهُوَ فِي عِيشَةٖ رَّاضِيَةٖ</textIndopak>
    <translations>
      <translation>
        <author>Dr. Mustafa Khattab, the Clear Quran</author>
        <text>They will be in a life of bliss,</text>
      </translation>
    </translations>
    <rules>[{"start": 16, "end": 22, "rule_id": 5}]</rules>
  </verse>
  <verse>
    <verseIdArabic>٢٢</verseIdArabic>
    <verseId>22</verseId>
    <chapterId>69</chapterId>
    <textIndopak>فِي جَنَّةٍ عَالِيَةٖ</textIndopak>
    <translations>
      <translation>
        <author>Dr. Mustafa Khattab, the Clear Quran</author>
        <text>in an elevated Garden,</text>
      </translation>
    </translations>
    <rules>[{"start": 6, "end": 9, "rule_id": 0}]</rules>
  </verse>
  <verse>
    <verseIdArabic>٢٣</verseIdArabic>
    <verseId>23</verseId>
    <chapterId>69</chapterId>
    <textIndopak>قُطُوفُهَا دَانِيَةٞ</textIndopak>
    <translations>
      <translation>
        <author>Dr. Mustafa Khattab, the Clear Quran</author>
        <text>whose fruit will hang within reach.</text>
      </translation>
    </translations>
  </verse>
  <verse>
    <verseIdArabic>٢٤</verseIdArabic>
    <verseId>24</verseId>
    <chapterId>69</chapterId>
    <textIndopak>كُلُواْ وَٱشۡرَبُواْ هَنِيٓـَٔۢا بِمَآ أَسۡلَفۡتُمۡ فِي ٱلۡأَيَّامِ ٱلۡخَالِيَةِ</textIndopak>
    <translations>
      <translation>
        <author>Dr. Mustafa Khattab, the Clear Quran</author>
        <text>˹They will be told,˺ “Eat and drink joyfully for what you did in the days gone by.”</text>
      </translation>
    </translations>
  </verse>
  <verse>
    <verseIdArabic>٢٥</verseIdArabic>
    <verseId>25</verseId>
    <chapterId>69</chapterId>
    <textIndopak>وَأَمَّا مَنۡ أُوتِيَ كِتَٰبَهُۥ بِشِمَالِهِۦ فَيَقُولُ يَٰلَيۡتَنِي لَمۡ أُوتَ كِتَٰبِيَهۡ</textIndopak>
    <translations>
      <translation>
        <author>Dr. Mustafa Khattab, the Clear Quran</author>
        <text>And as for those given their record in their left hand, they will cry ˹bitterly˺, “I wish I had not been given my record,</text>
      </translation>
    </translations>
    <rules>[{"start": 4, "end": 7, "rule_id": 0}]</rules>
  </verse>
  <verse>
    <verseIdArabic>٢٦</verseIdArabic>
    <verseId>26</verseId>
    <chapterId>69</chapterId>
    <textIndopak>وَلَمۡ أَدۡرِ مَا حِسَابِيَهۡ</textIndopak>
    <translations>
      <translation>
        <author>Dr. Mustafa Khattab, the Clear Quran</author>
        <text>nor known anything of my reckoning!</text>
      </translation>
    </translations>
    <rules>[{"start": 9, "end": 11, "rule_id": 1}]</rules>
  </verse>
  <verse>
    <verseIdArabic>٢٧</verseIdArabic>
    <verseId>27</verseId>
    <chapterId>69</chapterId>
    <textIndopak>يَٰلَيۡتَهَا كَانَتِ ٱلۡقَاضِيَةَ</textIndopak>
    <translations>
      <translation>
        <author>Dr. Mustafa Khattab, the Clear Quran</author>
        <text>I wish death was the end!</text>
      </translation>
    </translations>
  </verse>
  <verse>
    <verseIdArabic>٢٨</verseIdArabic>
    <verseId>28</verseId>
    <chapterId>69</chapterId>
    <textIndopak>مَآ أَغۡنَىٰ عَنِّي مَالِيَهۡۜ</textIndopak>
    <translations>
      <translation>
        <author>Dr. Mustafa Khattab, the Clear Quran</author>
        <text>My wealth has not benefited me!</text>
      </translation>
    </translations>
    <rules>[{"start": 16, "end": 19, "rule_id": 0}]</rules>
  </verse>
  <verse>
    <verseIdArabic>٢٩</verseIdArabic>
    <verseId>29</verseId>
    <chapterId>69</chapterId>
    <textIndopak>هَلَكَ عَنِّي سُلۡطَٰنِيَهۡ</textIndopak>
    <translations>
      <translation>
        <author>Dr. Mustafa Khattab, the Clear Quran</author>
        <text>My authority has been stripped from me.”</text>
      </translation>
    </translations>
    <rules>[{"start": 9, "end": 12, "rule_id": 0}]</rules>
  </verse>
  <verse>
    <verseIdArabic>٣٠</verseIdArabic>
    <verseId>30</verseId>
    <chapterId>69</chapterId>
    <textIndopak>خُذُوهُ فَغُلُّوهُ</textIndopak>
    <translations>
      <translation>
        <author>Dr. Mustafa Khattab, the Clear Quran</author>
        <text>˹It will be said,˺ “Seize and shackle them,</text>
      </translation>
    </translations>
  </verse>
  <verse>
    <verseIdArabic>٣١</verseIdArabic>
    <verseId>31</verseId>
    <chapterId>69</chapterId>
    <textIndopak>ثُمَّ ٱلۡجَحِيمَ صَلُّوهُ</textIndopak>
    <translations>
      <translation>
        <author>Dr. Mustafa Khattab, the Clear Quran</author>
        <text>then burn them in Hell,</text>
      </translation>
    </translations>
    <rules>[{"start": 2, "end": 5, "rule_id": 0}]</rules>
  </verse>
  <verse>
    <verseIdArabic>٣٢</verseIdArabic>
    <verseId>32</verseId>
    <chapterId>69</chapterId>
    <textIndopak>ثُمَّ فِي سِلۡسِلَةٖ ذَرۡعُهَا سَبۡعُونَ ذِرَاعٗا فَٱسۡلُكُوهُ</textIndopak>
    <translations>
      <translation>
        <author>Dr. Mustafa Khattab, the Clear Quran</author>
        <text>then tie them up with chains seventy arms long.</text>
      </translation>
    </translations>
    <rules>[{"start": 2, "end": 5, "rule_id": 0}, {"start": 33, "end": 35, "rule_id": 1}, {"start": 18, "end": 23, "rule_id": 6}]</rules>
  </verse>
  <verse>
    <verseIdArabic>٣٣</verseIdArabic>
    <verseId>33</verseId>
    <chapterId>69</chapterId>
    <textIndopak>إِنَّهُۥ كَانَ لَا يُؤۡمِنُ بِٱللَّهِ ٱلۡعَظِيمِ</textIndopak>
    <translations>
      <translation>
        <author>Dr. Mustafa Khattab, the Clear Quran</author>
        <text>For they never had faith in Allah, the Greatest,</text>
      </translation>
    </translations>
    <rules>[{"start": 2, "end": 5, "rule_id": 0}]</rules>
  </verse>
  <verse>
    <verseIdArabic>٣٤</verseIdArabic>
    <verseId>34</verseId>
    <chapterId>69</chapterId>
    <textIndopak>وَلَا يَحُضُّ عَلَىٰ طَعَامِ ٱلۡمِسۡكِينِ</textIndopak>
    <translations>
      <translation>
        <author>Dr. Mustafa Khattab, the Clear Quran</author>
        <text>nor encouraged the feeding of the poor.</text>
      </translation>
    </translations>
  </verse>
  <verse>
    <verseIdArabic>٣٥</verseIdArabic>
    <verseId>35</verseId>
    <chapterId>69</chapterId>
    <textIndopak>فَلَيۡسَ لَهُ ٱلۡيَوۡمَ هَٰهُنَا حَمِيمٞ</textIndopak>
    <translations>
      <translation>
        <author>Dr. Mustafa Khattab, the Clear Quran</author>
        <text>So this Day they will have no close friend here,</text>
      </translation>
    </translations>
  </verse>
  <verse>
    <verseIdArabic>٣٦</verseIdArabic>
    <verseId>36</verseId>
    <chapterId>69</chapterId>
    <textIndopak>وَلَا طَعَامٌ إِلَّا مِنۡ غِسۡلِينٖ</textIndopak>
    <translations>
      <translation>
        <author>Dr. Mustafa Khattab, the Clear Quran</author>
        <text>nor any food except ˹oozing˺ pus,</text>
      </translation>
    </translations>
  </verse>
  <verse>
    <verseIdArabic>٣٧</verseIdArabic>
    <verseId>37</verseId>
    <chapterId>69</chapterId>
    <textIndopak>لَّا يَأۡكُلُهُۥٓ إِلَّا ٱلۡخَٰطِـُٔونَ</textIndopak>
    <translations>
      <translation>
        <author>Dr. Mustafa Khattab, the Clear Quran</author>
        <text>which none will eat except the evildoers.”</text>
      </translation>
    </translations>
  </verse>
  <verse>
    <verseIdArabic>٣٨</verseIdArabic>
    <verseId>38</verseId>
    <chapterId>69</chapterId>
    <textIndopak>فَلَآ أُقۡسِمُ بِمَا تُبۡصِرُونَ</textIndopak>
    <translations>
      <translation>
        <author>Dr. Mustafa Khattab, the Clear Quran</author>
        <text>Now, I do swear by whatever you see,</text>
      </translation>
    </translations>
    <rules>[{"start": 9, "end": 11, "rule_id": 1}, {"start": 24, "end": 26, "rule_id": 1}]</rules>
  </verse>
  <verse>
    <verseIdArabic>٣٩</verseIdArabic>
    <verseId>39</verseId>
    <chapterId>69</chapterId>
    <textIndopak>وَمَا لَا تُبۡصِرُونَ</textIndopak>
    <translations>
      <translation>
        <author>Dr. Mustafa Khattab, the Clear Quran</author>
        <text>and whatever you cannot see!</text>
      </translation>
    </translations>
    <rules>[{"start": 12, "end": 14, "rule_id": 1}]</rules>
  </verse>
  <verse>
    <verseIdArabic>٤٠</verseIdArabic>
    <verseId>40</verseId>
    <chapterId>69</chapterId>
    <textIndopak>إِنَّهُۥ لَقَوۡلُ رَسُولٖ كَرِيمٖ</textIndopak>
    <translations>
      <translation>
        <author>Dr. Mustafa Khattab, the Clear Quran</author>
        <text>Indeed, this ˹Quran˺ is the recitation of a noble Messenger.</text>
      </translation>
    </translations>
    <rules>[{"start": 2, "end": 5, "rule_id": 0}, {"start": 23, "end": 28, "rule_id": 6}]</rules>
  </verse>
  <verse>
    <verseIdArabic>٤١</verseIdArabic>
    <verseId>41</verseId>
    <chapterId>69</chapterId>
    <textIndopak>وَمَا هُوَ بِقَوۡلِ شَاعِرٖۚ قَلِيلٗا مَّا تُؤۡمِنُونَ</textIndopak>
    <translations>
      <translation>
        <author>Dr. Mustafa Khattab, the Clear Quran</author>
        <text>It is not the prose of a poet ˹as you claim˺, ˹yet˺ you hardly have any faith.</text>
      </translation>
    </translations>
    <rules>[{"start": 39, "end": 42, "rule_id": 0}, {"start": 35, "end": 42, "rule_id": 3}]</rules>
  </verse>
  <verse>
    <verseIdArabic>٤٢</verseIdArabic>
    <verseId>42</verseId>
    <chapterId>69</chapterId>
    <textIndopak>وَلَا بِقَوۡلِ كَاهِنٖۚ قَلِيلٗا مَّا تَذَكَّرُونَ</textIndopak>
    <translations>
      <translation>
        <author>Dr. Mustafa Khattab, the Clear Quran</author>
        <text>Nor is it the mumbling of a fortune-teller, ˹yet˺ you are hardly mindful.</text>
      </translation>
    </translations>
    <rules>[{"start": 34, "end": 37, "rule_id": 0}, {"start": 30, "end": 37, "rule_id": 3}]</rules>
  </verse>
  <verse>
    <verseIdArabic>٤٣</verseIdArabic>
    <verseId>43</verseId>
    <chapterId>69</chapterId>
    <textIndopak>تَنزِيلٞ مِّن رَّبِّ ٱلۡعَٰلَمِينَ</textIndopak>
    <translations>
      <translation>
        <author>Dr. Mustafa Khattab, the Clear Quran</author>
        <text>˹It is˺ a revelation from the Lord of all worlds.</text>
      </translation>
    </translations>
    <rules>[{"start": 9, "end": 12, "rule_id": 0}, {"start": 6, "end": 12, "rule_id": 3}, {"start": 12, "end": 17, "rule_id": 5}, {"start": 2, "end": 5, "rule_id": 6}]</rules>
  </verse>
  <verse>
    <verseIdArabic>٤٤</verseIdArabic>
    <verseId>44</verseId>
    <chapterId>69</chapterId>
    <textIndopak>وَلَوۡ تَقَوَّلَ عَلَيۡنَا بَعۡضَ ٱلۡأَقَاوِيلِ</textIndopak>
    <translations>
      <translation>
        <author>Dr. Mustafa Khattab, the Clear Quran</author>
        <text>Had the Messenger made up something in Our Name,</text>
      </translation>
    </translations>
  </verse>
  <verse>
    <verseIdArabic>٤٥</verseIdArabic>
    <verseId>45</verseId>
    <chapterId>69</chapterId>
    <textIndopak>لَأَخَذۡنَا مِنۡهُ بِٱلۡيَمِينِ</textIndopak>
    <translations>
      <translation>
        <author>Dr. Mustafa Khattab, the Clear Quran</author>
        <text>We would have certainly seized him by his right hand,</text>
      </translation>
    </translations>
  </verse>
  <verse>
    <verseIdArabic>٤٦</verseIdArabic>
    <verseId>46</verseId>
    <chapterId>69</chapterId>
    <textIndopak>ثُمَّ لَقَطَعۡنَا مِنۡهُ ٱلۡوَتِينَ</textIndopak>
    <translations>
      <translation>
        <author>Dr. Mustafa Khattab, the Clear Quran</author>
        <text>then severed his aorta,</text>
      </translation>
    </translations>
    <rules>[{"start": 2, "end": 5, "rule_id": 0}]</rules>
  </verse>
  <verse>
    <verseIdArabic>٤٧</verseIdArabic>
    <verseId>47</verseId>
    <chapterId>69</chapterId>
    <textIndopak>فَمَا مِنكُم مِّنۡ أَحَدٍ عَنۡهُ حَٰجِزِينَ</textIndopak>
    <translations>
      <translation>
        <author>Dr. Mustafa Khattab, the Clear Quran</author>
        <text>and none of you could have shielded him ˹from Us˺!</text>
      </translation>
    </translations>
    <rules>[{"start": 13, "end": 16, "rule_id": 0}, {"start": 11, "end": 16, "rule_id": 4}, {"start": 8, "end": 11, "rule_id": 6}]</rules>
  </verse>
  <verse>
    <verseIdArabic>٤٨</verseIdArabic>
    <verseId>48</verseId>
    <chapterId>69</chapterId>
    <textIndopak>وَإِنَّهُۥ لَتَذۡكِرَةٞ لِّلۡمُتَّقِينَ</textIndopak>
    <translations>
      <translation>
        <author>Dr. Mustafa Khattab, the Clear Quran</author>
        <text>Indeed, this ˹Quran˺ is a reminder to those mindful ˹of Allah˺.</text>
      </translation>
    </translations>
    <rules>[{"start": 4, "end": 7, "rule_id": 0}, {"start": 21, "end": 27, "rule_id": 5}]</rules>
  </verse>
  <verse>
    <verseIdArabic>٤٩</verseIdArabic>
    <verseId>49</verseId>
    <chapterId>69</chapterId>
    <textIndopak>وَإِنَّا لَنَعۡلَمُ أَنَّ مِنكُم مُّكَذِّبِينَ</textIndopak>
    <translations>
      <translation>
        <author>Dr. Mustafa Khattab, the Clear Quran</author>
        <text>And We certainly know that some of you will persist in denial,</text>
      </translation>
    </translations>
    <rules>[{"start": 4, "end": 7, "rule_id": 0}, {"start": 22, "end": 25, "rule_id": 0}, {"start": 33, "end": 36, "rule_id": 0}, {"start": 31, "end": 36, "rule_id": 4}, {"start": 28, "end": 31, "rule_id": 6}]</rules>
  </verse>
  <verse>
    <verseIdArabic>٥٠</verseIdArabic>
    <verseId>50</verseId>
    <chapterId>69</chapterId>
    <textIndopak>وَإِنَّهُۥ لَحَسۡرَةٌ عَلَى ٱلۡكَٰفِرِينَ</textIndopak>
    <translations>
      <translation>
        <author>Dr. Mustafa Khattab, the Clear Quran</author>
        <text>and it will surely be a source of regret for the disbelievers.</text>
      </translation>
    </translations>
    <rules>[{"start": 4, "end": 7, "rule_id": 0}]</rules>
  </verse>
  <verse>
    <verseIdArabic>٥١</verseIdArabic>
    <verseId>51</verseId>
    <chapterId>69</chapterId>
    <textIndopak>وَإِنَّهُۥ لَحَقُّ ٱلۡيَقِينِ</textIndopak>
    <translations>
      <translation>
        <author>Dr. Mustafa Khattab, the Clear Quran</author>
        <text>And indeed, this ˹Quran˺ is the absolute truth.</text>
      </translation>
    </translations>
    <rules>[{"start": 4, "end": 7, "rule_id": 0}]</rules>
  </verse>
  <verse>
    <verseIdArabic>٥٢</verseIdArabic>
    <verseId>52</verseId>
    <chapterId>69</chapterId>
    <textIndopak>فَسَبِّحۡ بِٱسۡمِ رَبِّكَ ٱلۡعَظِيمِ</textIndopak>
    <translations>
      <translation>
        <author>Dr. Mustafa Khattab, the Clear Quran</author>
        <text>So glorify the Name of your Lord, the Greatest.</text>
      </translation>
    </translations>
  </verse>
</verses>
