<?xml version="1.0" encoding="UTF-8"?>

<verses>
  <verse>
    <verseIdArabic>١</verseIdArabic>
    <verseId>1</verseId>
    <chapterId>70</chapterId>
    <textIndopak>سَأَلَ سَآئِلُۢ بِعَذَابٖ وَاقِعٖ</textIndopak>
    <translations>
      <translation>
        <author>Dr. Mustafa Khattab, the Clear Quran</author>
        <text>A challenger has demanded a punishment bound to come</text>
      </translation>
    </translations>
    <rules>[{"start": 13, "end": 19, "rule_id": 2}, {"start": 24, "end": 29, "rule_id": 3}]</rules>
  </verse>
  <verse>
    <verseIdArabic>٢</verseIdArabic>
    <verseId>2</verseId>
    <chapterId>70</chapterId>
    <textIndopak>لِّلۡكَٰفِرِينَ لَيۡسَ لَهُۥ دَافِعٞ</textIndopak>
    <translations>
      <translation>
        <author>Dr. Mustafa Khattab, the Clear Quran</author>
        <text>for the disbelievers—to be averted by none—</text>
      </translation>
    </translations>
  </verse>
  <verse>
    <verseIdArabic>٣</verseIdArabic>
    <verseId>3</verseId>
    <chapterId>70</chapterId>
    <textIndopak>مِّنَ ٱللَّهِ ذِي ٱلۡمَعَارِجِ</textIndopak>
    <translations>
      <translation>
        <author>Dr. Mustafa Khattab, the Clear Quran</author>
        <text>from Allah, Lord of pathways of ˹heavenly˺ ascent,</text>
      </translation>
    </translations>
    <rules>[{"start": 0, "end": 3, "rule_id": 0}, {"start": 28, "end": 30, "rule_id": 1}]</rules>
  </verse>
  <verse>
    <verseIdArabic>٤</verseIdArabic>
    <verseId>4</verseId>
    <chapterId>70</chapterId>
    <textIndopak>تَعۡرُجُ ٱلۡمَلَٰٓئِكَةُ وَٱلرُّوحُ إِلَيۡهِ فِي يَوۡمٖ كَانَ مِقۡدَارُهُۥ خَمۡسِينَ أَلۡفَ سَنَةٖ</textIndopak>
    <translations>
      <translation>
        <author>Dr. Mustafa Khattab, the Clear Quran</author>
        <text>˹through which˺ the angels and the ˹holy˺ spirit will ascend to Him on a Day fifty thousand years in length.</text>
      </translation>
    </translations>
    <rules>[{"start": 64, "end": 66, "rule_id": 1}, {"start": 53, "end": 58, "rule_id": 6}]</rules>
  </verse>
  <verse>
    <verseIdArabic>٥</verseIdArabic>
    <verseId>5</verseId>
    <chapterId>70</chapterId>
    <textIndopak>فَٱصۡبِرۡ صَبۡرٗا جَمِيلًا</textIndopak>
    <translations>
      <translation>
        <author>Dr. Mustafa Khattab, the Clear Quran</author>
        <text>So endure ˹this denial, O Prophet,˺ with beautiful patience.</text>
      </translation>
    </translations>
    <rules>[{"start": 12, "end": 14, "rule_id": 1}]</rules>
  </verse>
  <verse>
    <verseIdArabic>٦</verseIdArabic>
    <verseId>6</verseId>
    <chapterId>70</chapterId>
    <textIndopak>إِنَّهُمۡ يَرَوۡنَهُۥ بَعِيدٗا</textIndopak>
    <translations>
      <translation>
        <author>Dr. Mustafa Khattab, the Clear Quran</author>
        <text>They truly see this ˹Day˺ as impossible,</text>
      </translation>
    </translations>
    <rules>[{"start": 2, "end": 5, "rule_id": 0}]</rules>
  </verse>
  <verse>
    <verseIdArabic>٧</verseIdArabic>
    <verseId>7</verseId>
    <chapterId>70</chapterId>
    <textIndopak>وَنَرَىٰهُ قَرِيبٗا</textIndopak>
    <translations>
      <translation>
        <author>Dr. Mustafa Khattab, the Clear Quran</author>
        <text>but We see it as inevitable.</text>
      </translation>
    </translations>
  </verse>
  <verse>
    <verseIdArabic>٨</verseIdArabic>
    <verseId>8</verseId>
    <chapterId>70</chapterId>
    <textIndopak>يَوۡمَ تَكُونُ ٱلسَّمَآءُ كَٱلۡمُهۡلِ</textIndopak>
    <translations>
      <translation>
        <author>Dr. Mustafa Khattab, the Clear Quran</author>
        <text>On that Day the sky will be like molten brass</text>
      </translation>
    </translations>
  </verse>
  <verse>
    <verseIdArabic>٩</verseIdArabic>
    <verseId>9</verseId>
    <chapterId>70</chapterId>
    <textIndopak>وَتَكُونُ ٱلۡجِبَالُ كَٱلۡعِهۡنِ</textIndopak>
    <translations>
      <translation>
        <author>Dr. Mustafa Khattab, the Clear Quran</author>
        <text>and the mountains like ˹tufts of˺ wool.</text>
      </translation>
    </translations>
  </verse>
  <verse>
    <verseIdArabic>١٠</verseIdArabic>
    <verseId>10</verseId>
    <chapterId>70</chapterId>
    <textIndopak>وَلَا يَسۡـَٔلُ حَمِيمٌ حَمِيمٗا</textIndopak>
    <translations>
      <translation>
        <author>Dr. Mustafa Khattab, the Clear Quran</author>
        <text>And no close friend will ask ˹about˺ their friends,</text>
      </translation>
    </translations>
  </verse>
  <verse>
    <verseIdArabic>١١</verseIdArabic>
    <verseId>11</verseId>
    <chapterId>70</chapterId>
    <textIndopak>يُبَصَّرُونَهُمۡۚ يَوَدُّ ٱلۡمُجۡرِمُ لَوۡ يَفۡتَدِي مِنۡ عَذَابِ يَوۡمِئِذِۭ بِبَنِيهِ</textIndopak>
    <translations>
      <translation>
        <author>Dr. Mustafa Khattab, the Clear Quran</author>
        <text>˹although˺ they will be made to see each other. The wicked will wish to ransom themselves from the punishment of that Day by their children,</text>
      </translation>
    </translations>
    <rules>[{"start": 32, "end": 34, "rule_id": 1}, {"start": 75, "end": 81, "rule_id": 2}]</rules>
  </verse>
  <verse>
    <verseIdArabic>١٢</verseIdArabic>
    <verseId>12</verseId>
    <chapterId>70</chapterId>
    <textIndopak>وَصَٰحِبَتِهِۦ وَأَخِيهِ</textIndopak>
    <translations>
      <translation>
        <author>Dr. Mustafa Khattab, the Clear Quran</author>
        <text>their spouses, their siblings,</text>
      </translation>
    </translations>
  </verse>
  <verse>
    <verseIdArabic>١٣</verseIdArabic>
    <verseId>13</verseId>
    <chapterId>70</chapterId>
    <textIndopak>وَفَصِيلَتِهِ ٱلَّتِي تُـٔۡوِيهِ</textIndopak>
    <translations>
      <translation>
        <author>Dr. Mustafa Khattab, the Clear Quran</author>
        <text>their clan that sheltered them,</text>
      </translation>
    </translations>
  </verse>
  <verse>
    <verseIdArabic>١٤</verseIdArabic>
    <verseId>14</verseId>
    <chapterId>70</chapterId>
    <textIndopak>وَمَن فِي ٱلۡأَرۡضِ جَمِيعٗا ثُمَّ يُنجِيهِ</textIndopak>
    <translations>
      <translation>
        <author>Dr. Mustafa Khattab, the Clear Quran</author>
        <text>and everyone on earth altogether, just to save themselves.</text>
      </translation>
    </translations>
    <rules>[{"start": 31, "end": 34, "rule_id": 0}, {"start": 4, "end": 8, "rule_id": 6}, {"start": 37, "end": 40, "rule_id": 6}]</rules>
  </verse>
  <verse>
    <verseIdArabic>١٥</verseIdArabic>
    <verseId>15</verseId>
    <chapterId>70</chapterId>
    <textIndopak>كـَلَّآۖ إِنَّهَا لَظَىٰ</textIndopak>
    <translations>
      <translation>
        <author>Dr. Mustafa Khattab, the Clear Quran</author>
        <text>But no! There will certainly be a raging Flame</text>
      </translation>
    </translations>
    <rules>[{"start": 12, "end": 15, "rule_id": 0}]</rules>
  </verse>
  <verse>
    <verseIdArabic>١٦</verseIdArabic>
    <verseId>16</verseId>
    <chapterId>70</chapterId>
    <textIndopak>نَزَّاعَةٗ لِّلشَّوَىٰ</textIndopak>
    <translations>
      <translation>
        <author>Dr. Mustafa Khattab, the Clear Quran</author>
        <text>ripping off scalps.</text>
      </translation>
    </translations>
    <rules>[{"start": 8, "end": 14, "rule_id": 5}]</rules>
  </verse>
  <verse>
    <verseIdArabic>١٧</verseIdArabic>
    <verseId>17</verseId>
    <chapterId>70</chapterId>
    <textIndopak>تَدۡعُواْ مَنۡ أَدۡبَرَ وَتَوَلَّىٰ</textIndopak>
    <translations>
      <translation>
        <author>Dr. Mustafa Khattab, the Clear Quran</author>
        <text>It will summon whoever turned their backs ˹on Allah˺ and turned away ˹from the truth˺,</text>
      </translation>
    </translations>
    <rules>[{"start": 2, "end": 4, "rule_id": 1}, {"start": 17, "end": 19, "rule_id": 1}]</rules>
  </verse>
  <verse>
    <verseIdArabic>١٨</verseIdArabic>
    <verseId>18</verseId>
    <chapterId>70</chapterId>
    <textIndopak>وَجَمَعَ فَأَوۡعَىٰٓ</textIndopak>
    <translations>
      <translation>
        <author>Dr. Mustafa Khattab, the Clear Quran</author>
        <text>and gathered and hoarded ˹wealth˺.</text>
      </translation>
    </translations>
  </verse>
  <verse>
    <verseIdArabic>١٩</verseIdArabic>
    <verseId>19</verseId>
    <chapterId>70</chapterId>
    <textIndopak>۞ إِنَّ ٱلۡإِنسَٰنَ خُلِقَ هَلُوعًا</textIndopak>
    <translations>
      <translation>
        <author>Dr. Mustafa Khattab, the Clear Quran</author>
        <text>Indeed, humankind was created impatient:</text>
      </translation>
    </translations>
    <rules>[{"start": 4, "end": 7, "rule_id": 0}, {"start": 13, "end": 17, "rule_id": 6}]</rules>
  </verse>
  <verse>
    <verseIdArabic>٢٠</verseIdArabic>
    <verseId>20</verseId>
    <chapterId>70</chapterId>
    <textIndopak>إِذَا مَسَّهُ ٱلشَّرُّ جَزُوعٗا</textIndopak>
    <translations>
      <translation>
        <author>Dr. Mustafa Khattab, the Clear Quran</author>
        <text>distressed when touched with evil,</text>
      </translation>
    </translations>
  </verse>
  <verse>
    <verseIdArabic>٢١</verseIdArabic>
    <verseId>21</verseId>
    <chapterId>70</chapterId>
    <textIndopak>وَإِذَا مَسَّهُ ٱلۡخَيۡرُ مَنُوعًا</textIndopak>
    <translations>
      <translation>
        <author>Dr. Mustafa Khattab, the Clear Quran</author>
        <text>and withholding when touched with good—</text>
      </translation>
    </translations>
  </verse>
  <verse>
    <verseIdArabic>٢٢</verseIdArabic>
    <verseId>22</verseId>
    <chapterId>70</chapterId>
    <textIndopak>إِلَّا ٱلۡمُصَلِّينَ</textIndopak>
    <translations>
      <translation>
        <author>Dr. Mustafa Khattab, the Clear Quran</author>
        <text>except those who pray,</text>
      </translation>
    </translations>
  </verse>
  <verse>
    <verseIdArabic>٢٣</verseIdArabic>
    <verseId>23</verseId>
    <chapterId>70</chapterId>
    <textIndopak>ٱلَّذِينَ هُمۡ عَلَىٰ صَلَاتِهِمۡ دَآئِمُونَ</textIndopak>
    <translations>
      <translation>
        <author>Dr. Mustafa Khattab, the Clear Quran</author>
        <text>consistently performing their prayers;</text>
      </translation>
    </translations>
  </verse>
  <verse>
    <verseIdArabic>٢٤</verseIdArabic>
    <verseId>24</verseId>
    <chapterId>70</chapterId>
    <textIndopak>وَٱلَّذِينَ فِيٓ أَمۡوَٰلِهِمۡ حَقّٞ مَّعۡلُومٞ</textIndopak>
    <translations>
      <translation>
        <author>Dr. Mustafa Khattab, the Clear Quran</author>
        <text>and who give the rightful share of their wealth</text>
      </translation>
    </translations>
    <rules>[{"start": 37, "end": 40, "rule_id": 0}, {"start": 33, "end": 40, "rule_id": 3}]</rules>
  </verse>
  <verse>
    <verseIdArabic>٢٥</verseIdArabic>
    <verseId>25</verseId>
    <chapterId>70</chapterId>
    <textIndopak>لِّلسَّآئِلِ وَٱلۡمَحۡرُومِ</textIndopak>
    <translations>
      <translation>
        <author>Dr. Mustafa Khattab, the Clear Quran</author>
        <text>to the beggar and the poor;</text>
      </translation>
    </translations>
  </verse>
  <verse>
    <verseIdArabic>٢٦</verseIdArabic>
    <verseId>26</verseId>
    <chapterId>70</chapterId>
    <textIndopak>وَٱلَّذِينَ يُصَدِّقُونَ بِيَوۡمِ ٱلدِّينِ</textIndopak>
    <translations>
      <translation>
        <author>Dr. Mustafa Khattab, the Clear Quran</author>
        <text>and who ˹firmly˺ believe in the Day of Judgment;</text>
      </translation>
    </translations>
  </verse>
  <verse>
    <verseIdArabic>٢٧</verseIdArabic>
    <verseId>27</verseId>
    <chapterId>70</chapterId>
    <textIndopak>وَٱلَّذِينَ هُم مِّنۡ عَذَابِ رَبِّهِم مُّشۡفِقُونَ</textIndopak>
    <translations>
      <translation>
        <author>Dr. Mustafa Khattab, the Clear Quran</author>
        <text>and those who fear the punishment of their Lord—</text>
      </translation>
    </translations>
    <rules>[{"start": 16, "end": 19, "rule_id": 0}, {"start": 39, "end": 42, "rule_id": 0}, {"start": 14, "end": 19, "rule_id": 4}, {"start": 37, "end": 42, "rule_id": 4}]</rules>
  </verse>
  <verse>
    <verseIdArabic>٢٨</verseIdArabic>
    <verseId>28</verseId>
    <chapterId>70</chapterId>
    <textIndopak>إِنَّ عَذَابَ رَبِّهِمۡ غَيۡرُ مَأۡمُونٖ</textIndopak>
    <translations>
      <translation>
        <author>Dr. Mustafa Khattab, the Clear Quran</author>
        <text>˹knowing that˺ none should feel secure from their Lord’s punishment—</text>
      </translation>
    </translations>
    <rules>[{"start": 2, "end": 5, "rule_id": 0}]</rules>
  </verse>
  <verse>
    <verseIdArabic>٢٩</verseIdArabic>
    <verseId>29</verseId>
    <chapterId>70</chapterId>
    <textIndopak>وَٱلَّذِينَ هُمۡ لِفُرُوجِهِمۡ حَٰفِظُونَ</textIndopak>
    <translations>
      <translation>
        <author>Dr. Mustafa Khattab, the Clear Quran</author>
        <text>and those who guard their chastity</text>
      </translation>
    </translations>
  </verse>
  <verse>
    <verseIdArabic>٣٠</verseIdArabic>
    <verseId>30</verseId>
    <chapterId>70</chapterId>
    <textIndopak>إِلَّا عَلَىٰٓ أَزۡوَٰجِهِمۡ أَوۡ مَا مَلَكَتۡ أَيۡمَٰنُهُمۡ فَإِنَّهُمۡ غَيۡرُ مَلُومِينَ</textIndopak>
    <translations>
      <translation>
        <author>Dr. Mustafa Khattab, the Clear Quran</author>
        <text>except with their wives or those ˹bondwomen˺ in their possession, for then they are free from blame,</text>
      </translation>
    </translations>
    <rules>[{"start": 65, "end": 68, "rule_id": 0}]</rules>
  </verse>
  <verse>
    <verseIdArabic>٣١</verseIdArabic>
    <verseId>31</verseId>
    <chapterId>70</chapterId>
    <textIndopak>فَمَنِ ٱبۡتَغَىٰ وَرَآءَ ذَٰلِكَ فَأُوْلَٰٓئِكَ هُمُ ٱلۡعَادُونَ</textIndopak>
    <translations>
      <translation>
        <author>Dr. Mustafa Khattab, the Clear Quran</author>
        <text>but whoever seeks beyond that are the transgressors.</text>
      </translation>
    </translations>
    <rules>[{"start": 8, "end": 10, "rule_id": 1}]</rules>
  </verse>
  <verse>
    <verseIdArabic>٣٢</verseIdArabic>
    <verseId>32</verseId>
    <chapterId>70</chapterId>
    <textIndopak>وَٱلَّذِينَ هُمۡ لِأَمَٰنَٰتِهِمۡ وَعَهۡدِهِمۡ رَٰعُونَ</textIndopak>
    <translations>
      <translation>
        <author>Dr. Mustafa Khattab, the Clear Quran</author>
        <text>˹The faithful are˺ also those who are true to their trusts and covenants;</text>
      </translation>
    </translations>
  </verse>
  <verse>
    <verseIdArabic>٣٣</verseIdArabic>
    <verseId>33</verseId>
    <chapterId>70</chapterId>
    <textIndopak>وَٱلَّذِينَ هُم بِشَهَٰدَٰتِهِمۡ قَآئِمُونَ</textIndopak>
    <translations>
      <translation>
        <author>Dr. Mustafa Khattab, the Clear Quran</author>
        <text>and who are honest in their testimony;</text>
      </translation>
    </translations>
    <rules>[{"start": 14, "end": 18, "rule_id": 7}]</rules>
  </verse>
  <verse>
    <verseIdArabic>٣٤</verseIdArabic>
    <verseId>34</verseId>
    <chapterId>70</chapterId>
    <textIndopak>وَٱلَّذِينَ هُمۡ عَلَىٰ صَلَاتِهِمۡ يُحَافِظُونَ</textIndopak>
    <translations>
      <translation>
        <author>Dr. Mustafa Khattab, the Clear Quran</author>
        <text>and who are ˹properly˺ observant of their prayers.</text>
      </translation>
    </translations>
  </verse>
  <verse>
    <verseIdArabic>٣٥</verseIdArabic>
    <verseId>35</verseId>
    <chapterId>70</chapterId>
    <textIndopak>أُوْلَٰٓئِكَ فِي جَنَّٰتٖ مُّكۡرَمُونَ</textIndopak>
    <translations>
      <translation>
        <author>Dr. Mustafa Khattab, the Clear Quran</author>
        <text>These will be in Gardens, held in honour.</text>
      </translation>
    </translations>
    <rules>[{"start": 19, "end": 23, "rule_id": 0}, {"start": 26, "end": 29, "rule_id": 0}, {"start": 23, "end": 29, "rule_id": 3}]</rules>
  </verse>
  <verse>
    <verseIdArabic>٣٦</verseIdArabic>
    <verseId>36</verseId>
    <chapterId>70</chapterId>
    <textIndopak>فَمَالِ ٱلَّذِينَ كَفَرُواْ قِبَلَكَ مُهۡطِعِينَ</textIndopak>
    <translations>
      <translation>
        <author>Dr. Mustafa Khattab, the Clear Quran</author>
        <text>So what is the matter with the disbelievers that they rush ˹head-long˺ towards you ˹O Prophet˺,</text>
      </translation>
    </translations>
  </verse>
  <verse>
    <verseIdArabic>٣٧</verseIdArabic>
    <verseId>37</verseId>
    <chapterId>70</chapterId>
    <textIndopak>عَنِ ٱلۡيَمِينِ وَعَنِ ٱلشِّمَالِ عِزِينَ</textIndopak>
    <translations>
      <translation>
        <author>Dr. Mustafa Khattab, the Clear Quran</author>
        <text>from the right and the left, in groups ˹to mock you˺?</text>
      </translation>
    </translations>
  </verse>
  <verse>
    <verseIdArabic>٣٨</verseIdArabic>
    <verseId>38</verseId>
    <chapterId>70</chapterId>
    <textIndopak>أَيَطۡمَعُ كُلُّ ٱمۡرِيٕٖ مِّنۡهُمۡ أَن يُدۡخَلَ جَنَّةَ نَعِيمٖ</textIndopak>
    <translations>
      <translation>
        <author>Dr. Mustafa Khattab, the Clear Quran</author>
        <text>Does every one of them expect to be admitted into a Garden of Bliss?</text>
      </translation>
    </translations>
    <rules>[{"start": 25, "end": 28, "rule_id": 0}, {"start": 50, "end": 53, "rule_id": 0}, {"start": 4, "end": 6, "rule_id": 1}, {"start": 41, "end": 43, "rule_id": 1}, {"start": 37, "end": 41, "rule_id": 3}, {"start": 22, "end": 28, "rule_id": 3}]</rules>
  </verse>
  <verse>
    <verseIdArabic>٣٩</verseIdArabic>
    <verseId>39</verseId>
    <chapterId>70</chapterId>
    <textIndopak>كـَلَّآۖ إِنَّا خَلَقۡنَٰهُم مِّمَّا يَعۡلَمُونَ</textIndopak>
    <translations>
      <translation>
        <author>Dr. Mustafa Khattab, the Clear Quran</author>
        <text>But no! Indeed, they ˹already˺ know what We created them from.</text>
      </translation>
    </translations>
    <rules>[{"start": 12, "end": 15, "rule_id": 0}, {"start": 30, "end": 33, "rule_id": 0}, {"start": 33, "end": 36, "rule_id": 0}, {"start": 21, "end": 23, "rule_id": 1}, {"start": 28, "end": 33, "rule_id": 4}]</rules>
  </verse>
  <verse>
    <verseIdArabic>٤٠</verseIdArabic>
    <verseId>40</verseId>
    <chapterId>70</chapterId>
    <textIndopak>فَلَآ أُقۡسِمُ بِرَبِّ ٱلۡمَشَٰرِقِ وَٱلۡمَغَٰرِبِ إِنَّا لَقَٰدِرُونَ</textIndopak>
    <translations>
      <translation>
        <author>Dr. Mustafa Khattab, the Clear Quran</author>
        <text>So, I do swear by the Lord of ˹all˺ the points of sunrise and sunset that We are truly capable</text>
      </translation>
    </translations>
    <rules>[{"start": 54, "end": 57, "rule_id": 0}, {"start": 9, "end": 11, "rule_id": 1}]</rules>
  </verse>
  <verse>
    <verseIdArabic>٤١</verseIdArabic>
    <verseId>41</verseId>
    <chapterId>70</chapterId>
    <textIndopak>عَلَىٰٓ أَن نُّبَدِّلَ خَيۡرٗا مِّنۡهُمۡ وَمَا نَحۡنُ بِمَسۡبُوقِينَ</textIndopak>
    <translations>
      <translation>
        <author>Dr. Mustafa Khattab, the Clear Quran</author>
        <text>of replacing them with ˹others˺ better than them, and We cannot be prevented ˹from doing so˺.</text>
      </translation>
    </translations>
    <rules>[{"start": 12, "end": 15, "rule_id": 0}, {"start": 31, "end": 34, "rule_id": 0}, {"start": 10, "end": 15, "rule_id": 3}, {"start": 27, "end": 34, "rule_id": 3}]</rules>
  </verse>
  <verse>
    <verseIdArabic>٤٢</verseIdArabic>
    <verseId>42</verseId>
    <chapterId>70</chapterId>
    <textIndopak>فَذَرۡهُمۡ يَخُوضُواْ وَيَلۡعَبُواْ حَتَّىٰ يُلَٰقُواْ يَوۡمَهُمُ ٱلَّذِي يُوعَدُونَ</textIndopak>
    <translations>
      <translation>
        <author>Dr. Mustafa Khattab, the Clear Quran</author>
        <text>So let them indulge ˹in falsehood˺ and amuse ˹themselves˺ until they face their Day, which they have been threatened with—</text>
      </translation>
    </translations>
  </verse>
  <verse>
    <verseIdArabic>٤٣</verseIdArabic>
    <verseId>43</verseId>
    <chapterId>70</chapterId>
    <textIndopak>يَوۡمَ يَخۡرُجُونَ مِنَ ٱلۡأَجۡدَاثِ سِرَاعٗا كَأَنَّهُمۡ إِلَىٰ نُصُبٖ يُوفِضُونَ</textIndopak>
    <translations>
      <translation>
        <author>Dr. Mustafa Khattab, the Clear Quran</author>
        <text>the Day they will come forth from the graves swiftly, as if racing to an idol ˹for a blessing˺,</text>
      </translation>
    </translations>
    <rules>[{"start": 50, "end": 53, "rule_id": 0}, {"start": 29, "end": 31, "rule_id": 1}, {"start": 69, "end": 74, "rule_id": 3}]</rules>
  </verse>
  <verse>
    <verseIdArabic>٤٤</verseIdArabic>
    <verseId>44</verseId>
    <chapterId>70</chapterId>
    <textIndopak>خَٰشِعَةً أَبۡصَٰرُهُمۡ تَرۡهَقُهُمۡ ذِلَّةٞۚ ذَٰلِكَ ٱلۡيَوۡمُ ٱلَّذِي كَانُواْ يُوعَدُونَ</textIndopak>
    <translations>
      <translation>
        <author>Dr. Mustafa Khattab, the Clear Quran</author>
        <text>with eyes downcast, utterly covered with disgrace. That is the Day they have ˹always˺ been warned of.</text>
      </translation>
    </translations>
    <rules>[{"start": 12, "end": 14, "rule_id": 1}]</rules>
  </verse>
</verses>
