<?xml version="1.0" encoding="UTF-8"?>

<verses>
  <verse>
    <verseIdArabic>١</verseIdArabic>
    <verseId>1</verseId>
    <chapterId>72</chapterId>
    <textIndopak>قُلۡ أُوحِيَ إِلَيَّ أَنَّهُ ٱسۡتَمَعَ نَفَرٞ مِّنَ ٱلۡجِنِّ فَقَالُوٓاْ إِنَّا سَمِعۡنَا قُرۡءَانًا عَجَبٗا</textIndopak>
    <translations>
      <translation>
        <author>Dr. Mustafa Khattab, the Clear Quran</author>
        <text>Say, ˹O Prophet,˺ “It has been revealed to me that a group of jinn listened ˹to the Quran,˺ and said ˹to their fellow jinn˺: ‘Indeed, we have heard a wondrous recitation.</text>
      </translation>
    </translations>
    <rules>[{"start": 23, "end": 26, "rule_id": 0}, {"start": 46, "end": 49, "rule_id": 0}, {"start": 57, "end": 60, "rule_id": 0}, {"start": 75, "end": 78, "rule_id": 0}, {"start": 43, "end": 49, "rule_id": 3}]</rules>
  </verse>
  <verse>
    <verseIdArabic>٢</verseIdArabic>
    <verseId>2</verseId>
    <chapterId>72</chapterId>
    <textIndopak>يَهۡدِيٓ إِلَى ٱلرُّشۡدِ فَـَٔامَنَّا بِهِۦۖ وَلَن نُّشۡرِكَ بِرَبِّنَآ أَحَدٗا</textIndopak>
    <translations>
      <translation>
        <author>Dr. Mustafa Khattab, the Clear Quran</author>
        <text>It leads to Right Guidance so we believed in it, and we will never associate anyone with our Lord ˹in worship˺.</text>
      </translation>
    </translations>
    <rules>[{"start": 33, "end": 36, "rule_id": 0}, {"start": 52, "end": 55, "rule_id": 0}, {"start": 50, "end": 55, "rule_id": 3}]</rules>
  </verse>
  <verse>
    <verseIdArabic>٣</verseIdArabic>
    <verseId>3</verseId>
    <chapterId>72</chapterId>
    <textIndopak>وَأَنَّهُۥ تَعَٰلَىٰ جَدُّ رَبِّنَا مَا ٱتَّخَذَ صَٰحِبَةٗ وَلَا وَلَدٗا</textIndopak>
    <translations>
      <translation>
        <author>Dr. Mustafa Khattab, the Clear Quran</author>
        <text>˹Now, we believe that˺ our Lord—Exalted is His Majesty—has neither taken a mate nor offspring,</text>
      </translation>
    </translations>
    <rules>[{"start": 4, "end": 7, "rule_id": 0}, {"start": 56, "end": 61, "rule_id": 3}]</rules>
  </verse>
  <verse>
    <verseIdArabic>٤</verseIdArabic>
    <verseId>4</verseId>
    <chapterId>72</chapterId>
    <textIndopak>وَأَنَّهُۥ كَانَ يَقُولُ سَفِيهُنَا عَلَى ٱللَّهِ شَطَطٗا</textIndopak>
    <translations>
      <translation>
        <author>Dr. Mustafa Khattab, the Clear Quran</author>
        <text>and that the foolish of us used to utter ˹outrageous˺ falsehoods about Allah.</text>
      </translation>
    </translations>
    <rules>[{"start": 4, "end": 7, "rule_id": 0}]</rules>
  </verse>
  <verse>
    <verseIdArabic>٥</verseIdArabic>
    <verseId>5</verseId>
    <chapterId>72</chapterId>
    <textIndopak>وَأَنَّا ظَنَنَّآ أَن لَّن تَقُولَ ٱلۡإِنسُ وَٱلۡجِنُّ عَلَى ٱللَّهِ كَذِبٗا</textIndopak>
    <translations>
      <translation>
        <author>Dr. Mustafa Khattab, the Clear Quran</author>
        <text>We certainly thought that humans and jinn would never speak lies about Allah.</text>
      </translation>
    </translations>
    <rules>[{"start": 4, "end": 7, "rule_id": 0}, {"start": 13, "end": 16, "rule_id": 0}, {"start": 52, "end": 55, "rule_id": 0}, {"start": 21, "end": 26, "rule_id": 5}, {"start": 26, "end": 30, "rule_id": 6}, {"start": 41, "end": 44, "rule_id": 6}]</rules>
  </verse>
  <verse>
    <verseIdArabic>٦</verseIdArabic>
    <verseId>6</verseId>
    <chapterId>72</chapterId>
    <textIndopak>وَأَنَّهُۥ كَانَ رِجَالٞ مِّنَ ٱلۡإِنسِ يَعُوذُونَ بِرِجَالٖ مِّنَ ٱلۡجِنِّ فَزَادُوهُمۡ رَهَقٗا</textIndopak>
    <translations>
      <translation>
        <author>Dr. Mustafa Khattab, the Clear Quran</author>
        <text>And some men used to seek refuge with some jinn—so they increased each other in wickedness.</text>
      </translation>
    </translations>
    <rules>[{"start": 4, "end": 7, "rule_id": 0}, {"start": 25, "end": 28, "rule_id": 0}, {"start": 61, "end": 64, "rule_id": 0}, {"start": 72, "end": 75, "rule_id": 0}, {"start": 22, "end": 28, "rule_id": 3}, {"start": 58, "end": 64, "rule_id": 3}, {"start": 36, "end": 39, "rule_id": 6}]</rules>
  </verse>
  <verse>
    <verseIdArabic>٧</verseIdArabic>
    <verseId>7</verseId>
    <chapterId>72</chapterId>
    <textIndopak>وَأَنَّهُمۡ ظَنُّواْ كَمَا ظَنَنتُمۡ أَن لَّن يَبۡعَثَ ٱللَّهُ أَحَدٗا</textIndopak>
    <translations>
      <translation>
        <author>Dr. Mustafa Khattab, the Clear Quran</author>
        <text>And those ˹humans˺ thought, just like you ˹jinn˺, that Allah would not resurrect anyone ˹for judgment˺.</text>
      </translation>
    </translations>
    <rules>[{"start": 4, "end": 7, "rule_id": 0}, {"start": 14, "end": 17, "rule_id": 0}, {"start": 48, "end": 50, "rule_id": 1}, {"start": 44, "end": 48, "rule_id": 3}, {"start": 39, "end": 44, "rule_id": 5}, {"start": 31, "end": 34, "rule_id": 6}]</rules>
  </verse>
  <verse>
    <verseIdArabic>٨</verseIdArabic>
    <verseId>8</verseId>
    <chapterId>72</chapterId>
    <textIndopak>وَأَنَّا لَمَسۡنَا ٱلسَّمَآءَ فَوَجَدۡنَٰهَا مُلِئَتۡ حَرَسٗا شَدِيدٗا وَشُهُبٗا</textIndopak>
    <translations>
      <translation>
        <author>Dr. Mustafa Khattab, the Clear Quran</author>
        <text>˹Earlier˺ we tried to reach heaven ˹for news˺, only to find it filled with stern guards and shooting stars.</text>
      </translation>
    </translations>
    <rules>[{"start": 4, "end": 7, "rule_id": 0}, {"start": 37, "end": 39, "rule_id": 1}, {"start": 68, "end": 74, "rule_id": 3}]</rules>
  </verse>
  <verse>
    <verseIdArabic>٩</verseIdArabic>
    <verseId>9</verseId>
    <chapterId>72</chapterId>
    <textIndopak>وَأَنَّا كُنَّا نَقۡعُدُ مِنۡهَا مَقَٰعِدَ لِلسَّمۡعِۖ فَمَن يَسۡتَمِعِ ٱلۡأٓنَ يَجِدۡ لَهُۥ شِهَابٗا رَّصَدٗا</textIndopak>
    <translations>
      <translation>
        <author>Dr. Mustafa Khattab, the Clear Quran</author>
        <text>We used to take up positions there for eavesdropping, but whoever dares eavesdrop now will find a flare lying in wait for them.</text>
      </translation>
    </translations>
    <rules>[{"start": 4, "end": 7, "rule_id": 0}, {"start": 11, "end": 14, "rule_id": 0}, {"start": 18, "end": 20, "rule_id": 1}, {"start": 86, "end": 88, "rule_id": 1}, {"start": 60, "end": 64, "rule_id": 3}, {"start": 100, "end": 107, "rule_id": 5}]</rules>
  </verse>
  <verse>
    <verseIdArabic>١٠</verseIdArabic>
    <verseId>10</verseId>
    <chapterId>72</chapterId>
    <textIndopak>وَأَنَّا لَا نَدۡرِيٓ أَشَرٌّ أُرِيدَ بِمَن فِي ٱلۡأَرۡضِ أَمۡ أَرَادَ بِهِمۡ رَبُّهُمۡ رَشَدٗا</textIndopak>
    <translations>
      <translation>
        <author>Dr. Mustafa Khattab, the Clear Quran</author>
        <text>Now, we have no clue whether evil is intended for those on earth, or their Lord intends for them what is right.</text>
      </translation>
    </translations>
    <rules>[{"start": 4, "end": 7, "rule_id": 0}, {"start": 15, "end": 17, "rule_id": 1}, {"start": 42, "end": 46, "rule_id": 6}]</rules>
  </verse>
  <verse>
    <verseIdArabic>١١</verseIdArabic>
    <verseId>11</verseId>
    <chapterId>72</chapterId>
    <textIndopak>وَأَنَّا مِنَّا ٱلصَّٰلِحُونَ وَمِنَّا دُونَ ذَٰلِكَۖ كُنَّا طَرَآئِقَ قِدَدٗا</textIndopak>
    <translations>
      <translation>
        <author>Dr. Mustafa Khattab, the Clear Quran</author>
        <text>Among us are those who are righteous and those who are less so. We have been of different factions.</text>
      </translation>
    </translations>
    <rules>[{"start": 4, "end": 7, "rule_id": 0}, {"start": 11, "end": 14, "rule_id": 0}, {"start": 34, "end": 37, "rule_id": 0}, {"start": 57, "end": 60, "rule_id": 0}]</rules>
  </verse>
  <verse>
    <verseIdArabic>١٢</verseIdArabic>
    <verseId>12</verseId>
    <chapterId>72</chapterId>
    <textIndopak>وَأَنَّا ظَنَنَّآ أَن لَّن نُّعۡجِزَ ٱللَّهَ فِي ٱلۡأَرۡضِ وَلَن نُّعۡجِزَهُۥ هَرَبٗا</textIndopak>
    <translations>
      <translation>
        <author>Dr. Mustafa Khattab, the Clear Quran</author>
        <text>˹Now,˺ we truly know that we cannot frustrate Allah on earth, nor can we escape from Him ˹into heaven˺.</text>
      </translation>
    </translations>
    <rules>[{"start": 4, "end": 7, "rule_id": 0}, {"start": 13, "end": 16, "rule_id": 0}, {"start": 28, "end": 31, "rule_id": 0}, {"start": 66, "end": 69, "rule_id": 0}, {"start": 26, "end": 31, "rule_id": 3}, {"start": 64, "end": 69, "rule_id": 3}, {"start": 21, "end": 26, "rule_id": 5}]</rules>
  </verse>
  <verse>
    <verseIdArabic>١٣</verseIdArabic>
    <verseId>13</verseId>
    <chapterId>72</chapterId>
    <textIndopak>وَأَنَّا لَمَّا سَمِعۡنَا ٱلۡهُدَىٰٓ ءَامَنَّا بِهِۦۖ فَمَن يُؤۡمِنۢ بِرَبِّهِۦ فَلَا يَخَافُ بَخۡسٗا وَلَا رَهَقٗا</textIndopak>
    <translations>
      <translation>
        <author>Dr. Mustafa Khattab, the Clear Quran</author>
        <text>When we heard the guidance ˹of the Quran˺, we ˹readily˺ believed in it. For whoever believes in their Lord will have no fear of being denied ˹a reward˺ or wronged.</text>
      </translation>
    </translations>
    <rules>[{"start": 4, "end": 7, "rule_id": 0}, {"start": 11, "end": 14, "rule_id": 0}, {"start": 42, "end": 45, "rule_id": 0}, {"start": 67, "end": 72, "rule_id": 2}, {"start": 59, "end": 63, "rule_id": 3}, {"start": 99, "end": 105, "rule_id": 3}]</rules>
  </verse>
  <verse>
    <verseIdArabic>١٤</verseIdArabic>
    <verseId>14</verseId>
    <chapterId>72</chapterId>
    <textIndopak>وَأَنَّا مِنَّا ٱلۡمُسۡلِمُونَ وَمِنَّا ٱلۡقَٰسِطُونَۖ فَمَنۡ أَسۡلَمَ فَأُوْلَٰٓئِكَ تَحَرَّوۡاْ رَشَدٗا</textIndopak>
    <translations>
      <translation>
        <author>Dr. Mustafa Khattab, the Clear Quran</author>
        <text>And among us are those who have submitted ˹to Allah˺ and those who are deviant. So ˹as for˺ those who submitted, it is they who have attained Right Guidance.</text>
      </translation>
    </translations>
    <rules>[{"start": 4, "end": 7, "rule_id": 0}, {"start": 11, "end": 14, "rule_id": 0}, {"start": 35, "end": 38, "rule_id": 0}]</rules>
  </verse>
  <verse>
    <verseIdArabic>١٥</verseIdArabic>
    <verseId>15</verseId>
    <chapterId>72</chapterId>
    <textIndopak>وَأَمَّا ٱلۡقَٰسِطُونَ فَكَانُواْ لِجَهَنَّمَ حَطَبٗا</textIndopak>
    <translations>
      <translation>
        <author>Dr. Mustafa Khattab, the Clear Quran</author>
        <text>And as for the deviant, they will be fuel for Hell.’”</text>
      </translation>
    </translations>
    <rules>[{"start": 4, "end": 7, "rule_id": 0}, {"start": 40, "end": 43, "rule_id": 0}]</rules>
  </verse>
  <verse>
    <verseIdArabic>١٦</verseIdArabic>
    <verseId>16</verseId>
    <chapterId>72</chapterId>
    <textIndopak>وَأَلَّوِ ٱسۡتَقَٰمُواْ عَلَى ٱلطَّرِيقَةِ لَأَسۡقَيۡنَٰهُم مَّآءً غَدَقٗا</textIndopak>
    <translations>
      <translation>
        <author>Dr. Mustafa Khattab, the Clear Quran</author>
        <text>Had the deniers followed the Right Way, We would have certainly granted them abundant rain to drink—</text>
      </translation>
    </translations>
    <rules>[{"start": 60, "end": 63, "rule_id": 0}, {"start": 58, "end": 63, "rule_id": 4}]</rules>
  </verse>
  <verse>
    <verseIdArabic>١٧</verseIdArabic>
    <verseId>17</verseId>
    <chapterId>72</chapterId>
    <textIndopak>لِّنَفۡتِنَهُمۡ فِيهِۚ وَمَن يُعۡرِضۡ عَن ذِكۡرِ رَبِّهِۦ يَسۡلُكۡهُ عَذَابٗا صَعَدٗا</textIndopak>
    <translations>
      <translation>
        <author>Dr. Mustafa Khattab, the Clear Quran</author>
        <text>as a test for them. And whoever turns away from the remembrance of their Lord will be admitted by Him into an overwhelming punishment.</text>
      </translation>
    </translations>
    <rules>[{"start": 28, "end": 32, "rule_id": 3}, {"start": 41, "end": 45, "rule_id": 6}]</rules>
  </verse>
  <verse>
    <verseIdArabic>١٨</verseIdArabic>
    <verseId>18</verseId>
    <chapterId>72</chapterId>
    <textIndopak>وَأَنَّ ٱلۡمَسَٰجِدَ لِلَّهِ فَلَا تَدۡعُواْ مَعَ ٱللَّهِ أَحَدٗا</textIndopak>
    <translations>
      <translation>
        <author>Dr. Mustafa Khattab, the Clear Quran</author>
        <text>The places of worship are ˹only˺ for Allah, so do not invoke anyone besides Him.</text>
      </translation>
    </translations>
    <rules>[{"start": 4, "end": 7, "rule_id": 0}, {"start": 37, "end": 39, "rule_id": 1}]</rules>
  </verse>
  <verse>
    <verseIdArabic>١٩</verseIdArabic>
    <verseId>19</verseId>
    <chapterId>72</chapterId>
    <textIndopak>وَأَنَّهُۥ لَمَّا قَامَ عَبۡدُ ٱللَّهِ يَدۡعُوهُ كَادُواْ يَكُونُونَ عَلَيۡهِ لِبَدٗا</textIndopak>
    <translations>
      <translation>
        <author>Dr. Mustafa Khattab, the Clear Quran</author>
        <text>Yet when the servant of Allah stood up calling upon Him ˹alone˺, the pagans almost swarmed over him.</text>
      </translation>
    </translations>
    <rules>[{"start": 4, "end": 7, "rule_id": 0}, {"start": 13, "end": 16, "rule_id": 0}, {"start": 26, "end": 28, "rule_id": 1}, {"start": 41, "end": 43, "rule_id": 1}]</rules>
  </verse>
  <verse>
    <verseIdArabic>٢٠</verseIdArabic>
    <verseId>20</verseId>
    <chapterId>72</chapterId>
    <textIndopak>قُلۡ إِنَّمَآ أَدۡعُواْ رَبِّي وَلَآ أُشۡرِكُ بِهِۦٓ أَحَدٗا</textIndopak>
    <translations>
      <translation>
        <author>Dr. Mustafa Khattab, the Clear Quran</author>
        <text>Say, ˹O Prophet,˺ “I call only upon my Lord, associating none with Him ˹in worship˺.”</text>
      </translation>
    </translations>
    <rules>[{"start": 7, "end": 10, "rule_id": 0}, {"start": 17, "end": 19, "rule_id": 1}]</rules>
  </verse>
  <verse>
    <verseIdArabic>٢١</verseIdArabic>
    <verseId>21</verseId>
    <chapterId>72</chapterId>
    <textIndopak>قُلۡ إِنِّي لَآ أَمۡلِكُ لَكُمۡ ضَرّٗا وَلَا رَشَدٗا</textIndopak>
    <translations>
      <translation>
        <author>Dr. Mustafa Khattab, the Clear Quran</author>
        <text>Say, “It is not in my power to harm or benefit you.”</text>
      </translation>
    </translations>
    <rules>[{"start": 7, "end": 10, "rule_id": 0}, {"start": 35, "end": 42, "rule_id": 3}]</rules>
  </verse>
  <verse>
    <verseIdArabic>٢٢</verseIdArabic>
    <verseId>22</verseId>
    <chapterId>72</chapterId>
    <textIndopak>قُلۡ إِنِّي لَن يُجِيرَنِي مِنَ ٱللَّهِ أَحَدٞ وَلَنۡ أَجِدَ مِن دُونِهِۦ مُلۡتَحَدًا</textIndopak>
    <translations>
      <translation>
        <author>Dr. Mustafa Khattab, the Clear Quran</author>
        <text>Say, “No one can protect me from Allah ˹if I were to disobey Him˺, nor can I find any refuge other than Him.</text>
      </translation>
    </translations>
    <rules>[{"start": 7, "end": 10, "rule_id": 0}, {"start": 14, "end": 18, "rule_id": 3}, {"start": 44, "end": 49, "rule_id": 3}, {"start": 63, "end": 67, "rule_id": 6}]</rules>
  </verse>
  <verse>
    <verseIdArabic>٢٣</verseIdArabic>
    <verseId>23</verseId>
    <chapterId>72</chapterId>
    <textIndopak>إِلَّا بَلَٰغٗا مِّنَ ٱللَّهِ وَرِسَٰلَٰتِهِۦۚ وَمَن يَعۡصِ ٱللَّهَ وَرَسُولَهُۥ فَإِنَّ لَهُۥ نَارَ جَهَنَّمَ خَٰلِدِينَ فِيهَآ أَبَدًا</textIndopak>
    <translations>
      <translation>
        <author>Dr. Mustafa Khattab, the Clear Quran</author>
        <text>˹My duty is˺ only to convey ˹the truth˺ from Allah and ˹deliver˺ His messages.” And whoever disobeys Allah and His Messenger will certainly be in the Fire of Hell, to stay there for ever and ever.</text>
      </translation>
    </translations>
    <rules>[{"start": 16, "end": 19, "rule_id": 0}, {"start": 86, "end": 89, "rule_id": 0}, {"start": 106, "end": 109, "rule_id": 0}, {"start": 52, "end": 56, "rule_id": 3}, {"start": 12, "end": 19, "rule_id": 3}]</rules>
  </verse>
  <verse>
    <verseIdArabic>٢٤</verseIdArabic>
    <verseId>24</verseId>
    <chapterId>72</chapterId>
    <textIndopak>حَتَّىٰٓ إِذَا رَأَوۡاْ مَا يُوعَدُونَ فَسَيَعۡلَمُونَ مَنۡ أَضۡعَفُ نَاصِرٗا وَأَقَلُّ عَدَدٗا</textIndopak>
    <translations>
      <translation>
        <author>Dr. Mustafa Khattab, the Clear Quran</author>
        <text>Only when they see what they have been threatened with will they know who is weaker in helpers and inferior in manpower.</text>
      </translation>
    </translations>
    <rules>[{"start": 74, "end": 80, "rule_id": 3}]</rules>
  </verse>
  <verse>
    <verseIdArabic>٢٥</verseIdArabic>
    <verseId>25</verseId>
    <chapterId>72</chapterId>
    <textIndopak>قُلۡ إِنۡ أَدۡرِيٓ أَقَرِيبٞ مَّا تُوعَدُونَ أَمۡ يَجۡعَلُ لَهُۥ رَبِّيٓ أَمَدًا</textIndopak>
    <translations>
      <translation>
        <author>Dr. Mustafa Khattab, the Clear Quran</author>
        <text>Say, “I do not know if what you are promised is near or my Lord has set a distant time for it.</text>
      </translation>
    </translations>
    <rules>[{"start": 29, "end": 32, "rule_id": 0}, {"start": 12, "end": 14, "rule_id": 1}, {"start": 52, "end": 54, "rule_id": 1}, {"start": 26, "end": 32, "rule_id": 3}]</rules>
  </verse>
  <verse>
    <verseIdArabic>٢٦</verseIdArabic>
    <verseId>26</verseId>
    <chapterId>72</chapterId>
    <textIndopak>عَٰلِمُ ٱلۡغَيۡبِ فَلَا يُظۡهِرُ عَلَىٰ غَيۡبِهِۦٓ أَحَدًا</textIndopak>
    <translations>
      <translation>
        <author>Dr. Mustafa Khattab, the Clear Quran</author>
        <text>˹He is the˺ Knower of the unseen, disclosing none of it to anyone,</text>
      </translation>
    </translations>
  </verse>
  <verse>
    <verseIdArabic>٢٧</verseIdArabic>
    <verseId>27</verseId>
    <chapterId>72</chapterId>
    <textIndopak>إِلَّا مَنِ ٱرۡتَضَىٰ مِن رَّسُولٖ فَإِنَّهُۥ يَسۡلُكُ مِنۢ بَيۡنِ يَدَيۡهِ وَمِنۡ خَلۡفِهِۦ رَصَدٗا</textIndopak>
    <translations>
      <translation>
        <author>Dr. Mustafa Khattab, the Clear Quran</author>
        <text>except messengers of His choice. Then He appoints angel-guards before and behind them</text>
      </translation>
    </translations>
    <rules>[{"start": 39, "end": 42, "rule_id": 0}, {"start": 57, "end": 62, "rule_id": 2}, {"start": 24, "end": 29, "rule_id": 5}, {"start": 32, "end": 37, "rule_id": 6}]</rules>
  </verse>
  <verse>
    <verseIdArabic>٢٨</verseIdArabic>
    <verseId>28</verseId>
    <chapterId>72</chapterId>
    <textIndopak>لِّيَعۡلَمَ أَن قَدۡ أَبۡلَغُواْ رِسَٰلَٰتِ رَبِّهِمۡ وَأَحَاطَ بِمَا لَدَيۡهِمۡ وَأَحۡصَىٰ كُلَّ شَيۡءٍ عَدَدَۢا</textIndopak>
    <translations>
      <translation>
        <author>Dr. Mustafa Khattab, the Clear Quran</author>
        <text>to ensure that the messengers fully deliver the messages of their Lord—though He ˹already˺ knows all about them, and keeps account of everything.”</text>
      </translation>
    </translations>
    <rules>[{"start": 18, "end": 20, "rule_id": 1}, {"start": 23, "end": 25, "rule_id": 1}, {"start": 14, "end": 18, "rule_id": 6}]</rules>
  </verse>
</verses>
