<?xml version="1.0" encoding="UTF-8"?>

<verses>
  <verse>
    <verseIdArabic>١</verseIdArabic>
    <verseId>1</verseId>
    <chapterId>74</chapterId>
    <textIndopak>يَٰٓأَيُّهَا ٱلۡمُدَّثِّرُ</textIndopak>
    <translations>
      <translation>
        <author>Dr. Mustafa Khattab, the Clear Quran</author>
        <text>O you covered up ˹in your clothes˺!</text>
      </translation>
    </translations>
  </verse>
  <verse>
    <verseIdArabic>٢</verseIdArabic>
    <verseId>2</verseId>
    <chapterId>74</chapterId>
    <textIndopak>قُمۡ فَأَنذِرۡ</textIndopak>
    <translations>
      <translation>
        <author>Dr. Mustafa Khattab, the Clear Quran</author>
        <text>Arise and warn ˹all˺.</text>
      </translation>
    </translations>
    <rules>[{"start": 9, "end": 12, "rule_id": 6}]</rules>
  </verse>
  <verse>
    <verseIdArabic>٣</verseIdArabic>
    <verseId>3</verseId>
    <chapterId>74</chapterId>
    <textIndopak>وَرَبَّكَ فَكَبِّرۡ</textIndopak>
    <translations>
      <translation>
        <author>Dr. Mustafa Khattab, the Clear Quran</author>
        <text>Revere your Lord ˹alone˺.</text>
      </translation>
    </translations>
  </verse>
  <verse>
    <verseIdArabic>٤</verseIdArabic>
    <verseId>4</verseId>
    <chapterId>74</chapterId>
    <textIndopak>وَثِيَابَكَ فَطَهِّرۡ</textIndopak>
    <translations>
      <translation>
        <author>Dr. Mustafa Khattab, the Clear Quran</author>
        <text>Purify your garments.</text>
      </translation>
    </translations>
  </verse>
  <verse>
    <verseIdArabic>٥</verseIdArabic>
    <verseId>5</verseId>
    <chapterId>74</chapterId>
    <textIndopak>وَٱلرُّجۡزَ فَٱهۡجُرۡ</textIndopak>
    <translations>
      <translation>
        <author>Dr. Mustafa Khattab, the Clear Quran</author>
        <text>˹Continue to˺ shun idols.</text>
      </translation>
    </translations>
    <rules>[{"start": 7, "end": 9, "rule_id": 1}]</rules>
  </verse>
  <verse>
    <verseIdArabic>٦</verseIdArabic>
    <verseId>6</verseId>
    <chapterId>74</chapterId>
    <textIndopak>وَلَا تَمۡنُن تَسۡتَكۡثِرُ</textIndopak>
    <translations>
      <translation>
        <author>Dr. Mustafa Khattab, the Clear Quran</author>
        <text>Do not do a favour expecting more ˹in return˺.</text>
      </translation>
    </translations>
    <rules>[{"start": 12, "end": 16, "rule_id": 6}]</rules>
  </verse>
  <verse>
    <verseIdArabic>٧</verseIdArabic>
    <verseId>7</verseId>
    <chapterId>74</chapterId>
    <textIndopak>وَلِرَبِّكَ فَٱصۡبِرۡ</textIndopak>
    <translations>
      <translation>
        <author>Dr. Mustafa Khattab, the Clear Quran</author>
        <text>And persevere for ˹the sake of˺ your Lord.</text>
      </translation>
    </translations>
  </verse>
  <verse>
    <verseIdArabic>٨</verseIdArabic>
    <verseId>8</verseId>
    <chapterId>74</chapterId>
    <textIndopak>فَإِذَا نُقِرَ فِي ٱلنَّاقُورِ</textIndopak>
    <translations>
      <translation>
        <author>Dr. Mustafa Khattab, the Clear Quran</author>
        <text>˹For˺ when the Trumpet will be sounded,</text>
      </translation>
    </translations>
    <rules>[{"start": 21, "end": 24, "rule_id": 0}]</rules>
  </verse>
  <verse>
    <verseIdArabic>٩</verseIdArabic>
    <verseId>9</verseId>
    <chapterId>74</chapterId>
    <textIndopak>فَذَٰلِكَ يَوۡمَئِذٖ يَوۡمٌ عَسِيرٌ</textIndopak>
    <translations>
      <translation>
        <author>Dr. Mustafa Khattab, the Clear Quran</author>
        <text>that will ˹truly˺ be a difficult Day—</text>
      </translation>
    </translations>
    <rules>[{"start": 18, "end": 23, "rule_id": 3}]</rules>
  </verse>
  <verse>
    <verseIdArabic>١٠</verseIdArabic>
    <verseId>10</verseId>
    <chapterId>74</chapterId>
    <textIndopak>عَلَى ٱلۡكَٰفِرِينَ غَيۡرُ يَسِيرٖ</textIndopak>
    <translations>
      <translation>
        <author>Dr. Mustafa Khattab, the Clear Quran</author>
        <text>far from easy for the disbelievers.</text>
      </translation>
    </translations>
  </verse>
  <verse>
    <verseIdArabic>١١</verseIdArabic>
    <verseId>11</verseId>
    <chapterId>74</chapterId>
    <textIndopak>ذَرۡنِي وَمَنۡ خَلَقۡتُ وَحِيدٗا</textIndopak>
    <translations>
      <translation>
        <author>Dr. Mustafa Khattab, the Clear Quran</author>
        <text>And leave to me ˹O Prophet˺ the one I created all by Myself,</text>
      </translation>
    </translations>
    <rules>[{"start": 19, "end": 21, "rule_id": 1}]</rules>
  </verse>
  <verse>
    <verseIdArabic>١٢</verseIdArabic>
    <verseId>12</verseId>
    <chapterId>74</chapterId>
    <textIndopak>وَجَعَلۡتُ لَهُۥ مَالٗا مَّمۡدُودٗا</textIndopak>
    <translations>
      <translation>
        <author>Dr. Mustafa Khattab, the Clear Quran</author>
        <text>and granted him abundant wealth,</text>
      </translation>
    </translations>
    <rules>[{"start": 24, "end": 27, "rule_id": 0}, {"start": 20, "end": 27, "rule_id": 3}]</rules>
  </verse>
  <verse>
    <verseIdArabic>١٣</verseIdArabic>
    <verseId>13</verseId>
    <chapterId>74</chapterId>
    <textIndopak>وَبَنِينَ شُهُودٗا</textIndopak>
    <translations>
      <translation>
        <author>Dr. Mustafa Khattab, the Clear Quran</author>
        <text>and children always by his side,</text>
      </translation>
    </translations>
  </verse>
  <verse>
    <verseIdArabic>١٤</verseIdArabic>
    <verseId>14</verseId>
    <chapterId>74</chapterId>
    <textIndopak>وَمَهَّدتُّ لَهُۥ تَمۡهِيدٗا</textIndopak>
    <translations>
      <translation>
        <author>Dr. Mustafa Khattab, the Clear Quran</author>
        <text>and made life very easy for him.</text>
      </translation>
    </translations>
  </verse>
  <verse>
    <verseIdArabic>١٥</verseIdArabic>
    <verseId>15</verseId>
    <chapterId>74</chapterId>
    <textIndopak>ثُمَّ يَطۡمَعُ أَنۡ أَزِيدَ</textIndopak>
    <translations>
      <translation>
        <author>Dr. Mustafa Khattab, the Clear Quran</author>
        <text>Yet he is hungry for more.</text>
      </translation>
    </translations>
    <rules>[{"start": 2, "end": 5, "rule_id": 0}, {"start": 8, "end": 10, "rule_id": 1}, {"start": 25, "end": 27, "rule_id": 1}]</rules>
  </verse>
  <verse>
    <verseIdArabic>١٦</verseIdArabic>
    <verseId>16</verseId>
    <chapterId>74</chapterId>
    <textIndopak>كـَلَّآۖ إِنَّهُۥ كَانَ لِأٓيَٰتِنَا عَنِيدٗا</textIndopak>
    <translations>
      <translation>
        <author>Dr. Mustafa Khattab, the Clear Quran</author>
        <text>But no! ˹For˺ he has been truly stubborn with Our revelations.</text>
      </translation>
    </translations>
    <rules>[{"start": 12, "end": 15, "rule_id": 0}]</rules>
  </verse>
  <verse>
    <verseIdArabic>١٧</verseIdArabic>
    <verseId>17</verseId>
    <chapterId>74</chapterId>
    <textIndopak>سَأُرۡهِقُهُۥ صَعُودًا</textIndopak>
    <translations>
      <translation>
        <author>Dr. Mustafa Khattab, the Clear Quran</author>
        <text>I will make his fate unbearable,</text>
      </translation>
    </translations>
  </verse>
  <verse>
    <verseIdArabic>١٨</verseIdArabic>
    <verseId>18</verseId>
    <chapterId>74</chapterId>
    <textIndopak>إِنَّهُۥ فَكَّرَ وَقَدَّرَ</textIndopak>
    <translations>
      <translation>
        <author>Dr. Mustafa Khattab, the Clear Quran</author>
        <text>for he contemplated and determined ˹a degrading label for the Quran˺.</text>
      </translation>
    </translations>
    <rules>[{"start": 2, "end": 5, "rule_id": 0}]</rules>
  </verse>
  <verse>
    <verseIdArabic>١٩</verseIdArabic>
    <verseId>19</verseId>
    <chapterId>74</chapterId>
    <textIndopak>فَقُتِلَ كَيۡفَ قَدَّرَ</textIndopak>
    <translations>
      <translation>
        <author>Dr. Mustafa Khattab, the Clear Quran</author>
        <text>May he be condemned! How evil was what he determined!</text>
      </translation>
    </translations>
  </verse>
  <verse>
    <verseIdArabic>٢٠</verseIdArabic>
    <verseId>20</verseId>
    <chapterId>74</chapterId>
    <textIndopak>ثُمَّ قُتِلَ كَيۡفَ قَدَّرَ</textIndopak>
    <translations>
      <translation>
        <author>Dr. Mustafa Khattab, the Clear Quran</author>
        <text>May he be condemned even more! How evil was what he determined!</text>
      </translation>
    </translations>
    <rules>[{"start": 2, "end": 5, "rule_id": 0}]</rules>
  </verse>
  <verse>
    <verseIdArabic>٢١</verseIdArabic>
    <verseId>21</verseId>
    <chapterId>74</chapterId>
    <textIndopak>ثُمَّ نَظَرَ</textIndopak>
    <translations>
      <translation>
        <author>Dr. Mustafa Khattab, the Clear Quran</author>
        <text>Then he re-contemplated ˹in frustration˺,</text>
      </translation>
    </translations>
    <rules>[{"start": 2, "end": 5, "rule_id": 0}]</rules>
  </verse>
  <verse>
    <verseIdArabic>٢٢</verseIdArabic>
    <verseId>22</verseId>
    <chapterId>74</chapterId>
    <textIndopak>ثُمَّ عَبَسَ وَبَسَرَ</textIndopak>
    <translations>
      <translation>
        <author>Dr. Mustafa Khattab, the Clear Quran</author>
        <text>then frowned and scowled,</text>
      </translation>
    </translations>
    <rules>[{"start": 2, "end": 5, "rule_id": 0}]</rules>
  </verse>
  <verse>
    <verseIdArabic>٢٣</verseIdArabic>
    <verseId>23</verseId>
    <chapterId>74</chapterId>
    <textIndopak>ثُمَّ أَدۡبَرَ وَٱسۡتَكۡبَرَ</textIndopak>
    <translations>
      <translation>
        <author>Dr. Mustafa Khattab, the Clear Quran</author>
        <text>then turned his back ˹on the truth˺ and acted arrogantly,</text>
      </translation>
    </translations>
    <rules>[{"start": 2, "end": 5, "rule_id": 0}, {"start": 8, "end": 10, "rule_id": 1}]</rules>
  </verse>
  <verse>
    <verseIdArabic>٢٤</verseIdArabic>
    <verseId>24</verseId>
    <chapterId>74</chapterId>
    <textIndopak>فَقَالَ إِنۡ هَٰذَآ إِلَّا سِحۡرٞ يُؤۡثَرُ</textIndopak>
    <translations>
      <translation>
        <author>Dr. Mustafa Khattab, the Clear Quran</author>
        <text>saying, “This ˹Quran˺ is nothing but magic from the ancients.</text>
      </translation>
    </translations>
    <rules>[{"start": 32, "end": 37, "rule_id": 3}]</rules>
  </verse>
  <verse>
    <verseIdArabic>٢٥</verseIdArabic>
    <verseId>25</verseId>
    <chapterId>74</chapterId>
    <textIndopak>إِنۡ هَٰذَآ إِلَّا قَوۡلُ ٱلۡبَشَرِ</textIndopak>
    <translations>
      <translation>
        <author>Dr. Mustafa Khattab, the Clear Quran</author>
        <text>This is no more than the word of a man.”</text>
      </translation>
    </translations>
  </verse>
  <verse>
    <verseIdArabic>٢٦</verseIdArabic>
    <verseId>26</verseId>
    <chapterId>74</chapterId>
    <textIndopak>سَأُصۡلِيهِ سَقَرَ</textIndopak>
    <translations>
      <translation>
        <author>Dr. Mustafa Khattab, the Clear Quran</author>
        <text>Soon I will burn him in Hell!</text>
      </translation>
    </translations>
  </verse>
  <verse>
    <verseIdArabic>٢٧</verseIdArabic>
    <verseId>27</verseId>
    <chapterId>74</chapterId>
    <textIndopak>وَمَآ أَدۡرَىٰكَ مَا سَقَرُ</textIndopak>
    <translations>
      <translation>
        <author>Dr. Mustafa Khattab, the Clear Quran</author>
        <text>And what will make you realize what Hell is?</text>
      </translation>
    </translations>
    <rules>[{"start": 9, "end": 11, "rule_id": 1}]</rules>
  </verse>
  <verse>
    <verseIdArabic>٢٨</verseIdArabic>
    <verseId>28</verseId>
    <chapterId>74</chapterId>
    <textIndopak>لَا تُبۡقِي وَلَا تَذَرُ</textIndopak>
    <translations>
      <translation>
        <author>Dr. Mustafa Khattab, the Clear Quran</author>
        <text>It does not let anyone live or die,</text>
      </translation>
    </translations>
    <rules>[{"start": 6, "end": 8, "rule_id": 1}]</rules>
  </verse>
  <verse>
    <verseIdArabic>٢٩</verseIdArabic>
    <verseId>29</verseId>
    <chapterId>74</chapterId>
    <textIndopak>لَوَّاحَةٞ لِّلۡبَشَرِ</textIndopak>
    <translations>
      <translation>
        <author>Dr. Mustafa Khattab, the Clear Quran</author>
        <text>scorching the skin.</text>
      </translation>
    </translations>
    <rules>[{"start": 8, "end": 14, "rule_id": 5}]</rules>
  </verse>
  <verse>
    <verseIdArabic>٣٠</verseIdArabic>
    <verseId>30</verseId>
    <chapterId>74</chapterId>
    <textIndopak>عَلَيۡهَا تِسۡعَةَ عَشَرَ</textIndopak>
    <translations>
      <translation>
        <author>Dr. Mustafa Khattab, the Clear Quran</author>
        <text>It is overseen by nineteen ˹keepers˺.</text>
      </translation>
    </translations>
  </verse>
  <verse>
    <verseIdArabic>٣١</verseIdArabic>
    <verseId>31</verseId>
    <chapterId>74</chapterId>
    <textIndopak>وَمَا جَعَلۡنَآ أَصۡحَٰبَ ٱلنَّارِ إِلَّا مَلَٰٓئِكَةٗۖ وَمَا جَعَلۡنَا عِدَّتَهُمۡ إِلَّا فِتۡنَةٗ لِّلَّذِينَ كَفَرُواْ لِيَسۡتَيۡقِنَ ٱلَّذِينَ أُوتُواْ ٱلۡكِتَٰبَ وَيَزۡدَادَ ٱلَّذِينَ ءَامَنُوٓاْ إِيمَٰنٗا وَلَا يَرۡتَابَ ٱلَّذِينَ أُوتُواْ ٱلۡكِتَٰبَ وَٱلۡمُؤۡمِنُونَ وَلِيَقُولَ ٱلَّذِينَ فِي قُلُوبِهِم مَّرَضٞ وَٱلۡكَٰفِرُونَ مَاذَآ أَرَادَ ٱللَّهُ بِهَٰذَا مَثَلٗاۚ كَذَٰلِكَ يُضِلُّ ٱللَّهُ مَن يَشَآءُ وَيَهۡدِي مَن يَشَآءُۚ وَمَا يَعۡلَمُ جُنُودَ رَبِّكَ إِلَّا هُوَۚ وَمَا هِيَ إِلَّا ذِكۡرَىٰ لِلۡبَشَرِ</textIndopak>
    <translations>
      <translation>
        <author>Dr. Mustafa Khattab, the Clear Quran</author>
        <text>We have appointed only ˹stern˺ angels as wardens of the Fire. And We have made their number only as a test for the disbelievers, so that the People of the Book will be certain, and the believers will increase in faith, and neither the People of the Book nor the believers will have any doubts, and so that those ˹hypocrites˺ with sickness in their hearts and the disbelievers will argue, “What does Allah mean by such a number?” In this way Allah leaves whoever He wills to stray and guides whoever He wills. And none knows the forces of your Lord except He. And this ˹description of Hell˺ is only a reminder to humanity.</text>
      </translation>
    </translations>
    <rules>[{"start": 29, "end": 32, "rule_id": 0}, {"start": 317, "end": 320, "rule_id": 0}, {"start": 412, "end": 416, "rule_id": 3}, {"start": 435, "end": 439, "rule_id": 3}, {"start": 322, "end": 327, "rule_id": 3}, {"start": 315, "end": 320, "rule_id": 4}, {"start": 99, "end": 105, "rule_id": 5}]</rules>
  </verse>
  <verse>
    <verseIdArabic>٣٢</verseIdArabic>
    <verseId>32</verseId>
    <chapterId>74</chapterId>
    <textIndopak>كـَلَّا وَٱلۡقَمَرِ</textIndopak>
    <translations>
      <translation>
        <author>Dr. Mustafa Khattab, the Clear Quran</author>
        <text>But no! By the moon,</text>
      </translation>
    </translations>
  </verse>
  <verse>
    <verseIdArabic>٣٣</verseIdArabic>
    <verseId>33</verseId>
    <chapterId>74</chapterId>
    <textIndopak>وَٱلَّيۡلِ إِذۡ أَدۡبَرَ</textIndopak>
    <translations>
      <translation>
        <author>Dr. Mustafa Khattab, the Clear Quran</author>
        <text>and the night as it retreats,</text>
      </translation>
    </translations>
    <rules>[{"start": 18, "end": 20, "rule_id": 1}]</rules>
  </verse>
  <verse>
    <verseIdArabic>٣٤</verseIdArabic>
    <verseId>34</verseId>
    <chapterId>74</chapterId>
    <textIndopak>وَٱلصُّبۡحِ إِذَآ أَسۡفَرَ</textIndopak>
    <translations>
      <translation>
        <author>Dr. Mustafa Khattab, the Clear Quran</author>
        <text>and the day as it breaks!</text>
      </translation>
    </translations>
    <rules>[{"start": 7, "end": 9, "rule_id": 1}]</rules>
  </verse>
  <verse>
    <verseIdArabic>٣٥</verseIdArabic>
    <verseId>35</verseId>
    <chapterId>74</chapterId>
    <textIndopak>إِنَّهَا لَإِحۡدَى ٱلۡكُبَرِ</textIndopak>
    <translations>
      <translation>
        <author>Dr. Mustafa Khattab, the Clear Quran</author>
        <text>Surely Hell is one of the mightiest catastrophes—</text>
      </translation>
    </translations>
    <rules>[{"start": 2, "end": 5, "rule_id": 0}]</rules>
  </verse>
  <verse>
    <verseIdArabic>٣٦</verseIdArabic>
    <verseId>36</verseId>
    <chapterId>74</chapterId>
    <textIndopak>نَذِيرٗا لِّلۡبَشَرِ</textIndopak>
    <translations>
      <translation>
        <author>Dr. Mustafa Khattab, the Clear Quran</author>
        <text>a warning to humankind,</text>
      </translation>
    </translations>
    <rules>[{"start": 5, "end": 12, "rule_id": 5}]</rules>
  </verse>
  <verse>
    <verseIdArabic>٣٧</verseIdArabic>
    <verseId>37</verseId>
    <chapterId>74</chapterId>
    <textIndopak>لِمَن شَآءَ مِنكُمۡ أَن يَتَقَدَّمَ أَوۡ يَتَأَخَّرَ</textIndopak>
    <translations>
      <translation>
        <author>Dr. Mustafa Khattab, the Clear Quran</author>
        <text>to whichever of you chooses to take the lead or lag behind.</text>
      </translation>
    </translations>
    <rules>[{"start": 23, "end": 27, "rule_id": 3}, {"start": 4, "end": 8, "rule_id": 6}, {"start": 15, "end": 18, "rule_id": 6}]</rules>
  </verse>
  <verse>
    <verseIdArabic>٣٨</verseIdArabic>
    <verseId>38</verseId>
    <chapterId>74</chapterId>
    <textIndopak>كُلُّ نَفۡسِۭ بِمَا كَسَبَتۡ رَهِينَةٌ</textIndopak>
    <translations>
      <translation>
        <author>Dr. Mustafa Khattab, the Clear Quran</author>
        <text>Every soul will be detained for what it has done,</text>
      </translation>
    </translations>
    <rules>[{"start": 10, "end": 16, "rule_id": 2}]</rules>
  </verse>
  <verse>
    <verseIdArabic>٣٩</verseIdArabic>
    <verseId>39</verseId>
    <chapterId>74</chapterId>
    <textIndopak>إِلَّآ أَصۡحَٰبَ ٱلۡيَمِينِ</textIndopak>
    <translations>
      <translation>
        <author>Dr. Mustafa Khattab, the Clear Quran</author>
        <text>except the people of the right,</text>
      </translation>
    </translations>
  </verse>
  <verse>
    <verseIdArabic>٤٠</verseIdArabic>
    <verseId>40</verseId>
    <chapterId>74</chapterId>
    <textIndopak>فِي جَنَّٰتٖ يَتَسَآءَلُونَ</textIndopak>
    <translations>
      <translation>
        <author>Dr. Mustafa Khattab, the Clear Quran</author>
        <text>who will be in Gardens, asking one another</text>
      </translation>
    </translations>
    <rules>[{"start": 6, "end": 10, "rule_id": 0}, {"start": 10, "end": 15, "rule_id": 3}]</rules>
  </verse>
  <verse>
    <verseIdArabic>٤١</verseIdArabic>
    <verseId>41</verseId>
    <chapterId>74</chapterId>
    <textIndopak>عَنِ ٱلۡمُجۡرِمِينَ</textIndopak>
    <translations>
      <translation>
        <author>Dr. Mustafa Khattab, the Clear Quran</author>
        <text>about the wicked ˹who will then be asked˺:</text>
      </translation>
    </translations>
    <rules>[{"start": 10, "end": 12, "rule_id": 1}]</rules>
  </verse>
  <verse>
    <verseIdArabic>٤٢</verseIdArabic>
    <verseId>42</verseId>
    <chapterId>74</chapterId>
    <textIndopak>مَا سَلَكَكُمۡ فِي سَقَرَ</textIndopak>
    <translations>
      <translation>
        <author>Dr. Mustafa Khattab, the Clear Quran</author>
        <text>“What has landed you in Hell?”</text>
      </translation>
    </translations>
  </verse>
  <verse>
    <verseIdArabic>٤٣</verseIdArabic>
    <verseId>43</verseId>
    <chapterId>74</chapterId>
    <textIndopak>قَالُواْ لَمۡ نَكُ مِنَ ٱلۡمُصَلِّينَ</textIndopak>
    <translations>
      <translation>
        <author>Dr. Mustafa Khattab, the Clear Quran</author>
        <text>They will reply, “We were not of those who prayed,</text>
      </translation>
    </translations>
  </verse>
  <verse>
    <verseIdArabic>٤٤</verseIdArabic>
    <verseId>44</verseId>
    <chapterId>74</chapterId>
    <textIndopak>وَلَمۡ نَكُ نُطۡعِمُ ٱلۡمِسۡكِينَ</textIndopak>
    <translations>
      <translation>
        <author>Dr. Mustafa Khattab, the Clear Quran</author>
        <text>nor did we feed the poor.</text>
      </translation>
    </translations>
    <rules>[{"start": 14, "end": 16, "rule_id": 1}]</rules>
  </verse>
  <verse>
    <verseIdArabic>٤٥</verseIdArabic>
    <verseId>45</verseId>
    <chapterId>74</chapterId>
    <textIndopak>وَكُنَّا نَخُوضُ مَعَ ٱلۡخَآئِضِينَ</textIndopak>
    <translations>
      <translation>
        <author>Dr. Mustafa Khattab, the Clear Quran</author>
        <text>We used to indulge ˹in falsehood˺ along with others,</text>
      </translation>
    </translations>
    <rules>[{"start": 4, "end": 7, "rule_id": 0}]</rules>
  </verse>
  <verse>
    <verseIdArabic>٤٦</verseIdArabic>
    <verseId>46</verseId>
    <chapterId>74</chapterId>
    <textIndopak>وَكُنَّا نُكَذِّبُ بِيَوۡمِ ٱلدِّينِ</textIndopak>
    <translations>
      <translation>
        <author>Dr. Mustafa Khattab, the Clear Quran</author>
        <text>and deny the Day of Judgment,</text>
      </translation>
    </translations>
    <rules>[{"start": 4, "end": 7, "rule_id": 0}]</rules>
  </verse>
  <verse>
    <verseIdArabic>٤٧</verseIdArabic>
    <verseId>47</verseId>
    <chapterId>74</chapterId>
    <textIndopak>حَتَّىٰٓ أَتَىٰنَا ٱلۡيَقِينُ</textIndopak>
    <translations>
      <translation>
        <author>Dr. Mustafa Khattab, the Clear Quran</author>
        <text>until the inevitable came to us.”</text>
      </translation>
    </translations>
  </verse>
  <verse>
    <verseIdArabic>٤٨</verseIdArabic>
    <verseId>48</verseId>
    <chapterId>74</chapterId>
    <textIndopak>فَمَا تَنفَعُهُمۡ شَفَٰعَةُ ٱلشَّٰفِعِينَ</textIndopak>
    <translations>
      <translation>
        <author>Dr. Mustafa Khattab, the Clear Quran</author>
        <text>So the pleas of intercessors will be of no benefit to them.</text>
      </translation>
    </translations>
    <rules>[{"start": 8, "end": 11, "rule_id": 6}]</rules>
  </verse>
  <verse>
    <verseIdArabic>٤٩</verseIdArabic>
    <verseId>49</verseId>
    <chapterId>74</chapterId>
    <textIndopak>فَمَا لَهُمۡ عَنِ ٱلتَّذۡكِرَةِ مُعۡرِضِينَ</textIndopak>
    <translations>
      <translation>
        <author>Dr. Mustafa Khattab, the Clear Quran</author>
        <text>Now, what is the matter with them that they are turning away from the reminder,</text>
      </translation>
    </translations>
  </verse>
  <verse>
    <verseIdArabic>٥٠</verseIdArabic>
    <verseId>50</verseId>
    <chapterId>74</chapterId>
    <textIndopak>كَأَنَّهُمۡ حُمُرٞ مُّسۡتَنفِرَةٞ</textIndopak>
    <translations>
      <translation>
        <author>Dr. Mustafa Khattab, the Clear Quran</author>
        <text>as if they were spooked zebras</text>
      </translation>
    </translations>
    <rules>[{"start": 4, "end": 7, "rule_id": 0}, {"start": 19, "end": 22, "rule_id": 0}, {"start": 16, "end": 22, "rule_id": 3}, {"start": 26, "end": 29, "rule_id": 6}]</rules>
  </verse>
  <verse>
    <verseIdArabic>٥١</verseIdArabic>
    <verseId>51</verseId>
    <chapterId>74</chapterId>
    <textIndopak>فَرَّتۡ مِن قَسۡوَرَةِۭ</textIndopak>
    <translations>
      <translation>
        <author>Dr. Mustafa Khattab, the Clear Quran</author>
        <text>fleeing from a lion?</text>
      </translation>
    </translations>
    <rules>[{"start": 10, "end": 14, "rule_id": 6}]</rules>
  </verse>
  <verse>
    <verseIdArabic>٥٢</verseIdArabic>
    <verseId>52</verseId>
    <chapterId>74</chapterId>
    <textIndopak>بَلۡ يُرِيدُ كُلُّ ٱمۡرِيٕٖ مِّنۡهُمۡ أَن يُؤۡتَىٰ صُحُفٗا مُّنَشَّرَةٗ</textIndopak>
    <translations>
      <translation>
        <author>Dr. Mustafa Khattab, the Clear Quran</author>
        <text>In fact, each one of them wishes to be given a ˹personal˺ letter ˹from Allah˺ for all ˹to read˺.</text>
      </translation>
    </translations>
    <rules>[{"start": 27, "end": 30, "rule_id": 0}, {"start": 58, "end": 61, "rule_id": 0}, {"start": 39, "end": 43, "rule_id": 3}, {"start": 24, "end": 30, "rule_id": 3}, {"start": 54, "end": 61, "rule_id": 3}]</rules>
  </verse>
  <verse>
    <verseIdArabic>٥٣</verseIdArabic>
    <verseId>53</verseId>
    <chapterId>74</chapterId>
    <textIndopak>كـَلَّاۖ بَل لَّا يَخَافُونَ ٱلۡأٓخِرَةَ</textIndopak>
    <translations>
      <translation>
        <author>Dr. Mustafa Khattab, the Clear Quran</author>
        <text>But no! In fact, they do not fear the Hereafter.</text>
      </translation>
    </translations>
  </verse>
  <verse>
    <verseIdArabic>٥٤</verseIdArabic>
    <verseId>54</verseId>
    <chapterId>74</chapterId>
    <textIndopak>كـَلَّآ إِنَّهُۥ تَذۡكِرَةٞ</textIndopak>
    <translations>
      <translation>
        <author>Dr. Mustafa Khattab, the Clear Quran</author>
        <text>Enough! Surely this ˹Quran˺ is a reminder.</text>
      </translation>
    </translations>
    <rules>[{"start": 10, "end": 13, "rule_id": 0}]</rules>
  </verse>
  <verse>
    <verseIdArabic>٥٥</verseIdArabic>
    <verseId>55</verseId>
    <chapterId>74</chapterId>
    <textIndopak>فَمَن شَآءَ ذَكَرَهُۥ</textIndopak>
    <translations>
      <translation>
        <author>Dr. Mustafa Khattab, the Clear Quran</author>
        <text>So let whoever wills be mindful of it.</text>
      </translation>
    </translations>
    <rules>[{"start": 4, "end": 8, "rule_id": 6}]</rules>
  </verse>
  <verse>
    <verseIdArabic>٥٦</verseIdArabic>
    <verseId>56</verseId>
    <chapterId>74</chapterId>
    <textIndopak>وَمَا يَذۡكُرُونَ إِلَّآ أَن يَشَآءَ ٱللَّهُۚ هُوَ أَهۡلُ ٱلتَّقۡوَىٰ وَأَهۡلُ ٱلۡمَغۡفِرَةِ</textIndopak>
    <translations>
      <translation>
        <author>Dr. Mustafa Khattab, the Clear Quran</author>
        <text>But they cannot do so unless Allah wills. He ˹alone˺ is worthy to be feared and entitled to forgive.</text>
      </translation>
    </translations>
    <rules>[{"start": 66, "end": 68, "rule_id": 1}, {"start": 28, "end": 32, "rule_id": 3}]</rules>
  </verse>
</verses>
