<?xml version="1.0" encoding="UTF-8"?>

<verses>
  <verse>
    <verseIdArabic>١</verseIdArabic>
    <verseId>1</verseId>
    <chapterId>75</chapterId>
    <textIndopak>لَآ أُقۡسِمُ بِيَوۡمِ ٱلۡقِيَٰمَةِ</textIndopak>
    <translations>
      <translation>
        <author>Dr. Mustafa Khattab, the Clear Quran</author>
        <text>I do swear by the Day of Judgment!</text>
      </translation>
    </translations>
    <rules>[{"start": 7, "end": 9, "rule_id": 1}]</rules>
  </verse>
  <verse>
    <verseIdArabic>٢</verseIdArabic>
    <verseId>2</verseId>
    <chapterId>75</chapterId>
    <textIndopak>وَلَآ أُقۡسِمُ بِٱلنَّفۡسِ ٱللَّوَّامَةِ</textIndopak>
    <translations>
      <translation>
        <author>Dr. Mustafa Khattab, the Clear Quran</author>
        <text>And I do swear by the self-reproaching soul!</text>
      </translation>
    </translations>
    <rules>[{"start": 20, "end": 23, "rule_id": 0}, {"start": 9, "end": 11, "rule_id": 1}]</rules>
  </verse>
  <verse>
    <verseIdArabic>٣</verseIdArabic>
    <verseId>3</verseId>
    <chapterId>75</chapterId>
    <textIndopak>أَيَحۡسَبُ ٱلۡإِنسَٰنُ أَلَّن نَّجۡمَعَ عِظَامَهُۥ</textIndopak>
    <translations>
      <translation>
        <author>Dr. Mustafa Khattab, the Clear Quran</author>
        <text>Do people think We cannot reassemble their bones?</text>
      </translation>
    </translations>
    <rules>[{"start": 30, "end": 33, "rule_id": 0}, {"start": 33, "end": 35, "rule_id": 1}, {"start": 28, "end": 33, "rule_id": 3}, {"start": 16, "end": 20, "rule_id": 6}]</rules>
  </verse>
  <verse>
    <verseIdArabic>٤</verseIdArabic>
    <verseId>4</verseId>
    <chapterId>75</chapterId>
    <textIndopak>بَلَىٰ قَٰدِرِينَ عَلَىٰٓ أَن نُّسَوِّيَ بَنَانَهُۥ</textIndopak>
    <translations>
      <translation>
        <author>Dr. Mustafa Khattab, the Clear Quran</author>
        <text>Yes ˹indeed˺! We are ˹most˺ capable of restoring ˹even˺ their very fingertips.</text>
      </translation>
    </translations>
    <rules>[{"start": 30, "end": 33, "rule_id": 0}, {"start": 28, "end": 33, "rule_id": 3}]</rules>
  </verse>
  <verse>
    <verseIdArabic>٥</verseIdArabic>
    <verseId>5</verseId>
    <chapterId>75</chapterId>
    <textIndopak>بَلۡ يُرِيدُ ٱلۡإِنسَٰنُ لِيَفۡجُرَ أَمَامَهُۥ</textIndopak>
    <translations>
      <translation>
        <author>Dr. Mustafa Khattab, the Clear Quran</author>
        <text>Still people want to deny what is yet to come,</text>
      </translation>
    </translations>
    <rules>[{"start": 18, "end": 22, "rule_id": 6}]</rules>
  </verse>
  <verse>
    <verseIdArabic>٦</verseIdArabic>
    <verseId>6</verseId>
    <chapterId>75</chapterId>
    <textIndopak>يَسۡـَٔلُ أَيَّانَ يَوۡمُ ٱلۡقِيَٰمَةِ</textIndopak>
    <translations>
      <translation>
        <author>Dr. Mustafa Khattab, the Clear Quran</author>
        <text>asking ˹mockingly˺, “When is this Day of Judgment?”</text>
      </translation>
    </translations>
  </verse>
  <verse>
    <verseIdArabic>٧</verseIdArabic>
    <verseId>7</verseId>
    <chapterId>75</chapterId>
    <textIndopak>فَإِذَا بَرِقَ ٱلۡبَصَرُ</textIndopak>
    <translations>
      <translation>
        <author>Dr. Mustafa Khattab, the Clear Quran</author>
        <text>But when the sight is stunned,</text>
      </translation>
    </translations>
  </verse>
  <verse>
    <verseIdArabic>٨</verseIdArabic>
    <verseId>8</verseId>
    <chapterId>75</chapterId>
    <textIndopak>وَخَسَفَ ٱلۡقَمَرُ</textIndopak>
    <translations>
      <translation>
        <author>Dr. Mustafa Khattab, the Clear Quran</author>
        <text>and the moon is dimmed,</text>
      </translation>
    </translations>
  </verse>
  <verse>
    <verseIdArabic>٩</verseIdArabic>
    <verseId>9</verseId>
    <chapterId>75</chapterId>
    <textIndopak>وَجُمِعَ ٱلشَّمۡسُ وَٱلۡقَمَرُ</textIndopak>
    <translations>
      <translation>
        <author>Dr. Mustafa Khattab, the Clear Quran</author>
        <text>and the sun and the moon are brought together,</text>
      </translation>
    </translations>
  </verse>
  <verse>
    <verseIdArabic>١٠</verseIdArabic>
    <verseId>10</verseId>
    <chapterId>75</chapterId>
    <textIndopak>يَقُولُ ٱلۡإِنسَٰنُ يَوۡمَئِذٍ أَيۡنَ ٱلۡمَفَرُّ</textIndopak>
    <translations>
      <translation>
        <author>Dr. Mustafa Khattab, the Clear Quran</author>
        <text>on that Day one will cry, “Where is the escape?”</text>
      </translation>
    </translations>
    <rules>[{"start": 13, "end": 17, "rule_id": 6}]</rules>
  </verse>
  <verse>
    <verseIdArabic>١١</verseIdArabic>
    <verseId>11</verseId>
    <chapterId>75</chapterId>
    <textIndopak>كـَلَّا لَا وَزَرَ</textIndopak>
    <translations>
      <translation>
        <author>Dr. Mustafa Khattab, the Clear Quran</author>
        <text>But no! There will be no refuge.</text>
      </translation>
    </translations>
  </verse>
  <verse>
    <verseIdArabic>١٢</verseIdArabic>
    <verseId>12</verseId>
    <chapterId>75</chapterId>
    <textIndopak>إِلَىٰ رَبِّكَ يَوۡمَئِذٍ ٱلۡمُسۡتَقَرُّ</textIndopak>
    <translations>
      <translation>
        <author>Dr. Mustafa Khattab, the Clear Quran</author>
        <text>On that Day all will end up before your Lord.</text>
      </translation>
    </translations>
  </verse>
  <verse>
    <verseIdArabic>١٣</verseIdArabic>
    <verseId>13</verseId>
    <chapterId>75</chapterId>
    <textIndopak>يُنَبَّؤُاْ ٱلۡإِنسَٰنُ يَوۡمَئِذِۭ بِمَا قَدَّمَ وَأَخَّرَ</textIndopak>
    <translations>
      <translation>
        <author>Dr. Mustafa Khattab, the Clear Quran</author>
        <text>All will then be informed of what they have sent forth and left behind.</text>
      </translation>
    </translations>
    <rules>[{"start": 32, "end": 38, "rule_id": 2}, {"start": 17, "end": 21, "rule_id": 6}]</rules>
  </verse>
  <verse>
    <verseIdArabic>١٤</verseIdArabic>
    <verseId>14</verseId>
    <chapterId>75</chapterId>
    <textIndopak>بَلِ ٱلۡإِنسَٰنُ عَلَىٰ نَفۡسِهِۦ بَصِيرَةٞ</textIndopak>
    <translations>
      <translation>
        <author>Dr. Mustafa Khattab, the Clear Quran</author>
        <text>In fact, people will testify against their own souls,</text>
      </translation>
    </translations>
    <rules>[{"start": 10, "end": 14, "rule_id": 6}]</rules>
  </verse>
  <verse>
    <verseIdArabic>١٥</verseIdArabic>
    <verseId>15</verseId>
    <chapterId>75</chapterId>
    <textIndopak>وَلَوۡ أَلۡقَىٰ مَعَاذِيرَهُۥ</textIndopak>
    <translations>
      <translation>
        <author>Dr. Mustafa Khattab, the Clear Quran</author>
        <text>despite the excuses they come up with.</text>
      </translation>
    </translations>
  </verse>
  <verse>
    <verseIdArabic>١٦</verseIdArabic>
    <verseId>16</verseId>
    <chapterId>75</chapterId>
    <textIndopak>لَا تُحَرِّكۡ بِهِۦ لِسَانَكَ لِتَعۡجَلَ بِهِۦٓ</textIndopak>
    <translations>
      <translation>
        <author>Dr. Mustafa Khattab, the Clear Quran</author>
        <text>Do not rush your tongue trying to memorize ˹a revelation of˺ the Quran.</text>
      </translation>
    </translations>
  </verse>
  <verse>
    <verseIdArabic>١٧</verseIdArabic>
    <verseId>17</verseId>
    <chapterId>75</chapterId>
    <textIndopak>إِنَّ عَلَيۡنَا جَمۡعَهُۥ وَقُرۡءَانَهُۥ</textIndopak>
    <translations>
      <translation>
        <author>Dr. Mustafa Khattab, the Clear Quran</author>
        <text>It is certainly upon Us to ˹make you˺ memorize and recite it.</text>
      </translation>
    </translations>
    <rules>[{"start": 2, "end": 5, "rule_id": 0}]</rules>
  </verse>
  <verse>
    <verseIdArabic>١٨</verseIdArabic>
    <verseId>18</verseId>
    <chapterId>75</chapterId>
    <textIndopak>فَإِذَا قَرَأۡنَٰهُ فَٱتَّبِعۡ قُرۡءَانَهُۥ</textIndopak>
    <translations>
      <translation>
        <author>Dr. Mustafa Khattab, the Clear Quran</author>
        <text>So once We have recited a revelation ˹through Gabriel˺, follow its recitation ˹closely˺.</text>
      </translation>
    </translations>
  </verse>
  <verse>
    <verseIdArabic>١٩</verseIdArabic>
    <verseId>19</verseId>
    <chapterId>75</chapterId>
    <textIndopak>ثُمَّ إِنَّ عَلَيۡنَا بَيَانَهُۥ</textIndopak>
    <translations>
      <translation>
        <author>Dr. Mustafa Khattab, the Clear Quran</author>
        <text>Then it is surely upon Us to make it clear ˹to you˺.</text>
      </translation>
    </translations>
    <rules>[{"start": 2, "end": 5, "rule_id": 0}, {"start": 8, "end": 11, "rule_id": 0}]</rules>
  </verse>
  <verse>
    <verseIdArabic>٢٠</verseIdArabic>
    <verseId>20</verseId>
    <chapterId>75</chapterId>
    <textIndopak>كـَلَّا بَلۡ تُحِبُّونَ ٱلۡعَاجِلَةَ</textIndopak>
    <translations>
      <translation>
        <author>Dr. Mustafa Khattab, the Clear Quran</author>
        <text>But no! In fact, you love this fleeting world,</text>
      </translation>
    </translations>
  </verse>
  <verse>
    <verseIdArabic>٢١</verseIdArabic>
    <verseId>21</verseId>
    <chapterId>75</chapterId>
    <textIndopak>وَتَذَرُونَ ٱلۡأٓخِرَةَ</textIndopak>
    <translations>
      <translation>
        <author>Dr. Mustafa Khattab, the Clear Quran</author>
        <text>and neglect the Hereafter.</text>
      </translation>
    </translations>
  </verse>
  <verse>
    <verseIdArabic>٢٢</verseIdArabic>
    <verseId>22</verseId>
    <chapterId>75</chapterId>
    <textIndopak>وُجُوهٞ يَوۡمَئِذٖ نَّاضِرَةٌ</textIndopak>
    <translations>
      <translation>
        <author>Dr. Mustafa Khattab, the Clear Quran</author>
        <text>On that Day ˹some˺ faces will be bright,</text>
      </translation>
    </translations>
    <rules>[{"start": 19, "end": 22, "rule_id": 0}, {"start": 5, "end": 10, "rule_id": 3}, {"start": 16, "end": 22, "rule_id": 3}]</rules>
  </verse>
  <verse>
    <verseIdArabic>٢٣</verseIdArabic>
    <verseId>23</verseId>
    <chapterId>75</chapterId>
    <textIndopak>إِلَىٰ رَبِّهَا نَاظِرَةٞ</textIndopak>
    <translations>
      <translation>
        <author>Dr. Mustafa Khattab, the Clear Quran</author>
        <text>looking at their Lord.</text>
      </translation>
    </translations>
  </verse>
  <verse>
    <verseIdArabic>٢٤</verseIdArabic>
    <verseId>24</verseId>
    <chapterId>75</chapterId>
    <textIndopak>وَوُجُوهٞ يَوۡمَئِذِۭ بَاسِرَةٞ</textIndopak>
    <translations>
      <translation>
        <author>Dr. Mustafa Khattab, the Clear Quran</author>
        <text>And ˹other˺ faces will be gloomy,</text>
      </translation>
    </translations>
    <rules>[{"start": 18, "end": 24, "rule_id": 2}, {"start": 7, "end": 12, "rule_id": 3}]</rules>
  </verse>
  <verse>
    <verseIdArabic>٢٥</verseIdArabic>
    <verseId>25</verseId>
    <chapterId>75</chapterId>
    <textIndopak>تَظُنُّ أَن يُفۡعَلَ بِهَا فَاقِرَةٞ</textIndopak>
    <translations>
      <translation>
        <author>Dr. Mustafa Khattab, the Clear Quran</author>
        <text>anticipating something devastating to befall them.</text>
      </translation>
    </translations>
    <rules>[{"start": 4, "end": 7, "rule_id": 0}, {"start": 10, "end": 14, "rule_id": 3}]</rules>
  </verse>
  <verse>
    <verseIdArabic>٢٦</verseIdArabic>
    <verseId>26</verseId>
    <chapterId>75</chapterId>
    <textIndopak>كـَلَّآ إِذَا بَلَغَتِ ٱلتَّرَاقِيَ</textIndopak>
    <translations>
      <translation>
        <author>Dr. Mustafa Khattab, the Clear Quran</author>
        <text>But no! ˹Beware of the day˺ when the soul reaches the collar bone ˹as it leaves˺,</text>
      </translation>
    </translations>
  </verse>
  <verse>
    <verseIdArabic>٢٧</verseIdArabic>
    <verseId>27</verseId>
    <chapterId>75</chapterId>
    <textIndopak>وَقِيلَ مَنۡۜ رَاقٖ</textIndopak>
    <translations>
      <translation>
        <author>Dr. Mustafa Khattab, the Clear Quran</author>
        <text>and it will be said, “Is there any healer ˹who can save this life˺?”</text>
      </translation>
    </translations>
    <rules>[{"start": 18, "end": 20, "rule_id": 1}]</rules>
  </verse>
  <verse>
    <verseIdArabic>٢٨</verseIdArabic>
    <verseId>28</verseId>
    <chapterId>75</chapterId>
    <textIndopak>وَظَنَّ أَنَّهُ ٱلۡفِرَاقُ</textIndopak>
    <translations>
      <translation>
        <author>Dr. Mustafa Khattab, the Clear Quran</author>
        <text>And the dying person realizes it is ˹their˺ time to depart,</text>
      </translation>
    </translations>
    <rules>[{"start": 4, "end": 7, "rule_id": 0}, {"start": 10, "end": 13, "rule_id": 0}, {"start": 24, "end": 26, "rule_id": 1}]</rules>
  </verse>
  <verse>
    <verseIdArabic>٢٩</verseIdArabic>
    <verseId>29</verseId>
    <chapterId>75</chapterId>
    <textIndopak>وَٱلۡتَفَّتِ ٱلسَّاقُ بِٱلسَّاقِ</textIndopak>
    <translations>
      <translation>
        <author>Dr. Mustafa Khattab, the Clear Quran</author>
        <text>and ˹then˺ their feet are tied together ˹in a shroud˺.</text>
      </translation>
    </translations>
    <rules>[{"start": 30, "end": 32, "rule_id": 1}]</rules>
  </verse>
  <verse>
    <verseIdArabic>٣٠</verseIdArabic>
    <verseId>30</verseId>
    <chapterId>75</chapterId>
    <textIndopak>إِلَىٰ رَبِّكَ يَوۡمَئِذٍ ٱلۡمَسَاقُ</textIndopak>
    <translations>
      <translation>
        <author>Dr. Mustafa Khattab, the Clear Quran</author>
        <text>On that day they will be driven to your Lord ˹alone˺.</text>
      </translation>
    </translations>
    <rules>[{"start": 34, "end": 36, "rule_id": 1}]</rules>
  </verse>
  <verse>
    <verseIdArabic>٣١</verseIdArabic>
    <verseId>31</verseId>
    <chapterId>75</chapterId>
    <textIndopak>فَلَا صَدَّقَ وَلَا صَلَّىٰ</textIndopak>
    <translations>
      <translation>
        <author>Dr. Mustafa Khattab, the Clear Quran</author>
        <text>This denier neither believed nor prayed,</text>
      </translation>
    </translations>
  </verse>
  <verse>
    <verseIdArabic>٣٢</verseIdArabic>
    <verseId>32</verseId>
    <chapterId>75</chapterId>
    <textIndopak>وَلَٰكِن كَذَّبَ وَتَوَلَّىٰ</textIndopak>
    <translations>
      <translation>
        <author>Dr. Mustafa Khattab, the Clear Quran</author>
        <text>but persisted in denial and turned away,</text>
      </translation>
    </translations>
    <rules>[{"start": 7, "end": 11, "rule_id": 6}]</rules>
  </verse>
  <verse>
    <verseIdArabic>٣٣</verseIdArabic>
    <verseId>33</verseId>
    <chapterId>75</chapterId>
    <textIndopak>ثُمَّ ذَهَبَ إِلَىٰٓ أَهۡلِهِۦ يَتَمَطَّىٰٓ</textIndopak>
    <translations>
      <translation>
        <author>Dr. Mustafa Khattab, the Clear Quran</author>
        <text>then went to their own people, walking boastfully.</text>
      </translation>
    </translations>
    <rules>[{"start": 2, "end": 5, "rule_id": 0}]</rules>
  </verse>
  <verse>
    <verseIdArabic>٣٤</verseIdArabic>
    <verseId>34</verseId>
    <chapterId>75</chapterId>
    <textIndopak>أَوۡلَىٰ لَكَ فَأَوۡلَىٰ</textIndopak>
    <translations>
      <translation>
        <author>Dr. Mustafa Khattab, the Clear Quran</author>
        <text>Woe to you, and more woe!</text>
      </translation>
    </translations>
  </verse>
  <verse>
    <verseIdArabic>٣٥</verseIdArabic>
    <verseId>35</verseId>
    <chapterId>75</chapterId>
    <textIndopak>ثُمَّ أَوۡلَىٰ لَكَ فَأَوۡلَىٰٓ</textIndopak>
    <translations>
      <translation>
        <author>Dr. Mustafa Khattab, the Clear Quran</author>
        <text>Again, woe to you, and even more woe!</text>
      </translation>
    </translations>
    <rules>[{"start": 2, "end": 5, "rule_id": 0}]</rules>
  </verse>
  <verse>
    <verseIdArabic>٣٦</verseIdArabic>
    <verseId>36</verseId>
    <chapterId>75</chapterId>
    <textIndopak>أَيَحۡسَبُ ٱلۡإِنسَٰنُ أَن يُتۡرَكَ سُدًى</textIndopak>
    <translations>
      <translation>
        <author>Dr. Mustafa Khattab, the Clear Quran</author>
        <text>Do people think they will be left without purpose?</text>
      </translation>
    </translations>
    <rules>[{"start": 25, "end": 29, "rule_id": 3}, {"start": 16, "end": 20, "rule_id": 6}]</rules>
  </verse>
  <verse>
    <verseIdArabic>٣٧</verseIdArabic>
    <verseId>37</verseId>
    <chapterId>75</chapterId>
    <textIndopak>أَلَمۡ يَكُ نُطۡفَةٗ مِّن مَّنِيّٖ يُمۡنَىٰ</textIndopak>
    <translations>
      <translation>
        <author>Dr. Mustafa Khattab, the Clear Quran</author>
        <text>Were they not ˹once˺ a sperm-drop emitted?</text>
      </translation>
    </translations>
    <rules>[{"start": 21, "end": 24, "rule_id": 0}, {"start": 26, "end": 29, "rule_id": 0}, {"start": 14, "end": 16, "rule_id": 1}, {"start": 24, "end": 29, "rule_id": 3}, {"start": 18, "end": 24, "rule_id": 3}, {"start": 31, "end": 37, "rule_id": 3}]</rules>
  </verse>
  <verse>
    <verseIdArabic>٣٨</verseIdArabic>
    <verseId>38</verseId>
    <chapterId>75</chapterId>
    <textIndopak>ثُمَّ كَانَ عَلَقَةٗ فَخَلَقَ فَسَوَّىٰ</textIndopak>
    <translations>
      <translation>
        <author>Dr. Mustafa Khattab, the Clear Quran</author>
        <text>Then they became a clinging clot ˹of blood˺, then He developed and perfected their form,</text>
      </translation>
    </translations>
    <rules>[{"start": 2, "end": 5, "rule_id": 0}, {"start": 18, "end": 23, "rule_id": 6}]</rules>
  </verse>
  <verse>
    <verseIdArabic>٣٩</verseIdArabic>
    <verseId>39</verseId>
    <chapterId>75</chapterId>
    <textIndopak>فَجَعَلَ مِنۡهُ ٱلزَّوۡجَيۡنِ ٱلذَّكَرَ وَٱلۡأُنثَىٰٓ</textIndopak>
    <translations>
      <translation>
        <author>Dr. Mustafa Khattab, the Clear Quran</author>
        <text>producing from it both sexes, male and female.</text>
      </translation>
    </translations>
    <rules>[{"start": 47, "end": 50, "rule_id": 6}]</rules>
  </verse>
  <verse>
    <verseIdArabic>٤٠</verseIdArabic>
    <verseId>40</verseId>
    <chapterId>75</chapterId>
    <textIndopak>أَلَيۡسَ ذَٰلِكَ بِقَٰدِرٍ عَلَىٰٓ أَن يُحۡـِۧيَ ٱلۡمَوۡتَىٰ</textIndopak>
    <translations>
      <translation>
        <author>Dr. Mustafa Khattab, the Clear Quran</author>
        <text>Is such ˹a Creator˺ unable to bring the dead back to life?</text>
      </translation>
    </translations>
    <rules>[{"start": 37, "end": 41, "rule_id": 3}]</rules>
  </verse>
</verses>
