<?xml version="1.0" encoding="UTF-8"?>

<verses>
  <verse>
    <verseIdArabic>١</verseIdArabic>
    <verseId>1</verseId>
    <chapterId>78</chapterId>
    <textIndopak>عَمَّ يَتَسَآءَلُونَ</textIndopak>
    <translations>
      <translation>
        <author>Dr. Mustafa Khattab, the Clear Quran</author>
        <text>What are they asking one another about?</text>
      </translation>
    </translations>
    <rules>[{"start": 2, "end": 5, "rule_id": 0}]</rules>
  </verse>
  <verse>
    <verseIdArabic>٢</verseIdArabic>
    <verseId>2</verseId>
    <chapterId>78</chapterId>
    <textIndopak>عَنِ ٱلنَّبَإِ ٱلۡعَظِيمِ</textIndopak>
    <translations>
      <translation>
        <author>Dr. Mustafa Khattab, the Clear Quran</author>
        <text>About the momentous news,</text>
      </translation>
    </translations>
    <rules>[{"start": 7, "end": 10, "rule_id": 0}]</rules>
  </verse>
  <verse>
    <verseIdArabic>٣</verseIdArabic>
    <verseId>3</verseId>
    <chapterId>78</chapterId>
    <textIndopak>ٱلَّذِي هُمۡ فِيهِ مُخۡتَلِفُونَ</textIndopak>
    <translations>
      <translation>
        <author>Dr. Mustafa Khattab, the Clear Quran</author>
        <text>over which they disagree.</text>
      </translation>
    </translations>
  </verse>
  <verse>
    <verseIdArabic>٤</verseIdArabic>
    <verseId>4</verseId>
    <chapterId>78</chapterId>
    <textIndopak>كـَلَّا سَيَعۡلَمُونَ</textIndopak>
    <translations>
      <translation>
        <author>Dr. Mustafa Khattab, the Clear Quran</author>
        <text>But no! They will come to know.</text>
      </translation>
    </translations>
  </verse>
  <verse>
    <verseIdArabic>٥</verseIdArabic>
    <verseId>5</verseId>
    <chapterId>78</chapterId>
    <textIndopak>ثُمَّ كـَلَّا سَيَعۡلَمُونَ</textIndopak>
    <translations>
      <translation>
        <author>Dr. Mustafa Khattab, the Clear Quran</author>
        <text>Again, no! They will come to know.</text>
      </translation>
    </translations>
    <rules>[{"start": 2, "end": 5, "rule_id": 0}]</rules>
  </verse>
  <verse>
    <verseIdArabic>٦</verseIdArabic>
    <verseId>6</verseId>
    <chapterId>78</chapterId>
    <textIndopak>أَلَمۡ نَجۡعَلِ ٱلۡأَرۡضَ مِهَٰدٗا</textIndopak>
    <translations>
      <translation>
        <author>Dr. Mustafa Khattab, the Clear Quran</author>
        <text>Have We not smoothed out the earth ˹like a bed˺,</text>
      </translation>
    </translations>
    <rules>[{"start": 9, "end": 11, "rule_id": 1}]</rules>
  </verse>
  <verse>
    <verseIdArabic>٧</verseIdArabic>
    <verseId>7</verseId>
    <chapterId>78</chapterId>
    <textIndopak>وَٱلۡجِبَالَ أَوۡتَادٗا</textIndopak>
    <translations>
      <translation>
        <author>Dr. Mustafa Khattab, the Clear Quran</author>
        <text>and ˹made˺ the mountains as ˹its˺ pegs,</text>
      </translation>
    </translations>
  </verse>
  <verse>
    <verseIdArabic>٨</verseIdArabic>
    <verseId>8</verseId>
    <chapterId>78</chapterId>
    <textIndopak>وَخَلَقۡنَٰكُمۡ أَزۡوَٰجٗا</textIndopak>
    <translations>
      <translation>
        <author>Dr. Mustafa Khattab, the Clear Quran</author>
        <text>and created you in pairs,</text>
      </translation>
    </translations>
    <rules>[{"start": 6, "end": 8, "rule_id": 1}]</rules>
  </verse>
  <verse>
    <verseIdArabic>٩</verseIdArabic>
    <verseId>9</verseId>
    <chapterId>78</chapterId>
    <textIndopak>وَجَعَلۡنَا نَوۡمَكُمۡ سُبَاتٗا</textIndopak>
    <translations>
      <translation>
        <author>Dr. Mustafa Khattab, the Clear Quran</author>
        <text>and made your sleep for rest,</text>
      </translation>
    </translations>
  </verse>
  <verse>
    <verseIdArabic>١٠</verseIdArabic>
    <verseId>10</verseId>
    <chapterId>78</chapterId>
    <textIndopak>وَجَعَلۡنَا ٱلَّيۡلَ لِبَاسٗا</textIndopak>
    <translations>
      <translation>
        <author>Dr. Mustafa Khattab, the Clear Quran</author>
        <text>and made the night as a cover,</text>
      </translation>
    </translations>
  </verse>
  <verse>
    <verseIdArabic>١١</verseIdArabic>
    <verseId>11</verseId>
    <chapterId>78</chapterId>
    <textIndopak>وَجَعَلۡنَا ٱلنَّهَارَ مَعَاشٗا</textIndopak>
    <translations>
      <translation>
        <author>Dr. Mustafa Khattab, the Clear Quran</author>
        <text>and made the day for livelihood,</text>
      </translation>
    </translations>
    <rules>[{"start": 14, "end": 17, "rule_id": 0}]</rules>
  </verse>
  <verse>
    <verseIdArabic>١٢</verseIdArabic>
    <verseId>12</verseId>
    <chapterId>78</chapterId>
    <textIndopak>وَبَنَيۡنَا فَوۡقَكُمۡ سَبۡعٗا شِدَادٗا</textIndopak>
    <translations>
      <translation>
        <author>Dr. Mustafa Khattab, the Clear Quran</author>
        <text>and built above you seven mighty ˹heavens˺,</text>
      </translation>
    </translations>
    <rules>[{"start": 25, "end": 27, "rule_id": 1}]</rules>
  </verse>
  <verse>
    <verseIdArabic>١٣</verseIdArabic>
    <verseId>13</verseId>
    <chapterId>78</chapterId>
    <textIndopak>وَجَعَلۡنَا سِرَاجٗا وَهَّاجٗا</textIndopak>
    <translations>
      <translation>
        <author>Dr. Mustafa Khattab, the Clear Quran</author>
        <text>and placed ˹in them˺ a shining lamp,</text>
      </translation>
    </translations>
    <rules>[{"start": 17, "end": 23, "rule_id": 3}]</rules>
  </verse>
  <verse>
    <verseIdArabic>١٤</verseIdArabic>
    <verseId>14</verseId>
    <chapterId>78</chapterId>
    <textIndopak>وَأَنزَلۡنَا مِنَ ٱلۡمُعۡصِرَٰتِ مَآءٗ ثَجَّاجٗا</textIndopak>
    <translations>
      <translation>
        <author>Dr. Mustafa Khattab, the Clear Quran</author>
        <text>and sent down from rainclouds pouring water,</text>
      </translation>
    </translations>
    <rules>[{"start": 4, "end": 7, "rule_id": 6}, {"start": 37, "end": 42, "rule_id": 6}]</rules>
  </verse>
  <verse>
    <verseIdArabic>١٥</verseIdArabic>
    <verseId>15</verseId>
    <chapterId>78</chapterId>
    <textIndopak>لِّنُخۡرِجَ بِهِۦ حَبّٗا وَنَبَاتٗا</textIndopak>
    <translations>
      <translation>
        <author>Dr. Mustafa Khattab, the Clear Quran</author>
        <text>producing by it grain and ˹various˺ plants,</text>
      </translation>
    </translations>
    <rules>[{"start": 20, "end": 27, "rule_id": 3}]</rules>
  </verse>
  <verse>
    <verseIdArabic>١٦</verseIdArabic>
    <verseId>16</verseId>
    <chapterId>78</chapterId>
    <textIndopak>وَجَنَّٰتٍ أَلۡفَافًا</textIndopak>
    <translations>
      <translation>
        <author>Dr. Mustafa Khattab, the Clear Quran</author>
        <text>and dense orchards?</text>
      </translation>
    </translations>
    <rules>[{"start": 4, "end": 8, "rule_id": 0}]</rules>
  </verse>
  <verse>
    <verseIdArabic>١٧</verseIdArabic>
    <verseId>17</verseId>
    <chapterId>78</chapterId>
    <textIndopak>إِنَّ يَوۡمَ ٱلۡفَصۡلِ كَانَ مِيقَٰتٗا</textIndopak>
    <translations>
      <translation>
        <author>Dr. Mustafa Khattab, the Clear Quran</author>
        <text>Indeed, the Day of ˹Final˺ Decision is an appointed time—</text>
      </translation>
    </translations>
    <rules>[{"start": 2, "end": 5, "rule_id": 0}]</rules>
  </verse>
  <verse>
    <verseIdArabic>١٨</verseIdArabic>
    <verseId>18</verseId>
    <chapterId>78</chapterId>
    <textIndopak>يَوۡمَ يُنفَخُ فِي ٱلصُّورِ فَتَأۡتُونَ أَفۡوَاجٗا</textIndopak>
    <translations>
      <translation>
        <author>Dr. Mustafa Khattab, the Clear Quran</author>
        <text>˹it is˺ the Day the Trumpet will be blown, and you will ˹all˺ come forth in crowds.</text>
      </translation>
    </translations>
    <rules>[{"start": 9, "end": 12, "rule_id": 6}]</rules>
  </verse>
  <verse>
    <verseIdArabic>١٩</verseIdArabic>
    <verseId>19</verseId>
    <chapterId>78</chapterId>
    <textIndopak>وَفُتِحَتِ ٱلسَّمَآءُ فَكَانَتۡ أَبۡوَٰبٗا</textIndopak>
    <translations>
      <translation>
        <author>Dr. Mustafa Khattab, the Clear Quran</author>
        <text>The sky will be ˹split˺ open, becoming ˹many˺ gates,</text>
      </translation>
    </translations>
    <rules>[{"start": 35, "end": 37, "rule_id": 1}]</rules>
  </verse>
  <verse>
    <verseIdArabic>٢٠</verseIdArabic>
    <verseId>20</verseId>
    <chapterId>78</chapterId>
    <textIndopak>وَسُيِّرَتِ ٱلۡجِبَالُ فَكَانَتۡ سَرَابًا</textIndopak>
    <translations>
      <translation>
        <author>Dr. Mustafa Khattab, the Clear Quran</author>
        <text>and the mountains will be blown away, becoming ˹like˺ a mirage.</text>
      </translation>
    </translations>
  </verse>
  <verse>
    <verseIdArabic>٢١</verseIdArabic>
    <verseId>21</verseId>
    <chapterId>78</chapterId>
    <textIndopak>إِنَّ جَهَنَّمَ كَانَتۡ مِرۡصَادٗا</textIndopak>
    <translations>
      <translation>
        <author>Dr. Mustafa Khattab, the Clear Quran</author>
        <text>Indeed, Hell is lying in ambush</text>
      </translation>
    </translations>
    <rules>[{"start": 2, "end": 5, "rule_id": 0}, {"start": 10, "end": 13, "rule_id": 0}]</rules>
  </verse>
  <verse>
    <verseIdArabic>٢٢</verseIdArabic>
    <verseId>22</verseId>
    <chapterId>78</chapterId>
    <textIndopak>لِّلطَّٰغِينَ مَـَٔابٗا</textIndopak>
    <translations>
      <translation>
        <author>Dr. Mustafa Khattab, the Clear Quran</author>
        <text>as a home for the transgressors,</text>
      </translation>
    </translations>
  </verse>
  <verse>
    <verseIdArabic>٢٣</verseIdArabic>
    <verseId>23</verseId>
    <chapterId>78</chapterId>
    <textIndopak>لَّٰبِثِينَ فِيهَآ أَحۡقَابٗا</textIndopak>
    <translations>
      <translation>
        <author>Dr. Mustafa Khattab, the Clear Quran</author>
        <text>where they will remain for ˹endless˺ ages.</text>
      </translation>
    </translations>
  </verse>
  <verse>
    <verseIdArabic>٢٤</verseIdArabic>
    <verseId>24</verseId>
    <chapterId>78</chapterId>
    <textIndopak>لَّا يَذُوقُونَ فِيهَا بَرۡدٗا وَلَا شَرَابًا</textIndopak>
    <translations>
      <translation>
        <author>Dr. Mustafa Khattab, the Clear Quran</author>
        <text>There they will not taste any coolness or drink,</text>
      </translation>
    </translations>
    <rules>[{"start": 27, "end": 33, "rule_id": 3}]</rules>
  </verse>
  <verse>
    <verseIdArabic>٢٥</verseIdArabic>
    <verseId>25</verseId>
    <chapterId>78</chapterId>
    <textIndopak>إِلَّا حَمِيمٗا وَغَسَّاقٗا</textIndopak>
    <translations>
      <translation>
        <author>Dr. Mustafa Khattab, the Clear Quran</author>
        <text>except boiling water and ˹oozing˺ pus—</text>
      </translation>
    </translations>
    <rules>[{"start": 12, "end": 18, "rule_id": 3}]</rules>
  </verse>
  <verse>
    <verseIdArabic>٢٦</verseIdArabic>
    <verseId>26</verseId>
    <chapterId>78</chapterId>
    <textIndopak>جَزَآءٗ وِفَاقًا</textIndopak>
    <translations>
      <translation>
        <author>Dr. Mustafa Khattab, the Clear Quran</author>
        <text>a fitting reward.</text>
      </translation>
    </translations>
    <rules>[{"start": 6, "end": 11, "rule_id": 3}]</rules>
  </verse>
  <verse>
    <verseIdArabic>٢٧</verseIdArabic>
    <verseId>27</verseId>
    <chapterId>78</chapterId>
    <textIndopak>إِنَّهُمۡ كَانُواْ لَا يَرۡجُونَ حِسَابٗا</textIndopak>
    <translations>
      <translation>
        <author>Dr. Mustafa Khattab, the Clear Quran</author>
        <text>For they never expected any reckoning,</text>
      </translation>
    </translations>
    <rules>[{"start": 2, "end": 5, "rule_id": 0}]</rules>
  </verse>
  <verse>
    <verseIdArabic>٢٨</verseIdArabic>
    <verseId>28</verseId>
    <chapterId>78</chapterId>
    <textIndopak>وَكَذَّبُواْ بِـَٔايَٰتِنَا كِذَّابٗا</textIndopak>
    <translations>
      <translation>
        <author>Dr. Mustafa Khattab, the Clear Quran</author>
        <text>and totally rejected Our signs.</text>
      </translation>
    </translations>
  </verse>
  <verse>
    <verseIdArabic>٢٩</verseIdArabic>
    <verseId>29</verseId>
    <chapterId>78</chapterId>
    <textIndopak>وَكُلَّ شَيۡءٍ أَحۡصَيۡنَٰهُ كِتَٰبٗا</textIndopak>
    <translations>
      <translation>
        <author>Dr. Mustafa Khattab, the Clear Quran</author>
        <text>And We have everything recorded precisely.</text>
      </translation>
    </translations>
  </verse>
  <verse>
    <verseIdArabic>٣٠</verseIdArabic>
    <verseId>30</verseId>
    <chapterId>78</chapterId>
    <textIndopak>فَذُوقُواْ فَلَن نَّزِيدَكُمۡ إِلَّا عَذَابًا</textIndopak>
    <translations>
      <translation>
        <author>Dr. Mustafa Khattab, the Clear Quran</author>
        <text>˹So the deniers will be told,˺ “Taste ˹the punishment˺, for all you will get from Us is more torment.”</text>
      </translation>
    </translations>
    <rules>[{"start": 17, "end": 20, "rule_id": 0}, {"start": 15, "end": 20, "rule_id": 3}]</rules>
  </verse>
  <verse>
    <verseIdArabic>٣١</verseIdArabic>
    <verseId>31</verseId>
    <chapterId>78</chapterId>
    <textIndopak>إِنَّ لِلۡمُتَّقِينَ مَفَازًا</textIndopak>
    <translations>
      <translation>
        <author>Dr. Mustafa Khattab, the Clear Quran</author>
        <text>Indeed, the righteous will have salvation—</text>
      </translation>
    </translations>
    <rules>[{"start": 2, "end": 5, "rule_id": 0}]</rules>
  </verse>
  <verse>
    <verseIdArabic>٣٢</verseIdArabic>
    <verseId>32</verseId>
    <chapterId>78</chapterId>
    <textIndopak>حَدَآئِقَ وَأَعۡنَٰبٗا</textIndopak>
    <translations>
      <translation>
        <author>Dr. Mustafa Khattab, the Clear Quran</author>
        <text>Gardens, vineyards,</text>
      </translation>
    </translations>
  </verse>
  <verse>
    <verseIdArabic>٣٣</verseIdArabic>
    <verseId>33</verseId>
    <chapterId>78</chapterId>
    <textIndopak>وَكَوَاعِبَ أَتۡرَابٗا</textIndopak>
    <translations>
      <translation>
        <author>Dr. Mustafa Khattab, the Clear Quran</author>
        <text>and full-bosomed maidens of equal age,</text>
      </translation>
    </translations>
  </verse>
  <verse>
    <verseIdArabic>٣٤</verseIdArabic>
    <verseId>34</verseId>
    <chapterId>78</chapterId>
    <textIndopak>وَكَأۡسٗا دِهَاقٗا</textIndopak>
    <translations>
      <translation>
        <author>Dr. Mustafa Khattab, the Clear Quran</author>
        <text>and full cups ˹of pure wine˺,</text>
      </translation>
    </translations>
  </verse>
  <verse>
    <verseIdArabic>٣٥</verseIdArabic>
    <verseId>35</verseId>
    <chapterId>78</chapterId>
    <textIndopak>لَّا يَسۡمَعُونَ فِيهَا لَغۡوٗا وَلَا كِذَّٰبٗا</textIndopak>
    <translations>
      <translation>
        <author>Dr. Mustafa Khattab, the Clear Quran</author>
        <text>never to hear any idle talk or lying therein—</text>
      </translation>
    </translations>
    <rules>[{"start": 28, "end": 34, "rule_id": 3}]</rules>
  </verse>
  <verse>
    <verseIdArabic>٣٦</verseIdArabic>
    <verseId>36</verseId>
    <chapterId>78</chapterId>
    <textIndopak>جَزَآءٗ مِّن رَّبِّكَ عَطَآءً حِسَابٗا</textIndopak>
    <translations>
      <translation>
        <author>Dr. Mustafa Khattab, the Clear Quran</author>
        <text>a ˹fitting˺ reward as a generous gift from your Lord,</text>
      </translation>
    </translations>
    <rules>[{"start": 9, "end": 12, "rule_id": 0}, {"start": 6, "end": 12, "rule_id": 3}, {"start": 12, "end": 17, "rule_id": 5}]</rules>
  </verse>
  <verse>
    <verseIdArabic>٣٧</verseIdArabic>
    <verseId>37</verseId>
    <chapterId>78</chapterId>
    <textIndopak>رَّبِّ ٱلسَّمَٰوَٰتِ وَٱلۡأَرۡضِ وَمَا بَيۡنَهُمَا ٱلرَّحۡمَٰنِۖ لَا يَمۡلِكُونَ مِنۡهُ خِطَابٗا</textIndopak>
    <translations>
      <translation>
        <author>Dr. Mustafa Khattab, the Clear Quran</author>
        <text>the Lord of the heavens and the earth and everything in between, the Most Compassionate. No one will dare speak to Him</text>
      </translation>
    </translations>
  </verse>
  <verse>
    <verseIdArabic>٣٨</verseIdArabic>
    <verseId>38</verseId>
    <chapterId>78</chapterId>
    <textIndopak>يَوۡمَ يَقُومُ ٱلرُّوحُ وَٱلۡمَلَٰٓئِكَةُ صَفّٗاۖ لَّا يَتَكَلَّمُونَ إِلَّا مَنۡ أَذِنَ لَهُ ٱلرَّحۡمَٰنُ وَقَالَ صَوَابٗا</textIndopak>
    <translations>
      <translation>
        <author>Dr. Mustafa Khattab, the Clear Quran</author>
        <text>on the Day the ˹holy˺ spirit and the angels will stand in ranks. None will talk, except those granted permission by the Most Compassionate and whose words are true.</text>
      </translation>
    </translations>
    <rules>[{"start": 44, "end": 54, "rule_id": 5}]</rules>
  </verse>
  <verse>
    <verseIdArabic>٣٩</verseIdArabic>
    <verseId>39</verseId>
    <chapterId>78</chapterId>
    <textIndopak>ذَٰلِكَ ٱلۡيَوۡمُ ٱلۡحَقُّۖ فَمَن شَآءَ ٱتَّخَذَ إِلَىٰ رَبِّهِۦ مَـَٔابًا</textIndopak>
    <translations>
      <translation>
        <author>Dr. Mustafa Khattab, the Clear Quran</author>
        <text>That Day is the ˹ultimate˺ truth. So let whoever wills take the path leading back to their Lord.</text>
      </translation>
    </translations>
    <rules>[{"start": 33, "end": 37, "rule_id": 6}]</rules>
  </verse>
  <verse>
    <verseIdArabic>٤٠</verseIdArabic>
    <verseId>40</verseId>
    <chapterId>78</chapterId>
    <textIndopak>إِنَّآ أَنذَرۡنَٰكُمۡ عَذَابٗا قَرِيبٗا يَوۡمَ يَنظُرُ ٱلۡمَرۡءُ مَا قَدَّمَتۡ يَدَاهُ وَيَقُولُ ٱلۡكَافِرُ يَٰلَيۡتَنِي كُنتُ تُرَٰبَۢا</textIndopak>
    <translations>
      <translation>
        <author>Dr. Mustafa Khattab, the Clear Quran</author>
        <text>Indeed, We have warned you of an imminent punishment—the Day every person will see ˹the consequences of˺ what their hands have done, and the disbelievers will cry, “I wish I were dust.”</text>
      </translation>
    </translations>
    <rules>[{"start": 2, "end": 5, "rule_id": 0}, {"start": 37, "end": 43, "rule_id": 3}, {"start": 10, "end": 13, "rule_id": 6}, {"start": 50, "end": 53, "rule_id": 6}, {"start": 124, "end": 127, "rule_id": 6}]</rules>
  </verse>
</verses>
