<?xml version="1.0" encoding="UTF-8"?>

<verses>
  <verse>
    <verseIdArabic>١</verseIdArabic>
    <verseId>1</verseId>
    <chapterId>82</chapterId>
    <textIndopak>إِذَا ٱلسَّمَآءُ ٱنفَطَرَتۡ</textIndopak>
    <translations>
      <translation>
        <author>Dr. Mustafa Khattab, the Clear Quran</author>
        <text>When the sky splits open,</text>
      </translation>
    </translations>
    <rules>[{"start": 19, "end": 22, "rule_id": 6}]</rules>
  </verse>
  <verse>
    <verseIdArabic>٢</verseIdArabic>
    <verseId>2</verseId>
    <chapterId>82</chapterId>
    <textIndopak>وَإِذَا ٱلۡكَوَاكِبُ ٱنتَثَرَتۡ</textIndopak>
    <translations>
      <translation>
        <author>Dr. Mustafa Khattab, the Clear Quran</author>
        <text>and when the stars fall away,</text>
      </translation>
    </translations>
    <rules>[{"start": 22, "end": 25, "rule_id": 6}]</rules>
  </verse>
  <verse>
    <verseIdArabic>٣</verseIdArabic>
    <verseId>3</verseId>
    <chapterId>82</chapterId>
    <textIndopak>وَإِذَا ٱلۡبِحَارُ فُجِّرَتۡ</textIndopak>
    <translations>
      <translation>
        <author>Dr. Mustafa Khattab, the Clear Quran</author>
        <text>and when the seas burst forth,</text>
      </translation>
    </translations>
  </verse>
  <verse>
    <verseIdArabic>٤</verseIdArabic>
    <verseId>4</verseId>
    <chapterId>82</chapterId>
    <textIndopak>وَإِذَا ٱلۡقُبُورُ بُعۡثِرَتۡ</textIndopak>
    <translations>
      <translation>
        <author>Dr. Mustafa Khattab, the Clear Quran</author>
        <text>and when the graves spill out,</text>
      </translation>
    </translations>
  </verse>
  <verse>
    <verseIdArabic>٥</verseIdArabic>
    <verseId>5</verseId>
    <chapterId>82</chapterId>
    <textIndopak>عَلِمَتۡ نَفۡسٞ مَّا قَدَّمَتۡ وَأَخَّرَتۡ</textIndopak>
    <translations>
      <translation>
        <author>Dr. Mustafa Khattab, the Clear Quran</author>
        <text>˹then˺ each soul will know what it has sent forth or left behind.</text>
      </translation>
    </translations>
    <rules>[{"start": 16, "end": 19, "rule_id": 0}, {"start": 13, "end": 19, "rule_id": 3}]</rules>
  </verse>
  <verse>
    <verseIdArabic>٦</verseIdArabic>
    <verseId>6</verseId>
    <chapterId>82</chapterId>
    <textIndopak>يَٰٓأَيُّهَا ٱلۡإِنسَٰنُ مَا غَرَّكَ بِرَبِّكَ ٱلۡكَرِيمِ</textIndopak>
    <translations>
      <translation>
        <author>Dr. Mustafa Khattab, the Clear Quran</author>
        <text>O humanity! What has emboldened you against your Lord, the Most Generous,</text>
      </translation>
    </translations>
    <rules>[{"start": 18, "end": 22, "rule_id": 6}]</rules>
  </verse>
  <verse>
    <verseIdArabic>٧</verseIdArabic>
    <verseId>7</verseId>
    <chapterId>82</chapterId>
    <textIndopak>ٱلَّذِي خَلَقَكَ فَسَوَّىٰكَ فَعَدَلَكَ</textIndopak>
    <translations>
      <translation>
        <author>Dr. Mustafa Khattab, the Clear Quran</author>
        <text>Who created you, fashioned you, and perfected your design,</text>
      </translation>
    </translations>
  </verse>
  <verse>
    <verseIdArabic>٨</verseIdArabic>
    <verseId>8</verseId>
    <chapterId>82</chapterId>
    <textIndopak>فِيٓ أَيِّ صُورَةٖ مَّا شَآءَ رَكَّبَكَ</textIndopak>
    <translations>
      <translation>
        <author>Dr. Mustafa Khattab, the Clear Quran</author>
        <text>moulding you in whatever form He willed?</text>
      </translation>
    </translations>
    <rules>[{"start": 19, "end": 22, "rule_id": 0}, {"start": 16, "end": 22, "rule_id": 3}]</rules>
  </verse>
  <verse>
    <verseIdArabic>٩</verseIdArabic>
    <verseId>9</verseId>
    <chapterId>82</chapterId>
    <textIndopak>كـَلَّا بَلۡ تُكَذِّبُونَ بِٱلدِّينِ</textIndopak>
    <translations>
      <translation>
        <author>Dr. Mustafa Khattab, the Clear Quran</author>
        <text>But no! In fact, you deny the ˹final˺ Judgment,</text>
      </translation>
    </translations>
  </verse>
  <verse>
    <verseIdArabic>١٠</verseIdArabic>
    <verseId>10</verseId>
    <chapterId>82</chapterId>
    <textIndopak>وَإِنَّ عَلَيۡكُمۡ لَحَٰفِظِينَ</textIndopak>
    <translations>
      <translation>
        <author>Dr. Mustafa Khattab, the Clear Quran</author>
        <text>while you are certainly observed by vigilant,</text>
      </translation>
    </translations>
    <rules>[{"start": 4, "end": 7, "rule_id": 0}]</rules>
  </verse>
  <verse>
    <verseIdArabic>١١</verseIdArabic>
    <verseId>11</verseId>
    <chapterId>82</chapterId>
    <textIndopak>كِرَامٗا كَٰتِبِينَ</textIndopak>
    <translations>
      <translation>
        <author>Dr. Mustafa Khattab, the Clear Quran</author>
        <text>honourable angels, recording ˹everything˺.</text>
      </translation>
    </translations>
  </verse>
  <verse>
    <verseIdArabic>١٢</verseIdArabic>
    <verseId>12</verseId>
    <chapterId>82</chapterId>
    <textIndopak>يَعۡلَمُونَ مَا تَفۡعَلُونَ</textIndopak>
    <translations>
      <translation>
        <author>Dr. Mustafa Khattab, the Clear Quran</author>
        <text>They know whatever you do.</text>
      </translation>
    </translations>
  </verse>
  <verse>
    <verseIdArabic>١٣</verseIdArabic>
    <verseId>13</verseId>
    <chapterId>82</chapterId>
    <textIndopak>إِنَّ ٱلۡأَبۡرَارَ لَفِي نَعِيمٖ</textIndopak>
    <translations>
      <translation>
        <author>Dr. Mustafa Khattab, the Clear Quran</author>
        <text>Indeed, the virtuous will be in bliss,</text>
      </translation>
    </translations>
    <rules>[{"start": 2, "end": 5, "rule_id": 0}, {"start": 11, "end": 13, "rule_id": 1}]</rules>
  </verse>
  <verse>
    <verseIdArabic>١٤</verseIdArabic>
    <verseId>14</verseId>
    <chapterId>82</chapterId>
    <textIndopak>وَإِنَّ ٱلۡفُجَّارَ لَفِي جَحِيمٖ</textIndopak>
    <translations>
      <translation>
        <author>Dr. Mustafa Khattab, the Clear Quran</author>
        <text>and the wicked will be in Hell,</text>
      </translation>
    </translations>
    <rules>[{"start": 4, "end": 7, "rule_id": 0}]</rules>
  </verse>
  <verse>
    <verseIdArabic>١٥</verseIdArabic>
    <verseId>15</verseId>
    <chapterId>82</chapterId>
    <textIndopak>يَصۡلَوۡنَهَا يَوۡمَ ٱلدِّينِ</textIndopak>
    <translations>
      <translation>
        <author>Dr. Mustafa Khattab, the Clear Quran</author>
        <text>burning in it on Judgment Day,</text>
      </translation>
    </translations>
  </verse>
  <verse>
    <verseIdArabic>١٦</verseIdArabic>
    <verseId>16</verseId>
    <chapterId>82</chapterId>
    <textIndopak>وَمَا هُمۡ عَنۡهَا بِغَآئِبِينَ</textIndopak>
    <translations>
      <translation>
        <author>Dr. Mustafa Khattab, the Clear Quran</author>
        <text>and they will have no escape from it.</text>
      </translation>
    </translations>
  </verse>
  <verse>
    <verseIdArabic>١٧</verseIdArabic>
    <verseId>17</verseId>
    <chapterId>82</chapterId>
    <textIndopak>وَمَآ أَدۡرَىٰكَ مَا يَوۡمُ ٱلدِّينِ</textIndopak>
    <translations>
      <translation>
        <author>Dr. Mustafa Khattab, the Clear Quran</author>
        <text>What will make you realize what Judgment Day is?</text>
      </translation>
    </translations>
    <rules>[{"start": 9, "end": 11, "rule_id": 1}]</rules>
  </verse>
  <verse>
    <verseIdArabic>١٨</verseIdArabic>
    <verseId>18</verseId>
    <chapterId>82</chapterId>
    <textIndopak>ثُمَّ مَآ أَدۡرَىٰكَ مَا يَوۡمُ ٱلدِّينِ</textIndopak>
    <translations>
      <translation>
        <author>Dr. Mustafa Khattab, the Clear Quran</author>
        <text>Again, what will make you realize what Judgment Day is?</text>
      </translation>
    </translations>
    <rules>[{"start": 2, "end": 5, "rule_id": 0}, {"start": 13, "end": 15, "rule_id": 1}]</rules>
  </verse>
  <verse>
    <verseIdArabic>١٩</verseIdArabic>
    <verseId>19</verseId>
    <chapterId>82</chapterId>
    <textIndopak>يَوۡمَ لَا تَمۡلِكُ نَفۡسٞ لِّنَفۡسٖ شَيۡـٔٗاۖ وَٱلۡأَمۡرُ يَوۡمَئِذٖ لِّلَّهِ</textIndopak>
    <translations>
      <translation>
        <author>Dr. Mustafa Khattab, the Clear Quran</author>
        <text>˹It is˺ the Day no soul will be of ˹any˺ benefit to another whatsoever, for all authority on that Day belongs to Allah ˹entirely˺.</text>
      </translation>
    </translations>
    <rules>[{"start": 42, "end": 50, "rule_id": 3}, {"start": 24, "end": 30, "rule_id": 5}, {"start": 68, "end": 74, "rule_id": 5}, {"start": 34, "end": 39, "rule_id": 6}]</rules>
  </verse>
</verses>
