<?xml version="1.0" encoding="UTF-8"?>

<verses>
  <verse>
    <verseIdArabic>١</verseIdArabic>
    <verseId>1</verseId>
    <chapterId>83</chapterId>
    <textIndopak>وَيۡلٞ لِّلۡمُطَفِّفِينَ</textIndopak>
    <translations>
      <translation>
        <author>Dr. Mustafa Khattab, the Clear Quran</author>
        <text>Woe to the defrauders!</text>
      </translation>
    </translations>
    <rules>[{"start": 4, "end": 10, "rule_id": 5}]</rules>
  </verse>
  <verse>
    <verseIdArabic>٢</verseIdArabic>
    <verseId>2</verseId>
    <chapterId>83</chapterId>
    <textIndopak>ٱلَّذِينَ إِذَا ٱكۡتَالُواْ عَلَى ٱلنَّاسِ يَسۡتَوۡفُونَ</textIndopak>
    <translations>
      <translation>
        <author>Dr. Mustafa Khattab, the Clear Quran</author>
        <text>Those who take full measure ˹when they buy˺ from people,</text>
      </translation>
    </translations>
    <rules>[{"start": 36, "end": 39, "rule_id": 0}]</rules>
  </verse>
  <verse>
    <verseIdArabic>٣</verseIdArabic>
    <verseId>3</verseId>
    <chapterId>83</chapterId>
    <textIndopak>وَإِذَا كَالُوهُمۡ أَو وَّزَنُوهُمۡ يُخۡسِرُونَ</textIndopak>
    <translations>
      <translation>
        <author>Dr. Mustafa Khattab, the Clear Quran</author>
        <text>but give less when they measure or weigh for buyers.</text>
      </translation>
    </translations>
  </verse>
  <verse>
    <verseIdArabic>٤</verseIdArabic>
    <verseId>4</verseId>
    <chapterId>83</chapterId>
    <textIndopak>أَلَا يَظُنُّ أُوْلَٰٓئِكَ أَنَّهُم مَّبۡعُوثُونَ</textIndopak>
    <translations>
      <translation>
        <author>Dr. Mustafa Khattab, the Clear Quran</author>
        <text>Do such people not think that they will be resurrected</text>
      </translation>
    </translations>
    <rules>[{"start": 10, "end": 13, "rule_id": 0}, {"start": 29, "end": 32, "rule_id": 0}, {"start": 36, "end": 39, "rule_id": 0}, {"start": 39, "end": 41, "rule_id": 1}, {"start": 34, "end": 39, "rule_id": 4}]</rules>
  </verse>
  <verse>
    <verseIdArabic>٥</verseIdArabic>
    <verseId>5</verseId>
    <chapterId>83</chapterId>
    <textIndopak>لِيَوۡمٍ عَظِيمٖ</textIndopak>
    <translations>
      <translation>
        <author>Dr. Mustafa Khattab, the Clear Quran</author>
        <text>for a tremendous Day—</text>
      </translation>
    </translations>
  </verse>
  <verse>
    <verseIdArabic>٦</verseIdArabic>
    <verseId>6</verseId>
    <chapterId>83</chapterId>
    <textIndopak>يَوۡمَ يَقُومُ ٱلنَّاسُ لِرَبِّ ٱلۡعَٰلَمِينَ</textIndopak>
    <translations>
      <translation>
        <author>Dr. Mustafa Khattab, the Clear Quran</author>
        <text>the Day ˹all˺ people will stand before the Lord of all worlds?</text>
      </translation>
    </translations>
    <rules>[{"start": 17, "end": 20, "rule_id": 0}]</rules>
  </verse>
  <verse>
    <verseIdArabic>٧</verseIdArabic>
    <verseId>7</verseId>
    <chapterId>83</chapterId>
    <textIndopak>كـَلَّآ إِنَّ كِتَٰبَ ٱلۡفُجَّارِ لَفِي سِجِّينٖ</textIndopak>
    <translations>
      <translation>
        <author>Dr. Mustafa Khattab, the Clear Quran</author>
        <text>But no! The wicked are certainly bound for Sijjîn ˹in the depths of Hell˺—</text>
      </translation>
    </translations>
    <rules>[{"start": 10, "end": 13, "rule_id": 0}]</rules>
  </verse>
  <verse>
    <verseIdArabic>٨</verseIdArabic>
    <verseId>8</verseId>
    <chapterId>83</chapterId>
    <textIndopak>وَمَآ أَدۡرَىٰكَ مَا سِجِّينٞ</textIndopak>
    <translations>
      <translation>
        <author>Dr. Mustafa Khattab, the Clear Quran</author>
        <text>and what will make you realize what Sijjîn is?—</text>
      </translation>
    </translations>
    <rules>[{"start": 9, "end": 11, "rule_id": 1}]</rules>
  </verse>
  <verse>
    <verseIdArabic>٩</verseIdArabic>
    <verseId>9</verseId>
    <chapterId>83</chapterId>
    <textIndopak>كِتَٰبٞ مَّرۡقُومٞ</textIndopak>
    <translations>
      <translation>
        <author>Dr. Mustafa Khattab, the Clear Quran</author>
        <text>a fate ˹already˺ sealed.</text>
      </translation>
    </translations>
    <rules>[{"start": 8, "end": 11, "rule_id": 0}, {"start": 5, "end": 11, "rule_id": 3}]</rules>
  </verse>
  <verse>
    <verseIdArabic>١٠</verseIdArabic>
    <verseId>10</verseId>
    <chapterId>83</chapterId>
    <textIndopak>وَيۡلٞ يَوۡمَئِذٖ لِّلۡمُكَذِّبِينَ</textIndopak>
    <translations>
      <translation>
        <author>Dr. Mustafa Khattab, the Clear Quran</author>
        <text>Woe on that Day to the deniers—</text>
      </translation>
    </translations>
    <rules>[{"start": 4, "end": 9, "rule_id": 3}, {"start": 15, "end": 21, "rule_id": 5}]</rules>
  </verse>
  <verse>
    <verseIdArabic>١١</verseIdArabic>
    <verseId>11</verseId>
    <chapterId>83</chapterId>
    <textIndopak>ٱلَّذِينَ يُكَذِّبُونَ بِيَوۡمِ ٱلدِّينِ</textIndopak>
    <translations>
      <translation>
        <author>Dr. Mustafa Khattab, the Clear Quran</author>
        <text>those who deny Judgment Day!</text>
      </translation>
    </translations>
  </verse>
  <verse>
    <verseIdArabic>١٢</verseIdArabic>
    <verseId>12</verseId>
    <chapterId>83</chapterId>
    <textIndopak>وَمَا يُكَذِّبُ بِهِۦٓ إِلَّا كُلُّ مُعۡتَدٍ أَثِيمٍ</textIndopak>
    <translations>
      <translation>
        <author>Dr. Mustafa Khattab, the Clear Quran</author>
        <text>None would deny it except every evildoing transgressor.</text>
      </translation>
    </translations>
  </verse>
  <verse>
    <verseIdArabic>١٣</verseIdArabic>
    <verseId>13</verseId>
    <chapterId>83</chapterId>
    <textIndopak>إِذَا تُتۡلَىٰ عَلَيۡهِ ءَايَٰتُنَا قَالَ أَسَٰطِيرُ ٱلۡأَوَّلِينَ</textIndopak>
    <translations>
      <translation>
        <author>Dr. Mustafa Khattab, the Clear Quran</author>
        <text>Whenever Our revelations are recited to them, they say, “Ancient fables!”</text>
      </translation>
    </translations>
  </verse>
  <verse>
    <verseIdArabic>١٤</verseIdArabic>
    <verseId>14</verseId>
    <chapterId>83</chapterId>
    <textIndopak>كـَلَّاۖ بَلۡۜ رَانَ عَلَىٰ قُلُوبِهِم مَّا كَانُواْ يَكۡسِبُونَ</textIndopak>
    <translations>
      <translation>
        <author>Dr. Mustafa Khattab, the Clear Quran</author>
        <text>But no! In fact, their hearts have been stained by all ˹the evil˺ they used to commit!</text>
      </translation>
    </translations>
    <rules>[{"start": 40, "end": 43, "rule_id": 0}, {"start": 38, "end": 43, "rule_id": 4}]</rules>
  </verse>
  <verse>
    <verseIdArabic>١٥</verseIdArabic>
    <verseId>15</verseId>
    <chapterId>83</chapterId>
    <textIndopak>كـَلَّآ إِنَّهُمۡ عَن رَّبِّهِمۡ يَوۡمَئِذٖ لَّمَحۡجُوبُونَ</textIndopak>
    <translations>
      <translation>
        <author>Dr. Mustafa Khattab, the Clear Quran</author>
        <text>Undoubtedly, they will be sealed off from their Lord on that Day.</text>
      </translation>
    </translations>
    <rules>[{"start": 10, "end": 13, "rule_id": 0}, {"start": 20, "end": 25, "rule_id": 5}, {"start": 41, "end": 47, "rule_id": 5}]</rules>
  </verse>
  <verse>
    <verseIdArabic>١٦</verseIdArabic>
    <verseId>16</verseId>
    <chapterId>83</chapterId>
    <textIndopak>ثُمَّ إِنَّهُمۡ لَصَالُواْ ٱلۡجَحِيمِ</textIndopak>
    <translations>
      <translation>
        <author>Dr. Mustafa Khattab, the Clear Quran</author>
        <text>Moreover, they will surely burn in Hell,</text>
      </translation>
    </translations>
    <rules>[{"start": 2, "end": 5, "rule_id": 0}, {"start": 8, "end": 11, "rule_id": 0}]</rules>
  </verse>
  <verse>
    <verseIdArabic>١٧</verseIdArabic>
    <verseId>17</verseId>
    <chapterId>83</chapterId>
    <textIndopak>ثُمَّ يُقَالُ هَٰذَا ٱلَّذِي كُنتُم بِهِۦ تُكَذِّبُونَ</textIndopak>
    <translations>
      <translation>
        <author>Dr. Mustafa Khattab, the Clear Quran</author>
        <text>and then be told, “This is what you used to deny.”</text>
      </translation>
    </translations>
    <rules>[{"start": 2, "end": 5, "rule_id": 0}, {"start": 31, "end": 34, "rule_id": 6}, {"start": 34, "end": 38, "rule_id": 7}]</rules>
  </verse>
  <verse>
    <verseIdArabic>١٨</verseIdArabic>
    <verseId>18</verseId>
    <chapterId>83</chapterId>
    <textIndopak>كـَلَّآ إِنَّ كِتَٰبَ ٱلۡأَبۡرَارِ لَفِي عِلِّيِّينَ</textIndopak>
    <translations>
      <translation>
        <author>Dr. Mustafa Khattab, the Clear Quran</author>
        <text>But no! The virtuous are certainly bound for ’Illiyûn ˹in elevated Gardens˺—</text>
      </translation>
    </translations>
    <rules>[{"start": 10, "end": 13, "rule_id": 0}, {"start": 27, "end": 29, "rule_id": 1}]</rules>
  </verse>
  <verse>
    <verseIdArabic>١٩</verseIdArabic>
    <verseId>19</verseId>
    <chapterId>83</chapterId>
    <textIndopak>وَمَآ أَدۡرَىٰكَ مَا عِلِّيُّونَ</textIndopak>
    <translations>
      <translation>
        <author>Dr. Mustafa Khattab, the Clear Quran</author>
        <text>and what will make you realize what ’Illiyûn is?—</text>
      </translation>
    </translations>
    <rules>[{"start": 9, "end": 11, "rule_id": 1}]</rules>
  </verse>
  <verse>
    <verseIdArabic>٢٠</verseIdArabic>
    <verseId>20</verseId>
    <chapterId>83</chapterId>
    <textIndopak>كِتَٰبٞ مَّرۡقُومٞ</textIndopak>
    <translations>
      <translation>
        <author>Dr. Mustafa Khattab, the Clear Quran</author>
        <text>a fate ˹already˺ sealed,</text>
      </translation>
    </translations>
    <rules>[{"start": 8, "end": 11, "rule_id": 0}, {"start": 5, "end": 11, "rule_id": 3}]</rules>
  </verse>
  <verse>
    <verseIdArabic>٢١</verseIdArabic>
    <verseId>21</verseId>
    <chapterId>83</chapterId>
    <textIndopak>يَشۡهَدُهُ ٱلۡمُقَرَّبُونَ</textIndopak>
    <translations>
      <translation>
        <author>Dr. Mustafa Khattab, the Clear Quran</author>
        <text>witnessed by those nearest ˹to Allah˺.</text>
      </translation>
    </translations>
  </verse>
  <verse>
    <verseIdArabic>٢٢</verseIdArabic>
    <verseId>22</verseId>
    <chapterId>83</chapterId>
    <textIndopak>إِنَّ ٱلۡأَبۡرَارَ لَفِي نَعِيمٍ</textIndopak>
    <translations>
      <translation>
        <author>Dr. Mustafa Khattab, the Clear Quran</author>
        <text>Surely the virtuous will be in bliss,</text>
      </translation>
    </translations>
    <rules>[{"start": 2, "end": 5, "rule_id": 0}, {"start": 11, "end": 13, "rule_id": 1}]</rules>
  </verse>
  <verse>
    <verseIdArabic>٢٣</verseIdArabic>
    <verseId>23</verseId>
    <chapterId>83</chapterId>
    <textIndopak>عَلَى ٱلۡأَرَآئِكِ يَنظُرُونَ</textIndopak>
    <translations>
      <translation>
        <author>Dr. Mustafa Khattab, the Clear Quran</author>
        <text>˹seated˺ on ˹canopied˺ couches, gazing around.</text>
      </translation>
    </translations>
    <rules>[{"start": 22, "end": 25, "rule_id": 6}]</rules>
  </verse>
  <verse>
    <verseIdArabic>٢٤</verseIdArabic>
    <verseId>24</verseId>
    <chapterId>83</chapterId>
    <textIndopak>تَعۡرِفُ فِي وُجُوهِهِمۡ نَضۡرَةَ ٱلنَّعِيمِ</textIndopak>
    <translations>
      <translation>
        <author>Dr. Mustafa Khattab, the Clear Quran</author>
        <text>You will recognize on their faces the glow of delight.</text>
      </translation>
    </translations>
    <rules>[{"start": 36, "end": 39, "rule_id": 0}]</rules>
  </verse>
  <verse>
    <verseIdArabic>٢٥</verseIdArabic>
    <verseId>25</verseId>
    <chapterId>83</chapterId>
    <textIndopak>يُسۡقَوۡنَ مِن رَّحِيقٖ مَّخۡتُومٍ</textIndopak>
    <translations>
      <translation>
        <author>Dr. Mustafa Khattab, the Clear Quran</author>
        <text>They will be given a drink of sealed, pure wine,</text>
      </translation>
    </translations>
    <rules>[{"start": 24, "end": 27, "rule_id": 0}, {"start": 21, "end": 27, "rule_id": 3}, {"start": 13, "end": 18, "rule_id": 5}]</rules>
  </verse>
  <verse>
    <verseIdArabic>٢٦</verseIdArabic>
    <verseId>26</verseId>
    <chapterId>83</chapterId>
    <textIndopak>خِتَٰمُهُۥ مِسۡكٞۚ وَفِي ذَٰلِكَ فَلۡيَتَنَافَسِ ٱلۡمُتَنَٰفِسُونَ</textIndopak>
    <translations>
      <translation>
        <author>Dr. Mustafa Khattab, the Clear Quran</author>
        <text>whose last sip will smell like musk. So let whoever aspires to this strive ˹diligently˺.</text>
      </translation>
    </translations>
  </verse>
  <verse>
    <verseIdArabic>٢٧</verseIdArabic>
    <verseId>27</verseId>
    <chapterId>83</chapterId>
    <textIndopak>وَمِزَاجُهُۥ مِن تَسۡنِيمٍ</textIndopak>
    <translations>
      <translation>
        <author>Dr. Mustafa Khattab, the Clear Quran</author>
        <text>And this drink’s flavour will come from Tasnîm—</text>
      </translation>
    </translations>
    <rules>[{"start": 15, "end": 19, "rule_id": 6}]</rules>
  </verse>
  <verse>
    <verseIdArabic>٢٨</verseIdArabic>
    <verseId>28</verseId>
    <chapterId>83</chapterId>
    <textIndopak>عَيۡنٗا يَشۡرَبُ بِهَا ٱلۡمُقَرَّبُونَ</textIndopak>
    <translations>
      <translation>
        <author>Dr. Mustafa Khattab, the Clear Quran</author>
        <text>a spring from which those nearest ˹to Allah˺ will drink.</text>
      </translation>
    </translations>
    <rules>[{"start": 4, "end": 10, "rule_id": 3}]</rules>
  </verse>
  <verse>
    <verseIdArabic>٢٩</verseIdArabic>
    <verseId>29</verseId>
    <chapterId>83</chapterId>
    <textIndopak>إِنَّ ٱلَّذِينَ أَجۡرَمُواْ كَانُواْ مِنَ ٱلَّذِينَ ءَامَنُواْ يَضۡحَكُونَ</textIndopak>
    <translations>
      <translation>
        <author>Dr. Mustafa Khattab, the Clear Quran</author>
        <text>Indeed, the wicked used to laugh at the believers,</text>
      </translation>
    </translations>
    <rules>[{"start": 2, "end": 5, "rule_id": 0}, {"start": 18, "end": 20, "rule_id": 1}]</rules>
  </verse>
  <verse>
    <verseIdArabic>٣٠</verseIdArabic>
    <verseId>30</verseId>
    <chapterId>83</chapterId>
    <textIndopak>وَإِذَا مَرُّواْ بِهِمۡ يَتَغَامَزُونَ</textIndopak>
    <translations>
      <translation>
        <author>Dr. Mustafa Khattab, the Clear Quran</author>
        <text>wink to one another whenever they passed by,</text>
      </translation>
    </translations>
  </verse>
  <verse>
    <verseIdArabic>٣١</verseIdArabic>
    <verseId>31</verseId>
    <chapterId>83</chapterId>
    <textIndopak>وَإِذَا ٱنقَلَبُوٓاْ إِلَىٰٓ أَهۡلِهِمُ ٱنقَلَبُواْ فَكِهِينَ</textIndopak>
    <translations>
      <translation>
        <author>Dr. Mustafa Khattab, the Clear Quran</author>
        <text>and muse ˹over these exploits˺ upon returning to their own people.</text>
      </translation>
    </translations>
    <rules>[{"start": 9, "end": 12, "rule_id": 6}, {"start": 41, "end": 44, "rule_id": 6}]</rules>
  </verse>
  <verse>
    <verseIdArabic>٣٢</verseIdArabic>
    <verseId>32</verseId>
    <chapterId>83</chapterId>
    <textIndopak>وَإِذَا رَأَوۡهُمۡ قَالُوٓاْ إِنَّ هَٰٓؤُلَآءِ لَضَآلُّونَ</textIndopak>
    <translations>
      <translation>
        <author>Dr. Mustafa Khattab, the Clear Quran</author>
        <text>And when they saw the faithful, they would say, “These ˹people˺ are truly astray,”</text>
      </translation>
    </translations>
    <rules>[{"start": 31, "end": 34, "rule_id": 0}]</rules>
  </verse>
  <verse>
    <verseIdArabic>٣٣</verseIdArabic>
    <verseId>33</verseId>
    <chapterId>83</chapterId>
    <textIndopak>وَمَآ أُرۡسِلُواْ عَلَيۡهِمۡ حَٰفِظِينَ</textIndopak>
    <translations>
      <translation>
        <author>Dr. Mustafa Khattab, the Clear Quran</author>
        <text>even though they were not sent as keepers over the believers.</text>
      </translation>
    </translations>
  </verse>
  <verse>
    <verseIdArabic>٣٤</verseIdArabic>
    <verseId>34</verseId>
    <chapterId>83</chapterId>
    <textIndopak>فَٱلۡيَوۡمَ ٱلَّذِينَ ءَامَنُواْ مِنَ ٱلۡكُفَّارِ يَضۡحَكُونَ</textIndopak>
    <translations>
      <translation>
        <author>Dr. Mustafa Khattab, the Clear Quran</author>
        <text>But on that Day the believers will be laughing at the disbelievers,</text>
      </translation>
    </translations>
  </verse>
  <verse>
    <verseIdArabic>٣٥</verseIdArabic>
    <verseId>35</verseId>
    <chapterId>83</chapterId>
    <textIndopak>عَلَى ٱلۡأَرَآئِكِ يَنظُرُونَ</textIndopak>
    <translations>
      <translation>
        <author>Dr. Mustafa Khattab, the Clear Quran</author>
        <text>as they sit on ˹canopied˺ couches, looking on.</text>
      </translation>
    </translations>
    <rules>[{"start": 22, "end": 25, "rule_id": 6}]</rules>
  </verse>
  <verse>
    <verseIdArabic>٣٦</verseIdArabic>
    <verseId>36</verseId>
    <chapterId>83</chapterId>
    <textIndopak>هَلۡ ثُوِّبَ ٱلۡكُفَّارُ مَا كَانُواْ يَفۡعَلُونَ</textIndopak>
    <translations>
      <translation>
        <author>Dr. Mustafa Khattab, the Clear Quran</author>
        <text>˹The believers will be asked,˺ “Have the disbelievers ˹not˺ been paid back for what they used to do?”</text>
      </translation>
    </translations>
  </verse>
</verses>
