<?xml version="1.0" encoding="UTF-8"?>

<verses>
  <verse>
    <verseIdArabic>١</verseIdArabic>
    <verseId>1</verseId>
    <chapterId>86</chapterId>
    <textIndopak>وَٱلسَّمَآءِ وَٱلطَّارِقِ</textIndopak>
    <translations>
      <translation>
        <author>Dr. Mustafa Khattab, the Clear Quran</author>
        <text>By the heaven and the nightly star!</text>
      </translation>
    </translations>
    <rules>[{"start": 24, "end": 26, "rule_id": 1}]</rules>
  </verse>
  <verse>
    <verseIdArabic>٢</verseIdArabic>
    <verseId>2</verseId>
    <chapterId>86</chapterId>
    <textIndopak>وَمَآ أَدۡرَىٰكَ مَا ٱلطَّارِقُ</textIndopak>
    <translations>
      <translation>
        <author>Dr. Mustafa Khattab, the Clear Quran</author>
        <text>And what will make you realize what the nightly star is?</text>
      </translation>
    </translations>
    <rules>[{"start": 9, "end": 11, "rule_id": 1}, {"start": 30, "end": 32, "rule_id": 1}]</rules>
  </verse>
  <verse>
    <verseIdArabic>٣</verseIdArabic>
    <verseId>3</verseId>
    <chapterId>86</chapterId>
    <textIndopak>ٱلنَّجۡمُ ٱلثَّاقِبُ</textIndopak>
    <translations>
      <translation>
        <author>Dr. Mustafa Khattab, the Clear Quran</author>
        <text>˹It is˺ the star of piercing brightness.</text>
      </translation>
    </translations>
    <rules>[{"start": 2, "end": 5, "rule_id": 0}, {"start": 5, "end": 7, "rule_id": 1}, {"start": 18, "end": 20, "rule_id": 1}]</rules>
  </verse>
  <verse>
    <verseIdArabic>٤</verseIdArabic>
    <verseId>4</verseId>
    <chapterId>86</chapterId>
    <textIndopak>إِن كُلُّ نَفۡسٖ لَّمَّا عَلَيۡهَا حَافِظٞ</textIndopak>
    <translations>
      <translation>
        <author>Dr. Mustafa Khattab, the Clear Quran</author>
        <text>There is no soul without a vigilant angel ˹recording everything˺.</text>
      </translation>
    </translations>
    <rules>[{"start": 20, "end": 23, "rule_id": 0}, {"start": 14, "end": 20, "rule_id": 5}, {"start": 2, "end": 6, "rule_id": 6}]</rules>
  </verse>
  <verse>
    <verseIdArabic>٥</verseIdArabic>
    <verseId>5</verseId>
    <chapterId>86</chapterId>
    <textIndopak>فَلۡيَنظُرِ ٱلۡإِنسَٰنُ مِمَّ خُلِقَ</textIndopak>
    <translations>
      <translation>
        <author>Dr. Mustafa Khattab, the Clear Quran</author>
        <text>Let people then consider what they were created from!</text>
      </translation>
    </translations>
    <rules>[{"start": 26, "end": 29, "rule_id": 0}, {"start": 34, "end": 36, "rule_id": 1}, {"start": 6, "end": 9, "rule_id": 6}, {"start": 17, "end": 21, "rule_id": 6}]</rules>
  </verse>
  <verse>
    <verseIdArabic>٦</verseIdArabic>
    <verseId>6</verseId>
    <chapterId>86</chapterId>
    <textIndopak>خُلِقَ مِن مَّآءٖ دَافِقٖ</textIndopak>
    <translations>
      <translation>
        <author>Dr. Mustafa Khattab, the Clear Quran</author>
        <text>˹They were˺ created from a spurting fluid,</text>
      </translation>
    </translations>
    <rules>[{"start": 11, "end": 14, "rule_id": 0}, {"start": 24, "end": 26, "rule_id": 1}, {"start": 9, "end": 14, "rule_id": 3}, {"start": 16, "end": 21, "rule_id": 6}]</rules>
  </verse>
  <verse>
    <verseIdArabic>٧</verseIdArabic>
    <verseId>7</verseId>
    <chapterId>86</chapterId>
    <textIndopak>يَخۡرُجُ مِنۢ بَيۡنِ ٱلصُّلۡبِ وَٱلتَّرَآئِبِ</textIndopak>
    <translations>
      <translation>
        <author>Dr. Mustafa Khattab, the Clear Quran</author>
        <text>stemming from between the backbone and the ribcage.</text>
      </translation>
    </translations>
    <rules>[{"start": 44, "end": 46, "rule_id": 1}, {"start": 11, "end": 16, "rule_id": 2}]</rules>
  </verse>
  <verse>
    <verseIdArabic>٨</verseIdArabic>
    <verseId>8</verseId>
    <chapterId>86</chapterId>
    <textIndopak>إِنَّهُۥ عَلَىٰ رَجۡعِهِۦ لَقَادِرٞ</textIndopak>
    <translations>
      <translation>
        <author>Dr. Mustafa Khattab, the Clear Quran</author>
        <text>Surely He is fully capable of bringing them back ˹to life˺</text>
      </translation>
    </translations>
    <rules>[{"start": 2, "end": 5, "rule_id": 0}, {"start": 18, "end": 20, "rule_id": 1}]</rules>
  </verse>
  <verse>
    <verseIdArabic>٩</verseIdArabic>
    <verseId>9</verseId>
    <chapterId>86</chapterId>
    <textIndopak>يَوۡمَ تُبۡلَى ٱلسَّرَآئِرُ</textIndopak>
    <translations>
      <translation>
        <author>Dr. Mustafa Khattab, the Clear Quran</author>
        <text>on the Day all secrets will be disclosed.</text>
      </translation>
    </translations>
    <rules>[{"start": 9, "end": 11, "rule_id": 1}]</rules>
  </verse>
  <verse>
    <verseIdArabic>١٠</verseIdArabic>
    <verseId>10</verseId>
    <chapterId>86</chapterId>
    <textIndopak>فَمَا لَهُۥ مِن قُوَّةٖ وَلَا نَاصِرٖ</textIndopak>
    <translations>
      <translation>
        <author>Dr. Mustafa Khattab, the Clear Quran</author>
        <text>Then one will have neither power nor ˹any˺ helper.</text>
      </translation>
    </translations>
    <rules>[{"start": 21, "end": 26, "rule_id": 3}, {"start": 14, "end": 18, "rule_id": 6}]</rules>
  </verse>
  <verse>
    <verseIdArabic>١١</verseIdArabic>
    <verseId>11</verseId>
    <chapterId>86</chapterId>
    <textIndopak>وَٱلسَّمَآءِ ذَاتِ ٱلرَّجۡعِ</textIndopak>
    <translations>
      <translation>
        <author>Dr. Mustafa Khattab, the Clear Quran</author>
        <text>By the sky with its recurring cycles,</text>
      </translation>
    </translations>
    <rules>[{"start": 25, "end": 27, "rule_id": 1}]</rules>
  </verse>
  <verse>
    <verseIdArabic>١٢</verseIdArabic>
    <verseId>12</verseId>
    <chapterId>86</chapterId>
    <textIndopak>وَٱلۡأَرۡضِ ذَاتِ ٱلصَّدۡعِ</textIndopak>
    <translations>
      <translation>
        <author>Dr. Mustafa Khattab, the Clear Quran</author>
        <text>and the earth with its sprouting plants!</text>
      </translation>
    </translations>
    <rules>[{"start": 23, "end": 25, "rule_id": 1}]</rules>
  </verse>
  <verse>
    <verseIdArabic>١٣</verseIdArabic>
    <verseId>13</verseId>
    <chapterId>86</chapterId>
    <textIndopak>إِنَّهُۥ لَقَوۡلٞ فَصۡلٞ</textIndopak>
    <translations>
      <translation>
        <author>Dr. Mustafa Khattab, the Clear Quran</author>
        <text>Surely this ˹Quran˺ is a decisive word,</text>
      </translation>
    </translations>
    <rules>[{"start": 2, "end": 5, "rule_id": 0}, {"start": 15, "end": 20, "rule_id": 6}]</rules>
  </verse>
  <verse>
    <verseIdArabic>١٤</verseIdArabic>
    <verseId>14</verseId>
    <chapterId>86</chapterId>
    <textIndopak>وَمَا هُوَ بِٱلۡهَزۡلِ</textIndopak>
    <translations>
      <translation>
        <author>Dr. Mustafa Khattab, the Clear Quran</author>
        <text>and is not to be taken lightly.</text>
      </translation>
    </translations>
  </verse>
  <verse>
    <verseIdArabic>١٥</verseIdArabic>
    <verseId>15</verseId>
    <chapterId>86</chapterId>
    <textIndopak>إِنَّهُمۡ يَكِيدُونَ كَيۡدٗا</textIndopak>
    <translations>
      <translation>
        <author>Dr. Mustafa Khattab, the Clear Quran</author>
        <text>They are certainly devising ˹evil˺ plans,</text>
      </translation>
    </translations>
    <rules>[{"start": 2, "end": 5, "rule_id": 0}]</rules>
  </verse>
  <verse>
    <verseIdArabic>١٦</verseIdArabic>
    <verseId>16</verseId>
    <chapterId>86</chapterId>
    <textIndopak>وَأَكِيدُ كَيۡدٗا</textIndopak>
    <translations>
      <translation>
        <author>Dr. Mustafa Khattab, the Clear Quran</author>
        <text>but I too am planning.</text>
      </translation>
    </translations>
  </verse>
  <verse>
    <verseIdArabic>١٧</verseIdArabic>
    <verseId>17</verseId>
    <chapterId>86</chapterId>
    <textIndopak>فَمَهِّلِ ٱلۡكَٰفِرِينَ أَمۡهِلۡهُمۡ رُوَيۡدَۢا</textIndopak>
    <translations>
      <translation>
        <author>Dr. Mustafa Khattab, the Clear Quran</author>
        <text>So bear with the disbelievers ˹O Prophet˺. Let them be for ˹just˺ a little while.</text>
      </translation>
    </translations>
  </verse>
</verses>
