<?xml version="1.0" encoding="UTF-8"?>

<verses>
  <verse>
    <verseIdArabic>١</verseIdArabic>
    <verseId>1</verseId>
    <chapterId>89</chapterId>
    <textIndopak>وَٱلۡفَجۡرِ</textIndopak>
    <translations>
      <translation>
        <author>Dr. Mustafa Khattab, the Clear Quran</author>
        <text>By the dawn,</text>
      </translation>
    </translations>
    <rules>[{"start": 7, "end": 9, "rule_id": 1}]</rules>
  </verse>
  <verse>
    <verseIdArabic>٢</verseIdArabic>
    <verseId>2</verseId>
    <chapterId>89</chapterId>
    <textIndopak>وَلَيَالٍ عَشۡرٖ</textIndopak>
    <translations>
      <translation>
        <author>Dr. Mustafa Khattab, the Clear Quran</author>
        <text>and the ten nights,</text>
      </translation>
    </translations>
  </verse>
  <verse>
    <verseIdArabic>٣</verseIdArabic>
    <verseId>3</verseId>
    <chapterId>89</chapterId>
    <textIndopak>وَٱلشَّفۡعِ وَٱلۡوَتۡرِ</textIndopak>
    <translations>
      <translation>
        <author>Dr. Mustafa Khattab, the Clear Quran</author>
        <text>and the even and the odd,</text>
      </translation>
    </translations>
  </verse>
  <verse>
    <verseIdArabic>٤</verseIdArabic>
    <verseId>4</verseId>
    <chapterId>89</chapterId>
    <textIndopak>وَٱلَّيۡلِ إِذَا يَسۡرِ</textIndopak>
    <translations>
      <translation>
        <author>Dr. Mustafa Khattab, the Clear Quran</author>
        <text>and the night when it passes!</text>
      </translation>
    </translations>
  </verse>
  <verse>
    <verseIdArabic>٥</verseIdArabic>
    <verseId>5</verseId>
    <chapterId>89</chapterId>
    <textIndopak>هَلۡ فِي ذَٰلِكَ قَسَمٞ لِّذِي حِجۡرٍ</textIndopak>
    <translations>
      <translation>
        <author>Dr. Mustafa Khattab, the Clear Quran</author>
        <text>Is all this ˹not˺ a sufficient oath for those who have sense?</text>
      </translation>
    </translations>
    <rules>[{"start": 33, "end": 35, "rule_id": 1}, {"start": 21, "end": 27, "rule_id": 5}]</rules>
  </verse>
  <verse>
    <verseIdArabic>٦</verseIdArabic>
    <verseId>6</verseId>
    <chapterId>89</chapterId>
    <textIndopak>أَلَمۡ تَرَ كَيۡفَ فَعَلَ رَبُّكَ بِعَادٍ</textIndopak>
    <translations>
      <translation>
        <author>Dr. Mustafa Khattab, the Clear Quran</author>
        <text>Did you not see how your Lord dealt with ’Ȃd—</text>
      </translation>
    </translations>
    <rules>[{"start": 39, "end": 41, "rule_id": 1}]</rules>
  </verse>
  <verse>
    <verseIdArabic>٧</verseIdArabic>
    <verseId>7</verseId>
    <chapterId>89</chapterId>
    <textIndopak>إِرَمَ ذَاتِ ٱلۡعِمَادِ</textIndopak>
    <translations>
      <translation>
        <author>Dr. Mustafa Khattab, the Clear Quran</author>
        <text>˹the people˺ of Iram—with ˹their˺ great stature,</text>
      </translation>
    </translations>
    <rules>[{"start": 21, "end": 23, "rule_id": 1}]</rules>
  </verse>
  <verse>
    <verseIdArabic>٨</verseIdArabic>
    <verseId>8</verseId>
    <chapterId>89</chapterId>
    <textIndopak>ٱلَّتِي لَمۡ يُخۡلَقۡ مِثۡلُهَا فِي ٱلۡبِلَٰدِ</textIndopak>
    <translations>
      <translation>
        <author>Dr. Mustafa Khattab, the Clear Quran</author>
        <text>unmatched in any other land;</text>
      </translation>
    </translations>
    <rules>[{"start": 19, "end": 21, "rule_id": 1}, {"start": 44, "end": 46, "rule_id": 1}]</rules>
  </verse>
  <verse>
    <verseIdArabic>٩</verseIdArabic>
    <verseId>9</verseId>
    <chapterId>89</chapterId>
    <textIndopak>وَثَمُودَ ٱلَّذِينَ جَابُواْ ٱلصَّخۡرَ بِٱلۡوَادِ</textIndopak>
    <translations>
      <translation>
        <author>Dr. Mustafa Khattab, the Clear Quran</author>
        <text>and Thamûd who carved ˹their homes into˺ the rocks in the ˹Stone˺ Valley;</text>
      </translation>
    </translations>
    <rules>[{"start": 47, "end": 49, "rule_id": 1}]</rules>
  </verse>
  <verse>
    <verseIdArabic>١٠</verseIdArabic>
    <verseId>10</verseId>
    <chapterId>89</chapterId>
    <textIndopak>وَفِرۡعَوۡنَ ذِي ٱلۡأَوۡتَادِ</textIndopak>
    <translations>
      <translation>
        <author>Dr. Mustafa Khattab, the Clear Quran</author>
        <text>and the Pharaoh of mighty structures?</text>
      </translation>
    </translations>
    <rules>[{"start": 27, "end": 29, "rule_id": 1}]</rules>
  </verse>
  <verse>
    <verseIdArabic>١١</verseIdArabic>
    <verseId>11</verseId>
    <chapterId>89</chapterId>
    <textIndopak>ٱلَّذِينَ طَغَوۡاْ فِي ٱلۡبِلَٰدِ</textIndopak>
    <translations>
      <translation>
        <author>Dr. Mustafa Khattab, the Clear Quran</author>
        <text>They all transgressed throughout the land,</text>
      </translation>
    </translations>
    <rules>[{"start": 31, "end": 33, "rule_id": 1}]</rules>
  </verse>
  <verse>
    <verseIdArabic>١٢</verseIdArabic>
    <verseId>12</verseId>
    <chapterId>89</chapterId>
    <textIndopak>فَأَكۡثَرُواْ فِيهَا ٱلۡفَسَادَ</textIndopak>
    <translations>
      <translation>
        <author>Dr. Mustafa Khattab, the Clear Quran</author>
        <text>spreading much corruption there.</text>
      </translation>
    </translations>
    <rules>[{"start": 29, "end": 31, "rule_id": 1}]</rules>
  </verse>
  <verse>
    <verseIdArabic>١٣</verseIdArabic>
    <verseId>13</verseId>
    <chapterId>89</chapterId>
    <textIndopak>فَصَبَّ عَلَيۡهِمۡ رَبُّكَ سَوۡطَ عَذَابٍ</textIndopak>
    <translations>
      <translation>
        <author>Dr. Mustafa Khattab, the Clear Quran</author>
        <text>So your Lord unleashed on them a scourge of punishment.</text>
      </translation>
    </translations>
    <rules>[{"start": 39, "end": 41, "rule_id": 1}]</rules>
  </verse>
  <verse>
    <verseIdArabic>١٤</verseIdArabic>
    <verseId>14</verseId>
    <chapterId>89</chapterId>
    <textIndopak>إِنَّ رَبَّكَ لَبِٱلۡمِرۡصَادِ</textIndopak>
    <translations>
      <translation>
        <author>Dr. Mustafa Khattab, the Clear Quran</author>
        <text>˹For˺ your Lord is truly vigilant.</text>
      </translation>
    </translations>
    <rules>[{"start": 2, "end": 5, "rule_id": 0}, {"start": 28, "end": 30, "rule_id": 1}]</rules>
  </verse>
  <verse>
    <verseIdArabic>١٥</verseIdArabic>
    <verseId>15</verseId>
    <chapterId>89</chapterId>
    <textIndopak>فَأَمَّا ٱلۡإِنسَٰنُ إِذَا مَا ٱبۡتَلَىٰهُ رَبُّهُۥ فَأَكۡرَمَهُۥ وَنَعَّمَهُۥ فَيَقُولُ رَبِّيٓ أَكۡرَمَنِ</textIndopak>
    <translations>
      <translation>
        <author>Dr. Mustafa Khattab, the Clear Quran</author>
        <text>Now, whenever a human being is tested by their Lord through ˹His˺ generosity and blessings, they boast, “My Lord has ˹deservedly˺ honoured me!”</text>
      </translation>
    </translations>
    <rules>[{"start": 4, "end": 7, "rule_id": 0}, {"start": 32, "end": 34, "rule_id": 1}, {"start": 14, "end": 18, "rule_id": 6}]</rules>
  </verse>
  <verse>
    <verseIdArabic>١٦</verseIdArabic>
    <verseId>16</verseId>
    <chapterId>89</chapterId>
    <textIndopak>وَأَمَّآ إِذَا مَا ٱبۡتَلَىٰهُ فَقَدَرَ عَلَيۡهِ رِزۡقَهُۥ فَيَقُولُ رَبِّيٓ أَهَٰنَنِ</textIndopak>
    <translations>
      <translation>
        <author>Dr. Mustafa Khattab, the Clear Quran</author>
        <text>But when He tests them by limiting their provision, they protest, “My Lord has ˹undeservedly˺ humiliated me!”</text>
      </translation>
    </translations>
    <rules>[{"start": 4, "end": 7, "rule_id": 0}, {"start": 21, "end": 23, "rule_id": 1}]</rules>
  </verse>
  <verse>
    <verseIdArabic>١٧</verseIdArabic>
    <verseId>17</verseId>
    <chapterId>89</chapterId>
    <textIndopak>كـَلَّاۖ بَل لَّا تُكۡرِمُونَ ٱلۡيَتِيمَ</textIndopak>
    <translations>
      <translation>
        <author>Dr. Mustafa Khattab, the Clear Quran</author>
        <text>Absolutely not! In fact, you are not ˹even˺ gracious to the orphan,</text>
      </translation>
    </translations>
  </verse>
  <verse>
    <verseIdArabic>١٨</verseIdArabic>
    <verseId>18</verseId>
    <chapterId>89</chapterId>
    <textIndopak>وَلَا تَحَٰٓضُّونَ عَلَىٰ طَعَامِ ٱلۡمِسۡكِينِ</textIndopak>
    <translations>
      <translation>
        <author>Dr. Mustafa Khattab, the Clear Quran</author>
        <text>nor do you urge one another to feed the poor.</text>
      </translation>
    </translations>
  </verse>
  <verse>
    <verseIdArabic>١٩</verseIdArabic>
    <verseId>19</verseId>
    <chapterId>89</chapterId>
    <textIndopak>وَتَأۡكُلُونَ ٱلتُّرَاثَ أَكۡلٗا لَّمّٗا</textIndopak>
    <translations>
      <translation>
        <author>Dr. Mustafa Khattab, the Clear Quran</author>
        <text>And you devour ˹others’˺ inheritance greedily,</text>
      </translation>
    </translations>
    <rules>[{"start": 36, "end": 39, "rule_id": 0}, {"start": 29, "end": 36, "rule_id": 5}]</rules>
  </verse>
  <verse>
    <verseIdArabic>٢٠</verseIdArabic>
    <verseId>20</verseId>
    <chapterId>89</chapterId>
    <textIndopak>وَتُحِبُّونَ ٱلۡمَالَ حُبّٗا جَمّٗا</textIndopak>
    <translations>
      <translation>
        <author>Dr. Mustafa Khattab, the Clear Quran</author>
        <text>and love wealth fervently.</text>
      </translation>
    </translations>
    <rules>[{"start": 31, "end": 34, "rule_id": 0}]</rules>
  </verse>
  <verse>
    <verseIdArabic>٢١</verseIdArabic>
    <verseId>21</verseId>
    <chapterId>89</chapterId>
    <textIndopak>كـَلَّآۖ إِذَا دُكَّتِ ٱلۡأَرۡضُ دَكّٗا دَكّٗا</textIndopak>
    <translations>
      <translation>
        <author>Dr. Mustafa Khattab, the Clear Quran</author>
        <text>Enough! When the earth is entirely crushed over and over,</text>
      </translation>
    </translations>
  </verse>
  <verse>
    <verseIdArabic>٢٢</verseIdArabic>
    <verseId>22</verseId>
    <chapterId>89</chapterId>
    <textIndopak>وَجَآءَ رَبُّكَ وَٱلۡمَلَكُ صَفّٗا صَفّٗا</textIndopak>
    <translations>
      <translation>
        <author>Dr. Mustafa Khattab, the Clear Quran</author>
        <text>and your Lord comes ˹to judge˺ with angels, rank upon rank,</text>
      </translation>
    </translations>
  </verse>
  <verse>
    <verseIdArabic>٢٣</verseIdArabic>
    <verseId>23</verseId>
    <chapterId>89</chapterId>
    <textIndopak>وَجِاْيٓءَ يَوۡمَئِذِۭ بِجَهَنَّمَۚ يَوۡمَئِذٖ يَتَذَكَّرُ ٱلۡإِنسَٰنُ وَأَنَّىٰ لَهُ ٱلذِّكۡرَىٰ</textIndopak>
    <translations>
      <translation>
        <author>Dr. Mustafa Khattab, the Clear Quran</author>
        <text>and Hell is brought forth on that Day—this is when every ˹disbelieving˺ person will remember ˹their own sins˺. But what is the use of remembering then?</text>
      </translation>
    </translations>
    <rules>[{"start": 29, "end": 32, "rule_id": 0}, {"start": 76, "end": 79, "rule_id": 0}, {"start": 19, "end": 25, "rule_id": 2}, {"start": 45, "end": 50, "rule_id": 3}, {"start": 65, "end": 69, "rule_id": 6}]</rules>
  </verse>
  <verse>
    <verseIdArabic>٢٤</verseIdArabic>
    <verseId>24</verseId>
    <chapterId>89</chapterId>
    <textIndopak>يَقُولُ يَٰلَيۡتَنِي قَدَّمۡتُ لِحَيَاتِي</textIndopak>
    <translations>
      <translation>
        <author>Dr. Mustafa Khattab, the Clear Quran</author>
        <text>They will cry, “I wish I had sent forth ˹something good˺ for my ˹true˺ life.”</text>
      </translation>
    </translations>
  </verse>
  <verse>
    <verseIdArabic>٢٥</verseIdArabic>
    <verseId>25</verseId>
    <chapterId>89</chapterId>
    <textIndopak>فَيَوۡمَئِذٖ لَّا يُعَذِّبُ عَذَابَهُۥٓ أَحَدٞ</textIndopak>
    <translations>
      <translation>
        <author>Dr. Mustafa Khattab, the Clear Quran</author>
        <text>On that Day He will punish ˹them˺ severely, like no other,</text>
      </translation>
    </translations>
    <rules>[{"start": 44, "end": 46, "rule_id": 1}, {"start": 10, "end": 16, "rule_id": 5}]</rules>
  </verse>
  <verse>
    <verseIdArabic>٢٦</verseIdArabic>
    <verseId>26</verseId>
    <chapterId>89</chapterId>
    <textIndopak>وَلَا يُوثِقُ وَثَاقَهُۥٓ أَحَدٞ</textIndopak>
    <translations>
      <translation>
        <author>Dr. Mustafa Khattab, the Clear Quran</author>
        <text>and bind ˹them˺ tightly, like no other.</text>
      </translation>
    </translations>
    <rules>[{"start": 30, "end": 32, "rule_id": 1}]</rules>
  </verse>
  <verse>
    <verseIdArabic>٢٧</verseIdArabic>
    <verseId>27</verseId>
    <chapterId>89</chapterId>
    <textIndopak>يَٰٓأَيَّتُهَا ٱلنَّفۡسُ ٱلۡمُطۡمَئِنَّةُ</textIndopak>
    <translations>
      <translation>
        <author>Dr. Mustafa Khattab, the Clear Quran</author>
        <text>˹Allah will say to the righteous,˺ “O tranquil soul!</text>
      </translation>
    </translations>
    <rules>[{"start": 17, "end": 20, "rule_id": 0}, {"start": 36, "end": 39, "rule_id": 0}, {"start": 30, "end": 32, "rule_id": 1}]</rules>
  </verse>
  <verse>
    <verseIdArabic>٢٨</verseIdArabic>
    <verseId>28</verseId>
    <chapterId>89</chapterId>
    <textIndopak>ٱرۡجِعِيٓ إِلَىٰ رَبِّكِ رَاضِيَةٗ مَّرۡضِيَّةٗ</textIndopak>
    <translations>
      <translation>
        <author>Dr. Mustafa Khattab, the Clear Quran</author>
        <text>Return to your Lord, well pleased ˹with Him˺ and well pleasing ˹to Him˺.</text>
      </translation>
    </translations>
    <rules>[{"start": 35, "end": 38, "rule_id": 0}, {"start": 32, "end": 38, "rule_id": 3}]</rules>
  </verse>
  <verse>
    <verseIdArabic>٢٩</verseIdArabic>
    <verseId>29</verseId>
    <chapterId>89</chapterId>
    <textIndopak>فَٱدۡخُلِي فِي عِبَٰدِي</textIndopak>
    <translations>
      <translation>
        <author>Dr. Mustafa Khattab, the Clear Quran</author>
        <text>So join My servants,</text>
      </translation>
    </translations>
    <rules>[{"start": 3, "end": 5, "rule_id": 1}]</rules>
  </verse>
  <verse>
    <verseIdArabic>٣٠</verseIdArabic>
    <verseId>30</verseId>
    <chapterId>89</chapterId>
    <textIndopak>وَٱدۡخُلِي جَنَّتِي</textIndopak>
    <translations>
      <translation>
        <author>Dr. Mustafa Khattab, the Clear Quran</author>
        <text>and enter My Paradise.”</text>
      </translation>
    </translations>
    <rules>[{"start": 13, "end": 16, "rule_id": 0}, {"start": 3, "end": 5, "rule_id": 1}]</rules>
  </verse>
</verses>
