<?xml version="1.0" encoding="UTF-8"?>

<verses>
  <verse>
    <verseIdArabic>١</verseIdArabic>
    <verseId>1</verseId>
    <chapterId>91</chapterId>
    <textIndopak>وَٱلشَّمۡسِ وَضُحَىٰهَا</textIndopak>
    <translations>
      <translation>
        <author>Dr. Mustafa Khattab, the Clear Quran</author>
        <text>By the sun and its brightness,</text>
      </translation>
    </translations>
  </verse>
  <verse>
    <verseIdArabic>٢</verseIdArabic>
    <verseId>2</verseId>
    <chapterId>91</chapterId>
    <textIndopak>وَٱلۡقَمَرِ إِذَا تَلَىٰهَا</textIndopak>
    <translations>
      <translation>
        <author>Dr. Mustafa Khattab, the Clear Quran</author>
        <text>and the moon as it follows it,</text>
      </translation>
    </translations>
  </verse>
  <verse>
    <verseIdArabic>٣</verseIdArabic>
    <verseId>3</verseId>
    <chapterId>91</chapterId>
    <textIndopak>وَٱلنَّهَارِ إِذَا جَلَّىٰهَا</textIndopak>
    <translations>
      <translation>
        <author>Dr. Mustafa Khattab, the Clear Quran</author>
        <text>and the day as it unveils it,</text>
      </translation>
    </translations>
    <rules>[{"start": 4, "end": 7, "rule_id": 0}]</rules>
  </verse>
  <verse>
    <verseIdArabic>٤</verseIdArabic>
    <verseId>4</verseId>
    <chapterId>91</chapterId>
    <textIndopak>وَٱلَّيۡلِ إِذَا يَغۡشَىٰهَا</textIndopak>
    <translations>
      <translation>
        <author>Dr. Mustafa Khattab, the Clear Quran</author>
        <text>and the night as it conceals it!</text>
      </translation>
    </translations>
  </verse>
  <verse>
    <verseIdArabic>٥</verseIdArabic>
    <verseId>5</verseId>
    <chapterId>91</chapterId>
    <textIndopak>وَٱلسَّمَآءِ وَمَا بَنَىٰهَا</textIndopak>
    <translations>
      <translation>
        <author>Dr. Mustafa Khattab, the Clear Quran</author>
        <text>And by heaven and ˹the One˺ Who built it,</text>
      </translation>
    </translations>
  </verse>
  <verse>
    <verseIdArabic>٦</verseIdArabic>
    <verseId>6</verseId>
    <chapterId>91</chapterId>
    <textIndopak>وَٱلۡأَرۡضِ وَمَا طَحَىٰهَا</textIndopak>
    <translations>
      <translation>
        <author>Dr. Mustafa Khattab, the Clear Quran</author>
        <text>and the earth and ˹the One˺ Who spread it!</text>
      </translation>
    </translations>
  </verse>
  <verse>
    <verseIdArabic>٧</verseIdArabic>
    <verseId>7</verseId>
    <chapterId>91</chapterId>
    <textIndopak>وَنَفۡسٖ وَمَا سَوَّىٰهَا</textIndopak>
    <translations>
      <translation>
        <author>Dr. Mustafa Khattab, the Clear Quran</author>
        <text>And by the soul and ˹the One˺ Who fashioned it,</text>
      </translation>
    </translations>
    <rules>[{"start": 6, "end": 11, "rule_id": 3}]</rules>
  </verse>
  <verse>
    <verseIdArabic>٨</verseIdArabic>
    <verseId>8</verseId>
    <chapterId>91</chapterId>
    <textIndopak>فَأَلۡهَمَهَا فُجُورَهَا وَتَقۡوَىٰهَا</textIndopak>
    <translations>
      <translation>
        <author>Dr. Mustafa Khattab, the Clear Quran</author>
        <text>then with ˹the knowledge of˺ right and wrong inspired it!</text>
      </translation>
    </translations>
    <rules>[{"start": 29, "end": 31, "rule_id": 1}]</rules>
  </verse>
  <verse>
    <verseIdArabic>٩</verseIdArabic>
    <verseId>9</verseId>
    <chapterId>91</chapterId>
    <textIndopak>قَدۡ أَفۡلَحَ مَن زَكَّىٰهَا</textIndopak>
    <translations>
      <translation>
        <author>Dr. Mustafa Khattab, the Clear Quran</author>
        <text>Successful indeed is the one who purifies their soul,</text>
      </translation>
    </translations>
    <rules>[{"start": 2, "end": 4, "rule_id": 1}, {"start": 16, "end": 20, "rule_id": 6}]</rules>
  </verse>
  <verse>
    <verseIdArabic>١٠</verseIdArabic>
    <verseId>10</verseId>
    <chapterId>91</chapterId>
    <textIndopak>وَقَدۡ خَابَ مَن دَسَّىٰهَا</textIndopak>
    <translations>
      <translation>
        <author>Dr. Mustafa Khattab, the Clear Quran</author>
        <text>and doomed is the one who corrupts it!</text>
      </translation>
    </translations>
    <rules>[{"start": 4, "end": 6, "rule_id": 1}, {"start": 15, "end": 19, "rule_id": 6}]</rules>
  </verse>
  <verse>
    <verseIdArabic>١١</verseIdArabic>
    <verseId>11</verseId>
    <chapterId>91</chapterId>
    <textIndopak>كَذَّبَتۡ ثَمُودُ بِطَغۡوَىٰهَآ</textIndopak>
    <translations>
      <translation>
        <author>Dr. Mustafa Khattab, the Clear Quran</author>
        <text>Thamûd rejected ˹the truth˺ out of arrogance,</text>
      </translation>
    </translations>
  </verse>
  <verse>
    <verseIdArabic>١٢</verseIdArabic>
    <verseId>12</verseId>
    <chapterId>91</chapterId>
    <textIndopak>إِذِ ٱنۢبَعَثَ أَشۡقَىٰهَا</textIndopak>
    <translations>
      <translation>
        <author>Dr. Mustafa Khattab, the Clear Quran</author>
        <text>when the most wicked of them was roused ˹to kill the she-camel˺.</text>
      </translation>
    </translations>
    <rules>[{"start": 6, "end": 10, "rule_id": 2}]</rules>
  </verse>
  <verse>
    <verseIdArabic>١٣</verseIdArabic>
    <verseId>13</verseId>
    <chapterId>91</chapterId>
    <textIndopak>فَقَالَ لَهُمۡ رَسُولُ ٱللَّهِ نَاقَةَ ٱللَّهِ وَسُقۡيَٰهَا</textIndopak>
    <translations>
      <translation>
        <author>Dr. Mustafa Khattab, the Clear Quran</author>
        <text>But the messenger of Allah warned them, “˹Do not disturb˺ Allah’s camel and her ˹turn to˺ drink!”</text>
      </translation>
    </translations>
    <rules>[{"start": 51, "end": 53, "rule_id": 1}]</rules>
  </verse>
  <verse>
    <verseIdArabic>١٤</verseIdArabic>
    <verseId>14</verseId>
    <chapterId>91</chapterId>
    <textIndopak>فَكَذَّبُوهُ فَعَقَرُوهَا فَدَمۡدَمَ عَلَيۡهِمۡ رَبُّهُم بِذَنۢبِهِمۡ فَسَوَّىٰهَا</textIndopak>
    <translations>
      <translation>
        <author>Dr. Mustafa Khattab, the Clear Quran</author>
        <text>Still they defied him and slaughtered her. So their Lord crushed them for their crime, levelling all to the ground.</text>
      </translation>
    </translations>
    <rules>[{"start": 61, "end": 65, "rule_id": 2}, {"start": 55, "end": 59, "rule_id": 7}]</rules>
  </verse>
  <verse>
    <verseIdArabic>١٥</verseIdArabic>
    <verseId>15</verseId>
    <chapterId>91</chapterId>
    <textIndopak>وَلَا يَخَافُ عُقۡبَٰهَا</textIndopak>
    <translations>
      <translation>
        <author>Dr. Mustafa Khattab, the Clear Quran</author>
        <text>He has no fear of consequences.</text>
      </translation>
    </translations>
    <rules>[{"start": 16, "end": 18, "rule_id": 1}]</rules>
  </verse>
</verses>
