<?xml version="1.0" encoding="UTF-8"?>

<verses>
  <verse>
    <verseIdArabic>١</verseIdArabic>
    <verseId>1</verseId>
    <chapterId>94</chapterId>
    <textIndopak>أَلَمۡ نَشۡرَحۡ لَكَ صَدۡرَكَ</textIndopak>
    <translations>
      <translation>
        <author>Dr. Mustafa Khattab, the Clear Quran</author>
        <text>Have We not uplifted your heart for you ˹O Prophet˺,</text>
      </translation>
    </translations>
    <rules>[{"start": 23, "end": 25, "rule_id": 1}]</rules>
  </verse>
  <verse>
    <verseIdArabic>٢</verseIdArabic>
    <verseId>2</verseId>
    <chapterId>94</chapterId>
    <textIndopak>وَوَضَعۡنَا عَنكَ وِزۡرَكَ</textIndopak>
    <translations>
      <translation>
        <author>Dr. Mustafa Khattab, the Clear Quran</author>
        <text>relieved you of the burden</text>
      </translation>
    </translations>
    <rules>[{"start": 14, "end": 17, "rule_id": 6}]</rules>
  </verse>
  <verse>
    <verseIdArabic>٣</verseIdArabic>
    <verseId>3</verseId>
    <chapterId>94</chapterId>
    <textIndopak>ٱلَّذِيٓ أَنقَضَ ظَهۡرَكَ</textIndopak>
    <translations>
      <translation>
        <author>Dr. Mustafa Khattab, the Clear Quran</author>
        <text>which weighed so heavily on your back,</text>
      </translation>
    </translations>
    <rules>[{"start": 11, "end": 14, "rule_id": 6}]</rules>
  </verse>
  <verse>
    <verseIdArabic>٤</verseIdArabic>
    <verseId>4</verseId>
    <chapterId>94</chapterId>
    <textIndopak>وَرَفَعۡنَا لَكَ ذِكۡرَكَ</textIndopak>
    <translations>
      <translation>
        <author>Dr. Mustafa Khattab, the Clear Quran</author>
        <text>and elevated your renown for you?</text>
      </translation>
    </translations>
  </verse>
  <verse>
    <verseIdArabic>٥</verseIdArabic>
    <verseId>5</verseId>
    <chapterId>94</chapterId>
    <textIndopak>فَإِنَّ مَعَ ٱلۡعُسۡرِ يُسۡرًا</textIndopak>
    <translations>
      <translation>
        <author>Dr. Mustafa Khattab, the Clear Quran</author>
        <text>So, surely with hardship comes ease.</text>
      </translation>
    </translations>
    <rules>[{"start": 4, "end": 7, "rule_id": 0}]</rules>
  </verse>
  <verse>
    <verseIdArabic>٦</verseIdArabic>
    <verseId>6</verseId>
    <chapterId>94</chapterId>
    <textIndopak>إِنَّ مَعَ ٱلۡعُسۡرِ يُسۡرٗا</textIndopak>
    <translations>
      <translation>
        <author>Dr. Mustafa Khattab, the Clear Quran</author>
        <text>Surely with ˹that˺ hardship comes ˹more˺ ease.</text>
      </translation>
    </translations>
    <rules>[{"start": 2, "end": 5, "rule_id": 0}]</rules>
  </verse>
  <verse>
    <verseIdArabic>٧</verseIdArabic>
    <verseId>7</verseId>
    <chapterId>94</chapterId>
    <textIndopak>فَإِذَا فَرَغۡتَ فَٱنصَبۡ</textIndopak>
    <translations>
      <translation>
        <author>Dr. Mustafa Khattab, the Clear Quran</author>
        <text>So once you have fulfilled ˹your duty˺, strive ˹in devotion˺,</text>
      </translation>
    </translations>
    <rules>[{"start": 23, "end": 25, "rule_id": 1}, {"start": 20, "end": 23, "rule_id": 6}]</rules>
  </verse>
  <verse>
    <verseIdArabic>٨</verseIdArabic>
    <verseId>8</verseId>
    <chapterId>94</chapterId>
    <textIndopak>وَإِلَىٰ رَبِّكَ فَٱرۡغَب</textIndopak>
    <translations>
      <translation>
        <author>Dr. Mustafa Khattab, the Clear Quran</author>
        <text>turning to your Lord ˹alone˺ with hope.</text>
      </translation>
    </translations>
    <rules>[{"start": 24, "end": 25, "rule_id": 1}]</rules>
  </verse>
</verses>
