<?xml version="1.0" encoding="UTF-8"?>

<verses>
  <verse>
    <verseIdArabic>١</verseIdArabic>
    <verseId>1</verseId>
    <chapterId>96</chapterId>
    <textIndopak>ٱقۡرَأۡ بِٱسۡمِ رَبِّكَ ٱلَّذِي خَلَقَ</textIndopak>
    <translations>
      <translation>
        <author>Dr. Mustafa Khattab, the Clear Quran</author>
        <text>Read, ˹O Prophet,˺ in the Name of your Lord Who created—</text>
      </translation>
    </translations>
    <rules>[{"start": 1, "end": 3, "rule_id": 1}, {"start": 36, "end": 38, "rule_id": 1}]</rules>
  </verse>
  <verse>
    <verseIdArabic>٢</verseIdArabic>
    <verseId>2</verseId>
    <chapterId>96</chapterId>
    <textIndopak>خَلَقَ ٱلۡإِنسَٰنَ مِنۡ عَلَقٍ</textIndopak>
    <translations>
      <translation>
        <author>Dr. Mustafa Khattab, the Clear Quran</author>
        <text>created humans from a clinging clot.</text>
      </translation>
    </translations>
    <rules>[{"start": 28, "end": 30, "rule_id": 1}, {"start": 12, "end": 16, "rule_id": 6}]</rules>
  </verse>
  <verse>
    <verseIdArabic>٣</verseIdArabic>
    <verseId>3</verseId>
    <chapterId>96</chapterId>
    <textIndopak>ٱقۡرَأۡ وَرَبُّكَ ٱلۡأَكۡرَمُ</textIndopak>
    <translations>
      <translation>
        <author>Dr. Mustafa Khattab, the Clear Quran</author>
        <text>Read! And your Lord is the Most Generous,</text>
      </translation>
    </translations>
    <rules>[{"start": 1, "end": 3, "rule_id": 1}]</rules>
  </verse>
  <verse>
    <verseIdArabic>٤</verseIdArabic>
    <verseId>4</verseId>
    <chapterId>96</chapterId>
    <textIndopak>ٱلَّذِي عَلَّمَ بِٱلۡقَلَمِ</textIndopak>
    <translations>
      <translation>
        <author>Dr. Mustafa Khattab, the Clear Quran</author>
        <text>Who taught by the pen—</text>
      </translation>
    </translations>
  </verse>
  <verse>
    <verseIdArabic>٥</verseIdArabic>
    <verseId>5</verseId>
    <chapterId>96</chapterId>
    <textIndopak>عَلَّمَ ٱلۡإِنسَٰنَ مَا لَمۡ يَعۡلَمۡ</textIndopak>
    <translations>
      <translation>
        <author>Dr. Mustafa Khattab, the Clear Quran</author>
        <text>taught humanity what they knew not.</text>
      </translation>
    </translations>
    <rules>[{"start": 13, "end": 17, "rule_id": 6}]</rules>
  </verse>
  <verse>
    <verseIdArabic>٦</verseIdArabic>
    <verseId>6</verseId>
    <chapterId>96</chapterId>
    <textIndopak>كـَلَّآ إِنَّ ٱلۡإِنسَٰنَ لَيَطۡغَىٰٓ</textIndopak>
    <translations>
      <translation>
        <author>Dr. Mustafa Khattab, the Clear Quran</author>
        <text>Most certainly, one exceeds all bounds</text>
      </translation>
    </translations>
    <rules>[{"start": 10, "end": 13, "rule_id": 0}, {"start": 30, "end": 32, "rule_id": 1}, {"start": 19, "end": 23, "rule_id": 6}]</rules>
  </verse>
  <verse>
    <verseIdArabic>٧</verseIdArabic>
    <verseId>7</verseId>
    <chapterId>96</chapterId>
    <textIndopak>أَن رَّءَاهُ ٱسۡتَغۡنَىٰٓ</textIndopak>
    <translations>
      <translation>
        <author>Dr. Mustafa Khattab, the Clear Quran</author>
        <text>once they think they are self-sufficient.</text>
      </translation>
    </translations>
    <rules>[{"start": 2, "end": 7, "rule_id": 5}]</rules>
  </verse>
  <verse>
    <verseIdArabic>٨</verseIdArabic>
    <verseId>8</verseId>
    <chapterId>96</chapterId>
    <textIndopak>إِنَّ إِلَىٰ رَبِّكَ ٱلرُّجۡعَىٰٓ</textIndopak>
    <translations>
      <translation>
        <author>Dr. Mustafa Khattab, the Clear Quran</author>
        <text>˹But˺ surely to your Lord is the return ˹of all˺.</text>
      </translation>
    </translations>
    <rules>[{"start": 2, "end": 5, "rule_id": 0}, {"start": 26, "end": 28, "rule_id": 1}]</rules>
  </verse>
  <verse>
    <verseIdArabic>٩</verseIdArabic>
    <verseId>9</verseId>
    <chapterId>96</chapterId>
    <textIndopak>أَرَءَيۡتَ ٱلَّذِي يَنۡهَىٰ</textIndopak>
    <translations>
      <translation>
        <author>Dr. Mustafa Khattab, the Clear Quran</author>
        <text>Have you seen the man who prevents</text>
      </translation>
    </translations>
  </verse>
  <verse>
    <verseIdArabic>١٠</verseIdArabic>
    <verseId>10</verseId>
    <chapterId>96</chapterId>
    <textIndopak>عَبۡدًا إِذَا صَلَّىٰٓ</textIndopak>
    <translations>
      <translation>
        <author>Dr. Mustafa Khattab, the Clear Quran</author>
        <text>a servant ˹of Ours˺ from praying?</text>
      </translation>
    </translations>
    <rules>[{"start": 2, "end": 4, "rule_id": 1}]</rules>
  </verse>
  <verse>
    <verseIdArabic>١١</verseIdArabic>
    <verseId>11</verseId>
    <chapterId>96</chapterId>
    <textIndopak>أَرَءَيۡتَ إِن كَانَ عَلَى ٱلۡهُدَىٰٓ</textIndopak>
    <translations>
      <translation>
        <author>Dr. Mustafa Khattab, the Clear Quran</author>
        <text>What if this ˹servant˺ is ˹rightly˺ guided,</text>
      </translation>
    </translations>
    <rules>[{"start": 13, "end": 17, "rule_id": 6}]</rules>
  </verse>
  <verse>
    <verseIdArabic>١٢</verseIdArabic>
    <verseId>12</verseId>
    <chapterId>96</chapterId>
    <textIndopak>أَوۡ أَمَرَ بِٱلتَّقۡوَىٰٓ</textIndopak>
    <translations>
      <translation>
        <author>Dr. Mustafa Khattab, the Clear Quran</author>
        <text>or encourages righteousness?</text>
      </translation>
    </translations>
    <rules>[{"start": 19, "end": 21, "rule_id": 1}]</rules>
  </verse>
  <verse>
    <verseIdArabic>١٣</verseIdArabic>
    <verseId>13</verseId>
    <chapterId>96</chapterId>
    <textIndopak>أَرَءَيۡتَ إِن كَذَّبَ وَتَوَلَّىٰٓ</textIndopak>
    <translations>
      <translation>
        <author>Dr. Mustafa Khattab, the Clear Quran</author>
        <text>What if that ˹man˺ persists in denial and turns away?</text>
      </translation>
    </translations>
    <rules>[{"start": 13, "end": 17, "rule_id": 6}]</rules>
  </verse>
  <verse>
    <verseIdArabic>١٤</verseIdArabic>
    <verseId>14</verseId>
    <chapterId>96</chapterId>
    <textIndopak>أَلَمۡ يَعۡلَم بِأَنَّ ٱللَّهَ يَرَىٰ</textIndopak>
    <translations>
      <translation>
        <author>Dr. Mustafa Khattab, the Clear Quran</author>
        <text>Does he not know that Allah sees ˹all˺?</text>
      </translation>
    </translations>
    <rules>[{"start": 19, "end": 22, "rule_id": 0}, {"start": 13, "end": 17, "rule_id": 7}]</rules>
  </verse>
  <verse>
    <verseIdArabic>١٥</verseIdArabic>
    <verseId>15</verseId>
    <chapterId>96</chapterId>
    <textIndopak>كـَلَّا لَئِن لَّمۡ يَنتَهِ لَنَسۡفَعَۢا بِٱلنَّاصِيَةِ</textIndopak>
    <translations>
      <translation>
        <author>Dr. Mustafa Khattab, the Clear Quran</author>
        <text>But no! If he does not desist, We will certainly drag him by the forelock—</text>
      </translation>
    </translations>
    <rules>[{"start": 44, "end": 47, "rule_id": 0}, {"start": 11, "end": 16, "rule_id": 5}, {"start": 21, "end": 24, "rule_id": 6}]</rules>
  </verse>
  <verse>
    <verseIdArabic>١٦</verseIdArabic>
    <verseId>16</verseId>
    <chapterId>96</chapterId>
    <textIndopak>نَاصِيَةٖ كَٰذِبَةٍ خَاطِئَةٖ</textIndopak>
    <translations>
      <translation>
        <author>Dr. Mustafa Khattab, the Clear Quran</author>
        <text>a lying, sinful forelock.</text>
      </translation>
    </translations>
    <rules>[{"start": 7, "end": 13, "rule_id": 6}]</rules>
  </verse>
  <verse>
    <verseIdArabic>١٧</verseIdArabic>
    <verseId>17</verseId>
    <chapterId>96</chapterId>
    <textIndopak>فَلۡيَدۡعُ نَادِيَهُۥ</textIndopak>
    <translations>
      <translation>
        <author>Dr. Mustafa Khattab, the Clear Quran</author>
        <text>So let him call his associates.</text>
      </translation>
    </translations>
    <rules>[{"start": 6, "end": 8, "rule_id": 1}]</rules>
  </verse>
  <verse>
    <verseIdArabic>١٨</verseIdArabic>
    <verseId>18</verseId>
    <chapterId>96</chapterId>
    <textIndopak>سَنَدۡعُ ٱلزَّبَانِيَةَ</textIndopak>
    <translations>
      <translation>
        <author>Dr. Mustafa Khattab, the Clear Quran</author>
        <text>We will call the wardens of Hell.</text>
      </translation>
    </translations>
    <rules>[{"start": 4, "end": 6, "rule_id": 1}]</rules>
  </verse>
  <verse>
    <verseIdArabic>١٩</verseIdArabic>
    <verseId>19</verseId>
    <chapterId>96</chapterId>
    <textIndopak>كـَلَّا لَا تُطِعۡهُ وَٱسۡجُدۡۤ وَٱقۡتَرِب۩</textIndopak>
    <translations>
      <translation>
        <author>Dr. Mustafa Khattab, the Clear Quran</author>
        <text>Again, no! Never obey him ˹O Prophet˺! Rather, ˹continue to˺ prostrate and draw near ˹to Allah˺.</text>
      </translation>
    </translations>
    <rules>[{"start": 27, "end": 29, "rule_id": 1}, {"start": 33, "end": 35, "rule_id": 1}]</rules>
  </verse>
</verses>
