<?xml version="1.0" encoding="UTF-8"?>

<verses>
  <verse>
    <verseIdArabic>١</verseIdArabic>
    <verseId>1</verseId>
    <chapterId>97</chapterId>
    <textIndopak>إِنَّآ أَنزَلۡنَٰهُ فِي لَيۡلَةِ ٱلۡقَدۡرِ</textIndopak>
    <translations>
      <translation>
        <author>Dr. Mustafa Khattab, the Clear Quran</author>
        <text>Indeed, ˹it is˺ We ˹Who˺ sent this ˹Quran˺ down on the Night of Glory.</text>
      </translation>
    </translations>
    <rules>[{"start": 3, "end": 6, "rule_id": 0}, {"start": 40, "end": 42, "rule_id": 1}, {"start": 11, "end": 14, "rule_id": 6}]</rules>
  </verse>
  <verse>
    <verseIdArabic>٢</verseIdArabic>
    <verseId>2</verseId>
    <chapterId>97</chapterId>
    <textIndopak>وَمَآ أَدۡرَىٰكَ مَا لَيۡلَةُ ٱلۡقَدۡرِ</textIndopak>
    <translations>
      <translation>
        <author>Dr. Mustafa Khattab, the Clear Quran</author>
        <text>And what will make you realize what the Night of Glory is?</text>
      </translation>
    </translations>
    <rules>[{"start": 9, "end": 11, "rule_id": 1}, {"start": 36, "end": 38, "rule_id": 1}]</rules>
  </verse>
  <verse>
    <verseIdArabic>٣</verseIdArabic>
    <verseId>3</verseId>
    <chapterId>97</chapterId>
    <textIndopak>لَيۡلَةُ ٱلۡقَدۡرِ خَيۡرٞ مِّنۡ أَلۡفِ شَهۡرٖ</textIndopak>
    <translations>
      <translation>
        <author>Dr. Mustafa Khattab, the Clear Quran</author>
        <text>The Night of Glory is better than a thousand months.</text>
      </translation>
    </translations>
    <rules>[{"start": 26, "end": 29, "rule_id": 0}, {"start": 14, "end": 16, "rule_id": 1}, {"start": 23, "end": 29, "rule_id": 3}]</rules>
  </verse>
  <verse>
    <verseIdArabic>٤</verseIdArabic>
    <verseId>4</verseId>
    <chapterId>97</chapterId>
    <textIndopak>تَنَزَّلُ ٱلۡمَلَٰٓئِكَةُ وَٱلرُّوحُ فِيهَا بِإِذۡنِ رَبِّهِم مِّن كُلِّ أَمۡرٖ</textIndopak>
    <translations>
      <translation>
        <author>Dr. Mustafa Khattab, the Clear Quran</author>
        <text>That night the angels and the ˹holy˺ spirit descend, by the permission of their Lord, for every ˹decreed˺ matter.</text>
      </translation>
    </translations>
    <rules>[{"start": 62, "end": 65, "rule_id": 0}, {"start": 60, "end": 65, "rule_id": 4}, {"start": 65, "end": 69, "rule_id": 6}]</rules>
  </verse>
  <verse>
    <verseIdArabic>٥</verseIdArabic>
    <verseId>5</verseId>
    <chapterId>97</chapterId>
    <textIndopak>سَلَٰمٌ هِيَ حَتَّىٰ مَطۡلَعِ ٱلۡفَجۡرِ</textIndopak>
    <translations>
      <translation>
        <author>Dr. Mustafa Khattab, the Clear Quran</author>
        <text>It is all peace until the break of dawn.</text>
      </translation>
    </translations>
    <rules>[{"start": 23, "end": 25, "rule_id": 1}, {"start": 35, "end": 37, "rule_id": 1}]</rules>
  </verse>
</verses>
